###################################################################
# CRYSTAL23 - Pcrystal
# Number of cores requested:  32
# Script started on:          node05
# Temporary directory:        /scratch/users/gulian/tmp_p1212053
#
# Input file:                 mgo-b3lyp-soec_p-08.d12
MGO Bulk - B3LYP/POB-TZVP - Elastic constant calculation - P -8 GPa
CRYSTAL
0 0 0
 225
4.22814520 
 2
12     0.000000000000E+00  0.000000000000E+00  0.000000000000E+00
 8     5.000000000000E-01  5.000000000000E-01  5.000000000000E-01
ELASTCON
PRESSURE
-8
PREOPTGEOM
ENDELAST
BASISSET
POB-TZVP
DFT
B3LYP
XLGRID
ENDDFT
SCFDIR
BIPOSIZE
16000000
EXCHSIZE
16000000
TOLDEE
8
TOLINTEG
9 9 9 9 18
SHRINK
12 12
END
#
###################################################################

lun 20 lug 2026, 14:55:59, CEST
 PROCESS           26  OF           32  WORKING
 PROCESS            4  OF           32  WORKING
 PROCESS            9  OF           32  WORKING
 PROCESS           12  OF           32  WORKING
 PROCESS            3  OF           32  WORKING
 PROCESS           22  OF           32  WORKING
 PROCESS            7  OF           32  WORKING
 PROCESS           23  OF           32  WORKING
 PROCESS           20  OF           32  WORKING
 PROCESS           21  OF           32  WORKING
 PROCESS            6  OF           32  WORKING
 PROCESS           27  OF           32  WORKING
 PROCESS           31  OF           32  WORKING
 PROCESS           24  OF           32  WORKING
 PROCESS           25  OF           32  WORKING
 PROCESS           18  OF           32  WORKING
 PROCESS           19  OF           32  WORKING
 PROCESS            2  OF           32  WORKING
 PROCESS           13  OF           32  WORKING
 PROCESS            5  OF           32  WORKING
 PROCESS           16  OF           32  WORKING
 PROCESS           30  OF           32  WORKING
 PROCESS           17  OF           32  WORKING
 PROCESS           29  OF           32  WORKING
 PROCESS           28  OF           32  WORKING
 PROCESS            8  OF           32  WORKING
 PROCESS           15  OF           32  WORKING
 PROCESS           10  OF           32  WORKING
 PROCESS           11  OF           32  WORKING
 PROCESS           14  OF           32  WORKING
 PROCESS            1  OF           32  WORKING
 PROCESS            0  OF           32  WORKING

         
 *******************************************************************************
 *                                                                             *
 *                               CRYSTAL23                                     *
 *                      public : 1.0.1 - October 2022                          *
 *                       HTTP://WWW.CRYSTAL.UNITO.IT                           *
 *                                                                             *
 *                              MAIN AUTHORS                                   *
 *                                                                             *
 *  R. DOVESI(1,11), V.R. SAUNDERS(2), C. ROETTI(1,11), R. ORLANDO(1,11),      *
 *  C.M. ZICOVICH-WILSON(1,3), F. PASCALE(4), B. CIVALLERI(1,11),              *
 *  K. DOLL(5), N.M. HARRISON(6), I.J. BUSH(7), Ph. D'ARCO(8),                 *
 *  M. LLUNELL(9), M. CAUSA'(10), Y. NOEL(8), L. MASCHIO(1,11), A. ERBA(1,11)  *
 *  M. RE'RAT(14), S. CASASSA(1,11), B.G. SEARLE(2), J.K. DESMARAIS(1)         *
 *                                                                             *
 *        CONTRIBUTIONS TO THE CODE HAVE ALSO BEEN GIVEN BY                    *
 *                                                                             *
 *  M. FERRABONE(1,11), M. DE LA PIERRE(1,11), M. FERRERO(1,11),               *
 *  J. BAIMA(1,11), E. ALBANESE(1,11), M.F. PEINTINGER(12), R. BAST(13),       *
 *  B. KIRTMAN(15), V. LACIVITA(1,11), R. DEMICHELIS(1,16)                     *
 *  G. BRANDEBURG(17), S. SALUSTRO(1,11), G. SANSONE(1,11)                     *
 *  M.T. RUGGIERO(18), L.E. DAGA(1), L. DONA'(1), A. COSSARD(1)                *
 *                                                                             *
 * (1) THEORETICAL CHEMISTRY GROUP - UNIVERSITA' DI TORINO - TORINO (ITALY)    *
 * (2) SCIENTIFIC COMPUTING DEPARTMENT - STFC DARESBURY (UK)                   *
 * (3) UNIVERSIDAD AUTONOMA DEL ESTADO DE MORELOS - CUERNAVACA (MEXICO)        *
 * (4) UNIVERSITE' DE LORRAINE - NANCY (FRANCE)                                *
 * (5) UNIVERSITAET STUTTGART- STUTTGART (GERMANY)                             *
 * (6) IMPERIAL COLLEGE - LONDON (UK)                                          *
 * (7) SCIENTIFIC COMPUTING DEPARTMENT - STFC RAL (UK)                         *
 * (8) UPMC - SORBONNE UNIVERSITES - PARIS (FRANCE)                            *
 * (9) UNIVERSIDAD DE BARCELONA - BARCELONA (SPAIN)                            *
 *(10) UNIVERSITA' DI NAPOLI "FEDERICO II" - NAPOLI (ITALY)                    *
 *(11) NIS - NANOSTRUCTURED INTERFACES AND SURFACES - TORINO (ITALY)           *
 *(12) MPI FUER CHEMISCHE ENERGIEKONVERSION - MUELHEIM AN DER RUHR (GERMANY)   *
 *(13) UNIVERSITY OF TROMSO - TROMSO (NORWAY)                                  *
 *(14) UNIVERSITE' DE PAU ET DES PAYS DE L'ADOUR - PAU (FRANCE)                *
 *(15) UNIVERSITY OF CALIFORNIA SANTA BARBARA - SANTA BARBARA (USA)            *
 *(16) CURTIN UNIVERSITY - PERTH (AUSTRALIA)                                   *
 *(17) UNIVERSITY COLLEGE LONDON - LONDON (UK)                                 *
 *(18) UNIVERSITY OF VERMONT - BURLINGTON (USA)                                *
 *                                                                             *
 *******************************************************************************
 EEEEEEEEEE STARTING  DATE 20 07 2026 TIME 14:55:59.9
 MGO Bulk - B3LYP/POB-TZVP - Elastic constant calculation - P -8 GPa             

 CRYSTAL CALCULATION
 (INPUT ACCORDING TO THE INTERNATIONAL TABLES FOR X-RAY CRYSTALLOGRAPHY)
 CRYSTAL FAMILY                       :  CUBIC       
 CRYSTAL CLASS  (GROTH - 1921)        :  CUBIC HEXAKISOCTAHEDRAL              

 SPACE GROUP (CENTROSYMMETRIC)        :  F M 3 M         

 LATTICE PARAMETERS  (ANGSTROMS AND DEGREES) - CONVENTIONAL CELL
        A           B           C        ALPHA        BETA       GAMMA
     4.22815     4.22815     4.22815    90.00000    90.00000    90.00000


 NUMBER OF IRREDUCIBLE ATOMS IN THE CONVENTIONAL CELL:    2

 INPUT COORDINATES

 ATOM AT. N.              COORDINATES
   1  12     0.000000000000E+00  0.000000000000E+00  0.000000000000E+00
   2   8     5.000000000000E-01  5.000000000000E-01  5.000000000000E-01

 *******************************************************************************

 << INFORMATION >>: FROM NOW ON, ALL COORDINATES REFER TO THE PRIMITIVE CELL

 *******************************************************************************

 LATTICE PARAMETERS  (ANGSTROMS AND DEGREES) - PRIMITIVE CELL
       A          B          C        ALPHA      BETA     GAMMA        VOLUME
    2.98975    2.98975    2.98975    60.00000  60.00000  60.00000     18.896862

 COORDINATES OF THE EQUIVALENT ATOMS (FRACTIONAL UNITS)

 N. ATOM EQUIV AT. N.          X                  Y                  Z

   1   1   1   12 MG    0.00000000000E+00  0.00000000000E+00  0.00000000000E+00

   2   2   1    8 O    -5.00000000000E-01 -5.00000000000E-01 -5.00000000000E-01

 NUMBER OF SYMMETRY OPERATORS         :   48
 *******************************************************************************
 * GEOMETRY EDITING - INPUT COORDINATES ARE GIVEN IN ANGSTROM         
 *******************************************************************************

 GEOMETRY NOW FULLY CONSISTENT WITH THE GROUP
 INFORMATION **** NEW DEFAULT **** FINALRUN 4 FOR GEOMETRY OPTIMIZATIONS
 INFORMATION **** NEW DEFAULT **** OPTGEOM OPTIMIZES BOTH ATOMIC COORDINATES AND CELL PARAMETERS
 INFORMATION **** NEW DEFAULT **** TOL. ON ATOMIC DISP TO REDEFINE REF. GEOMETRY: 0.8 Angs
 INFORMATION **** NEW DEFAULT **** N POINTS TO REDEFINE REF. GEOMETRY: N OF OPT DEGS OF FREEDOM
 INFORMATION **** NEW DEFAULT **** TOL. ON ENERGY TO REDEFINE REF. GEOMETRY: 10**-3*(5*N. ATOMS)

 IMPORTANT INFORMATION:
 THE COORDINATE SYSTEM ADOPTED IN THE OPTIMIZATION IS NOT IN
 GENERAL HOMOGENEOUS UNITS. FOR THIS REASON THE GRADIENT AND 
 HESSIAN MATRIX IN TERMS OF THIS SYSTEM ARE GIVEN WITHOUT
 UNITS. FOR MORE DETAILS SEE THE MANUAL.

 INITIAL TRUST RADIUS         0.50000 MAXIMUM TRUST RADIUS               4.00000
 MAXIMUM GRADIENT COMPONENT   0.00045 MAXIMUM DISPLACEMENT COMPONENT     0.00180
 R.M.S. OF GRADIENT COMPONENT 0.00030 R.M.S. OF DISPLACEMENT COMPONENTS  0.00120
 THRESHOLD ON ENERGY CHANGE 0.100E-06 EXTRAPOLATING POLYNOMIAL ORDER           2
 MAXIMUM ALLOWED NUMBER OF STEPS   -1 SORTING OF ENERGY POINTS:               NO
 ANALYTICAL  GRADIENT                 HESSIAN UPDATING                      BFGS
 STEP SIZE NUMERICAL GRADIENT 0.00100
 INITIAL HESSIAN MATRIX: SCHLEGEL MODEL 2
 *******************************************************************************


 ELAELAELAELAELAELAELAELAELAELAELAELAELAELAELAELAELAELAELAELAELAELAELAELAELAELA

                       ELASTIC CALCULATION

 INFORMATION **** TOLDEX ****  CONVERGENCE CRITERION FOR RMS DISPLACEMENT MODIFIED  6.200000E-04
 INFORMATION **** TOLDEG **** MODIFY CONVERGENCE CRITERION FOR RMS GRADIENT  3.000000E-04
 INFORMATION **** TOLDEE **** CONVERGENCE CRITERION FOR ENERGY MODIFIED: 10**-           8

 EXTERNAL STRESS APPLIED (HARTREE/BOHR^3):
 (1 HARTREE/BOHR^3 = 29421 GIGAPASCAL)
 EXTERNAL STRESS
 ORDER:   11   12    13 
          21   22    23 
          31   32    33 
 -0.2719062E-03  0.0000000E+00  0.0000000E+00
  0.0000000E+00 -0.2719062E-03  0.0000000E+00
  0.0000000E+00  0.0000000E+00 -0.2719062E-03

 OPTIMIZATION PERFORMED BEFORE ELASTCON CALCULATION
 *******************************************************************************

 GCALCO - MAX INDICES DIRECT LATTICE VECTOR    14    14    14
 NO.OF VECTORS CREATED 6999 STARS  105 RMAX    59.79196 BOHR

 GEOMETRY FOR WAVE FUNCTION - DIMENSIONALITY OF THE SYSTEM    3
 (NON PERIODIC DIRECTION: LATTICE PARAMETER FORMALLY SET TO 500)
 *******************************************************************************
 LATTICE PARAMETERS (ANGSTROMS AND DEGREES) - BOHR = 0.5291772083 ANGSTROM
 PRIMITIVE CELL - CENTRING CODE 5/0 VOLUME=    18.896862 - DENSITY  3.513 g/cm^3
         A              B              C           ALPHA      BETA       GAMMA 
     2.98975014     2.98975014     2.98975014    60.000000  60.000000  60.000000
 *******************************************************************************
 ATOMS IN THE ASYMMETRIC UNIT    2 - ATOMS IN THE UNIT CELL:    2
     ATOM                 X/A                 Y/B                 Z/C    
 *******************************************************************************
      1 T  12 MG    0.000000000000E+00  0.000000000000E+00  0.000000000000E+00
      2 T   8 O    -5.000000000000E-01 -5.000000000000E-01 -5.000000000000E-01

 TRANSFORMATION MATRIX PRIMITIVE-CRYSTALLOGRAPHIC CELL
 -1.0000  1.0000  1.0000  1.0000 -1.0000  1.0000  1.0000  1.0000 -1.0000

 *******************************************************************************
 CRYSTALLOGRAPHIC CELL (VOLUME=         75.58744740)
         A              B              C           ALPHA      BETA       GAMMA 
     4.22814520     4.22814520     4.22814520    90.000000  90.000000  90.000000

 COORDINATES IN THE CRYSTALLOGRAPHIC CELL
     ATOM                 X/A                 Y/B                 Z/C    
 *******************************************************************************
      1 T  12 MG    0.000000000000E+00  0.000000000000E+00  0.000000000000E+00
      2 T   8 O    -5.000000000000E-01 -5.000000000000E-01 -5.000000000000E-01

 T = ATOM BELONGING TO THE ASYMMETRIC UNIT

 ****   48 SYMMOPS - TRANSLATORS IN FRACTIONAL UNITS
 **** MATRICES AND TRANSLATORS IN THE CRYSTALLOGRAPHIC REFERENCE FRAME
   V INV                    ROTATION MATRICES                   TRANSLATORS
   1   1  1.00  0.00  0.00  0.00  1.00  0.00  0.00  0.00  1.00  0.00  0.00  0.00
   2   2  0.00  1.00 -0.00  1.00  0.00  0.00 -1.00 -1.00 -1.00  0.00  0.00  0.00
   3   3 -1.00 -1.00 -1.00 -0.00 -0.00  1.00  0.00  1.00 -0.00  0.00  0.00  0.00
   4   4 -0.00 -0.00  1.00 -1.00 -1.00 -1.00  1.00  0.00  0.00  0.00  0.00  0.00
   5   6  0.00  0.00  1.00  1.00 -0.00  0.00 -0.00  1.00 -0.00  0.00  0.00  0.00
   6   5  0.00  1.00  0.00 -0.00  0.00  1.00  1.00 -0.00 -0.00  0.00  0.00  0.00
   7   8  1.00 -0.00  0.00  0.00  0.00  1.00 -1.00 -1.00 -1.00  0.00  0.00  0.00
   8   7  1.00 -0.00 -0.00 -1.00 -1.00 -1.00  0.00  1.00  0.00  0.00  0.00  0.00
   9  10 -1.00 -1.00 -1.00 -0.00  1.00 -0.00  1.00 -0.00  0.00  0.00  0.00  0.00
  10   9 -0.00  0.00  1.00  0.00  1.00  0.00 -1.00 -1.00 -1.00  0.00  0.00  0.00
  11  12 -0.00  1.00 -0.00 -1.00 -1.00 -1.00  0.00  0.00  1.00  0.00  0.00  0.00
  12  11 -1.00 -1.00 -1.00  1.00 -0.00 -0.00 -0.00  0.00  1.00  0.00  0.00  0.00
  13  13 -0.00 -1.00 -0.00 -1.00 -0.00  0.00  0.00  0.00 -1.00  0.00  0.00  0.00
  14  14 -1.00 -0.00  0.00 -0.00 -1.00 -0.00  1.00  1.00  1.00  0.00  0.00  0.00
  15  16  0.00  0.00 -1.00  1.00  1.00  1.00 -0.00 -1.00 -0.00  0.00  0.00  0.00
  16  15  1.00  1.00  1.00  0.00  0.00 -1.00 -1.00 -0.00  0.00  0.00  0.00  0.00
  17  17 -1.00 -0.00 -0.00 -0.00  0.00 -1.00  0.00 -1.00  0.00  0.00  0.00  0.00
  18  18 -0.00 -0.00 -1.00  0.00 -1.00 -0.00 -1.00  0.00  0.00  0.00  0.00  0.00
  19  21 -0.00  0.00 -1.00 -1.00 -0.00 -0.00  1.00  1.00  1.00  0.00  0.00  0.00
  20  22  1.00  1.00  1.00 -1.00  0.00  0.00  0.00 -1.00 -0.00  0.00  0.00  0.00
  21  19  0.00 -1.00  0.00  1.00  1.00  1.00 -1.00 -0.00 -0.00  0.00  0.00  0.00
  22  20  0.00 -1.00 -0.00 -0.00 -0.00 -1.00  1.00  1.00  1.00  0.00  0.00  0.00
  23  23  1.00  1.00  1.00  0.00 -1.00  0.00 -0.00  0.00 -1.00  0.00  0.00  0.00
  24  24 -1.00  0.00  0.00  1.00  1.00  1.00 -0.00 -0.00 -1.00  0.00  0.00  0.00
  25  25 -1.00 -0.00 -0.00 -0.00 -1.00  0.00  0.00  0.00 -1.00  0.00  0.00  0.00
  26  26 -0.00 -1.00  0.00 -1.00 -0.00 -0.00  1.00  1.00  1.00  0.00  0.00  0.00
  27  27  1.00  1.00  1.00  0.00  0.00 -1.00 -0.00 -1.00  0.00  0.00  0.00  0.00
  28  28  0.00  0.00 -1.00  1.00  1.00  1.00 -1.00 -0.00 -0.00  0.00  0.00  0.00
  29  30 -0.00 -0.00 -1.00 -1.00  0.00 -0.00  0.00 -1.00  0.00  0.00  0.00  0.00
  30  29 -0.00 -1.00 -0.00  0.00 -0.00 -1.00 -1.00  0.00  0.00  0.00  0.00  0.00
  31  32 -1.00  0.00 -0.00 -0.00 -0.00 -1.00  1.00  1.00  1.00  0.00  0.00  0.00
  32  31 -1.00  0.00  0.00  1.00  1.00  1.00 -0.00 -1.00 -0.00  0.00  0.00  0.00
  33  34  1.00  1.00  1.00  0.00 -1.00  0.00 -1.00  0.00 -0.00  0.00  0.00  0.00
  34  33  0.00 -0.00 -1.00 -0.00 -1.00 -0.00  1.00  1.00  1.00  0.00  0.00  0.00
  35  36  0.00 -1.00  0.00  1.00  1.00  1.00 -0.00 -0.00 -1.00  0.00  0.00  0.00
  36  35  1.00  1.00  1.00 -1.00  0.00  0.00  0.00 -0.00 -1.00  0.00  0.00  0.00
  37  37  0.00  1.00  0.00  1.00  0.00 -0.00 -0.00 -0.00  1.00  0.00  0.00  0.00
  38  38  1.00  0.00 -0.00  0.00  1.00  0.00 -1.00 -1.00 -1.00  0.00  0.00  0.00
  39  40 -0.00 -0.00  1.00 -1.00 -1.00 -1.00  0.00  1.00  0.00  0.00  0.00  0.00
  40  39 -1.00 -1.00 -1.00 -0.00 -0.00  1.00  1.00  0.00 -0.00  0.00  0.00  0.00
  41  41  1.00  0.00  0.00  0.00 -0.00  1.00 -0.00  1.00 -0.00  0.00  0.00  0.00
  42  42  0.00  0.00  1.00 -0.00  1.00  0.00  1.00 -0.00 -0.00  0.00  0.00  0.00
  43  45  0.00 -0.00  1.00  1.00  0.00  0.00 -1.00 -1.00 -1.00  0.00  0.00  0.00
  44  46 -1.00 -1.00 -1.00  1.00 -0.00 -0.00 -0.00  1.00  0.00  0.00  0.00  0.00
  45  43 -0.00  1.00 -0.00 -1.00 -1.00 -1.00  1.00  0.00  0.00  0.00  0.00  0.00
  46  44 -0.00  1.00  0.00  0.00  0.00  1.00 -1.00 -1.00 -1.00  0.00  0.00  0.00
  47  47 -1.00 -1.00 -1.00 -0.00  1.00 -0.00  0.00 -0.00  1.00  0.00  0.00  0.00
  48  48  1.00 -0.00 -0.00 -1.00 -1.00 -1.00  0.00  0.00  1.00  0.00  0.00  0.00

 DIRECT LATTICE VECTORS CARTESIAN COMPONENTS (ANGSTROM)
          X                    Y                    Z
   0.000000000000E+00   0.211407260000E+01   0.211407260000E+01
   0.211407260000E+01   0.000000000000E+00   0.211407260000E+01
   0.211407260000E+01   0.211407260000E+01   0.000000000000E+00


 CARTESIAN COORDINATES - PRIMITIVE CELL
 *******************************************************************************
 *      ATOM          X(ANGSTROM)         Y(ANGSTROM)         Z(ANGSTROM)
 *******************************************************************************
    1    12 MG    0.000000000000E+00  0.000000000000E+00  0.000000000000E+00
    2     8 O     2.114072600000E+00  2.114072600000E+00  2.114072600000E+00

 *******************************************************************************
 STARTING BASIS SET HANDLING 
 *******************************************************************************

 Loading internal basis set: POB-TZVP            

 Please cite in your publication:
 Peintinger, M. F., Oliveira, D. V. and Bredow, T. (2013), Consistent Gaussian b
 asis sets of triple-zeta valence with polarization quality for solid-state calc
 ulations. J. Comput. Chem., 34: 451-459. doi: 10.1002/jcc.23153                
                    

 *******************************************************************************
 LOCAL ATOMIC FUNCTIONS BASIS SET
 *******************************************************************************
   ATOM   X(AU)   Y(AU)   Z(AU)  N. TYPE  EXPONENT  S COEF   P COEF   D/F/G COEF
 *******************************************************************************
   1 MG   0.000   0.000   0.000
                                  1 S  
                                         3.144E+04 6.091E-04 0.000E+00 0.000E+00
                                         4.716E+03 4.707E-03 0.000E+00 0.000E+00
                                         1.073E+03 2.414E-02 0.000E+00 0.000E+00
                                         3.036E+02 9.363E-02 0.000E+00 0.000E+00
                                         9.863E+01 2.665E-01 0.000E+00 0.000E+00
                                         3.494E+01 4.789E-01 0.000E+00 0.000E+00
                                         1.286E+01 3.370E-01 0.000E+00 0.000E+00
                                  2 S  
                                         6.488E+01 1.918E-02 0.000E+00 0.000E+00
                                         1.973E+01 9.091E-02 0.000E+00 0.000E+00
                                         2.895E+00-3.956E-01 0.000E+00 0.000E+00
                                  3 S  
                                         1.196E+00 1.683E+00 0.000E+00 0.000E+00
                                         5.433E-01 5.214E-01 0.000E+00 0.000E+00
                                  4 S  
                                         1.347E+00 1.000E+00 0.000E+00 0.000E+00
                                  5 S  
                                         3.451E-01 1.000E+00 0.000E+00 0.000E+00
                           6-     8 P  
                                         1.799E+02 0.000E+00 5.380E-03 0.000E+00
                                         4.212E+01 0.000E+00 3.932E-02 0.000E+00
                                         1.312E+01 0.000E+00 1.574E-01 0.000E+00
                                         4.626E+00 0.000E+00 3.592E-01 0.000E+00
                                         1.670E+00 0.000E+00 4.553E-01 0.000E+00
                           9-    11 P  
                                         5.663E-01 0.000E+00 1.000E+00 0.000E+00
                          12-    14 P  
                                         1.881E-01 0.000E+00 1.000E+00 0.000E+00
                          15-    19 D  
                                         6.936E-01 0.000E+00 0.000E+00 1.000E+00
   2 O    3.995   3.995   3.995
                                 20 S  
                                         2.703E+04 2.173E-04 0.000E+00 0.000E+00
                                         4.052E+03 1.684E-03 0.000E+00 0.000E+00
                                         9.223E+02 8.740E-03 0.000E+00 0.000E+00
                                         2.612E+02 3.524E-02 0.000E+00 0.000E+00
                                         8.535E+01 1.115E-01 0.000E+00 0.000E+00
                                         3.104E+01 2.559E-01 0.000E+00 0.000E+00
                                 21 S  
                                         1.226E+01 3.977E-01 0.000E+00 0.000E+00
                                         4.999E+00 2.463E-01 0.000E+00 0.000E+00
                                 22 S  
                                         1.099E+00 1.000E+00 0.000E+00 0.000E+00
                                 23 S  
                                         3.566E-01 1.000E+00 0.000E+00 0.000E+00
                          24-    26 P  
                                         6.327E+01 0.000E+00 6.069E-03 0.000E+00
                                         1.463E+01 0.000E+00 4.191E-02 0.000E+00
                                         4.450E+00 0.000E+00 1.615E-01 0.000E+00
                                         1.528E+00 0.000E+00 3.571E-01 0.000E+00
                          27-    29 P  
                                         5.490E-01 0.000E+00 1.000E+00 0.000E+00
                          30-    32 P  
                                         1.859E-01 0.000E+00 1.000E+00 0.000E+00
                          33-    37 D  
                                         2.535E-01 0.000E+00 0.000E+00 1.000E+00

 *******************************************************************************
 FINISHED BASIS SET HANDLING 
 *******************************************************************************

 INFORMATION **** SET_MPP **** PCRYSTAL CALCULATION
 INFORMATION **** READM2 **** NEW DEFAULT: FOCK/KS MATRIX MIXING SET TO 30 %
 INFORMATION **** READM2 **** NEW DEFAULT: FULL DIRECT SCF MODE
 INFORMATION **** READM2 **** NEW DEFAULT: COULOMB BIPOLAR BUFFER SET TO 32 Mb
 INFORMATION **** READM2 **** NEW DEFAULT: EXCHANGE BIPOLAR BUFFER SET TO 32 Mb

 *******************************************************************************
 NEW DEFAULT: DFT INTEGRATION GRID INCREASED TO XLGRID
 NEW DEFAULT: DIIS ACCELERATOR ACTIVE
 USE KEYWORD NODIIS TO TURN IT OFF
 *******************************************************************************

 INFORMATION **** READM2 **** FULL DIRECT SCF (MONO AND BIEL INT) SELECTED
 INFORMATION **** BIPOSIZE **** COULOMB BIPOLAR BUFFER SET TO    16000000
 INFORMATION **** EXCHSIZE **** EXCHANGE BIPOLAR BUFFER SIZE SET TO    16000000
 INFORMATION **** TOLDEE **** SCF TOL ON TOTAL ENERGY SET TO           8
 INFORMATION **** TOLINTEG **** COULOMB AND EXCHANGE SERIES TOLERANCES MODIFIED
 *******************************************************************************
 N. OF ATOMS PER CELL         2  COULOMB OVERLAP TOL         (T1) 10**   -9
 NUMBER OF SHELLS            17  COULOMB PENETRATION TOL     (T2) 10**   -9
 NUMBER OF AO                37  EXCHANGE OVERLAP TOL        (T3) 10**   -9
 N. OF ELECTRONS PER CELL    20  EXCHANGE PSEUDO OVP (F(G))  (T4) 10**   -9
 CORE ELECTRONS PER CELL     12  EXCHANGE PSEUDO OVP (P(G))  (T5) 10**  -18
 N. OF SYMMETRY OPERATORS    48  POLE ORDER IN MONO ZONE                  4
 *******************************************************************************
 TYPE OF CALCULATION :  RESTRICTED CLOSED SHELL
 KOHN-SHAM HAMILTONIAN

 (EXCHANGE)[CORRELATION] FUNCTIONAL:(BECKE 88)[LEE-YANG-PARR]

 NON-LOCAL WEIGHTING FACTOR (EXCHANGE) =           0.9000
 NON-LOCAL WEIGHTING FACTOR [CORRELATION] =        0.8100

 HYBRID EXCHANGE - PERCENTAGE OF FOCK EXCHANGE    20.0000

 CAPPA:IS1 12;IS2 12;IS3 12; K PTS MONK NET  72; SYMMOPS:K SPACE  48;G SPACE  48

 *******************************************************************************
 MAX NUMBER OF SCF CYCLES      50  CONVERGENCE ON DELTAP        10**-18
 WEIGHT OF F(I) IN F(I+1)      30% CONVERGENCE ON ENERGY        10**- 8
 SHRINK. FACT.(MONKH.)   12 12 12  NUMBER OF K POINTS IN THE IBZ     72
 SHRINKING FACTOR(GILAT NET)   12  NUMBER OF K POINTS(GILAT NET)     72
 *******************************************************************************
 *** K POINTS COORDINATES (OBLIQUE COORDINATES IN UNITS OF IS = 12)
   1-R(  0  0  0)   2-C(  1  0  0)   3-C(  2  0  0)   4-C(  3  0  0)
   5-C(  4  0  0)   6-C(  5  0  0)   7-R(  6  0  0)   8-C(  1  1  0)
   9-C(  2  1  0)  10-C(  3  1  0)  11-C(  4  1  0)  12-C(  5  1  0)
  13-C(  6  1  0)  14-C(  7  1  0)  15-C(  8  1  0)  16-C(  9  1  0)
  17-C( 10  1  0)  18-C( 11  1  0)  19-C(  2  2  0)  20-C(  3  2  0)
  21-C(  4  2  0)  22-C(  5  2  0)  23-C(  6  2  0)  24-C(  7  2  0)
  25-C(  8  2  0)  26-C(  9  2  0)  27-C( 10  2  0)  28-C(  3  3  0)
  29-C(  4  3  0)  30-C(  5  3  0)  31-C(  6  3  0)  32-C(  7  3  0)
  33-C(  8  3  0)  34-C(  9  3  0)  35-C(  4  4  0)  36-C(  5  4  0)
  37-C(  6  4  0)  38-C(  7  4  0)  39-C(  8  4  0)  40-C(  5  5  0)
  41-C(  6  5  0)  42-C(  7  5  0)  43-R(  6  6  0)  44-C(  3  2  1)
  45-C(  4  2  1)  46-C(  5  2  1)  47-C(  6  2  1)  48-C(  7  2  1)
  49-C(  4  3  1)  50-C(  5  3  1)  51-C(  6  3  1)  52-C(  7  3  1)
  53-C(  8  3  1)  54-C(  9  3  1)  55-C( 10  3  1)  56-C(  5  4  1)
  57-C(  6  4  1)  58-C(  7  4  1)  59-C(  8  4  1)  60-C(  9  4  1)
  61-C(  6  5  1)  62-C(  7  5  1)  63-C(  8  5  1)  64-C(  7  6  1)
  65-C(  6  4  2)  66-C(  7  4  2)  67-C(  8  4  2)  68-C(  7  5  2)
  69-C(  8  5  2)  70-C(  9  5  2)  71-C(  8  6  2)  72-C(  9  6  3)

 DIRECT LATTICE VECTORS COMPON. (A.U.)     RECIP. LATTICE VECTORS COMPON. (A.U.) 
        X            Y            Z              X            Y            Z
    0.0000000    3.9950182    3.9950182     -0.7863775    0.7863775    0.7863775
    3.9950182    0.0000000    3.9950182      0.7863775   -0.7863775    0.7863775
    3.9950182    3.9950182    0.0000000      0.7863775    0.7863775   -0.7863775

 DISK SPACE FOR EIGENVECTORS (FTN 10)      193029 REALS

 SYMMETRY ADAPTION OF THE BLOCH FUNCTIONS ENABLED
 TTTTTTTTTTTTTTTTTTTTTTTTTTTTTT gordsh1     TELAPSE        0.81 TCPU        0.53

 MATRIX SIZE: P(G)  128375, F(G)   22615, P(G) IRR    4600, F(G) IRR    2292
 MAX G-VECTOR INDEX FOR 1- AND 2-ELECTRON INTEGRALS 679

 TTTTTTTTTTTTTTTTTTTTTTTTTTTTTT INPUT       TELAPSE        0.82 TCPU        0.53

 NEIGHBORS OF THE NON-EQUIVALENT ATOMS

 N = NUMBER OF NEIGHBORS AT DISTANCE R
    ATOM  N     R/ANG      R/AU   NEIGHBORS (ATOM LABELS AND CELL INDICES)
   1 MG   6     2.1141     3.9950    2 O   -1 0 0    2 O    0-1 0    2 O    0 0-1
                                     2 O   -1-1 0    2 O   -1 0-1    2 O    0-1-1
   1 MG  12     2.9898     5.6498    1 MG  -1 0 0    1 MG   1 0 0    1 MG  -1 0 1
                                     1 MG   1 0-1    1 MG  -1 1 0    1 MG   1-1 0
                                     1 MG   0-1 0    1 MG   0 1 0    1 MG   0-1 1
                                     1 MG   0 1-1    1 MG   0 0-1    1 MG   0 0 1
   1 MG   8     3.6617     6.9196    2 O    0 0 0    2 O   -1-1 1    2 O   -1 1-1
                                     2 O    1-1-1    2 O   -2 0 0    2 O    0-2 0
                                     2 O    0 0-2    2 O   -1-1-1
   1 MG   6     4.2281     7.9900    1 MG  -1-1 1    1 MG   1 1-1    1 MG  -1 1-1
                                     1 MG   1-1 1    1 MG  -1 1 1    1 MG   1-1-1
   1 MG  24     4.7272     8.9331    2 O    1 0-1    2 O   -1 0 1    2 O    1-1 0
                                     2 O   -1 1 0    2 O    0 1-1    2 O    0-1 1
                                     2 O   -2 0 1    2 O   -2 1 0    2 O    1 0-2
                                     2 O    1-2 0    2 O    0-2 1    2 O    0 1-2
                                     2 O   -2-1 1    2 O   -2 1-1    2 O   -1-2 1
                                     2 O   -1 1-2    2 O    1-1-2    2 O    1-2-1
                                     2 O   -2-1 0    2 O   -2 0-1    2 O   -1-2 0
                                     2 O   -1 0-2    2 O    0-2-1    2 O    0-1-2
   1 MG  24     5.1784     9.7858    1 MG  -2 0 1    1 MG   2 0-1    1 MG  -2 1 0
                                     1 MG   2-1 0    1 MG  -2 1 1    1 MG   2-1-1
                                     1 MG  -1-1 0    1 MG   1 1 0    1 MG  -1-1 2
                                     1 MG   1 1-2    1 MG  -1 0-1    1 MG   1 0 1
                                     1 MG  -1 0 2    1 MG   1 0-2    1 MG  -1 2-1
                                     1 MG   1-2 1    1 MG  -1 2 0    1 MG   1-2 0
                                     1 MG   0-2 1    1 MG   0 2-1    1 MG   0-1-1
                                     1 MG   0 1 1    1 MG   0-1 2    1 MG   0 1-2

   2 O    6     2.1141     3.9950    1 MG   1 0 0    1 MG   0 1 0    1 MG   0 0 1
                                     1 MG   1 1 0    1 MG   1 0 1    1 MG   0 1 1
   2 O   12     2.9898     5.6498    2 O   -1 0 0    2 O    1 0 0    2 O   -1 0 1
                                     2 O    1 0-1    2 O   -1 1 0    2 O    1-1 0
                                     2 O    0-1 0    2 O    0 1 0    2 O    0-1 1
                                     2 O    0 1-1    2 O    0 0-1    2 O    0 0 1
   2 O    8     3.6617     6.9196    1 MG   0 0 0    1 MG   1 1-1    1 MG   1-1 1
                                     1 MG  -1 1 1    1 MG   2 0 0    1 MG   0 2 0
                                     1 MG   0 0 2    1 MG   1 1 1
   2 O    6     4.2281     7.9900    2 O   -1-1 1    2 O    1 1-1    2 O   -1 1-1
                                     2 O    1-1 1    2 O   -1 1 1    2 O    1-1-1
   2 O   24     4.7272     8.9331    1 MG  -1 0 1    1 MG   1 0-1    1 MG  -1 1 0
                                     1 MG   1-1 0    1 MG   0-1 1    1 MG   0 1-1
                                     1 MG   2 0-1    1 MG   2-1 0    1 MG  -1 0 2
                                     1 MG  -1 2 0    1 MG   0 2-1    1 MG   0-1 2
                                     1 MG   2 1-1    1 MG   2-1 1    1 MG   1 2-1
                                     1 MG   1-1 2    1 MG  -1 1 2    1 MG  -1 2 1
                                     1 MG   2 1 0    1 MG   2 0 1    1 MG   1 2 0
                                     1 MG   1 0 2    1 MG   0 2 1    1 MG   0 1 2
   2 O   24     5.1784     9.7858    2 O   -2 0 1    2 O    2 0-1    2 O   -2 1 0
                                     2 O    2-1 0    2 O   -2 1 1    2 O    2-1-1
                                     2 O   -1-1 0    2 O    1 1 0    2 O   -1-1 2
                                     2 O    1 1-2    2 O   -1 0-1    2 O    1 0 1
                                     2 O   -1 0 2    2 O    1 0-2    2 O   -1 2-1
                                     2 O    1-2 1    2 O   -1 2 0    2 O    1-2 0
                                     2 O    0-2 1    2 O    0 2-1    2 O    0-1-1
                                     2 O    0 1 1    2 O    0-1 2    2 O    0 1-2


 SYMMETRY ALLOWED ELASTIC DISTORTION 1
  0.5773503  0.0000000  0.0000000
  0.0000000  0.5773503  0.0000000
  0.0000000  0.0000000  0.5773503

 THERE ARE NO SYMMETRY ALLOWED DIRECTIONS
 TTTTTTTTTTTTTTTTTTTTTTTTTTTTTT SYMM        TELAPSE        0.83 TCPU        0.54
 TTTTTTTTTTTTTTTTTTTTTTTTTTTTTT INT_SCREEN  TELAPSE        0.83 TCPU        0.55

 ************************************************************************
 ************************************************************************
 * ELASTCON OPTION, W.F. PERGER, B. CIVALLERI, R. DOVESI                *
 * REFERENCES TO BE QUOTED WHEN USING THIS MODULE:                      *
 *                                                                      *
 * W.F. Perger, C. Criswell, B. Civalleri, R. Dovesi                    *
 * Ab-initio calculation of elastic constants of crystalline            *
 * systems with the CRYSTAL code                                        *
 * Comp. Phys. Comm. 180 (2009) 1753-1759                               *
 *                                                                      *
 * IT IS ASSUMED THAT THE INPUT IS FROM AN OPTIMIZED RUN                *

 CONVERGENCE CRITERION FOR ENERGY, TOLDEE =          1.0000E-08
 CONVERGENCE CRITERION FOR RMS GRADIENT, TOLDEG =    3.0000E-04
 CONVERGENCE CRITERION FOR RMS DISPLACEMENT, TOLDEX  6.2000E-04
 MAGNITUDE OF STEPSIZE FOR ADIMENSIONAL STRAINS =    1.0000E-02
 NUMBER OF POINTS (TOTAL) IN NUMERICAL 2ND DERIVATIVE=        3
 ************************************************************************
 ************************************************************************

 ************************************************************************

  Y. NOEL POST DOC. TURIN 2002

  THIS ROUTINE EVALUATES THE NON ZERO ELEMENTS OF THE ELASTIC TENSOR 

  ORDER OF THE TENSOR : 4

 |  1 A    1 B    1 B     .      .      .     |
 |         1 A    1 B     .      .      .     |
 |                1 A     .      .      .     |
 |                       1 C     .      .     |
 |                              1 C     .     |
 |                                     1 C    |

 EACH  LETTER   CORRESPONDS  TO  AN  INDEPENDENT  COMPONENT.
 INTERDEPENDENT COMPONENTS (WITH SAME LETTER) ARE RELATED BY
 THE COEFFICIENT THAT PRECEEDS EACH LETTER.

 ************************************************************************


 LIST OF ACTIVE DEFORMATIONS: 
             1
             4
 TTTTTTTTTTTTTTTTTTTTTTTTTTTTTT gordsh1     TELAPSE        0.83 TCPU        0.55

 MATRIX SIZE: P(G)  128375, F(G)   22615, P(G) IRR    4600, F(G) IRR    2292
 MAX G-VECTOR INDEX FOR 1- AND 2-ELECTRON INTEGRALS 679

 TTTTTTTTTTTTTTTTTTTTTTTTTTTTTT INPUT       TELAPSE        0.83 TCPU        0.55

 NEIGHBORS OF THE NON-EQUIVALENT ATOMS

 N = NUMBER OF NEIGHBORS AT DISTANCE R
    ATOM  N     R/ANG      R/AU   NEIGHBORS (ATOM LABELS AND CELL INDICES)
   1 MG   6     2.1141     3.9950    2 O   -1 0 0    2 O    0-1 0    2 O    0 0-1
                                     2 O   -1-1 0    2 O   -1 0-1    2 O    0-1-1
   1 MG  12     2.9898     5.6498    1 MG  -1 0 0    1 MG   1 0 0    1 MG  -1 0 1
                                     1 MG   1 0-1    1 MG  -1 1 0    1 MG   1-1 0
                                     1 MG   0-1 0    1 MG   0 1 0    1 MG   0-1 1
                                     1 MG   0 1-1    1 MG   0 0-1    1 MG   0 0 1
   1 MG   8     3.6617     6.9196    2 O    0 0 0    2 O   -1-1 1    2 O   -1 1-1
                                     2 O    1-1-1    2 O   -2 0 0    2 O    0-2 0
                                     2 O    0 0-2    2 O   -1-1-1
   1 MG   6     4.2281     7.9900    1 MG  -1-1 1    1 MG   1 1-1    1 MG  -1 1-1
                                     1 MG   1-1 1    1 MG  -1 1 1    1 MG   1-1-1
   1 MG  24     4.7272     8.9331    2 O    1 0-1    2 O   -1 0 1    2 O    1-1 0
                                     2 O   -1 1 0    2 O    0 1-1    2 O    0-1 1
                                     2 O   -2 0 1    2 O   -2 1 0    2 O    1 0-2
                                     2 O    1-2 0    2 O    0-2 1    2 O    0 1-2
                                     2 O   -2-1 1    2 O   -2 1-1    2 O   -1-2 1
                                     2 O   -1 1-2    2 O    1-1-2    2 O    1-2-1
                                     2 O   -2-1 0    2 O   -2 0-1    2 O   -1-2 0
                                     2 O   -1 0-2    2 O    0-2-1    2 O    0-1-2
   1 MG  24     5.1784     9.7858    1 MG  -2 0 1    1 MG   2 0-1    1 MG  -2 1 0
                                     1 MG   2-1 0    1 MG  -2 1 1    1 MG   2-1-1
                                     1 MG  -1-1 0    1 MG   1 1 0    1 MG  -1-1 2
                                     1 MG   1 1-2    1 MG  -1 0-1    1 MG   1 0 1
                                     1 MG  -1 0 2    1 MG   1 0-2    1 MG  -1 2-1
                                     1 MG   1-2 1    1 MG  -1 2 0    1 MG   1-2 0
                                     1 MG   0-2 1    1 MG   0 2-1    1 MG   0-1-1
                                     1 MG   0 1 1    1 MG   0-1 2    1 MG   0 1-2

   2 O    6     2.1141     3.9950    1 MG   1 0 0    1 MG   0 1 0    1 MG   0 0 1
                                     1 MG   1 1 0    1 MG   1 0 1    1 MG   0 1 1
   2 O   12     2.9898     5.6498    2 O   -1 0 0    2 O    1 0 0    2 O   -1 0 1
                                     2 O    1 0-1    2 O   -1 1 0    2 O    1-1 0
                                     2 O    0-1 0    2 O    0 1 0    2 O    0-1 1
                                     2 O    0 1-1    2 O    0 0-1    2 O    0 0 1
   2 O    8     3.6617     6.9196    1 MG   0 0 0    1 MG   1 1-1    1 MG   1-1 1
                                     1 MG  -1 1 1    1 MG   2 0 0    1 MG   0 2 0
                                     1 MG   0 0 2    1 MG   1 1 1
   2 O    6     4.2281     7.9900    2 O   -1-1 1    2 O    1 1-1    2 O   -1 1-1
                                     2 O    1-1 1    2 O   -1 1 1    2 O    1-1-1
   2 O   24     4.7272     8.9331    1 MG  -1 0 1    1 MG   1 0-1    1 MG  -1 1 0
                                     1 MG   1-1 0    1 MG   0-1 1    1 MG   0 1-1
                                     1 MG   2 0-1    1 MG   2-1 0    1 MG  -1 0 2
                                     1 MG  -1 2 0    1 MG   0 2-1    1 MG   0-1 2
                                     1 MG   2 1-1    1 MG   2-1 1    1 MG   1 2-1
                                     1 MG   1-1 2    1 MG  -1 1 2    1 MG  -1 2 1
                                     1 MG   2 1 0    1 MG   2 0 1    1 MG   1 2 0
                                     1 MG   1 0 2    1 MG   0 2 1    1 MG   0 1 2
   2 O   24     5.1784     9.7858    2 O   -2 0 1    2 O    2 0-1    2 O   -2 1 0
                                     2 O    2-1 0    2 O   -2 1 1    2 O    2-1-1
                                     2 O   -1-1 0    2 O    1 1 0    2 O   -1-1 2
                                     2 O    1 1-2    2 O   -1 0-1    2 O    1 0 1
                                     2 O   -1 0 2    2 O    1 0-2    2 O   -1 2-1
                                     2 O    1-2 1    2 O   -1 2 0    2 O    1-2 0
                                     2 O    0-2 1    2 O    0 2-1    2 O    0-1-1
                                     2 O    0 1 1    2 O    0-1 2    2 O    0 1-2


 SYMMETRY ALLOWED ELASTIC DISTORTION 1
  0.5773503  0.0000000  0.0000000
  0.0000000  0.5773503  0.0000000
  0.0000000  0.0000000  0.5773503

 THERE ARE NO SYMMETRY ALLOWED DIRECTIONS
 WARNING **** INT_SCREEN **** CELL PARAMETERS OPTIMIZATION ONLY
 TTTTTTTTTTTTTTTTTTTTTTTTTTTTTT SYMM        TELAPSE        0.84 TCPU        0.56
 TTTTTTTTTTTTTTTTTTTTTTTTTTTTTT INT_SCREEN  TELAPSE        0.84 TCPU        0.56

 *******************************************************************************
 *                             OPTIMIZATION STARTS                             *
 *******************************************************************************
 RECLASIFICATION OF INDICES FOR INTEGRAL CALC ACCORDING TO DIFFERENT CRITERIA:
           FIXDELTE                  FIXDELTX              FIXDELTN
          0.10000000E-01           0.80000000                 10
 DEFAULT MAX NUM OF POINTS  100
 *******************************************************************************

 *******************************************************************************
 CELL OPTIMIZATION - POINT    1

 DFT PARAMETERS

     ATOM       ELECTRONS   NET CHARGE   R(ANGSTROM)
   1  12  MG     12.0000      0.0000     1.60000000
   2   8  O       8.0000      0.0000     0.74000000

 SIZE OF GRID=       1296
 TTTTTTTTTTTTTTTTTTTTTTTTTTTTTT MAKE_GRID2  TELAPSE        1.67 TCPU        1.32
 BECKE WEIGHT FUNCTION
 RADSAFE =     2.00
 TOLERANCES - DENSITY:10**- 6; POTENTIAL:10**- 9; GRID WGT:10**-14

 RADIAL INTEGRATION  - INTERVALS (POINTS,UPPER LIMIT):            1( 75,  4.0*R)

 ANGULAR INTEGRATION - INTERVALS (ACCURACY LEVEL [N. POINTS] UPPER LIMIT):
  1(  4[  86]   0.2)  2(  8[ 194]   0.5)  3( 12[ 350]   0.9)  4( 16[ 974]   3.5)
  5( 12[ 350]9999.0)
 TTTTTTTTTTTTTTTTTTTTTTTTTTTTTT INT_CALC    TELAPSE        1.73 TCPU        1.39

 *******************************************************************************
 MGO Bulk - B3LYP/POB-TZVP - Elastic constant calculation - P -8 GPa             
 CRYSTAL - SCF - TYPE OF CALCULATION :  RESTRICTED CLOSED SHELL
 *******************************************************************************

 CAPPA:IS1 12;IS2 12;IS3 12; K PTS MONK NET  72; SYMMOPS:K SPACE  48;G SPACE  48

 TTTTTTTTTTTTTTTTTTTTTTTTTTTTTT SDIK        TELAPSE        1.73 TCPU        1.39

 AAAAAAAAAAAAAAAAAAAAAAAAAAAAAAAAAAAAAAAAAAAAAAAAAAAAAAAAAAAAAAAAAAAAAAAAAAAAAAA
         ATOMIC WAVEFUNCTION(S)


 NUCLEAR CHARGE 12.0  SYMMETRY SPECIES            S    P
 N. ELECTRONS   12.0  NUMBER OF PRIMITIVE GTOS   14    7
                      NUMBER OF CONTRACTED GTOS   5    3
                      NUMBER OF CLOSED SHELLS     3    1
                      OPEN SHELL OCCUPATION       0    0

  ZNUC  SCFIT    TOTAL HF ENERGY   KINETIC ENERGY   VIRIAL THEOREM ACCURACY
  12.0     9    -1.989999721E+02  2.013036186E+02 -1.988556359E+00  4.0E-06

 NUCLEAR CHARGE  8.0  SYMMETRY SPECIES            S    P
 N. ELECTRONS    8.0  NUMBER OF PRIMITIVE GTOS   10    6
                      NUMBER OF CONTRACTED GTOS   4    3
                      NUMBER OF CLOSED SHELLS     2    0
                      OPEN SHELL OCCUPATION       0    4

  ZNUC  SCFIT    TOTAL HF ENERGY   KINETIC ENERGY   VIRIAL THEOREM ACCURACY
   8.0    13    -7.480300557E+01  7.484348361E+01 -1.999459164E+00  4.9E-06

 AAAAAAAAAAAAAAAAAAAAAAAAAAAAAAAAAAAAAAAAAAAAAAAAAAAAAAAAAAAAAAAAAAAAAAAAAAAAAAA

 CHARGE NORMALIZATION FACTOR   0.99999999
 TOTAL ATOMIC CHARGES:
  12.0000001   7.9999999
 TTTTTTTTTTTTTTTTTTTTTTTTTTTTTT MOQGAD      TELAPSE        1.74 TCPU        1.39
 TTTTTTTTTTTTTTTTTTTTTTTTTTTTTT SHELLXN     TELAPSE        7.12 TCPU        6.77
 TTTTTTTTTTTTTTTTTTTTTTTTTTTTTT MONMO3      TELAPSE        7.12 TCPU        6.77
 NUMERICALLY INTEGRATED DENSITY     20.0000239632
 TTTTTTTTTTTTTTTTTTTTTTTTTTTTTT NUMDFT      TELAPSE        7.29 TCPU        6.94
 CYC   0 ETOT(AU) -2.745743528441E+02 DETOT -2.75E+02 tst  0.00E+00 PX  1.00E+00
 TTTTTTTTTTTTTTTTTTTTTTTTTTTTTT DIIS        TELAPSE        7.29 TCPU        6.94
 TTTTTTTTTTTTTTTTTTTTTTTTTTTTTT FDIK        TELAPSE        7.30 TCPU        6.95
 INSULATING STATE
 TOP OF VALENCE BANDS -    BAND     10; K    1; EIG -2.9350937E-01 AU
 BOTTOM OF VIRTUAL BANDS - BAND     11; K   18; EIG  9.0583689E-02 AU
 INDIRECT ENERGY BAND GAP:  10.4517 eV
 BOTTOM OF VIRTUAL BANDS - BAND     11; K    1; EIG  1.4233759E-01 AU
 TTTTTTTTTTTTTTTTTTTTTTTTTTTTTT PDIG        TELAPSE        7.33 TCPU        6.98
 CHARGE NORMALIZATION FACTOR   1.00000000
 TOTAL ATOMIC CHARGES:
  10.1900534   9.8099466
 TTTTTTTTTTTTTTTTTTTTTTTTTTTTTT MOQGAD      TELAPSE        7.33 TCPU        6.98
 TTTTTTTTTTTTTTTTTTTTTTTTTTTTTT SHELLXN     TELAPSE       12.79 TCPU       12.44
 TTTTTTTTTTTTTTTTTTTTTTTTTTTTTT MONMO3      TELAPSE       12.79 TCPU       12.44
 NUMERICALLY INTEGRATED DENSITY     20.0000401093
 TTTTTTTTTTTTTTTTTTTTTTTTTTTTTT NUMDFT      TELAPSE       12.98 TCPU       12.62
 CYC   1 ETOT(AU) -2.752492559028E+02 DETOT -6.75E-01 tst  0.00E+00 PX  1.00E+00
 TTTTTTTTTTTTTTTTTTTTTTTTTTTTTT DIIS        TELAPSE       12.98 TCPU       12.63
 DIIS TEST: 0.15084E+01 AT SCF   CYCLE   1 - MIX   30 %
 TTTTTTTTTTTTTTTTTTTTTTTTTTTTTT FDIK        TELAPSE       12.99 TCPU       12.63
 INSULATING STATE
 TOP OF VALENCE BANDS -    BAND     10; K    1; EIG -3.7597829E-03 AU
 BOTTOM OF VIRTUAL BANDS - BAND     11; K   18; EIG  2.5032754E-01 AU
 INDIRECT ENERGY BAND GAP:   6.9141 eV
 BOTTOM OF VIRTUAL BANDS - BAND     11; K    1; EIG  2.8113796E-01 AU
 TTTTTTTTTTTTTTTTTTTTTTTTTTTTTT PDIG        TELAPSE       13.01 TCPU       12.66
 CHARGE NORMALIZATION FACTOR   1.00000000
 TOTAL ATOMIC CHARGES:
  10.4724505   9.5275495
 TTTTTTTTTTTTTTTTTTTTTTTTTTTTTT MOQGAD      TELAPSE       13.02 TCPU       12.66
 TTTTTTTTTTTTTTTTTTTTTTTTTTTTTT SHELLXN     TELAPSE       18.48 TCPU       18.12
 TTTTTTTTTTTTTTTTTTTTTTTTTTTTTT MONMO3      TELAPSE       18.48 TCPU       18.12
 NUMERICALLY INTEGRATED DENSITY     20.0000670678
 TTTTTTTTTTTTTTTTTTTTTTTTTTTTTT NUMDFT      TELAPSE       18.66 TCPU       18.30
 CYC   2 ETOT(AU) -2.753295965017E+02 DETOT -8.03E-02 tst  5.04E-02 PX  3.70E-01
 TTTTTTTTTTTTTTTTTTTTTTTTTTTTTT DIIS        TELAPSE       18.67 TCPU       18.30
 DIIS TEST: 0.10633E+01 AT SCF   CYCLE   2 - DIIS ACTIVE - HISTORY:     2 CYCLES
 TTTTTTTTTTTTTTTTTTTTTTTTTTTTTT FDIK        TELAPSE       18.67 TCPU       18.31
 INSULATING STATE
 TOP OF VALENCE BANDS -    BAND     10; K    1; EIG -1.7858153E-01 AU
 BOTTOM OF VIRTUAL BANDS - BAND     11; K   18; EIG  1.5089750E-01 AU
 INDIRECT ENERGY BAND GAP:   8.9656 eV
 BOTTOM OF VIRTUAL BANDS - BAND     11; K    1; EIG  1.9346760E-01 AU
 TTTTTTTTTTTTTTTTTTTTTTTTTTTTTT PDIG        TELAPSE       18.70 TCPU       18.34
 CHARGE NORMALIZATION FACTOR   1.00000000
 TOTAL ATOMIC CHARGES:
  10.2718130   9.7281870
 TTTTTTTTTTTTTTTTTTTTTTTTTTTTTT MOQGAD      TELAPSE       18.71 TCPU       18.34
 TTTTTTTTTTTTTTTTTTTTTTTTTTTTTT SHELLXN     TELAPSE       24.17 TCPU       23.80
 TTTTTTTTTTTTTTTTTTTTTTTTTTTTTT MONMO3      TELAPSE       24.18 TCPU       23.81
 NUMERICALLY INTEGRATED DENSITY     20.0000568465
 TTTTTTTTTTTTTTTTTTTTTTTTTTTTTT NUMDFT      TELAPSE       24.36 TCPU       23.99
 CYC   3 ETOT(AU) -2.754622061080E+02 DETOT -1.33E-01 tst  7.20E-03 PX  1.32E-01
 TTTTTTTTTTTTTTTTTTTTTTTTTTTTTT DIIS        TELAPSE       24.36 TCPU       23.99
 DIIS TEST: 0.29325E-02 AT SCF   CYCLE   3 - DIIS ACTIVE - HISTORY:     3 CYCLES
 TTTTTTTTTTTTTTTTTTTTTTTTTTTTTT FDIK        TELAPSE       24.36 TCPU       23.99
 INSULATING STATE
 TOP OF VALENCE BANDS -    BAND     10; K    1; EIG -1.8216897E-01 AU
 BOTTOM OF VIRTUAL BANDS - BAND     11; K   18; EIG  1.5141952E-01 AU
 INDIRECT ENERGY BAND GAP:   9.0774 eV
 BOTTOM OF VIRTUAL BANDS - BAND     11; K    1; EIG  1.9589189E-01 AU
 TTTTTTTTTTTTTTTTTTTTTTTTTTTTTT PDIG        TELAPSE       24.40 TCPU       24.02
 CHARGE NORMALIZATION FACTOR   1.00000000
 TOTAL ATOMIC CHARGES:
  10.2613889   9.7386111
 TTTTTTTTTTTTTTTTTTTTTTTTTTTTTT MOQGAD      TELAPSE       24.40 TCPU       24.03
 TTTTTTTTTTTTTTTTTTTTTTTTTTTTTT SHELLXN     TELAPSE       29.86 TCPU       29.48
 TTTTTTTTTTTTTTTTTTTTTTTTTTTTTT MONMO3      TELAPSE       29.86 TCPU       29.48
 NUMERICALLY INTEGRATED DENSITY     20.0000567726
 TTTTTTTTTTTTTTTTTTTTTTTTTTTTTT NUMDFT      TELAPSE       30.04 TCPU       29.66
 CYC   4 ETOT(AU) -2.754625088983E+02 DETOT -3.03E-04 tst  8.63E-06 PX  1.76E-02
 TTTTTTTTTTTTTTTTTTTTTTTTTTTTTT DIIS        TELAPSE       30.05 TCPU       29.67
 DIIS TEST: 0.30021E-03 AT SCF   CYCLE   4 - DIIS ACTIVE - HISTORY:     4 CYCLES
 TTTTTTTTTTTTTTTTTTTTTTTTTTTTTT FDIK        TELAPSE       30.05 TCPU       29.67
 INSULATING STATE
 TOP OF VALENCE BANDS -    BAND     10; K    1; EIG -1.8529564E-01 AU
 BOTTOM OF VIRTUAL BANDS - BAND     11; K    3; EIG  1.5003832E-01 AU
 INDIRECT ENERGY BAND GAP:   9.1249 eV
 BOTTOM OF VIRTUAL BANDS - BAND     11; K    1; EIG  1.9597601E-01 AU
 TTTTTTTTTTTTTTTTTTTTTTTTTTTTTT PDIG        TELAPSE       30.08 TCPU       29.70
 CHARGE NORMALIZATION FACTOR   1.00000000
 TOTAL ATOMIC CHARGES:
  10.2578045   9.7421955
 TTTTTTTTTTTTTTTTTTTTTTTTTTTTTT MOQGAD      TELAPSE       30.08 TCPU       29.70
 TTTTTTTTTTTTTTTTTTTTTTTTTTTTTT SHELLXN     TELAPSE       35.55 TCPU       35.17
 TTTTTTTTTTTTTTTTTTTTTTTTTTTTTT MONMO3      TELAPSE       35.55 TCPU       35.17
 NUMERICALLY INTEGRATED DENSITY     20.0000566337
 TTTTTTTTTTTTTTTTTTTTTTTTTTTTTT NUMDFT      TELAPSE       35.74 TCPU       35.35
 CYC   5 ETOT(AU) -2.754625439736E+02 DETOT -3.51E-05 tst  2.08E-06 PX  3.40E-03
 TTTTTTTTTTTTTTTTTTTTTTTTTTTTTT DIIS        TELAPSE       35.74 TCPU       35.35
 DIIS TEST: 0.94538E-06 AT SCF   CYCLE   5 - DIIS ACTIVE - HISTORY:     5 CYCLES
 TTTTTTTTTTTTTTTTTTTTTTTTTTTTTT FDIK        TELAPSE       35.74 TCPU       35.36
 INSULATING STATE
 TOP OF VALENCE BANDS -    BAND     10; K    1; EIG -1.8559056E-01 AU
 BOTTOM OF VIRTUAL BANDS - BAND     11; K    3; EIG  1.4986408E-01 AU
 INDIRECT ENERGY BAND GAP:   9.1282 eV
 BOTTOM OF VIRTUAL BANDS - BAND     11; K    1; EIG  1.9647219E-01 AU
 TTTTTTTTTTTTTTTTTTTTTTTTTTTTTT PDIG        TELAPSE       35.77 TCPU       35.39
 CHARGE NORMALIZATION FACTOR   1.00000000
 TOTAL ATOMIC CHARGES:
  10.2575339   9.7424661
 TTTTTTTTTTTTTTTTTTTTTTTTTTTTTT MOQGAD      TELAPSE       35.78 TCPU       35.39
 TTTTTTTTTTTTTTTTTTTTTTTTTTTTTT SHELLXN     TELAPSE       41.24 TCPU       40.84
 TTTTTTTTTTTTTTTTTTTTTTTTTTTTTT MONMO3      TELAPSE       41.24 TCPU       40.85
 NUMERICALLY INTEGRATED DENSITY     20.0000566265
 TTTTTTTTTTTTTTTTTTTTTTTTTTTTTT NUMDFT      TELAPSE       41.42 TCPU       41.03
 CYC   6 ETOT(AU) -2.754625436205E+02 DETOT  3.53E-07 tst  1.62E-07 PX  1.30E-03
 TTTTTTTTTTTTTTTTTTTTTTTTTTTTTT DIIS        TELAPSE       41.43 TCPU       41.03
 DIIS TEST: 0.36139E-06 AT SCF   CYCLE   6 - DIIS ACTIVE - HISTORY:     6 CYCLES
 TTTTTTTTTTTTTTTTTTTTTTTTTTTTTT FDIK        TELAPSE       41.43 TCPU       41.04
 INSULATING STATE
 TOP OF VALENCE BANDS -    BAND     10; K    1; EIG -1.8548184E-01 AU
 BOTTOM OF VIRTUAL BANDS - BAND     11; K    3; EIG  1.4996502E-01 AU
 INDIRECT ENERGY BAND GAP:   9.1280 eV
 BOTTOM OF VIRTUAL BANDS - BAND     11; K    1; EIG  1.9707963E-01 AU
 TTTTTTTTTTTTTTTTTTTTTTTTTTTTTT PDIG        TELAPSE       41.46 TCPU       41.07
 CHARGE NORMALIZATION FACTOR   1.00000000
 TOTAL ATOMIC CHARGES:
  10.2576219   9.7423781
 TTTTTTTTTTTTTTTTTTTTTTTTTTTTTT MOQGAD      TELAPSE       41.47 TCPU       41.07
 TTTTTTTTTTTTTTTTTTTTTTTTTTTTTT SHELLXN     TELAPSE       46.93 TCPU       46.52
 TTTTTTTTTTTTTTTTTTTTTTTTTTTTTT MONMO3      TELAPSE       46.93 TCPU       46.53
 NUMERICALLY INTEGRATED DENSITY     20.0000566299
 TTTTTTTTTTTTTTTTTTTTTTTTTTTTTT NUMDFT      TELAPSE       47.11 TCPU       46.71
 CYC   7 ETOT(AU) -2.754625433558E+02 DETOT  2.65E-07 tst  4.92E-08 PX  1.03E-03
 TTTTTTTTTTTTTTTTTTTTTTTTTTTTTT DIIS        TELAPSE       47.11 TCPU       46.71
 DIIS TEST: 0.21194E-06 AT SCF   CYCLE   7 - DIIS ACTIVE - HISTORY:     7 CYCLES
 TTTTTTTTTTTTTTTTTTTTTTTTTTTTTT FDIK        TELAPSE       47.12 TCPU       46.71
 INSULATING STATE
 TOP OF VALENCE BANDS -    BAND     10; K    1; EIG -1.8547696E-01 AU
 BOTTOM OF VIRTUAL BANDS - BAND     11; K    3; EIG  1.4997826E-01 AU
 INDIRECT ENERGY BAND GAP:   9.1282 eV
 BOTTOM OF VIRTUAL BANDS - BAND     11; K    1; EIG  1.9732892E-01 AU
 TTTTTTTTTTTTTTTTTTTTTTTTTTTTTT PDIG        TELAPSE       47.15 TCPU       46.74
 CHARGE NORMALIZATION FACTOR   1.00000000
 TOTAL ATOMIC CHARGES:
  10.2576317   9.7423683
 TTTTTTTTTTTTTTTTTTTTTTTTTTTTTT MOQGAD      TELAPSE       47.15 TCPU       46.75
 TTTTTTTTTTTTTTTTTTTTTTTTTTTTTT SHELLXN     TELAPSE       52.61 TCPU       52.20
 TTTTTTTTTTTTTTTTTTTTTTTTTTTTTT MONMO3      TELAPSE       52.62 TCPU       52.20
 NUMERICALLY INTEGRATED DENSITY     20.0000566303
 TTTTTTTTTTTTTTTTTTTTTTTTTTTTTT NUMDFT      TELAPSE       52.80 TCPU       52.38
 CYC   8 ETOT(AU) -2.754625432373E+02 DETOT  1.19E-07 tst  1.82E-08 PX  4.13E-04
 TTTTTTTTTTTTTTTTTTTTTTTTTTTTTT DIIS        TELAPSE       52.80 TCPU       52.39
 DIIS TEST: 0.37276E-07 AT SCF   CYCLE   8 - DIIS ACTIVE - HISTORY:     8 CYCLES
 TTTTTTTTTTTTTTTTTTTTTTTTTTTTTT FDIK        TELAPSE       52.80 TCPU       52.39
 INSULATING STATE
 TOP OF VALENCE BANDS -    BAND     10; K    1; EIG -1.8549024E-01 AU
 BOTTOM OF VIRTUAL BANDS - BAND     11; K    3; EIG  1.4998505E-01 AU
 INDIRECT ENERGY BAND GAP:   9.1288 eV
 BOTTOM OF VIRTUAL BANDS - BAND     11; K    1; EIG  1.9765285E-01 AU
 TTTTTTTTTTTTTTTTTTTTTTTTTTTTTT PDIG        TELAPSE       52.83 TCPU       52.42
 CHARGE NORMALIZATION FACTOR   1.00000000
 TOTAL ATOMIC CHARGES:
  10.2576266   9.7423734
 TTTTTTTTTTTTTTTTTTTTTTTTTTTTTT MOQGAD      TELAPSE       52.84 TCPU       52.43
 TTTTTTTTTTTTTTTTTTTTTTTTTTTTTT SHELLXN     TELAPSE       58.30 TCPU       57.88
 TTTTTTTTTTTTTTTTTTTTTTTTTTTTTT MONMO3      TELAPSE       58.30 TCPU       57.88
 NUMERICALLY INTEGRATED DENSITY     20.0000566302
 TTTTTTTTTTTTTTTTTTTTTTTTTTTTTT NUMDFT      TELAPSE       58.48 TCPU       58.06
 CYC   9 ETOT(AU) -2.754625430882E+02 DETOT  1.49E-07 tst  3.06E-08 PX  4.89E-04
 TTTTTTTTTTTTTTTTTTTTTTTTTTTTTT DIIS        TELAPSE       58.49 TCPU       58.06
 DIIS TEST: 0.50940E-07 AT SCF   CYCLE   9 - DIIS ACTIVE - HISTORY:     9 CYCLES
 TTTTTTTTTTTTTTTTTTTTTTTTTTTTTT FDIK        TELAPSE       58.49 TCPU       58.07
 INSULATING STATE
 TOP OF VALENCE BANDS -    BAND     10; K    1; EIG -1.8549012E-01 AU
 BOTTOM OF VIRTUAL BANDS - BAND     11; K    3; EIG  1.4998486E-01 AU
 INDIRECT ENERGY BAND GAP:   9.1287 eV
 BOTTOM OF VIRTUAL BANDS - BAND     11; K    1; EIG  1.9764785E-01 AU
 TTTTTTTTTTTTTTTTTTTTTTTTTTTTTT PDIG        TELAPSE       58.52 TCPU       58.10
 CHARGE NORMALIZATION FACTOR   1.00000000
 TOTAL ATOMIC CHARGES:
  10.2576244   9.7423756
 TTTTTTTTTTTTTTTTTTTTTTTTTTTTTT MOQGAD      TELAPSE       58.53 TCPU       58.10
 TTTTTTTTTTTTTTTTTTTTTTTTTTTTTT SHELLXN     TELAPSE       63.99 TCPU       63.56
 TTTTTTTTTTTTTTTTTTTTTTTTTTTTTT MONMO3      TELAPSE       63.99 TCPU       63.56
 NUMERICALLY INTEGRATED DENSITY     20.0000566303
 TTTTTTTTTTTTTTTTTTTTTTTTTTTTTT NUMDFT      TELAPSE       64.17 TCPU       63.74
 CYC  10 ETOT(AU) -2.754625430795E+02 DETOT  8.68E-09 tst  5.37E-09 PX  9.04E-05
 TTTTTTTTTTTTTTTTTTTTTTTTTTTTTT DIIS        TELAPSE       64.17 TCPU       63.74
 DIIS TEST: 0.45392E-08 AT SCF   CYCLE  10 - DIIS ACTIVE - HISTORY:    10 CYCLES
 TTTTTTTTTTTTTTTTTTTTTTTTTTTTTT FDIK        TELAPSE       64.18 TCPU       63.75
 INSULATING STATE
 TOP OF VALENCE BANDS -    BAND     10; K    1; EIG -1.8550432E-01 AU
 BOTTOM OF VIRTUAL BANDS - BAND     11; K    3; EIG  1.4999890E-01 AU
 INDIRECT ENERGY BAND GAP:   9.1295 eV
 BOTTOM OF VIRTUAL BANDS - BAND     11; K    1; EIG  1.9806364E-01 AU
 TTTTTTTTTTTTTTTTTTTTTTTTTTTTTT PDIG        TELAPSE       64.21 TCPU       63.78
 CHARGE NORMALIZATION FACTOR   1.00000000
 TOTAL ATOMIC CHARGES:
  10.2576160   9.7423840
 TTTTTTTTTTTTTTTTTTTTTTTTTTTTTT MOQGAD      TELAPSE       64.21 TCPU       63.78
 TTTTTTTTTTTTTTTTTTTTTTTTTTTTTT SHELLXN     TELAPSE       69.67 TCPU       69.24
 +++ ENERGIES IN A.U. +++
 ::: EXT EL-POLE                                  -5.3631427808569E+02
 ::: EXT EL-SPHEROPOLE                             4.3055769404797E+00
 ::: BIELET ZONE E-E                               5.9836864351436E+02
 ::: TOTAL E-E                                     6.6359942369149E+01
 ::: TOTAL E-N + N-E                              -5.2326537407571E+02
 ::: TOTAL N-N                                    -7.2770633517782E+01
 ::: KINETIC ENERGY                                2.7458112008891E+02
 ::: PSEUDO TOTAL   ENERGY                        -2.5509494513543E+02
 ::: VIRIAL COEFFICIENT                            1.0367888530988E+00
 TTTTTTTTTTTTTTTTTTTTTTTTTTTTTT MONMO3      TELAPSE       69.68 TCPU       69.24
 NUMERICALLY INTEGRATED DENSITY     20.0000566301
 EXCHANGE ENERGY: -0.194390383774E+02  CORRELATION ENERGY: -0.928559412408E+00
 TTTTTTTTTTTTTTTTTTTTTTTTTTTTTT NUMDFT      TELAPSE       69.86 TCPU       69.42
 CYC  11 ETOT(AU) -2.754625429253E+02 DETOT  1.54E-07 tst  4.01E-08 PX  9.04E-05

 == SCF ENDED - CONVERGENCE ON ENERGY      E(AU) -2.7546254292527E+02 CYCLES  11


 ENERGY EXPRESSION=HARTREE+FOCK EXCH*0.20000+(BECKE      EXCH)*0.80000+LYP        CORR


 TOTAL ENERGY(DFT)(AU)( 11) -2.7546254292527E+02 DE 1.5E-07 tester 4.0E-08
 TTTTTTTTTTTTTTTTTTTTTTTTTTTTTT EDFT        TELAPSE       69.86 TCPU       69.42

 *******************************************************************************
 *                             FORCE CALCULATION                               *
 *******************************************************************************

 TTTTTTTTTTTTTTTTTTTTTTTTTTTTTT NUMDFG      TELAPSE       71.95 TCPU       71.51
 INFORMATION **** EXCPOG **** EXCH. BIPO BUFFER LENGTH (WORDS) =     2245860
 INFORMATION **** GENPOG **** BIPO BUFFER LENGTH (WORDS) =      348500
 TTTTTTTTTTTTTTTTTTTTTTTTTTTTTT SHELXG      TELAPSE      117.47 TCPU      116.97

 CARTESIAN FORCES IN HARTREE/BOHR (ANALYTICAL)
   ATOM                     X                   Y                   Z
   1  12             4.004275811320E-16  4.561120426633E-16  5.793983520110E-16
   2   8            -4.004275811320E-16 -4.561120426633E-16 -5.793983520110E-16

 RESULTANT FORCE     1.479114197289E-31 -2.958228394579E-31  0.000000000000E+00

 ATOMIC PART

 THERE ARE NO SYMMETRY ALLOWED DIRECTIONS

 CELL PART

 GRADIENT WITH RESPECT TO THE CELL PARAMETER IN HARTREE/BOHR
ORDER: -D/DA1X, -D/DA1Y, -D/DA1Z
       -D/DA2X, -D/DA2Y, -D/DA2Z
       -D/DA3X, -D/DA3Y, -D/DA3Z
 -0.374060139113E-05  0.374060139113E-05  0.374060138965E-05
  0.374060139113E-05 -0.374060139069E-05  0.374060138995E-05
  0.374060139172E-05  0.374060139054E-05 -0.374060138936E-05

STRESS TENSOR, IN HARTREE/BOHR^3:
ORDER: 11 12 13
       21 22 23
       31 32 33
 -0.234371013353E-06 -0.185499008893E-16  0.515224286218E-23
  0.463746414807E-17 -0.234371013316E-06 -0.139124153245E-16
 -0.185499044767E-16 -0.927495706239E-17 -0.234371013251E-06

PRESSURE FROM THE STRESS TENSOR,
IN HARTREE/BOHR^3:  0.23437E-06
PRESSURE IN GIGAPASCAL:  0.6895E-02
CONVERSION FACTOR: 1 HARTREE/BOHR^3= 29421 GIGAPASCAL
WHEN USING VALUES FOR BOHR RADIUS AND HARTREE
FROM IUPAC WEBSITE, APRIL 2009
ENTHALPY: -2.7546251303773E+02
NOW EXTERNAL STRESS TAKEN INTO ACCOUNT

GRADIENT WITH RESPECT TO THE CELL PARAMETER IN HARTREE/BOHR,
AFTER ADDING EXTERNAL STRESS
ORDER: -D/DA1X, -D/DA1Y, -D/DA1Z
       -D/DA2X, -D/DA2Y, -D/DA2Z
       -D/DA3X, -D/DA3Y, -D/DA3Z
 -0.434340982418E-02  0.434340982418E-02  0.434340982417E-02
  0.434340982418E-02 -0.434340982418E-02  0.434340982417E-02
  0.434340982418E-02  0.434340982418E-02 -0.434340982417E-02


 SYMMETRY ALLOWED FORCES (ANALYTICAL) (DIRECTION, FORCE)

    1  6.0109096E-02
 TTTTTTTTTTTTTTTTTTTTTTTTTTTTTT TOTGRA      TELAPSE      117.56 TCPU      117.06

 TOTAL ENERGY CORRECTED: EXTERNAL STRESS CONTRIBUTION =   -0.347E-01
 INFORMATION **** optc001 **** GEOMETRY OUTPUT FILE
 CLASSICAL MODEL (SCHLEGEL) USED AS INITIAL HESSIAN MATRIX
 REFERENCE GEOMETRY DEFINED

 MAX GRADIENT      0.060109  THRESHOLD              0.000450 CONVERGED NO
 RMS GRADIENT      0.060109  THRESHOLD              0.000300 CONVERGED NO

 GRADIENT NORM     0.060109  GRADIENT THRESHOLD     0.500000

 EIGENVALUES OF THE ESTIMATED HESSIAN
   2.779    

 INITIAL TRUST RADIUS    0.5000000000E+00

 PREDICTED ENERGY CHANGE    -0.650E-03

 INITIAL DISPLACEMENTS
  0.021631
 TTTTTTTTTTTTTTTTTTTTTTTTTTTTTT OPTI        TELAPSE      117.57 TCPU      117.07

 OPTOPTOPTOPTOPTOPTOPTOPTOPTOPTOPTOPTOPTOPTOPTOPTOPTOPTOPTOPTOPTOPTOPTOPTOPTOPT

 - INFORMATION ON SCF MOVED TO SCFOUT.LOG
 GEOMETRY OPTIMIZATION INFORMATION STORED IN OPTINFO.DAT

 OPTOPTOPTOPTOPTOPTOPTOPTOPTOPTOPTOPTOPTOPTOPTOPTOPTOPTOPTOPTOPTOPTOPTOPTOPTOPT
 *******************************************************************************
 CELL OPTIMIZATION - POINT    2
 *******************************************************************************
 LATTICE PARAMETERS (ANGSTROMS AND DEGREES) - BOHR = 0.5291772083 ANGSTROM
 PRIMITIVE CELL - CENTRING CODE 5/0 VOLUME=    19.613730 - DENSITY  3.385 g/cm^3
         A              B              C           ALPHA      BETA       GAMMA 
     3.02708814     3.02708814     3.02708814    60.000000  60.000000  60.000000
 *******************************************************************************
 ATOMS IN THE ASYMMETRIC UNIT    2 - ATOMS IN THE UNIT CELL:    2
     ATOM                 X/A                 Y/B                 Z/C    
 *******************************************************************************
      1 T  12 MG    0.000000000000E+00  0.000000000000E+00  0.000000000000E+00
      2 T   8 O    -5.000000000000E-01 -5.000000000000E-01  5.000000000000E-01

 TRANSFORMATION MATRIX PRIMITIVE-CRYSTALLOGRAPHIC CELL
 -1.0000  1.0000  1.0000  1.0000 -1.0000  1.0000  1.0000  1.0000 -1.0000

 *******************************************************************************
 CRYSTALLOGRAPHIC CELL (VOLUME=         78.45492140)
         A              B              C           ALPHA      BETA       GAMMA 
     4.28094910     4.28094910     4.28094910    90.000000  90.000000  90.000000

 COORDINATES IN THE CRYSTALLOGRAPHIC CELL
     ATOM                 X/A                 Y/B                 Z/C    
 *******************************************************************************
      1 T  12 MG    0.000000000000E+00  0.000000000000E+00  0.000000000000E+00
      2 T   8 O    -5.000000000000E-01 -5.000000000000E-01 -5.000000000000E-01

 T = ATOM BELONGING TO THE ASYMMETRIC UNIT

 TOTAL ENERGY CORRECTED: EXTERNAL STRESS CONTRIBUTION =   -0.360E-01

 TOTAL ENERGY(DFT)(AU)( 18) -2.7549804620681E+02     DE (AU)   -8.292E-04

 UPDATED TRUST RADIUS     0.100E+01

 SYMMETRY ALLOWED FORCES  (COORDINATE, FORCE)

    1  1.6982886E-02

 GRADIENT NORM     0.016983  GRADIENT THRESHOLD     0.500000

 EIGENVALUES OF THE ESTIMATED HESSIAN
   1.994    

 PREDICTED ENERGY CHANGE    -0.723E-04

 MAX GRADIENT      0.016983  THRESHOLD              0.000450 CONVERGED NO
 RMS GRADIENT      0.016983  THRESHOLD              0.000300 CONVERGED NO
 MAX DISPLAC.      0.008518  THRESHOLD              0.000930 CONVERGED NO
 RMS DISPLAC.      0.008518  THRESHOLD              0.000620 CONVERGED NO
 TTTTTTTTTTTTTTTTTTTTTTTTTTTTTT OPTI        TELAPSE      307.41 TCPU      270.24
 *******************************************************************************
 CELL OPTIMIZATION - POINT    3
 *******************************************************************************
 LATTICE PARAMETERS (ANGSTROMS AND DEGREES) - BOHR = 0.5291772083 ANGSTROM
 PRIMITIVE CELL - CENTRING CODE 5/0 VOLUME=    19.904535 - DENSITY  3.335 g/cm^3
         A              B              C           ALPHA      BETA       GAMMA 
     3.04197528     3.04197528     3.04197528    60.000000  60.000000  60.000000
 *******************************************************************************
 ATOMS IN THE ASYMMETRIC UNIT    2 - ATOMS IN THE UNIT CELL:    2
     ATOM                 X/A                 Y/B                 Z/C    
 *******************************************************************************
      1 T  12 MG    0.000000000000E+00  0.000000000000E+00  0.000000000000E+00
      2 T   8 O     5.000000000000E-01 -5.000000000000E-01 -5.000000000000E-01

 TRANSFORMATION MATRIX PRIMITIVE-CRYSTALLOGRAPHIC CELL
 -1.0000  1.0000  1.0000  1.0000 -1.0000  1.0000  1.0000  1.0000 -1.0000

 *******************************************************************************
 CRYSTALLOGRAPHIC CELL (VOLUME=         79.61814133)
         A              B              C           ALPHA      BETA       GAMMA 
     4.30200270     4.30200270     4.30200270    90.000000  90.000000  90.000000

 COORDINATES IN THE CRYSTALLOGRAPHIC CELL
     ATOM                 X/A                 Y/B                 Z/C    
 *******************************************************************************
      1 T  12 MG    0.000000000000E+00  0.000000000000E+00  0.000000000000E+00
      2 T   8 O     5.000000000000E-01 -5.000000000000E-01 -5.000000000000E-01

 T = ATOM BELONGING TO THE ASYMMETRIC UNIT

 TOTAL ENERGY CORRECTED: EXTERNAL STRESS CONTRIBUTION =   -0.365E-01

 TOTAL ENERGY(DFT)(AU)( 14) -2.7549812411919E+02     DE (AU)   -7.791E-05

 UPDATED TRUST RADIUS     0.200E+01

 SYMMETRY ALLOWED FORCES  (COORDINATE, FORCE)

    1  8.2592892E-04

 GRADIENT NORM     0.000826  GRADIENT THRESHOLD     0.500000

 EIGENVALUES OF THE ESTIMATED HESSIAN
   1.897    

 PREDICTED ENERGY CHANGE    -0.180E-06

 MAX GRADIENT      0.000826  THRESHOLD              0.000450 CONVERGED NO
 RMS GRADIENT      0.000826  THRESHOLD              0.000300 CONVERGED NO
 MAX DISPLAC.      0.000435  THRESHOLD              0.000930 CONVERGED YES
 RMS DISPLAC.      0.000435  THRESHOLD              0.000620 CONVERGED YES
 TTTTTTTTTTTTTTTTTTTTTTTTTTTTTT OPTI        TELAPSE      469.90 TCPU      401.33
 *******************************************************************************
 CELL OPTIMIZATION - POINT    4
 *******************************************************************************
 LATTICE PARAMETERS (ANGSTROMS AND DEGREES) - BOHR = 0.5291772083 ANGSTROM
 PRIMITIVE CELL - CENTRING CODE 5/0 VOLUME=    19.919551 - DENSITY  3.333 g/cm^3
         A              B              C           ALPHA      BETA       GAMMA 
     3.04274004     3.04274004     3.04274004    60.000000  60.000000  60.000000
 *******************************************************************************
 ATOMS IN THE ASYMMETRIC UNIT    2 - ATOMS IN THE UNIT CELL:    2
     ATOM                 X/A                 Y/B                 Z/C    
 *******************************************************************************
      1 T  12 MG    0.000000000000E+00  0.000000000000E+00  0.000000000000E+00
      2 T   8 O     5.000000000000E-01 -5.000000000000E-01 -5.000000000000E-01

 TRANSFORMATION MATRIX PRIMITIVE-CRYSTALLOGRAPHIC CELL
 -1.0000  1.0000  1.0000  1.0000 -1.0000  1.0000  1.0000  1.0000 -1.0000

 *******************************************************************************
 CRYSTALLOGRAPHIC CELL (VOLUME=         79.67820500)
         A              B              C           ALPHA      BETA       GAMMA 
     4.30308423     4.30308423     4.30308423    90.000000  90.000000  90.000000

 COORDINATES IN THE CRYSTALLOGRAPHIC CELL
     ATOM                 X/A                 Y/B                 Z/C    
 *******************************************************************************
      1 T  12 MG    0.000000000000E+00  0.000000000000E+00  0.000000000000E+00
      2 T   8 O     5.000000000000E-01 -5.000000000000E-01 -5.000000000000E-01

 T = ATOM BELONGING TO THE ASYMMETRIC UNIT

 TOTAL ENERGY CORRECTED: EXTERNAL STRESS CONTRIBUTION =   -0.366E-01

 TOTAL ENERGY(DFT)(AU)( 10) -2.7549812411843E+02     DE (AU)    7.597E-10

 UPDATED TRUST RADIUS     0.109E-03

 SYMMETRY ALLOWED FORCES  (COORDINATE, FORCE)

    1  1.1611939E-05

 GRADIENT NORM     0.000012  GRADIENT THRESHOLD     0.500000

 EIGENVALUES OF THE ESTIMATED HESSIAN
   1.870    

 PREDICTED ENERGY CHANGE    -0.361E-10

 MAX GRADIENT      0.000012  THRESHOLD              0.000450 CONVERGED YES
 RMS GRADIENT      0.000012  THRESHOLD              0.000300 CONVERGED YES
 MAX DISPLAC.      0.000006  THRESHOLD              0.000930 CONVERGED YES
 RMS DISPLAC.      0.000006  THRESHOLD              0.000620 CONVERGED YES

 CONVERGENCE TESTS SATISFIED AFTER   4 ENERGY AND GRADIENT CALCULATIONS
 +++++++++++++++++++++++++++++++++++++++++++++++++++++++++++++++++++++++++++++++
 FINALRUN OPTION: RE-STARTING OPTIMIZATION
 +++++++++++++++++++++++++++++++++++++++++++++++++++++++++++++++++++++++++++++++
 TTTTTTTTTTTTTTTTTTTTTTTTTTTTTT OPTI        TELAPSE      605.50 TCPU      510.10
 *******************************************************************************
 CELL OPTIMIZATION - POINT    5
 *******************************************************************************
 LATTICE PARAMETERS (ANGSTROMS AND DEGREES) - BOHR = 0.5291772083 ANGSTROM
 PRIMITIVE CELL - CENTRING CODE 5/0 VOLUME=    19.919765 - DENSITY  3.333 g/cm^3
         A              B              C           ALPHA      BETA       GAMMA 
     3.04275095     3.04275095     3.04275095    60.000000  60.000000  60.000000
 *******************************************************************************
 ATOMS IN THE ASYMMETRIC UNIT    2 - ATOMS IN THE UNIT CELL:    2
     ATOM                 X/A                 Y/B                 Z/C    
 *******************************************************************************
      1 T  12 MG    0.000000000000E+00  0.000000000000E+00  0.000000000000E+00
      2 T   8 O    -5.000000000000E-01 -5.000000000000E-01 -5.000000000000E-01

 TRANSFORMATION MATRIX PRIMITIVE-CRYSTALLOGRAPHIC CELL
 -1.0000  1.0000  1.0000  1.0000 -1.0000  1.0000  1.0000  1.0000 -1.0000

 *******************************************************************************
 CRYSTALLOGRAPHIC CELL (VOLUME=         79.67906192)
         A              B              C           ALPHA      BETA       GAMMA 
     4.30309966     4.30309966     4.30309966    90.000000  90.000000  90.000000

 COORDINATES IN THE CRYSTALLOGRAPHIC CELL
     ATOM                 X/A                 Y/B                 Z/C    
 *******************************************************************************
      1 T  12 MG    0.000000000000E+00  0.000000000000E+00  0.000000000000E+00
      2 T   8 O     5.000000000000E-01 -5.000000000000E-01 -5.000000000000E-01

 T = ATOM BELONGING TO THE ASYMMETRIC UNIT

 REFERENCE GEOMETRY WILL BE CHANGED

 TOTAL ENERGY CORRECTED: EXTERNAL STRESS CONTRIBUTION =   -0.366E-01

 TOTAL ENERGY(DFT)(AU)(  5) -2.7549802978348E+02     DE (AU)    9.433E-05

 SYMMETRY ALLOWED FORCES  (COORDINATE, FORCE)

    1 -3.3620214E-04

 GRADIENT NORM     0.000336  GRADIENT THRESHOLD     0.500000

 HESSIAN UPDATE SKIPPED

 EIGENVALUES OF THE ESTIMATED HESSIAN
   1.870    
 NEWTON STEP ( 0.1797781893E-03) EXCEEDS TRUST RADIUS ( 0.1088604246E-03)
 LEVEL SHIFT    -0.1218283864E+01

 PREDICTED ENERGY CHANGE    -0.255E-07

 MAX GRADIENT      0.000336  THRESHOLD              0.000450 CONVERGED YES
 RMS GRADIENT      0.000336  THRESHOLD              0.000300 CONVERGED NO
 MAX DISPLAC.      0.000109  THRESHOLD              0.000930 CONVERGED YES
 RMS DISPLAC.      0.000109  THRESHOLD              0.000620 CONVERGED YES
 TTTTTTTTTTTTTTTTTTTTTTTTTTTTTT OPTI        TELAPSE      685.61 TCPU      571.54
 *******************************************************************************
 CELL OPTIMIZATION - POINT    6
 *******************************************************************************
 LATTICE PARAMETERS (ANGSTROMS AND DEGREES) - BOHR = 0.5291772083 ANGSTROM
 PRIMITIVE CELL - CENTRING CODE 5/0 VOLUME=    19.916010 - DENSITY  3.333 g/cm^3
         A              B              C           ALPHA      BETA       GAMMA 
     3.04255971     3.04255971     3.04255971    60.000000  60.000000  60.000000
 *******************************************************************************
 ATOMS IN THE ASYMMETRIC UNIT    2 - ATOMS IN THE UNIT CELL:    2
     ATOM                 X/A                 Y/B                 Z/C    
 *******************************************************************************
      1 T  12 MG    0.000000000000E+00  0.000000000000E+00  0.000000000000E+00
      2 T   8 O    -5.000000000000E-01 -5.000000000000E-01  5.000000000000E-01

 TRANSFORMATION MATRIX PRIMITIVE-CRYSTALLOGRAPHIC CELL
 -1.0000  1.0000  1.0000  1.0000 -1.0000  1.0000  1.0000  1.0000 -1.0000

 *******************************************************************************
 CRYSTALLOGRAPHIC CELL (VOLUME=         79.66403924)
         A              B              C           ALPHA      BETA       GAMMA 
     4.30282920     4.30282920     4.30282920    90.000000  90.000000  90.000000

 COORDINATES IN THE CRYSTALLOGRAPHIC CELL
     ATOM                 X/A                 Y/B                 Z/C    
 *******************************************************************************
      1 T  12 MG    0.000000000000E+00  0.000000000000E+00  0.000000000000E+00
      2 T   8 O    -5.000000000000E-01 -5.000000000000E-01 -5.000000000000E-01

 T = ATOM BELONGING TO THE ASYMMETRIC UNIT

 TOTAL ENERGY CORRECTED: EXTERNAL STRESS CONTRIBUTION =   -0.365E-01

 TOTAL ENERGY(DFT)(AU)( 10) -2.7549803001571E+02     DE (AU)   -2.322E-07

 UPDATED TRUST RADIUS     0.218E-03

 SYMMETRY ALLOWED FORCES  (COORDINATE, FORCE)

    1 -1.0623952E-04

 GRADIENT NORM     0.000106  GRADIENT THRESHOLD     0.500000

 EIGENVALUES OF THE ESTIMATED HESSIAN
   2.112    

 PREDICTED ENERGY CHANGE    -0.267E-08

 MAX GRADIENT      0.000106  THRESHOLD              0.000450 CONVERGED YES
 RMS GRADIENT      0.000106  THRESHOLD              0.000300 CONVERGED YES
 MAX DISPLAC.      0.000050  THRESHOLD              0.000930 CONVERGED YES
 RMS DISPLAC.      0.000050  THRESHOLD              0.000620 CONVERGED YES

 CONVERGENCE TESTS SATISFIED AFTER   6 ENERGY AND GRADIENT CALCULATIONS
 +++++++++++++++++++++++++++++++++++++++++++++++++++++++++++++++++++++++++++++++
 FINALRUN OPTION: RE-STARTING OPTIMIZATION
 +++++++++++++++++++++++++++++++++++++++++++++++++++++++++++++++++++++++++++++++
 TTTTTTTTTTTTTTTTTTTTTTTTTTTTTT OPTI        TELAPSE      790.61 TCPU      654.42
 *******************************************************************************
 CELL OPTIMIZATION - POINT    7
 *******************************************************************************
 LATTICE PARAMETERS (ANGSTROMS AND DEGREES) - BOHR = 0.5291772083 ANGSTROM
 PRIMITIVE CELL - CENTRING CODE 5/0 VOLUME=    19.914275 - DENSITY  3.334 g/cm^3
         A              B              C           ALPHA      BETA       GAMMA 
     3.04247136     3.04247136     3.04247136    60.000000  60.000000  60.000000
 *******************************************************************************
 ATOMS IN THE ASYMMETRIC UNIT    2 - ATOMS IN THE UNIT CELL:    2
     ATOM                 X/A                 Y/B                 Z/C    
 *******************************************************************************
      1 T  12 MG    0.000000000000E+00  0.000000000000E+00  0.000000000000E+00
      2 T   8 O     5.000000000000E-01  5.000000000000E-01  5.000000000000E-01

 TRANSFORMATION MATRIX PRIMITIVE-CRYSTALLOGRAPHIC CELL
 -1.0000  1.0000  1.0000  1.0000 -1.0000  1.0000  1.0000  1.0000 -1.0000

 *******************************************************************************
 CRYSTALLOGRAPHIC CELL (VOLUME=         79.65710004)
         A              B              C           ALPHA      BETA       GAMMA 
     4.30270427     4.30270427     4.30270427    90.000000  90.000000  90.000000

 COORDINATES IN THE CRYSTALLOGRAPHIC CELL
     ATOM                 X/A                 Y/B                 Z/C    
 *******************************************************************************
      1 T  12 MG    0.000000000000E+00  0.000000000000E+00  0.000000000000E+00
      2 T   8 O    -5.000000000000E-01  5.000000000000E-01  5.000000000000E-01

 T = ATOM BELONGING TO THE ASYMMETRIC UNIT

 REFERENCE GEOMETRY WILL BE CHANGED

 TOTAL ENERGY CORRECTED: EXTERNAL STRESS CONTRIBUTION =   -0.365E-01

 TOTAL ENERGY(DFT)(AU)( 10) -2.7549802941983E+02     DE (AU)    5.959E-07

 SYMMETRY ALLOWED FORCES  (COORDINATE, FORCE)

    1 -9.9924567E-06

 GRADIENT NORM     0.000010  GRADIENT THRESHOLD     0.500000

 HESSIAN UPDATE SKIPPED

 EIGENVALUES OF THE ESTIMATED HESSIAN
   2.112    

 PREDICTED ENERGY CHANGE    -0.236E-10

 MAX GRADIENT      0.000010  THRESHOLD              0.000450 CONVERGED YES
 RMS GRADIENT      0.000010  THRESHOLD              0.000300 CONVERGED YES
 MAX DISPLAC.      0.000005  THRESHOLD              0.000930 CONVERGED YES
 RMS DISPLAC.      0.000005  THRESHOLD              0.000620 CONVERGED YES

 CONVERGENCE TESTS SATISFIED AFTER   7 ENERGY AND GRADIENT CALCULATIONS

 ******************************************************************
 * OPT END - CONVERGED * E(AU):  -2.754980294198E+02  POINTS    7 *
 ******************************************************************

   BAND GAP:                      8.7472  eV 

 EIGENVECTORS IN FORTRAN UNIT  8

 NEIGHBORS OF THE NON-EQUIVALENT ATOMS

 N = NUMBER OF NEIGHBORS AT DISTANCE R
    ATOM  N     R/ANG      R/AU   NEIGHBORS (ATOM LABELS AND CELL INDICES)
   1 MG   6     2.1514     4.0655    2 O   -1 0 0    2 O    0-1 0    2 O    0 0-1
                                     2 O   -1-1 0    2 O   -1 0-1    2 O    0-1-1
   1 MG  12     3.0425     5.7494    1 MG  -1 0 0    1 MG   1 0 0    1 MG  -1 0 1
                                     1 MG   1 0-1    1 MG  -1 1 0    1 MG   1-1 0
                                     1 MG   0-1 0    1 MG   0 1 0    1 MG   0-1 1
                                     1 MG   0 1-1    1 MG   0 0-1    1 MG   0 0 1
   1 MG   8     3.7263     7.0416    2 O    0 0 0    2 O   -1-1 1    2 O   -1 1-1
                                     2 O    1-1-1    2 O   -2 0 0    2 O    0-2 0
                                     2 O    0 0-2    2 O   -1-1-1
   1 MG   6     4.3027     8.1309    1 MG  -1-1 1    1 MG   1 1-1    1 MG  -1 1-1
                                     1 MG   1-1 1    1 MG  -1 1 1    1 MG   1-1-1
   1 MG  24     4.8106     9.0907    2 O    1 0-1    2 O   -1 0 1    2 O    1-1 0
                                     2 O   -1 1 0    2 O    0 1-1    2 O    0-1 1
                                     2 O   -2 0 1    2 O   -2 1 0    2 O    1 0-2
                                     2 O    1-2 0    2 O    0-2 1    2 O    0 1-2
                                     2 O   -2-1 1    2 O   -2 1-1    2 O   -1-2 1
                                     2 O   -1 1-2    2 O    1-1-2    2 O    1-2-1
                                     2 O   -2-1 0    2 O   -2 0-1    2 O   -1-2 0
                                     2 O   -1 0-2    2 O    0-2-1    2 O    0-1-2
   1 MG  24     5.2697     9.9583    1 MG  -2 0 1    1 MG   2 0-1    1 MG  -2 1 0
                                     1 MG   2-1 0    1 MG  -2 1 1    1 MG   2-1-1
                                     1 MG  -1-1 0    1 MG   1 1 0    1 MG  -1-1 2
                                     1 MG   1 1-2    1 MG  -1 0-1    1 MG   1 0 1
                                     1 MG  -1 0 2    1 MG   1 0-2    1 MG  -1 2-1
                                     1 MG   1-2 1    1 MG  -1 2 0    1 MG   1-2 0
                                     1 MG   0-2 1    1 MG   0 2-1    1 MG   0-1-1
                                     1 MG   0 1 1    1 MG   0-1 2    1 MG   0 1-2

   2 O    6     2.1514     4.0655    1 MG   1 0 0    1 MG   0 1 0    1 MG   0 0 1
                                     1 MG   1 1 0    1 MG   1 0 1    1 MG   0 1 1
   2 O   12     3.0425     5.7494    2 O   -1 0 0    2 O    1 0 0    2 O   -1 0 1
                                     2 O    1 0-1    2 O   -1 1 0    2 O    1-1 0
                                     2 O    0-1 0    2 O    0 1 0    2 O    0-1 1
                                     2 O    0 1-1    2 O    0 0-1    2 O    0 0 1
   2 O    8     3.7263     7.0416    1 MG   0 0 0    1 MG   1 1-1    1 MG   1-1 1
                                     1 MG  -1 1 1    1 MG   2 0 0    1 MG   0 2 0
                                     1 MG   0 0 2    1 MG   1 1 1
   2 O    6     4.3027     8.1309    2 O   -1-1 1    2 O    1 1-1    2 O   -1 1-1
                                     2 O    1-1 1    2 O   -1 1 1    2 O    1-1-1
   2 O   24     4.8106     9.0907    1 MG  -1 0 1    1 MG   1 0-1    1 MG  -1 1 0
                                     1 MG   1-1 0    1 MG   0-1 1    1 MG   0 1-1
                                     1 MG   2 0-1    1 MG   2-1 0    1 MG  -1 0 2
                                     1 MG  -1 2 0    1 MG   0 2-1    1 MG   0-1 2
                                     1 MG   2 1-1    1 MG   2-1 1    1 MG   1 2-1
                                     1 MG   1-1 2    1 MG  -1 1 2    1 MG  -1 2 1
                                     1 MG   2 1 0    1 MG   2 0 1    1 MG   1 2 0
                                     1 MG   1 0 2    1 MG   0 2 1    1 MG   0 1 2
   2 O   24     5.2697     9.9583    2 O   -2 0 1    2 O    2 0-1    2 O   -2 1 0
                                     2 O    2-1 0    2 O   -2 1 1    2 O    2-1-1
                                     2 O   -1-1 0    2 O    1 1 0    2 O   -1-1 2
                                     2 O    1 1-2    2 O   -1 0-1    2 O    1 0 1
                                     2 O   -1 0 2    2 O    1 0-2    2 O   -1 2-1
                                     2 O    1-2 1    2 O   -1 2 0    2 O    1-2 0
                                     2 O    0-2 1    2 O    0 2-1    2 O    0-1-1
                                     2 O    0 1 1    2 O    0-1 2    2 O    0 1-2


 FINAL OPTIMIZED GEOMETRY - DIMENSIONALITY OF THE SYSTEM      3
 (NON PERIODIC DIRECTION: LATTICE PARAMETER FORMALLY SET TO 500)
 *******************************************************************************
 LATTICE PARAMETERS (ANGSTROMS AND DEGREES) - BOHR = 0.5291772083 ANGSTROM
 PRIMITIVE CELL - CENTRING CODE 5/0 VOLUME=    19.914275 - DENSITY  3.334 g/cm^3
         A              B              C           ALPHA      BETA       GAMMA 
     3.04247136     3.04247136     3.04247136    60.000000  60.000000  60.000000
 *******************************************************************************
 ATOMS IN THE ASYMMETRIC UNIT    2 - ATOMS IN THE UNIT CELL:    2
     ATOM                 X/A                 Y/B                 Z/C    
 *******************************************************************************
      1 T  12 MG    0.000000000000E+00  0.000000000000E+00  0.000000000000E+00
      2 T   8 O     5.000000000000E-01  5.000000000000E-01  5.000000000000E-01

 TRANSFORMATION MATRIX PRIMITIVE-CRYSTALLOGRAPHIC CELL
 -1.0000  1.0000  1.0000  1.0000 -1.0000  1.0000  1.0000  1.0000 -1.0000

 *******************************************************************************
 CRYSTALLOGRAPHIC CELL (VOLUME=         79.65710004)
         A              B              C           ALPHA      BETA       GAMMA 
     4.30270427     4.30270427     4.30270427    90.000000  90.000000  90.000000

 COORDINATES IN THE CRYSTALLOGRAPHIC CELL
     ATOM                 X/A                 Y/B                 Z/C    
 *******************************************************************************
      1 T  12 MG    0.000000000000E+00  0.000000000000E+00  0.000000000000E+00
      2 T   8 O    -5.000000000000E-01  5.000000000000E-01  5.000000000000E-01

 T = ATOM BELONGING TO THE ASYMMETRIC UNIT
 INFORMATION **** fort.34 **** GEOMETRY OUTPUT FILE

 DIRECT LATTICE VECTORS CARTESIAN COMPONENTS (ANGSTROM)
          X                    Y                    Z
   0.000000000000E+00   0.215135213345E+01   0.215135213345E+01
   0.215135213345E+01   0.000000000000E+00   0.215135213345E+01
   0.215135213345E+01   0.215135213345E+01   0.000000000000E+00


 CARTESIAN COORDINATES - PRIMITIVE CELL
 *******************************************************************************
 *      ATOM          X(ANGSTROM)         Y(ANGSTROM)         Z(ANGSTROM)
 *******************************************************************************
    1    12 MG    0.000000000000E+00  0.000000000000E+00  0.000000000000E+00
    2     8 O     2.151352133449E+00  2.151352133449E+00  2.151352133449E+00

 DFT PARAMETERS

     ATOM       ELECTRONS   NET CHARGE   R(ANGSTROM)
   1  12  MG     12.0000      0.0000     1.60000000
   2   8  O       8.0000      0.0000     0.74000000

 SIZE OF GRID=       1321
 TTTTTTTTTTTTTTTTTTTTTTTTTTTTTT MAKE_GRID2  TELAPSE      899.95 TCPU      737.96
 BECKE WEIGHT FUNCTION
 RADSAFE =     2.00
 TOLERANCES - DENSITY:10**- 6; POTENTIAL:10**- 9; GRID WGT:10**-14

 RADIAL INTEGRATION  - INTERVALS (POINTS,UPPER LIMIT):            1( 75,  4.0*R)

 ANGULAR INTEGRATION - INTERVALS (ACCURACY LEVEL [N. POINTS] UPPER LIMIT):
  1(  4[  86]   0.2)  2(  8[ 194]   0.5)  3( 12[ 350]   0.9)  4( 16[ 974]   3.5)
  5( 12[ 350]9999.0)
 EEEEEEEEEE INT_CALC TERMINATION  DATE 20 07 2026 TIME 15:10:59.4

 *******************************************************************************
 MGO Bulk - B3LYP/POB-TZVP - Elastic constant calculation - P -8 GPa             
 CRYSTAL - SCF - TYPE OF CALCULATION :  RESTRICTED CLOSED SHELL
 *******************************************************************************

 CAPPA:IS1 12;IS2 12;IS3 12; K PTS MONK NET  72; SYMMOPS:K SPACE  48;G SPACE  48

 TTTTTTTTTTTTTTTTTTTTTTTTTTTTTT SDIK        TELAPSE      900.01 TCPU      738.02

 INFORMATION FROM INTEGRAL EVALUATION

 RESTART FROM A PREVIOUS DENSITY MATRIX - DEP ACTIVE
 NUMBER OF COUPLE SETS (NEW, OLD, FOUND):     150     150     150
 NUMBER OF IRREDUCIBLE G VECTORS        :     723     723     723

 *******************************************************************************
 LOCAL ATOMIC FUNCTIONS BASIS SET
 *******************************************************************************
   ATOM   X(AU)   Y(AU)   Z(AU)  N. TYPE  EXPONENT  S COEF   P COEF   D/F/G COEF
 *******************************************************************************
   1 MG   0.000   0.000   0.000
                                  1 S  
                                         3.144E+04 2.367E+00 0.000E+00 0.000E+00
                                         4.716E+03 4.408E+00 0.000E+00 0.000E+00
                                         1.073E+03 7.447E+00 0.000E+00 0.000E+00
                                         3.036E+02 1.121E+01 0.000E+00 0.000E+00
                                         9.863E+01 1.372E+01 0.000E+00 0.000E+00
                                         3.494E+01 1.133E+01 0.000E+00 0.000E+00
                                         1.286E+01 3.766E+00 0.000E+00 0.000E+00
                                  2 S  
                                         6.488E+01 2.152E+00 0.000E+00 0.000E+00
                                         1.973E+01 4.177E+00 0.000E+00 0.000E+00
                                         2.895E+00-4.311E+00 0.000E+00 0.000E+00
                                  3 S  
                                         1.196E+00 1.544E+00 0.000E+00 0.000E+00
                                         5.433E-01 2.647E-01 0.000E+00 0.000E+00
                                  4 S  
                                         1.347E+00 2.167E+00 0.000E+00 0.000E+00
                                  5 S  
                                         3.451E-01 7.804E-01 0.000E+00 0.000E+00
                           6-     8 P  
                                         1.799E+02 0.000E+00 1.419E+01 0.000E+00
                                         4.212E+01 0.000E+00 1.689E+01 0.000E+00
                                         1.312E+01 0.000E+00 1.574E+01 0.000E+00
                                         4.626E+00 0.000E+00 9.756E+00 0.000E+00
                                         1.670E+00 0.000E+00 3.460E+00 0.000E+00
                           9-    11 P  
                                         5.663E-01 0.000E+00 1.703E+00 0.000E+00
                          12-    14 P  
                                         1.881E-01 0.000E+00 4.296E-01 0.000E+00
                          15-    19 D  
                                         6.936E-01 0.000E+00 0.000E+00 2.110E+00
   2 O    4.065   4.065   4.065
                                 20 S  
                                         2.703E+04 2.091E+00 0.000E+00 0.000E+00
                                         4.052E+03 3.905E+00 0.000E+00 0.000E+00
                                         9.223E+02 6.678E+00 0.000E+00 0.000E+00
                                         2.612E+02 1.045E+01 0.000E+00 0.000E+00
                                         8.535E+01 1.430E+01 0.000E+00 0.000E+00
                                         3.104E+01 1.536E+01 0.000E+00 0.000E+00
                                 21 S  
                                         1.226E+01 7.251E+00 0.000E+00 0.000E+00
                                         4.999E+00 2.291E+00 0.000E+00 0.000E+00
                                 22 S  
                                         1.099E+00 1.860E+00 0.000E+00 0.000E+00
                                 23 S  
                                         3.566E-01 7.999E-01 0.000E+00 0.000E+00
                          24-    26 P  
                                         6.327E+01 0.000E+00 7.435E+00 0.000E+00
                                         1.463E+01 0.000E+00 8.231E+00 0.000E+00
                                         4.450E+00 0.000E+00 7.168E+00 0.000E+00
                                         1.528E+00 0.000E+00 4.163E+00 0.000E+00
                          27-    29 P  
                                         5.490E-01 0.000E+00 1.638E+00 0.000E+00
                          30-    32 P  
                                         1.859E-01 0.000E+00 4.231E-01 0.000E+00
                          33-    37 D  
                                         2.535E-01 0.000E+00 0.000E+00 3.624E-01
 CHARGE NORMALIZATION FACTOR   1.00000000
 TOTAL ATOMIC CHARGES:
  10.2824079   9.7175921
 TTTTTTTTTTTTTTTTTTTTTTTTTTTTTT MOQGAD      TELAPSE      900.02 TCPU      738.03
 TTTTTTTTTTTTTTTTTTTTTTTTTTTTTT SHELLXN     TELAPSE      904.21 TCPU      742.21
 TTTTTTTTTTTTTTTTTTTTTTTTTTTTTT MONMO3      TELAPSE      904.21 TCPU      742.22
 NUMERICALLY INTEGRATED DENSITY     20.0000762362
 TTTTTTTTTTTTTTTTTTTTTTTTTTTTTT NUMDFT      TELAPSE      904.35 TCPU      742.35
 CYC   0 ETOT(AU) -2.754614884388E+02 DETOT -2.75E+02 tst  3.71E-11 PX  1.00E+00
 TTTTTTTTTTTTTTTTTTTTTTTTTTTTTT DIIS        TELAPSE      904.35 TCPU      742.36
 TTTTTTTTTTTTTTTTTTTTTTTTTTTTTT FDIK        TELAPSE      904.36 TCPU      742.36
 INSULATING STATE
 TOP OF VALENCE BANDS -    BAND     10; K    1; EIG -1.9289236E-01 AU
 BOTTOM OF VIRTUAL BANDS - BAND     11; K    3; EIG  1.2855527E-01 AU
 INDIRECT ENERGY BAND GAP:   8.7470 eV
 BOTTOM OF VIRTUAL BANDS - BAND     11; K    1; EIG  1.9415795E-01 AU
 TTTTTTTTTTTTTTTTTTTTTTTTTTTTTT PDIG        TELAPSE      904.39 TCPU      742.39
 CHARGE NORMALIZATION FACTOR   1.00000000
 TOTAL ATOMIC CHARGES:
  10.2824114   9.7175886
 TTTTTTTTTTTTTTTTTTTTTTTTTTTTTT MOQGAD      TELAPSE      904.39 TCPU      742.40
 TTTTTTTTTTTTTTTTTTTTTTTTTTTTTT SHELLXN     TELAPSE      908.59 TCPU      746.58
 TTTTTTTTTTTTTTTTTTTTTTTTTTTTTT MONMO3      TELAPSE      908.59 TCPU      746.59
 NUMERICALLY INTEGRATED DENSITY     20.0000762364
 TTTTTTTTTTTTTTTTTTTTTTTTTTTTTT NUMDFT      TELAPSE      908.74 TCPU      746.74
 CYC   1 ETOT(AU) -2.754614884715E+02 DETOT -3.27E-08 tst  0.00E+00 PX  1.16E-04
 TTTTTTTTTTTTTTTTTTTTTTTTTTTTTT DIIS        TELAPSE      908.74 TCPU      746.74
 DIIS TEST: 0.26787E-09 AT SCF   CYCLE   1 - MIX   30 %
 TTTTTTTTTTTTTTTTTTTTTTTTTTTTTT FDIK        TELAPSE      908.75 TCPU      746.74
 INSULATING STATE
 TOP OF VALENCE BANDS -    BAND     10; K    1; EIG -1.9289613E-01 AU
 BOTTOM OF VIRTUAL BANDS - BAND     11; K    3; EIG  1.2855196E-01 AU
 INDIRECT ENERGY BAND GAP:   8.7471 eV
 BOTTOM OF VIRTUAL BANDS - BAND     11; K    1; EIG  1.9413656E-01 AU
 TTTTTTTTTTTTTTTTTTTTTTTTTTTTTT PDIG        TELAPSE      908.78 TCPU      746.77
 CHARGE NORMALIZATION FACTOR   1.00000000
 TOTAL ATOMIC CHARGES:
  10.2824067   9.7175933
 TTTTTTTTTTTTTTTTTTTTTTTTTTTTTT MOQGAD      TELAPSE      908.78 TCPU      746.78
 TTTTTTTTTTTTTTTTTTTTTTTTTTTTTT SHELLXN     TELAPSE      912.97 TCPU      750.96
 TTTTTTTTTTTTTTTTTTTTTTTTTTTTTT MONMO3      TELAPSE      912.98 TCPU      750.97
 NUMERICALLY INTEGRATED DENSITY     20.0000762361
 TTTTTTTTTTTTTTTTTTTTTTTTTTTTTT NUMDFT      TELAPSE      913.13 TCPU      751.12
 CYC   2 ETOT(AU) -2.754614884890E+02 DETOT -1.75E-08 tst  1.61E-10 PX  5.26E-05
 TTTTTTTTTTTTTTTTTTTTTTTTTTTTTT DIIS        TELAPSE      913.13 TCPU      751.12
 DIIS TEST: 0.21828E-09 AT SCF   CYCLE   2 - DIIS ACTIVE - HISTORY:     2 CYCLES
 TTTTTTTTTTTTTTTTTTTTTTTTTTTTTT FDIK        TELAPSE      913.14 TCPU      751.13
 INSULATING STATE
 TOP OF VALENCE BANDS -    BAND     10; K    1; EIG -1.9289461E-01 AU
 BOTTOM OF VIRTUAL BANDS - BAND     11; K    3; EIG  1.2855175E-01 AU
 INDIRECT ENERGY BAND GAP:   8.7470 eV
 BOTTOM OF VIRTUAL BANDS - BAND     11; K    1; EIG  1.9412216E-01 AU
 TTTTTTTTTTTTTTTTTTTTTTTTTTTTTT PDIG        TELAPSE      913.17 TCPU      751.16
 CHARGE NORMALIZATION FACTOR   1.00000000
 TOTAL ATOMIC CHARGES:
  10.2824082   9.7175918
 TTTTTTTTTTTTTTTTTTTTTTTTTTTTTT MOQGAD      TELAPSE      913.17 TCPU      751.16
 TTTTTTTTTTTTTTTTTTTTTTTTTTTTTT SHELLXN     TELAPSE      917.36 TCPU      755.35
 TTTTTTTTTTTTTTTTTTTTTTTTTTTTTT MONMO3      TELAPSE      917.36 TCPU      755.35
 NUMERICALLY INTEGRATED DENSITY     20.0000762362
 TTTTTTTTTTTTTTTTTTTTTTTTTTTTTT NUMDFT      TELAPSE      917.52 TCPU      755.50
 CYC   3 ETOT(AU) -2.754614885044E+02 DETOT -1.54E-08 tst  8.48E-11 PX  5.33E-05
 TTTTTTTTTTTTTTTTTTTTTTTTTTTTTT DIIS        TELAPSE      917.52 TCPU      755.50
 DIIS TEST: 0.97846E-10 AT SCF   CYCLE   3 - DIIS ACTIVE - HISTORY:     3 CYCLES
 TTTTTTTTTTTTTTTTTTTTTTTTTTTTTT FDIK        TELAPSE      917.53 TCPU      755.51
 INSULATING STATE
 TOP OF VALENCE BANDS -    BAND     10; K    1; EIG -1.9289459E-01 AU
 BOTTOM OF VIRTUAL BANDS - BAND     11; K    3; EIG  1.2855145E-01 AU
 INDIRECT ENERGY BAND GAP:   8.7470 eV
 BOTTOM OF VIRTUAL BANDS - BAND     11; K    1; EIG  1.9411799E-01 AU
 TTTTTTTTTTTTTTTTTTTTTTTTTTTTTT PDIG        TELAPSE      917.56 TCPU      755.54
 CHARGE NORMALIZATION FACTOR   1.00000000
 TOTAL ATOMIC CHARGES:
  10.2824082   9.7175918
 TTTTTTTTTTTTTTTTTTTTTTTTTTTTTT MOQGAD      TELAPSE      917.56 TCPU      755.54
 TTTTTTTTTTTTTTTTTTTTTTTTTTTTTT SHELLXN     TELAPSE      921.75 TCPU      759.73
 TTTTTTTTTTTTTTTTTTTTTTTTTTTTTT MONMO3      TELAPSE      921.75 TCPU      759.73
 NUMERICALLY INTEGRATED DENSITY     20.0000762362
 TTTTTTTTTTTTTTTTTTTTTTTTTTTTTT NUMDFT      TELAPSE      921.91 TCPU      759.88
 CYC   4 ETOT(AU) -2.754614885085E+02 DETOT -4.07E-09 tst  1.56E-11 PX  1.63E-05
 TTTTTTTTTTTTTTTTTTTTTTTTTTTTTT DIIS        TELAPSE      921.91 TCPU      759.89
 DIIS TEST: 0.19637E-10 AT SCF   CYCLE   4 - DIIS ACTIVE - HISTORY:     4 CYCLES
 TTTTTTTTTTTTTTTTTTTTTTTTTTTTTT FDIK        TELAPSE      921.91 TCPU      759.89
 INSULATING STATE
 TOP OF VALENCE BANDS -    BAND     10; K    1; EIG -1.9289443E-01 AU
 BOTTOM OF VIRTUAL BANDS - BAND     11; K    3; EIG  1.2854991E-01 AU
 INDIRECT ENERGY BAND GAP:   8.7469 eV
 BOTTOM OF VIRTUAL BANDS - BAND     11; K    1; EIG  1.9409643E-01 AU
 TTTTTTTTTTTTTTTTTTTTTTTTTTTTTT PDIG        TELAPSE      921.94 TCPU      759.92
 CHARGE NORMALIZATION FACTOR   1.00000000
 TOTAL ATOMIC CHARGES:
  10.2824082   9.7175918
 TTTTTTTTTTTTTTTTTTTTTTTTTTTTTT MOQGAD      TELAPSE      921.95 TCPU      759.92
 TTTTTTTTTTTTTTTTTTTTTTTTTTTTTT SHELLXN     TELAPSE      926.14 TCPU      764.11
 +++ ENERGIES IN A.U. +++
 ::: EXT EL-POLE                                  -5.0744445707951E+02
 ::: EXT EL-SPHEROPOLE                             4.1623804227946E+00
 ::: BIELET ZONE E-E                               5.7040583977712E+02
 ::: TOTAL E-E                                     6.7123763120407E+01
 ::: TOTAL E-N + N-E                              -5.2520444629973E+02
 ::: TOTAL N-N                                    -7.1509633412720E+01
 ::: KINETIC ENERGY                                2.7447525784992E+02
 ::: PSEUDO TOTAL   ENERGY                        -2.5511505874212E+02
 ::: VIRIAL COEFFICIENT                            1.0365569356184E+00
 TTTTTTTTTTTTTTTTTTTTTTTTTTTTTT MONMO3      TELAPSE      926.14 TCPU      764.11
 NUMERICALLY INTEGRATED DENSITY     20.0000762362
 EXCHANGE ENERGY: -0.194203465296E+02  CORRELATION ENERGY: -0.926083254837E+00
 TTTTTTTTTTTTTTTTTTTTTTTTTTTTTT NUMDFT      TELAPSE      926.30 TCPU      764.26
 CYC   5 ETOT(AU) -2.754614885265E+02 DETOT -1.80E-08 tst  1.76E-10 PX  1.63E-05

 == SCF ENDED - CONVERGENCE ON ENERGY      E(AU) -2.7546148852654E+02 CYCLES   5


 ENERGY EXPRESSION=HARTREE+FOCK EXCH*0.20000+(BECKE      EXCH)*0.80000+LYP        CORR


 TOTAL ENERGY(DFT)(AU)(  5) -2.7546148852654E+02 DE-1.8E-08 tester 1.8E-10
 TTTTTTTTTTTTTTTTTTTTTTTTTTTTTT EDFT        TELAPSE      926.30 TCPU      764.27

 *******************************************************************************
 *                             FORCE CALCULATION                               *
 *******************************************************************************

 TTTTTTTTTTTTTTTTTTTTTTTTTTTTTT NUMDFG      TELAPSE      928.24 TCPU      766.21
 INFORMATION **** EXCPOG **** EXCH. BIPO BUFFER LENGTH (WORDS) =     2081844
 INFORMATION **** GENPOG **** BIPO BUFFER LENGTH (WORDS) =      324700
 TTTTTTTTTTTTTTTTTTTTTTTTTTTTTT SHELXG      TELAPSE      961.44 TCPU      799.37

 CARTESIAN FORCES IN HARTREE/BOHR (ANALYTICAL)
   ATOM                     X                   Y                   Z
   1  12             1.634838701431E-20 -1.672247496899E-15  3.260968103160E-18
   2   8             6.922545516893E-18  1.662995638361E-15 -3.260968103160E-18

 RESULTANT FORCE     6.938893903908E-18 -9.251858538543E-18  9.244463733059E-32

 ATOMIC PART

 THERE ARE NO SYMMETRY ALLOWED DIRECTIONS

 CELL PART

 GRADIENT WITH RESPECT TO THE CELL PARAMETER IN HARTREE/BOHR
ORDER: -D/DA1X, -D/DA1Y, -D/DA1Z
       -D/DA2X, -D/DA2Y, -D/DA2Z
       -D/DA3X, -D/DA3Y, -D/DA3Z
  0.449479532028E-02 -0.449479532028E-02 -0.449479532028E-02
 -0.449479532028E-02  0.449479532028E-02 -0.449479532028E-02
 -0.449479532028E-02 -0.449479532028E-02  0.449479532028E-02

STRESS TENSOR, IN HARTREE/BOHR^3:
ORDER: 11 12 13
       21 22 23
       31 32 33
  0.271950072275E-03  0.403151184622E-16  0.403151184622E-16
  0.179101891961E-16  0.271950072275E-03  0.626761836717E-16
 -0.447646564715E-16 -0.313369508458E-16  0.271950072275E-03

PRESSURE FROM THE STRESS TENSOR,
IN HARTREE/BOHR^3: -0.27195E-03
PRESSURE IN GIGAPASCAL: -0.8001E+01
CONVERSION FACTOR: 1 HARTREE/BOHR^3= 29421 GIGAPASCAL
WHEN USING VALUES FOR BOHR RADIUS AND HARTREE
FROM IUPAC WEBSITE, APRIL 2009
ENTHALPY: -2.7549803540478E+02
NOW EXTERNAL STRESS TAKEN INTO ACCOUNT

GRADIENT WITH RESPECT TO THE CELL PARAMETER IN HARTREE/BOHR,
AFTER ADDING EXTERNAL STRESS
ORDER: -D/DA1X, -D/DA1Y, -D/DA1Z
       -D/DA2X, -D/DA2Y, -D/DA2Z
       -D/DA3X, -D/DA3Y, -D/DA3Z
  0.725283846725E-06 -0.725283849834E-06 -0.725283848354E-06
 -0.725283848057E-06  0.725283847762E-06 -0.725283847910E-06
 -0.725283848057E-06 -0.725283848354E-06  0.725283849390E-06


 SYMMETRY ALLOWED FORCES (ANALYTICAL) (DIRECTION, FORCE)

    1 -1.0214309E-05
 TTTTTTTTTTTTTTTTTTTTTTTTTTTTTT TOTGRA      TELAPSE      961.53 TCPU      799.45

 VOLUME OF THE CELL:  19.914275

 DENSITY OF THE CRYSTAL =          3.3337 g/cm^3

 STRAIN MATRIX   1 :

  |   1.0   0.0   0.0 |
  |   0.0   0.0   0.0 |
  |   0.0   0.0   0.0 |
  

   DISPL        ENERGY              DELTA E

 -0.0100   -2.7546179605E+02   -3.0736220577E-04
  0.0000   -2.7546148869E+02    0.0000000000E+00
  0.0100   -2.7546107533E+02    4.1336122553E-04
  ELASTIC TENSOR CONSTANTS 
 c11 =             231.50227824 GPa
 c12 =              88.88001085 GPa
 c13 =              88.88001085 GPa
 c14 =               0.00000000 GPa
 c15 =              -0.00000000 GPa
 c16 =               0.00000000 GPa

 STRAIN MATRIX   4 :

  |   0.0   0.0   0.0 |
  |   0.0   0.0   1.0 |
  |   0.0   1.0   0.0 |
  

   DISPL        ENERGY              DELTA E

 -0.0100   -2.7546134538E+02    1.4370328404E-04
  0.0000   -2.7546148908E+02    0.0000000000E+00
  0.0100   -2.7546134535E+02    1.4372872801E-04
  ELASTIC TENSOR CONSTANTS 
 c41 =               0.00535195 GPa
 c42 =               0.00345941 GPa
 c43 =               0.00345941 GPa
 c44 =             160.91290365 GPa
 c45 =              -0.00000000 GPa
 c46 =              -0.00000000 GPa

 ************************************************************************
 ************************************************************************
                           FINAL RESULTS START
 ************************************************************************
 ************************************************************************

 THE CALCULATION HAS BEEN PERFORMED WITH   3 POINTS AND
 A STEP OF     0.01000
 THIS PERMITS TO PERFORM A FITTING UP TO SECOND   ORDER

 DATA FOR MAXIMUM NUMBER OF POINTS AND ORDER OF FIT

 ************************************************************************
 ELASTIC PROPERTIES AT PRESSURE (GPa) =  -8.000

 Users of this module are kindly asked to cite the following reference:

 A. Erba, A. Mahmoud, D. Belmonte and R. Dovesi, J. Chem. Phys., 140, 124703 (2014)

 ************************************************************************


 SYMMETRIZED ELASTIC CONSTANTS FOR CUBIC        CASE, IN GPa

 |   231.502   88.880   88.880    0.000    0.000    0.000 |
 |            231.502   88.880    0.000    0.000    0.000 |
 |                     231.502    0.000    0.000    0.000 |
 |                              160.913    0.000    0.000 |
 |                                       160.913    0.000 |
 |                                                160.913 |


 ELASTIC MODULI (COMPLIANCE TENSOR), IN TPa^-1

 |    5.4888  -1.5227  -1.5227   0.0000   0.0000   0.0000 |
 |             5.4888  -1.5227   0.0000   0.0000   0.0000 |
 |                      5.4888   0.0000   0.0000   0.0000 |
 |                               6.2145   0.0000   0.0000 |
 |                                        6.2145   0.0000 |
 |                                                 6.2145 |


 BULK MODULUS K, SHEAR MODULUS G, YOUNG MODULUS E AND
 POISSON RATIO v (ALL IN GPa) ACCORDING TO VOIGT-REUSS-HILL

    K_V     G_V     K_R     G_R     K_H     G_H    E_H      v_H

  136.42  125.07  136.42  107.09  136.42  116.08  271.29   0.169

 SEISMIC VELOCITIES BY CHRISTOFFEL EQUATION (km/s)

       WAVE VECTOR                Vp        Vs1       Vs2

 [ 0.000  0.000  1.000]          8.333     6.948     6.948
 [ 0.000  1.000  0.000]          8.333     6.948     6.948
 [ 1.000  0.000  0.000]          8.333     6.948     6.948
 [ 1.000  1.000  0.000]          9.814     6.948     4.625
 [ 1.000  0.000  1.000]          9.814     6.948     4.625
 [ 0.000  1.000  1.000]          9.814     6.948     4.625
 [ 1.000  1.000  1.000]         10.261     5.509     5.509

 ************************************************************************
 ************************************************************************
                           FINAL RESULTS END
 ************************************************************************
 ************************************************************************

       
 BULK MODULUS (GPa) 
       
 K =     136.42
       
 TTTTTTTTTTTTTTTTTTTTTTTTTTTTTT END         TELAPSE     2593.22 TCPU     2224.31
 EEEEEEEEEE TERMINATION  DATE 20 07 2026 TIME 15:39:12.6
NODE    0 CPU TIME =      2224.306
NODE    1 CPU TIME =      2592.755
NODE    2 CPU TIME =      2592.829
NODE    3 CPU TIME =      2592.833
NODE    4 CPU TIME =      2592.801
NODE    5 CPU TIME =      2592.721
NODE    6 CPU TIME =      2592.884
NODE    7 CPU TIME =      2592.512
NODE    8 CPU TIME =      2592.890
NODE    9 CPU TIME =      2592.836
NODE   10 CPU TIME =      2592.887
NODE   11 CPU TIME =      2592.741
NODE   12 CPU TIME =      2592.809
NODE   13 CPU TIME =      2592.812
NODE   14 CPU TIME =      2592.729
NODE   15 CPU TIME =      2592.874
NODE   16 CPU TIME =      2592.722
NODE   17 CPU TIME =      2592.848
NODE   18 CPU TIME =      2592.849
NODE   19 CPU TIME =      2592.678
NODE   20 CPU TIME =      2592.867
NODE   21 CPU TIME =      2592.880
NODE   22 CPU TIME =      2592.855
NODE   23 CPU TIME =      2592.848
NODE   24 CPU TIME =      2592.813
NODE   25 CPU TIME =      2592.849
NODE   26 CPU TIME =      2592.880
NODE   27 CPU TIME =      2592.763
NODE   28 CPU TIME =      2592.808
NODE   29 CPU TIME =      2592.806
NODE   30 CPU TIME =      2592.877
NODE   31 CPU TIME =      2592.812
    TOTAL CPU TIME =     82601.371
lun 20 lug 2026, 15:39:17, CEST


Job finished!
