###################################################################
# CRYSTAL23 - Pcrystal
# Number of cores requested:  32
# Script started on:          node05
# Temporary directory:        /scratch/users/franellucci/tmp_p638522
#
# Input file:                 dol_pbe0_333scp_v2.d12
spectra with PBE0
CRYSTAL
0 0 0
148
4.75668581    15.48780289
4
20 -2.521316399107E-20 -1.260658199553E-20  0.000000000000E+00
12 -5.488341092311E-17 -2.744170546155E-17 -5.000000000000E-01
6   3.333333333333E-01 -3.333333333333E-01 -9.034213839547E-02
8  -4.183507951451E-01 -3.694495532159E-01 -8.919467326286E-02
COORPRT
SCELPHONO
3 0 0
0 3 0
0 0 3
FREQCALC
DISPERSI
MODES
ENDFREQ
ENDGEOM
20 7
0 0 8 2. 1.
 191300. 0.0002204
 26970. 0.001925
 5696. 0.01109
 1489.4 0.04995
 448.3 0.17014
 154.62 0.3685
 60.37 0.4034
 25.09 0.1452
0 1 6 8. 1.
 448.6 -0.00575 0.00847
 105.7 -0.0767 0.06027
 34.69 -0.1122 0.2124
 13.50 0.2537 0.3771
 5.820 0.688 0.401
 1.819 0.349 0.198
0 1 5 8. 1.
 20.75 -0.0020 -0.0365
 8.40 -0.1255 -0.0685
 3.597 -0.6960 0.1570
 1.408 1.029 1.482
 0.726 0.944 1.025
0 1 1 2. 1.
 0.453 1. 1.
0 1 1 0. 1.
 0.295 1. 1.
0 3 2 0. 1.
 3.1910 0.160
 0.8683 0.313
0 3 1 0. 1.
 0.2891 0.406
12 5
0 0 8 2.0 1.0
 68370.0 0.0002226
 9661.0 0.001901
 2041.0 0.011042
 529.6 0.05005
 159.17 0.1690
 54.71 0.36695
 21.236 0.4008
 8.791 0.1487
0 1 5 8.0 1.0
 143.7 -0.00671 0.00807
 31.27 -0.07927 0.06401
 9.661 -0.08088 0.2092
 3.726 0.2947 0.3460
 1.598 0.5714 0.3731
0 1 1 2.0 1.0
 0.688 1.0 1.0
0 1 1 0.0 1.0
 0.28 1.0 1.0
0 3 1 0. 1.
 0.500 1.
6 6
0 0 6 2.0 1.00
 0.4563240000D+04 0.1966650000D-02
 0.6820240000D+03 0.1523060000D-01
 0.1549730000D+03 0.7612690000D-01
 0.4445530000D+02 0.2608010000D+00
 0.1302900000D+02 0.6164620000D+00
 0.1827730000D+01 0.2210060000D+00
0 1 3 4.0 1.00
 0.2096420000D+02 0.1146600000D+00 0.4024870000D-01
 0.4803310000D+01 0.9199990000D+00 0.2375940000D+00
 0.1459330000D+01 -0.3030680000D-02 0.8158540000D+00
0 1 1 0.0 1.00
 0.4834560000D+00 0.1000000000D+01 0.1000000000D+01
0 1 1 0.0 1.00
 0.1455850000D+00 0.1000000000D+01 0.1000000000D+01
0 3 1 0.0 1.0
 2.0 .1000000000D+01
0 3 1 0.0 1.0
 0.6 .1000000000D+01
8 6
0 0 8 2.0 1.0
 8020. 0.001080
 1338. 0.008040
 255.4 0.053240
 69.22 0.168100
 23.90 0.358100
 9.264 0.385500
 3.851 0.146800
 1.212 0.072800
0 1 4 6. 1.0
 49.43 -0.008830 0.009580
 10.47 -0.091500 0.069600
 3.235 -0.040200 0.206500
 1.217 0.379000 0.347000
0 1 1 0. 1.0
 0.486 1. 1.
0 1 1 0. 1.0
 0.1925 1. 1.
0 3 1 0. 1.
 2.0 1.
0 3 1 0. 1.
 0.500 1.
99 0
ENDBS
DFT
PBE0
XLGRID
ENDDFT
SCFDIR
MAXCYCLE
200
TOLDEE
10
TOLINTEG
9 9 9 9 18
BIPOSIZE
32000000
EXCHSIZE
32000000
SHRINK
3 3
END
#
###################################################################

gio 28 nov 2024, 09:37:47, CET
 PROCESS           23  OF           32  WORKING
 PROCESS           26  OF           32  WORKING
 PROCESS            5  OF           32  WORKING
 PROCESS            9  OF           32  WORKING
 PROCESS           18  OF           32  WORKING
 PROCESS           28  OF           32  WORKING
 PROCESS            1  OF           32  WORKING
 PROCESS           11  OF           32  WORKING
 PROCESS           12  OF           32  WORKING
 PROCESS           21  OF           32  WORKING
 PROCESS           20  OF           32  WORKING
 PROCESS            2  OF           32  WORKING
 PROCESS            3  OF           32  WORKING
 PROCESS            7  OF           32  WORKING
 PROCESS           16  OF           32  WORKING
 PROCESS           17  OF           32  WORKING
 PROCESS            6  OF           32  WORKING
 PROCESS           14  OF           32  WORKING
 PROCESS           19  OF           32  WORKING
 PROCESS           29  OF           32  WORKING
 PROCESS           15  OF           32  WORKING
 PROCESS           22  OF           32  WORKING
 PROCESS           27  OF           32  WORKING
 PROCESS            8  OF           32  WORKING
 PROCESS           13  OF           32  WORKING
 PROCESS           10  OF           32  WORKING
 PROCESS           31  OF           32  WORKING
 PROCESS            0  OF           32  WORKING
 PROCESS            4  OF           32  WORKING
 PROCESS           30  OF           32  WORKING
 PROCESS           24  OF           32  WORKING
 PROCESS           25  OF           32  WORKING

         
 *******************************************************************************
 *                                                                             *
 *                               CRYSTAL23                                     *
 *                      public : 1.0.1 - October 2022                          *
 *                       HTTP://WWW.CRYSTAL.UNITO.IT                           *
 *                                                                             *
 *                              MAIN AUTHORS                                   *
 *                                                                             *
 *  R. DOVESI(1,11), V.R. SAUNDERS(2), C. ROETTI(1,11), R. ORLANDO(1,11),      *
 *  C.M. ZICOVICH-WILSON(1,3), F. PASCALE(4), B. CIVALLERI(1,11),              *
 *  K. DOLL(5), N.M. HARRISON(6), I.J. BUSH(7), Ph. D'ARCO(8),                 *
 *  M. LLUNELL(9), M. CAUSA'(10), Y. NOEL(8), L. MASCHIO(1,11), A. ERBA(1,11)  *
 *  M. RE'RAT(14), S. CASASSA(1,11), B.G. SEARLE(2), J.K. DESMARAIS(1)         *
 *                                                                             *
 *        CONTRIBUTIONS TO THE CODE HAVE ALSO BEEN GIVEN BY                    *
 *                                                                             *
 *  M. FERRABONE(1,11), M. DE LA PIERRE(1,11), M. FERRERO(1,11),               *
 *  J. BAIMA(1,11), E. ALBANESE(1,11), M.F. PEINTINGER(12), R. BAST(13),       *
 *  B. KIRTMAN(15), V. LACIVITA(1,11), R. DEMICHELIS(1,16)                     *
 *  G. BRANDEBURG(17), S. SALUSTRO(1,11), G. SANSONE(1,11)                     *
 *  M.T. RUGGIERO(18), L.E. DAGA(1), L. DONA'(1), A. COSSARD(1)                *
 *                                                                             *
 * (1) THEORETICAL CHEMISTRY GROUP - UNIVERSITA' DI TORINO - TORINO (ITALY)    *
 * (2) SCIENTIFIC COMPUTING DEPARTMENT - STFC DARESBURY (UK)                   *
 * (3) UNIVERSIDAD AUTONOMA DEL ESTADO DE MORELOS - CUERNAVACA (MEXICO)        *
 * (4) UNIVERSITE' DE LORRAINE - NANCY (FRANCE)                                *
 * (5) UNIVERSITAET STUTTGART- STUTTGART (GERMANY)                             *
 * (6) IMPERIAL COLLEGE - LONDON (UK)                                          *
 * (7) SCIENTIFIC COMPUTING DEPARTMENT - STFC RAL (UK)                         *
 * (8) UPMC - SORBONNE UNIVERSITES - PARIS (FRANCE)                            *
 * (9) UNIVERSIDAD DE BARCELONA - BARCELONA (SPAIN)                            *
 *(10) UNIVERSITA' DI NAPOLI "FEDERICO II" - NAPOLI (ITALY)                    *
 *(11) NIS - NANOSTRUCTURED INTERFACES AND SURFACES - TORINO (ITALY)           *
 *(12) MPI FUER CHEMISCHE ENERGIEKONVERSION - MUELHEIM AN DER RUHR (GERMANY)   *
 *(13) UNIVERSITY OF TROMSO - TROMSO (NORWAY)                                  *
 *(14) UNIVERSITE' DE PAU ET DES PAYS DE L'ADOUR - PAU (FRANCE)                *
 *(15) UNIVERSITY OF CALIFORNIA SANTA BARBARA - SANTA BARBARA (USA)            *
 *(16) CURTIN UNIVERSITY - PERTH (AUSTRALIA)                                   *
 *(17) UNIVERSITY COLLEGE LONDON - LONDON (UK)                                 *
 *(18) UNIVERSITY OF VERMONT - BURLINGTON (USA)                                *
 *                                                                             *
 *******************************************************************************
 EEEEEEEEEE STARTING  DATE 28 11 2024 TIME 09:37:48.3
 spectra with PBE0                                                               

 CRYSTAL CALCULATION
 (INPUT ACCORDING TO THE INTERNATIONAL TABLES FOR X-RAY CRYSTALLOGRAPHY)
 CRYSTAL FAMILY                       :  HEXAGONAL   
 CRYSTAL CLASS  (GROTH - 1921)        :  TRIGONAL RHOMBOHEDRAL                

 SPACE GROUP (CENTROSYMMETRIC)        :  R -3            

 LATTICE PARAMETERS  (ANGSTROMS AND DEGREES) - CONVENTIONAL CELL
        A           B           C        ALPHA        BETA       GAMMA
     4.75669     4.75669    15.48780    90.00000    90.00000   120.00000


 NUMBER OF IRREDUCIBLE ATOMS IN THE CONVENTIONAL CELL:    4

 INPUT COORDINATES

 ATOM AT. N.              COORDINATES
   1  20    -2.521316399107E-20 -1.260658199553E-20  0.000000000000E+00
   2  12    -5.488341092311E-17 -2.744170546155E-17 -5.000000000000E-01
   3   6     3.333333333333E-01 -3.333333333333E-01 -9.034213839547E-02
   4   8    -4.183507951451E-01 -3.694495532159E-01 -8.919467326286E-02

 *******************************************************************************

 << INFORMATION >>: FROM NOW ON, ALL COORDINATES REFER TO THE PRIMITIVE CELL

 *******************************************************************************

 LATTICE PARAMETERS  (ANGSTROMS AND DEGREES) - PRIMITIVE CELL
       A          B          C        ALPHA      BETA     GAMMA        VOLUME
    5.84760    5.84760    5.84760    47.99803  47.99803  47.99803    101.159837

 COORDINATES OF THE EQUIVALENT ATOMS (FRACTIONAL UNITS)

 N. ATOM EQUIV AT. N.          X                  Y                  Z

   1   1   1   20 CA   -2.52131639911E-20  1.26065819955E-20  1.26065819955E-20

   2   2   1   12 MG    5.00000000000E-01  5.00000000000E-01  5.00000000000E-01

   3   3   1    6 C     2.42991194938E-01  2.42991194938E-01  2.42991194938E-01
   4   3   2    6 C    -2.42991194938E-01 -2.42991194938E-01 -2.42991194938E-01

   5   4   1    8 O     4.92454531592E-01 -4.02934313337E-02  2.80254879953E-01
   6   4   2    8 O     2.80254879953E-01  4.92454531592E-01 -4.02934313337E-02
   7   4   3    8 O    -4.02934313337E-02  2.80254879953E-01  4.92454531592E-01
   8   4   4    8 O    -4.92454531592E-01  4.02934313337E-02 -2.80254879953E-01
   9   4   5    8 O    -2.80254879953E-01 -4.92454531592E-01  4.02934313337E-02
  10   4   6    8 O     4.02934313337E-02 -2.80254879953E-01 -4.92454531592E-01

 NUMBER OF SYMMETRY OPERATORS         :    6
 *******************************************************************************
 * GEOMETRY EDITING - INPUT COORDINATES ARE GIVEN IN ANGSTROM         
 *******************************************************************************

 GEOMETRY NOW FULLY CONSISTENT WITH THE GROUP
 *******************************************************************************
 LATTICE PARAMETERS (ANGSTROMS AND DEGREES) - BOHR = 0.5291772083 ANGSTROM
 PRIMITIVE CELL - CENTRING CODE 7/0 VOLUME=   101.159837 - DENSITY  3.019 g/cm^3
         A              B              C           ALPHA      BETA       GAMMA 
     5.84760367     5.84760367     5.84760367    47.998031  47.998031  47.998031
 *******************************************************************************
 ATOMS IN THE ASYMMETRIC UNIT    4 - ATOMS IN THE UNIT CELL:   10
     ATOM                 X/A                 Y/B                 Z/C    
 *******************************************************************************
      1 T  20 CA   -4.316369438948E-36  1.176287719296E-36  3.978392838831E-36
      2 T  12 MG    5.000000000000E-01  5.000000000000E-01 -5.000000000000E-01
      3 T   6 C     2.429911949379E-01  2.429911949379E-01  2.429911949379E-01
      4 F   6 C    -2.429911949379E-01 -2.429911949379E-01 -2.429911949379E-01
      5 T   8 O     4.924545315920E-01 -4.029343133366E-02  2.802548799530E-01
      6 F   8 O     2.802548799530E-01  4.924545315920E-01 -4.029343133366E-02
      7 F   8 O    -4.029343133366E-02  2.802548799530E-01  4.924545315920E-01
      8 F   8 O    -4.924545315920E-01  4.029343133366E-02 -2.802548799530E-01
      9 F   8 O    -2.802548799530E-01 -4.924545315920E-01  4.029343133366E-02
     10 F   8 O     4.029343133366E-02 -2.802548799530E-01 -4.924545315920E-01

 TRANSFORMATION MATRIX PRIMITIVE-CRYSTALLOGRAPHIC CELL
  1.0000  0.0000  1.0000 -1.0000  1.0000  1.0000  0.0000 -1.0000  1.0000

 *******************************************************************************
 CRYSTALLOGRAPHIC CELL (VOLUME=        303.47951195)
         A              B              C           ALPHA      BETA       GAMMA 
     4.75668581     4.75668581    15.48780289    90.000000  90.000000 120.000000

 COORDINATES IN THE CRYSTALLOGRAPHIC CELL
     ATOM                 X/A                 Y/B                 Z/C    
 *******************************************************************************
      1 T  20 CA   -4.595806478674E-36 -3.698955799105E-36  2.794370397264E-37
      2 T  12 MG   -3.333333333333E-01  3.333333333333E-01 -1.666666666667E-01
      3 T   6 C     3.333333333333E-01 -3.333333333333E-01 -9.034213839547E-02
      4 F   6 C    -3.333333333333E-01  3.333333333333E-01  9.034213839547E-02
      5 T   8 O    -4.183507951451E-01 -3.694495532159E-01 -8.919467326286E-02
      6 F   8 O     3.694495532159E-01 -4.890124192920E-02 -8.919467326286E-02
      7 F   8 O     4.890124192920E-02  4.183507951451E-01 -8.919467326286E-02
      8 F   8 O     4.183507951451E-01  3.694495532159E-01  8.919467326286E-02
      9 F   8 O    -3.694495532159E-01  4.890124192920E-02  8.919467326286E-02
     10 F   8 O    -4.890124192920E-02 -4.183507951451E-01  8.919467326286E-02

 T = ATOM BELONGING TO THE ASYMMETRIC UNIT

 NO SYMMOPS WITH FINITE TRANSLATIONAL COMPONENT

 GCALCO - MAX INDICES DIRECT LATTICE VECTOR    14    14    14
 NO.OF VECTORS CREATED 6999 STARS  515 RMAX    55.18608 BOHR

 *******************************************************************************
 * SUPERCELL OPTION
 *******************************************************************************


        EXPANSION MATRIX OF PRIMITIVE CELL
 E1     3.000     0.000     0.000
 E2     0.000     3.000     0.000
 E3     0.000     0.000     3.000

 NUMBER OF ATOMS PER SUPERCELL   270

        DIRECT LATTICE VECTORS COMPONENTS (ANGSTROM)
 B1     8.239    -0.000    15.488
 B2    -4.119     7.135    15.488
 B3    -4.119    -7.135    15.488

 LATTICE PARAMETERS  (ANGSTROM AND DEGREES)
       A          B          C         ALPHA     BETA     GAMMA        VOLUME
   17.54281   17.54281   17.54281    47.99803  47.99803  47.99803   2731.315608


 **** ATOMS BELONGING TO THE SUPERCELL
 LABEL AT.NO.      COORDINATES (ANGSTROM AND FRACTIONAL)
     1    20    -0.0000    -0.0000     0.0000    -0.0000     0.0000     0.0000
     2    20    -1.3731    -2.3783     5.1626     0.0000    -0.0000     0.3333
     3    20     1.3731     2.3783    -5.1626     0.0000    -0.0000    -0.3333
     4    20    -1.3731     2.3783     5.1626     0.0000     0.3333     0.0000
     5    20    -2.7463    -0.0000    10.3252     0.0000     0.3333     0.3333
     6    20    -0.0000     4.7567     0.0000     0.0000     0.3333    -0.3333
     7    20     1.3731    -2.3783    -5.1626     0.0000    -0.3333     0.0000
     8    20     0.0000    -4.7567     0.0000     0.0000    -0.3333     0.3333
     9    20     2.7463     0.0000   -10.3252     0.0000    -0.3333    -0.3333
    10    20     2.7463     0.0000     5.1626     0.3333     0.0000    -0.0000
    11    20     1.3731    -2.3783    10.3252     0.3333     0.0000     0.3333
    12    20     4.1194     2.3783     0.0000     0.3333     0.0000    -0.3333
    13    20     1.3731     2.3783    10.3252     0.3333     0.3333     0.0000
    14    20     0.0000    -0.0000    15.4878     0.3333     0.3333     0.3333
    15    20     2.7463     4.7567     5.1626     0.3333     0.3333    -0.3333
    16    20     4.1194    -2.3783     0.0000     0.3333    -0.3333     0.0000
    17    20     2.7463    -4.7567     5.1626     0.3333    -0.3333     0.3333
    18    20     5.4925    -0.0000    -5.1626     0.3333    -0.3333    -0.3333
    19    20    -2.7463     0.0000    -5.1626    -0.3333     0.0000    -0.0000
    20    20    -4.1194    -2.3783     0.0000    -0.3333     0.0000     0.3333
    21    20    -1.3731     2.3783   -10.3252    -0.3333     0.0000    -0.3333
    22    20    -4.1194     2.3783     0.0000    -0.3333     0.3333     0.0000
    23    20    -5.4925    -0.0000     5.1626    -0.3333     0.3333     0.3333
    24    20    -2.7463     4.7567    -5.1626    -0.3333     0.3333    -0.3333
    25    20    -1.3731    -2.3783   -10.3252    -0.3333    -0.3333     0.0000
    26    20    -2.7463    -4.7567    -5.1626    -0.3333    -0.3333     0.3333
    27    20    -0.0000     0.0000   -15.4878    -0.3333    -0.3333    -0.3333
    28    12     0.0000    -0.0000     7.7439     0.1667     0.1667     0.1667
    29    12     2.7463     4.7567    -2.5813     0.1667     0.1667    -0.5000
    30    12     1.3731     2.3783     2.5813     0.1667     0.1667    -0.1667
    31    12     2.7463    -4.7567    -2.5813     0.1667    -0.5000     0.1667
    32    12     5.4925    -0.0000   -12.9065     0.1667    -0.5000    -0.5000
    33    12     4.1194    -2.3783    -7.7439     0.1667    -0.5000    -0.1667
    34    12     1.3731    -2.3783     2.5813     0.1667    -0.1667     0.1667
    35    12     4.1194     2.3783    -7.7439     0.1667    -0.1667    -0.5000
    36    12     2.7463    -0.0000    -2.5813     0.1667    -0.1667    -0.1667
    37    12    -5.4925     0.0000    -2.5813    -0.5000     0.1667     0.1667
    38    12    -2.7463     4.7567   -12.9065    -0.5000     0.1667    -0.5000
    39    12    -4.1194     2.3783    -7.7439    -0.5000     0.1667    -0.1667
    40    12    -2.7463    -4.7567   -12.9065    -0.5000    -0.5000     0.1667
    41    12    -0.0000     0.0000   -23.2317    -0.5000    -0.5000    -0.5000
    42    12    -1.3731    -2.3783   -18.0691    -0.5000    -0.5000    -0.1667
    43    12    -4.1194    -2.3783    -7.7439    -0.5000    -0.1667     0.1667
    44    12    -1.3731     2.3783   -18.0691    -0.5000    -0.1667    -0.5000
    45    12    -2.7463    -0.0000   -12.9065    -0.5000    -0.1667    -0.1667
    46    12    -2.7463     0.0000     2.5813    -0.1667     0.1667     0.1667
    47    12     0.0000     4.7567    -7.7439    -0.1667     0.1667    -0.5000
    48    12    -1.3731     2.3783    -2.5813    -0.1667     0.1667    -0.1667
    49    12    -0.0000    -4.7567    -7.7439    -0.1667    -0.5000     0.1667
    50    12     2.7463     0.0000   -18.0691    -0.1667    -0.5000    -0.5000
    51    12     1.3731    -2.3783   -12.9065    -0.1667    -0.5000    -0.1667
    52    12    -1.3731    -2.3783    -2.5813    -0.1667    -0.1667     0.1667
    53    12     1.3731     2.3783   -12.9065    -0.1667    -0.1667    -0.5000
    54    12    -0.0000    -0.0000    -7.7439    -0.1667    -0.1667    -0.1667
    55     6    -2.7463    -0.0000    -1.3992    -0.2523     0.0810     0.0810
    56     6    -4.1194    -2.3783     3.7634    -0.2523     0.0810     0.4143
    57     6    -1.3731     2.3783    -6.5618    -0.2523     0.0810    -0.2523
    58     6    -4.1194     2.3783     3.7634    -0.2523     0.4143     0.0810
    59     6    -5.4925    -0.0000     8.9260    -0.2523     0.4143     0.4143
    60     6    -2.7463     4.7567    -1.3992    -0.2523     0.4143    -0.2523
    61     6    -1.3731    -2.3783    -6.5618    -0.2523    -0.2523     0.0810
    62     6    -2.7463    -4.7567    -1.3992    -0.2523    -0.2523     0.4143
    63     6     0.0000    -0.0000   -11.7244    -0.2523    -0.2523    -0.2523
    64     6     0.0000     0.0000     3.7634     0.0810     0.0810     0.0810
    65     6    -1.3731    -2.3783     8.9260     0.0810     0.0810     0.4143
    66     6     1.3731     2.3783    -1.3992     0.0810     0.0810    -0.2523
    67     6    -1.3731     2.3783     8.9260     0.0810     0.4143     0.0810
    68     6    -2.7463    -0.0000    14.0886     0.0810     0.4143     0.4143
    69     6     0.0000     4.7567     3.7634     0.0810     0.4143    -0.2523
    70     6     1.3731    -2.3783    -1.3992     0.0810    -0.2523     0.0810
    71     6     0.0000    -4.7567     3.7634     0.0810    -0.2523     0.4143
    72     6     2.7463    -0.0000    -6.5618     0.0810    -0.2523    -0.2523
    73     6     2.7463     0.0000     8.9260     0.4143     0.0810     0.0810
    74     6     1.3731    -2.3783    14.0886     0.4143     0.0810     0.4143
    75     6     4.1194     2.3783     3.7634     0.4143     0.0810    -0.2523
    76     6     1.3731     2.3783    14.0886     0.4143     0.4143     0.0810
    77     6     0.0000    -0.0000    19.2512     0.4143     0.4143     0.4143
    78     6     2.7463     4.7567     8.9260     0.4143     0.4143    -0.2523
    79     6     4.1194    -2.3783     3.7634     0.4143    -0.2523     0.0810
    80     6     2.7463    -4.7567     8.9260     0.4143    -0.2523     0.4143
    81     6     5.4925    -0.0000    -1.3992     0.4143    -0.2523    -0.2523
    82     6    -1.3731    -2.3783     1.3992    -0.0810    -0.0810     0.2523
    83     6     1.3731     2.3783    -8.9260    -0.0810    -0.0810    -0.4143
    84     6     0.0000    -0.0000    -3.7634    -0.0810    -0.0810    -0.0810
    85     6    -2.7463    -0.0000     6.5618    -0.0810     0.2523     0.2523
    86     6     0.0000     4.7567    -3.7634    -0.0810     0.2523    -0.4143
    87     6    -1.3731     2.3783     1.3992    -0.0810     0.2523    -0.0810
    88     6     0.0000    -4.7567    -3.7634    -0.0810    -0.4143     0.2523
    89     6     2.7463    -0.0000   -14.0886    -0.0810    -0.4143    -0.4143
    90     6     1.3731    -2.3783    -8.9260    -0.0810    -0.4143    -0.0810
    91     6     1.3731    -2.3783     6.5618     0.2523    -0.0810     0.2523
    92     6     4.1194     2.3783    -3.7634     0.2523    -0.0810    -0.4143
    93     6     2.7463    -0.0000     1.3992     0.2523    -0.0810    -0.0810
    94     6    -0.0000    -0.0000    11.7244     0.2523     0.2523     0.2523
    95     6     2.7463     4.7567     1.3992     0.2523     0.2523    -0.4143
    96     6     1.3731     2.3783     6.5618     0.2523     0.2523    -0.0810
    97     6     2.7463    -4.7567     1.3992     0.2523    -0.4143     0.2523
    98     6     5.4925    -0.0000    -8.9260     0.2523    -0.4143    -0.4143
    99     6     4.1194    -2.3783    -3.7634     0.2523    -0.4143    -0.0810
   100     6    -4.1194    -2.3783    -3.7634    -0.4143    -0.0810     0.2523
   101     6    -1.3731     2.3783   -14.0886    -0.4143    -0.0810    -0.4143
   102     6    -2.7463     0.0000    -8.9260    -0.4143    -0.0810    -0.0810
   103     6    -5.4925     0.0000     1.3992    -0.4143     0.2523     0.2523
   104     6    -2.7463     4.7567    -8.9260    -0.4143     0.2523    -0.4143
   105     6    -4.1194     2.3783    -3.7634    -0.4143     0.2523    -0.0810
   106     6    -2.7463    -4.7567    -8.9260    -0.4143    -0.4143     0.2523
   107     6     0.0000    -0.0000   -19.2512    -0.4143    -0.4143    -0.4143
   108     6    -1.3731    -2.3783   -14.0886    -0.4143    -0.4143    -0.0810
   109     8    -1.7234    -0.7624    -1.3814    -0.1692    -0.0134     0.0934
   110     8    -3.0965    -3.1407     3.7812    -0.1692    -0.0134     0.4268
   111     8    -0.3502     1.6160    -6.5440    -0.1692    -0.0134    -0.2399
   112     8    -3.0965     1.6160     3.7812    -0.1692     0.3199     0.0934
   113     8    -4.4696    -0.7624     8.9438    -0.1692     0.3199     0.4268
   114     8    -1.7234     3.9943    -1.3814    -0.1692     0.3199    -0.2399
   115     8    -0.3502    -3.1407    -6.5440    -0.1692    -0.3468     0.0934
   116     8    -1.7234    -5.5191    -1.3814    -0.1692    -0.3468     0.4268
   117     8     1.0229    -0.7624   -11.7066    -0.1692    -0.3468    -0.2399
   118     8     1.0229    -0.7624     3.7812     0.1642    -0.0134     0.0934
   119     8    -0.3502    -3.1407     8.9438     0.1642    -0.0134     0.4268
   120     8     2.3961     1.6160    -1.3814     0.1642    -0.0134    -0.2399
   121     8    -0.3502     1.6160     8.9438     0.1642     0.3199     0.0934
   122     8    -1.7234    -0.7624    14.1064     0.1642     0.3199     0.4268
   123     8     1.0229     3.9943     3.7812     0.1642     0.3199    -0.2399
   124     8     2.3961    -3.1407    -1.3814     0.1642    -0.3468     0.0934
   125     8     1.0229    -5.5191     3.7812     0.1642    -0.3468     0.4268
   126     8     3.7692    -0.7624    -6.5440     0.1642    -0.3468    -0.2399
   127     8     3.7692    -0.7624     8.9438     0.4975    -0.0134     0.0934
   128     8     2.3961    -3.1407    14.1064     0.4975    -0.0134     0.4268
   129     8     5.1423     1.6160     3.7812     0.4975    -0.0134    -0.2399
   130     8     2.3961     1.6160    14.1064     0.4975     0.3199     0.0934
   131     8     1.0229    -0.7624    19.2690     0.4975     0.3199     0.4268
   132     8     3.7692     3.9943     8.9438     0.4975     0.3199    -0.2399
   133     8     5.1423    -3.1407     3.7812     0.4975    -0.3468     0.0934
   134     8     3.7692    -5.5191     8.9438     0.4975    -0.3468     0.4268
   135     8     6.5155    -0.7624    -1.3814     0.4975    -0.3468    -0.2399
   136     8     1.5219    -1.1113    -1.3814     0.0934    -0.1692    -0.0134
   137     8     0.1488    -3.4896     3.7812     0.0934    -0.1692     0.3199
   138     8     2.8951     1.2671    -6.5440     0.0934    -0.1692    -0.3468
   139     8     0.1488     1.2671     3.7812     0.0934     0.1642    -0.0134
   140     8    -1.2244    -1.1113     8.9438     0.0934     0.1642     0.3199
   141     8     1.5219     3.6454    -1.3814     0.0934     0.1642    -0.3468
   142     8    -1.2244     3.6454     8.9438     0.0934     0.4975    -0.0134
   143     8    -2.5975     1.2671    14.1064     0.0934     0.4975     0.3199
   144     8     0.1488     6.0237     3.7812     0.0934     0.4975    -0.3468
   145     8     4.2682    -1.1113     3.7812     0.4268    -0.1692    -0.0134
   146     8     2.8951    -3.4896     8.9438     0.4268    -0.1692     0.3199
   147     8     5.6413     1.2671    -1.3814     0.4268    -0.1692    -0.3468
   148     8     2.8951     1.2671     8.9438     0.4268     0.1642    -0.0134
   149     8     1.5219    -1.1113    14.1064     0.4268     0.1642     0.3199
   150     8     4.2682     3.6454     3.7812     0.4268     0.1642    -0.3468
   151     8     1.5219     3.6454    14.1064     0.4268     0.4975    -0.0134
   152     8     0.1488     1.2671    19.2690     0.4268     0.4975     0.3199
   153     8     2.8951     6.0237     8.9438     0.4268     0.4975    -0.3468
   154     8    -1.2244    -1.1113    -6.5440    -0.2399    -0.1692    -0.0134
   155     8    -2.5975    -3.4896    -1.3814    -0.2399    -0.1692     0.3199
   156     8     0.1488     1.2671   -11.7066    -0.2399    -0.1692    -0.3468
   157     8    -2.5975     1.2671    -1.3814    -0.2399     0.1642    -0.0134
   158     8    -3.9706    -1.1113     3.7812    -0.2399     0.1642     0.3199
   159     8    -1.2244     3.6454    -6.5440    -0.2399     0.1642    -0.3468
   160     8    -3.9706     3.6454     3.7812    -0.2399     0.4975    -0.0134
   161     8    -5.3438     1.2671     8.9438    -0.2399     0.4975     0.3199
   162     8    -2.5975     6.0237    -1.3814    -0.2399     0.4975    -0.3468
   163     8     0.2014     1.8737    -1.3814    -0.0134     0.0934    -0.1692
   164     8    -1.1717    -0.5047     3.7812    -0.0134     0.0934     0.1642
   165     8    -2.5448    -2.8830     8.9438    -0.0134     0.0934     0.4975
   166     8    -1.1717     4.2520     3.7812    -0.0134     0.4268    -0.1692
   167     8    -2.5448     1.8737     8.9438    -0.0134     0.4268     0.1642
   168     8    -3.9180    -0.5047    14.1064    -0.0134     0.4268     0.4975
   169     8     1.5746    -0.5047    -6.5440    -0.0134    -0.2399    -0.1692
   170     8     0.2014    -2.8830    -1.3814    -0.0134    -0.2399     0.1642
   171     8    -1.1717    -5.2614     3.7812    -0.0134    -0.2399     0.4975
   172     8     2.9477     1.8737     3.7812     0.3199     0.0934    -0.1692
   173     8     1.5746    -0.5047     8.9438     0.3199     0.0934     0.1642
   174     8     0.2014    -2.8830    14.1064     0.3199     0.0934     0.4975
   175     8     1.5746     4.2520     8.9438     0.3199     0.4268    -0.1692
   176     8     0.2014     1.8737    14.1064     0.3199     0.4268     0.1642
   177     8    -1.1717    -0.5047    19.2690     0.3199     0.4268     0.4975
   178     8     4.3209    -0.5047    -1.3814     0.3199    -0.2399    -0.1692
   179     8     2.9477    -2.8830     3.7812     0.3199    -0.2399     0.1642
   180     8     1.5746    -5.2614     8.9438     0.3199    -0.2399     0.4975
   181     8    -2.5448     1.8737    -6.5440    -0.3468     0.0934    -0.1692
   182     8    -3.9180    -0.5047    -1.3814    -0.3468     0.0934     0.1642
   183     8    -5.2911    -2.8830     3.7812    -0.3468     0.0934     0.4975
   184     8    -3.9180     4.2520    -1.3814    -0.3468     0.4268    -0.1692
   185     8    -5.2911     1.8737     3.7812    -0.3468     0.4268     0.1642
   186     8    -6.6642    -0.5047     8.9438    -0.3468     0.4268     0.4975
   187     8    -1.1717    -0.5047   -11.7066    -0.3468    -0.2399    -0.1692
   188     8    -2.5448    -2.8830    -6.5440    -0.3468    -0.2399     0.1642
   189     8    -3.9180    -5.2614    -1.3814    -0.3468    -0.2399     0.4975
   190     8     1.7234     0.7624     1.3814     0.1692     0.0134    -0.0934
   191     8     0.3502    -1.6160     6.5440     0.1692     0.0134     0.2399
   192     8     3.0965     3.1407    -3.7812     0.1692     0.0134    -0.4268
   193     8     0.3502     3.1407     6.5440     0.1692     0.3468    -0.0934
   194     8    -1.0229     0.7624    11.7066     0.1692     0.3468     0.2399
   195     8     1.7234     5.5191     1.3814     0.1692     0.3468    -0.4268
   196     8     3.0965    -1.6160    -3.7812     0.1692    -0.3199    -0.0934
   197     8     1.7234    -3.9943     1.3814     0.1692    -0.3199     0.2399
   198     8     4.4696     0.7624    -8.9438     0.1692    -0.3199    -0.4268
   199     8    -3.7692     0.7624    -8.9438    -0.4975     0.0134    -0.0934
   200     8    -5.1423    -1.6160    -3.7812    -0.4975     0.0134     0.2399
   201     8    -2.3961     3.1407   -14.1064    -0.4975     0.0134    -0.4268
   202     8    -5.1423     3.1407    -3.7812    -0.4975     0.3468    -0.0934
   203     8    -6.5155     0.7624     1.3814    -0.4975     0.3468     0.2399
   204     8    -3.7692     5.5191    -8.9438    -0.4975     0.3468    -0.4268
   205     8    -2.3961    -1.6160   -14.1064    -0.4975    -0.3199    -0.0934
   206     8    -3.7692    -3.9943    -8.9438    -0.4975    -0.3199     0.2399
   207     8    -1.0229     0.7624   -19.2690    -0.4975    -0.3199    -0.4268
   208     8    -1.0229     0.7624    -3.7812    -0.1642     0.0134    -0.0934
   209     8    -2.3961    -1.6160     1.3814    -0.1642     0.0134     0.2399
   210     8     0.3502     3.1407    -8.9438    -0.1642     0.0134    -0.4268
   211     8    -2.3961     3.1407     1.3814    -0.1642     0.3468    -0.0934
   212     8    -3.7692     0.7624     6.5440    -0.1642     0.3468     0.2399
   213     8    -1.0229     5.5191    -3.7812    -0.1642     0.3468    -0.4268
   214     8     0.3502    -1.6160    -8.9438    -0.1642    -0.3199    -0.0934
   215     8    -1.0229    -3.9943    -3.7812    -0.1642    -0.3199     0.2399
   216     8     1.7234     0.7624   -14.1064    -0.1642    -0.3199    -0.4268
   217     8    -1.5219     1.1113     1.3814    -0.0934     0.1692     0.0134
   218     8    -2.8951    -1.2671     6.5440    -0.0934     0.1692     0.3468
   219     8    -0.1488     3.4896    -3.7812    -0.0934     0.1692    -0.3199
   220     8     1.2244    -3.6454    -8.9438    -0.0934    -0.4975     0.0134
   221     8    -0.1488    -6.0237    -3.7812    -0.0934    -0.4975     0.3468
   222     8     2.5975    -1.2671   -14.1064    -0.0934    -0.4975    -0.3199
   223     8    -0.1488    -1.2671    -3.7812    -0.0934    -0.1642     0.0134
   224     8    -1.5219    -3.6454     1.3814    -0.0934    -0.1642     0.3468
   225     8     1.2244     1.1113    -8.9438    -0.0934    -0.1642    -0.3199
   226     8     1.2244     1.1113     6.5440     0.2399     0.1692     0.0134
   227     8    -0.1488    -1.2671    11.7066     0.2399     0.1692     0.3468
   228     8     2.5975     3.4896     1.3814     0.2399     0.1692    -0.3199
   229     8     3.9706    -3.6454    -3.7812     0.2399    -0.4975     0.0134
   230     8     2.5975    -6.0237     1.3814     0.2399    -0.4975     0.3468
   231     8     5.3438    -1.2671    -8.9438     0.2399    -0.4975    -0.3199
   232     8     2.5975    -1.2671     1.3814     0.2399    -0.1642     0.0134
   233     8     1.2244    -3.6454     6.5440     0.2399    -0.1642     0.3468
   234     8     3.9706     1.1113    -3.7812     0.2399    -0.1642    -0.3199
   235     8    -4.2682     1.1113    -3.7812    -0.4268     0.1692     0.0134
   236     8    -5.6413    -1.2671     1.3814    -0.4268     0.1692     0.3468
   237     8    -2.8951     3.4896    -8.9438    -0.4268     0.1692    -0.3199
   238     8    -1.5219    -3.6454   -14.1064    -0.4268    -0.4975     0.0134
   239     8    -2.8951    -6.0237    -8.9438    -0.4268    -0.4975     0.3468
   240     8    -0.1488    -1.2671   -19.2690    -0.4268    -0.4975    -0.3199
   241     8    -2.8951    -1.2671    -8.9438    -0.4268    -0.1642     0.0134
   242     8    -4.2682    -3.6454    -3.7812    -0.4268    -0.1642     0.3468
   243     8    -1.5219     1.1113   -14.1064    -0.4268    -0.1642    -0.3199
   244     8    -0.2014    -1.8737     1.3814     0.0134    -0.0934     0.1692
   245     8     2.5448     2.8830    -8.9438     0.0134    -0.0934    -0.4975
   246     8     1.1717     0.5047    -3.7812     0.0134    -0.0934    -0.1642
   247     8    -1.5746     0.5047     6.5440     0.0134     0.2399     0.1692
   248     8     1.1717     5.2614    -3.7812     0.0134     0.2399    -0.4975
   249     8    -0.2014     2.8830     1.3814     0.0134     0.2399    -0.1642
   250     8     1.1717    -4.2520    -3.7812     0.0134    -0.4268     0.1692
   251     8     3.9180     0.5047   -14.1064     0.0134    -0.4268    -0.4975
   252     8     2.5448    -1.8737    -8.9438     0.0134    -0.4268    -0.1642
   253     8     2.5448    -1.8737     6.5440     0.3468    -0.0934     0.1692
   254     8     5.2911     2.8830    -3.7812     0.3468    -0.0934    -0.4975
   255     8     3.9180     0.5047     1.3814     0.3468    -0.0934    -0.1642
   256     8     1.1717     0.5047    11.7066     0.3468     0.2399     0.1692
   257     8     3.9180     5.2614     1.3814     0.3468     0.2399    -0.4975
   258     8     2.5448     2.8830     6.5440     0.3468     0.2399    -0.1642
   259     8     3.9180    -4.2520     1.3814     0.3468    -0.4268     0.1692
   260     8     6.6642     0.5047    -8.9438     0.3468    -0.4268    -0.4975
   261     8     5.2911    -1.8737    -3.7812     0.3468    -0.4268    -0.1642
   262     8    -2.9477    -1.8737    -3.7812    -0.3199    -0.0934     0.1692
   263     8    -0.2014     2.8830   -14.1064    -0.3199    -0.0934    -0.4975
   264     8    -1.5746     0.5047    -8.9438    -0.3199    -0.0934    -0.1642
   265     8    -4.3209     0.5047     1.3814    -0.3199     0.2399     0.1692
   266     8    -1.5746     5.2614    -8.9438    -0.3199     0.2399    -0.4975
   267     8    -2.9477     2.8830    -3.7812    -0.3199     0.2399    -0.1642
   268     8    -1.5746    -4.2520    -8.9438    -0.3199    -0.4268     0.1692
   269     8     1.1717     0.5047   -19.2690    -0.3199    -0.4268    -0.4975
   270     8    -0.2014    -1.8737   -14.1064    -0.3199    -0.4268    -0.1642

 **************************** SUPERCELL GENERATED ****************************

 **** ATOMS IN THE SUPERCELL REORDERED FOR PHONON CALCULATION
      ATOMS IN THE SMALL CELL ON TOP

 LABEL AT.NO.      COORDINATES (ANGSTROM)
     1    20    -0.0000    -0.0000     0.0000
     2    12     0.0000    -0.0000     7.7439
     3     6    -2.7463    -0.0000    -1.3992
     4     6    -1.3731    -2.3783     1.3992
     5     8    -1.7234    -0.7624    -1.3814
     6     8     1.5219    -1.1113    -1.3814
     7     8     0.2014     1.8737    -1.3814
     8     8     1.7234     0.7624     1.3814
     9     8    -1.5219     1.1113     1.3814
    10     8    -0.2014    -1.8737     1.3814
    11    20     1.3731    -2.3783    10.3252
    12    20     4.1194     2.3783     0.0000
    13    20     1.3731     2.3783    10.3252
    14    20     0.0000    -0.0000    15.4878
    15    20     2.7463     4.7567     5.1626
    16    20     4.1194    -2.3783     0.0000
    17    20     2.7463    -4.7567     5.1626
    18    20     5.4925     0.0000    -5.1626
    19    20    -2.7463     0.0000    -5.1626
    20    20    -4.1194    -2.3783     0.0000
    21    20    -1.3731     2.3783   -10.3252
    22    20    -4.1194     2.3783     0.0000
    23    20    -5.4925    -0.0000     5.1626
    24    20    -2.7463     4.7567    -5.1626
    25    20    -1.3731    -2.3783   -10.3252
    26    20    -2.7463    -4.7567    -5.1626
    27    20    -0.0000     0.0000   -15.4878
    28    20    -1.3731    -2.3783     5.1626
    29    12     2.7463     4.7567    -2.5813
    30    12     1.3731     2.3783     2.5813
    31    12     2.7463    -4.7567    -2.5813
    32    12     5.4925     0.0000   -12.9065
    33    12     4.1194    -2.3783    -7.7439
    34    12     1.3731    -2.3783     2.5813
    35    12     4.1194     2.3783    -7.7439
    36    12     2.7463    -0.0000    -2.5813
    37    12    -5.4925    -0.0000    -2.5813
    38    12    -2.7463     4.7567   -12.9065
    39    12    -4.1194     2.3783    -7.7439
    40    12    -2.7463    -4.7567   -12.9065
    41    12     0.0000     0.0000   -23.2317
    42    12    -1.3731    -2.3783   -18.0691
    43    12    -4.1194    -2.3783    -7.7439
    44    12    -1.3731     2.3783   -18.0691
    45    12    -2.7463    -0.0000   -12.9065
    46    12    -2.7463     0.0000     2.5813
    47    12     0.0000     4.7567    -7.7439
    48    12    -1.3731     2.3783    -2.5813
    49    12    -0.0000    -4.7567    -7.7439
    50    12     2.7463     0.0000   -18.0691
    51    12     1.3731    -2.3783   -12.9065
    52    12    -1.3731    -2.3783    -2.5813
    53    12     1.3731     2.3783   -12.9065
    54    12    -0.0000    -0.0000    -7.7439
    55    20     1.3731     2.3783    -5.1626
    56     6    -4.1194    -2.3783     3.7634
    57     6    -1.3731     2.3783    -6.5618
    58     6    -4.1194     2.3783     3.7634
    59     6    -5.4925    -0.0000     8.9260
    60     6    -2.7463     4.7567    -1.3992
    61     6    -1.3731    -2.3783    -6.5618
    62     6    -2.7463    -4.7567    -1.3992
    63     6     0.0000    -0.0000   -11.7244
    64     6     0.0000     0.0000     3.7634
    65     6    -1.3731    -2.3783     8.9260
    66     6     1.3731     2.3783    -1.3992
    67     6    -1.3731     2.3783     8.9260
    68     6    -2.7463    -0.0000    14.0886
    69     6    -0.0000     4.7567     3.7634
    70     6     1.3731    -2.3783    -1.3992
    71     6     0.0000    -4.7567     3.7634
    72     6     2.7463     0.0000    -6.5618
    73     6     2.7463     0.0000     8.9260
    74     6     1.3731    -2.3783    14.0886
    75     6     4.1194     2.3783     3.7634
    76     6     1.3731     2.3783    14.0886
    77     6     0.0000    -0.0000    19.2512
    78     6     2.7463     4.7567     8.9260
    79     6     4.1194    -2.3783     3.7634
    80     6     2.7463    -4.7567     8.9260
    81     6     5.4925     0.0000    -1.3992
    82    20    -1.3731     2.3783     5.1626
    83     6     1.3731     2.3783    -8.9260
    84     6     0.0000    -0.0000    -3.7634
    85     6    -2.7463    -0.0000     6.5618
    86     6     0.0000     4.7567    -3.7634
    87     6    -1.3731     2.3783     1.3992
    88     6     0.0000    -4.7567    -3.7634
    89     6     2.7463    -0.0000   -14.0886
    90     6     1.3731    -2.3783    -8.9260
    91     6     1.3731    -2.3783     6.5618
    92     6     4.1194     2.3783    -3.7634
    93     6     2.7463     0.0000     1.3992
    94     6    -0.0000     0.0000    11.7244
    95     6     2.7463     4.7567     1.3992
    96     6     1.3731     2.3783     6.5618
    97     6     2.7463    -4.7567     1.3992
    98     6     5.4925     0.0000    -8.9260
    99     6     4.1194    -2.3783    -3.7634
   100     6    -4.1194    -2.3783    -3.7634
   101     6    -1.3731     2.3783   -14.0886
   102     6    -2.7463     0.0000    -8.9260
   103     6    -5.4925    -0.0000     1.3992
   104     6    -2.7463     4.7567    -8.9260
   105     6    -4.1194     2.3783    -3.7634
   106     6    -2.7463    -4.7567    -8.9260
   107     6     0.0000    -0.0000   -19.2512
   108     6    -1.3731    -2.3783   -14.0886
   109    20    -2.7463    -0.0000    10.3252
   110     8    -3.0965    -3.1407     3.7812
   111     8    -0.3502     1.6160    -6.5440
   112     8    -3.0965     1.6160     3.7812
   113     8    -4.4696    -0.7624     8.9438
   114     8    -1.7234     3.9943    -1.3814
   115     8    -0.3502    -3.1407    -6.5440
   116     8    -1.7234    -5.5191    -1.3814
   117     8     1.0229    -0.7624   -11.7066
   118     8     1.0229    -0.7624     3.7812
   119     8    -0.3502    -3.1407     8.9438
   120     8     2.3961     1.6160    -1.3814
   121     8    -0.3502     1.6160     8.9438
   122     8    -1.7234    -0.7624    14.1064
   123     8     1.0229     3.9943     3.7812
   124     8     2.3961    -3.1407    -1.3814
   125     8     1.0229    -5.5191     3.7812
   126     8     3.7692    -0.7624    -6.5440
   127     8     3.7692    -0.7624     8.9438
   128     8     2.3961    -3.1407    14.1064
   129     8     5.1423     1.6160     3.7812
   130     8     2.3961     1.6160    14.1064
   131     8     1.0229    -0.7624    19.2690
   132     8     3.7692     3.9943     8.9438
   133     8     5.1423    -3.1407     3.7812
   134     8     3.7692    -5.5191     8.9438
   135     8     6.5155    -0.7624    -1.3814
   136    20     0.0000     4.7567     0.0000
   137     8     0.1488    -3.4896     3.7812
   138     8     2.8951     1.2671    -6.5440
   139     8     0.1488     1.2671     3.7812
   140     8    -1.2244    -1.1113     8.9438
   141     8     1.5219     3.6454    -1.3814
   142     8    -1.2244     3.6454     8.9438
   143     8    -2.5975     1.2671    14.1064
   144     8     0.1488     6.0237     3.7812
   145     8     4.2682    -1.1113     3.7812
   146     8     2.8951    -3.4896     8.9438
   147     8     5.6413     1.2671    -1.3814
   148     8     2.8951     1.2671     8.9438
   149     8     1.5219    -1.1113    14.1064
   150     8     4.2682     3.6454     3.7812
   151     8     1.5219     3.6454    14.1064
   152     8     0.1488     1.2671    19.2690
   153     8     2.8951     6.0237     8.9438
   154     8    -1.2244    -1.1113    -6.5440
   155     8    -2.5975    -3.4896    -1.3814
   156     8     0.1488     1.2671   -11.7066
   157     8    -2.5975     1.2671    -1.3814
   158     8    -3.9706    -1.1113     3.7812
   159     8    -1.2244     3.6454    -6.5440
   160     8    -3.9706     3.6454     3.7812
   161     8    -5.3438     1.2671     8.9438
   162     8    -2.5975     6.0237    -1.3814
   163    20     1.3731    -2.3783    -5.1626
   164     8    -1.1717    -0.5047     3.7812
   165     8    -2.5448    -2.8830     8.9438
   166     8    -1.1717     4.2520     3.7812
   167     8    -2.5448     1.8737     8.9438
   168     8    -3.9180    -0.5047    14.1064
   169     8     1.5746    -0.5047    -6.5440
   170     8     0.2014    -2.8830    -1.3814
   171     8    -1.1717    -5.2614     3.7812
   172     8     2.9477     1.8737     3.7812
   173     8     1.5746    -0.5047     8.9438
   174     8     0.2014    -2.8830    14.1064
   175     8     1.5746     4.2520     8.9438
   176     8     0.2014     1.8737    14.1064
   177     8    -1.1717    -0.5047    19.2690
   178     8     4.3209    -0.5047    -1.3814
   179     8     2.9477    -2.8830     3.7812
   180     8     1.5746    -5.2614     8.9438
   181     8    -2.5448     1.8737    -6.5440
   182     8    -3.9180    -0.5047    -1.3814
   183     8    -5.2911    -2.8830     3.7812
   184     8    -3.9180     4.2520    -1.3814
   185     8    -5.2911     1.8737     3.7812
   186     8    -6.6642    -0.5047     8.9438
   187     8    -1.1717    -0.5047   -11.7066
   188     8    -2.5448    -2.8830    -6.5440
   189     8    -3.9180    -5.2614    -1.3814
   190    20     0.0000    -4.7567     0.0000
   191     8     0.3502    -1.6160     6.5440
   192     8     3.0965     3.1407    -3.7812
   193     8     0.3502     3.1407     6.5440
   194     8    -1.0229     0.7624    11.7066
   195     8     1.7234     5.5191     1.3814
   196     8     3.0965    -1.6160    -3.7812
   197     8     1.7234    -3.9943     1.3814
   198     8     4.4696     0.7624    -8.9438
   199     8    -3.7692     0.7624    -8.9438
   200     8    -5.1423    -1.6160    -3.7812
   201     8    -2.3961     3.1407   -14.1064
   202     8    -5.1423     3.1407    -3.7812
   203     8    -6.5155     0.7624     1.3814
   204     8    -3.7692     5.5191    -8.9438
   205     8    -2.3961    -1.6160   -14.1064
   206     8    -3.7692    -3.9943    -8.9438
   207     8    -1.0229     0.7624   -19.2690
   208     8    -1.0229     0.7624    -3.7812
   209     8    -2.3961    -1.6160     1.3814
   210     8     0.3502     3.1407    -8.9438
   211     8    -2.3961     3.1407     1.3814
   212     8    -3.7692     0.7624     6.5440
   213     8    -1.0229     5.5191    -3.7812
   214     8     0.3502    -1.6160    -8.9438
   215     8    -1.0229    -3.9943    -3.7812
   216     8     1.7234     0.7624   -14.1064
   217    20     2.7463     0.0000   -10.3252
   218     8    -2.8951    -1.2671     6.5440
   219     8    -0.1488     3.4896    -3.7812
   220     8     1.2244    -3.6454    -8.9438
   221     8    -0.1488    -6.0237    -3.7812
   222     8     2.5975    -1.2671   -14.1064
   223     8    -0.1488    -1.2671    -3.7812
   224     8    -1.5219    -3.6454     1.3814
   225     8     1.2244     1.1113    -8.9438
   226     8     1.2244     1.1113     6.5440
   227     8    -0.1488    -1.2671    11.7066
   228     8     2.5975     3.4896     1.3814
   229     8     3.9706    -3.6454    -3.7812
   230     8     2.5975    -6.0237     1.3814
   231     8     5.3438    -1.2671    -8.9438
   232     8     2.5975    -1.2671     1.3814
   233     8     1.2244    -3.6454     6.5440
   234     8     3.9706     1.1113    -3.7812
   235     8    -4.2682     1.1113    -3.7812
   236     8    -5.6413    -1.2671     1.3814
   237     8    -2.8951     3.4896    -8.9438
   238     8    -1.5219    -3.6454   -14.1064
   239     8    -2.8951    -6.0237    -8.9438
   240     8    -0.1488    -1.2671   -19.2690
   241     8    -2.8951    -1.2671    -8.9438
   242     8    -4.2682    -3.6454    -3.7812
   243     8    -1.5219     1.1113   -14.1064
   244    20     2.7463     0.0000     5.1626
   245     8     2.5448     2.8830    -8.9438
   246     8     1.1717     0.5047    -3.7812
   247     8    -1.5746     0.5047     6.5440
   248     8     1.1717     5.2614    -3.7812
   249     8    -0.2014     2.8830     1.3814
   250     8     1.1717    -4.2520    -3.7812
   251     8     3.9180     0.5047   -14.1064
   252     8     2.5448    -1.8737    -8.9438
   253     8     2.5448    -1.8737     6.5440
   254     8     5.2911     2.8830    -3.7812
   255     8     3.9180     0.5047     1.3814
   256     8     1.1717     0.5047    11.7066
   257     8     3.9180     5.2614     1.3814
   258     8     2.5448     2.8830     6.5440
   259     8     3.9180    -4.2520     1.3814
   260     8     6.6642     0.5047    -8.9438
   261     8     5.2911    -1.8737    -3.7812
   262     8    -2.9477    -1.8737    -3.7812
   263     8    -0.2014     2.8830   -14.1064
   264     8    -1.5746     0.5047    -8.9438
   265     8    -4.3209     0.5047     1.3814
   266     8    -1.5746     5.2614    -8.9438
   267     8    -2.9477     2.8830    -3.7812
   268     8    -1.5746    -4.2520    -8.9438
   269     8     1.1717     0.5047   -19.2690
   270     8    -0.2014    -1.8737   -14.1064

 FRQFRQFRQFRQFRQFRQFRQFRQFRQFRQFRQFRQFRQFRQFRQFRQFRQFRQFRQFRQFRQFRQFRQFRQFRQFRQ

                       FREQUENCY CALCULATION

 INFORMATION **** INPFREQ **** PHONON DISPERSION CALCULATION
 INFORMATION **** INPFREQ ****  PRINTING OF EIGENVECTORS
 INFORMATION **** INPFREQ **** NEW DEFAULT - IMPOSING ECKART CONDITIONS TO THE HESSIAN

 GCALCO - MAX INDICES DIRECT LATTICE VECTOR    14    14    14
 NO.OF VECTORS CREATED 6999 STARS  515 RMAX   312.85973 BOHR

 GEOMETRY FOR WAVE FUNCTION - DIMENSIONALITY OF THE SYSTEM    3
 (NON PERIODIC DIRECTION: LATTICE PARAMETER FORMALLY SET TO 500)
 *******************************************************************************
 LATTICE PARAMETERS (ANGSTROMS AND DEGREES) - BOHR = 0.5291772083 ANGSTROM
 PRIMITIVE CELL - CENTRING CODE 1/0 VOLUME=  2731.315608 - DENSITY  3.019 g/cm^3
         A              B              C           ALPHA      BETA       GAMMA 
    17.54281101    17.54281101    17.54281101    47.998031  47.998031  47.998031
 *******************************************************************************
 ATOMS IN THE ASYMMETRIC UNIT   50 - ATOMS IN THE UNIT CELL:  270
     ATOM                 X/A                 Y/B                 Z/C    
 *******************************************************************************
      1 T  20 CA   -1.438789812983E-36  3.920959064319E-37  1.326130946277E-36
      2 T  12 MG    1.666666666667E-01  1.666666666667E-01  1.666666666667E-01
      3 T   6 C    -2.523362683540E-01  8.099706497929E-02  8.099706497929E-02
      4 F   6 C    -8.099706497929E-02 -8.099706497929E-02  2.523362683540E-01
      5 T   8 O    -1.691818228027E-01 -1.343114377789E-02  9.341829331768E-02
      6 F   8 O     9.341829331768E-02 -1.691818228027E-01 -1.343114377789E-02
      7 F   8 O    -1.343114377789E-02  9.341829331768E-02 -1.691818228027E-01
      8 F   8 O     1.691818228027E-01  1.343114377789E-02 -9.341829331768E-02
      9 F   8 O    -9.341829331768E-02  1.691818228027E-01  1.343114377789E-02
     10 F   8 O     1.343114377789E-02 -9.341829331768E-02  1.691818228027E-01
     11 T  20 CA    3.333333333333E-01  4.517445682944E-17  3.333333333333E-01
     12 T  20 CA    3.333333333333E-01  1.069020940704E-17 -3.333333333333E-01
     13 F  20 CA    3.333333333333E-01  3.333333333333E-01  1.741888121381E-17
     14 T  20 CA    3.333333333333E-01  3.333333333333E-01  3.333333333333E-01
     15 T  20 CA    3.333333333333E-01  3.333333333333E-01 -3.333333333333E-01
     16 F  20 CA    3.333333333333E-01 -3.333333333333E-01  1.709944378246E-17
     17 F  20 CA    3.333333333333E-01 -3.333333333333E-01  3.333333333333E-01
     18 F  20 CA    3.333333333333E-01 -3.333333333333E-01 -3.333333333333E-01
     19 T  20 CA   -3.333333333333E-01  3.810618044997E-17 -1.740497078129E-17
     20 F  20 CA   -3.333333333333E-01  8.701063361182E-17  3.333333333333E-01
     21 F  20 CA   -3.333333333333E-01 -1.976106290778E-17 -3.333333333333E-01
     22 F  20 CA   -3.333333333333E-01  3.333333333333E-01  5.744899338936E-17
     23 F  20 CA   -3.333333333333E-01  3.333333333333E-01  3.333333333333E-01
     24 F  20 CA   -3.333333333333E-01  3.333333333333E-01 -3.333333333333E-01
     25 F  20 CA   -3.333333333333E-01 -3.333333333333E-01 -7.054365946951E-18
     26 F  20 CA   -3.333333333333E-01 -3.333333333333E-01  3.333333333333E-01
     27 F  20 CA   -3.333333333333E-01 -3.333333333333E-01 -3.333333333333E-01
     28 F  20 CA    4.398945554993E-17  2.356092126490E-18  3.333333333333E-01
     29 T  12 MG    1.666666666667E-01  1.666666666667E-01 -5.000000000000E-01
     30 T  12 MG    1.666666666667E-01  1.666666666667E-01 -1.666666666667E-01
     31 F  12 MG    1.666666666667E-01  5.000000000000E-01  1.666666666667E-01
     32 T  12 MG    1.666666666667E-01  5.000000000000E-01  5.000000000000E-01
     33 T  12 MG    1.666666666667E-01 -5.000000000000E-01 -1.666666666667E-01
     34 F  12 MG    1.666666666667E-01 -1.666666666667E-01  1.666666666667E-01
     35 F  12 MG    1.666666666667E-01 -1.666666666667E-01 -5.000000000000E-01
     36 F  12 MG    1.666666666667E-01 -1.666666666667E-01 -1.666666666667E-01
     37 F  12 MG   -5.000000000000E-01  1.666666666667E-01  1.666666666667E-01
     38 F  12 MG   -5.000000000000E-01  1.666666666667E-01 -5.000000000000E-01
     39 F  12 MG   -5.000000000000E-01  1.666666666667E-01 -1.666666666667E-01
     40 F  12 MG   -5.000000000000E-01 -5.000000000000E-01  1.666666666667E-01
     41 T  12 MG   -5.000000000000E-01 -5.000000000000E-01 -5.000000000000E-01
     42 F  12 MG   -5.000000000000E-01 -5.000000000000E-01 -1.666666666667E-01
     43 F  12 MG    5.000000000000E-01 -1.666666666667E-01  1.666666666667E-01
     44 F  12 MG   -5.000000000000E-01 -1.666666666667E-01  5.000000000000E-01
     45 F  12 MG   -5.000000000000E-01 -1.666666666667E-01 -1.666666666667E-01
     46 F  12 MG   -1.666666666667E-01  1.666666666667E-01  1.666666666667E-01
     47 F  12 MG   -1.666666666667E-01  1.666666666667E-01 -5.000000000000E-01
     48 F  12 MG   -1.666666666667E-01  1.666666666667E-01 -1.666666666667E-01
     49 F  12 MG   -1.666666666667E-01 -5.000000000000E-01  1.666666666667E-01
     50 F  12 MG   -1.666666666667E-01 -5.000000000000E-01 -5.000000000000E-01
     51 F  12 MG   -1.666666666667E-01  5.000000000000E-01 -1.666666666667E-01
     52 F  12 MG   -1.666666666667E-01 -1.666666666667E-01  1.666666666667E-01
     53 F  12 MG   -1.666666666667E-01 -1.666666666667E-01 -5.000000000000E-01
     54 F  12 MG   -1.666666666667E-01 -1.666666666667E-01 -1.666666666667E-01
     55 F  20 CA    1.035060483434E-17 -3.128275858910E-17 -3.333333333333E-01
     56 T   6 C    -2.523362683540E-01  8.099706497929E-02  4.143303983126E-01
     57 T   6 C    -2.523362683540E-01  8.099706497929E-02 -2.523362683540E-01
     58 T   6 C    -2.523362683540E-01  4.143303983126E-01  8.099706497929E-02
     59 T   6 C    -2.523362683540E-01  4.143303983126E-01  4.143303983126E-01
     60 T   6 C    -2.523362683540E-01  4.143303983126E-01 -2.523362683540E-01
     61 F   6 C    -2.523362683540E-01 -2.523362683540E-01  8.099706497929E-02
     62 F   6 C    -2.523362683540E-01 -2.523362683540E-01  4.143303983126E-01
     63 T   6 C    -2.523362683540E-01 -2.523362683540E-01 -2.523362683540E-01
     64 T   6 C     8.099706497929E-02  8.099706497929E-02  8.099706497929E-02
     65 T   6 C     8.099706497929E-02  8.099706497929E-02  4.143303983126E-01
     66 F   6 C     8.099706497929E-02  8.099706497929E-02 -2.523362683540E-01
     67 F   6 C     8.099706497929E-02  4.143303983126E-01  8.099706497929E-02
     68 T   6 C     8.099706497929E-02  4.143303983126E-01  4.143303983126E-01
     69 F   6 C     8.099706497929E-02  4.143303983126E-01 -2.523362683540E-01
     70 F   6 C     8.099706497929E-02 -2.523362683540E-01  8.099706497929E-02
     71 F   6 C     8.099706497929E-02 -2.523362683540E-01  4.143303983126E-01
     72 F   6 C     8.099706497929E-02 -2.523362683540E-01 -2.523362683540E-01
     73 F   6 C     4.143303983126E-01  8.099706497929E-02  8.099706497929E-02
     74 F   6 C     4.143303983126E-01  8.099706497929E-02  4.143303983126E-01
     75 F   6 C     4.143303983126E-01  8.099706497929E-02 -2.523362683540E-01
     76 F   6 C     4.143303983126E-01  4.143303983126E-01  8.099706497929E-02
     77 T   6 C     4.143303983126E-01  4.143303983126E-01  4.143303983126E-01
     78 F   6 C     4.143303983126E-01  4.143303983126E-01 -2.523362683540E-01
     79 F   6 C     4.143303983126E-01 -2.523362683540E-01  8.099706497929E-02
     80 F   6 C     4.143303983126E-01 -2.523362683540E-01  4.143303983126E-01
     81 F   6 C     4.143303983126E-01 -2.523362683540E-01 -2.523362683540E-01
     82 F  20 CA    4.398945554993E-17  3.333333333333E-01  2.356092126490E-18
     83 F   6 C    -8.099706497929E-02 -8.099706497929E-02 -4.143303983126E-01
     84 F   6 C    -8.099706497929E-02 -8.099706497929E-02 -8.099706497929E-02
     85 F   6 C    -8.099706497929E-02  2.523362683540E-01  2.523362683540E-01
     86 F   6 C    -8.099706497929E-02  2.523362683540E-01 -4.143303983126E-01
     87 F   6 C    -8.099706497929E-02  2.523362683540E-01 -8.099706497929E-02
     88 F   6 C    -8.099706497929E-02 -4.143303983126E-01  2.523362683540E-01
     89 F   6 C    -8.099706497929E-02 -4.143303983126E-01 -4.143303983126E-01
     90 F   6 C    -8.099706497929E-02 -4.143303983126E-01 -8.099706497929E-02
     91 F   6 C     2.523362683540E-01 -8.099706497929E-02  2.523362683540E-01
     92 F   6 C     2.523362683540E-01 -8.099706497929E-02 -4.143303983126E-01
     93 F   6 C     2.523362683540E-01 -8.099706497929E-02 -8.099706497929E-02
     94 F   6 C     2.523362683540E-01  2.523362683540E-01  2.523362683540E-01
     95 F   6 C     2.523362683540E-01  2.523362683540E-01 -4.143303983126E-01
     96 F   6 C     2.523362683540E-01  2.523362683540E-01 -8.099706497929E-02
     97 F   6 C     2.523362683540E-01 -4.143303983126E-01  2.523362683540E-01
     98 F   6 C     2.523362683540E-01 -4.143303983126E-01 -4.143303983126E-01
     99 F   6 C     2.523362683540E-01 -4.143303983126E-01 -8.099706497929E-02
    100 F   6 C    -4.143303983126E-01 -8.099706497929E-02  2.523362683540E-01
    101 F   6 C    -4.143303983126E-01 -8.099706497929E-02 -4.143303983126E-01
    102 F   6 C    -4.143303983126E-01 -8.099706497929E-02 -8.099706497929E-02
    103 F   6 C    -4.143303983126E-01  2.523362683540E-01  2.523362683540E-01
    104 F   6 C    -4.143303983126E-01  2.523362683540E-01 -4.143303983126E-01
    105 F   6 C    -4.143303983126E-01  2.523362683540E-01 -8.099706497929E-02
    106 F   6 C    -4.143303983126E-01 -4.143303983126E-01  2.523362683540E-01
    107 F   6 C    -4.143303983126E-01 -4.143303983126E-01 -4.143303983126E-01
    108 F   6 C    -4.143303983126E-01 -4.143303983126E-01 -8.099706497929E-02
    109 F  20 CA    1.006856080607E-16  3.333333333333E-01  3.333333333333E-01
    110 T   8 O    -1.691818228027E-01 -1.343114377789E-02  4.267516266510E-01
    111 T   8 O    -1.691818228027E-01 -1.343114377789E-02 -2.399150400157E-01
    112 T   8 O    -1.691818228027E-01  3.199021895554E-01  9.341829331768E-02
    113 T   8 O    -1.691818228027E-01  3.199021895554E-01  4.267516266510E-01
    114 T   8 O    -1.691818228027E-01  3.199021895554E-01 -2.399150400157E-01
    115 T   8 O    -1.691818228027E-01 -3.467644771112E-01  9.341829331768E-02
    116 T   8 O    -1.691818228027E-01 -3.467644771112E-01  4.267516266510E-01
    117 T   8 O    -1.691818228027E-01 -3.467644771112E-01 -2.399150400157E-01
    118 T   8 O     1.641515105307E-01 -1.343114377789E-02  9.341829331768E-02
    119 T   8 O     1.641515105307E-01 -1.343114377789E-02  4.267516266510E-01
    120 T   8 O     1.641515105307E-01 -1.343114377789E-02 -2.399150400157E-01
    121 T   8 O     1.641515105307E-01  3.199021895554E-01  9.341829331768E-02
    122 T   8 O     1.641515105307E-01  3.199021895554E-01  4.267516266510E-01
    123 T   8 O     1.641515105307E-01  3.199021895554E-01 -2.399150400157E-01
    124 T   8 O     1.641515105307E-01 -3.467644771112E-01  9.341829331768E-02
    125 T   8 O     1.641515105307E-01 -3.467644771112E-01  4.267516266510E-01
    126 T   8 O     1.641515105307E-01 -3.467644771112E-01 -2.399150400157E-01
    127 T   8 O     4.974848438640E-01 -1.343114377789E-02  9.341829331768E-02
    128 T   8 O     4.974848438640E-01 -1.343114377789E-02  4.267516266510E-01
    129 T   8 O     4.974848438640E-01 -1.343114377789E-02 -2.399150400157E-01
    130 T   8 O     4.974848438640E-01  3.199021895554E-01  9.341829331768E-02
    131 T   8 O     4.974848438640E-01  3.199021895554E-01  4.267516266510E-01
    132 T   8 O     4.974848438640E-01  3.199021895554E-01 -2.399150400157E-01
    133 T   8 O     4.974848438640E-01 -3.467644771112E-01  9.341829331768E-02
    134 T   8 O     4.974848438640E-01 -3.467644771112E-01  4.267516266510E-01
    135 T   8 O     4.974848438640E-01 -3.467644771112E-01 -2.399150400157E-01
    136 F  20 CA    6.080312988414E-17  3.333333333333E-01 -3.333333333333E-01
    137 F   8 O     9.341829331768E-02 -1.691818228027E-01  3.199021895554E-01
    138 F   8 O     9.341829331768E-02 -1.691818228027E-01 -3.467644771112E-01
    139 F   8 O     9.341829331768E-02  1.641515105307E-01 -1.343114377789E-02
    140 F   8 O     9.341829331768E-02  1.641515105307E-01  3.199021895554E-01
    141 F   8 O     9.341829331768E-02  1.641515105307E-01 -3.467644771112E-01
    142 F   8 O     9.341829331768E-02  4.974848438640E-01 -1.343114377789E-02
    143 F   8 O     9.341829331768E-02  4.974848438640E-01  3.199021895554E-01
    144 F   8 O     9.341829331768E-02  4.974848438640E-01 -3.467644771112E-01
    145 F   8 O     4.267516266510E-01 -1.691818228027E-01 -1.343114377789E-02
    146 F   8 O     4.267516266510E-01 -1.691818228027E-01  3.199021895554E-01
    147 F   8 O     4.267516266510E-01 -1.691818228027E-01 -3.467644771112E-01
    148 F   8 O     4.267516266510E-01  1.641515105307E-01 -1.343114377789E-02
    149 F   8 O     4.267516266510E-01  1.641515105307E-01  3.199021895554E-01
    150 F   8 O     4.267516266510E-01  1.641515105307E-01 -3.467644771112E-01
    151 F   8 O     4.267516266510E-01  4.974848438640E-01 -1.343114377789E-02
    152 F   8 O     4.267516266510E-01  4.974848438640E-01  3.199021895554E-01
    153 F   8 O     4.267516266510E-01  4.974848438640E-01 -3.467644771112E-01
    154 F   8 O    -2.399150400157E-01 -1.691818228027E-01 -1.343114377789E-02
    155 F   8 O    -2.399150400157E-01 -1.691818228027E-01  3.199021895554E-01
    156 F   8 O    -2.399150400157E-01 -1.691818228027E-01 -3.467644771112E-01
    157 F   8 O    -2.399150400157E-01  1.641515105307E-01 -1.343114377789E-02
    158 F   8 O    -2.399150400157E-01  1.641515105307E-01  3.199021895554E-01
    159 F   8 O    -2.399150400157E-01  1.641515105307E-01 -3.467644771112E-01
    160 F   8 O    -2.399150400157E-01  4.974848438640E-01 -1.343114377789E-02
    161 F   8 O    -2.399150400157E-01  4.974848438640E-01  3.199021895554E-01
    162 F   8 O    -2.399150400157E-01  4.974848438640E-01 -3.467644771112E-01
    163 F  20 CA    1.035060483434E-17 -3.333333333333E-01 -5.903833420473E-17
    164 F   8 O    -1.343114377789E-02  9.341829331768E-02  1.641515105307E-01
    165 F   8 O    -1.343114377789E-02  9.341829331768E-02  4.974848438640E-01
    166 F   8 O    -1.343114377789E-02  4.267516266510E-01 -1.691818228027E-01
    167 F   8 O    -1.343114377789E-02  4.267516266510E-01  1.641515105307E-01
    168 F   8 O    -1.343114377789E-02  4.267516266510E-01  4.974848438640E-01
    169 F   8 O    -1.343114377789E-02 -2.399150400157E-01 -1.691818228027E-01
    170 F   8 O    -1.343114377789E-02 -2.399150400157E-01  1.641515105307E-01
    171 F   8 O    -1.343114377789E-02 -2.399150400157E-01  4.974848438640E-01
    172 F   8 O     3.199021895554E-01  9.341829331768E-02 -1.691818228027E-01
    173 F   8 O     3.199021895554E-01  9.341829331768E-02  1.641515105307E-01
    174 F   8 O     3.199021895554E-01  9.341829331768E-02  4.974848438640E-01
    175 F   8 O     3.199021895554E-01  4.267516266510E-01 -1.691818228027E-01
    176 F   8 O     3.199021895554E-01  4.267516266510E-01  1.641515105307E-01
    177 F   8 O     3.199021895554E-01  4.267516266510E-01  4.974848438640E-01
    178 F   8 O     3.199021895554E-01 -2.399150400157E-01 -1.691818228027E-01
    179 F   8 O     3.199021895554E-01 -2.399150400157E-01  1.641515105307E-01
    180 F   8 O     3.199021895554E-01 -2.399150400157E-01  4.974848438640E-01
    181 F   8 O    -3.467644771112E-01  9.341829331768E-02 -1.691818228027E-01
    182 F   8 O    -3.467644771112E-01  9.341829331768E-02  1.641515105307E-01
    183 F   8 O    -3.467644771112E-01  9.341829331768E-02  4.974848438640E-01
    184 F   8 O    -3.467644771112E-01  4.267516266510E-01 -1.691818228027E-01
    185 F   8 O    -3.467644771112E-01  4.267516266510E-01  1.641515105307E-01
    186 F   8 O    -3.467644771112E-01  4.267516266510E-01  4.974848438640E-01
    187 F   8 O    -3.467644771112E-01 -2.399150400157E-01 -1.691818228027E-01
    188 F   8 O    -3.467644771112E-01 -2.399150400157E-01  1.641515105307E-01
    189 F   8 O    -3.467644771112E-01 -2.399150400157E-01  4.974848438640E-01
    190 F  20 CA    5.815305014853E-17 -3.333333333333E-01  3.333333333333E-01
    191 F   8 O     1.691818228027E-01  1.343114377789E-02  2.399150400157E-01
    192 F   8 O     1.691818228027E-01  1.343114377789E-02 -4.267516266510E-01
    193 F   8 O     1.691818228027E-01  3.467644771112E-01 -9.341829331768E-02
    194 F   8 O     1.691818228027E-01  3.467644771112E-01  2.399150400157E-01
    195 F   8 O     1.691818228027E-01  3.467644771112E-01 -4.267516266510E-01
    196 F   8 O     1.691818228027E-01 -3.199021895554E-01 -9.341829331768E-02
    197 F   8 O     1.691818228027E-01 -3.199021895554E-01  2.399150400157E-01
    198 F   8 O     1.691818228027E-01 -3.199021895554E-01 -4.267516266510E-01
    199 F   8 O    -4.974848438640E-01  1.343114377789E-02 -9.341829331768E-02
    200 F   8 O    -4.974848438640E-01  1.343114377789E-02  2.399150400157E-01
    201 F   8 O    -4.974848438640E-01  1.343114377789E-02 -4.267516266510E-01
    202 F   8 O    -4.974848438640E-01  3.467644771112E-01 -9.341829331768E-02
    203 F   8 O    -4.974848438640E-01  3.467644771112E-01  2.399150400157E-01
    204 F   8 O    -4.974848438640E-01  3.467644771112E-01 -4.267516266510E-01
    205 F   8 O    -4.974848438640E-01 -3.199021895554E-01 -9.341829331768E-02
    206 F   8 O    -4.974848438640E-01 -3.199021895554E-01  2.399150400157E-01
    207 F   8 O    -4.974848438640E-01 -3.199021895554E-01 -4.267516266510E-01
    208 F   8 O    -1.641515105307E-01  1.343114377789E-02 -9.341829331768E-02
    209 F   8 O    -1.641515105307E-01  1.343114377789E-02  2.399150400157E-01
    210 F   8 O    -1.641515105307E-01  1.343114377789E-02 -4.267516266510E-01
    211 F   8 O    -1.641515105307E-01  3.467644771112E-01 -9.341829331768E-02
    212 F   8 O    -1.641515105307E-01  3.467644771112E-01  2.399150400157E-01
    213 F   8 O    -1.641515105307E-01  3.467644771112E-01 -4.267516266510E-01
    214 F   8 O    -1.641515105307E-01 -3.199021895554E-01 -9.341829331768E-02
    215 F   8 O    -1.641515105307E-01 -3.199021895554E-01  2.399150400157E-01
    216 F   8 O    -1.641515105307E-01 -3.199021895554E-01 -4.267516266510E-01
    217 F  20 CA    2.070120966868E-17 -3.333333333333E-01 -3.333333333333E-01
    218 F   8 O    -9.341829331768E-02  1.691818228027E-01  3.467644771112E-01
    219 F   8 O    -9.341829331768E-02  1.691818228027E-01 -3.199021895554E-01
    220 F   8 O    -9.341829331768E-02 -4.974848438640E-01  1.343114377789E-02
    221 F   8 O    -9.341829331768E-02 -4.974848438640E-01  3.467644771112E-01
    222 F   8 O    -9.341829331768E-02 -4.974848438640E-01 -3.199021895554E-01
    223 F   8 O    -9.341829331768E-02 -1.641515105307E-01  1.343114377789E-02
    224 F   8 O    -9.341829331768E-02 -1.641515105307E-01  3.467644771112E-01
    225 F   8 O    -9.341829331768E-02 -1.641515105307E-01 -3.199021895554E-01
    226 F   8 O     2.399150400157E-01  1.691818228027E-01  1.343114377789E-02
    227 F   8 O     2.399150400157E-01  1.691818228027E-01  3.467644771112E-01
    228 F   8 O     2.399150400157E-01  1.691818228027E-01 -3.199021895554E-01
    229 F   8 O     2.399150400157E-01 -4.974848438640E-01  1.343114377789E-02
    230 F   8 O     2.399150400157E-01 -4.974848438640E-01  3.467644771112E-01
    231 F   8 O     2.399150400157E-01 -4.974848438640E-01 -3.199021895554E-01
    232 F   8 O     2.399150400157E-01 -1.641515105307E-01  1.343114377789E-02
    233 F   8 O     2.399150400157E-01 -1.641515105307E-01  3.467644771112E-01
    234 F   8 O     2.399150400157E-01 -1.641515105307E-01 -3.199021895554E-01
    235 F   8 O    -4.267516266510E-01  1.691818228027E-01  1.343114377789E-02
    236 F   8 O    -4.267516266510E-01  1.691818228027E-01  3.467644771112E-01
    237 F   8 O    -4.267516266510E-01  1.691818228027E-01 -3.199021895554E-01
    238 F   8 O    -4.267516266510E-01 -4.974848438640E-01  1.343114377789E-02
    239 F   8 O    -4.267516266510E-01 -4.974848438640E-01  3.467644771112E-01
    240 F   8 O    -4.267516266510E-01 -4.974848438640E-01 -3.199021895554E-01
    241 F   8 O    -4.267516266510E-01 -1.641515105307E-01  1.343114377789E-02
    242 F   8 O    -4.267516266510E-01 -1.641515105307E-01  3.467644771112E-01
    243 F   8 O    -4.267516266510E-01 -1.641515105307E-01 -3.199021895554E-01
    244 F  20 CA    3.333333333333E-01  7.174503116556E-17  1.623387993430E-17
    245 F   8 O     1.343114377789E-02 -9.341829331768E-02 -4.974848438640E-01
    246 F   8 O     1.343114377789E-02 -9.341829331768E-02 -1.641515105307E-01
    247 F   8 O     1.343114377789E-02  2.399150400157E-01  1.691818228027E-01
    248 F   8 O     1.343114377789E-02  2.399150400157E-01 -4.974848438640E-01
    249 F   8 O     1.343114377789E-02  2.399150400157E-01 -1.641515105307E-01
    250 F   8 O     1.343114377789E-02 -4.267516266510E-01  1.691818228027E-01
    251 F   8 O     1.343114377789E-02 -4.267516266510E-01 -4.974848438640E-01
    252 F   8 O     1.343114377789E-02 -4.267516266510E-01 -1.641515105307E-01
    253 F   8 O     3.467644771112E-01 -9.341829331768E-02  1.691818228027E-01
    254 F   8 O     3.467644771112E-01 -9.341829331768E-02 -4.974848438640E-01
    255 F   8 O     3.467644771112E-01 -9.341829331768E-02 -1.641515105307E-01
    256 F   8 O     3.467644771112E-01  2.399150400157E-01  1.691818228027E-01
    257 F   8 O     3.467644771112E-01  2.399150400157E-01 -4.974848438640E-01
    258 F   8 O     3.467644771112E-01  2.399150400157E-01 -1.641515105307E-01
    259 F   8 O     3.467644771112E-01 -4.267516266510E-01  1.691818228027E-01
    260 F   8 O     3.467644771112E-01 -4.267516266510E-01 -4.974848438640E-01
    261 F   8 O     3.467644771112E-01 -4.267516266510E-01 -1.641515105307E-01
    262 F   8 O    -3.199021895554E-01 -9.341829331768E-02  1.691818228027E-01
    263 F   8 O    -3.199021895554E-01 -9.341829331768E-02 -4.974848438640E-01
    264 F   8 O    -3.199021895554E-01 -9.341829331768E-02 -1.641515105307E-01
    265 F   8 O    -3.199021895554E-01  2.399150400157E-01  1.691818228027E-01
    266 F   8 O    -3.199021895554E-01  2.399150400157E-01 -4.974848438640E-01
    267 F   8 O    -3.199021895554E-01  2.399150400157E-01 -1.641515105307E-01
    268 F   8 O    -3.199021895554E-01 -4.267516266510E-01  1.691818228027E-01
    269 F   8 O    -3.199021895554E-01 -4.267516266510E-01 -4.974848438640E-01
    270 F   8 O    -3.199021895554E-01 -4.267516266510E-01 -1.641515105307E-01

 T = ATOM BELONGING TO THE ASYMMETRIC UNIT

 ****    6 SYMMOPS - TRANSLATORS IN FRACTIONAL UNITS
 **** MATRICES AND TRANSLATORS IN THE CRYSTALLOGRAPHIC REFERENCE FRAME
   V INV                    ROTATION MATRICES                   TRANSLATORS
   1   1  1.00  0.00  0.00  0.00  1.00  0.00  0.00  0.00  1.00  0.00  0.00  0.00
   2   3 -0.00  0.00  1.00  1.00 -0.00  0.00 -0.00  1.00  0.00  0.00  0.00  0.00
   3   2 -0.00  1.00  0.00 -0.00  0.00  1.00  1.00 -0.00 -0.00  0.00  0.00  0.00
   4   4 -1.00  0.00  0.00  0.00 -1.00 -0.00  0.00 -0.00 -1.00  0.00  0.00  0.00
   5   6  0.00 -0.00 -1.00 -1.00  0.00 -0.00  0.00 -1.00 -0.00  0.00  0.00  0.00
   6   5  0.00 -1.00 -0.00  0.00 -0.00 -1.00 -1.00  0.00  0.00  0.00  0.00  0.00

 DIRECT LATTICE VECTORS CARTESIAN COMPONENTS (ANGSTROM)
          X                    Y                    Z
   0.823882149856E+01  -0.420045004335E-16   0.154878028900E+02
  -0.411941074928E+01   0.713502871500E+01   0.154878028900E+02
  -0.411941074928E+01  -0.713502871500E+01   0.154878028900E+02


 CARTESIAN COORDINATES - PRIMITIVE CELL
 *******************************************************************************
 *      ATOM          X(ANGSTROM)         Y(ANGSTROM)         Z(ANGSTROM)
 *******************************************************************************
    1    20 CA   -1.893201460986E-35 -6.664366830112E-36  4.327865791448E-36
    2    12 MG   -3.705742964490E-17  1.029773356254E-16  7.743901445000E+00
    3     6 C    -2.746273832854E+00 -1.412860992497E-16 -1.399201232130E+00
    4     6 C    -1.373136916427E+00 -2.378342905000E+00  1.399201232130E+00
    5     8 O    -1.723358762491E+00 -7.623738018585E-01 -1.381429518333E+00
    6     8 O     1.521914460835E+00 -1.111285567222E+00 -1.381429518333E+00
    7     8 O     2.014443016563E-01  1.873659369081E+00 -1.381429518333E+00
    8     8 O     1.723358762491E+00  7.623738018585E-01  1.381429518333E+00
    9     8 O    -1.521914460835E+00  1.111285567222E+00  1.381429518333E+00
   10     8 O    -2.014443016563E-01 -1.873659369081E+00  1.381429518333E+00
   11    20 CA    1.373136916427E+00 -2.378342905000E+00  1.032520192667E+01
   12    20 CA    4.119410749281E+00  2.378342905000E+00  1.772999393435E-15
   13    20 CA    1.373136916427E+00  2.378342905000E+00  1.032520192667E+01
   14    20 CA    1.672156842324E-16 -1.901189867870E-16  1.548780289000E+01
   15    20 CA    2.746273832854E+00  4.756685810000E+00  5.162600963333E+00
   16    20 CA    4.119410749281E+00 -2.378342905000E+00  2.070794269482E-15
   17    20 CA    2.746273832854E+00 -4.756685810000E+00  5.162600963333E+00
   18    20 CA    5.492547665708E+00 -5.809443410776E-17 -5.162600963333E+00
   19    20 CA   -2.746273832854E+00  4.100751581822E-16 -5.162600963333E+00
   20    20 CA   -4.119410749281E+00 -2.378342905000E+00  2.766514803154E-15
   21    20 CA   -1.373136916427E+00  2.378342905000E+00 -1.032520192667E+01
   22    20 CA   -4.119410749281E+00  2.378342905000E+00  2.923315878083E-15
   23    20 CA   -5.492547665708E+00 -2.640491053585E-16  5.162600963333E+00
   24    20 CA   -2.746273832854E+00  4.756685810000E+00 -5.162600963333E+00
   25    20 CA   -1.373136916427E+00 -2.378342905000E+00 -1.032520192667E+01
   26    20 CA   -2.746273832854E+00 -4.756685810000E+00 -5.162600963333E+00
   27    20 CA   -3.895602621018E-16  8.079830005392E-16 -1.548780289000E+01
   28    20 CA   -1.373136916427E+00 -2.378342905000E+00  5.162600963333E+00
   29    12 MG   -1.373136916427E+00 -2.378342905000E+00  1.290650240833E+01
   30    12 MG    1.373136916427E+00  2.378342905000E+00  2.581300481667E+00
   31    12 MG   -1.373136916427E+00  2.378342905000E+00  1.290650240833E+01
   32    12 MG   -2.746273832854E+00  0.000000000000E+00  1.806910337167E+01
   33    12 MG   -6.145754885459E-17  4.756685810000E+00  7.743901445000E+00
   34    12 MG    1.373136916427E+00 -2.378342905000E+00  2.581300481667E+00
   35    12 MG    0.000000000000E+00 -4.756685810000E+00  7.743901445000E+00
   36    12 MG    2.746273832854E+00 -8.211945331293E-16 -2.581300481667E+00
   37    12 MG    2.746273832854E+00 -3.670264409839E-16  1.290650240833E+01
   38    12 MG    1.373136916427E+00 -2.378342905000E+00  1.806910337167E+01
   39    12 MG    4.119410749281E+00  2.378342905000E+00  7.743901445000E+00
   40    12 MG    1.373136916427E+00  2.378342905000E+00  1.806910337167E+01
   41    12 MG    0.000000000000E+00  0.000000000000E+00  2.323170433500E+01
   42    12 MG    2.746273832854E+00  4.756685810000E+00  1.290650240833E+01
   43    12 MG    4.119410749281E+00 -2.378342905000E+00  7.743901445000E+00
   44    12 MG    2.746273832854E+00 -4.756685810000E+00  1.290650240833E+01
   45    12 MG    5.492547665708E+00 -8.951246517008E-16  2.581300481667E+00
   46    12 MG   -2.746273832854E+00  3.010141646442E-16  2.581300481667E+00
   47    12 MG   -4.119410749281E+00 -2.378342905000E+00  7.743901445000E+00
   48    12 MG   -1.373136916427E+00  2.378342905000E+00 -2.581300481667E+00
   49    12 MG   -4.119410749281E+00  2.378342905000E+00  7.743901445000E+00
   50    12 MG   -5.492547665708E+00  0.000000000000E+00  1.290650240833E+01
   51    12 MG   -2.746273832854E+00  4.756685810000E+00  2.581300481667E+00
   52    12 MG   -1.373136916427E+00 -2.378342905000E+00 -2.581300481667E+00
   53    12 MG   -2.746273832854E+00 -4.756685810000E+00  2.581300481667E+00
   54    12 MG   -5.829322124579E-17 -7.922380892977E-17 -7.743901445000E+00
   55    20 CA    1.373136916427E+00  2.378342905000E+00 -5.162600963333E+00
   56     6 C    -4.119410749281E+00 -2.378342905000E+00  3.763399731203E+00
   57     6 C    -1.373136916427E+00  2.378342905000E+00 -6.561802195463E+00
   58     6 C    -4.119410749281E+00  2.378342905000E+00  3.763399731203E+00
   59     6 C    -5.492547665708E+00 -5.479244446984E-16  8.926000694537E+00
   60     6 C    -2.746273832854E+00  4.756685810000E+00 -1.399201232130E+00
   61     6 C    -1.373136916427E+00 -2.378342905000E+00 -6.561802195463E+00
   62     6 C    -2.746273832854E+00 -4.756685810000E+00 -1.399201232130E+00
   63     6 C     4.544702565071E-16 -8.859036686284E-16 -1.172440315880E+01
   64     6 C     4.280307226626E-16  1.306808483407E-16  3.763399731203E+00
   65     6 C    -1.373136916427E+00 -2.378342905000E+00  8.926000694537E+00
   66     6 C     1.373136916427E+00  2.378342905000E+00 -1.399201232130E+00
   67     6 C    -1.373136916427E+00  2.378342905000E+00  8.926000694537E+00
   68     6 C    -2.746273832854E+00 -5.479244446984E-16  1.408860165787E+01
   69     6 C    -3.553790421239E-16  4.756685810000E+00  3.763399731203E+00
   70     6 C     1.373136916427E+00 -2.378342905000E+00 -1.399201232130E+00
   71     6 C     2.935832274923E-16 -4.756685810000E+00  3.763399731203E+00
   72     6 C     2.746273832854E+00  2.891057728947E-16 -6.561802195463E+00
   73     6 C     2.746273832854E+00 -5.302625454498E-18  8.926000694537E+00
   74     6 C     1.373136916427E+00 -2.378342905000E+00  1.408860165787E+01
   75     6 C     4.119410749281E+00  2.378342905000E+00  3.763399731203E+00
   76     6 C     1.373136916427E+00  2.378342905000E+00  1.408860165787E+01
   77     6 C     5.349137710145E-16 -7.792066808920E-17  1.925120262120E+01
   78     6 C     2.746273832854E+00  4.756685810000E+00  8.926000694537E+00
   79     6 C     4.119410749281E+00 -2.378342905000E+00  3.763399731203E+00
   80     6 C     2.746273832854E+00 -4.756685810000E+00  8.926000694537E+00
   81     6 C     5.492547665708E+00  3.630358914661E-16 -1.399201232130E+00
   82    20 CA   -1.373136916427E+00  2.378342905000E+00  5.162600963333E+00
   83     6 C     1.373136916427E+00  2.378342905000E+00 -8.926000694537E+00
   84     6 C     2.245531253927E-16 -4.092535622261E-16 -3.763399731203E+00
   85     6 C    -2.746273832854E+00  9.375635255292E-17  6.561802195463E+00
   86     6 C     6.527529809438E-16  4.756685810000E+00 -3.763399731203E+00
   87     6 C    -1.373136916427E+00  2.378342905000E+00  1.399201232130E+00
   88     6 C     3.806936629943E-16 -4.756685810000E+00 -3.763399731203E+00
   89     6 C     2.746273832854E+00  2.257809052322E-16 -1.408860165787E+01
   90     6 C     1.373136916427E+00 -2.378342905000E+00 -8.926000694537E+00
   91     6 C     1.373136916427E+00 -2.378342905000E+00  6.561802195463E+00
   92     6 C     4.119410749281E+00  2.378342905000E+00 -3.763399731203E+00
   93     6 C     2.746273832854E+00 -5.675072976919E-17  1.399201232130E+00
   94     6 C    -4.354842908543E-16 -6.731541718020E-17  1.172440315880E+01
   95     6 C     2.746273832854E+00  4.756685810000E+00  1.399201232130E+00
   96     6 C     1.373136916427E+00  2.378342905000E+00  6.561802195463E+00
   97     6 C     2.746273832854E+00 -4.756685810000E+00  1.399201232130E+00
   98     6 C     5.492547665708E+00  2.257809052322E-16 -8.926000694537E+00
   99     6 C     4.119410749281E+00 -2.378342905000E+00 -3.763399731203E+00
  100     6 C    -4.119410749281E+00 -2.378342905000E+00 -3.763399731203E+00
  101     6 C    -1.373136916427E+00  2.378342905000E+00 -1.408860165787E+01
  102     6 C    -2.746273832854E+00  2.284277504113E-16 -8.926000694537E+00
  103     6 C    -5.492547665708E+00  9.375635255292E-17  1.399201232130E+00
  104     6 C    -2.746273832854E+00  4.756685810000E+00 -8.926000694537E+00
  105     6 C    -4.119410749281E+00  2.378342905000E+00 -3.763399731203E+00
  106     6 C    -2.746273832854E+00 -4.756685810000E+00 -8.926000694537E+00
  107     6 C     4.114224374216E-16  1.518507866607E-16 -1.925120262120E+01
  108     6 C    -1.373136916427E+00 -2.378342905000E+00 -1.408860165787E+01
  109    20 CA   -2.746273832854E+00 -6.601227633962E-16  1.032520192667E+01
  110     8 O    -3.096495678918E+00 -3.140716706858E+00  3.781171445000E+00
  111     8 O    -3.502218460640E-01  1.615969103142E+00 -6.544030481666E+00
  112     8 O    -3.096495678918E+00  1.615969103142E+00  3.781171445000E+00
  113     8 O    -4.469632595345E+00 -7.623738018585E-01  8.943772408334E+00
  114     8 O    -1.723358762491E+00  3.994312008142E+00 -1.381429518333E+00
  115     8 O    -3.502218460640E-01 -3.140716706858E+00 -6.544030481666E+00
  116     8 O    -1.723358762491E+00 -5.519059611858E+00 -1.381429518333E+00
  117     8 O     1.022915070363E+00 -7.623738018585E-01 -1.170663144500E+01
  118     8 O     1.022915070363E+00 -7.623738018585E-01  3.781171445000E+00
  119     8 O    -3.502218460640E-01 -3.140716706858E+00  8.943772408334E+00
  120     8 O     2.396051986790E+00  1.615969103142E+00 -1.381429518333E+00
  121     8 O    -3.502218460640E-01  1.615969103142E+00  8.943772408334E+00
  122     8 O    -1.723358762491E+00 -7.623738018585E-01  1.410637337167E+01
  123     8 O     1.022915070363E+00  3.994312008142E+00  3.781171445000E+00
  124     8 O     2.396051986790E+00 -3.140716706858E+00 -1.381429518333E+00
  125     8 O     1.022915070363E+00 -5.519059611858E+00  3.781171445000E+00
  126     8 O     3.769188903217E+00 -7.623738018585E-01 -6.544030481666E+00
  127     8 O     3.769188903217E+00 -7.623738018585E-01  8.943772408334E+00
  128     8 O     2.396051986790E+00 -3.140716706858E+00  1.410637337167E+01
  129     8 O     5.142325819644E+00  1.615969103142E+00  3.781171445000E+00
  130     8 O     2.396051986790E+00  1.615969103142E+00  1.410637337167E+01
  131     8 O     1.022915070363E+00 -7.623738018585E-01  1.926897433500E+01
  132     8 O     3.769188903217E+00  3.994312008142E+00  8.943772408334E+00
  133     8 O     5.142325819644E+00 -3.140716706858E+00  3.781171445000E+00
  134     8 O     3.769188903217E+00 -5.519059611858E+00  8.943772408334E+00
  135     8 O     6.515462736071E+00 -7.623738018585E-01 -1.381429518333E+00
  136    20 CA    9.310082494261E-17  4.756685810000E+00  2.632745161901E-15
  137     8 O     1.487775444076E-01 -3.489628472222E+00  3.781171445000E+00
  138     8 O     2.895051377262E+00  1.267057337778E+00 -6.544030481666E+00
  139     8 O     1.487775444076E-01  1.267057337778E+00  3.781171445000E+00
  140     8 O    -1.224359372019E+00 -1.111285567222E+00  8.943772408334E+00
  141     8 O     1.521914460835E+00  3.645400242778E+00 -1.381429518333E+00
  142     8 O    -1.224359372019E+00  3.645400242778E+00  8.943772408334E+00
  143     8 O    -2.597496288446E+00  1.267057337778E+00  1.410637337167E+01
  144     8 O     1.487775444076E-01  6.023743147778E+00  3.781171445000E+00
  145     8 O     4.268188293689E+00 -1.111285567222E+00  3.781171445000E+00
  146     8 O     2.895051377262E+00 -3.489628472222E+00  8.943772408334E+00
  147     8 O     5.641325210116E+00  1.267057337778E+00 -1.381429518333E+00
  148     8 O     2.895051377262E+00  1.267057337778E+00  8.943772408334E+00
  149     8 O     1.521914460835E+00 -1.111285567222E+00  1.410637337167E+01
  150     8 O     4.268188293689E+00  3.645400242778E+00  3.781171445000E+00
  151     8 O     1.521914460835E+00  3.645400242778E+00  1.410637337167E+01
  152     8 O     1.487775444076E-01  1.267057337778E+00  1.926897433500E+01
  153     8 O     2.895051377262E+00  6.023743147778E+00  8.943772408334E+00
  154     8 O    -1.224359372019E+00 -1.111285567222E+00 -6.544030481666E+00
  155     8 O    -2.597496288446E+00 -3.489628472222E+00 -1.381429518333E+00
  156     8 O     1.487775444076E-01  1.267057337778E+00 -1.170663144500E+01
  157     8 O    -2.597496288446E+00  1.267057337778E+00 -1.381429518333E+00
  158     8 O    -3.970633204873E+00 -1.111285567222E+00  3.781171445000E+00
  159     8 O    -1.224359372019E+00  3.645400242778E+00 -6.544030481666E+00
  160     8 O    -3.970633204873E+00  3.645400242778E+00  3.781171445000E+00
  161     8 O    -5.343770121300E+00  1.267057337778E+00  8.943772408334E+00
  162     8 O    -2.597496288446E+00  6.023743147778E+00 -1.381429518333E+00
  163    20 CA    1.373136916427E+00 -2.378342905000E+00 -5.162600963333E+00
  164     8 O    -1.171692614771E+00 -5.046835359191E-01  3.781171445000E+00
  165     8 O    -2.544829531198E+00 -2.883026440919E+00  8.943772408334E+00
  166     8 O    -1.171692614771E+00  4.252002274081E+00  3.781171445000E+00
  167     8 O    -2.544829531198E+00  1.873659369081E+00  8.943772408334E+00
  168     8 O    -3.917966447625E+00 -5.046835359191E-01  1.410637337167E+01
  169     8 O     1.574581218083E+00 -5.046835359191E-01 -6.544030481666E+00
  170     8 O     2.014443016563E-01 -2.883026440919E+00 -1.381429518333E+00
  171     8 O    -1.171692614771E+00 -5.261369345919E+00  3.781171445000E+00
  172     8 O     2.947718134510E+00  1.873659369081E+00  3.781171445000E+00
  173     8 O     1.574581218083E+00 -5.046835359191E-01  8.943772408334E+00
  174     8 O     2.014443016563E-01 -2.883026440919E+00  1.410637337167E+01
  175     8 O     1.574581218083E+00  4.252002274081E+00  8.943772408334E+00
  176     8 O     2.014443016563E-01  1.873659369081E+00  1.410637337167E+01
  177     8 O    -1.171692614771E+00 -5.046835359191E-01  1.926897433500E+01
  178     8 O     4.320855050937E+00 -5.046835359191E-01 -1.381429518333E+00
  179     8 O     2.947718134510E+00 -2.883026440919E+00  3.781171445000E+00
  180     8 O     1.574581218083E+00 -5.261369345919E+00  8.943772408334E+00
  181     8 O    -2.544829531198E+00  1.873659369081E+00 -6.544030481666E+00
  182     8 O    -3.917966447625E+00 -5.046835359191E-01 -1.381429518333E+00
  183     8 O    -5.291103364052E+00 -2.883026440919E+00  3.781171445000E+00
  184     8 O    -3.917966447625E+00  4.252002274081E+00 -1.381429518333E+00
  185     8 O    -5.291103364052E+00  1.873659369081E+00  3.781171445000E+00
  186     8 O    -6.664240280479E+00 -5.046835359191E-01  8.943772408334E+00
  187     8 O    -1.171692614771E+00 -5.046835359191E-01 -1.170663144500E+01
  188     8 O    -2.544829531198E+00 -2.883026440919E+00 -6.544030481666E+00
  189     8 O    -3.917966447625E+00 -5.261369345919E+00 -1.381429518333E+00
  190    20 CA   -8.044351450740E-17 -4.756685810000E+00  2.846776587906E-15
  191     8 O     3.502218460640E-01 -1.615969103142E+00  6.544030481666E+00
  192     8 O     3.096495678918E+00  3.140716706858E+00 -3.781171445000E+00
  193     8 O     3.502218460640E-01  3.140716706858E+00  6.544030481666E+00
  194     8 O    -1.022915070363E+00  7.623738018585E-01  1.170663144500E+01
  195     8 O     1.723358762491E+00  5.519059611858E+00  1.381429518333E+00
  196     8 O     3.096495678918E+00 -1.615969103142E+00 -3.781171445000E+00
  197     8 O     1.723358762491E+00 -3.994312008142E+00  1.381429518333E+00
  198     8 O     4.469632595345E+00  7.623738018585E-01 -8.943772408334E+00
  199     8 O    -3.769188903217E+00  7.623738018585E-01 -8.943772408334E+00
  200     8 O    -5.142325819644E+00 -1.615969103142E+00 -3.781171445000E+00
  201     8 O    -2.396051986790E+00  3.140716706858E+00 -1.410637337167E+01
  202     8 O    -5.142325819644E+00  3.140716706858E+00 -3.781171445000E+00
  203     8 O    -6.515462736071E+00  7.623738018585E-01  1.381429518333E+00
  204     8 O    -3.769188903217E+00  5.519059611858E+00 -8.943772408334E+00
  205     8 O    -2.396051986790E+00 -1.615969103142E+00 -1.410637337167E+01
  206     8 O    -3.769188903217E+00 -3.994312008142E+00 -8.943772408334E+00
  207     8 O    -1.022915070363E+00  7.623738018585E-01 -1.926897433500E+01
  208     8 O    -1.022915070363E+00  7.623738018585E-01 -3.781171445000E+00
  209     8 O    -2.396051986790E+00 -1.615969103142E+00  1.381429518333E+00
  210     8 O     3.502218460640E-01  3.140716706858E+00 -8.943772408334E+00
  211     8 O    -2.396051986790E+00  3.140716706858E+00  1.381429518333E+00
  212     8 O    -3.769188903217E+00  7.623738018585E-01  6.544030481666E+00
  213     8 O    -1.022915070363E+00  5.519059611858E+00 -3.781171445000E+00
  214     8 O     3.502218460640E-01 -1.615969103142E+00 -8.943772408334E+00
  215     8 O    -1.022915070363E+00 -3.994312008142E+00 -3.781171445000E+00
  216     8 O     1.723358762491E+00  7.623738018585E-01 -1.410637337167E+01
  217    20 CA    2.746273832854E+00  8.079830005392E-16 -1.032520192667E+01
  218     8 O    -2.895051377262E+00 -1.267057337778E+00  6.544030481666E+00
  219     8 O    -1.487775444076E-01  3.489628472222E+00 -3.781171445000E+00
  220     8 O     1.224359372019E+00 -3.645400242778E+00 -8.943772408334E+00
  221     8 O    -1.487775444076E-01 -6.023743147778E+00 -3.781171445000E+00
  222     8 O     2.597496288446E+00 -1.267057337778E+00 -1.410637337167E+01
  223     8 O    -1.487775444076E-01 -1.267057337778E+00 -3.781171445000E+00
  224     8 O    -1.521914460835E+00 -3.645400242778E+00  1.381429518333E+00
  225     8 O     1.224359372019E+00  1.111285567222E+00 -8.943772408334E+00
  226     8 O     1.224359372019E+00  1.111285567222E+00  6.544030481666E+00
  227     8 O    -1.487775444076E-01 -1.267057337778E+00  1.170663144500E+01
  228     8 O     2.597496288446E+00  3.489628472222E+00  1.381429518333E+00
  229     8 O     3.970633204873E+00 -3.645400242778E+00 -3.781171445000E+00
  230     8 O     2.597496288446E+00 -6.023743147778E+00  1.381429518333E+00
  231     8 O     5.343770121300E+00 -1.267057337778E+00 -8.943772408334E+00
  232     8 O     2.597496288446E+00 -1.267057337778E+00  1.381429518333E+00
  233     8 O     1.224359372019E+00 -3.645400242778E+00  6.544030481666E+00
  234     8 O     3.970633204873E+00  1.111285567222E+00 -3.781171445000E+00
  235     8 O    -4.268188293689E+00  1.111285567222E+00 -3.781171445000E+00
  236     8 O    -5.641325210116E+00 -1.267057337778E+00  1.381429518333E+00
  237     8 O    -2.895051377262E+00  3.489628472222E+00 -8.943772408334E+00
  238     8 O    -1.521914460835E+00 -3.645400242778E+00 -1.410637337167E+01
  239     8 O    -2.895051377262E+00 -6.023743147778E+00 -8.943772408334E+00
  240     8 O    -1.487775444076E-01 -1.267057337778E+00 -1.926897433500E+01
  241     8 O    -2.895051377262E+00 -1.267057337778E+00 -8.943772408334E+00
  242     8 O    -4.268188293689E+00 -3.645400242778E+00 -3.781171445000E+00
  243     8 O    -1.521914460835E+00  1.111285567222E+00 -1.410637337167E+01
  244    20 CA    2.746273832854E+00  3.820721578932E-16  5.162600963333E+00
  245     8 O     2.544829531198E+00  2.883026440919E+00 -8.943772408334E+00
  246     8 O     1.171692614771E+00  5.046835359191E-01 -3.781171445000E+00
  247     8 O    -1.574581218083E+00  5.046835359191E-01  6.544030481666E+00
  248     8 O     1.171692614771E+00  5.261369345919E+00 -3.781171445000E+00
  249     8 O    -2.014443016563E-01  2.883026440919E+00  1.381429518333E+00
  250     8 O     1.171692614771E+00 -4.252002274081E+00 -3.781171445000E+00
  251     8 O     3.917966447625E+00  5.046835359191E-01 -1.410637337167E+01
  252     8 O     2.544829531198E+00 -1.873659369081E+00 -8.943772408334E+00
  253     8 O     2.544829531198E+00 -1.873659369081E+00  6.544030481666E+00
  254     8 O     5.291103364052E+00  2.883026440919E+00 -3.781171445000E+00
  255     8 O     3.917966447625E+00  5.046835359191E-01  1.381429518333E+00
  256     8 O     1.171692614771E+00  5.046835359191E-01  1.170663144500E+01
  257     8 O     3.917966447625E+00  5.261369345919E+00  1.381429518333E+00
  258     8 O     2.544829531198E+00  2.883026440919E+00  6.544030481666E+00
  259     8 O     3.917966447625E+00 -4.252002274081E+00  1.381429518333E+00
  260     8 O     6.664240280479E+00  5.046835359191E-01 -8.943772408334E+00
  261     8 O     5.291103364052E+00 -1.873659369081E+00 -3.781171445000E+00
  262     8 O    -2.947718134510E+00 -1.873659369081E+00 -3.781171445000E+00
  263     8 O    -2.014443016563E-01  2.883026440919E+00 -1.410637337167E+01
  264     8 O    -1.574581218083E+00  5.046835359191E-01 -8.943772408334E+00
  265     8 O    -4.320855050937E+00  5.046835359191E-01  1.381429518333E+00
  266     8 O    -1.574581218083E+00  5.261369345919E+00 -8.943772408334E+00
  267     8 O    -2.947718134510E+00  2.883026440919E+00 -3.781171445000E+00
  268     8 O    -1.574581218083E+00 -4.252002274081E+00 -8.943772408334E+00
  269     8 O     1.171692614771E+00  5.046835359191E-01 -1.926897433500E+01
  270     8 O    -2.014443016563E-01 -1.873659369081E+00 -1.410637337167E+01

 *******************************************************************************
 LOCAL ATOMIC FUNCTIONS BASIS SET
 *******************************************************************************
   ATOM   X(AU)   Y(AU)   Z(AU)  N. TYPE  EXPONENT  S COEF   P COEF   D/F/G COEF
 *******************************************************************************
   1 CA  -0.000  -0.000   0.000
                                  1 S  
                                         1.913E+05 2.204E-04 0.000E+00 0.000E+00
                                         2.697E+04 1.925E-03 0.000E+00 0.000E+00
                                         5.696E+03 1.109E-02 0.000E+00 0.000E+00
                                         1.489E+03 4.995E-02 0.000E+00 0.000E+00
                                         4.483E+02 1.701E-01 0.000E+00 0.000E+00
                                         1.546E+02 3.685E-01 0.000E+00 0.000E+00
                                         6.037E+01 4.034E-01 0.000E+00 0.000E+00
                                         2.509E+01 1.452E-01 0.000E+00 0.000E+00
                           2-     5 SP 
                                         4.486E+02-5.750E-03 8.470E-03 0.000E+00
                                         1.057E+02-7.670E-02 6.027E-02 0.000E+00
                                         3.469E+01-1.122E-01 2.124E-01 0.000E+00
                                         1.350E+01 2.537E-01 3.771E-01 0.000E+00
                                         5.820E+00 6.880E-01 4.010E-01 0.000E+00
                                         1.819E+00 3.490E-01 1.980E-01 0.000E+00
                           6-     9 SP 
                                         2.075E+01-2.000E-03-3.650E-02 0.000E+00
                                         8.400E+00-1.255E-01-6.850E-02 0.000E+00
                                         3.597E+00-6.960E-01 1.570E-01 0.000E+00
                                         1.408E+00 1.029E+00 1.482E+00 0.000E+00
                                         7.260E-01 9.440E-01 1.025E+00 0.000E+00
                          10-    13 SP 
                                         4.530E-01 1.000E+00 1.000E+00 0.000E+00
                          14-    17 SP 
                                         2.950E-01 1.000E+00 1.000E+00 0.000E+00
                          18-    22 D  
                                         3.191E+00 0.000E+00 0.000E+00 1.600E-01
                                         8.683E-01 0.000E+00 0.000E+00 3.130E-01
                          23-    27 D  
                                         2.891E-01 0.000E+00 0.000E+00 4.060E-01
   2 MG  -0.000   0.000  14.634
                                 28 S  
                                         6.837E+04 2.226E-04 0.000E+00 0.000E+00
                                         9.661E+03 1.901E-03 0.000E+00 0.000E+00
                                         2.041E+03 1.104E-02 0.000E+00 0.000E+00
                                         5.296E+02 5.005E-02 0.000E+00 0.000E+00
                                         1.592E+02 1.690E-01 0.000E+00 0.000E+00
                                         5.471E+01 3.669E-01 0.000E+00 0.000E+00
                                         2.124E+01 4.008E-01 0.000E+00 0.000E+00
                                         8.791E+00 1.487E-01 0.000E+00 0.000E+00
                          29-    32 SP 
                                         1.437E+02-6.710E-03 8.070E-03 0.000E+00
                                         3.127E+01-7.927E-02 6.401E-02 0.000E+00
                                         9.661E+00-8.088E-02 2.092E-01 0.000E+00
                                         3.726E+00 2.947E-01 3.460E-01 0.000E+00
                                         1.598E+00 5.714E-01 3.731E-01 0.000E+00
                          33-    36 SP 
                                         6.880E-01 1.000E+00 1.000E+00 0.000E+00
                          37-    40 SP 
                                         2.800E-01 1.000E+00 1.000E+00 0.000E+00
                          41-    45 D  
                                         5.000E-01 0.000E+00 0.000E+00 1.000E+00
   3 C   -5.190  -0.000  -2.644
                                 46 S  
                                         4.563E+03 1.967E-03 0.000E+00 0.000E+00
                                         6.820E+02 1.523E-02 0.000E+00 0.000E+00
                                         1.550E+02 7.613E-02 0.000E+00 0.000E+00
                                         4.446E+01 2.608E-01 0.000E+00 0.000E+00
                                         1.303E+01 6.165E-01 0.000E+00 0.000E+00
                                         1.828E+00 2.210E-01 0.000E+00 0.000E+00
                          47-    50 SP 
                                         2.096E+01 1.147E-01 4.025E-02 0.000E+00
                                         4.803E+00 9.200E-01 2.376E-01 0.000E+00
                                         1.459E+00-3.031E-03 8.159E-01 0.000E+00
                          51-    54 SP 
                                         4.835E-01 1.000E+00 1.000E+00 0.000E+00
                          55-    58 SP 
                                         1.456E-01 1.000E+00 1.000E+00 0.000E+00
                          59-    63 D  
                                         2.000E+00 0.000E+00 0.000E+00 1.000E+00
                          64-    68 D  
                                         6.000E-01 0.000E+00 0.000E+00 1.000E+00
   4 C   -2.595  -4.494   2.644
   5 O   -3.257  -1.441  -2.611
                                 92 S  
                                         8.020E+03 1.080E-03 0.000E+00 0.000E+00
                                         1.338E+03 8.040E-03 0.000E+00 0.000E+00
                                         2.554E+02 5.324E-02 0.000E+00 0.000E+00
                                         6.922E+01 1.681E-01 0.000E+00 0.000E+00
                                         2.390E+01 3.581E-01 0.000E+00 0.000E+00
                                         9.264E+00 3.855E-01 0.000E+00 0.000E+00
                                         3.851E+00 1.468E-01 0.000E+00 0.000E+00
                                         1.212E+00 7.280E-02 0.000E+00 0.000E+00
                          93-    96 SP 
                                         4.943E+01-8.830E-03 9.580E-03 0.000E+00
                                         1.047E+01-9.150E-02 6.960E-02 0.000E+00
                                         3.235E+00-4.020E-02 2.065E-01 0.000E+00
                                         1.217E+00 3.790E-01 3.470E-01 0.000E+00
                          97-   100 SP 
                                         4.860E-01 1.000E+00 1.000E+00 0.000E+00
                         101-   104 SP 
                                         1.925E-01 1.000E+00 1.000E+00 0.000E+00
                         105-   109 D  
                                         2.000E+00 0.000E+00 0.000E+00 1.000E+00
                         110-   114 D  
                                         5.000E-01 0.000E+00 0.000E+00 1.000E+00
   6 O    2.876  -2.100  -2.611
   7 O    0.381   3.541  -2.611
   8 O    3.257   1.441   2.611
   9 O   -2.876   2.100   2.611
  10 O   -0.381  -3.541   2.611
  11 CA   2.595  -4.494  19.512
  12 CA   7.785   4.494   0.000
  13 CA   2.595   4.494  19.512
  14 CA   0.000  -0.000  29.268
  15 CA   5.190   8.989   9.756
  16 CA   7.785  -4.494   0.000
  17 CA   5.190  -8.989   9.756
  18 CA  10.379  -0.000  -9.756
  19 CA  -5.190   0.000  -9.756
  20 CA  -7.785  -4.494   0.000
  21 CA  -2.595   4.494 -19.512
  22 CA  -7.785   4.494   0.000
  23 CA -10.379  -0.000   9.756
  24 CA  -5.190   8.989  -9.756
  25 CA  -2.595  -4.494 -19.512
  26 CA  -5.190  -8.989  -9.756
  27 CA  -0.000   0.000 -29.268
  28 CA  -2.595  -4.494   9.756
  29 MG  -2.595  -4.494  24.390
  30 MG   2.595   4.494   4.878
  31 MG  -2.595   4.494  24.390
  32 MG  -5.190   0.000  34.146
  33 MG  -0.000   8.989  14.634
  34 MG   2.595  -4.494   4.878
  35 MG   0.000  -8.989  14.634
  36 MG   5.190  -0.000  -4.878
  37 MG   5.190  -0.000  24.390
  38 MG   2.595  -4.494  34.146
  39 MG   7.785   4.494  14.634
  40 MG   2.595   4.494  34.146
  41 MG   0.000   0.000  43.902
  42 MG   5.190   8.989  24.390
  43 MG   7.785  -4.494  14.634
  44 MG   5.190  -8.989  24.390
  45 MG  10.379  -0.000   4.878
  46 MG  -5.190   0.000   4.878
  47 MG  -7.785  -4.494  14.634
  48 MG  -2.595   4.494  -4.878
  49 MG  -7.785   4.494  14.634
  50 MG -10.379   0.000  24.390
  51 MG  -5.190   8.989   4.878
  52 MG  -2.595  -4.494  -4.878
  53 MG  -5.190  -8.989   4.878
  54 MG  -0.000  -0.000 -14.634
  55 CA   2.595   4.494  -9.756
  56 C   -7.785  -4.494   7.112
  57 C   -2.595   4.494 -12.400
  58 C   -7.785   4.494   7.112
  59 C  -10.379  -0.000  16.868
  60 C   -5.190   8.989  -2.644
  61 C   -2.595  -4.494 -12.400
  62 C   -5.190  -8.989  -2.644
  63 C    0.000  -0.000 -22.156
  64 C    0.000   0.000   7.112
  65 C   -2.595  -4.494  16.868
  66 C    2.595   4.494  -2.644
  67 C   -2.595   4.494  16.868
  68 C   -5.190  -0.000  26.624
  69 C   -0.000   8.989   7.112
  70 C    2.595  -4.494  -2.644
  71 C    0.000  -8.989   7.112
  72 C    5.190   0.000 -12.400
  73 C    5.190  -0.000  16.868
  74 C    2.595  -4.494  26.624
  75 C    7.785   4.494   7.112
  76 C    2.595   4.494  26.624
  77 C    0.000  -0.000  36.380
  78 C    5.190   8.989  16.868
  79 C    7.785  -4.494   7.112
  80 C    5.190  -8.989  16.868
  81 C   10.379   0.000  -2.644
  82 CA  -2.595   4.494   9.756
  83 C    2.595   4.494 -16.868
  84 C    0.000  -0.000  -7.112
  85 C   -5.190   0.000  12.400
  86 C    0.000   8.989  -7.112
  87 C   -2.595   4.494   2.644
  88 C    0.000  -8.989  -7.112
  89 C    5.190   0.000 -26.624
  90 C    2.595  -4.494 -16.868
  91 C    2.595  -4.494  12.400
  92 C    7.785   4.494  -7.112
  93 C    5.190  -0.000   2.644
  94 C   -0.000  -0.000  22.156
  95 C    5.190   8.989   2.644
  96 C    2.595   4.494  12.400
  97 C    5.190  -8.989   2.644
  98 C   10.379   0.000 -16.868
  99 C    7.785  -4.494  -7.112
 100 C   -7.785  -4.494  -7.112
 101 C   -2.595   4.494 -26.624
 102 C   -5.190   0.000 -16.868
 103 C  -10.379   0.000   2.644
 104 C   -5.190   8.989 -16.868
 105 C   -7.785   4.494  -7.112
 106 C   -5.190  -8.989 -16.868
 107 C    0.000   0.000 -36.380
 108 C   -2.595  -4.494 -26.624
 109 CA  -5.190  -0.000  19.512
 110 O   -5.852  -5.935   7.145
 111 O   -0.662   3.054 -12.366
 112 O   -5.852   3.054   7.145
 113 O   -8.446  -1.441  16.901
 114 O   -3.257   7.548  -2.611
 115 O   -0.662  -5.935 -12.366
 116 O   -3.257 -10.430  -2.611
 117 O    1.933  -1.441 -22.122
 118 O    1.933  -1.441   7.145
 119 O   -0.662  -5.935  16.901
 120 O    4.528   3.054  -2.611
 121 O   -0.662   3.054  16.901
 122 O   -3.257  -1.441  26.657
 123 O    1.933   7.548   7.145
 124 O    4.528  -5.935  -2.611
 125 O    1.933 -10.430   7.145
 126 O    7.123  -1.441 -12.366
 127 O    7.123  -1.441  16.901
 128 O    4.528  -5.935  26.657
 129 O    9.718   3.054   7.145
 130 O    4.528   3.054  26.657
 131 O    1.933  -1.441  36.413
 132 O    7.123   7.548  16.901
 133 O    9.718  -5.935   7.145
 134 O    7.123 -10.430  16.901
 135 O   12.312  -1.441  -2.611
 136 CA   0.000   8.989   0.000
 137 O    0.281  -6.594   7.145
 138 O    5.471   2.394 -12.366
 139 O    0.281   2.394   7.145
 140 O   -2.314  -2.100  16.901
 141 O    2.876   6.889  -2.611
 142 O   -2.314   6.889  16.901
 143 O   -4.909   2.394  26.657
 144 O    0.281  11.383   7.145
 145 O    8.066  -2.100   7.145
 146 O    5.471  -6.594  16.901
 147 O   10.661   2.394  -2.611
 148 O    5.471   2.394  16.901
 149 O    2.876  -2.100  26.657
 150 O    8.066   6.889   7.145
 151 O    2.876   6.889  26.657
 152 O    0.281   2.394  36.413
 153 O    5.471  11.383  16.901
 154 O   -2.314  -2.100 -12.366
 155 O   -4.909  -6.594  -2.611
 156 O    0.281   2.394 -22.122
 157 O   -4.909   2.394  -2.611
 158 O   -7.503  -2.100   7.145
 159 O   -2.314   6.889 -12.366
 160 O   -7.503   6.889   7.145
 161 O  -10.098   2.394  16.901
 162 O   -4.909  11.383  -2.611
 163 CA   2.595  -4.494  -9.756
 164 O   -2.214  -0.954   7.145
 165 O   -4.809  -5.448  16.901
 166 O   -2.214   8.035   7.145
 167 O   -4.809   3.541  16.901
 168 O   -7.404  -0.954  26.657
 169 O    2.976  -0.954 -12.366
 170 O    0.381  -5.448  -2.611
 171 O   -2.214  -9.943   7.145
 172 O    5.570   3.541   7.145
 173 O    2.976  -0.954  16.901
 174 O    0.381  -5.448  26.657
 175 O    2.976   8.035  16.901
 176 O    0.381   3.541  26.657
 177 O   -2.214  -0.954  36.413
 178 O    8.165  -0.954  -2.611
 179 O    5.570  -5.448   7.145
 180 O    2.976  -9.943  16.901
 181 O   -4.809   3.541 -12.366
 182 O   -7.404  -0.954  -2.611
 183 O   -9.999  -5.448   7.145
 184 O   -7.404   8.035  -2.611
 185 O   -9.999   3.541   7.145
 186 O  -12.594  -0.954  16.901
 187 O   -2.214  -0.954 -22.122
 188 O   -4.809  -5.448 -12.366
 189 O   -7.404  -9.943  -2.611
 190 CA  -0.000  -8.989   0.000
 191 O    0.662  -3.054  12.366
 192 O    5.852   5.935  -7.145
 193 O    0.662   5.935  12.366
 194 O   -1.933   1.441  22.122
 195 O    3.257  10.430   2.611
 196 O    5.852  -3.054  -7.145
 197 O    3.257  -7.548   2.611
 198 O    8.446   1.441 -16.901
 199 O   -7.123   1.441 -16.901
 200 O   -9.718  -3.054  -7.145
 201 O   -4.528   5.935 -26.657
 202 O   -9.718   5.935  -7.145
 203 O  -12.312   1.441   2.611
 204 O   -7.123  10.430 -16.901
 205 O   -4.528  -3.054 -26.657
 206 O   -7.123  -7.548 -16.901
 207 O   -1.933   1.441 -36.413
 208 O   -1.933   1.441  -7.145
 209 O   -4.528  -3.054   2.611
 210 O    0.662   5.935 -16.901
 211 O   -4.528   5.935   2.611
 212 O   -7.123   1.441  12.366
 213 O   -1.933  10.430  -7.145
 214 O    0.662  -3.054 -16.901
 215 O   -1.933  -7.548  -7.145
 216 O    3.257   1.441 -26.657
 217 CA   5.190   0.000 -19.512
 218 O   -5.471  -2.394  12.366
 219 O   -0.281   6.594  -7.145
 220 O    2.314  -6.889 -16.901
 221 O   -0.281 -11.383  -7.145
 222 O    4.909  -2.394 -26.657
 223 O   -0.281  -2.394  -7.145
 224 O   -2.876  -6.889   2.611
 225 O    2.314   2.100 -16.901
 226 O    2.314   2.100  12.366
 227 O   -0.281  -2.394  22.122
 228 O    4.909   6.594   2.611
 229 O    7.503  -6.889  -7.145
 230 O    4.909 -11.383   2.611
 231 O   10.098  -2.394 -16.901
 232 O    4.909  -2.394   2.611
 233 O    2.314  -6.889  12.366
 234 O    7.503   2.100  -7.145
 235 O   -8.066   2.100  -7.145
 236 O  -10.661  -2.394   2.611
 237 O   -5.471   6.594 -16.901
 238 O   -2.876  -6.889 -26.657
 239 O   -5.471 -11.383 -16.901
 240 O   -0.281  -2.394 -36.413
 241 O   -5.471  -2.394 -16.901
 242 O   -8.066  -6.889  -7.145
 243 O   -2.876   2.100 -26.657
 244 CA   5.190   0.000   9.756
 245 O    4.809   5.448 -16.901
 246 O    2.214   0.954  -7.145
 247 O   -2.976   0.954  12.366
 248 O    2.214   9.943  -7.145
 249 O   -0.381   5.448   2.611
 250 O    2.214  -8.035  -7.145
 251 O    7.404   0.954 -26.657
 252 O    4.809  -3.541 -16.901
 253 O    4.809  -3.541  12.366
 254 O    9.999   5.448  -7.145
 255 O    7.404   0.954   2.611
 256 O    2.214   0.954  22.122
 257 O    7.404   9.943   2.611
 258 O    4.809   5.448  12.366
 259 O    7.404  -8.035   2.611
 260 O   12.594   0.954 -16.901
 261 O    9.999  -3.541  -7.145
 262 O   -5.570  -3.541  -7.145
 263 O   -0.381   5.448 -26.657
 264 O   -2.976   0.954 -16.901
 265 O   -8.165   0.954   2.611
 266 O   -2.976   9.943 -16.901
 267 O   -5.570   5.448  -7.145
 268 O   -2.976  -8.035 -16.901
 269 O    2.214   0.954 -36.413
 270 O   -0.381  -3.541 -26.657
 INFORMATION **** SET_MPP **** PCRYSTAL CALCULATION
 INFORMATION **** READM2 **** NEW DEFAULT: FOCK/KS MATRIX MIXING SET TO 30 %
 INFORMATION **** READM2 **** NEW DEFAULT: FULL DIRECT SCF MODE
 INFORMATION **** READM2 **** NEW DEFAULT: COULOMB BIPOLAR BUFFER SET TO 32 Mb
 INFORMATION **** READM2 **** NEW DEFAULT: EXCHANGE BIPOLAR BUFFER SET TO 32 Mb

 *******************************************************************************
 NEW DEFAULT: DFT INTEGRATION GRID INCREASED TO XLGRID
 NEW DEFAULT: DIIS ACCELERATOR ACTIVE
 USE KEYWORD NODIIS TO TURN IT OFF
 *******************************************************************************

 INFORMATION **** READM2 **** FULL DIRECT SCF (MONO AND BIEL INT) SELECTED
 INFORMATION **** MAXCYCLE **** MAX NUMBER OF SCF CYCLES SET TO         200
 INFORMATION **** TOLDEE **** SCF TOL ON TOTAL ENERGY SET TO          10
 INFORMATION **** TOLINTEG **** COULOMB AND EXCHANGE SERIES TOLERANCES MODIFIED
 INFORMATION **** BIPOSIZE **** COULOMB BIPOLAR BUFFER SET TO    32000000
 INFORMATION **** EXCHSIZE **** EXCHANGE BIPOLAR BUFFER SIZE SET TO    32000000
 *******************************************************************************
 N. OF ATOMS PER CELL       270  COULOMB OVERLAP TOL         (T1) 10**   -9
 NUMBER OF SHELLS          1620  COULOMB PENETRATION TOL     (T2) 10**   -9
 NUMBER OF AO              6183  EXCHANGE OVERLAP TOL        (T3) 10**   -9
 N. OF ELECTRONS PER CELL  2484  EXCHANGE PSEUDO OVP (F(G))  (T4) 10**   -9
 CORE ELECTRONS PER CELL   1188  EXCHANGE PSEUDO OVP (P(G))  (T5) 10**  -18
 N. OF SYMMETRY OPERATORS     6  POLE ORDER IN MONO ZONE                  4
 *******************************************************************************
 TYPE OF CALCULATION :  RESTRICTED CLOSED SHELL
 KOHN-SHAM HAMILTONIAN

 (EXCHANGE)[CORRELATION] FUNCTIONAL:(PERDEW-BURKE-ERNZERHOF)[PERDEW-BURKE-ERNZERHOF]


 HYBRID EXCHANGE - PERCENTAGE OF FOCK EXCHANGE    25.0000

 CAPPA:IS1  3;IS2  3;IS3  3; K PTS MONK NET   6; SYMMOPS:K SPACE   6;G SPACE   6

 *******************************************************************************
 MAX NUMBER OF SCF CYCLES     200  CONVERGENCE ON DELTAP        10**-20
 WEIGHT OF F(I) IN F(I+1)      30% CONVERGENCE ON ENERGY        10**-10
 SHRINK. FACT.(MONKH.)    3  3  3  NUMBER OF K POINTS IN THE IBZ      6
 SHRINKING FACTOR(GILAT NET)    3  NUMBER OF K POINTS(GILAT NET)      6
 *******************************************************************************
 *** K POINTS COORDINATES (OBLIQUE COORDINATES IN UNITS OF IS =  3)
   1-R(  0  0  0)   2-C(  1  0  0)   3-C(  1  1  0)   4-C(  2  1  0)
   5-C(  1  1  1)   6-C(  2  1  1)

 DIRECT LATTICE VECTORS COMPON. (A.U.)     RECIP. LATTICE VECTORS COMPON. (A.U.) 
        X            Y            Z              X            Y            Z
   15.5691163   -0.0000000   29.2677059      0.2690448   -0.0000000    0.0715599
   -7.7845581   13.4832502   29.2677059     -0.1345224    0.2329997    0.0715599
   -7.7845581  -13.4832502   29.2677059     -0.1345224   -0.2329997    0.0715599

 DISK SPACE FOR EIGENVECTORS (FTN 10)   420524379 REALS

 SYMMETRY ADAPTION OF THE BLOCH FUNCTIONS ENABLED
 TTTTTTTTTTTTTTTTTTTTTTTTTTTTTT gordsh1     TELAPSE        9.12 TCPU        0.93

 MATRIX SIZE: P(G)20748069, F(G) 3655179, P(G) IRR 1736577, F(G) IRR  614312
 MAX G-VECTOR INDEX FOR 1- AND 2-ELECTRON INTEGRALS 153

 TTTTTTTTTTTTTTTTTTTTTTTTTTTTTT INPUT       TELAPSE       11.12 TCPU        2.92

 NEIGHBORS OF THE NON-EQUIVALENT ATOMS

 N = NUMBER OF NEIGHBORS AT DISTANCE R
    ATOM  N     R/ANG      R/AU   NEIGHBORS (ATOM LABELS AND CELL INDICES)
   1 CA   6     2.3366     4.4155    5 O    0 0 0    6 O    0 0 0    7 O    0 0 0
                                     8 O    0 0 0    9 O    0 0 0   10 O    0 0 0
   1 CA   6     3.0822     5.8245    3 C    0 0 0    4 C    0 0 0   66 C    0 0 0
                                    70 C    0 0 0   87 C    0 0 0   93 C    0 0 0
   1 CA   6     3.2032     6.0533  120 O    0 0 0  157 O    0 0 0  170 O    0 0 0
                                   209 O    0 0 0  232 O    0 0 0  249 O    0 0 0
   1 CA   2     3.7634     7.1118   64 C    0 0 0   84 C    0 0 0
   1 CA   6     3.7690     7.1223   30 MG   0 0 0   34 MG   0 0 0   36 MG   0 0 0
                                    46 MG   0 0 0   48 MG   0 0 0   52 MG   0 0 0
   1 CA   6     3.9906     7.5411  118 O    0 0 0  139 O    0 0 0  164 O    0 0 0
                                   208 O    0 0 0  223 O    0 0 0  246 O    0 0 0

   2 MG   6     2.0430     3.8606  121 O    0 0 0  140 O    0 0 0  173 O    0 0 0
                                   191 O    0 0 0  226 O    0 0 0  247 O    0 0 0
   2 MG   6     2.9899     5.6501   65 C    0 0 0   67 C    0 0 0   73 C    0 0 0
                                    85 C    0 0 0   91 C    0 0 0   96 C    0 0 0
   2 MG   6     3.3803     6.3878  119 O    0 0 0  148 O    0 0 0  167 O    0 0 0
                                   193 O    0 0 0  218 O    0 0 0  253 O    0 0 0
   2 MG   6     3.7690     7.1223   11 CA   0 0 0   13 CA   0 0 0   28 CA   0 0 0
                                    82 CA   0 0 0  109 CA   0 0 0  244 CA   0 0 0
   2 MG   2     3.9805     7.5221   64 C    0 0 0   94 C    0 0 0
   2 MG   6     4.0284     7.6125  127 O    0 0 0  142 O    0 0 0  165 O    0 0 0
                                   212 O    0 0 0  233 O    0 0 0  258 O    0 0 0

   3 C    3     1.2759     2.4111    5 O    0 0 0  157 O    0 0 0  182 O    0 0 0
   3 C    3     2.9899     5.6501   37 MG  -1 0 0   48 MG   0 0 0   52 MG   0 0 0
   3 C    3     3.0373     5.7396  208 O    0 0 0  235 O    0 0 0  262 O    0 0 0
   3 C    3     3.0822     5.8245    1 CA   0 0 0   20 CA   0 0 0   22 CA   0 0 0
   3 C    3     3.2351     6.1135    9 O    0 0 0  209 O    0 0 0  265 O    0 0 0
   3 C    3     3.4928     6.6005    7 O    0 0 0  130 O   -1 0 0  155 O    0 0 0

   5 O    1     1.2759     2.4111    3 C    0 0 0
   5 O    1     2.0430     3.8606   52 MG   0 0 0
   5 O    2     2.2097     4.1757  157 O    0 0 0  182 O    0 0 0
   5 O    1     2.3366     4.4155    1 CA   0 0 0
   5 O    2     2.8639     5.4120  155 O    0 0 0  170 O    0 0 0
   5 O    2     2.9142     5.5071  223 O    0 0 0  262 O    0 0 0

  11 CA   6     2.3366     4.4155  119 O    0 0 0  146 O    0 0 0  173 O    0 0 0
                                   200 O    1 0 0  227 O    0 0 0  254 O    0 0 1
  11 CA   6     3.0822     5.8245   65 C    0 0 0   73 C    0 0 0   80 C    0 0 0
                                    92 C    0 0 1   94 C    0 0 0  100 C    1 0 0
  11 CA   6     3.2032     6.0533  127 O    0 0 0  140 O    0 0 0  180 O    0 0 0
                                   192 O    0 0 1  242 O    1 0 0  256 O    0 0 0
  11 CA   2     3.7634     7.1118   74 C    0 0 0   91 C    0 0 0
  11 CA   6     3.7690     7.1223    2 MG   0 0 0   29 MG   0 0 0   35 MG   0 0 0
                                    37 MG   0 0 0   43 MG   0 0 0   44 MG   0 0 0
  11 CA   6     3.9906     7.5411  128 O    0 0 0  149 O    0 0 0  174 O    0 0 0
                                   191 O    0 0 0  233 O    0 0 0  253 O    0 0 0

  12 CA   6     2.3366     4.4155  120 O    0 0 0  147 O    0 0 0  174 O    0 0-1
                                   201 O    1 0 0  228 O    0 0 0  255 O    0 0 0
  12 CA   6     3.0822     5.8245   66 C    0 0 0   74 C    0 0-1   81 C    0 0 0
                                    93 C    0 0 0   95 C    0 0 0  101 C    1 0 0
  12 CA   6     3.2032     6.0533    8 O    0 0 0  128 O    0 0-1  141 O    0 0 0
                                   178 O    0 0 0  243 O    1 0 0  257 O    0 0 0
  12 CA   2     3.7634     7.1118   75 C    0 0 0   92 C    0 0 0
  12 CA   6     3.7690     7.1223   29 MG   0 0-1   30 MG   0 0 0   36 MG   0 0 0
                                    38 MG   0 0-1   44 MG   0 0-1   45 MG   0 0 0
  12 CA   6     3.9906     7.5411  129 O    0 0 0  150 O    0 0 0  172 O    0 0 0
                                   192 O    0 0 0  234 O    0 0 0  254 O    0 0 0

  14 CA   6     2.3366     4.4155  122 O    0 0 0  149 O    0 0 0  176 O    0 0 0
                                   203 O    1 0 0  230 O    0 1 0  257 O    0 0 1
  14 CA   6     3.0822     5.8245   68 C    0 0 0   74 C    0 0 0   76 C    0 0 0
                                    95 C    0 0 1   97 C    0 1 0  103 C    1 0 0
  14 CA   6     3.2032     6.0533  130 O    0 0 0  143 O    0 0 0  174 O    0 0 0
                                   195 O    0 0 1  236 O    1 0 0  259 O    0 1 0
  14 CA   2     3.7634     7.1118   77 C    0 0 0   94 C    0 0 0
  14 CA   6     3.7690     7.1223   29 MG   0 0 0   31 MG   0 0 0   32 MG   0 0 0
                                    37 MG   0 0 0   38 MG   0 0 0   40 MG   0 0 0
  14 CA   6     3.9906     7.5411  131 O    0 0 0  152 O    0 0 0  177 O    0 0 0
                                   194 O    0 0 0  227 O    0 0 0  256 O    0 0 0

  15 CA   6     2.3366     4.4155  123 O    0 0 0  150 O    0 0 0  177 O    0 0-1
                                   204 O    1 0 0  231 O    0 1 0  258 O    0 0 0
  15 CA   6     3.0822     5.8245   69 C    0 0 0   75 C    0 0 0   77 C    0 0-1
                                    96 C    0 0 0   98 C    0 1 0  104 C    1 0 0
  15 CA   6     3.2032     6.0533  131 O    0 0-1  144 O    0 0 0  172 O    0 0 0
                                   193 O    0 0 0  237 O    1 0 0  260 O    0 1 0
  15 CA   2     3.7634     7.1118   78 C    0 0 0   95 C    0 0 0
  15 CA   6     3.7690     7.1223   30 MG   0 0 0   32 MG   0 0-1   33 MG   0 0 0
                                    38 MG   0 0-1   39 MG   0 0 0   41 MG   0 0-1
  15 CA   6     3.9906     7.5411  132 O    0 0 0  153 O    0 0 0  175 O    0 0 0
                                   195 O    0 0 0  228 O    0 0 0  257 O    0 0 0

  19 CA   6     2.3366     4.4155  127 O   -1 0 0  154 O    0 0 0  181 O    0 0 0
                                   208 O    0 0 0  235 O    0 0 0  262 O    0 0 0
  19 CA   6     3.0822     5.8245   57 C    0 0 0   61 C    0 0 0   73 C   -1 0 0
                                    84 C    0 0 0  100 C    0 0 0  105 C    0 0 0
  19 CA   6     3.2032     6.0533  111 O    0 0 0  148 O   -1 0 0  188 O    0 0 0
                                   200 O    0 0 0  223 O    0 0 0  267 O    0 0 0
  19 CA   2     3.7634     7.1118    3 C    0 0 0  102 C    0 0 0
  19 CA   6     3.7690     7.1223   37 MG  -1 0 0   39 MG  -1 0 0   43 MG  -1 0 0
                                    48 MG   0 0 0   52 MG   0 0 0   54 MG   0 0 0
  19 CA   6     3.9906     7.5411    5 O    0 0 0  157 O    0 0 0  182 O    0 0 0
                                   199 O    0 0 0  241 O    0 0 0  264 O    0 0 0

  29 MG   6     2.0430     3.8606  122 O    0 0 0  141 O    0 0 1  174 O    0 0 0
                                   192 O    0 0 1  227 O    0 0 0  248 O    0 0 1
  29 MG   6     2.9899     5.6501   66 C    0 0 1   68 C    0 0 0   74 C    0 0 0
                                    86 C    0 0 1   92 C    0 0 1   94 C    0 0 0
  29 MG   6     3.3803     6.3878  120 O    0 0 1  149 O    0 0 0  168 O    0 0 0
                                   194 O    0 0 0  219 O    0 0 1  254 O    0 0 1
  29 MG   6     3.7690     7.1223   11 CA   0 0 0   12 CA   0 0 1   14 CA   0 0 0
                                    55 CA   0 0 1  109 CA   0 0 0  136 CA   0 0 1
  29 MG   2     3.9805     7.5221   65 C    0 0 0   95 C    0 0 1
  29 MG   6     4.0284     7.6125    7 O    0 0 1  128 O    0 0 0  143 O    0 0 0
                                   213 O    0 0 1  234 O    0 0 1  256 O    0 0 0

  30 MG   6     2.0430     3.8606    8 O    0 0 0  123 O    0 0 0  139 O    0 0 0
                                   172 O    0 0 0  228 O    0 0 0  249 O    0 0 0
  30 MG   6     2.9899     5.6501   64 C    0 0 0   69 C    0 0 0   75 C    0 0 0
                                    87 C    0 0 0   93 C    0 0 0   95 C    0 0 0
  30 MG   6     3.3803     6.3878    9 O    0 0 0  118 O    0 0 0  150 O    0 0 0
                                   166 O    0 0 0  195 O    0 0 0  255 O    0 0 0
  30 MG   6     3.7690     7.1223    1 CA   0 0 0   12 CA   0 0 0   15 CA   0 0 0
                                    82 CA   0 0 0  136 CA   0 0 0  244 CA   0 0 0
  30 MG   2     3.9805     7.5221   66 C    0 0 0   96 C    0 0 0
  30 MG   6     4.0284     7.6125  129 O    0 0 0  144 O    0 0 0  164 O    0 0 0
                                   211 O    0 0 0  232 O    0 0 0  257 O    0 0 0

  32 MG   6     2.0430     3.8606  125 O    0 1 0  144 O    0 0 1  177 O    0 0 0
                                   195 O    0 0 1  230 O    0 1 0  251 O    0 1 1
  32 MG   6     2.9899     5.6501   69 C    0 0 1   71 C    0 1 0   77 C    0 0 0
                                    89 C    0 1 1   95 C    0 0 1   97 C    0 1 0
  32 MG   6     3.3803     6.3878  123 O    0 0 1  152 O    0 0 0  171 O    0 1 0
                                   197 O    0 1 0  222 O    0 1 1  257 O    0 0 1
  32 MG   6     3.7690     7.1223   14 CA   0 0 0   15 CA   0 0 1   17 CA   0 1 0
                                   136 CA   0 0 1  190 CA   0 1 0  217 CA   0 1 1
  32 MG   2     3.9805     7.5221   68 C    0 0 0   98 C    0 1 1
  32 MG   6     4.0284     7.6125  131 O    0 0 0  137 O    0 1 0  166 O    0 0 1
                                   216 O    0 1 1  228 O    0 0 1  259 O    0 1 0

  33 MG   6     2.0430     3.8606  126 O    0 1 0  142 O    0 0 0  175 O    0 0 0
                                   193 O    0 0 0  231 O    0 1 0  252 O    0 1 0
  33 MG   6     2.9899     5.6501   67 C    0 0 0   72 C    0 1 0   78 C    0 0 0
                                    90 C    0 1 0   96 C    0 0 0   98 C    0 1 0
  33 MG   6     3.3803     6.3878  121 O    0 0 0  153 O    0 0 0  169 O    0 1 0
                                   198 O    0 1 0  220 O    0 1 0  258 O    0 0 0
  33 MG   6     3.7690     7.1223   13 CA   0 0 0   15 CA   0 0 0   18 CA   0 1 0
                                    82 CA   0 0 0  163 CA   0 1 0  217 CA   0 1 0
  33 MG   2     3.9805     7.5221   69 C    0 0 0   99 C    0 1 0
  33 MG   6     4.0284     7.6125  132 O    0 0 0  138 O    0 1 0  167 O    0 0 0
                                   214 O    0 1 0  226 O    0 0 0  260 O    0 1 0

  41 MG   6     2.0430     3.8606  134 O    0 1 0  153 O    0 0 1  186 O    1 0 0
                                   204 O    1 0 1  239 O    1 1 0  260 O    0 1 1
  41 MG   6     2.9899     5.6501   59 C    1 0 0   78 C    0 0 1   80 C    0 1 0
                                    98 C    0 1 1  104 C    1 0 1  106 C    1 1 0
  41 MG   6     3.3803     6.3878  132 O    0 0 1  161 O    1 0 0  180 O    0 1 0
                                   206 O    1 1 0  231 O    0 1 1  266 O    1 0 1
  41 MG   6     3.7690     7.1223   15 CA   0 0 1   17 CA   0 1 0   18 CA   0 1 1
                                    23 CA   1 0 0   24 CA   1 0 1   26 CA   1 1 0
  41 MG   2     3.9805     7.5221   77 C    0 0 0  107 C    1 1 1
  41 MG   6     4.0284     7.6125  113 O    1 0 0  146 O    0 1 0  175 O    0 0 1
                                   198 O    0 1 1  237 O    1 0 1  268 O    1 1 0

  56 C    3     1.2759     2.4111  110 O    0 0 0  158 O    0 0 0  183 O    0 0 0
  56 C    3     2.9899     5.6501   38 MG  -1 0 0   46 MG   0 0 0   53 MG   0 0 0
  56 C    3     3.0373     5.7396  209 O    0 0 0  236 O    0 0 0  263 O    0 0 1
  56 C    3     3.0822     5.8245   21 CA   0 0 1   23 CA   0 0 0   28 CA   0 0 0
  56 C    3     3.2351     6.1135  210 O    0 0 1  218 O    0 0 0  266 O    0 0 1
  56 C    3     3.4928     6.6005  131 O   -1 0 0  156 O    0 0 1  164 O    0 0 0

  57 C    3     1.2759     2.4111  111 O    0 0 0  159 O    0 0 0  181 O    0 0 0
  57 C    3     2.9899     5.6501   39 MG  -1 0 0   47 MG   0 0-1   54 MG   0 0 0
  57 C    3     3.0373     5.7396  210 O    0 0 0  237 O    0 0 0  264 O    0 0 0
  57 C    3     3.0822     5.8245   19 CA   0 0 0   24 CA   0 0 0   55 CA   0 0 0
  57 C    3     3.2351     6.1135  208 O    0 0 0  219 O    0 0 0  267 O    0 0 0
  57 C    3     3.4928     6.6005  132 O   -1 0 0  154 O    0 0 0  165 O    0 0-1

  58 C    3     1.2759     2.4111  112 O    0 0 0  160 O    0 0 0  185 O    0 0 0
  58 C    3     2.9899     5.6501   40 MG  -1 0 0   46 MG   0 0 0   51 MG   0 0 0
  58 C    3     3.0373     5.7396  211 O    0 0 0  238 O    0 1 0  265 O    0 0 0
  58 C    3     3.0822     5.8245   23 CA   0 0 0   25 CA   0 1 0   82 CA   0 0 0
  58 C    3     3.2351     6.1135  212 O    0 0 0  220 O    0 1 0  268 O    0 1 0
  58 C    3     3.4928     6.6005  133 O   -1 1 0  158 O    0 0 0  166 O    0 0 0

  59 C    3     1.2759     2.4111  113 O    0 0 0  161 O    0 0 0  186 O    0 0 0
  59 C    3     2.9899     5.6501   41 MG  -1 0 0   47 MG   0 0 0   49 MG   0 0 0
  59 C    3     3.0373     5.7396  212 O    0 0 0  239 O    0 1 0  266 O    0 0 1
  59 C    3     3.0822     5.8245   24 CA   0 0 1   26 CA   0 1 0  109 CA   0 0 0
  59 C    3     3.2351     6.1135  213 O    0 0 1  221 O    0 1 0  269 O    0 1 1
  59 C    3     3.4928     6.6005  134 O   -1 1 0  159 O    0 0 1  167 O    0 0 0

  60 C    3     1.2759     2.4111  114 O    0 0 0  162 O    0 0 0  184 O    0 0 0
  60 C    3     2.9899     5.6501   42 MG  -1 0 0   48 MG   0 0 0   50 MG   0 0-1
  60 C    3     3.0373     5.7396  213 O    0 0 0  240 O    0 1 0  267 O    0 0 0
  60 C    3     3.0822     5.8245   22 CA   0 0 0   27 CA   0 1 0  136 CA   0 0 0
  60 C    3     3.2351     6.1135  211 O    0 0 0  222 O    0 1 0  270 O    0 1 0
  60 C    3     3.4928     6.6005  135 O   -1 1 0  157 O    0 0 0  168 O    0 0-1

  63 C    3     1.2759     2.4111  117 O    0 0 0  156 O    0 0 0  187 O    0 0 0
  63 C    3     2.9899     5.6501   45 MG  -1 0 0   51 MG   0-1 0   53 MG   0 0-1
  63 C    3     3.0373     5.7396  216 O    0 0 0  243 O    0 0 0  270 O    0 0 0
  63 C    3     3.0822     5.8245   21 CA   0 0 0   25 CA   0 0 0  217 CA   0 0 0
  63 C    3     3.2351     6.1135  214 O    0 0 0  225 O    0 0 0  264 O    0 0 0
  63 C    3     3.4928     6.6005  129 O   -1 0 0  160 O    0-1 0  171 O    0 0-1

  64 C    3     1.2759     2.4111  118 O    0 0 0  139 O    0 0 0  164 O    0 0 0
  64 C    3     2.9899     5.6501   30 MG   0 0 0   34 MG   0 0 0   46 MG   0 0 0
  64 C    3     3.0373     5.7396    8 O    0 0 0    9 O    0 0 0   10 O    0 0 0
  64 C    3     3.0822     5.8245   28 CA   0 0 0   82 CA   0 0 0  244 CA   0 0 0
  64 C    3     3.2351     6.1135  191 O    0 0 0  226 O    0 0 0  247 O    0 0 0
  64 C    3     3.4928     6.6005  112 O    0 0 0  137 O    0 0 0  172 O    0 0 0

  65 C    3     1.2759     2.4111  119 O    0 0 0  140 O    0 0 0  165 O    0 0 0
  65 C    3     2.9899     5.6501    2 MG   0 0 0   35 MG   0 0 0   47 MG   0 0 0
  65 C    3     3.0373     5.7396  191 O    0 0 0  218 O    0 0 0  245 O    0 0 1
  65 C    3     3.0822     5.8245   11 CA   0 0 0   55 CA   0 0 1  109 CA   0 0 0
  65 C    3     3.2351     6.1135  192 O    0 0 1  227 O    0 0 0  248 O    0 0 1
  65 C    3     3.4928     6.6005  113 O    0 0 0  138 O    0 0 1  173 O    0 0 0

  68 C    3     1.2759     2.4111  122 O    0 0 0  143 O    0 0 0  168 O    0 0 0
  68 C    3     2.9899     5.6501   29 MG   0 0 0   31 MG   0 0 0   50 MG   0 0 0
  68 C    3     3.0373     5.7396  194 O    0 0 0  221 O    0 1 0  248 O    0 0 1
  68 C    3     3.0822     5.8245   14 CA   0 0 0  136 CA   0 0 1  190 CA   0 1 0
  68 C    3     3.2351     6.1135  195 O    0 0 1  230 O    0 1 0  251 O    0 1 1
  68 C    3     3.4928     6.6005  116 O    0 1 0  141 O    0 0 1  176 O    0 0 0

  77 C    3     1.2759     2.4111  131 O    0 0 0  152 O    0 0 0  177 O    0 0 0
  77 C    3     2.9899     5.6501   32 MG   0 0 0   38 MG   0 0 0   40 MG   0 0 0
  77 C    3     3.0373     5.7396  203 O    1 0 0  230 O    0 1 0  257 O    0 0 1
  77 C    3     3.0822     5.8245   15 CA   0 0 1   17 CA   0 1 0   23 CA   1 0 0
  77 C    3     3.2351     6.1135  204 O    1 0 1  239 O    1 1 0  260 O    0 1 1
  77 C    3     3.4928     6.6005  125 O    0 1 0  150 O    0 0 1  185 O    1 0 0

 110 O    1     1.2759     2.4111   56 C    0 0 0
 110 O    1     2.0430     3.8606   53 MG   0 0 0
 110 O    2     2.2097     4.1757  158 O    0 0 0  183 O    0 0 0
 110 O    1     2.3366     4.4155   28 CA   0 0 0
 110 O    2     2.8639     5.4120  156 O    0 0 1  171 O    0 0 0
 110 O    2     2.9142     5.5071  224 O    0 0 0  263 O    0 0 1

 111 O    1     1.2759     2.4111   57 C    0 0 0
 111 O    1     2.0430     3.8606   54 MG   0 0 0
 111 O    2     2.2097     4.1757  159 O    0 0 0  181 O    0 0 0
 111 O    1     2.3366     4.4155   55 CA   0 0 0
 111 O    2     2.8639     5.4120  154 O    0 0 0  169 O    0 0 0
 111 O    2     2.9142     5.5071  225 O    0 0 0  264 O    0 0 0

 112 O    1     1.2759     2.4111   58 C    0 0 0
 112 O    1     2.0430     3.8606   46 MG   0 0 0
 112 O    2     2.2097     4.1757  160 O    0 0 0  185 O    0 0 0
 112 O    1     2.3366     4.4155   82 CA   0 0 0
 112 O    2     2.8639     5.4120  158 O    0 0 0  164 O    0 0 0
 112 O    2     2.9142     5.5071    9 O    0 0 0  265 O    0 0 0

 113 O    1     1.2759     2.4111   59 C    0 0 0
 113 O    1     2.0430     3.8606   47 MG   0 0 0
 113 O    2     2.2097     4.1757  161 O    0 0 0  186 O    0 0 0
 113 O    1     2.3366     4.4155  109 CA   0 0 0
 113 O    2     2.8639     5.4120  159 O    0 0 1  165 O    0 0 0
 113 O    2     2.9142     5.5071  218 O    0 0 0  266 O    0 0 1

 114 O    1     1.2759     2.4111   60 C    0 0 0
 114 O    1     2.0430     3.8606   48 MG   0 0 0
 114 O    2     2.2097     4.1757  162 O    0 0 0  184 O    0 0 0
 114 O    1     2.3366     4.4155  136 CA   0 0 0
 114 O    2     2.8639     5.4120    7 O    0 0 0  157 O    0 0 0
 114 O    2     2.9142     5.5071  219 O    0 0 0  267 O    0 0 0

 115 O    1     1.2759     2.4111   61 C    0 0 0
 115 O    1     2.0430     3.8606   49 MG   0-1 0
 115 O    2     2.2097     4.1757  154 O    0 0 0  188 O    0 0 0
 115 O    1     2.3366     4.4155  163 CA   0 0 0
 115 O    2     2.8639     5.4120  161 O    0-1 0  167 O    0-1 0
 115 O    2     2.9142     5.5071  220 O    0 0 0  268 O    0 0 0

 116 O    1     1.2759     2.4111   62 C    0 0 0
 116 O    1     2.0430     3.8606   50 MG   0-1 0
 116 O    2     2.2097     4.1757  155 O    0 0 0  189 O    0 0 0
 116 O    1     2.3366     4.4155  190 CA   0 0 0
 116 O    2     2.8639     5.4120  162 O    0-1 1  168 O    0-1 0
 116 O    2     2.9142     5.5071  221 O    0 0 0  269 O    0 0 1

 117 O    1     1.2759     2.4111   63 C    0 0 0
 117 O    1     2.0430     3.8606   51 MG   0-1 0
 117 O    2     2.2097     4.1757  156 O    0 0 0  187 O    0 0 0
 117 O    1     2.3366     4.4155  217 CA   0 0 0
 117 O    2     2.8639     5.4120  160 O    0-1 0  166 O    0-1 0
 117 O    2     2.9142     5.5071  222 O    0 0 0  270 O    0 0 0

 118 O    1     1.2759     2.4111   64 C    0 0 0
 118 O    1     2.0430     3.8606   34 MG   0 0 0
 118 O    2     2.2097     4.1757  139 O    0 0 0  164 O    0 0 0
 118 O    1     2.3366     4.4155  244 CA   0 0 0
 118 O    2     2.8639     5.4120  137 O    0 0 0  179 O    0 0 0
 118 O    2     2.9142     5.5071   10 O    0 0 0  232 O    0 0 0

 119 O    1     1.2759     2.4111   65 C    0 0 0
 119 O    1     2.0430     3.8606   35 MG   0 0 0
 119 O    2     2.2097     4.1757  140 O    0 0 0  165 O    0 0 0
 119 O    1     2.3366     4.4155   11 CA   0 0 0
 119 O    2     2.8639     5.4120  138 O    0 0 1  180 O    0 0 0
 119 O    2     2.9142     5.5071  233 O    0 0 0  245 O    0 0 1

 120 O    1     1.2759     2.4111   66 C    0 0 0
 120 O    1     2.0430     3.8606   36 MG   0 0 0
 120 O    2     2.2097     4.1757    7 O    0 0 0  141 O    0 0 0
 120 O    1     2.3366     4.4155   12 CA   0 0 0
 120 O    2     2.8639     5.4120    6 O    0 0 0  178 O    0 0 0
 120 O    2     2.9142     5.5071  234 O    0 0 0  246 O    0 0 0

 121 O    1     1.2759     2.4111   67 C    0 0 0
 121 O    1     2.0430     3.8606    2 MG   0 0 0
 121 O    2     2.2097     4.1757  142 O    0 0 0  167 O    0 0 0
 121 O    1     2.3366     4.4155   13 CA   0 0 0
 121 O    2     2.8639     5.4120  140 O    0 0 0  173 O    0 0 0
 121 O    2     2.9142     5.5071  226 O    0 0 0  247 O    0 0 0

 122 O    1     1.2759     2.4111   68 C    0 0 0
 122 O    1     2.0430     3.8606   29 MG   0 0 0
 122 O    2     2.2097     4.1757  143 O    0 0 0  168 O    0 0 0
 122 O    1     2.3366     4.4155   14 CA   0 0 0
 122 O    2     2.8639     5.4120  141 O    0 0 1  174 O    0 0 0
 122 O    2     2.9142     5.5071  227 O    0 0 0  248 O    0 0 1

 123 O    1     1.2759     2.4111   69 C    0 0 0
 123 O    1     2.0430     3.8606   30 MG   0 0 0
 123 O    2     2.2097     4.1757  144 O    0 0 0  166 O    0 0 0
 123 O    1     2.3366     4.4155   15 CA   0 0 0
 123 O    2     2.8639     5.4120  139 O    0 0 0  172 O    0 0 0
 123 O    2     2.9142     5.5071  228 O    0 0 0  249 O    0 0 0

 124 O    1     1.2759     2.4111   70 C    0 0 0
 124 O    1     2.0430     3.8606   31 MG   0-1 0
 124 O    2     2.2097     4.1757    6 O    0 0 0  170 O    0 0 0
 124 O    1     2.3366     4.4155   16 CA   0 0 0
 124 O    2     2.8639     5.4120  143 O    0-1 0  176 O    0-1 0
 124 O    2     2.9142     5.5071  229 O    0 0 0  250 O    0 0 0

 125 O    1     1.2759     2.4111   71 C    0 0 0
 125 O    1     2.0430     3.8606   32 MG   0-1 0
 125 O    2     2.2097     4.1757  137 O    0 0 0  171 O    0 0 0
 125 O    1     2.3366     4.4155   17 CA   0 0 0
 125 O    2     2.8639     5.4120  144 O    0-1 1  177 O    0-1 0
 125 O    2     2.9142     5.5071  230 O    0 0 0  251 O    0 0 1

 126 O    1     1.2759     2.4111   72 C    0 0 0
 126 O    1     2.0430     3.8606   33 MG   0-1 0
 126 O    2     2.2097     4.1757  138 O    0 0 0  169 O    0 0 0
 126 O    1     2.3366     4.4155   18 CA   0 0 0
 126 O    2     2.8639     5.4120  142 O    0-1 0  175 O    0-1 0
 126 O    2     2.9142     5.5071  231 O    0 0 0  252 O    0 0 0

 127 O    1     1.2759     2.4111   73 C    0 0 0
 127 O    1     2.0430     3.8606   43 MG   0 0 0
 127 O    2     2.2097     4.1757  148 O    0 0 0  173 O    0 0 0
 127 O    1     2.3366     4.4155   19 CA   1 0 0
 127 O    2     2.8639     5.4120  146 O    0 0 0  188 O    1 0 0
 127 O    2     2.9142     5.5071  241 O    1 0 0  253 O    0 0 0

 128 O    1     1.2759     2.4111   74 C    0 0 0
 128 O    1     2.0430     3.8606   44 MG   0 0 0
 128 O    2     2.2097     4.1757  149 O    0 0 0  174 O    0 0 0
 128 O    1     2.3366     4.4155   20 CA   1 0 0
 128 O    2     2.8639     5.4120  147 O    0 0 1  189 O    1 0 0
 128 O    2     2.9142     5.5071  242 O    1 0 0  254 O    0 0 1

 129 O    1     1.2759     2.4111   75 C    0 0 0
 129 O    1     2.0430     3.8606   45 MG   0 0 0
 129 O    2     2.2097     4.1757  150 O    0 0 0  172 O    0 0 0
 129 O    1     2.3366     4.4155   21 CA   1 0 0
 129 O    2     2.8639     5.4120  145 O    0 0 0  187 O    1 0 0
 129 O    2     2.9142     5.5071  243 O    1 0 0  255 O    0 0 0

 130 O    1     1.2759     2.4111   76 C    0 0 0
 130 O    1     2.0430     3.8606   37 MG   0 0 0
 130 O    2     2.2097     4.1757  151 O    0 0 0  176 O    0 0 0
 130 O    1     2.3366     4.4155   22 CA   1 0 0
 130 O    2     2.8639     5.4120  149 O    0 0 0  182 O    1 0 0
 130 O    2     2.9142     5.5071  235 O    1 0 0  256 O    0 0 0

 131 O    1     1.2759     2.4111   77 C    0 0 0
 131 O    1     2.0430     3.8606   38 MG   0 0 0
 131 O    2     2.2097     4.1757  152 O    0 0 0  177 O    0 0 0
 131 O    1     2.3366     4.4155   23 CA   1 0 0
 131 O    2     2.8639     5.4120  150 O    0 0 1  183 O    1 0 0
 131 O    2     2.9142     5.5071  236 O    1 0 0  257 O    0 0 1

 132 O    1     1.2759     2.4111   78 C    0 0 0
 132 O    1     2.0430     3.8606   39 MG   0 0 0
 132 O    2     2.2097     4.1757  153 O    0 0 0  175 O    0 0 0
 132 O    1     2.3366     4.4155   24 CA   1 0 0
 132 O    2     2.8639     5.4120  148 O    0 0 0  181 O    1 0 0
 132 O    2     2.9142     5.5071  237 O    1 0 0  258 O    0 0 0

 133 O    1     1.2759     2.4111   79 C    0 0 0
 133 O    1     2.0430     3.8606   40 MG   0-1 0
 133 O    2     2.2097     4.1757  145 O    0 0 0  179 O    0 0 0
 133 O    1     2.3366     4.4155   25 CA   1 0 0
 133 O    2     2.8639     5.4120  152 O    0-1 0  185 O    1-1 0
 133 O    2     2.9142     5.5071  238 O    1 0 0  259 O    0 0 0

 134 O    1     1.2759     2.4111   80 C    0 0 0
 134 O    1     2.0430     3.8606   41 MG   0-1 0
 134 O    2     2.2097     4.1757  146 O    0 0 0  180 O    0 0 0
 134 O    1     2.3366     4.4155   26 CA   1 0 0
 134 O    2     2.8639     5.4120  153 O    0-1 1  186 O    1-1 0
 134 O    2     2.9142     5.5071  239 O    1 0 0  260 O    0 0 1

 135 O    1     1.2759     2.4111   81 C    0 0 0
 135 O    1     2.0430     3.8606   42 MG   0-1 0
 135 O    2     2.2097     4.1757  147 O    0 0 0  178 O    0 0 0
 135 O    1     2.3366     4.4155   27 CA   1 0 0
 135 O    2     2.8639     5.4120  151 O    0-1 0  184 O    1-1 0
 135 O    2     2.9142     5.5071  240 O    1 0 0  261 O    0 0 0


 SYMMETRY ALLOWED INTERNAL DEGREE(S) OF FREEDOM: 134
 TTTTTTTTTTTTTTTTTTTTTTTTTTTTTT SYMM        TELAPSE       11.19 TCPU        2.99
 TTTTTTTTTTTTTTTTTTTTTTTTTTTTTT INT_SCREEN  TELAPSE       11.53 TCPU        3.34

 *******************************************************************************
 *                                                                             *
 *                                                                             *
 *         FFFFF  RRRR   EEEE   QQQ   U   U  EEEE  N   N   CCC  Y   Y          *
 *         F      R   R  E     Q   Q  U   U  E     NN  N  C      Y Y           *
 *         FFF    RRRR   EEEE  Q   Q  U   U  EEEE  N N N  C       Y            *
 *         F      R   R  E     Q  QQ  U   U  E     N  NN  C       Y            *
 *         F      R   R  EEEE   QQ Q   UUU   EEEE  N   N   CCC    Y            *
 *                                                                             *
 *                                                                             *
 * CALCULATION OF PHONON FREQUENCIES AT A SET OF K POINTS BY USING A SUPERCELL *
 * SCHEME. THE FOLLOWING SUPERCELL HAS BEEN USED:                              *
 *     3.000     0.000     0.000                                               *
 *     0.000     3.000     0.000                                               *
 *     0.000     0.000     3.000                                               *
 * THAT PERMITS THE CALCULATION OF MODES AT    27 K POINTS                     *
 * INTENSITIES COMPUTED VIA THE BERRY PHASE APPROACH                           *
 *                                                                             *
 * REFERENCES TO BE QUOTED WHEN USING THIS MODULE:                             *
 *                                                                             *
 * F. Pascale, C.M. Zicovich-Wilson, F. Lopez, B. Civalleri                    *
 * R. Orlando, R. Dovesi                                                       *
 * The calculation of the vibration frequencies of crystalline                 *
 * compounds and its implementation in the CRYSTAL code                        *
 * J. Comput. Chem. 25 (2004) 888-897                                          *
 *                                                                             *
 * C.M. Zicovich-Wilson, F. Pascale, C. Roetti, V.R. Saunders,                 *
 * R. Orlando, R. Dovesi                                                       *
 * The calculation of the vibration frequencies of alpha-quartz:               *
 * the effect of hamiltonian and basis set                                     *
 * J. Comput. Chem. 25 (2004) 1873-1881                                        *
 *******************************************************************************



 ATOMS ISOTOPIC MASS (AMU) FOR FREQUENCY CALCULATION 

    1 CA     39.9626    2 MG     23.9850    3 C      12.0000    4 C      12.0000
    5 O      15.9949    6 O      15.9949    7 O      15.9949    8 O      15.9949
    9 O      15.9949   10 O      15.9949   11 CA     39.9626   12 CA     39.9626
   13 CA     39.9626   14 CA     39.9626   15 CA     39.9626   16 CA     39.9626
   17 CA     39.9626   18 CA     39.9626   19 CA     39.9626   20 CA     39.9626
   21 CA     39.9626   22 CA     39.9626   23 CA     39.9626   24 CA     39.9626
   25 CA     39.9626   26 CA     39.9626   27 CA     39.9626   28 CA     39.9626
   29 MG     23.9850   30 MG     23.9850   31 MG     23.9850   32 MG     23.9850
   33 MG     23.9850   34 MG     23.9850   35 MG     23.9850   36 MG     23.9850
   37 MG     23.9850   38 MG     23.9850   39 MG     23.9850   40 MG     23.9850
   41 MG     23.9850   42 MG     23.9850   43 MG     23.9850   44 MG     23.9850
   45 MG     23.9850   46 MG     23.9850   47 MG     23.9850   48 MG     23.9850
   49 MG     23.9850   50 MG     23.9850   51 MG     23.9850   52 MG     23.9850
   53 MG     23.9850   54 MG     23.9850   55 CA     39.9626   56 C      12.0000
   57 C      12.0000   58 C      12.0000   59 C      12.0000   60 C      12.0000
   61 C      12.0000   62 C      12.0000   63 C      12.0000   64 C      12.0000
   65 C      12.0000   66 C      12.0000   67 C      12.0000   68 C      12.0000
   69 C      12.0000   70 C      12.0000   71 C      12.0000   72 C      12.0000
   73 C      12.0000   74 C      12.0000   75 C      12.0000   76 C      12.0000
   77 C      12.0000   78 C      12.0000   79 C      12.0000   80 C      12.0000
   81 C      12.0000   82 CA     39.9626   83 C      12.0000   84 C      12.0000
   85 C      12.0000   86 C      12.0000   87 C      12.0000   88 C      12.0000
   89 C      12.0000   90 C      12.0000   91 C      12.0000   92 C      12.0000
   93 C      12.0000   94 C      12.0000   95 C      12.0000   96 C      12.0000
   97 C      12.0000   98 C      12.0000   99 C      12.0000  100 C      12.0000
  101 C      12.0000  102 C      12.0000  103 C      12.0000  104 C      12.0000
  105 C      12.0000  106 C      12.0000  107 C      12.0000  108 C      12.0000
  109 CA     39.9626  110 O      15.9949  111 O      15.9949  112 O      15.9949
  113 O      15.9949  114 O      15.9949  115 O      15.9949  116 O      15.9949
  117 O      15.9949  118 O      15.9949  119 O      15.9949  120 O      15.9949
  121 O      15.9949  122 O      15.9949  123 O      15.9949  124 O      15.9949
  125 O      15.9949  126 O      15.9949  127 O      15.9949  128 O      15.9949
  129 O      15.9949  130 O      15.9949  131 O      15.9949  132 O      15.9949
  133 O      15.9949  134 O      15.9949  135 O      15.9949  136 CA     39.9626
  137 O      15.9949  138 O      15.9949  139 O      15.9949  140 O      15.9949
  141 O      15.9949  142 O      15.9949  143 O      15.9949  144 O      15.9949
  145 O      15.9949  146 O      15.9949  147 O      15.9949  148 O      15.9949
  149 O      15.9949  150 O      15.9949  151 O      15.9949  152 O      15.9949
  153 O      15.9949  154 O      15.9949  155 O      15.9949  156 O      15.9949
  157 O      15.9949  158 O      15.9949  159 O      15.9949  160 O      15.9949
  161 O      15.9949  162 O      15.9949  163 CA     39.9626  164 O      15.9949
  165 O      15.9949  166 O      15.9949  167 O      15.9949  168 O      15.9949
  169 O      15.9949  170 O      15.9949  171 O      15.9949  172 O      15.9949
  173 O      15.9949  174 O      15.9949  175 O      15.9949  176 O      15.9949
  177 O      15.9949  178 O      15.9949  179 O      15.9949  180 O      15.9949
  181 O      15.9949  182 O      15.9949  183 O      15.9949  184 O      15.9949
  185 O      15.9949  186 O      15.9949  187 O      15.9949  188 O      15.9949
  189 O      15.9949  190 CA     39.9626  191 O      15.9949  192 O      15.9949
  193 O      15.9949  194 O      15.9949  195 O      15.9949  196 O      15.9949
  197 O      15.9949  198 O      15.9949  199 O      15.9949  200 O      15.9949
  201 O      15.9949  202 O      15.9949  203 O      15.9949  204 O      15.9949
  205 O      15.9949  206 O      15.9949  207 O      15.9949  208 O      15.9949
  209 O      15.9949  210 O      15.9949  211 O      15.9949  212 O      15.9949
  213 O      15.9949  214 O      15.9949  215 O      15.9949  216 O      15.9949
  217 CA     39.9626  218 O      15.9949  219 O      15.9949  220 O      15.9949
  221 O      15.9949  222 O      15.9949  223 O      15.9949  224 O      15.9949
  225 O      15.9949  226 O      15.9949  227 O      15.9949  228 O      15.9949
  229 O      15.9949  230 O      15.9949  231 O      15.9949  232 O      15.9949
  233 O      15.9949  234 O      15.9949  235 O      15.9949  236 O      15.9949
  237 O      15.9949  238 O      15.9949  239 O      15.9949  240 O      15.9949
  241 O      15.9949  242 O      15.9949  243 O      15.9949  244 CA     39.9626
  245 O      15.9949  246 O      15.9949  247 O      15.9949  248 O      15.9949
  249 O      15.9949  250 O      15.9949  251 O      15.9949  252 O      15.9949
  253 O      15.9949  254 O      15.9949  255 O      15.9949  256 O      15.9949
  257 O      15.9949  258 O      15.9949  259 O      15.9949  260 O      15.9949
  261 O      15.9949  262 O      15.9949  263 O      15.9949  264 O      15.9949
  265 O      15.9949  266 O      15.9949  267 O      15.9949  268 O      15.9949
  269 O      15.9949  270 O      15.9949
 *******************************************************************************
 *                                                                             *
 * LIST OF THE K POINTS USED FOF PHONON DISPERSION.                            *
 * IN THESE K POINTS THE DYNAMICAL MATRIX IS DIAGONALIZED                      *
 * AND THE RESULTING FREQUENCIES ARE USED FOR THERMODYNAMICS                   *
 *  K       WEIGHT       COORD                                                 *
 *      1         1.        0  0  0                                            *
 *      2         1.        0  0  1                                            *
 *      3         1.        0  0  2                                            *
 *      4         1.        0  1  0                                            *
 *      5         1.        0  1  1                                            *
 *      6         1.        0  1  2                                            *
 *      7         1.        0  2  0                                            *
 *      8         1.        0  2  1                                            *
 *      9         1.        0  2  2                                            *
 *     10         1.        1  0  0                                            *
 *     11         1.        1  0  1                                            *
 *     12         1.        1  0  2                                            *
 *     13         1.        1  1  0                                            *
 *     14         1.        1  1  1                                            *
 *     15         1.        1  1  2                                            *
 *     16         1.        1  2  0                                            *
 *     17         1.        1  2  1                                            *
 *     18         1.        1  2  2                                            *
 *     19         1.        2  0  0                                            *
 *     20         1.        2  0  1                                            *
 *     21         1.        2  0  2                                            *
 *     22         1.        2  1  0                                            *
 *     23         1.        2  1  1                                            *
 *     24         1.        2  1  2                                            *
 *     25         1.        2  2  0                                            *
 *     26         1.        2  2  1                                            *
 *     27         1.        2  2  2                                            *
 * WITH SHRINKING FACTORS: IS1 =     3 IS2 =     3 IS3 =     3                 *
 * AND RECIPROCAL LATTICE VECTORS:                                             *
 *       1.5252631   -0.0000000    0.4056860                                   *
 *      -0.7626316    1.3209166    0.4056860                                   *
 *      -0.7626316   -1.3209166    0.4056860                                   *
 *******************************************************************************

 INFORMATION CONCERNING THE SCF+GRADIENT CALCULATIONS REQUIRED FOR
 GENERATING FREQUENCIES. IN PRINCIPLE 3N+1 SCF + GRADIENT
 CALCULATIONS  ARE REQUIRED;
 FOR EACH OF THEM THE REMAINING POINT SYMMETRY IS INDICATED.
 POINT SYMMETRY PERMITS TO GENERATE GRADIENTS FOR DISPLACEMENT B 
 STARTING FROM THE GRADIENT GENERATED BY DISPLACEMENT A.

   N   LABEL SYMBOL DISPLACEMENT     SYM. 

   1     EQUILIBRIUM GEOMETRY            6

   2      1   CA           DX           1
   3      1   CA           DY        GENERATED FROM LINE X WITH OP   2
   4      1   CA           DZ           3
   5      2   MG           DX           1
   6      2   MG           DY        GENERATED FROM LINE X WITH OP   2
   7      2   MG           DZ           3
   8      3   C            DX           1
   9      3   C            DY        GENERATED FROM LINE X WITH OP   2
  10      3   C            DZ           1
  11      5   O            DX           1
  12      5   O            DY           1
  13      5   O            DZ           1
 USE OF RESIDUAL SYMMETRY AFTER DISPLACEMENT

 NUMERICAL GRADIENT COMPUTED WITH A SINGLE DISPLACEMENT (+DX) FOR EACH
 CARTESIAN COORDINATE WITH RESPECT TO THE EQUILIBRIUM CONFIGURATION
 DX=  0.003 ANGSTROM
 NUMBER OF IRREDUCIBLE ATOMS                     4
 NUMBER OF SCF+GRADIENT CALCULATIONS            10

  ATOM  SYMOP  ORDER
    1      6      6
    2      3      3
    3      1      1
    5      1      1

 ATOM  : IRREDUCIBLE ATOM
 SYMOP : NUMBER OF SYMMETRY OPERATORS THAT DOESN'T MOVE THE IRREDUCIBLE ATOM
 ORDER : MAXIMUM ORDER AMONG THE OPERATORS OF THE IRREDUCIBLE ATOM

 *******************************************************************************


 GCALCO - MAX INDICES DIRECT LATTICE VECTOR    14    14    14
 NO.OF VECTORS CREATED 6999 STARS  515 RMAX   312.85973 BOHR

 CAPPA:IS1  3;IS2  3;IS3  3; K PTS MONK NET   6; SYMMOPS:K SPACE   6;G SPACE   6

 TTTTTTTTTTTTTTTTTTTTTTTTTTTTTT gordsh1     TELAPSE       22.18 TCPU        3.88

 MATRIX SIZE: P(G)20748069, F(G) 3655179, P(G) IRR 1736577, F(G) IRR  614312
 MAX G-VECTOR INDEX FOR 1- AND 2-ELECTRON INTEGRALS 153

 TTTTTTTTTTTTTTTTTTTTTTTTTTTTTT INPUT       TELAPSE       24.14 TCPU        5.83

 SYMMETRY ALLOWED INTERNAL DEGREE(S) OF FREEDOM: 134
 TTTTTTTTTTTTTTTTTTTTTTTTTTTTTT SYMM        TELAPSE       24.17 TCPU        5.86
 TTTTTTTTTTTTTTTTTTTTTTTTTTTTTT INT_SCREEN  TELAPSE       24.51 TCPU        6.20
 WARNING **** EXCBUF **** EXCH. BIPO BUFFER TOO SMALL - TO AVOID I/O SET EXCHSIZE =    65992743

 DFT PARAMETERS

     ATOM       ELECTRONS   NET CHARGE   R(ANGSTROM)
   1  20  CA     20.0000      0.0000     1.97000000
   2  12  MG     12.0000      0.0000     1.60000000
   3   6  C       6.0000      0.0000     0.77000000
   5   8  O       8.0000      0.0000     0.74000000

 SIZE OF GRID=    1059321
 TTTTTTTTTTTTTTTTTTTTTTTTTTTTTT MAKE_GRID2  TELAPSE       41.28 TCPU       22.51
 BECKE WEIGHT FUNCTION
 RADSAFE =     2.00
 TOLERANCES - DENSITY:10**- 6; POTENTIAL:10**- 9; GRID WGT:10**-14

 RADIAL INTEGRATION  - INTERVALS (POINTS,UPPER LIMIT):            1( 75,  4.0*R)

 ANGULAR INTEGRATION - INTERVALS (ACCURACY LEVEL [N. POINTS] UPPER LIMIT):
  1(  4[  86]   0.2)  2(  8[ 194]   0.5)  3( 12[ 350]   0.9)  4( 16[ 974]   3.5)
  5( 12[ 350]9999.0)
 TTTTTTTTTTTTTTTTTTTTTTTTTTTTTT INT_CALC    TELAPSE       41.51 TCPU       22.74

 *******************************************************************************
 spectra with PBE0                                                               
 CRYSTAL - SCF - TYPE OF CALCULATION :  RESTRICTED CLOSED SHELL
 *******************************************************************************

 CAPPA:IS1  3;IS2  3;IS3  3; K PTS MONK NET   6; SYMMOPS:K SPACE   6;G SPACE   6

 TTTTTTTTTTTTTTTTTTTTTTTTTTTTTT SDIK        TELAPSE      726.74 TCPU      707.31

 AAAAAAAAAAAAAAAAAAAAAAAAAAAAAAAAAAAAAAAAAAAAAAAAAAAAAAAAAAAAAAAAAAAAAAAAAAAAAAA
         ATOMIC WAVEFUNCTION(S)


 NUCLEAR CHARGE 20.0  SYMMETRY SPECIES            S    P
 N. ELECTRONS   20.0  NUMBER OF PRIMITIVE GTOS   21   13
                      NUMBER OF CONTRACTED GTOS   5    4
                      NUMBER OF CLOSED SHELLS     4    2
                      OPEN SHELL OCCUPATION       0    0

  ZNUC  SCFIT    TOTAL HF ENERGY   KINETIC ENERGY   VIRIAL THEOREM ACCURACY
  20.0     7    -6.759945013E+02  6.789840598E+02 -1.995597012E+00  3.2E-06

 NUCLEAR CHARGE 12.0  SYMMETRY SPECIES            S    P
 N. ELECTRONS   12.0  NUMBER OF PRIMITIVE GTOS   15    7
                      NUMBER OF CONTRACTED GTOS   4    3
                      NUMBER OF CLOSED SHELLS     3    1
                      OPEN SHELL OCCUPATION       0    0

  ZNUC  SCFIT    TOTAL HF ENERGY   KINETIC ENERGY   VIRIAL THEOREM ACCURACY
  12.0    10    -1.991550455E+02  2.010842408E+02 -1.990406034E+00  2.1E-06

 NUCLEAR CHARGE  6.0  SYMMETRY SPECIES            S    P
 N. ELECTRONS    6.0  NUMBER OF PRIMITIVE GTOS   11    5
                      NUMBER OF CONTRACTED GTOS   4    3
                      NUMBER OF CLOSED SHELLS     2    0
                      OPEN SHELL OCCUPATION       0    2

  ZNUC  SCFIT    TOTAL HF ENERGY   KINETIC ENERGY   VIRIAL THEOREM ACCURACY
   6.0    11    -3.768480057E+01  3.769831118E+01 -1.999641612E+00  2.0E-06

 NUCLEAR CHARGE  8.0  SYMMETRY SPECIES            S    P
 N. ELECTRONS    8.0  NUMBER OF PRIMITIVE GTOS   14    6
                      NUMBER OF CONTRACTED GTOS   4    3
                      NUMBER OF CLOSED SHELLS     2    0
                      OPEN SHELL OCCUPATION       0    4

  ZNUC  SCFIT    TOTAL HF ENERGY   KINETIC ENERGY   VIRIAL THEOREM ACCURACY
   8.0    13    -7.480044816E+01  7.461868841E+01 -2.002435848E+00  2.7E-06

 AAAAAAAAAAAAAAAAAAAAAAAAAAAAAAAAAAAAAAAAAAAAAAAAAAAAAAAAAAAAAAAAAAAAAAAAAAAAAAA

 TTTTTTTTTTTTTTTTTTTTTTTTTTTTTT MOQGAD      TELAPSE      727.07 TCPU      707.63
 TTTTTTTTTTTTTTTTTTTTTTTTTTTTTT SHELLXN     TELAPSE     1312.99 TCPU     1292.56
 TTTTTTTTTTTTTTTTTTTTTTTTTTTTTT MONMO3      TELAPSE     1324.86 TCPU     1304.42
 NUMERICALLY INTEGRATED DENSITY   2484.0087756337
 TTTTTTTTTTTTTTTTTTTTTTTTTTTTTT NUMDFT      TELAPSE     1341.14 TCPU     1320.66
 CYC   0 ETOT(AU) -3.793510537917E+04 DETOT -3.79E+04 tst  0.00E+00 PX  1.00E+00
 TTTTTTTTTTTTTTTTTTTTTTTTTTTTTT DIIS        TELAPSE     1343.48 TCPU     1322.99
 TTTTTTTTTTTTTTTTTTTTTTTTTTTTTT FDIK        TELAPSE    14625.08 TCPU    14591.62
 INSULATING STATE
 TOP OF VALENCE BANDS -    BAND   1242; K    4; EIG -3.3911686E-01 AU
 TOP OF VALENCE BANDS -    BAND   1242; K    1; EIG -3.4054016E-01 AU
 BOTTOM OF VIRTUAL BANDS - BAND   1243; K    1; EIG -4.2877543E-02 AU
 INDIRECT ENERGY BAND GAP:   8.0611 eV
 TTTTTTTTTTTTTTTTTTTTTTTTTTTTTT PDIG        TELAPSE    14775.66 TCPU    14742.04
 TTTTTTTTTTTTTTTTTTTTTTTTTTTTTT MOQGAD      TELAPSE    14775.96 TCPU    14742.34
 TTTTTTTTTTTTTTTTTTTTTTTTTTTTTT SHELLXN     TELAPSE    15410.41 TCPU    15375.73
 TTTTTTTTTTTTTTTTTTTTTTTTTTTTTT MONMO3      TELAPSE    15422.27 TCPU    15387.57
 NUMERICALLY INTEGRATED DENSITY   2484.0064786288
 TTTTTTTTTTTTTTTTTTTTTTTTTTTTTT NUMDFT      TELAPSE    15438.09 TCPU    15403.35
 CYC   1 ETOT(AU) -3.792788722567E+04 DETOT  7.22E+00 tst  0.00E+00 PX  1.00E+00
 TTTTTTTTTTTTTTTTTTTTTTTTTTTTTT DIIS        TELAPSE    15447.09 TCPU    15412.34
 DIIS TEST: 0.59172E+02 AT SCF   CYCLE   1 - MIX   30 %
 TTTTTTTTTTTTTTTTTTTTTTTTTTTTTT FDIK        TELAPSE    16799.46 TCPU    16763.39
 INSULATING STATE
 TOP OF VALENCE BANDS -    BAND   1242; K    4; EIG -1.6025485E-01 AU
 TOP OF VALENCE BANDS -    BAND   1242; K    1; EIG -1.6221763E-01 AU
 BOTTOM OF VIRTUAL BANDS - BAND   1243; K    5; EIG  7.1021171E-02 AU
 INDIRECT ENERGY BAND GAP:   6.2933 eV
 BOTTOM OF VIRTUAL BANDS - BAND   1243; K    1; EIG  7.4802402E-02 AU
 TTTTTTTTTTTTTTTTTTTTTTTTTTTTTT PDIG        TELAPSE    16950.08 TCPU    16913.86
 TTTTTTTTTTTTTTTTTTTTTTTTTTTTTT MOQGAD      TELAPSE    16950.38 TCPU    16914.16
 TTTTTTTTTTTTTTTTTTTTTTTTTTTTTT SHELLXN     TELAPSE    17584.23 TCPU    17546.94
 TTTTTTTTTTTTTTTTTTTTTTTTTTTTTT MONMO3      TELAPSE    17596.09 TCPU    17558.79
 NUMERICALLY INTEGRATED DENSITY   2484.0082223732
 TTTTTTTTTTTTTTTTTTTTTTTTTTTTTT NUMDFT      TELAPSE    17611.81 TCPU    17574.48
 CYC   2 ETOT(AU) -3.793412031489E+04 DETOT -6.23E+00 tst  1.02E-02 PX  1.72E-01
 TTTTTTTTTTTTTTTTTTTTTTTTTTTTTT DIIS        TELAPSE    17620.97 TCPU    17583.63
 DIIS TEST: 0.25595E+02 AT SCF   CYCLE   2 - DIIS ACTIVE - HISTORY:     2 CYCLES
 TTTTTTTTTTTTTTTTTTTTTTTTTTTTTT FDIK        TELAPSE    19038.68 TCPU    18999.94
 INSULATING STATE
 TOP OF VALENCE BANDS -    BAND   1242; K    4; EIG -2.1373156E-01 AU
 TOP OF VALENCE BANDS -    BAND   1242; K    1; EIG -2.1544729E-01 AU
 BOTTOM OF VIRTUAL BANDS - BAND   1243; K    5; EIG  8.7056562E-02 AU
 INDIRECT ENERGY BAND GAP:   8.1849 eV
 BOTTOM OF VIRTUAL BANDS - BAND   1243; K    1; EIG  8.7746527E-02 AU
 TTTTTTTTTTTTTTTTTTTTTTTTTTTTTT PDIG        TELAPSE    19189.08 TCPU    19150.20
 TTTTTTTTTTTTTTTTTTTTTTTTTTTTTT MOQGAD      TELAPSE    19189.38 TCPU    19150.50
 TTTTTTTTTTTTTTTTTTTTTTTTTTTTTT SHELLXN     TELAPSE    19824.17 TCPU    19784.24
 TTTTTTTTTTTTTTTTTTTTTTTTTTTTTT MONMO3      TELAPSE    19836.03 TCPU    19796.08
 NUMERICALLY INTEGRATED DENSITY   2484.0075316850
 TTTTTTTTTTTTTTTTTTTTTTTTTTTTTT NUMDFT      TELAPSE    19851.80 TCPU    19811.82
 CYC   3 ETOT(AU) -3.793721854866E+04 DETOT -3.10E+00 tst  3.01E-03 PX  7.66E-02
 TTTTTTTTTTTTTTTTTTTTTTTTTTTTTT DIIS        TELAPSE    19860.96 TCPU    19820.96
 DIIS TEST: 0.98563E+00 AT SCF   CYCLE   3 - DIIS ACTIVE - HISTORY:     3 CYCLES
 TTTTTTTTTTTTTTTTTTTTTTTTTTTTTT FDIK        TELAPSE    21259.63 TCPU    21218.26
 INSULATING STATE
 TOP OF VALENCE BANDS -    BAND   1242; K    4; EIG -2.2268143E-01 AU
 TOP OF VALENCE BANDS -    BAND   1242; K    1; EIG -2.2439406E-01 AU
 BOTTOM OF VIRTUAL BANDS - BAND   1243; K    5; EIG  7.3663700E-02 AU
 INDIRECT ENERGY BAND GAP:   8.0640 eV
 BOTTOM OF VIRTUAL BANDS - BAND   1243; K    1; EIG  7.4963587E-02 AU
 TTTTTTTTTTTTTTTTTTTTTTTTTTTTTT PDIG        TELAPSE    21409.91 TCPU    21368.39
 TTTTTTTTTTTTTTTTTTTTTTTTTTTTTT MOQGAD      TELAPSE    21410.21 TCPU    21368.70
 TTTTTTTTTTTTTTTTTTTTTTTTTTTTTT SHELLXN     TELAPSE    22044.97 TCPU    22002.40
 TTTTTTTTTTTTTTTTTTTTTTTTTTTTTT MONMO3      TELAPSE    22056.83 TCPU    22014.25
 NUMERICALLY INTEGRATED DENSITY   2484.0074682982
 TTTTTTTTTTTTTTTTTTTTTTTTTTTTTT NUMDFT      TELAPSE    22072.59 TCPU    22029.97
 CYC   4 ETOT(AU) -3.793733103187E+04 DETOT -1.12E-01 tst  9.20E-05 PX  2.00E-02
 TTTTTTTTTTTTTTTTTTTTTTTTTTTTTT DIIS        TELAPSE    22081.73 TCPU    22039.11
 DIIS TEST: 0.20018E-01 AT SCF   CYCLE   4 - DIIS ACTIVE - HISTORY:     4 CYCLES
 TTTTTTTTTTTTTTTTTTTTTTTTTTTTTT FDIK        TELAPSE    23862.72 TCPU    23818.35
 INSULATING STATE
 TOP OF VALENCE BANDS -    BAND   1242; K    4; EIG -2.2183622E-01 AU
 TOP OF VALENCE BANDS -    BAND   1242; K    1; EIG -2.2355219E-01 AU
 BOTTOM OF VIRTUAL BANDS - BAND   1243; K    5; EIG  7.5338333E-02 AU
 INDIRECT ENERGY BAND GAP:   8.0865 eV
 BOTTOM OF VIRTUAL BANDS - BAND   1243; K    1; EIG  7.6538360E-02 AU
 TTTTTTTTTTTTTTTTTTTTTTTTTTTTTT PDIG        TELAPSE    24013.10 TCPU    23968.58
 TTTTTTTTTTTTTTTTTTTTTTTTTTTTTT MOQGAD      TELAPSE    24013.40 TCPU    23968.88
 TTTTTTTTTTTTTTTTTTTTTTTTTTTTTT SHELLXN     TELAPSE    24647.77 TCPU    24602.18
 TTTTTTTTTTTTTTTTTTTTTTTTTTTTTT MONMO3      TELAPSE    24659.62 TCPU    24614.03
 NUMERICALLY INTEGRATED DENSITY   2484.0074706715
 TTTTTTTTTTTTTTTTTTTTTTTTTTTTTT NUMDFT      TELAPSE    24675.43 TCPU    24629.81
 CYC   5 ETOT(AU) -3.793733318756E+04 DETOT -2.16E-03 tst  4.80E-07 PX  2.19E-03
 TTTTTTTTTTTTTTTTTTTTTTTTTTTTTT DIIS        TELAPSE    24684.88 TCPU    24639.24
 DIIS TEST: 0.80318E-03 AT SCF   CYCLE   5 - DIIS ACTIVE - HISTORY:     5 CYCLES
 TTTTTTTTTTTTTTTTTTTTTTTTTTTTTT FDIK        TELAPSE    26606.56 TCPU    26559.04
 INSULATING STATE
 TOP OF VALENCE BANDS -    BAND   1242; K    4; EIG -2.2200977E-01 AU
 TOP OF VALENCE BANDS -    BAND   1242; K    1; EIG -2.2372401E-01 AU
 BOTTOM OF VIRTUAL BANDS - BAND   1243; K    5; EIG  7.5352493E-02 AU
 INDIRECT ENERGY BAND GAP:   8.0916 eV
 BOTTOM OF VIRTUAL BANDS - BAND   1243; K    1; EIG  7.6536955E-02 AU
 TTTTTTTTTTTTTTTTTTTTTTTTTTTTTT PDIG        TELAPSE    26756.81 TCPU    26709.14
 TTTTTTTTTTTTTTTTTTTTTTTTTTTTTT MOQGAD      TELAPSE    26757.11 TCPU    26709.44
 TTTTTTTTTTTTTTTTTTTTTTTTTTTTTT SHELLXN     TELAPSE    27391.89 TCPU    27343.17
 TTTTTTTTTTTTTTTTTTTTTTTTTTTTTT MONMO3      TELAPSE    27403.75 TCPU    27355.01
 NUMERICALLY INTEGRATED DENSITY   2484.0074725033
 TTTTTTTTTTTTTTTTTTTTTTTTTTTTTT NUMDFT      TELAPSE    27419.48 TCPU    27370.70
 CYC   6 ETOT(AU) -3.793733326395E+04 DETOT -7.64E-05 tst  6.10E-08 PX  5.73E-04
 TTTTTTTTTTTTTTTTTTTTTTTTTTTTTT DIIS        TELAPSE    27428.77 TCPU    27379.98
 DIIS TEST: 0.25966E-03 AT SCF   CYCLE   6 - DIIS ACTIVE - HISTORY:     6 CYCLES
 TTTTTTTTTTTTTTTTTTTTTTTTTTTTTT FDIK        TELAPSE    29770.27 TCPU    29719.19
 INSULATING STATE
 TOP OF VALENCE BANDS -    BAND   1242; K    4; EIG -2.2196234E-01 AU
 TOP OF VALENCE BANDS -    BAND   1242; K    1; EIG -2.2367691E-01 AU
 BOTTOM OF VIRTUAL BANDS - BAND   1243; K    5; EIG  7.5386989E-02 AU
 INDIRECT ENERGY BAND GAP:   8.0913 eV
 BOTTOM OF VIRTUAL BANDS - BAND   1243; K    1; EIG  7.6573688E-02 AU
 TTTTTTTTTTTTTTTTTTTTTTTTTTTTTT PDIG        TELAPSE    29920.67 TCPU    29869.45
 TTTTTTTTTTTTTTTTTTTTTTTTTTTTTT MOQGAD      TELAPSE    29920.97 TCPU    29869.74
 TTTTTTTTTTTTTTTTTTTTTTTTTTTTTT SHELLXN     TELAPSE    30555.76 TCPU    30503.47
 TTTTTTTTTTTTTTTTTTTTTTTTTTTTTT MONMO3      TELAPSE    30567.62 TCPU    30515.31
 NUMERICALLY INTEGRATED DENSITY   2484.0074708380
 TTTTTTTTTTTTTTTTTTTTTTTTTTTTTT NUMDFT      TELAPSE    30583.48 TCPU    30531.14
 CYC   7 ETOT(AU) -3.793733329492E+04 DETOT -3.10E-05 tst  1.50E-08 PX  2.40E-04
 TTTTTTTTTTTTTTTTTTTTTTTTTTTTTT DIIS        TELAPSE    30592.95 TCPU    30540.60
 DIIS TEST: 0.30841E-04 AT SCF   CYCLE   7 - DIIS ACTIVE - HISTORY:     7 CYCLES
 TTTTTTTTTTTTTTTTTTTTTTTTTTTTTT FDIK        TELAPSE    32410.31 TCPU    32356.17
 INSULATING STATE
 TOP OF VALENCE BANDS -    BAND   1242; K    4; EIG -2.2196622E-01 AU
 TOP OF VALENCE BANDS -    BAND   1242; K    1; EIG -2.2368047E-01 AU
 BOTTOM OF VIRTUAL BANDS - BAND   1243; K    5; EIG  7.5386807E-02 AU
 INDIRECT ENERGY BAND GAP:   8.0914 eV
 BOTTOM OF VIRTUAL BANDS - BAND   1243; K    1; EIG  7.6572365E-02 AU
 TTTTTTTTTTTTTTTTTTTTTTTTTTTTTT PDIG        TELAPSE    32560.65 TCPU    32506.36
 TTTTTTTTTTTTTTTTTTTTTTTTTTTTTT MOQGAD      TELAPSE    32560.95 TCPU    32506.66
 TTTTTTTTTTTTTTTTTTTTTTTTTTTTTT SHELLXN     TELAPSE    33195.31 TCPU    33139.98
 TTTTTTTTTTTTTTTTTTTTTTTTTTTTTT MONMO3      TELAPSE    33207.18 TCPU    33151.82
 NUMERICALLY INTEGRATED DENSITY   2484.0074713665
 TTTTTTTTTTTTTTTTTTTTTTTTTTTTTT NUMDFT      TELAPSE    33222.96 TCPU    33167.58
 CYC   8 ETOT(AU) -3.793733329564E+04 DETOT -7.22E-07 tst  9.22E-10 PX  7.85E-05
 TTTTTTTTTTTTTTTTTTTTTTTTTTTTTT DIIS        TELAPSE    33232.40 TCPU    33177.01
 DIIS TEST: 0.10355E-04 AT SCF   CYCLE   8 - DIIS ACTIVE - HISTORY:     8 CYCLES
 TTTTTTTTTTTTTTTTTTTTTTTTTTTTTT FDIK        TELAPSE    35546.96 TCPU    35489.30
 INSULATING STATE
 TOP OF VALENCE BANDS -    BAND   1242; K    4; EIG -2.2196891E-01 AU
 TOP OF VALENCE BANDS -    BAND   1242; K    1; EIG -2.2368331E-01 AU
 BOTTOM OF VIRTUAL BANDS - BAND   1243; K    5; EIG  7.5384066E-02 AU
 INDIRECT ENERGY BAND GAP:   8.0914 eV
 BOTTOM OF VIRTUAL BANDS - BAND   1243; K    1; EIG  7.6569556E-02 AU
 TTTTTTTTTTTTTTTTTTTTTTTTTTTTTT PDIG        TELAPSE    35697.38 TCPU    35639.57
 TTTTTTTTTTTTTTTTTTTTTTTTTTTTTT MOQGAD      TELAPSE    35697.68 TCPU    35639.86
 TTTTTTTTTTTTTTTTTTTTTTTTTTTTTT SHELLXN     TELAPSE    36332.46 TCPU    36273.58
 TTTTTTTTTTTTTTTTTTTTTTTTTTTTTT MONMO3      TELAPSE    36344.31 TCPU    36285.42
 NUMERICALLY INTEGRATED DENSITY   2484.0074712150
 TTTTTTTTTTTTTTTTTTTTTTTTTTTTTT NUMDFT      TELAPSE    36360.03 TCPU    36301.10
 CYC   9 ETOT(AU) -3.793733329789E+04 DETOT -2.25E-06 tst  5.85E-11 PX  4.16E-05
 TTTTTTTTTTTTTTTTTTTTTTTTTTTTTT DIIS        TELAPSE    36369.66 TCPU    36310.73
 DIIS TEST: 0.18776E-05 AT SCF   CYCLE   9 - DIIS ACTIVE - HISTORY:     9 CYCLES
 TTTTTTTTTTTTTTTTTTTTTTTTTTTTTT FDIK        TELAPSE    37958.52 TCPU    37898.02
 INSULATING STATE
 TOP OF VALENCE BANDS -    BAND   1242; K    4; EIG -2.2196758E-01 AU
 TOP OF VALENCE BANDS -    BAND   1242; K    1; EIG -2.2368205E-01 AU
 BOTTOM OF VIRTUAL BANDS - BAND   1243; K    5; EIG  7.5385340E-02 AU
 INDIRECT ENERGY BAND GAP:   8.0914 eV
 BOTTOM OF VIRTUAL BANDS - BAND   1243; K    1; EIG  7.6570982E-02 AU
 TTTTTTTTTTTTTTTTTTTTTTTTTTTTTT PDIG        TELAPSE    38108.99 TCPU    38048.35
 TTTTTTTTTTTTTTTTTTTTTTTTTTTTTT MOQGAD      TELAPSE    38109.29 TCPU    38048.65
 TTTTTTTTTTTTTTTTTTTTTTTTTTTTTT SHELLXN     TELAPSE    38743.65 TCPU    38681.96
 TTTTTTTTTTTTTTTTTTTTTTTTTTTTTT MONMO3      TELAPSE    38755.51 TCPU    38693.80
 NUMERICALLY INTEGRATED DENSITY   2484.0074712601
 TTTTTTTTTTTTTTTTTTTTTTTTTTTTTT NUMDFT      TELAPSE    38771.26 TCPU    38709.52
 CYC  10 ETOT(AU) -3.793733329772E+04 DETOT  1.73E-07 tst  5.98E-12 PX  2.20E-05
 TTTTTTTTTTTTTTTTTTTTTTTTTTTTTT DIIS        TELAPSE    38781.10 TCPU    38719.35
 DIIS TEST: 0.13603E-05 AT SCF   CYCLE  10 - DIIS ACTIVE - HISTORY:    10 CYCLES
 TTTTTTTTTTTTTTTTTTTTTTTTTTTTTT FDIK        TELAPSE    41456.92 TCPU    41392.54
 INSULATING STATE
 TOP OF VALENCE BANDS -    BAND   1242; K    4; EIG -2.2196813E-01 AU
 TOP OF VALENCE BANDS -    BAND   1242; K    1; EIG -2.2368258E-01 AU
 BOTTOM OF VIRTUAL BANDS - BAND   1243; K    5; EIG  7.5384808E-02 AU
 INDIRECT ENERGY BAND GAP:   8.0914 eV
 BOTTOM OF VIRTUAL BANDS - BAND   1243; K    1; EIG  7.6570345E-02 AU
 TTTTTTTTTTTTTTTTTTTTTTTTTTTTTT PDIG        TELAPSE    41607.39 TCPU    41542.87
 TTTTTTTTTTTTTTTTTTTTTTTTTTTTTT MOQGAD      TELAPSE    41607.69 TCPU    41543.17
 TTTTTTTTTTTTTTTTTTTTTTTTTTTTTT SHELLXN     TELAPSE    42242.44 TCPU    42176.86
 TTTTTTTTTTTTTTTTTTTTTTTTTTTTTT MONMO3      TELAPSE    42254.29 TCPU    42188.69
 NUMERICALLY INTEGRATED DENSITY   2484.0074712570
 TTTTTTTTTTTTTTTTTTTTTTTTTTTTTT NUMDFT      TELAPSE    42270.05 TCPU    42204.42
 CYC  11 ETOT(AU) -3.793733329798E+04 DETOT -2.65E-07 tst  2.98E-12 PX  2.22E-05
 TTTTTTTTTTTTTTTTTTTTTTTTTTTTTT DIIS        TELAPSE    42279.95 TCPU    42214.31
 DIIS TEST: 0.19897E-06 AT SCF   CYCLE  11 - DIIS ACTIVE - HISTORY:    11 CYCLES
 TTTTTTTTTTTTTTTTTTTTTTTTTTTTTT FDIK        TELAPSE    43889.73 TCPU    43822.52
 INSULATING STATE
 TOP OF VALENCE BANDS -    BAND   1242; K    4; EIG -2.2196808E-01 AU
 TOP OF VALENCE BANDS -    BAND   1242; K    1; EIG -2.2368245E-01 AU
 BOTTOM OF VIRTUAL BANDS - BAND   1243; K    5; EIG  7.5384844E-02 AU
 INDIRECT ENERGY BAND GAP:   8.0914 eV
 BOTTOM OF VIRTUAL BANDS - BAND   1243; K    1; EIG  7.6570288E-02 AU
 TTTTTTTTTTTTTTTTTTTTTTTTTTTTTT PDIG        TELAPSE    44040.17 TCPU    43972.80
 TTTTTTTTTTTTTTTTTTTTTTTTTTTTTT MOQGAD      TELAPSE    44040.47 TCPU    43973.10
 TTTTTTTTTTTTTTTTTTTTTTTTTTTTTT SHELLXN     TELAPSE    44675.22 TCPU    44606.80
 TTTTTTTTTTTTTTTTTTTTTTTTTTTTTT MONMO3      TELAPSE    44687.06 TCPU    44618.63
 NUMERICALLY INTEGRATED DENSITY   2484.0074712589
 TTTTTTTTTTTTTTTTTTTTTTTTTTTTTT NUMDFT      TELAPSE    44702.80 TCPU    44634.34
 CYC  12 ETOT(AU) -3.793733329795E+04 DETOT  3.17E-08 tst  1.06E-12 PX  7.27E-06
 TTTTTTTTTTTTTTTTTTTTTTTTTTTTTT DIIS        TELAPSE    44712.55 TCPU    44644.07
 DIIS TEST: 0.19832E-06 AT SCF   CYCLE  12 - DIIS ACTIVE - HISTORY:    12 CYCLES
 TTTTTTTTTTTTTTTTTTTTTTTTTTTTTT FDIK        TELAPSE    47627.50 TCPU    47556.16
 INSULATING STATE
 TOP OF VALENCE BANDS -    BAND   1242; K    4; EIG -2.2196808E-01 AU
 TOP OF VALENCE BANDS -    BAND   1242; K    1; EIG -2.2368245E-01 AU
 BOTTOM OF VIRTUAL BANDS - BAND   1243; K    5; EIG  7.5384847E-02 AU
 INDIRECT ENERGY BAND GAP:   8.0914 eV
 BOTTOM OF VIRTUAL BANDS - BAND   1243; K    1; EIG  7.6570283E-02 AU
 TTTTTTTTTTTTTTTTTTTTTTTTTTTTTT PDIG        TELAPSE    47777.86 TCPU    47706.38
 TTTTTTTTTTTTTTTTTTTTTTTTTTTTTT MOQGAD      TELAPSE    47778.16 TCPU    47706.68
 TTTTTTTTTTTTTTTTTTTTTTTTTTTTTT SHELLXN     TELAPSE    48412.90 TCPU    48340.36
 TTTTTTTTTTTTTTTTTTTTTTTTTTTTTT MONMO3      TELAPSE    48424.75 TCPU    48352.19
 NUMERICALLY INTEGRATED DENSITY   2484.0074712608
 TTTTTTTTTTTTTTTTTTTTTTTTTTTTTT NUMDFT      TELAPSE    48440.45 TCPU    48367.86
 CYC  13 ETOT(AU) -3.793733329797E+04 DETOT -1.32E-08 tst  3.60E-13 PX  1.02E-05
 TTTTTTTTTTTTTTTTTTTTTTTTTTTTTT DIIS        TELAPSE    48450.42 TCPU    48377.82
 DIIS TEST: 0.10922E-07 AT SCF   CYCLE  13 - DIIS ACTIVE - HISTORY:    13 CYCLES
 TTTTTTTTTTTTTTTTTTTTTTTTTTTTTT FDIK        TELAPSE    50060.25 TCPU    49986.07
 INSULATING STATE
 TOP OF VALENCE BANDS -    BAND   1242; K    4; EIG -2.2196808E-01 AU
 TOP OF VALENCE BANDS -    BAND   1242; K    1; EIG -2.2368249E-01 AU
 BOTTOM OF VIRTUAL BANDS - BAND   1243; K    5; EIG  7.5384822E-02 AU
 INDIRECT ENERGY BAND GAP:   8.0914 eV
 BOTTOM OF VIRTUAL BANDS - BAND   1243; K    1; EIG  7.6570283E-02 AU
 TTTTTTTTTTTTTTTTTTTTTTTTTTTTTT PDIG        TELAPSE    50210.67 TCPU    50136.33
 TTTTTTTTTTTTTTTTTTTTTTTTTTTTTT MOQGAD      TELAPSE    50210.97 TCPU    50136.63
 TTTTTTTTTTTTTTTTTTTTTTTTTTTTTT SHELLXN     TELAPSE    50845.10 TCPU    50769.72
 TTTTTTTTTTTTTTTTTTTTTTTTTTTTTT MONMO3      TELAPSE    50856.95 TCPU    50781.56
 NUMERICALLY INTEGRATED DENSITY   2484.0074712602
 TTTTTTTTTTTTTTTTTTTTTTTTTTTTTT NUMDFT      TELAPSE    50872.63 TCPU    50797.20
 CYC  14 ETOT(AU) -3.793733329796E+04 DETOT  7.91E-09 tst  1.41E-13 PX  1.94E-06
 TTTTTTTTTTTTTTTTTTTTTTTTTTTTTT DIIS        TELAPSE    50882.61 TCPU    50807.17
 DIIS TEST: 0.10171E-07 AT SCF   CYCLE  14 - DIIS ACTIVE - HISTORY:    14 CYCLES
 TTTTTTTTTTTTTTTTTTTTTTTTTTTTTT FDIK        TELAPSE    53011.69 TCPU    52934.14
 INSULATING STATE
 TOP OF VALENCE BANDS -    BAND   1242; K    4; EIG -2.2196808E-01 AU
 TOP OF VALENCE BANDS -    BAND   1242; K    1; EIG -2.2368249E-01 AU
 BOTTOM OF VIRTUAL BANDS - BAND   1243; K    5; EIG  7.5384822E-02 AU
 INDIRECT ENERGY BAND GAP:   8.0914 eV
 BOTTOM OF VIRTUAL BANDS - BAND   1243; K    1; EIG  7.6570273E-02 AU
 TTTTTTTTTTTTTTTTTTTTTTTTTTTTTT PDIG        TELAPSE    53162.09 TCPU    53084.39
 TTTTTTTTTTTTTTTTTTTTTTTTTTTTTT MOQGAD      TELAPSE    53162.39 TCPU    53084.69
 TTTTTTTTTTTTTTTTTTTTTTTTTTTTTT SHELLXN     TELAPSE    53796.93 TCPU    53718.18
 TTTTTTTTTTTTTTTTTTTTTTTTTTTTTT MONMO3      TELAPSE    53808.78 TCPU    53730.01
 NUMERICALLY INTEGRATED DENSITY   2484.0074712600
 TTTTTTTTTTTTTTTTTTTTTTTTTTTTTT NUMDFT      TELAPSE    53824.50 TCPU    53745.70
 CYC  15 ETOT(AU) -3.793733329796E+04 DETOT  2.13E-09 tst  3.11E-14 PX  4.84E-06
 TTTTTTTTTTTTTTTTTTTTTTTTTTTTTT DIIS        TELAPSE    53834.74 TCPU    53755.93
 DIIS TEST: 0.62841E-08 AT SCF   CYCLE  15 - DIIS ACTIVE - HISTORY:    15 CYCLES
 TTTTTTTTTTTTTTTTTTTTTTTTTTTTTT FDIK        TELAPSE    55342.28 TCPU    55262.00
 INSULATING STATE
 TOP OF VALENCE BANDS -    BAND   1242; K    4; EIG -2.2196808E-01 AU
 TOP OF VALENCE BANDS -    BAND   1242; K    1; EIG -2.2368246E-01 AU
 BOTTOM OF VIRTUAL BANDS - BAND   1243; K    5; EIG  7.5384817E-02 AU
 INDIRECT ENERGY BAND GAP:   8.0914 eV
 BOTTOM OF VIRTUAL BANDS - BAND   1243; K    1; EIG  7.6570213E-02 AU
 TTTTTTTTTTTTTTTTTTTTTTTTTTTTTT PDIG        TELAPSE    55492.68 TCPU    55412.25
 TTTTTTTTTTTTTTTTTTTTTTTTTTTTTT MOQGAD      TELAPSE    55492.98 TCPU    55412.54
 TTTTTTTTTTTTTTTTTTTTTTTTTTTTTT SHELLXN     TELAPSE    56127.04 TCPU    56045.55
 TTTTTTTTTTTTTTTTTTTTTTTTTTTTTT MONMO3      TELAPSE    56138.88 TCPU    56057.39
 NUMERICALLY INTEGRATED DENSITY   2484.0074712606
 TTTTTTTTTTTTTTTTTTTTTTTTTTTTTT NUMDFT      TELAPSE    56154.60 TCPU    56073.06
 CYC  16 ETOT(AU) -3.793733329795E+04 DETOT  7.33E-09 tst  6.49E-14 PX  1.88E-06
 TTTTTTTTTTTTTTTTTTTTTTTTTTTTTT DIIS        TELAPSE    56164.91 TCPU    56083.36
 DIIS TEST: 0.59884E-08 AT SCF   CYCLE  16 - DIIS ACTIVE - HISTORY:    16 CYCLES
 TTTTTTTTTTTTTTTTTTTTTTTTTTTTTT FDIK        TELAPSE    58330.30 TCPU    58246.63
 INSULATING STATE
 TOP OF VALENCE BANDS -    BAND   1242; K    4; EIG -2.2196808E-01 AU
 TOP OF VALENCE BANDS -    BAND   1242; K    1; EIG -2.2368246E-01 AU
 BOTTOM OF VIRTUAL BANDS - BAND   1243; K    5; EIG  7.5384814E-02 AU
 INDIRECT ENERGY BAND GAP:   8.0914 eV
 BOTTOM OF VIRTUAL BANDS - BAND   1243; K    1; EIG  7.6570213E-02 AU
 TTTTTTTTTTTTTTTTTTTTTTTTTTTTTT PDIG        TELAPSE    58480.50 TCPU    58396.68
 TTTTTTTTTTTTTTTTTTTTTTTTTTTTTT MOQGAD      TELAPSE    58480.80 TCPU    58396.98
 TTTTTTTTTTTTTTTTTTTTTTTTTTTTTT SHELLXN     TELAPSE    59114.89 TCPU    59030.02
 TTTTTTTTTTTTTTTTTTTTTTTTTTTTTT MONMO3      TELAPSE    59126.74 TCPU    59041.85
 NUMERICALLY INTEGRATED DENSITY   2484.0074712608
 TTTTTTTTTTTTTTTTTTTTTTTTTTTTTT NUMDFT      TELAPSE    59142.34 TCPU    59057.43
 CYC  17 ETOT(AU) -3.793733329795E+04 DETOT -7.28E-10 tst  1.90E-14 PX  2.22E-06
 TTTTTTTTTTTTTTTTTTTTTTTTTTTTTT DIIS        TELAPSE    59152.59 TCPU    59067.66
 DIIS TEST: 0.20588E-08 AT SCF   CYCLE  17 - DIIS ACTIVE - HISTORY:    17 CYCLES
 TTTTTTTTTTTTTTTTTTTTTTTTTTTTTT FDIK        TELAPSE    60716.79 TCPU    60629.97
 INSULATING STATE
 TOP OF VALENCE BANDS -    BAND   1242; K    4; EIG -2.2196808E-01 AU
 TOP OF VALENCE BANDS -    BAND   1242; K    1; EIG -2.2368247E-01 AU
 BOTTOM OF VIRTUAL BANDS - BAND   1243; K    5; EIG  7.5384805E-02 AU
 INDIRECT ENERGY BAND GAP:   8.0914 eV
 BOTTOM OF VIRTUAL BANDS - BAND   1243; K    1; EIG  7.6570220E-02 AU
 TTTTTTTTTTTTTTTTTTTTTTTTTTTTTT PDIG        TELAPSE    60867.06 TCPU    60779.95
 TTTTTTTTTTTTTTTTTTTTTTTTTTTTTT MOQGAD      TELAPSE    60867.36 TCPU    60780.25
 TTTTTTTTTTTTTTTTTTTTTTTTTTTTTT SHELLXN     TELAPSE    61501.42 TCPU    61413.23
 TTTTTTTTTTTTTTTTTTTTTTTTTTTTTT MONMO3      TELAPSE    61513.26 TCPU    61425.07
 NUMERICALLY INTEGRATED DENSITY   2484.0074712607
 TTTTTTTTTTTTTTTTTTTTTTTTTTTTTT NUMDFT      TELAPSE    61528.83 TCPU    61440.39
 CYC  18 ETOT(AU) -3.793733329794E+04 DETOT  4.64E-09 tst  2.15E-14 PX  1.18E-06
 TTTTTTTTTTTTTTTTTTTTTTTTTTTTTT DIIS        TELAPSE    61539.23 TCPU    61450.77
 DIIS TEST: 0.20364E-08 AT SCF   CYCLE  18 - DIIS ACTIVE - HISTORY:    18 CYCLES
 TTTTTTTTTTTTTTTTTTTTTTTTTTTTTT FDIK        TELAPSE    63414.16 TCPU    63323.86
 INSULATING STATE
 TOP OF VALENCE BANDS -    BAND   1242; K    4; EIG -2.2196808E-01 AU
 TOP OF VALENCE BANDS -    BAND   1242; K    1; EIG -2.2368247E-01 AU
 BOTTOM OF VIRTUAL BANDS - BAND   1243; K    5; EIG  7.5384804E-02 AU
 INDIRECT ENERGY BAND GAP:   8.0914 eV
 BOTTOM OF VIRTUAL BANDS - BAND   1243; K    1; EIG  7.6570217E-02 AU
 TTTTTTTTTTTTTTTTTTTTTTTTTTTTTT PDIG        TELAPSE    63564.40 TCPU    63473.94
 TTTTTTTTTTTTTTTTTTTTTTTTTTTTTT MOQGAD      TELAPSE    63564.70 TCPU    63474.25
 TTTTTTTTTTTTTTTTTTTTTTTTTTTTTT SHELLXN     TELAPSE    64198.35 TCPU    64106.84
 TTTTTTTTTTTTTTTTTTTTTTTTTTTTTT MONMO3      TELAPSE    64210.20 TCPU    64118.67
 NUMERICALLY INTEGRATED DENSITY   2484.0074712606
 TTTTTTTTTTTTTTTTTTTTTTTTTTTTTT NUMDFT      TELAPSE    64225.87 TCPU    64134.31
 CYC  19 ETOT(AU) -3.793733329795E+04 DETOT -5.89E-10 tst  1.05E-14 PX  9.46E-07
 TTTTTTTTTTTTTTTTTTTTTTTTTTTTTT DIIS        TELAPSE    64236.45 TCPU    64144.88
 DIIS TEST: 0.16525E-08 AT SCF   CYCLE  19 - DIIS ACTIVE - HISTORY:    19 CYCLES
 TTTTTTTTTTTTTTTTTTTTTTTTTTTTTT FDIK        TELAPSE    65925.02 TCPU    65831.78
 INSULATING STATE
 TOP OF VALENCE BANDS -    BAND   1242; K    4; EIG -2.2196808E-01 AU
 TOP OF VALENCE BANDS -    BAND   1242; K    1; EIG -2.2368247E-01 AU
 BOTTOM OF VIRTUAL BANDS - BAND   1243; K    5; EIG  7.5384801E-02 AU
 INDIRECT ENERGY BAND GAP:   8.0914 eV
 BOTTOM OF VIRTUAL BANDS - BAND   1243; K    1; EIG  7.6570200E-02 AU
 TTTTTTTTTTTTTTTTTTTTTTTTTTTTTT PDIG        TELAPSE    66075.37 TCPU    65981.98
 TTTTTTTTTTTTTTTTTTTTTTTTTTTTTT MOQGAD      TELAPSE    66075.67 TCPU    65982.28
 TTTTTTTTTTTTTTTTTTTTTTTTTTTTTT SHELLXN     TELAPSE    66709.73 TCPU    66615.29
 TTTTTTTTTTTTTTTTTTTTTTTTTTTTTT MONMO3      TELAPSE    66721.58 TCPU    66627.12
 NUMERICALLY INTEGRATED DENSITY   2484.0074712607
 TTTTTTTTTTTTTTTTTTTTTTTTTTTTTT NUMDFT      TELAPSE    66737.26 TCPU    66642.77
 CYC  20 ETOT(AU) -3.793733329794E+04 DETOT  1.32E-09 tst  1.05E-14 PX  9.75E-07
 TTTTTTTTTTTTTTTTTTTTTTTTTTTTTT DIIS        TELAPSE    66747.62 TCPU    66653.12
 DIIS TEST: 0.16142E-08 AT SCF   CYCLE  20 - DIIS ACTIVE - HISTORY:    20 CYCLES
 TTTTTTTTTTTTTTTTTTTTTTTTTTTTTT FDIK        TELAPSE    68211.18 TCPU    68115.23
 INSULATING STATE
 TOP OF VALENCE BANDS -    BAND   1242; K    4; EIG -2.2196808E-01 AU
 TOP OF VALENCE BANDS -    BAND   1242; K    1; EIG -2.2368247E-01 AU
 BOTTOM OF VIRTUAL BANDS - BAND   1243; K    5; EIG  7.5384799E-02 AU
 INDIRECT ENERGY BAND GAP:   8.0914 eV
 BOTTOM OF VIRTUAL BANDS - BAND   1243; K    1; EIG  7.6570195E-02 AU
 TTTTTTTTTTTTTTTTTTTTTTTTTTTTTT PDIG        TELAPSE    68361.15 TCPU    68265.05
 TTTTTTTTTTTTTTTTTTTTTTTTTTTTTT MOQGAD      TELAPSE    68361.45 TCPU    68265.35
 TTTTTTTTTTTTTTTTTTTTTTTTTTTTTT SHELLXN     TELAPSE    68994.82 TCPU    68897.67
 TTTTTTTTTTTTTTTTTTTTTTTTTTTTTT MONMO3      TELAPSE    69006.67 TCPU    68909.50
 NUMERICALLY INTEGRATED DENSITY   2484.0074712607
 TTTTTTTTTTTTTTTTTTTTTTTTTTTTTT NUMDFT      TELAPSE    69022.40 TCPU    68925.13
 CYC  21 ETOT(AU) -3.793733329794E+04 DETOT  2.04E-10 tst  8.90E-15 PX  2.73E-07
 TTTTTTTTTTTTTTTTTTTTTTTTTTTTTT DIIS        TELAPSE    69033.08 TCPU    68935.79
 DIIS TEST: 0.14753E-08 AT SCF   CYCLE  21 - DIIS ACTIVE - HISTORY:    21 CYCLES
 TTTTTTTTTTTTTTTTTTTTTTTTTTTTTT FDIK        TELAPSE    70381.61 TCPU    70283.01
 INSULATING STATE
 TOP OF VALENCE BANDS -    BAND   1242; K    4; EIG -2.2196808E-01 AU
 TOP OF VALENCE BANDS -    BAND   1242; K    1; EIG -2.2368247E-01 AU
 BOTTOM OF VIRTUAL BANDS - BAND   1243; K    5; EIG  7.5384798E-02 AU
 INDIRECT ENERGY BAND GAP:   8.0914 eV
 BOTTOM OF VIRTUAL BANDS - BAND   1243; K    1; EIG  7.6570194E-02 AU
 TTTTTTTTTTTTTTTTTTTTTTTTTTTTTT PDIG        TELAPSE    70531.55 TCPU    70432.80
 TTTTTTTTTTTTTTTTTTTTTTTTTTTTTT MOQGAD      TELAPSE    70531.85 TCPU    70433.10
 TTTTTTTTTTTTTTTTTTTTTTTTTTTTTT SHELLXN     TELAPSE    71165.15 TCPU    71065.34
 TTTTTTTTTTTTTTTTTTTTTTTTTTTTTT MONMO3      TELAPSE    71177.01 TCPU    71077.19
 NUMERICALLY INTEGRATED DENSITY   2484.0074712607
 TTTTTTTTTTTTTTTTTTTTTTTTTTTTTT NUMDFT      TELAPSE    71192.60 TCPU    71092.75
 CYC  22 ETOT(AU) -3.793733329794E+04 DETOT  2.26E-10 tst  3.37E-15 PX  1.44E-07
 TTTTTTTTTTTTTTTTTTTTTTTTTTTTTT DIIS        TELAPSE    71202.94 TCPU    71103.07
 DIIS TEST: 0.14768E-08 AT SCF   CYCLE  22 - DIIS ACTIVE - HISTORY:    22 CYCLES
 TTTTTTTTTTTTTTTTTTTTTTTTTTTTTT FDIK        TELAPSE    72600.42 TCPU    72499.19
 INSULATING STATE
 TOP OF VALENCE BANDS -    BAND   1242; K    4; EIG -2.2196808E-01 AU
 TOP OF VALENCE BANDS -    BAND   1242; K    1; EIG -2.2368247E-01 AU
 BOTTOM OF VIRTUAL BANDS - BAND   1243; K    5; EIG  7.5384798E-02 AU
 INDIRECT ENERGY BAND GAP:   8.0914 eV
 BOTTOM OF VIRTUAL BANDS - BAND   1243; K    1; EIG  7.6570194E-02 AU
 TTTTTTTTTTTTTTTTTTTTTTTTTTTTTT PDIG        TELAPSE    72750.39 TCPU    72649.01
 TTTTTTTTTTTTTTTTTTTTTTTTTTTTTT MOQGAD      TELAPSE    72750.69 TCPU    72649.31
 TTTTTTTTTTTTTTTTTTTTTTTTTTTTTT SHELLXN     TELAPSE    73383.68 TCPU    73281.25
 TTTTTTTTTTTTTTTTTTTTTTTTTTTTTT MONMO3      TELAPSE    73395.54 TCPU    73293.10
 NUMERICALLY INTEGRATED DENSITY   2484.0074712607
 TTTTTTTTTTTTTTTTTTTTTTTTTTTTTT NUMDFT      TELAPSE    73411.12 TCPU    73308.64
 CYC  23 ETOT(AU) -3.793733329794E+04 DETOT  6.04E-10 tst  3.37E-15 PX  3.23E-07
 TTTTTTTTTTTTTTTTTTTTTTTTTTTTTT DIIS        TELAPSE    73421.90 TCPU    73319.41
 DIIS TEST: 0.13229E-08 AT SCF   CYCLE  23 - DIIS ACTIVE - HISTORY:    23 CYCLES
 TTTTTTTTTTTTTTTTTTTTTTTTTTTTTT FDIK        TELAPSE    74752.26 TCPU    74648.47
 INSULATING STATE
 TOP OF VALENCE BANDS -    BAND   1242; K    4; EIG -2.2196808E-01 AU
 TOP OF VALENCE BANDS -    BAND   1242; K    1; EIG -2.2368247E-01 AU
 BOTTOM OF VIRTUAL BANDS - BAND   1243; K    5; EIG  7.5384796E-02 AU
 INDIRECT ENERGY BAND GAP:   8.0914 eV
 BOTTOM OF VIRTUAL BANDS - BAND   1243; K    1; EIG  7.6570191E-02 AU
 TTTTTTTTTTTTTTTTTTTTTTTTTTTTTT PDIG        TELAPSE    74902.29 TCPU    74798.23
 TTTTTTTTTTTTTTTTTTTTTTTTTTTTTT MOQGAD      TELAPSE    74902.59 TCPU    74798.53
 TTTTTTTTTTTTTTTTTTTTTTTTTTTTTT SHELLXN     TELAPSE    75537.88 TCPU    75432.77
 TTTTTTTTTTTTTTTTTTTTTTTTTTTTTT MONMO3      TELAPSE    75549.74 TCPU    75444.61
 NUMERICALLY INTEGRATED DENSITY   2484.0074712607
 TTTTTTTTTTTTTTTTTTTTTTTTTTTTTT NUMDFT      TELAPSE    75565.38 TCPU    75460.22
 CYC  24 ETOT(AU) -3.793733329794E+04 DETOT  5.09E-11 tst  2.35E-15 PX  7.47E-08
 TTTTTTTTTTTTTTTTTTTTTTTTTTTTTT DIIS        TELAPSE    75576.11 TCPU    75470.93
 DIIS TEST: 0.13234E-08 AT SCF   CYCLE  24 - DIIS ACTIVE - HISTORY:    24 CYCLES
 TTTTTTTTTTTTTTTTTTTTTTTTTTTTTT FDIK        TELAPSE    76828.16 TCPU    76721.72
 INSULATING STATE
 TOP OF VALENCE BANDS -    BAND   1242; K    4; EIG -2.2196808E-01 AU
 TOP OF VALENCE BANDS -    BAND   1242; K    1; EIG -2.2368247E-01 AU
 BOTTOM OF VIRTUAL BANDS - BAND   1243; K    5; EIG  7.5384796E-02 AU
 INDIRECT ENERGY BAND GAP:   8.0914 eV
 BOTTOM OF VIRTUAL BANDS - BAND   1243; K    1; EIG  7.6570191E-02 AU
 TTTTTTTTTTTTTTTTTTTTTTTTTTTTTT PDIG        TELAPSE    76978.05 TCPU    76871.47
 TTTTTTTTTTTTTTTTTTTTTTTTTTTTTT MOQGAD      TELAPSE    76978.35 TCPU    76871.77
 TTTTTTTTTTTTTTTTTTTTTTTTTTTTTT SHELLXN     TELAPSE    77611.52 TCPU    77503.88
 ::: PSEUDO TOTAL   ENERGY                        -3.5589661238356E+04
 ::: VIRIAL COEFFICIENT                            1.0305064117225E+00
 TTTTTTTTTTTTTTTTTTTTTTTTTTTTTT MONMO3      TELAPSE    77623.38 TCPU    77515.73
 NUMERICALLY INTEGRATED DENSITY   2484.0074712607
 EXCHANGE ENERGY: -0.225631689215E+04  CORRELATION ENERGY: -0.913551674417E+02
 TTTTTTTTTTTTTTTTTTTTTTTTTTTTTT NUMDFT      TELAPSE    77639.02 TCPU    77531.34
 CYC  25 ETOT(AU) -3.793733329794E+04 DETOT  2.91E-10 tst  2.35E-15 PX  7.47E-08

 == SCF ENDED - CONVERGENCE ON ENERGY      E(AU) -3.7937333297943E+04 CYCLES  25


 ENERGY EXPRESSION=HARTREE+FOCK EXCH*0.25000+(PBE        EXCH)*0.75000+PBE        CORR


 TOTAL ENERGY(DFT)(AU)( 25) -3.7937333297943E+04 DE 2.9E-10 tester 2.3E-15
 TTTTTTTTTTTTTTTTTTTTTTTTTTTTTT EDFT        TELAPSE    77639.05 TCPU    77531.37

 *******************************************************************************
 *                             FORCE CALCULATION                               *
 *******************************************************************************

 TTTTTTTTTTTTTTTTTTTTTTTTTTTTTT NUMDFG      TELAPSE    77737.01 TCPU    77629.17
 INFORMATION **** EXCPOG **** EXCH. BIPO BUFFER LENGTH (WORDS) =   128000000
 WARNING **** EXCPOG **** EXCH. BIPO BUFFER TOO SMALL - TO AVOID I/O SET EXCHSIZE =    65992743
 INFORMATION **** GENPOG **** BIPO BUFFER LENGTH (WORDS) =    23112000
 TTTTTTTTTTTTTTTTTTTTTTTTTTTTTT SHELXG      TELAPSE    81820.79 TCPU    81679.29

 CARTESIAN FORCES IN HARTREE/BOHR (ANALYTICAL)
   ATOM                     X                   Y                   Z
   1  20            -2.436727229340E-14  1.017605067943E-14  1.861450778987E-14
   2  12            -2.772553399867E-14 -2.630058503123E-15 -3.713559944539E-05
   3   6            -7.418616302115E-05  6.395575454612E-05 -1.442992794174E-04
   4   6            -9.248038961643E-05 -3.226922450708E-05  1.442992794289E-04
   5   8            -1.978483819477E-05 -4.476353651636E-05 -6.568428397644E-05
   6   8             4.865877889631E-05  5.247595766526E-06 -6.568428399428E-05
   7   8            -2.887394072192E-05  3.951594076020E-05 -6.568428400158E-05
   8   8             1.978483819004E-05  4.476353654834E-05  6.568428398190E-05
   9   8            -4.865877891810E-05 -5.247595803829E-06  6.568428397192E-05
  10   8             2.887394070593E-05 -3.951594074776E-05  6.568428398939E-05
  11  20             3.510006438586E-05 -1.539303427552E-05 -3.933805782540E-05
  12  20             2.764055863344E-05 -1.492446038590E-05 -3.822286617232E-05
  13  20            -4.219273450895E-06  3.809406456911E-05 -3.933805783208E-05
  14  20             3.269248742322E-14  1.435675873699E-14 -2.975644904871E-05
  15  20             1.212414734045E-05  3.059156633428E-05 -1.350833254523E-05
  16  20             8.953174548107E-07 -3.139965620020E-05  3.822286618178E-05
  17  20             2.043099997177E-05 -2.579560268605E-05 -1.350833254040E-05
  18  20             3.255514725242E-05  4.795963601280E-06  1.350833244967E-05
  19  20             1.196988038455E-05  3.537045119139E-05 -3.254321863900E-06
  20  20            -2.764055866780E-05  1.492446042538E-05  3.822286616918E-05
  21  20            -3.510006441669E-05  1.539303431278E-05  3.933805775516E-05
  22  20            -8.953174969992E-07  3.139965615555E-05 -3.822286618666E-05
  23  20            -3.255514724099E-05 -4.795963581000E-06 -1.350833252944E-05
  24  20            -2.043099994660E-05  2.579560274231E-05  1.350833248159E-05
  25  20             4.219273441570E-06 -3.809406465894E-05  3.933805769528E-05
  26  20            -1.212414734475E-05 -3.059156633109E-05  1.350833246423E-05
  27  20             1.440872439651E-14 -1.426424015161E-14  2.975644909737E-05
  28  20            -2.464676910843E-05  2.805144614222E-05  3.254321869183E-06
  29  12             4.826368672312E-05  4.667527143184E-06 -2.979769707042E-05
  30  12             1.604889892339E-05  3.475126868611E-05 -3.891469356501E-06
  31  12            -2.008964629189E-05 -4.413134235401E-05 -2.979769708234E-05
  32  12             2.868806974371E-05  2.249382701752E-05 -2.260301693723E-05
  33  12             6.545319104747E-05 -3.176419505977E-05  1.853938917235E-06
  34  12             2.207103204015E-05 -3.127438852717E-05 -3.891469377040E-06
  35  12             5.217995690700E-06 -7.256622375963E-05 -1.853938911985E-06
  36  12             3.811993096582E-05  3.476880188921E-06  3.891469344464E-06
  37  12            -2.817404045664E-05  3.946381519086E-05 -2.979769705403E-05
  38  12            -3.382426051517E-05  1.359768371792E-05 -2.260301697863E-05
  39  12             6.023519539711E-05  4.080202872086E-05 -1.853938957494E-06
  40  12             5.136190716491E-06 -3.609151074292E-05 -2.260301697206E-05
  41  12            -2.592436636388E-14 -1.070542909512E-14  6.080637658993E-14
  42  12            -5.136190756847E-06  3.609151068954E-05  2.260301703335E-05
  43  12            -6.023519538386E-05 -4.080202867210E-05  1.853938930687E-06
  44  12             3.382426049749E-05 -1.359768368967E-05  2.260301702724E-05
  45  12             2.817404048570E-05 -3.946381520729E-05  2.979769710984E-05
  46  12            -3.811993096829E-05 -3.476880159338E-06 -3.891469352153E-06
  47  12            -5.217995671558E-06  7.256622377896E-05  1.853938964003E-06
  48  12            -2.207103203887E-05  3.127438852657E-05  3.891469373219E-06
  49  12            -6.545319103956E-05  3.176419503580E-05 -1.853938912878E-06
  50  12            -2.868806975097E-05 -2.249382700492E-05  2.260301704584E-05
  51  12             2.008964624495E-05  4.413134237787E-05  2.979769714666E-05
  52  12            -1.604889889512E-05 -3.475126868085E-05  3.891469322265E-06
  53  12            -4.826368674103E-05 -4.667527170259E-06  2.979769713313E-05
  54  12             5.054432891131E-15 -1.415281288579E-14  3.713559937600E-05
  55  20             2.464676910015E-05 -2.805144607453E-05 -3.254321826985E-06
  56   6            -4.829473048556E-05  1.247879008478E-04 -1.935319166767E-04
  57   6             5.897742513059E-05  7.266036432254E-05 -2.333778120786E-04
  58   6            -1.113197491493E-04 -1.684483724840E-05 -2.211556710119E-04
  59   6            -2.530359620458E-05 -6.256464180445E-05 -2.137615593295E-04
  60   6             4.961734473089E-05 -3.459516763519E-06 -1.396170451960E-04
  61   6            -9.241443392413E-05  1.474576626708E-05 -2.333778120751E-04
  62   6            -2.181264294111E-05  4.469963942069E-05 -1.396170452102E-04
  63   6            -2.833811753105E-15  9.252990316100E-15 -1.316242033305E-04
  64   6            -6.731640440976E-15  1.534180167076E-14 -7.741305863575E-05
  65   6             1.003135485507E-04 -8.012939361795E-05 -2.076544356289E-04
  66   6             9.248038963771E-05  3.226922453794E-05 -1.442992794047E-04
  67   6            -1.195508647569E-04 -4.680938456687E-05 -2.076544356865E-04
  68   6             4.167846243480E-05 -1.359737486274E-04 -1.557424626940E-04
  69   6             1.322168574468E-04 -2.056948692095E-05 -1.935319166295E-04
  70   6            -1.829422663097E-05 -9.622497901787E-05 -1.442992793975E-04
  71   6             7.024793158761E-05 -8.798331206356E-05 -2.211556709641E-04
  72   6             3.343700882059E-05 -8.740613056194E-05 -2.333778120138E-04
  73   6             1.923731619780E-05  1.269387781990E-04 -2.076544356401E-04
  74   6             9.691748937514E-05  1.040814816045E-04 -1.557424626985E-04
  75   6             4.107181760137E-05  1.048281493805E-04 -2.211556709368E-04
  76   6            -1.385959517724E-04  3.189226706434E-05 -1.557424626237E-04
  77   6             6.691239018092E-15  9.402464080836E-15 -2.009703942893E-04
  78   6            -4.153077106782E-05  5.319587805516E-05 -2.137615592885E-04
  79   6            -8.392212697400E-05 -1.042184139068E-04 -1.935319166121E-04
  80   6             6.683436731909E-05  9.368763774068E-06 -2.137615592714E-04
  81   6            -2.780470173808E-05 -4.124012261969E-05 -1.396170451475E-04
  82  20             3.661664945169E-05  7.319005102545E-06  3.254321882876E-06
  83   6            -1.003135485305E-04  8.012939365381E-05  2.076544356304E-04
  84   6            -1.678774044632E-14 -8.776773280702E-16  7.741305866891E-05
  85   6            -3.343700877956E-05  8.740613055308E-05  2.333778120503E-04
  86   6            -7.024793156692E-05  8.798331208262E-05  2.211556709591E-04
  87   6             1.829422661162E-05  9.622497903291E-05  1.442992794394E-04
  88   6            -1.322168574591E-04  2.056948696308E-05  1.935319166298E-04
  89   6            -4.167846243052E-05  1.359737486345E-04  1.557424626596E-04
  90   6             1.195508647351E-04  4.680938456049E-05  2.076544356182E-04
  91   6            -5.897742512432E-05 -7.266036431254E-05  2.333778120818E-04
  92   6             4.829473046300E-05 -1.247879008338E-04  1.935319166523E-04
  93   6             7.418616301100E-05 -6.395575451085E-05  1.442992794261E-04
  94   6             1.932987552733E-14 -1.635610470907E-14  1.316242033236E-04
  95   6             2.181264296760E-05 -4.469963941665E-05  1.396170452040E-04
  96   6             9.241443389933E-05 -1.474576623442E-05  2.333778120974E-04
  97   6            -4.961734471628E-05  3.459516786681E-06  1.396170451722E-04
  98   6             2.530359619423E-05  6.256464180881E-05  2.137615593082E-04
  99   6             1.113197491468E-04  1.684483727282E-05  2.211556709675E-04
 100   6            -4.107181760477E-05 -1.048281493509E-04  2.211556709845E-04
 101   6            -9.691748938808E-05 -1.040814815762E-04  1.557424626915E-04
 102   6            -1.923731622998E-05 -1.269387781845E-04  2.076544356159E-04
 103   6             2.780470178130E-05  4.124012262622E-05  1.396170451950E-04
 104   6            -6.683436731216E-05 -9.368763803485E-06  2.137615592517E-04
 105   6             8.392212696544E-05  1.042184138924E-04  1.935319166398E-04
 106   6             4.153077107149E-05 -5.319587802549E-05  2.137615592184E-04
 107   6            -4.787090882628E-15 -2.351617428138E-14  2.009703941846E-04
 108   6             1.385959517858E-04 -3.189226705847E-05  1.557424627157E-04
 109  20            -3.088079093098E-05 -2.270103029064E-05 -3.933805781112E-05
 110   8            -1.417444776935E-05 -3.798728474969E-05 -8.824720521910E-05
 111   8            -1.552294889375E-05 -3.154720639939E-05 -8.676336504925E-05
 112   8             5.468611777288E-06 -8.103479245003E-06 -7.098083662452E-05
 113   8             3.016928123939E-05 -8.682654952534E-05 -7.274707409330E-05
 114   8             4.722157438669E-05  8.970597096954E-06 -1.027684932075E-04
 115   8            -5.131443682125E-05 -1.349494087933E-05 -4.707764499598E-05
 116   8            -2.819190009386E-05 -5.002263341981E-05 -2.854347592675E-05
 117   8             4.590962986804E-05  2.119954544055E-05 -1.265662637320E-04
 118   8            -4.412382670532E-05 -1.077809656572E-04 -3.613336261337E-05
 119   8            -5.116942067075E-05 -1.936821621877E-04  3.325252238614E-05
 120   8            -1.022417916825E-04 -1.936846159440E-04  5.484418560792E-05
 121   8            -6.455727249126E-06 -1.083188473765E-05 -4.205026736497E-05
 122   8             2.481865450630E-05 -5.538786957886E-05 -4.177155808904E-05
 123   8            -3.331550732508E-05 -1.355375572522E-04  2.389275579997E-05
 124   8             4.443277362878E-06  3.799422638324E-05 -1.072987546111E-04
 125   8             2.156810323016E-05 -4.670309031778E-05 -5.179969619450E-05
 126   8             1.531021861847E-05  1.133794752079E-05 -5.871067120205E-05
 127   8            -9.590958010221E-05 -9.812172339800E-05 -4.515132598501E-05
 128   8            -9.154751293133E-05 -1.765336970074E-04 -2.060981072121E-05
 129   8            -9.126007549007E-05 -1.794460071249E-04 -2.438339507767E-05
 130   8            -6.282661509651E-05 -3.302803635331E-05 -2.809027220207E-05
 131   8            -5.593500685332E-05 -3.164995139027E-05 -7.944641924611E-05
 132   8             2.959633949823E-05  2.809847223409E-05 -1.009121101874E-04
 133   8             8.975577260042E-06  3.367389861482E-05 -1.106500603433E-04
 134   8            -3.549662162137E-05 -1.263283613054E-04  8.517360958608E-06
 135   8             5.530420129905E-05  2.086834345056E-05 -1.239008728787E-04
 136  20             2.674524117289E-05  1.647519575168E-05  3.822286615269E-05
 137   8             4.283512996425E-06  8.787696346909E-06 -7.098083664789E-05
 138   8             3.734418005331E-05 -3.769213544449E-05 -4.707764504006E-05
 139   8             1.154029676630E-04  1.567812797751E-05 -3.613336260023E-05
 140   8             1.260855099277E-05 -1.748814604131E-07 -4.205026736584E-05
 141   8            -3.512560391523E-05 -1.514912215671E-05 -1.072987546213E-04
 142   8             1.329306951648E-04 -3.399927112231E-05 -4.515132599793E-05
 143   8             6.001642608489E-05 -3.789542654726E-05 -2.809027220993E-05
 144   8            -3.365024026387E-05 -9.063871428801E-06 -1.106500603463E-04
 145   8             3.998517751477E-05  6.718210541963E-06 -8.824720524702E-05
 146   8             6.010935697784E-05  6.954063873011E-05 -7.274707407458E-05
 147   8             5.741682135541E-05  5.964150406249E-07 -2.854347595293E-05
 148   8             1.933183830497E-04  5.252706286878E-05  3.325252242211E-05
 149   8             3.555797486448E-05  4.918752005701E-05 -4.177155807777E-05
 150   8             2.966201101045E-05  4.203007041368E-05 -5.179969618161E-05
 151   8             1.986564227085E-04  8.984376647991E-06 -2.060981072336E-05
 152   8             5.537716537245E-05 -3.261616120948E-05 -7.944641924251E-05
 153   8             1.271518809330E-04  3.242320457898E-05  8.517360951428E-06
 154   8             3.508215660698E-05  2.330335110963E-06 -8.676336504266E-05
 155   8            -3.137955218804E-05  3.640978441767E-05 -1.027684931954E-04
 156   8            -4.131415984039E-05  2.915913297516E-05 -1.265662637248E-04
 157   8             2.188566935716E-04  8.298319049112E-06  5.484418564621E-05
 158   8             1.340367214199E-04  3.891670293045E-05  2.389275581618E-05
 159   8            -1.747405986455E-05  7.590064483302E-06 -5.871067116950E-05
 160   8             2.010348385354E-04  1.068945983079E-05 -2.438339506599E-05
 161   8            -3.913216049266E-05  1.158194570591E-05 -1.009121101802E-04
 162   8            -4.572461620840E-05  3.746067153514E-05 -1.239008728607E-04
 163  20            -3.661664947213E-05 -7.319005131015E-06 -3.254321843442E-06
 164   8            -7.127914095228E-05  9.210283767617E-05 -3.613336260839E-05
 165   8            -3.702111508818E-05  1.321209945319E-04 -4.515132601488E-05
 166   8            -2.581072974757E-05  3.126907423748E-05 -8.824720524974E-05
 167   8            -1.421489624048E-04  1.411550993302E-04  3.325252239491E-05
 168   8            -1.071089097918E-04  1.675493203633E-04 -2.060981073363E-05
 169   8            -1.955920774350E-05  2.921687126282E-05 -8.676336507873E-05
 170   8            -1.166149018775E-04  1.853862969022E-04  5.484418560752E-05
 171   8            -1.097747630627E-04  1.687565472847E-04 -2.438339508608E-05
 172   8            -9.752124791255E-06 -6.842171121194E-07 -7.098083663651E-05
 173   8            -6.152823696159E-06  1.100676615262E-05 -4.205026733759E-05
 174   8             2.810188987594E-06  7.092346289169E-05 -2.809027219835E-05
 175   8            -9.027863824358E-05  1.728591076266E-05 -7.274707408342E-05
 176   8            -6.037662935298E-05  6.200349483802E-06 -4.177155807991E-05
 177   8             5.578415075129E-07  6.426611254247E-05 -7.944641927429E-05
 178   8            -1.584202222885E-05 -4.538038159278E-05 -1.027684932358E-04
 179   8            -1.007212140551E-04  9.662085430735E-05  2.389275579542E-05
 180   8             9.535821011938E-06 -3.968041798101E-05 -1.009121101774E-04
 181   8             1.397025678933E-05  5.118707632190E-05 -4.707764502055E-05
 182   8             3.068232656360E-05 -2.284510424119E-05 -1.072987545891E-04
 183   8             2.467466302185E-05 -2.461002722391E-05 -1.106500603303E-04
 184   8            -2.922492126403E-05  4.942621835387E-05 -2.854347591698E-05
 185   8            -5.123011426396E-05  4.673019859547E-06 -5.179969617333E-05
 186   8            -9.165525932027E-05  9.390515673328E-05  8.517360942842E-06
 187   8            -4.595470005708E-06 -5.035867846559E-05 -1.265662637322E-04
 188   8             2.163841248411E-06 -1.892801199063E-05 -5.871067116456E-05
 189   8            -9.579585132250E-06 -5.832901498852E-05 -1.239008728670E-04
 190  20            -2.674524115940E-05 -1.647519578203E-05 -3.822286621203E-05
 191   8             1.552294887510E-05  3.154720645875E-05  8.676336507919E-05
 192   8             1.417444775514E-05  3.798728476213E-05  8.824720523903E-05
 193   8             5.131443686033E-05  1.349494086793E-05  4.707764502185E-05
 194   8            -4.590962985117E-05 -2.119954547163E-05  1.265662637253E-04
 195   8             2.819190009830E-05  5.002263338428E-05  2.854347592114E-05
 196   8            -5.468611776696E-06  8.103479235085E-06  7.098083663716E-05
 197   8            -4.722157435028E-05 -8.970597103911E-06  1.027684932261E-04
 198   8            -3.016928122666E-05  8.682654950092E-05  7.274707409371E-05
 199   8             9.590958009510E-05  9.812172339060E-05  4.515132600829E-05
 200   8             9.126007552649E-05  1.794460071412E-04  2.438339505722E-05
 201   8             9.154751294643E-05  1.765336970256E-04  2.060981074256E-05
 202   8            -8.975577204087E-06 -3.367389865079E-05  1.106500603451E-04
 203   8            -5.530420130793E-05 -2.086834345678E-05  1.239008728819E-04
 204   8             3.549662161752E-05  1.263283612721E-04 -8.517360952316E-06
 205   8             6.282661513795E-05  3.302803633244E-05  2.809027220823E-05
 206   8            -2.959633947869E-05 -2.809847225407E-05  1.009121101713E-04
 207   8             5.593500685687E-05  3.164995132588E-05  7.944641923283E-05
 208   8             4.412382671154E-05  1.077809656658E-04  3.613336261663E-05
 209   8             1.022417916914E-04  1.936846159834E-04 -5.484418562204E-05
 210   8             5.116942070362E-05  1.936821622129E-04 -3.325252240585E-05
 211   8            -4.443277327351E-06 -3.799422644127E-05  1.072987545834E-04
 212   8            -1.531021858383E-05 -1.133794752213E-05  5.871067120516E-05
 213   8            -2.156810317687E-05  4.670309025117E-05  5.179969619948E-05
 214   8             6.455727286430E-06  1.083188473425E-05  4.205026735546E-05
 215   8             3.331550738814E-05  1.355375572567E-04 -2.389275579298E-05
 216   8            -2.481865450246E-05  5.538786952542E-05  4.177155810552E-05
 217  20             3.088079094397E-05  2.270103027100E-05  3.933805772064E-05
 218   8            -3.734418001316E-05  3.769213546759E-05  4.707764503121E-05
 219   8            -4.283512984139E-06 -8.787696352238E-06  7.098083664043E-05
 220   8            -1.329306951514E-04  3.399927111342E-05  4.515132600028E-05
 221   8             3.365024028696E-05  9.063871450118E-06  1.106500603563E-04
 222   8            -6.001642605977E-05  3.789542656147E-05  2.809027220362E-05
 223   8            -1.154029676803E-04 -1.567812800800E-05  3.613336261870E-05
 224   8             3.512560392630E-05  1.514912217181E-05  1.072987546105E-04
 225   8            -1.260855099317E-05  1.748814343598E-07  4.205026735644E-05
 226   8            -3.508215665953E-05 -2.330335162478E-06  8.676336506792E-05
 227   8             4.131415986703E-05 -2.915913297072E-05  1.265662637163E-04
 228   8             3.137955218368E-05 -3.640978444402E-05  1.027684931997E-04
 229   8            -2.010348385560E-04 -1.068945981776E-05  2.438339507903E-05
 230   8             4.572461625714E-05 -3.746067151797E-05  1.239008728824E-04
 231   8             3.913216049821E-05 -1.158194571894E-05  1.009121101975E-04
 232   8            -2.188566935869E-04 -8.298319066284E-06 -5.484418562582E-05
 233   8             1.747405987058E-05 -7.590064455176E-06  5.871067119313E-05
 234   8            -1.340367214529E-04 -3.891670292778E-05 -2.389275579355E-05
 235   8            -3.998517751159E-05 -6.718210544628E-06  8.824720523277E-05
 236   8            -5.741682136415E-05 -5.964149899987E-07  2.854347594519E-05
 237   8            -6.010935701322E-05 -6.954063873100E-05  7.274707407854E-05
 238   8            -1.986564227058E-04 -8.984376654505E-06  2.060981073017E-05
 239   8            -1.271518808930E-04 -3.242320458016E-05 -8.517360954259E-06
 240   8            -5.537716529932E-05  3.261616124471E-05  7.944641922983E-05
 241   8            -1.933183831140E-04 -5.252706288832E-05 -3.325252238202E-05
 242   8            -2.966201101108E-05 -4.203007039295E-05  5.179969615681E-05
 243   8            -3.555797485278E-05 -4.918752006264E-05  4.177155811378E-05
 244  20            -1.196988040579E-05 -3.537045117937E-05  3.254321853055E-06
 245   8             3.702111508019E-05 -1.321209945098E-04  4.515132600740E-05
 246   8             7.127914099343E-05 -9.210283766181E-05  3.613336261863E-05
 247   8             1.955920776334E-05 -2.921687129139E-05  8.676336508173E-05
 248   8             1.097747630177E-04 -1.687565473264E-04  2.438339509410E-05
 249   8             1.166149018867E-04 -1.853862969124E-04 -5.484418562558E-05
 250   8             2.581072974697E-05 -3.126907420817E-05  8.824720523753E-05
 251   8             1.071089097723E-04 -1.675493203699E-04  2.060981072595E-05
 252   8             1.421489624193E-04 -1.411550993404E-04 -3.325252239245E-05
 253   8            -1.397025681242E-05 -5.118707631568E-05  4.707764501896E-05
 254   8            -2.467466305383E-05  2.461002722672E-05  1.106500603509E-04
 255   8            -3.068232657841E-05  2.284510425895E-05  1.072987546066E-04
 256   8             4.595469980839E-06  5.035867845597E-05  1.265662637068E-04
 257   8             9.579585114783E-06  5.832901499814E-05  1.239008728800E-04
 258   8            -2.163841277129E-06  1.892801199359E-05  5.871067118169E-05
 259   8             2.922492122673E-05 -4.942621838777E-05  2.854347594719E-05
 260   8             9.165525930517E-05 -9.390515674793E-05 -8.517360950151E-06
 261   8             5.123011419113E-05 -4.673019861768E-06  5.179969618260E-05
 262   8             9.752124807834E-06  6.842171210011E-07  7.098083661714E-05
 263   8            -2.810189037628E-06 -7.092346288132E-05  2.809027220866E-05
 264   8             6.152823723989E-06 -1.100676616120E-05  4.205026737594E-05
 265   8             1.584202216223E-05  4.538038156836E-05  1.027684932096E-04
 266   8            -9.535821028813E-06  3.968041797450E-05  1.009121101746E-04
 267   8             1.007212140660E-04 -9.662085433119E-05 -2.389275579387E-05
 268   8             9.027863821575E-05 -1.728591076844E-05  7.274707405822E-05
 269   8            -5.578415181710E-07 -6.426611256808E-05  7.944641924016E-05
 270   8             6.037662931893E-05 -6.200349499493E-06  4.177155808480E-05

 RESULTANT FORCE     1.623747252107E-14 -1.364669096178E-14  4.983974387709E-14

 SYMMETRY ALLOWED FORCES (ANALYTICAL) (DIRECTION, FORCE)

    1 -5.2517668E-05    2 -1.8171825E-04    3  1.5665896E-04    4 -3.5345960E-04
    5 -4.8462758E-05    6 -1.0964782E-04    7 -1.6089298E-04    8  8.5977248E-05
    9 -3.7705080E-05   10 -9.6358169E-05   11  6.7705265E-05   12 -3.6557313E-05
   13 -9.3626519E-05   14 -4.2081974E-05   15  2.9697974E-05   16  7.4933728E-05
   17 -3.3088522E-05   18  2.9320099E-05   19  8.6639557E-05   20 -7.9714280E-06
   21  1.1822141E-04   22  1.1433060E-05   23 -7.2989153E-05   24  3.9311613E-05
   25  8.5122876E-05   26 -9.5321143E-06   27  7.0271133E-05   28  5.5098399E-05
   29 -5.5365858E-05   30  1.6032692E-04   31 -7.7806070E-05   32  4.5412044E-06
   33 -1.1829745E-04   34  3.0566668E-04   35 -4.7405444E-04   36  1.4446460E-04
   37  1.7798082E-04   38 -5.7165656E-04   39 -2.7267658E-04   40 -4.1261256E-05
   41 -5.4171855E-04   42 -6.1980899E-05   43 -1.5325145E-04   44 -5.2360675E-04
   45  1.2153718E-04   46 -8.4740509E-06   47 -3.4199052E-04   48 -1.8614473E-04
   49 -1.0947860E-04   50  2.4571701E-04   51 -1.9627613E-04   52 -5.0864741E-04
   53  1.0209097E-04   54 -3.3306630E-04   55 -3.8148956E-04   56 -2.8421506E-04
   57 -3.4720164E-05   58 -9.3049464E-05   59 -2.1616062E-04   60 -3.8023304E-05
   61 -7.7274559E-05   62 -2.1252597E-04   63  1.3395308E-05   64 -1.9849389E-05
   65 -1.7386683E-04   66  7.3899345E-05   67 -2.1268074E-04   68 -1.7819321E-04
   69  1.1566876E-04   70  2.1973386E-05   71 -2.5173037E-04   72 -1.2569419E-04
   73 -3.3055719E-05   74 -1.1531621E-04   75 -6.9055770E-05   76 -1.2252993E-04
   77 -6.9916952E-05   78  1.1245517E-04   79  5.1928069E-05   80 -3.1002276E-04
   81 -1.0808086E-04   82 -2.6400837E-04   83 -8.8508301E-05   84 -1.2533897E-04
   85 -4.7442247E-04   86  8.1451713E-05   87 -2.5044022E-04   88 -4.7442848E-04
   89  1.3434027E-04   90 -1.5813238E-05   91 -2.6532591E-05   92 -1.0300170E-04
   93  6.0793040E-05   94 -1.3567202E-04   95 -1.0231900E-04   96 -8.1605994E-05
   97 -3.3199786E-04   98  5.8525060E-05   99  1.0883762E-05  100  9.3066468E-05
  101 -2.6282720E-04  102  5.2830848E-05  103 -1.1439874E-04  104 -1.2688282E-04
  105  3.7502223E-05  106  2.7772186E-05  107 -1.4381119E-04  108 -2.3492953E-04
  109 -2.4034816E-04  110 -1.1059771E-04  111 -2.2424469E-04  112 -4.3241748E-04
  113 -5.0483520E-05  114 -2.2354062E-04  115 -4.3955115E-04  116 -5.9726876E-05
  117 -1.5389315E-04  118 -8.0901836E-05  119 -6.8806834E-05  120 -1.3701223E-04
  121 -7.7526231E-05  122 -1.9460319E-04  123  7.2495930E-05  124  6.8826920E-05
  125 -2.4718318E-04  126  2.1985584E-05  127  8.2483869E-05  128 -2.7103619E-04
  129 -8.6948611E-05  130 -3.0944003E-04  131  2.0863188E-05  132  1.3546707E-04
  133  5.1116793E-05  134 -3.0349392E-04
 TTTTTTTTTTTTTTTTTTTTTTTTTTTTTT TOTGRA      TELAPSE    81901.81 TCPU    81758.79

 HHHHHHHHHHHHHHHHHHHHHHHHHHHHHHHHHHHHHHHHHHHHHHHHHHHHHHHHHHHHHHHHHHHHHHHHHHHHHHH
                   FORCE CONSTANT MATRIX - NUMERICAL ESTIMATE
 HHHHHHHHHHHHHHHHHHHHHHHHHHHHHHHHHHHHHHHHHHHHHHHHHHHHHHHHHHHHHHHHHHHHHHHHHHHHHHH
 MAX ABS(DGRAD): MAXIMUM ABSOLUTE GRADIENT DIFFERENCE WITH RESPECT TO
                 THE CENTRAL POINT
 DE:             ENERGY DIFFERENCE WITH RESPECT TO THE CENTRAL POINT
                 (DE IS EXPECTED TO BE POSITIVE FOR ALL DISPLACEMENTS)

   ATOM      MAX ABS(DGRAD)       TOTAL ENERGY (AU)  N.CYC      DE       SYM
    CENTRAL POINT             -3.793733329794E+04    25     0.0000E+00     6
    1 CA DX   5.2967E-04      -3.793733329552E+04     9     2.4193E-06     1
    1 CA DY                   GENERATED FROM A PREVIOUS LINE
    1 CA DZ   5.4997E-04      -3.793733329588E+04     9     2.0631E-06     3
    2 MG DX   7.2810E-04      -3.793733329495E+04    10     2.9942E-06     1
    2 MG DY                   GENERATED FROM A PREVIOUS LINE
    2 MG DZ   6.9684E-04      -3.793733329524E+04    11     2.7020E-06     3
    3 C  DX   4.5911E-03      -3.793733328356E+04    11     1.4386E-05     1
    3 C  DY                   GENERATED FROM A PREVIOUS LINE
    3 C  DZ   1.6118E-03      -3.793733329114E+04    11     6.8019E-06     1
    5 O  DX   2.4778E-03      -3.793733328973E+04    13     8.2129E-06     1
    5 O  DY   1.8641E-03      -3.793733329144E+04    13     6.4993E-06     1
    5 O  DZ   5.2144E-04      -3.793733329543E+04    11     2.5159E-06     1

 GCALCO - MAX INDICES DIRECT LATTICE VECTOR    14    14    14
 NO.OF VECTORS CREATED 6999 STARS  515 RMAX   312.85973 BOHR

 CAPPA:IS1  3;IS2  3;IS3  3; K PTS MONK NET   6; SYMMOPS:K SPACE   6;G SPACE   6

 TTTTTTTTTTTTTTTTTTTTTTTTTTTTTT gordsh1     TELAPSE  1169628.18 TCPU  1167049.17

 MATRIX SIZE: P(G)20748069, F(G) 3655179, P(G) IRR 1736577, F(G) IRR  614312
 MAX G-VECTOR INDEX FOR 1- AND 2-ELECTRON INTEGRALS 153

 TTTTTTTTTTTTTTTTTTTTTTTTTTTTTT INPUT       TELAPSE  1169630.49 TCPU  1167051.23

 SYMMETRY ALLOWED INTERNAL DEGREE(S) OF FREEDOM: 134
 TTTTTTTTTTTTTTTTTTTTTTTTTTTTTT SYMM        TELAPSE  1169630.61 TCPU  1167051.33
 TTTTTTTTTTTTTTTTTTTTTTTTTTTTTT INT_SCREEN  TELAPSE  1169631.06 TCPU  1167051.71

 GCALCO - MAX INDICES DIRECT LATTICE VECTOR    14    14    14
 NO.OF VECTORS CREATED 6999 STARS  515 RMAX   104.28658 BOHR
 TTTTTTTTTTTTTTTTTTTTTTTTTTTTTT gordsh1     TELAPSE  1169631.06 TCPU  1167051.71

 MATRIX SIZE: P(G)  768447, F(G)  136028, P(G) IRR   67997, F(G) IRR   24666
 MAX G-VECTOR INDEX FOR 1- AND 2-ELECTRON INTEGRALS 261

 TTTTTTTTTTTTTTTTTTTTTTTTTTTTTT INPUT       TELAPSE  1169631.07 TCPU  1167051.71

 SYMMETRY ALLOWED INTERNAL DEGREE(S) OF FREEDOM:   4
 TTTTTTTTTTTTTTTTTTTTTTTTTTTTTT SYMM        TELAPSE  1169631.07 TCPU  1167051.71
 TTTTTTTTTTTTTTTTTTTTTTTTTTTTTT INT_SCREEN  TELAPSE  1169631.09 TCPU  1167051.74

 +++ SYMMETRY ADAPTION OF VIBRATIONAL MODES +++


 CLASS  | GROUP OPERATORS (SEE SYMMOPS KEYWORD)
 --------------------------------------------------------------------
 C3     |   2;
 C3'    |   3;
 I      |   4;
 S6     |   5;
 S6'    |   6;

 IRREP/CLA      E     C3      I     S6
 -------------------------------------
  MULTIP |      1      1      1      1
 -------------------------------------
    Ag   |   1.00   1.00   1.00   1.00
 RP Eg   |   2.00  -1.00   2.00  -1.00
    Au   |   1.00   1.00  -1.00  -1.00
 RP Eu   |   2.00  -1.00  -2.00   1.00
 
 Ag -(1,   4); Eg -(1,   8);
 Au -(1,   6); Eu -(1,  12);


  DISPERSION K POINT NUMBER     1 COORD:  R(  0  0  0 )    WEIGHT:    1.


 HHHHHHHHHHHHHHHHHHHHHHHHHHHHHHHHHHHHHHHHHHHHHHHHHHHHHHHHHHHHHHHHHHHHHHHHHHHHHH
 EIGENVALUES (EIGV) OF THE MASS WEIGHTED HESSIAN MATRIX AND HARMONIC TRANSVERSE
 OPTICAL (TO) FREQUENCIES. IRREP LABELS REFER TO SYMMETRY REPRESENTATION
 ANALYSIS; A AND I INDICATE WHETHER THE MODE IS ACTIVE OR INACTIVE,
 RESPECTIVELY, FOR IR AND RAMAN; INTEGRATED IR INTENSITIES IN BRACKETS.

 CONVERSION FACTORS FOR FREQUENCIES:
      1 CM**(-1) =   0.4556335E-05 HARTREE
      1 THZ      =   0.3335641E+02 CM**(-1)

 HHHHHHHHHHHHHHHHHHHHHHHHHHHHHHHHHHHHHHHHHHHHHHHHHHHHHHHHHHHHHHHHHHHHHHHHHHHHHH

    MODES         EIGV          FREQUENCIES     IRREP  IR   INTENS    RAMAN
             (HARTREE**2)   (CM**-1)     (THZ)             (KM/MOL)
    1-   1    0.1338E-19      0.0000    0.0000  (Au )   A (     0.00)   I
    2-   3    0.2324E-18      0.0000    0.0000  (Eu )   A (     0.00)   I
    4-   4    0.3173E-06    123.6351    3.7065  (Au )   A (     0.00)   I
    5-   6    0.4372E-06    145.1241    4.3507  (Eu )   A (     0.00)   I
    7-   8    0.7841E-06    194.3377    5.8261  (Eg )   I (     0.00)   A
    9-   9    0.1180E-05    238.4393    7.1482  (Ag )   I (     0.00)   A
   10-  11    0.1770E-05    291.9698    8.7530  (Eu )   A (     0.00)   I
   12-  13    0.2338E-05    335.5575   10.0598  (Eg )   I (     0.00)   A
   14-  14    0.2525E-05    348.7763   10.4561  (Au )   A (     0.00)   I
   15-  15    0.2929E-05    375.5978   11.2601  (Ag )   I (     0.00)   A
   16-  17    0.3408E-05    405.1576   12.1463  (Eu )   A (     0.00)   I
   18-  18    0.3534E-05    412.5943   12.3693  (Au )   A (     0.00)   I
   19-  20    0.1148E-04    743.7438   22.2969  (Eg )   I (     0.00)   A
   21-  22    0.1168E-04    749.9590   22.4832  (Eu )   A (     0.00)   I
   23-  23    0.1623E-04    884.2451   26.5090  (Au )   A (     0.00)   I
   24-  24    0.1658E-04    893.6463   26.7908  (Ag )   I (     0.00)   A
   25-  25    0.2723E-04   1145.2048   34.3324  (Ag )   I (     0.00)   A
   26-  26    0.2736E-04   1147.9802   34.4156  (Au )   A (     0.00)   I
   27-  28    0.4615E-04   1491.0499   44.7006  (Eu )   A (     0.00)   I
   29-  30    0.4765E-04   1515.0809   45.4210  (Eg )   I (     0.00)   A

 NORMAL MODES NORMALIZED TO CLASSICAL AMPLITUDES (IN BOHR)

 FREQ(CM**-1)      0.00      0.00      0.00    123.64    145.12    145.12

 AT.   1 CA X     0.0000    0.0725   -0.0132    0.0000   -0.0018   -0.0849
            Y     0.0000    0.0132    0.0725    0.0000   -0.0849    0.0018
            Z     0.0737    0.0000    0.0000    0.0833    0.0000    0.0000
 AT.   2 MG X     0.0000    0.0725   -0.0132    0.0000    0.0360    0.0019
            Y     0.0000    0.0132    0.0725    0.0000    0.0019   -0.0360
            Z     0.0737    0.0000    0.0000    0.0330    0.0000    0.0000
 AT.   3 C  X     0.0000    0.0725   -0.0132    0.0000   -0.0040    0.0219
            Y     0.0000    0.0132    0.0725    0.0000    0.0219    0.0040
            Z     0.0737    0.0000    0.0000   -0.0268    0.0000    0.0000
 AT.   4 C  X     0.0000    0.0725   -0.0132    0.0000   -0.0040    0.0219
            Y     0.0000    0.0132    0.0725    0.0000    0.0219    0.0040
            Z     0.0737    0.0000    0.0000   -0.0268    0.0000    0.0000
 AT.   5 O  X    -0.0000    0.0725   -0.0132    0.0466    0.0005    0.0278
            Y    -0.0000    0.0132    0.0725    0.0599    0.0311    0.0150
            Z     0.0737    0.0000   -0.0000   -0.0362   -0.0539   -0.0952
 AT.   6 O  X     0.0000    0.0725   -0.0132   -0.0752   -0.0097    0.0370
            Y    -0.0000    0.0132    0.0725    0.0104    0.0219    0.0048
            Z     0.0737   -0.0000   -0.0000   -0.0362   -0.0555    0.0943
 AT.   7 O  X    -0.0000    0.0725   -0.0132    0.0286   -0.0126    0.0235
            Y     0.0000    0.0132    0.0725   -0.0703    0.0353    0.0019
            Z     0.0737   -0.0000    0.0000   -0.0362    0.1094    0.0009
 AT.   8 O  X    -0.0000    0.0725   -0.0132    0.0466    0.0005    0.0278
            Y    -0.0000    0.0132    0.0725    0.0599    0.0311    0.0150
            Z     0.0737    0.0000   -0.0000   -0.0362   -0.0539   -0.0952
 AT.   9 O  X     0.0000    0.0725   -0.0132   -0.0752   -0.0097    0.0370
            Y    -0.0000    0.0132    0.0725    0.0104    0.0219    0.0048
            Z     0.0737   -0.0000   -0.0000   -0.0362   -0.0555    0.0943
 AT.  10 O  X    -0.0000    0.0725   -0.0132    0.0286   -0.0126    0.0235
            Y     0.0000    0.0132    0.0725   -0.0703    0.0353    0.0019
            Z     0.0737   -0.0000    0.0000   -0.0362    0.1094    0.0009

 FREQ(CM**-1)    194.34    194.34    238.44    291.97    291.97    335.56

 AT.   1 CA X     0.0000    0.0000    0.0000    0.1074   -0.0061    0.0000
            Y     0.0000    0.0000    0.0000    0.0061    0.1074    0.0000
            Z     0.0000    0.0000    0.0000    0.0000    0.0000    0.0000
 AT.   2 MG X     0.0000    0.0000    0.0000   -0.0807    0.0521    0.0000
            Y     0.0000    0.0000    0.0000   -0.0521   -0.0807    0.0000
            Z     0.0000    0.0000    0.0000    0.0000    0.0000    0.0000
 AT.   3 C  X     0.0734   -0.0262    0.0000   -0.0223    0.0015    0.0198
            Y     0.0262    0.0734    0.0000   -0.0015   -0.0223   -0.0369
            Z     0.0000    0.0000   -0.0533    0.0000    0.0000    0.0000
 AT.   4 C  X    -0.0734    0.0262    0.0000   -0.0223    0.0015   -0.0198
            Y    -0.0262   -0.0734    0.0000   -0.0015   -0.0223    0.0369
            Z     0.0000    0.0000    0.0533    0.0000    0.0000    0.0000
 AT.   5 O  X     0.0795   -0.0253    0.0497   -0.0137   -0.0024    0.0261
            Y     0.0295    0.0793    0.0648    0.0192   -0.0242   -0.0329
            Z    -0.0435   -0.0424   -0.0552   -0.0669   -0.0269   -0.0709
 AT.   6 O  X     0.0812   -0.0285   -0.0809   -0.0143   -0.0196    0.0155
            Y     0.0263    0.0776    0.0106    0.0021   -0.0236   -0.0378
            Z     0.0585   -0.0165   -0.0552    0.0567   -0.0444   -0.0594
 AT.   7 O  X     0.0775   -0.0284    0.0313   -0.0289   -0.0105    0.0166
            Y     0.0264    0.0812   -0.0754    0.0112   -0.0091   -0.0262
            Z    -0.0150    0.0589   -0.0552    0.0101    0.0714    0.1303
 AT.   8 O  X    -0.0795    0.0253   -0.0497   -0.0137   -0.0024   -0.0261
            Y    -0.0295   -0.0793   -0.0648    0.0192   -0.0242    0.0329
            Z     0.0435    0.0424    0.0552   -0.0669   -0.0269    0.0709
 AT.   9 O  X    -0.0812    0.0285    0.0809   -0.0143   -0.0196   -0.0155
            Y    -0.0263   -0.0776   -0.0106    0.0021   -0.0236    0.0378
            Z    -0.0585    0.0165    0.0552    0.0567   -0.0444    0.0594
 AT.  10 O  X    -0.0775    0.0284   -0.0313   -0.0289   -0.0105   -0.0166
            Y    -0.0264   -0.0812    0.0754    0.0112   -0.0091    0.0262
            Z     0.0150   -0.0589    0.0552    0.0101    0.0714   -0.1303

 FREQ(CM**-1)    335.56    348.78    375.60    405.16    405.16    412.59

 AT.   1 CA X     0.0000    0.0000    0.0000    0.0127    0.0244    0.0000
            Y     0.0000    0.0000    0.0000    0.0244   -0.0127    0.0000
            Z     0.0000   -0.1122    0.0000    0.0000    0.0000    0.0058
 AT.   2 MG X     0.0000    0.0000    0.0000   -0.0013    0.1593    0.0000
            Y     0.0000    0.0000    0.0000    0.1593    0.0013    0.0000
            Z     0.0000    0.0812    0.0000    0.0000    0.0000    0.1684
 AT.   3 C  X    -0.0369    0.0000    0.0000   -0.0105   -0.0361    0.0000
            Y    -0.0198    0.0000    0.0000   -0.0361    0.0105    0.0000
            Z     0.0000    0.0260    0.0880    0.0000    0.0000   -0.0471
 AT.   4 C  X     0.0369    0.0000    0.0000   -0.0105   -0.0361    0.0000
            Y     0.0198    0.0000    0.0000   -0.0361    0.0105    0.0000
            Z     0.0000    0.0260   -0.0880    0.0000    0.0000   -0.0471
 AT.   5 O  X    -0.0317    0.0298    0.0387   -0.0014   -0.0510   -0.0292
            Y    -0.0127    0.0456    0.0472   -0.0309    0.0033   -0.0289
            Z    -0.1095    0.0199    0.0690   -0.0552   -0.0141   -0.0328
 AT.   6 O  X    -0.0268   -0.0544   -0.0602    0.0059   -0.0351    0.0396
            Y    -0.0233    0.0030    0.0099   -0.0468    0.0106   -0.0109
            Z     0.1162    0.0199    0.0690    0.0154    0.0549   -0.0328
 AT.   7 O  X    -0.0385    0.0246    0.0215   -0.0115   -0.0368   -0.0104
            Y    -0.0222   -0.0486   -0.0571   -0.0451   -0.0069    0.0398
            Z    -0.0067    0.0199    0.0690    0.0398   -0.0407   -0.0328
 AT.   8 O  X     0.0317    0.0298   -0.0387   -0.0014   -0.0510   -0.0292
            Y     0.0127    0.0456   -0.0472   -0.0309    0.0033   -0.0289
            Z     0.1095    0.0199   -0.0690   -0.0552   -0.0141   -0.0328
 AT.   9 O  X     0.0268   -0.0544    0.0602    0.0059   -0.0351    0.0396
            Y     0.0233    0.0030   -0.0099   -0.0468    0.0106   -0.0109
            Z    -0.1162    0.0199   -0.0690    0.0154    0.0549   -0.0328
 AT.  10 O  X     0.0385    0.0246   -0.0215   -0.0115   -0.0368   -0.0104
            Y     0.0222   -0.0486    0.0571   -0.0451   -0.0069    0.0398
            Z     0.0067    0.0199   -0.0690    0.0398   -0.0407   -0.0328

 FREQ(CM**-1)    743.74    743.74    749.96    749.96    884.25    893.65

 AT.   1 CA X     0.0000    0.0000    0.0055   -0.0032    0.0000    0.0000
            Y     0.0000    0.0000   -0.0032   -0.0055    0.0000    0.0000
            Z     0.0000    0.0000    0.0000    0.0000   -0.0000    0.0000
 AT.   2 MG X     0.0000    0.0000   -0.0147    0.0096    0.0000    0.0000
            Y     0.0000    0.0000    0.0096    0.0147    0.0000    0.0000
            Z     0.0000    0.0000    0.0000    0.0000    0.0069    0.0000
 AT.   3 C  X     0.0439    0.0340    0.0492    0.0327    0.0000    0.0000
            Y     0.0340   -0.0439    0.0327   -0.0492    0.0000    0.0000
            Z     0.0000    0.0000    0.0000    0.0000    0.1806    0.1763
 AT.   4 C  X    -0.0439   -0.0340    0.0492    0.0327    0.0000    0.0000
            Y    -0.0340    0.0439    0.0327   -0.0492    0.0000    0.0000
            Z     0.0000    0.0000    0.0000    0.0000    0.1806   -0.1763
 AT.   5 O  X    -0.0469    0.0809   -0.0462    0.0790   -0.0056   -0.0043
            Y    -0.0991   -0.0249   -0.0976   -0.0243   -0.0047   -0.0039
            Z    -0.0103    0.0030   -0.0205    0.0010   -0.0469   -0.0511
 AT.   6 O  X    -0.0710   -0.0852   -0.0698   -0.0839    0.0069    0.0056
            Y     0.0670   -0.0490    0.0654   -0.0479   -0.0025   -0.0018
            Z     0.0077    0.0074    0.0111    0.0172   -0.0469   -0.0511
 AT.   7 O  X     0.0849   -0.0230    0.0832   -0.0229   -0.0013   -0.0012
            Y     0.0048    0.1069    0.0044    0.1050    0.0072    0.0057
            Z     0.0026   -0.0104    0.0093   -0.0183   -0.0469   -0.0511
 AT.   8 O  X     0.0469   -0.0809   -0.0462    0.0790   -0.0056    0.0043
            Y     0.0991    0.0249   -0.0976   -0.0243   -0.0047    0.0039
            Z     0.0103   -0.0030   -0.0205    0.0010   -0.0469    0.0511
 AT.   9 O  X     0.0710    0.0852   -0.0698   -0.0839    0.0069   -0.0056
            Y    -0.0670    0.0490    0.0654   -0.0479   -0.0025    0.0018
            Z    -0.0077   -0.0074    0.0111    0.0172   -0.0469    0.0511
 AT.  10 O  X    -0.0849    0.0230    0.0832   -0.0229   -0.0013    0.0012
            Y    -0.0048   -0.1069    0.0044    0.1050    0.0072   -0.0057
            Z    -0.0026    0.0104    0.0093   -0.0183   -0.0469    0.0511

 FREQ(CM**-1)   1145.20   1147.98   1491.05   1491.05   1515.08   1515.08

 AT.   1 CA X     0.0000    0.0000   -0.0020    0.0015    0.0000    0.0000
            Y     0.0000    0.0000   -0.0015   -0.0020    0.0000    0.0000
            Z     0.0000   -0.0046    0.0000    0.0000    0.0000    0.0000
 AT.   2 MG X     0.0000    0.0000   -0.0060   -0.0033    0.0000    0.0000
            Y     0.0000    0.0000    0.0033   -0.0060    0.0000    0.0000
            Z     0.0000    0.0125    0.0000    0.0000    0.0000    0.0000
 AT.   3 C  X     0.0000    0.0000    0.1740    0.0066    0.0060    0.1753
            Y     0.0000    0.0000   -0.0066    0.1740    0.1753   -0.0060
            Z     0.0001    0.0014    0.0000    0.0000    0.0000    0.0000
 AT.   4 C  X     0.0000    0.0000    0.1740    0.0066   -0.0060   -0.1753
            Y     0.0000    0.0000   -0.0066    0.1740   -0.1753    0.0060
            Z    -0.0001    0.0014    0.0000    0.0000    0.0000    0.0000
 AT.   5 O  X     0.0802    0.0805   -0.0501    0.0308    0.0282   -0.0515
            Y    -0.0631   -0.0624    0.0337   -0.0323   -0.0319    0.0313
            Z    -0.0019   -0.0016    0.0018   -0.0014   -0.0004   -0.0011
 AT.   6 O  X     0.0145    0.0138   -0.0089   -0.0099   -0.0079   -0.0110
            Y     0.1010    0.1009   -0.0070   -0.0735   -0.0724   -0.0049
            Z    -0.0019   -0.0016    0.0003    0.0022   -0.0008    0.0009
 AT.   7 O  X    -0.0947   -0.0943   -0.0647   -0.0253   -0.0249   -0.0626
            Y    -0.0379   -0.0385   -0.0223   -0.0177   -0.0208   -0.0218
            Z    -0.0019   -0.0016   -0.0021   -0.0008    0.0012    0.0002
 AT.   8 O  X    -0.0802    0.0805   -0.0501    0.0308   -0.0282    0.0515
            Y     0.0631   -0.0624    0.0337   -0.0323    0.0319   -0.0313
            Z     0.0019   -0.0016    0.0018   -0.0014    0.0004    0.0011
 AT.   9 O  X    -0.0145    0.0138   -0.0089   -0.0099    0.0079    0.0110
            Y    -0.1010    0.1009   -0.0070   -0.0735    0.0724    0.0049
            Z     0.0019   -0.0016    0.0003    0.0022    0.0008   -0.0009
 AT.  10 O  X     0.0947   -0.0943   -0.0647   -0.0253    0.0249    0.0626
            Y     0.0379   -0.0385   -0.0223   -0.0177    0.0208    0.0218
            Z     0.0019   -0.0016   -0.0021   -0.0008   -0.0012   -0.0002

 *******************************************************************************

 VIBRATIONAL TEMPERATURES (K) OF THE MODES AT THE GAMMA POINT

 TO MODES
   177.9 [   4;]   208.8 [   5;]   208.8 [   6;]   279.6 [   7;]
   279.6 [   8;]   343.1 [   9;]   420.1 [  10;]   420.1 [  11;]
   482.8 [  12;]   482.8 [  13;]   501.8 [  14;]   540.4 [  15;]
   582.9 [  16;]   582.9 [  17;]   593.6 [  18;]  1070.1 [  19;]
  1070.1 [  20;]  1079.0 [  21;]  1079.0 [  22;]  1272.2 [  23;]
  1285.8 [  24;]  1647.7 [  25;]  1651.7 [  26;]  2145.3 [  27;]
  2145.3 [  28;]  2179.9 [  29;]  2179.9 [  30;]


  DISPERSION K POINT NUMBER     2 COORD:  C(  0  0  1 )    WEIGHT:    1.

    MODES         EIGV          FREQUENCIES     IRREP
             (HARTREE**2)   (CM**-1)     (THZ)
    1-   1    0.8546E-07     64.1616    1.9235  (  1)
    2-   2    0.3212E-06    124.3938    3.7292  (  1)
    3-   3    0.3544E-06    130.6507    3.9168  (  1)
    4-   4    0.4407E-06    145.6945    4.3678  (  1)
    5-   5    0.4960E-06    154.5687    4.6339  (  1)
    6-   6    0.8625E-06    203.8307    6.1107  (  1)
    7-   7    0.9567E-06    214.6716    6.4357  (  1)
    8-   8    0.1123E-05    232.5816    6.9726  (  1)
    9-   9    0.1177E-05    238.0909    7.1378  (  1)
   10-  10    0.1439E-05    263.2521    7.8921  (  1)
   11-  11    0.1811E-05    295.3348    8.8539  (  1)
   12-  12    0.2087E-05    317.0802    9.5058  (  1)
   13-  13    0.2336E-05    335.4720   10.0572  (  1)
   14-  14    0.2479E-05    345.5914   10.3606  (  1)
   15-  15    0.3102E-05    386.5742   11.5892  (  1)
   16-  16    0.3423E-05    406.0550   12.1732  (  1)
   17-  17    0.3467E-05    408.6611   12.2514  (  1)
   18-  18    0.3991E-05    438.4771   13.1452  (  1)
   19-  19    0.1118E-04    733.6935   21.9956  (  1)
   20-  20    0.1137E-04    740.0603   22.1864  (  1)
   21-  21    0.1155E-04    745.9678   22.3636  (  1)
   22-  22    0.1175E-04    752.2573   22.5521  (  1)
   23-  23    0.1636E-04    887.8130   26.6160  (  1)
   24-  24    0.1652E-04    891.9524   26.7401  (  1)
   25-  25    0.2719E-04   1144.3485   34.3067  (  1)
   26-  26    0.2725E-04   1145.7602   34.3490  (  1)
   27-  27    0.4719E-04   1507.6498   45.1982  (  1)
   28-  28    0.4837E-04   1526.4333   45.7613  (  1)
   29-  29    0.5026E-04   1555.9333   46.6457  (  1)
   30-  30    0.5496E-04   1627.0836   48.7787  (  1)

 MODES IN PHASE

 FREQ(CM**-1)     64.16    124.39    130.65    145.69    154.57    203.83

 AT.   1 CA X     0.0258    0.0469    0.0639   -0.0295    0.0086    0.0033
            Y    -0.0234   -0.0090   -0.0108   -0.0056    0.1075   -0.0197
            Z    -0.0203    0.0500    0.0055    0.0992    0.0188    0.0257
 AT.   2 MG X     0.0132    0.0207   -0.0011    0.0068   -0.0209   -0.0142
            Y    -0.0064   -0.0068   -0.0021    0.0182   -0.0054   -0.0104
            Z    -0.0222    0.0158   -0.0053    0.0127    0.0084    0.0033
 AT.   3 C  X     0.0182    0.0496    0.0260   -0.0130   -0.0038   -0.0181
            Y    -0.0129   -0.0099   -0.0195    0.0447   -0.0176   -0.0395
            Z    -0.0473    0.0377   -0.0337   -0.0100    0.0118    0.0204
 AT.   4 C  X     0.0018   -0.0094   -0.0237   -0.0006    0.0048    0.0102
            Y    -0.0189   -0.0027    0.0143   -0.0333    0.0270   -0.0394
            Z    -0.0018   -0.0183    0.0275    0.0087   -0.0269    0.0171
 AT.   5 O  X     0.0320    0.0447    0.0495    0.0043    0.0278   -0.0331
            Y     0.0061   -0.0160    0.0129    0.0663    0.0208   -0.0608
            Z    -0.0443    0.0328   -0.0138   -0.0083    0.0207    0.1062
 AT.   6 O  X    -0.0068    0.0622   -0.0183   -0.0583   -0.0414   -0.0072
            Y    -0.0109   -0.0107   -0.0149    0.0470   -0.0073   -0.0393
            Z    -0.0588    0.0728   -0.0507   -0.0187    0.0259   -0.0100
 AT.   7 O  X     0.0093    0.0097   -0.0177    0.0048   -0.0078    0.0307
            Y    -0.0355   -0.0290    0.0334   -0.0400    0.0537    0.0011
            Z    -0.0397    0.0073    0.0563    0.0244   -0.0287    0.0075
 AT.   8 O  X     0.0326    0.0493    0.0063    0.0035    0.0279   -0.0324
            Y     0.0059   -0.0153    0.0109    0.0654    0.0207    0.0018
            Z    -0.0450    0.0333    0.0316   -0.0082    0.0208    0.0399
 AT.   9 O  X    -0.0071    0.0615   -0.0126   -0.0563   -0.0417   -0.0453
            Y    -0.0114   -0.0118    0.0065    0.0476   -0.0075    0.0027
            Z    -0.0586    0.0719   -0.0620   -0.0178    0.0260   -0.0251
 AT.  10 O  X     0.0087    0.0021   -0.0323    0.0048   -0.0075    0.0092
            Y    -0.0345   -0.0263    0.0385   -0.0406    0.0530   -0.0305
            Z    -0.0383    0.0060    0.0244    0.0241   -0.0296   -0.0296

 FREQ(CM**-1)    214.67    232.58    238.09    263.25    295.33    317.08

 AT.   1 CA X     0.0010   -0.0117   -0.0563    0.0018   -0.0275    0.0182
            Y    -0.0032   -0.0178   -0.0154   -0.0020    0.0029   -0.0421
            Z     0.0010    0.0058    0.0118    0.0067   -0.0166    0.0037
 AT.   2 MG X    -0.0471    0.0026   -0.0024    0.0060    0.0224    0.0159
            Y     0.0352   -0.0361    0.0102   -0.0130    0.0948   -0.0019
            Z    -0.0203    0.0349   -0.0007    0.0668    0.0108   -0.0105
 AT.   3 C  X    -0.0682   -0.0010    0.0212    0.0052    0.0224   -0.0257
            Y     0.0000   -0.0002   -0.0125   -0.0081    0.0267   -0.0048
            Z    -0.0250   -0.0165   -0.0323   -0.0081    0.0220   -0.0126
 AT.   4 C  X    -0.0352    0.0053   -0.0208   -0.0028    0.0220    0.0170
            Y    -0.0072    0.0125    0.0266   -0.0079    0.0269   -0.0065
            Z    -0.0122   -0.0189    0.0280   -0.0011    0.0229    0.0237
 AT.   5 O  X    -0.0568    0.0118    0.0480    0.0139    0.0312   -0.0215
            Y     0.0140    0.0193    0.0172    0.0020    0.0332    0.0104
            Z     0.0072   -0.0311   -0.0531    0.0792    0.0674   -0.0429
 AT.   6 O  X    -0.0781   -0.0343   -0.0111   -0.0312    0.0099   -0.0362
            Y     0.0041    0.0046   -0.0132   -0.0065    0.0257   -0.0037
            Z    -0.0454   -0.0404    0.0203   -0.0927    0.0185    0.0504
 AT.   7 O  X     0.0180    0.0247   -0.0179   -0.0150   -0.0306    0.0252
            Y     0.0090    0.0409   -0.0033    0.0350    0.0022    0.0305
            Z     0.0536    0.0203    0.0409   -0.0272    0.0620   -0.0319
 AT.   8 O  X     0.0564   -0.0455    0.0057   -0.0154   -0.0144    0.0034
            Y    -0.0189   -0.0743   -0.0348   -0.0041   -0.0408    0.0124
            Z    -0.0015    0.0833   -0.0262   -0.0737   -0.0208   -0.0276
 AT.   9 O  X     0.0832   -0.0014    0.0069    0.0351    0.0196    0.0473
            Y    -0.0064   -0.0521   -0.0351    0.0077   -0.0195    0.0195
            Z     0.0519    0.0084    0.0219    0.0966   -0.0445    0.0076
 AT.  10 O  X    -0.0292    0.0146   -0.0378    0.0112    0.0379    0.0176
            Y    -0.0123   -0.0162    0.0628   -0.0276    0.0071   -0.0065
            Z    -0.0556    0.0309    0.0489    0.0347   -0.0350    0.0548

 FREQ(CM**-1)    335.47    345.59    386.57    406.05    408.66    438.48

 AT.   1 CA X    -0.0097    0.0140   -0.0448    0.0024    0.0029    0.0085
            Y     0.0418   -0.0172   -0.0431   -0.0153    0.0118    0.0064
            Z    -0.0007   -0.0698   -0.0031    0.0014   -0.0025    0.0033
 AT.   2 MG X    -0.0010    0.0090   -0.0010    0.1264    0.0111    0.0925
            Y     0.0016    0.0025    0.0053   -0.0697   -0.0268    0.1291
            Z     0.0008    0.0085    0.0159   -0.0035    0.1461    0.0249
 AT.   3 C  X     0.0069   -0.0155    0.0354   -0.0109   -0.0230   -0.0132
            Y     0.0302    0.0063    0.0194    0.0410   -0.0031   -0.0326
            Z    -0.0127    0.0274    0.0339   -0.0079   -0.0054   -0.0265
 AT.   4 C  X    -0.0080   -0.0033   -0.0237   -0.0110   -0.0242   -0.0132
            Y    -0.0302   -0.0254   -0.0112    0.0410   -0.0035   -0.0326
            Z     0.0151    0.0086   -0.0559   -0.0078   -0.0030   -0.0265
 AT.   5 O  X    -0.0072    0.0069    0.0469   -0.0340   -0.0399   -0.0197
            Y     0.0096    0.0426    0.0250    0.0223   -0.0176   -0.0337
            Z     0.0376    0.0216    0.0610    0.0347   -0.0347   -0.0405
 AT.   6 O  X     0.0305   -0.0468   -0.0040   -0.0198   -0.0025    0.0209
            Y     0.0296    0.0125    0.0144    0.0443   -0.0107   -0.0352
            Z     0.0131    0.0580   -0.0328    0.0146    0.0504   -0.0229
 AT.   7 O  X    -0.0005   -0.0068   -0.0291    0.0100    0.0066    0.0259
            Y     0.0130    0.0072    0.0304   -0.0011   -0.0295    0.0221
            Z     0.0361    0.0609   -0.0628    0.0255    0.0261    0.0042
 AT.   8 O  X    -0.0125    0.0051    0.0394    0.0150    0.0194   -0.0054
            Y    -0.0255    0.0603    0.0166   -0.0068   -0.0002    0.0120
            Z     0.0175    0.0592    0.0465   -0.0309    0.0211    0.0102
 AT.   9 O  X     0.0472   -0.0384    0.0092   -0.0065    0.0291   -0.0248
            Y     0.0135    0.0395    0.0124   -0.0266    0.0093    0.0097
            Z    -0.0676    0.0474   -0.0394    0.0119   -0.0693    0.0418
 AT.  10 O  X    -0.0029   -0.0058   -0.0375   -0.0114   -0.0259   -0.0193
            Y    -0.0440   -0.0225    0.0252    0.0385   -0.0093    0.0101
            Z     0.0821    0.0476   -0.0685   -0.0639   -0.0249   -0.0003

 FREQ(CM**-1)    733.69    740.06    745.97    752.26    887.81    891.95

 AT.   1 CA X     0.0071    0.0024    0.0034    0.0003   -0.0015    0.0018
            Y     0.0028   -0.0010   -0.0039    0.0009   -0.0012    0.0004
            Z    -0.0031    0.0003    0.0064   -0.0005   -0.0003    0.0013
 AT.   2 MG X     0.0007   -0.0159   -0.0037    0.0117    0.0002    0.0013
            Y    -0.0056    0.0182   -0.0055    0.0127   -0.0019   -0.0011
            Z     0.0017    0.0033    0.0012   -0.0168    0.0031   -0.0007
 AT.   3 C  X     0.0168    0.0478   -0.0347   -0.0256    0.0008    0.0028
            Y     0.0079    0.0206    0.0455    0.0438    0.0017   -0.0010
            Z    -0.0013    0.0011   -0.0027    0.0050    0.1795   -0.0668
 AT.   4 C  X    -0.0171    0.0483    0.0137   -0.0141    0.0039    0.0003
            Y    -0.0203    0.0192   -0.0232    0.0330   -0.0015   -0.0007
            Z    -0.0004    0.0011    0.0016    0.0075    0.0676    0.1776
 AT.   5 O  X    -0.0168   -0.0312   -0.0706   -0.0844   -0.0037    0.0020
            Y    -0.0342   -0.1029    0.0325    0.0047   -0.0036    0.0023
            Z    -0.0071   -0.0173    0.0024   -0.0088   -0.0476    0.0189
 AT.   6 O  X    -0.0212   -0.0819    0.0879    0.0708    0.0067   -0.0029
            Y     0.0233    0.0529    0.0413    0.0591   -0.0033    0.0005
            Z     0.0055    0.0097   -0.0168   -0.0099   -0.0474    0.0167
 AT.   7 O  X    -0.0852   -0.0414   -0.0122   -0.0300   -0.0011   -0.0014
            Y     0.0055    0.0046    0.0719    0.0490   -0.0007    0.0054
            Z    -0.0046   -0.0046   -0.0082   -0.0112    0.0263   -0.0490
 AT.   8 O  X    -0.0536   -0.0015   -0.0722    0.0803   -0.0040    0.0024
            Y    -0.0964    0.0431    0.0334   -0.0088   -0.0030    0.0026
            Z    -0.0154    0.0038    0.0027    0.0073   -0.0295    0.0245
 AT.   9 O  X    -0.0625    0.0398    0.0898   -0.0722    0.0058   -0.0035
            Y     0.0710   -0.0112    0.0427   -0.0542   -0.0011    0.0007
            Z     0.0097   -0.0027   -0.0169    0.0099   -0.0275    0.0225
 AT.  10 O  X    -0.0446    0.0755   -0.0091    0.0361   -0.0036   -0.0016
            Y     0.0037    0.0244    0.0485   -0.0711    0.0058    0.0057
            Z    -0.0017    0.0053   -0.0047    0.0145   -0.0166   -0.0492

 FREQ(CM**-1)   1144.35   1145.76   1507.65   1526.43   1555.93   1627.08

 AT.   1 CA X    -0.0004   -0.0003   -0.0034    0.0004   -0.0017    0.0034
            Y    -0.0023   -0.0014    0.0017   -0.0007   -0.0022    0.0043
            Z    -0.0013    0.0014   -0.0017    0.0004    0.0022   -0.0023
 AT.   2 MG X     0.0005    0.0010   -0.0009   -0.0054    0.0017    0.0008
            Y     0.0005    0.0010    0.0009    0.0040    0.0046    0.0038
            Z    -0.0024    0.0005    0.0003    0.0028   -0.0034   -0.0017
 AT.   3 C  X     0.0003   -0.0006    0.1627    0.0814    0.0175    0.0758
            Y     0.0023   -0.0017   -0.0603   -0.0797   -0.0322    0.1505
            Z     0.0006    0.0000    0.0028   -0.0027   -0.0003   -0.0017
 AT.   4 C  X    -0.0006   -0.0005   -0.1074    0.1362    0.0892    0.0307
            Y    -0.0016    0.0012    0.0236   -0.1069    0.1453   -0.0033
            Z    -0.0011    0.0000   -0.0027   -0.0028   -0.0008   -0.0006
 AT.   5 O  X     0.0566    0.0402   -0.0571   -0.0366   -0.0108    0.0019
            Y    -0.0421   -0.0318    0.0412    0.0306    0.0094   -0.0208
            Z    -0.0018   -0.0007   -0.0018    0.0032    0.0013   -0.0005
 AT.   6 O  X     0.0091    0.0059   -0.0068   -0.0014    0.0026   -0.0158
            Y     0.0689    0.0516    0.0181    0.0300    0.0144   -0.0699
            Z    -0.0009   -0.0010   -0.0000    0.0003   -0.0016    0.0035
 AT.   7 O  X    -0.0267    0.0932    0.0277   -0.0172   -0.0448    0.0142
            Y    -0.0106    0.0372    0.0091   -0.0040   -0.0254    0.0086
            Z    -0.0006    0.0021   -0.0004   -0.0005   -0.0001    0.0019
 AT.   8 O  X     0.0408   -0.0574   -0.0567    0.0339   -0.0084    0.0065
            Y    -0.0317    0.0424    0.0411   -0.0233    0.0148   -0.0209
            Z    -0.0009    0.0003   -0.0014    0.0001    0.0012   -0.0009
 AT.   9 O  X     0.0047   -0.0095   -0.0065    0.0043    0.0078   -0.0130
            Y     0.0508   -0.0699    0.0198   -0.0189    0.0398   -0.0613
            Z    -0.0005    0.0012   -0.0001   -0.0011   -0.0011    0.0038
 AT.  10 O  X     0.0952    0.0266    0.0354   -0.0356   -0.0538   -0.0119
            Y     0.0384    0.0107    0.0112   -0.0055   -0.0301   -0.0067
            Z     0.0011    0.0005   -0.0004   -0.0022    0.0008    0.0023

 MODES IN ANTI-PHASE

 FREQ(CM**-1)     64.16    124.39    130.65    145.69    154.57    203.83

 AT.   1 CA X     0.0002    0.0031    0.0632    0.0009   -0.0001   -0.0020
            Y    -0.0002   -0.0006   -0.0107    0.0002   -0.0008    0.0117
            Z    -0.0002    0.0033    0.0054   -0.0031   -0.0001   -0.0153
 AT.   2 MG X     0.0234    0.0420    0.0042    0.0110   -0.0355   -0.0079
            Y    -0.0114   -0.0138    0.0079    0.0293   -0.0092   -0.0059
            Z    -0.0393    0.0320    0.0202    0.0205    0.0143    0.0018
 AT.   3 C  X     0.0130    0.0262    0.0020   -0.0072    0.0033    0.0230
            Y    -0.0298   -0.0109    0.0054   -0.0149    0.0211   -0.0220
            Z    -0.0306    0.0059    0.0036    0.0048   -0.0241    0.0076
 AT.   4 C  X     0.0223    0.0553   -0.0110   -0.0148   -0.0017   -0.0274
            Y    -0.0265   -0.0145    0.0143    0.0334   -0.0051   -0.0222
            Z    -0.0563    0.0335    0.0197   -0.0068   -0.0014    0.0134
 AT.   5 O  X     0.0305    0.0381    0.0058    0.0139   -0.0060    0.0188
            Y    -0.0075    0.0046    0.0107    0.0130    0.0058   -0.0351
            Z    -0.0370    0.0056    0.0318   -0.0013   -0.0093    0.0123
 AT.   6 O  X    -0.0152   -0.0009   -0.0124   -0.0311    0.0166    0.0476
            Y    -0.0267   -0.0085    0.0066   -0.0114    0.0158   -0.0244
            Z     0.0098   -0.0022   -0.0615   -0.0136   -0.0048    0.0231
 AT.   7 O  X    -0.0352   -0.0570   -0.0321   -0.0013   -0.0159    0.0062
            Y     0.0585    0.0190    0.0382    0.0112    0.0419    0.0354
            Z     0.0764   -0.0091    0.0238    0.0042    0.0553    0.0378
 AT.   8 O  X    -0.0299   -0.0318    0.0494   -0.0141    0.0056    0.0200
            Y     0.0076   -0.0067    0.0128   -0.0172   -0.0061    0.0701
            Z     0.0362   -0.0012   -0.0142    0.0019    0.0090   -0.0992
 AT.   9 O  X     0.0151    0.0090   -0.0182    0.0347   -0.0159   -0.0165
            Y     0.0265    0.0070   -0.0150    0.0084   -0.0157    0.0462
            Z    -0.0109    0.0118   -0.0501    0.0147    0.0044   -0.0023
 AT.  10 O  X     0.0354    0.0578   -0.0174    0.0009    0.0160   -0.0299
            Y    -0.0592   -0.0227    0.0330   -0.0087   -0.0427   -0.0179
            Z    -0.0771    0.0099    0.0561   -0.0058   -0.0548   -0.0246

 FREQ(CM**-1)    214.67    232.58    238.09    263.25    295.33    317.08

 AT.   1 CA X    -0.0093    0.0154   -0.0538    0.0136    0.0461    0.0158
            Y     0.0297    0.0234   -0.0147   -0.0158   -0.0049   -0.0365
            Z    -0.0090   -0.0076    0.0113    0.0521    0.0278    0.0032
 AT.   2 MG X     0.0209    0.0003    0.0097   -0.0046    0.0003   -0.0825
            Y    -0.0156   -0.0046   -0.0417    0.0099    0.0013    0.0099
            Z     0.0090    0.0045    0.0028   -0.0509    0.0001    0.0546
 AT.   3 C  X    -0.0144    0.0248    0.0042    0.0044   -0.0137    0.0185
            Y     0.0098    0.0506   -0.0336    0.0059    0.0071    0.0294
            Z    -0.0062   -0.0118    0.0014   -0.0011    0.0341   -0.0321
 AT.   4 C  X     0.0602   -0.0242   -0.0060   -0.0062    0.0143    0.0267
            Y    -0.0066   -0.0491   -0.0241    0.0063   -0.0063    0.0291
            Z     0.0227    0.0072    0.0161    0.0081   -0.0335   -0.0251
 AT.   5 O  X    -0.0041    0.0439    0.0035   -0.0076   -0.0005    0.0065
            Y     0.0247    0.0718   -0.0356   -0.0087    0.0284    0.0110
            Z    -0.0266   -0.0778   -0.0238    0.0113   -0.0128   -0.0218
 AT.   6 O  X    -0.0324    0.0109    0.0075    0.0195   -0.0277    0.0529
            Y     0.0115    0.0527   -0.0345    0.0056    0.0082    0.0202
            Z    -0.0357    0.0024    0.0210    0.0273    0.0406    0.0004
 AT.   7 O  X     0.0549   -0.0220   -0.0370   -0.0130   -0.0265    0.0142
            Y     0.0166    0.0055    0.0630    0.0249   -0.0092   -0.0110
            Z     0.0154   -0.0377    0.0471    0.0331    0.0062    0.0599
 AT.   8 O  X     0.0080    0.0003    0.0478   -0.0039   -0.0277   -0.0222
            Y     0.0212    0.0005    0.0188   -0.0079   -0.0157    0.0087
            Z    -0.0275    0.0093   -0.0520    0.0310   -0.0654   -0.0394
 AT.   9 O  X    -0.0152    0.0360   -0.0115    0.0110   -0.0219   -0.0433
            Y     0.0103    0.0096   -0.0117    0.0037   -0.0187   -0.0065
            Z    -0.0253    0.0396    0.0193    0.0029    0.0030    0.0499
 AT.  10 O  X     0.0498   -0.0296   -0.0163   -0.0164    0.0143    0.0229
            Y     0.0143   -0.0379   -0.0061    0.0330   -0.0064    0.0317
            Z     0.0038   -0.0296    0.0387    0.0252   -0.0516   -0.0400

 FREQ(CM**-1)    335.47    345.59    386.57    406.05    408.66    438.48

 AT.   1 CA X    -0.0060   -0.0081   -0.0067   -0.0042   -0.0046   -0.0147
            Y     0.0260    0.0099   -0.0064    0.0269   -0.0185   -0.0111
            Z    -0.0004    0.0403   -0.0005   -0.0025    0.0039   -0.0056
 AT.   2 MG X     0.0300    0.0052   -0.0026   -0.0008    0.0005    0.0001
            Y    -0.0497    0.0014    0.0135    0.0004   -0.0012    0.0001
            Z    -0.0252    0.0049    0.0403    0.0000    0.0063    0.0000
 AT.   3 C  X     0.0178    0.0051    0.0033    0.0098   -0.0153    0.0222
            Y     0.0008   -0.0329    0.0044    0.0047   -0.0054    0.0129
            Z    -0.0388   -0.0059   -0.0455   -0.0071    0.0276   -0.0086
 AT.   4 C  X     0.0173   -0.0159    0.0266   -0.0097    0.0133   -0.0222
            Y    -0.0012    0.0219    0.0165   -0.0053    0.0051   -0.0129
            Z    -0.0379    0.0267   -0.0101    0.0072   -0.0280    0.0086
 AT.   5 O  X    -0.0103   -0.0019   -0.0190    0.0027   -0.0027    0.0175
            Y    -0.0332   -0.0450   -0.0249   -0.0053    0.0085    0.0055
            Z     0.0009   -0.0559   -0.0405    0.0153   -0.0071    0.0116
 AT.   6 O  X     0.0376    0.0173    0.0447    0.0194   -0.0310    0.0166
            Y     0.0005   -0.0383   -0.0047    0.0046   -0.0053    0.0090
            Z    -0.0819   -0.0212   -0.0277   -0.0226    0.0529   -0.0350
 AT.   7 O  X    -0.0030    0.0028   -0.0330    0.0073    0.0255    0.0074
            Y    -0.0555    0.0301   -0.0133   -0.0442    0.0241   -0.0244
            Z     0.0737   -0.0198   -0.0289    0.0592    0.0152   -0.0021
 AT.   8 O  X    -0.0019   -0.0050    0.0318    0.0306    0.0350    0.0258
            Y     0.0233   -0.0144    0.0311   -0.0218    0.0195    0.0320
            Z     0.0333    0.0093    0.0565   -0.0220    0.0284    0.0409
 AT.   9 O  X     0.0107    0.0319   -0.0440    0.0270   -0.0109   -0.0098
            Y     0.0263    0.0084    0.0087   -0.0358    0.0074    0.0350
            Z     0.0481   -0.0396    0.0169   -0.0241   -0.0233    0.0024
 AT.  10 O  X     0.0009    0.0045    0.0231   -0.0049    0.0048   -0.0187
            Y     0.0363   -0.0213    0.0216   -0.0217    0.0370   -0.0313
            Z    -0.0003   -0.0428    0.0094    0.0083   -0.0172   -0.0046

 FREQ(CM**-1)    733.69    740.06    745.97    752.26    887.81    891.95

 AT.   1 CA X    -0.0049   -0.0035   -0.0005   -0.0019    0.0007   -0.0001
            Y    -0.0020    0.0014    0.0005   -0.0064    0.0006   -0.0000
            Z     0.0022   -0.0005   -0.0009    0.0039    0.0001   -0.0001
 AT.   2 MG X     0.0003   -0.0013   -0.0047   -0.0048    0.0001    0.0020
            Y    -0.0026    0.0015   -0.0071   -0.0052   -0.0013   -0.0017
            Z     0.0008    0.0003    0.0015    0.0068    0.0020   -0.0011
 AT.   3 C  X    -0.0363    0.0072    0.0051   -0.0061    0.0039    0.0015
            Y    -0.0330   -0.0063   -0.0121   -0.0025   -0.0023   -0.0012
            Z     0.0006    0.0001    0.0009   -0.0057   -0.0021    0.1645
 AT.   4 C  X     0.0362    0.0009   -0.0323    0.0223   -0.0007    0.0031
            Y     0.0272    0.0097    0.0409   -0.0289    0.0024   -0.0014
            Z    -0.0014    0.0000   -0.0024    0.0006    0.1663    0.0022
 AT.   5 O  X     0.0510    0.0132    0.0155    0.0037    0.0022   -0.0037
            Y     0.0902   -0.0078   -0.0074    0.0162    0.0011   -0.0031
            Z     0.0138    0.0024   -0.0012    0.0042    0.0010   -0.0463
 AT.   6 O  X     0.0588   -0.0121   -0.0190    0.0147   -0.0022    0.0050
            Y    -0.0670   -0.0077   -0.0106   -0.0099   -0.0012   -0.0018
            Z    -0.0084   -0.0007    0.0025   -0.0011   -0.0014   -0.0477
 AT.   7 O  X     0.0163   -0.0652   -0.0104   -0.0269    0.0036    0.0019
            Y    -0.0019   -0.0277    0.0793    0.0889   -0.0078   -0.0023
            Z     0.0002   -0.0039   -0.0123   -0.0135    0.0408    0.0042
 AT.   8 O  X    -0.0018    0.0338    0.0037    0.0262    0.0017    0.0034
            Y     0.0011    0.0937   -0.0014    0.0143    0.0022    0.0028
            Z     0.0019    0.0171    0.0005    0.0065    0.0373    0.0436
 AT.   9 O  X    -0.0003    0.0726   -0.0049   -0.0049   -0.0040   -0.0046
            Y     0.0012   -0.0523   -0.0007   -0.0254    0.0034    0.0018
            Z    -0.0023   -0.0093    0.0020    0.0017    0.0386    0.0452
 AT.  10 O  X     0.0744    0.0161    0.0132   -0.0179   -0.0013   -0.0017
            Y    -0.0045   -0.0140   -0.0955    0.0725    0.0053    0.0016
            Z     0.0043    0.0030    0.0141   -0.0100   -0.0456    0.0020

 FREQ(CM**-1)   1144.35   1145.76   1507.65   1526.43   1555.93   1627.08

 AT.   1 CA X    -0.0006   -0.0002   -0.0003   -0.0003    0.0004   -0.0009
            Y    -0.0030   -0.0011    0.0002    0.0006    0.0005   -0.0011
            Z    -0.0017    0.0010   -0.0002   -0.0003   -0.0005    0.0006
 AT.   2 MG X    -0.0011   -0.0080   -0.0019   -0.0022    0.0018    0.0008
            Y    -0.0011   -0.0081    0.0020    0.0016    0.0050    0.0038
            Z     0.0057   -0.0044    0.0006    0.0011   -0.0037   -0.0017
 AT.   3 C  X     0.0006    0.0043   -0.0010    0.1115    0.0909    0.0308
            Y     0.0001    0.0020   -0.0212   -0.0715    0.1432   -0.0031
            Z     0.0010   -0.0002   -0.0011   -0.0012   -0.0009   -0.0006
 AT.   4 C  X     0.0002    0.0043    0.1221   -0.0228    0.0247    0.0759
            Y    -0.0016    0.0023   -0.0594   -0.0046   -0.0207    0.1505
            Z     0.0003   -0.0002    0.0014   -0.0010   -0.0004   -0.0017
 AT.   5 O  X     0.0588   -0.0713   -0.0034   -0.0443   -0.0031   -0.0096
            Y    -0.0452    0.0532    0.0033    0.0318   -0.0149    0.0059
            Z    -0.0015    0.0005    0.0017    0.0007   -0.0001    0.0010
 AT.   6 O  X     0.0075   -0.0116    0.0011   -0.0048   -0.0129   -0.0013
            Y     0.0727   -0.0876    0.0103    0.0272   -0.0623    0.0016
            Z    -0.0007    0.0015   -0.0002    0.0012   -0.0009   -0.0016
 AT.   7 O  X     0.0914    0.0008    0.0429    0.0323    0.0310    0.0486
            Y     0.0369    0.0004    0.0119    0.0047    0.0167    0.0284
            Z     0.0010   -0.0000    0.0004    0.0021   -0.0020   -0.0012
 AT.   8 O  X     0.0707    0.0584   -0.0075    0.0464    0.0075    0.0073
            Y    -0.0530   -0.0453    0.0046   -0.0375    0.0094    0.0052
            Z    -0.0022   -0.0008   -0.0020   -0.0032   -0.0004   -0.0006
 AT.   9 O  X     0.0108    0.0089   -0.0024    0.0025    0.0105    0.0090
            Y     0.0863    0.0738   -0.0067   -0.0358    0.0500    0.0335
            Z    -0.0011   -0.0014    0.0002   -0.0006    0.0016   -0.0003
 AT.  10 O  X    -0.0003    0.0893   -0.0369    0.0087   -0.0087   -0.0492
            Y     0.0001    0.0356   -0.0099    0.0027   -0.0042   -0.0289
            Z    -0.0003    0.0021   -0.0004   -0.0001    0.0018    0.0000


  DISPERSION K POINT NUMBER     3 COORD:  C(  0  0  2 )    WEIGHT:    1.

    MODES         EIGV          FREQUENCIES     IRREP
             (HARTREE**2)   (CM**-1)     (THZ)
    1-   1    0.8546E-07     64.1616    1.9235  (  1)
    2-   2    0.3212E-06    124.3938    3.7292  (  1)
    3-   3    0.3544E-06    130.6507    3.9168  (  1)
    4-   4    0.4407E-06    145.6945    4.3678  (  1)
    5-   5    0.4960E-06    154.5687    4.6339  (  1)
    6-   6    0.8625E-06    203.8307    6.1107  (  1)
    7-   7    0.9567E-06    214.6716    6.4357  (  1)
    8-   8    0.1123E-05    232.5816    6.9726  (  1)
    9-   9    0.1177E-05    238.0909    7.1378  (  1)
   10-  10    0.1439E-05    263.2521    7.8921  (  1)
   11-  11    0.1811E-05    295.3348    8.8539  (  1)
   12-  12    0.2087E-05    317.0802    9.5058  (  1)
   13-  13    0.2336E-05    335.4720   10.0572  (  1)
   14-  14    0.2479E-05    345.5914   10.3606  (  1)
   15-  15    0.3102E-05    386.5742   11.5892  (  1)
   16-  16    0.3423E-05    406.0550   12.1732  (  1)
   17-  17    0.3467E-05    408.6611   12.2514  (  1)
   18-  18    0.3991E-05    438.4771   13.1452  (  1)
   19-  19    0.1118E-04    733.6935   21.9956  (  1)
   20-  20    0.1137E-04    740.0603   22.1864  (  1)
   21-  21    0.1155E-04    745.9678   22.3636  (  1)
   22-  22    0.1175E-04    752.2573   22.5521  (  1)
   23-  23    0.1636E-04    887.8130   26.6160  (  1)
   24-  24    0.1652E-04    891.9524   26.7401  (  1)
   25-  25    0.2719E-04   1144.3485   34.3067  (  1)
   26-  26    0.2725E-04   1145.7602   34.3490  (  1)
   27-  27    0.4719E-04   1507.6498   45.1982  (  1)
   28-  28    0.4837E-04   1526.4333   45.7613  (  1)
   29-  29    0.5026E-04   1555.9333   46.6457  (  1)
   30-  30    0.5496E-04   1627.0836   48.7787  (  1)

 MODES IN PHASE

 FREQ(CM**-1)     64.16    124.39    130.65    145.69    154.57    203.83

 AT.   1 CA X     0.0258    0.0469    0.0639   -0.0295    0.0086    0.0033
            Y    -0.0234   -0.0090   -0.0108   -0.0056    0.1075   -0.0197
            Z    -0.0203    0.0500    0.0055    0.0992    0.0188    0.0257
 AT.   2 MG X     0.0132    0.0207   -0.0011    0.0068   -0.0209   -0.0142
            Y    -0.0064   -0.0068   -0.0021    0.0182   -0.0054   -0.0104
            Z    -0.0222    0.0158   -0.0053    0.0127    0.0084    0.0033
 AT.   3 C  X     0.0182    0.0496    0.0260   -0.0130   -0.0038   -0.0181
            Y    -0.0129   -0.0099   -0.0195    0.0447   -0.0176   -0.0395
            Z    -0.0473    0.0377   -0.0337   -0.0100    0.0118    0.0204
 AT.   4 C  X     0.0018   -0.0094   -0.0237   -0.0006    0.0048    0.0102
            Y    -0.0189   -0.0027    0.0143   -0.0333    0.0270   -0.0394
            Z    -0.0018   -0.0183    0.0275    0.0087   -0.0269    0.0171
 AT.   5 O  X     0.0320    0.0447    0.0495    0.0043    0.0278   -0.0331
            Y     0.0061   -0.0160    0.0129    0.0663    0.0208   -0.0608
            Z    -0.0443    0.0328   -0.0138   -0.0083    0.0207    0.1062
 AT.   6 O  X    -0.0068    0.0622   -0.0183   -0.0583   -0.0414   -0.0072
            Y    -0.0109   -0.0107   -0.0149    0.0470   -0.0073   -0.0393
            Z    -0.0588    0.0728   -0.0507   -0.0187    0.0259   -0.0100
 AT.   7 O  X     0.0093    0.0097   -0.0177    0.0048   -0.0078    0.0307
            Y    -0.0355   -0.0290    0.0334   -0.0400    0.0537    0.0011
            Z    -0.0397    0.0073    0.0563    0.0244   -0.0287    0.0075
 AT.   8 O  X     0.0326    0.0493    0.0063    0.0035    0.0279   -0.0324
            Y     0.0059   -0.0153    0.0109    0.0654    0.0207    0.0018
            Z    -0.0450    0.0333    0.0316   -0.0082    0.0208    0.0399
 AT.   9 O  X    -0.0071    0.0615   -0.0126   -0.0563   -0.0417   -0.0453
            Y    -0.0114   -0.0118    0.0065    0.0476   -0.0075    0.0027
            Z    -0.0586    0.0719   -0.0620   -0.0178    0.0260   -0.0251
 AT.  10 O  X     0.0087    0.0021   -0.0323    0.0048   -0.0075    0.0092
            Y    -0.0345   -0.0263    0.0385   -0.0406    0.0530   -0.0305
            Z    -0.0383    0.0060    0.0244    0.0241   -0.0296   -0.0296

 FREQ(CM**-1)    214.67    232.58    238.09    263.25    295.33    317.08

 AT.   1 CA X     0.0010   -0.0117   -0.0563    0.0018   -0.0275    0.0182
            Y    -0.0032   -0.0178   -0.0154   -0.0020    0.0029   -0.0421
            Z     0.0010    0.0058    0.0118    0.0067   -0.0166    0.0037
 AT.   2 MG X    -0.0471    0.0026   -0.0024    0.0060    0.0224    0.0159
            Y     0.0352   -0.0361    0.0102   -0.0130    0.0948   -0.0019
            Z    -0.0203    0.0349   -0.0007    0.0668    0.0108   -0.0105
 AT.   3 C  X    -0.0682   -0.0010    0.0212    0.0052    0.0224   -0.0257
            Y     0.0000   -0.0002   -0.0125   -0.0081    0.0267   -0.0048
            Z    -0.0250   -0.0165   -0.0323   -0.0081    0.0220   -0.0126
 AT.   4 C  X    -0.0352    0.0053   -0.0208   -0.0028    0.0220    0.0170
            Y    -0.0072    0.0125    0.0266   -0.0079    0.0269   -0.0065
            Z    -0.0122   -0.0189    0.0280   -0.0011    0.0229    0.0237
 AT.   5 O  X    -0.0568    0.0118    0.0480    0.0139    0.0312   -0.0215
            Y     0.0140    0.0193    0.0172    0.0020    0.0332    0.0104
            Z     0.0072   -0.0311   -0.0531    0.0792    0.0674   -0.0429
 AT.   6 O  X    -0.0781   -0.0343   -0.0111   -0.0312    0.0099   -0.0362
            Y     0.0041    0.0046   -0.0132   -0.0065    0.0257   -0.0037
            Z    -0.0454   -0.0404    0.0203   -0.0927    0.0185    0.0504
 AT.   7 O  X     0.0180    0.0247   -0.0179   -0.0150   -0.0306    0.0252
            Y     0.0090    0.0409   -0.0033    0.0350    0.0022    0.0305
            Z     0.0536    0.0203    0.0409   -0.0272    0.0620   -0.0319
 AT.   8 O  X     0.0564   -0.0455    0.0057   -0.0154   -0.0144    0.0034
            Y    -0.0189   -0.0743   -0.0348   -0.0041   -0.0408    0.0124
            Z    -0.0015    0.0833   -0.0262   -0.0737   -0.0208   -0.0276
 AT.   9 O  X     0.0832   -0.0014    0.0069    0.0351    0.0196    0.0473
            Y    -0.0064   -0.0521   -0.0351    0.0077   -0.0195    0.0195
            Z     0.0519    0.0084    0.0219    0.0966   -0.0445    0.0076
 AT.  10 O  X    -0.0292    0.0146   -0.0378    0.0112    0.0379    0.0176
            Y    -0.0123   -0.0162    0.0628   -0.0276    0.0071   -0.0065
            Z    -0.0556    0.0309    0.0489    0.0347   -0.0350    0.0548

 FREQ(CM**-1)    335.47    345.59    386.57    406.05    408.66    438.48

 AT.   1 CA X    -0.0097    0.0140   -0.0448    0.0024    0.0029    0.0085
            Y     0.0418   -0.0172   -0.0431   -0.0153    0.0118    0.0064
            Z    -0.0007   -0.0698   -0.0031    0.0014   -0.0025    0.0033
 AT.   2 MG X    -0.0010    0.0090   -0.0010    0.1264    0.0111    0.0925
            Y     0.0016    0.0025    0.0053   -0.0697   -0.0268    0.1291
            Z     0.0008    0.0085    0.0159   -0.0035    0.1461    0.0249
 AT.   3 C  X     0.0069   -0.0155    0.0354   -0.0109   -0.0230   -0.0132
            Y     0.0302    0.0063    0.0194    0.0410   -0.0031   -0.0326
            Z    -0.0127    0.0274    0.0339   -0.0079   -0.0054   -0.0265
 AT.   4 C  X    -0.0080   -0.0033   -0.0237   -0.0110   -0.0242   -0.0132
            Y    -0.0302   -0.0254   -0.0112    0.0410   -0.0035   -0.0326
            Z     0.0151    0.0086   -0.0559   -0.0078   -0.0030   -0.0265
 AT.   5 O  X    -0.0072    0.0069    0.0469   -0.0340   -0.0399   -0.0197
            Y     0.0096    0.0426    0.0250    0.0223   -0.0176   -0.0337
            Z     0.0376    0.0216    0.0610    0.0347   -0.0347   -0.0405
 AT.   6 O  X     0.0305   -0.0468   -0.0040   -0.0198   -0.0025    0.0209
            Y     0.0296    0.0125    0.0144    0.0443   -0.0107   -0.0352
            Z     0.0131    0.0580   -0.0328    0.0146    0.0504   -0.0229
 AT.   7 O  X    -0.0005   -0.0068   -0.0291    0.0100    0.0066    0.0259
            Y     0.0130    0.0072    0.0304   -0.0011   -0.0295    0.0221
            Z     0.0361    0.0609   -0.0628    0.0255    0.0261    0.0042
 AT.   8 O  X    -0.0125    0.0051    0.0394    0.0150    0.0194   -0.0054
            Y    -0.0255    0.0603    0.0166   -0.0068   -0.0002    0.0120
            Z     0.0175    0.0592    0.0465   -0.0309    0.0211    0.0102
 AT.   9 O  X     0.0472   -0.0384    0.0092   -0.0065    0.0291   -0.0248
            Y     0.0135    0.0395    0.0124   -0.0266    0.0093    0.0097
            Z    -0.0676    0.0474   -0.0394    0.0119   -0.0693    0.0418
 AT.  10 O  X    -0.0029   -0.0058   -0.0375   -0.0114   -0.0259   -0.0193
            Y    -0.0440   -0.0225    0.0252    0.0385   -0.0093    0.0101
            Z     0.0821    0.0476   -0.0685   -0.0639   -0.0249   -0.0003

 FREQ(CM**-1)    733.69    740.06    745.97    752.26    887.81    891.95

 AT.   1 CA X     0.0071    0.0024    0.0034    0.0003   -0.0015    0.0018
            Y     0.0028   -0.0010   -0.0039    0.0009   -0.0012    0.0004
            Z    -0.0031    0.0003    0.0064   -0.0005   -0.0003    0.0013
 AT.   2 MG X     0.0007   -0.0159   -0.0037    0.0117    0.0002    0.0013
            Y    -0.0056    0.0182   -0.0055    0.0127   -0.0019   -0.0011
            Z     0.0017    0.0033    0.0012   -0.0168    0.0031   -0.0007
 AT.   3 C  X     0.0168    0.0478   -0.0347   -0.0256    0.0008    0.0028
            Y     0.0079    0.0206    0.0455    0.0438    0.0017   -0.0010
            Z    -0.0013    0.0011   -0.0027    0.0050    0.1795   -0.0668
 AT.   4 C  X    -0.0171    0.0483    0.0137   -0.0141    0.0039    0.0003
            Y    -0.0203    0.0192   -0.0232    0.0330   -0.0015   -0.0007
            Z    -0.0004    0.0011    0.0016    0.0075    0.0676    0.1776
 AT.   5 O  X    -0.0168   -0.0312   -0.0706   -0.0844   -0.0037    0.0020
            Y    -0.0342   -0.1029    0.0325    0.0047   -0.0036    0.0023
            Z    -0.0071   -0.0173    0.0024   -0.0088   -0.0476    0.0189
 AT.   6 O  X    -0.0212   -0.0819    0.0879    0.0708    0.0067   -0.0029
            Y     0.0233    0.0529    0.0413    0.0591   -0.0033    0.0005
            Z     0.0055    0.0097   -0.0168   -0.0099   -0.0474    0.0167
 AT.   7 O  X    -0.0852   -0.0414   -0.0122   -0.0300   -0.0011   -0.0014
            Y     0.0055    0.0046    0.0719    0.0490   -0.0007    0.0054
            Z    -0.0046   -0.0046   -0.0082   -0.0112    0.0263   -0.0490
 AT.   8 O  X    -0.0536   -0.0015   -0.0722    0.0803   -0.0040    0.0024
            Y    -0.0964    0.0431    0.0334   -0.0088   -0.0030    0.0026
            Z    -0.0154    0.0038    0.0027    0.0073   -0.0295    0.0245
 AT.   9 O  X    -0.0625    0.0398    0.0898   -0.0722    0.0058   -0.0035
            Y     0.0710   -0.0112    0.0427   -0.0542   -0.0011    0.0007
            Z     0.0097   -0.0027   -0.0169    0.0099   -0.0275    0.0225
 AT.  10 O  X    -0.0446    0.0755   -0.0091    0.0361   -0.0036   -0.0016
            Y     0.0037    0.0244    0.0485   -0.0711    0.0058    0.0057
            Z    -0.0017    0.0053   -0.0047    0.0145   -0.0166   -0.0492

 FREQ(CM**-1)   1144.35   1145.76   1507.65   1526.43   1555.93   1627.08

 AT.   1 CA X    -0.0004   -0.0003   -0.0034    0.0004   -0.0017    0.0034
            Y    -0.0023   -0.0014    0.0017   -0.0007   -0.0022    0.0043
            Z    -0.0013    0.0014   -0.0017    0.0004    0.0022   -0.0023
 AT.   2 MG X     0.0005    0.0010   -0.0009   -0.0054    0.0017    0.0008
            Y     0.0005    0.0010    0.0009    0.0040    0.0046    0.0038
            Z    -0.0024    0.0005    0.0003    0.0028   -0.0034   -0.0017
 AT.   3 C  X     0.0003   -0.0006    0.1627    0.0814    0.0175    0.0758
            Y     0.0023   -0.0017   -0.0603   -0.0797   -0.0322    0.1505
            Z     0.0006    0.0000    0.0028   -0.0027   -0.0003   -0.0017
 AT.   4 C  X    -0.0006   -0.0005   -0.1074    0.1362    0.0892    0.0307
            Y    -0.0016    0.0012    0.0236   -0.1069    0.1453   -0.0033
            Z    -0.0011    0.0000   -0.0027   -0.0028   -0.0008   -0.0006
 AT.   5 O  X     0.0566    0.0402   -0.0571   -0.0366   -0.0108    0.0019
            Y    -0.0421   -0.0318    0.0412    0.0306    0.0094   -0.0208
            Z    -0.0018   -0.0007   -0.0018    0.0032    0.0013   -0.0005
 AT.   6 O  X     0.0091    0.0059   -0.0068   -0.0014    0.0026   -0.0158
            Y     0.0689    0.0516    0.0181    0.0300    0.0144   -0.0699
            Z    -0.0009   -0.0010   -0.0000    0.0003   -0.0016    0.0035
 AT.   7 O  X    -0.0267    0.0932    0.0277   -0.0172   -0.0448    0.0142
            Y    -0.0106    0.0372    0.0091   -0.0040   -0.0254    0.0086
            Z    -0.0006    0.0021   -0.0004   -0.0005   -0.0001    0.0019
 AT.   8 O  X     0.0408   -0.0574   -0.0567    0.0339   -0.0084    0.0065
            Y    -0.0317    0.0424    0.0411   -0.0233    0.0148   -0.0209
            Z    -0.0009    0.0003   -0.0014    0.0001    0.0012   -0.0009
 AT.   9 O  X     0.0047   -0.0095   -0.0065    0.0043    0.0078   -0.0130
            Y     0.0508   -0.0699    0.0198   -0.0189    0.0398   -0.0613
            Z    -0.0005    0.0012   -0.0001   -0.0011   -0.0011    0.0038
 AT.  10 O  X     0.0952    0.0266    0.0354   -0.0356   -0.0538   -0.0119
            Y     0.0384    0.0107    0.0112   -0.0055   -0.0301   -0.0067
            Z     0.0011    0.0005   -0.0004   -0.0022    0.0008    0.0023

 MODES IN ANTI-PHASE

 FREQ(CM**-1)     64.16    124.39    130.65    145.69    154.57    203.83

 AT.   1 CA X    -0.0002   -0.0031   -0.0632   -0.0009    0.0001    0.0020
            Y     0.0002    0.0006    0.0107   -0.0002    0.0008   -0.0117
            Z     0.0002   -0.0033   -0.0054    0.0031    0.0001    0.0153
 AT.   2 MG X    -0.0234   -0.0420   -0.0042   -0.0110    0.0355    0.0079
            Y     0.0114    0.0138   -0.0079   -0.0293    0.0092    0.0059
            Z     0.0393   -0.0320   -0.0202   -0.0205   -0.0143   -0.0018
 AT.   3 C  X    -0.0130   -0.0262   -0.0020    0.0072   -0.0033   -0.0230
            Y     0.0298    0.0109   -0.0054    0.0149   -0.0211    0.0220
            Z     0.0306   -0.0059   -0.0036   -0.0048    0.0241   -0.0076
 AT.   4 C  X    -0.0223   -0.0553    0.0110    0.0148    0.0017    0.0274
            Y     0.0265    0.0145   -0.0143   -0.0334    0.0051    0.0222
            Z     0.0563   -0.0335   -0.0197    0.0068    0.0014   -0.0134
 AT.   5 O  X    -0.0305   -0.0381   -0.0058   -0.0139    0.0060   -0.0188
            Y     0.0075   -0.0046   -0.0107   -0.0130   -0.0058    0.0351
            Z     0.0370   -0.0056   -0.0318    0.0013    0.0093   -0.0123
 AT.   6 O  X     0.0152    0.0009    0.0124    0.0311   -0.0166   -0.0476
            Y     0.0267    0.0085   -0.0066    0.0114   -0.0158    0.0244
            Z    -0.0098    0.0022    0.0615    0.0136    0.0048   -0.0231
 AT.   7 O  X     0.0352    0.0570    0.0321    0.0013    0.0159   -0.0062
            Y    -0.0585   -0.0190   -0.0382   -0.0112   -0.0419   -0.0354
            Z    -0.0764    0.0091   -0.0238   -0.0042   -0.0553   -0.0378
 AT.   8 O  X     0.0299    0.0318   -0.0494    0.0141   -0.0056   -0.0200
            Y    -0.0076    0.0067   -0.0128    0.0172    0.0061   -0.0701
            Z    -0.0362    0.0012    0.0142   -0.0019   -0.0090    0.0992
 AT.   9 O  X    -0.0151   -0.0090    0.0182   -0.0347    0.0159    0.0165
            Y    -0.0265   -0.0070    0.0150   -0.0084    0.0157   -0.0462
            Z     0.0109   -0.0118    0.0501   -0.0147   -0.0044    0.0023
 AT.  10 O  X    -0.0354   -0.0578    0.0174   -0.0009   -0.0160    0.0299
            Y     0.0592    0.0227   -0.0330    0.0087    0.0427    0.0179
            Z     0.0771   -0.0099   -0.0561    0.0058    0.0548    0.0246

 FREQ(CM**-1)    214.67    232.58    238.09    263.25    295.33    317.08

 AT.   1 CA X     0.0093   -0.0154    0.0538   -0.0136   -0.0461   -0.0158
            Y    -0.0297   -0.0234    0.0147    0.0158    0.0049    0.0365
            Z     0.0090    0.0076   -0.0113   -0.0521   -0.0278   -0.0032
 AT.   2 MG X    -0.0209   -0.0003   -0.0097    0.0046   -0.0003    0.0825
            Y     0.0156    0.0046    0.0417   -0.0099   -0.0013   -0.0099
            Z    -0.0090   -0.0045   -0.0028    0.0509   -0.0001   -0.0546
 AT.   3 C  X     0.0144   -0.0248   -0.0042   -0.0044    0.0137   -0.0185
            Y    -0.0098   -0.0506    0.0336   -0.0059   -0.0071   -0.0294
            Z     0.0062    0.0118   -0.0014    0.0011   -0.0341    0.0321
 AT.   4 C  X    -0.0602    0.0242    0.0060    0.0062   -0.0143   -0.0267
            Y     0.0066    0.0491    0.0241   -0.0063    0.0063   -0.0291
            Z    -0.0227   -0.0072   -0.0161   -0.0081    0.0335    0.0251
 AT.   5 O  X     0.0041   -0.0439   -0.0035    0.0076    0.0005   -0.0065
            Y    -0.0247   -0.0718    0.0356    0.0087   -0.0284   -0.0110
            Z     0.0266    0.0778    0.0238   -0.0113    0.0128    0.0218
 AT.   6 O  X     0.0324   -0.0109   -0.0075   -0.0195    0.0277   -0.0529
            Y    -0.0115   -0.0527    0.0345   -0.0056   -0.0082   -0.0202
            Z     0.0357   -0.0024   -0.0210   -0.0273   -0.0406   -0.0004
 AT.   7 O  X    -0.0549    0.0220    0.0370    0.0130    0.0265   -0.0142
            Y    -0.0166   -0.0055   -0.0630   -0.0249    0.0092    0.0110
            Z    -0.0154    0.0377   -0.0471   -0.0331   -0.0062   -0.0599
 AT.   8 O  X    -0.0080   -0.0003   -0.0478    0.0039    0.0277    0.0222
            Y    -0.0212   -0.0005   -0.0188    0.0079    0.0157   -0.0087
            Z     0.0275   -0.0093    0.0520   -0.0310    0.0654    0.0394
 AT.   9 O  X     0.0152   -0.0360    0.0115   -0.0110    0.0219    0.0433
            Y    -0.0103   -0.0096    0.0117   -0.0037    0.0187    0.0065
            Z     0.0253   -0.0396   -0.0193   -0.0029   -0.0030   -0.0499
 AT.  10 O  X    -0.0498    0.0296    0.0163    0.0164   -0.0143   -0.0229
            Y    -0.0143    0.0379    0.0061   -0.0330    0.0064   -0.0317
            Z    -0.0038    0.0296   -0.0387   -0.0252    0.0516    0.0400

 FREQ(CM**-1)    335.47    345.59    386.57    406.05    408.66    438.48

 AT.   1 CA X     0.0060    0.0081    0.0067    0.0042    0.0046    0.0147
            Y    -0.0260   -0.0099    0.0064   -0.0269    0.0185    0.0111
            Z     0.0004   -0.0403    0.0005    0.0025   -0.0039    0.0056
 AT.   2 MG X    -0.0300   -0.0052    0.0026    0.0008   -0.0005   -0.0001
            Y     0.0497   -0.0014   -0.0135   -0.0004    0.0012   -0.0001
            Z     0.0252   -0.0049   -0.0403   -0.0000   -0.0063   -0.0000
 AT.   3 C  X    -0.0178   -0.0051   -0.0033   -0.0098    0.0153   -0.0222
            Y    -0.0008    0.0329   -0.0044   -0.0047    0.0054   -0.0129
            Z     0.0388    0.0059    0.0455    0.0071   -0.0276    0.0086
 AT.   4 C  X    -0.0173    0.0159   -0.0266    0.0097   -0.0133    0.0222
            Y     0.0012   -0.0219   -0.0165    0.0053   -0.0051    0.0129
            Z     0.0379   -0.0267    0.0101   -0.0072    0.0280   -0.0086
 AT.   5 O  X     0.0103    0.0019    0.0190   -0.0027    0.0027   -0.0175
            Y     0.0332    0.0450    0.0249    0.0053   -0.0085   -0.0055
            Z    -0.0009    0.0559    0.0405   -0.0153    0.0071   -0.0116
 AT.   6 O  X    -0.0376   -0.0173   -0.0447   -0.0194    0.0310   -0.0166
            Y    -0.0005    0.0383    0.0047   -0.0046    0.0053   -0.0090
            Z     0.0819    0.0212    0.0277    0.0226   -0.0529    0.0350
 AT.   7 O  X     0.0030   -0.0028    0.0330   -0.0073   -0.0255   -0.0074
            Y     0.0555   -0.0301    0.0133    0.0442   -0.0241    0.0244
            Z    -0.0737    0.0198    0.0289   -0.0592   -0.0152    0.0021
 AT.   8 O  X     0.0019    0.0050   -0.0318   -0.0306   -0.0350   -0.0258
            Y    -0.0233    0.0144   -0.0311    0.0218   -0.0195   -0.0320
            Z    -0.0333   -0.0093   -0.0565    0.0220   -0.0284   -0.0409
 AT.   9 O  X    -0.0107   -0.0319    0.0440   -0.0270    0.0109    0.0098
            Y    -0.0263   -0.0084   -0.0087    0.0358   -0.0074   -0.0350
            Z    -0.0481    0.0396   -0.0169    0.0241    0.0233   -0.0024
 AT.  10 O  X    -0.0009   -0.0045   -0.0231    0.0049   -0.0048    0.0187
            Y    -0.0363    0.0213   -0.0216    0.0217   -0.0370    0.0313
            Z     0.0003    0.0428   -0.0094   -0.0083    0.0172    0.0046

 FREQ(CM**-1)    733.69    740.06    745.97    752.26    887.81    891.95

 AT.   1 CA X     0.0049    0.0035    0.0005    0.0019   -0.0007    0.0001
            Y     0.0020   -0.0014   -0.0005    0.0064   -0.0006    0.0000
            Z    -0.0022    0.0005    0.0009   -0.0039   -0.0001    0.0001
 AT.   2 MG X    -0.0003    0.0013    0.0047    0.0048   -0.0001   -0.0020
            Y     0.0026   -0.0015    0.0071    0.0052    0.0013    0.0017
            Z    -0.0008   -0.0003   -0.0015   -0.0068   -0.0020    0.0011
 AT.   3 C  X     0.0363   -0.0072   -0.0051    0.0061   -0.0039   -0.0015
            Y     0.0330    0.0063    0.0121    0.0025    0.0023    0.0012
            Z    -0.0006   -0.0001   -0.0009    0.0057    0.0021   -0.1645
 AT.   4 C  X    -0.0362   -0.0009    0.0323   -0.0223    0.0007   -0.0031
            Y    -0.0272   -0.0097   -0.0409    0.0289   -0.0024    0.0014
            Z     0.0014   -0.0000    0.0024   -0.0006   -0.1663   -0.0022
 AT.   5 O  X    -0.0510   -0.0132   -0.0155   -0.0037   -0.0022    0.0037
            Y    -0.0902    0.0078    0.0074   -0.0162   -0.0011    0.0031
            Z    -0.0138   -0.0024    0.0012   -0.0042   -0.0010    0.0463
 AT.   6 O  X    -0.0588    0.0121    0.0190   -0.0147    0.0022   -0.0050
            Y     0.0670    0.0077    0.0106    0.0099    0.0012    0.0018
            Z     0.0084    0.0007   -0.0025    0.0011    0.0014    0.0477
 AT.   7 O  X    -0.0163    0.0652    0.0104    0.0269   -0.0036   -0.0019
            Y     0.0019    0.0277   -0.0793   -0.0889    0.0078    0.0023
            Z    -0.0002    0.0039    0.0123    0.0135   -0.0408   -0.0042
 AT.   8 O  X     0.0018   -0.0338   -0.0037   -0.0262   -0.0017   -0.0034
            Y    -0.0011   -0.0937    0.0014   -0.0143   -0.0022   -0.0028
            Z    -0.0019   -0.0171   -0.0005   -0.0065   -0.0373   -0.0436
 AT.   9 O  X     0.0003   -0.0726    0.0049    0.0049    0.0040    0.0046
            Y    -0.0012    0.0523    0.0007    0.0254   -0.0034   -0.0018
            Z     0.0023    0.0093   -0.0020   -0.0017   -0.0386   -0.0452
 AT.  10 O  X    -0.0744   -0.0161   -0.0132    0.0179    0.0013    0.0017
            Y     0.0045    0.0140    0.0955   -0.0725   -0.0053   -0.0016
            Z    -0.0043   -0.0030   -0.0141    0.0100    0.0456   -0.0020

 FREQ(CM**-1)   1144.35   1145.76   1507.65   1526.43   1555.93   1627.08

 AT.   1 CA X     0.0006    0.0002    0.0003    0.0003   -0.0004    0.0009
            Y     0.0030    0.0011   -0.0002   -0.0006   -0.0005    0.0011
            Z     0.0017   -0.0010    0.0002    0.0003    0.0005   -0.0006
 AT.   2 MG X     0.0011    0.0080    0.0019    0.0022   -0.0018   -0.0008
            Y     0.0011    0.0081   -0.0020   -0.0016   -0.0050   -0.0038
            Z    -0.0057    0.0044   -0.0006   -0.0011    0.0037    0.0017
 AT.   3 C  X    -0.0006   -0.0043    0.0010   -0.1115   -0.0909   -0.0308
            Y    -0.0001   -0.0020    0.0212    0.0715   -0.1432    0.0031
            Z    -0.0010    0.0002    0.0011    0.0012    0.0009    0.0006
 AT.   4 C  X    -0.0002   -0.0043   -0.1221    0.0228   -0.0247   -0.0759
            Y     0.0016   -0.0023    0.0594    0.0046    0.0207   -0.1505
            Z    -0.0003    0.0002   -0.0014    0.0010    0.0004    0.0017
 AT.   5 O  X    -0.0588    0.0713    0.0034    0.0443    0.0031    0.0096
            Y     0.0452   -0.0532   -0.0033   -0.0318    0.0149   -0.0059
            Z     0.0015   -0.0005   -0.0017   -0.0007    0.0001   -0.0010
 AT.   6 O  X    -0.0075    0.0116   -0.0011    0.0048    0.0129    0.0013
            Y    -0.0727    0.0876   -0.0103   -0.0272    0.0623   -0.0016
            Z     0.0007   -0.0015    0.0002   -0.0012    0.0009    0.0016
 AT.   7 O  X    -0.0914   -0.0008   -0.0429   -0.0323   -0.0310   -0.0486
            Y    -0.0369   -0.0004   -0.0119   -0.0047   -0.0167   -0.0284
            Z    -0.0010    0.0000   -0.0004   -0.0021    0.0020    0.0012
 AT.   8 O  X    -0.0707   -0.0584    0.0075   -0.0464   -0.0075   -0.0073
            Y     0.0530    0.0453   -0.0046    0.0375   -0.0094   -0.0052
            Z     0.0022    0.0008    0.0020    0.0032    0.0004    0.0006
 AT.   9 O  X    -0.0108   -0.0089    0.0024   -0.0025   -0.0105   -0.0090
            Y    -0.0863   -0.0738    0.0067    0.0358   -0.0500   -0.0335
            Z     0.0011    0.0014   -0.0002    0.0006   -0.0016    0.0003
 AT.  10 O  X     0.0003   -0.0893    0.0369   -0.0087    0.0087    0.0492
            Y    -0.0001   -0.0356    0.0099   -0.0027    0.0042    0.0289
            Z     0.0003   -0.0021    0.0004    0.0001   -0.0018   -0.0000


  DISPERSION K POINT NUMBER     4 COORD:  C(  0  1  0 )    WEIGHT:    1.

    MODES         EIGV          FREQUENCIES     IRREP
             (HARTREE**2)   (CM**-1)     (THZ)
    1-   1    0.8546E-07     64.1616    1.9235  (  1)
    2-   2    0.3212E-06    124.3938    3.7292  (  1)
    3-   3    0.3544E-06    130.6507    3.9168  (  1)
    4-   4    0.4407E-06    145.6945    4.3678  (  1)
    5-   5    0.4960E-06    154.5687    4.6339  (  1)
    6-   6    0.8625E-06    203.8307    6.1107  (  1)
    7-   7    0.9567E-06    214.6716    6.4357  (  1)
    8-   8    0.1123E-05    232.5816    6.9726  (  1)
    9-   9    0.1177E-05    238.0909    7.1378  (  1)
   10-  10    0.1439E-05    263.2521    7.8921  (  1)
   11-  11    0.1811E-05    295.3348    8.8539  (  1)
   12-  12    0.2087E-05    317.0802    9.5058  (  1)
   13-  13    0.2336E-05    335.4720   10.0572  (  1)
   14-  14    0.2479E-05    345.5914   10.3606  (  1)
   15-  15    0.3102E-05    386.5742   11.5892  (  1)
   16-  16    0.3423E-05    406.0550   12.1732  (  1)
   17-  17    0.3467E-05    408.6611   12.2514  (  1)
   18-  18    0.3991E-05    438.4771   13.1452  (  1)
   19-  19    0.1118E-04    733.6935   21.9956  (  1)
   20-  20    0.1137E-04    740.0603   22.1864  (  1)
   21-  21    0.1155E-04    745.9678   22.3636  (  1)
   22-  22    0.1175E-04    752.2573   22.5521  (  1)
   23-  23    0.1636E-04    887.8130   26.6160  (  1)
   24-  24    0.1652E-04    891.9524   26.7401  (  1)
   25-  25    0.2719E-04   1144.3485   34.3067  (  1)
   26-  26    0.2725E-04   1145.7602   34.3490  (  1)
   27-  27    0.4719E-04   1507.6498   45.1982  (  1)
   28-  28    0.4837E-04   1526.4333   45.7613  (  1)
   29-  29    0.5026E-04   1555.9333   46.6457  (  1)
   30-  30    0.5496E-04   1627.0836   48.7787  (  1)

 MODES IN PHASE

 FREQ(CM**-1)     64.16    124.39    130.65    145.69    154.57    203.83

 AT.   1 CA X    -0.0170    0.0314    0.0580    0.0099    0.0861   -0.0166
            Y    -0.0054    0.0362    0.0702    0.0282   -0.0594    0.0062
            Z    -0.0104   -0.0501   -0.0077    0.0986    0.0182    0.0228
 AT.   2 MG X    -0.0248    0.0182   -0.0027    0.0139    0.0079    0.0004
            Y    -0.0167    0.0162    0.0043   -0.0169    0.0285   -0.0035
            Z    -0.0451   -0.0176   -0.0114    0.0143    0.0115   -0.0007
 AT.   3 C  X    -0.0381    0.0346    0.0174    0.0443   -0.0090    0.0207
            Y    -0.0015    0.0390    0.0119   -0.0100    0.0086    0.0200
            Z    -0.0503   -0.0380    0.0200   -0.0096    0.0058   -0.0005
 AT.   4 C  X     0.0171    0.0349    0.0199    0.0461   -0.0170   -0.0299
            Y    -0.0079    0.0391    0.0125   -0.0130    0.0151    0.0334
            Z     0.0015   -0.0380    0.0227   -0.0106    0.0175    0.0214
 AT.   5 O  X    -0.0165    0.0407   -0.0063    0.0701    0.0153    0.0326
            Y     0.0286    0.0481   -0.0212    0.0296    0.0332    0.0359
            Z    -0.0212   -0.0726    0.0796   -0.0197    0.0240   -0.0251
 AT.   6 O  X     0.0411    0.0272   -0.0618   -0.0361    0.0594   -0.0307
            Y     0.0059   -0.0085   -0.0056    0.0154   -0.0213    0.0129
            Z     0.0460   -0.0067   -0.0555    0.0246   -0.0149   -0.0332
 AT.   7 O  X    -0.0242    0.0370    0.0044    0.0554    0.0059    0.0258
            Y    -0.0351    0.0327    0.0409   -0.0383   -0.0330    0.0181
            Z    -0.0543   -0.0331   -0.0142   -0.0083    0.0179    0.0231
 AT.   8 O  X     0.0102    0.0408   -0.0051    0.0683    0.0126   -0.0374
            Y    -0.0168    0.0480   -0.0224    0.0221    0.0438    0.0208
            Z    -0.0389   -0.0725    0.0788   -0.0165    0.0263   -0.0061
 AT.   9 O  X    -0.0768    0.0266   -0.0609   -0.0381    0.0377   -0.0096
            Y     0.0040   -0.0090   -0.0048    0.0163   -0.0177   -0.0305
            Z    -0.0859   -0.0066   -0.0579    0.0235   -0.0417    0.0136
 AT.  10 O  X     0.0130    0.0372    0.0058    0.0541    0.0020   -0.0421
            Y     0.0033    0.0331    0.0437   -0.0339   -0.0340    0.0584
            Z     0.0086   -0.0331   -0.0108   -0.0080    0.0223    0.1068

 FREQ(CM**-1)    214.67    232.58    238.09    263.25    295.33    317.08

 AT.   1 CA X    -0.0003   -0.0048   -0.0182    0.0006    0.0139   -0.0125
            Y     0.0001    0.0096   -0.0694    0.0001    0.0190    0.0015
            Z     0.0001    0.0029   -0.0146   -0.0015   -0.0141    0.0010
 AT.   2 MG X     0.0515    0.0221    0.0355   -0.0158   -0.0398    0.0483
            Y     0.0221   -0.0107   -0.0108    0.0014    0.0375    0.0644
            Z    -0.0193   -0.0237   -0.0024    0.0739   -0.0060    0.0529
 AT.   3 C  X     0.0355   -0.0260    0.0365   -0.0100   -0.0174    0.0100
            Y     0.0595    0.0378   -0.0085    0.0006    0.0110   -0.0388
            Z    -0.0255    0.0191    0.0092   -0.0078   -0.0406   -0.0219
 AT.   4 C  X    -0.0357    0.0108    0.0294    0.0099    0.0130   -0.0029
            Y    -0.0595   -0.0147    0.0079   -0.0002   -0.0319    0.0382
            Z     0.0255   -0.0195    0.0306    0.0080    0.0248    0.0093
 AT.   5 O  X     0.0449   -0.0450    0.0337    0.0106   -0.0270   -0.0151
            Y     0.0675    0.0137   -0.0155    0.0330   -0.0048   -0.0650
            Z    -0.0487    0.0212   -0.0265   -0.0958   -0.0441   -0.0240
 AT.   6 O  X    -0.0025   -0.0261   -0.0711    0.0330   -0.0138   -0.0212
            Y    -0.0254    0.0106   -0.0061   -0.0043   -0.0370    0.0120
            Z     0.0548    0.0192   -0.0578   -0.0320   -0.0393    0.0679
 AT.   7 O  X     0.0426   -0.0391    0.0338   -0.0046   -0.0280   -0.0040
            Y     0.0411    0.0720    0.0024   -0.0146    0.0355   -0.0163
            Z     0.0046    0.0816    0.0398    0.0764   -0.0263    0.0017
 AT.   8 O  X    -0.0453    0.0333    0.0152   -0.0104    0.0190    0.0173
            Y    -0.0677    0.0138   -0.0187   -0.0321   -0.0197    0.0602
            Z     0.0492   -0.0373   -0.0254    0.0950    0.0219    0.0400
 AT.   9 O  X     0.0027    0.0270   -0.0266   -0.0348    0.0176    0.0210
            Y     0.0264   -0.0340   -0.0166    0.0044    0.0277   -0.0255
            Z    -0.0550    0.0066   -0.0525    0.0304    0.0623   -0.0616
 AT.  10 O  X    -0.0430    0.0236    0.0179    0.0049    0.0152    0.0119
            Y    -0.0409   -0.0434    0.0439    0.0141   -0.0446    0.0174
            Z    -0.0041   -0.0553    0.0577   -0.0776    0.0661   -0.0211

 FREQ(CM**-1)    335.47    345.59    386.57    406.05    408.66    438.48

 AT.   1 CA X     0.0481   -0.0251    0.0142    0.0131    0.0098   -0.0012
            Y    -0.0147   -0.0041   -0.0574   -0.0050   -0.0094    0.0100
            Z    -0.0008   -0.0800    0.0029   -0.0013   -0.0028   -0.0031
 AT.   2 MG X    -0.0336   -0.0017   -0.0025    0.1234   -0.0286   -0.0656
            Y    -0.0006   -0.0063    0.0009    0.0745    0.0038    0.1446
            Z    -0.0146    0.0059   -0.0076    0.0035    0.1451   -0.0249
 AT.   3 C  X     0.0131    0.0242    0.0013   -0.0409    0.0086    0.0217
            Y    -0.0264    0.0047    0.0386    0.0116    0.0201   -0.0269
            Z    -0.0336    0.0276   -0.0423    0.0082   -0.0075    0.0268
 AT.   4 C  X     0.0167    0.0292   -0.0002    0.0221   -0.0059   -0.0114
            Y    -0.0259    0.0009    0.0380   -0.0152   -0.0225   -0.0071
            Z    -0.0286    0.0254   -0.0082   -0.0103   -0.0239   -0.0213
 AT.   5 O  X    -0.0029    0.0478   -0.0194   -0.0479   -0.0088    0.0409
            Y    -0.0526    0.0300   -0.0036    0.0060    0.0052    0.0011
            Z    -0.0391    0.0616    0.0266   -0.0134    0.0462    0.0240
 AT.   6 O  X    -0.0190   -0.0008   -0.0391    0.0082   -0.0294   -0.0054
            Y     0.0135    0.0089   -0.0028    0.0073    0.0116    0.0332
            Z     0.0734    0.0638    0.0558   -0.0287    0.0249   -0.0041
 AT.   7 O  X    -0.0048    0.0456   -0.0006   -0.0359    0.0040    0.0195
            Y     0.0166   -0.0346    0.0578   -0.0183    0.0434   -0.0333
            Z     0.0304    0.0416   -0.0678   -0.0355   -0.0340    0.0401
 AT.   8 O  X     0.0011    0.0526   -0.0002    0.0221   -0.0074   -0.0220
            Y    -0.0515    0.0249    0.0206   -0.0186   -0.0302   -0.0163
            Z    -0.0247    0.0590    0.0420   -0.0106   -0.0673   -0.0418
 AT.   9 O  X    -0.0104   -0.0072   -0.0384   -0.0381    0.0026   -0.0178
            Y     0.0080    0.0124   -0.0256    0.0086    0.0287   -0.0127
            Z     0.0651    0.0605    0.0690    0.0634   -0.0235    0.0005
 AT.  10 O  X     0.0002    0.0496    0.0074    0.0152   -0.0098   -0.0136
            Y     0.0127   -0.0364    0.0330    0.0104   -0.0135    0.0026
            Z     0.0340    0.0509   -0.0344    0.0320    0.0189   -0.0115

 FREQ(CM**-1)    733.69    740.06    745.97    752.26    887.81    891.95

 AT.   1 CA X    -0.0012    0.0013    0.0027    0.0040   -0.0003    0.0003
            Y    -0.0085    0.0010    0.0005   -0.0042    0.0019    0.0008
            Z    -0.0035   -0.0002   -0.0033   -0.0034   -0.0003   -0.0006
 AT.   2 MG X    -0.0045   -0.0235    0.0047    0.0048   -0.0002   -0.0017
            Y     0.0020   -0.0047   -0.0097   -0.0154    0.0001   -0.0006
            Z     0.0015   -0.0033   -0.0019   -0.0157    0.0003   -0.0007
 AT.   3 C  X     0.0008    0.0080   -0.0253    0.0305    0.0037   -0.0008
            Y    -0.0287    0.0509   -0.0058   -0.0049    0.0008    0.0001
            Z    -0.0014   -0.0011    0.0010    0.0075    0.1114    0.1776
 AT.   4 C  X     0.0079   -0.0109   -0.0344   -0.0201    0.0010    0.0027
            Y    -0.0503   -0.0314   -0.0014   -0.0061   -0.0015    0.0015
            Z    -0.0012    0.0007    0.0020    0.0034    0.1795   -0.1103
 AT.   5 O  X     0.0495   -0.0842    0.0049    0.0222   -0.0039   -0.0045
            Y     0.0105   -0.0466    0.0434   -0.0497   -0.0045   -0.0040
            Z     0.0072   -0.0092    0.0085   -0.0053   -0.0278   -0.0504
 AT.   6 O  X     0.0484   -0.0260   -0.1004   -0.0361    0.0068   -0.0048
            Y     0.0722   -0.0491    0.0398    0.0176    0.0002    0.0001
            Z    -0.0045    0.0054    0.0148    0.0038   -0.0163    0.0225
 AT.   7 O  X    -0.0325    0.0746   -0.0286    0.0188   -0.0007   -0.0012
            Y     0.0508   -0.0745   -0.0205    0.0524    0.0050    0.0055
            Z    -0.0100    0.0163   -0.0006   -0.0088   -0.0299   -0.0500
 AT.   8 O  X     0.0901    0.0480    0.0035    0.0087   -0.0062    0.0026
            Y     0.0183    0.0367    0.0583    0.0418   -0.0042    0.0019
            Z     0.0100    0.0048    0.0089    0.0048   -0.0474    0.0333
 AT.   9 O  X     0.0341    0.0209    0.0408   -0.1055    0.0000   -0.0001
            Y     0.0497    0.0770   -0.0181    0.0190    0.0013    0.0012
            Z    -0.0027   -0.0059   -0.0081    0.0168    0.0259    0.0205
 AT.  10 O  X    -0.0557   -0.0522   -0.0381   -0.0288   -0.0012    0.0003
            Y     0.0920    0.0376   -0.0267   -0.0165    0.0050   -0.0027
            Z    -0.0154   -0.0077   -0.0020   -0.0006   -0.0476    0.0310

 FREQ(CM**-1)   1144.35   1145.76   1507.65   1526.43   1555.93   1627.08

 AT.   1 CA X     0.0029   -0.0002   -0.0032    0.0001   -0.0002   -0.0019
            Y    -0.0025    0.0001   -0.0021   -0.0000    0.0005    0.0049
            Z     0.0022    0.0002    0.0017   -0.0000    0.0004    0.0023
 AT.   2 MG X     0.0002   -0.0028   -0.0012   -0.0060    0.0044   -0.0032
            Y    -0.0010    0.0101   -0.0003   -0.0026   -0.0053    0.0029
            Z    -0.0036   -0.0041   -0.0003   -0.0027   -0.0048    0.0018
 AT.   3 C  X    -0.0007    0.0002    0.1337    0.1609    0.0573   -0.0902
            Y     0.0012   -0.0047    0.1106    0.0657   -0.1373    0.1427
            Z    -0.0011   -0.0002   -0.0028    0.0028   -0.0009    0.0017
 AT.   4 C  X    -0.0011   -0.0005    0.1346   -0.1587   -0.0774   -0.0857
            Y     0.0013    0.0043    0.1066   -0.0676    0.1502    0.1001
            Z    -0.0011    0.0002   -0.0026   -0.0025    0.0009    0.0011
 AT.   5 O  X    -0.0790   -0.0816   -0.0191   -0.0371   -0.0390    0.0522
            Y     0.0584    0.0621    0.0032    0.0163    0.0349   -0.0484
            Z     0.0011    0.0018    0.0000   -0.0011   -0.0015   -0.0033
 AT.   6 O  X     0.0097    0.0072    0.0060    0.0055   -0.0007   -0.0004
            Y     0.0697    0.0496    0.0288    0.0112   -0.0115    0.0220
            Z    -0.0006   -0.0011    0.0004   -0.0013   -0.0018   -0.0018
 AT.   7 O  X     0.0919    0.0946   -0.0643   -0.0669   -0.0049    0.0179
            Y     0.0386    0.0399   -0.0288   -0.0277    0.0112   -0.0092
            Z     0.0022    0.0008    0.0018   -0.0026    0.0004    0.0004
 AT.   8 O  X    -0.0809    0.0796   -0.0203    0.0363    0.0471    0.0440
            Y     0.0602   -0.0603    0.0042   -0.0155   -0.0420   -0.0394
            Z     0.0012   -0.0018    0.0001    0.0012    0.0010   -0.0038
 AT.   9 O  X     0.0071   -0.0098    0.0079   -0.0072    0.0010   -0.0001
            Y     0.0514   -0.0676    0.0361   -0.0160    0.0336   -0.0192
            Z    -0.0003    0.0015    0.0004    0.0015    0.0020   -0.0023
 AT.  10 O  X     0.0943   -0.0921   -0.0640    0.0662    0.0109    0.0212
            Y     0.0398   -0.0385   -0.0286    0.0278   -0.0103   -0.0040
            Z     0.0024   -0.0008    0.0014    0.0023    0.0001    0.0010

 MODES IN ANTI-PHASE

 FREQ(CM**-1)     64.16    124.39    130.65    145.69    154.57    203.83

 AT.   1 CA X     0.0285    0.0002   -0.0030   -0.0011   -0.0216   -0.0141
            Y     0.0091    0.0002   -0.0037   -0.0032    0.0149    0.0052
            Z     0.0174   -0.0003    0.0004   -0.0111   -0.0046    0.0193
 AT.   2 MG X    -0.0003    0.0319   -0.0041    0.0188    0.0082   -0.0022
            Y    -0.0002    0.0286    0.0066   -0.0229    0.0294    0.0197
            Z    -0.0006   -0.0310   -0.0175    0.0194    0.0119    0.0037
 AT.   3 C  X     0.0012    0.0205   -0.0246   -0.0130    0.0193   -0.0338
            Y     0.0098    0.0149   -0.0065    0.0145   -0.0159    0.0305
            Z     0.0255   -0.0037   -0.0273    0.0055   -0.0262    0.0217
 AT.   4 C  X     0.0341   -0.0201    0.0226    0.0028   -0.0128    0.0260
            Y     0.0060   -0.0144    0.0052   -0.0119    0.0100    0.0146
            Z     0.0563    0.0032    0.0251   -0.0033    0.0204   -0.0041
 AT.   5 O  X    -0.0026    0.0045   -0.0108    0.0000    0.0018   -0.0435
            Y     0.0036   -0.0079    0.0123    0.0304   -0.0309    0.0150
            Z     0.0557    0.0066    0.0039   -0.0120   -0.0107   -0.0019
 AT.   6 O  X     0.0650   -0.0467   -0.0051    0.0133    0.0311   -0.0046
            Y    -0.0077   -0.0394   -0.0069   -0.0058   -0.0023   -0.0332
            Z     0.0728    0.0095    0.0257    0.0023    0.0605    0.0194
 AT.   7 O  X    -0.0016    0.0129   -0.0143   -0.0001    0.0068   -0.0471
            Y     0.0152    0.0334   -0.0295   -0.0155    0.0104    0.0562
            Z     0.0196   -0.0036   -0.0316   -0.0007   -0.0139    0.1044
 AT.   8 O  X     0.0133   -0.0040    0.0114   -0.0156   -0.0088    0.0394
            Y    -0.0234    0.0085   -0.0100   -0.0362    0.0116    0.0329
            Z     0.0451   -0.0075   -0.0122    0.0161   -0.0019   -0.0245
 AT.   9 O  X    -0.0052    0.0470    0.0115   -0.0049   -0.0554   -0.0295
            Y    -0.0089    0.0393    0.0074    0.0022    0.0120    0.0183
            Z    -0.0058   -0.0096   -0.0197   -0.0077   -0.0463   -0.0360
 AT.  10 O  X     0.0205   -0.0124    0.0138   -0.0122   -0.0088    0.0333
            Y     0.0381   -0.0329    0.0251    0.0236    0.0064    0.0085
            Z     0.0571    0.0032    0.0329    0.0025    0.0038    0.0053

 FREQ(CM**-1)    214.67    232.58    238.09    263.25    295.33    317.08

 AT.   1 CA X     0.0305   -0.0151    0.0094   -0.0206    0.0286    0.0590
            Y    -0.0068    0.0300    0.0358   -0.0039    0.0393   -0.0069
            Z    -0.0090    0.0091    0.0075    0.0525   -0.0291   -0.0048
 AT.   2 MG X    -0.0291   -0.0243    0.0228    0.0085    0.0587   -0.0157
            Y    -0.0125    0.0118   -0.0069   -0.0008   -0.0553   -0.0210
            Z     0.0109    0.0261   -0.0015   -0.0400    0.0089   -0.0172
 AT.   3 C  X     0.0123   -0.0178   -0.0101    0.0014    0.0029   -0.0155
            Y     0.0018    0.0276   -0.0157   -0.0067   -0.0319   -0.0068
            Z    -0.0038   -0.0068   -0.0310   -0.0024   -0.0004    0.0266
 AT.   4 C  X     0.0116   -0.0296   -0.0239    0.0020   -0.0119   -0.0182
            Y     0.0007    0.0444    0.0160   -0.0067   -0.0111    0.0096
            Z    -0.0033    0.0056    0.0104   -0.0019   -0.0321    0.0332
 AT.   5 O  X     0.0219   -0.0057    0.0054   -0.0033    0.0029   -0.0087
            Y     0.0158    0.0430    0.0119   -0.0148   -0.0288   -0.0019
            Z    -0.0311   -0.0345    0.0124    0.0126   -0.0068   -0.0443
 AT.   6 O  X    -0.0129    0.0099   -0.0180    0.0336    0.0115   -0.0040
            Y    -0.0536   -0.0436    0.0161   -0.0019    0.0061    0.0357
            Z     0.0101    0.0382    0.0233    0.0285    0.0484   -0.0011
 AT.   7 O  X     0.0194   -0.0142    0.0020   -0.0045   -0.0026   -0.0203
            Y    -0.0129    0.0261   -0.0522    0.0088   -0.0289   -0.0063
            Z    -0.0272    0.0191   -0.0425    0.0234    0.0634    0.0481
 AT.   8 O  X     0.0211   -0.0308   -0.0306   -0.0039   -0.0194   -0.0019
            Y     0.0146    0.0429    0.0058   -0.0166   -0.0216    0.0246
            Z    -0.0302   -0.0158    0.0144    0.0178   -0.0389   -0.0308
 AT.   9 O  X    -0.0128   -0.0071    0.0684    0.0317   -0.0037    0.0049
            Y    -0.0531   -0.0293   -0.0043   -0.0016   -0.0253    0.0278
            Z     0.0091    0.0423    0.0336    0.0302   -0.0009   -0.0286
 AT.  10 O  X     0.0186   -0.0343   -0.0287   -0.0042   -0.0236   -0.0169
            Y    -0.0136    0.0630    0.0283    0.0096    0.0100    0.0008
            Z    -0.0272    0.0630   -0.0079    0.0192    0.0186    0.0433

 FREQ(CM**-1)    335.47    345.59    386.57    406.05    408.66    438.48

 AT.   1 CA X    -0.0046    0.0031    0.0051   -0.0262   -0.0130    0.0023
            Y     0.0014    0.0005   -0.0208    0.0101    0.0125   -0.0186
            Z     0.0001    0.0099    0.0011    0.0026    0.0037    0.0057
 AT.   2 MG X    -0.0473   -0.0022   -0.0138   -0.0074   -0.0034    0.0021
            Y    -0.0009   -0.0083    0.0048   -0.0045    0.0005   -0.0047
            Z    -0.0205    0.0078   -0.0427   -0.0002    0.0174    0.0008
 AT.   3 C  X    -0.0203   -0.0235   -0.0019    0.0030    0.0037   -0.0008
            Y     0.0002    0.0151    0.0129    0.0103    0.0176    0.0265
            Z    -0.0232    0.0053    0.0379    0.0067    0.0271    0.0078
 AT.   4 C  X     0.0175    0.0168    0.0023    0.0345   -0.0072   -0.0184
            Y     0.0048   -0.0158    0.0148   -0.0032   -0.0144    0.0371
            Z     0.0291   -0.0118   -0.0562   -0.0026    0.0148   -0.0180
 AT.   5 O  X    -0.0209   -0.0252    0.0230    0.0083    0.0102   -0.0009
            Y    -0.0012    0.0172    0.0364    0.0188    0.0300    0.0189
            Z    -0.0731    0.0031    0.0336    0.0233    0.0566    0.0343
 AT.   6 O  X    -0.0440    0.0264   -0.0130    0.0415    0.0059    0.0250
            Y     0.0278   -0.0152   -0.0366   -0.0162   -0.0334   -0.0069
            Z     0.0368    0.0055    0.0408   -0.0577    0.0172    0.0022
 AT.   7 O  X    -0.0260   -0.0220    0.0122    0.0079    0.0090    0.0033
            Y     0.0194    0.0117   -0.0178    0.0007    0.0014    0.0191
            Z    -0.0220   -0.0431    0.0276   -0.0134   -0.0097   -0.0129
 AT.   8 O  X     0.0211    0.0128   -0.0301    0.0433    0.0113   -0.0345
            Y     0.0110   -0.0240   -0.0303    0.0065    0.0034    0.0096
            Z     0.0792   -0.0180   -0.0088    0.0247   -0.0285   -0.0010
 AT.   9 O  X     0.0468   -0.0255   -0.0151    0.0184    0.0299    0.0184
            Y    -0.0298    0.0126    0.0263   -0.0156   -0.0205   -0.0315
            Z    -0.0500   -0.0209    0.0044   -0.0117   -0.0191    0.0046
 AT.  10 O  X     0.0264    0.0102   -0.0098    0.0334   -0.0013   -0.0144
            Y    -0.0222   -0.0029    0.0507    0.0151   -0.0412    0.0383
            Z     0.0159    0.0316   -0.0646    0.0203    0.0299   -0.0405

 FREQ(CM**-1)    733.69    740.06    745.97    752.26    887.81    891.95

 AT.   1 CA X     0.0005   -0.0033   -0.0044   -0.0023   -0.0001    0.0005
            Y     0.0035   -0.0026   -0.0008    0.0025    0.0009    0.0015
            Z     0.0014    0.0006    0.0056    0.0020   -0.0001   -0.0012
 AT.   2 MG X    -0.0035    0.0036    0.0001    0.0028   -0.0021    0.0025
            Y     0.0015    0.0007   -0.0002   -0.0089    0.0010    0.0009
            Z     0.0012    0.0005   -0.0000   -0.0090    0.0037    0.0011
 AT.   3 C  X    -0.0105    0.0074    0.0524    0.0406   -0.0016    0.0028
            Y     0.0426   -0.0092    0.0047    0.0042   -0.0026    0.0020
            Z     0.0003    0.0001   -0.0027    0.0004    0.1408   -0.0007
 AT.   4 C  X     0.0070    0.0000    0.0470   -0.0466    0.0039    0.0011
            Y    -0.0107   -0.0411    0.0074    0.0022    0.0022    0.0013
            Z     0.0008    0.0008   -0.0021   -0.0067    0.0006    0.1392
 AT.   5 O  X    -0.0784    0.0210   -0.0066    0.0026   -0.0049   -0.0002
            Y    -0.0154   -0.0034   -0.0892   -0.0765   -0.0017   -0.0008
            Z    -0.0069    0.0030   -0.0147   -0.0085   -0.0384    0.0027
 AT.   6 O  X     0.0010   -0.0026    0.0073    0.1009   -0.0053   -0.0039
            Y     0.0031   -0.0605   -0.0007   -0.0118    0.0015    0.0016
            Z    -0.0009    0.0027    0.0013   -0.0172    0.0458    0.0437
 AT.   7 O  X     0.0465   -0.0043    0.0585    0.0439   -0.0010   -0.0006
            Y    -0.0799    0.0258    0.0411    0.0489    0.0025    0.0008
            Z     0.0118   -0.0064    0.0026   -0.0043   -0.0371    0.0001
 AT.   8 O  X     0.0219    0.0723   -0.0074   -0.0206   -0.0000   -0.0036
            Y     0.0038    0.0289   -0.0802    0.0811   -0.0025   -0.0036
            Z    -0.0001    0.0084   -0.0144    0.0088    0.0018   -0.0380
 AT.   9 O  X    -0.0344    0.0157    0.0921   -0.0187    0.0086   -0.0061
            Y    -0.0524   -0.0115   -0.0354   -0.0094   -0.0008    0.0011
            Z     0.0038   -0.0017   -0.0125    0.0052   -0.0411    0.0447
 AT.  10 O  X    -0.0109   -0.0535    0.0527   -0.0381    0.0001   -0.0013
            Y     0.0221    0.0692    0.0374   -0.0697    0.0024    0.0048
            Z    -0.0016   -0.0157    0.0018    0.0097   -0.0006   -0.0392

 FREQ(CM**-1)   1144.35   1145.76   1507.65   1526.43   1555.93   1627.08

 AT.   1 CA X    -0.0003    0.0013   -0.0003   -0.0011    0.0011    0.0007
            Y     0.0003   -0.0012   -0.0002    0.0000   -0.0026   -0.0018
            Z    -0.0002   -0.0017    0.0002    0.0005   -0.0022   -0.0009
 AT.   2 MG X     0.0003    0.0012   -0.0027    0.0029   -0.0015   -0.0026
            Y    -0.0013   -0.0044   -0.0007    0.0013    0.0018    0.0024
            Z    -0.0049    0.0018   -0.0006    0.0013    0.0016    0.0015
 AT.   3 C  X     0.0017    0.0013    0.0173   -0.0024    0.0651    0.0270
            Y    -0.0009    0.0012   -0.0119    0.0180   -0.0612    0.0113
            Z    -0.0000    0.0001    0.0011   -0.0012   -0.0001    0.0004
 AT.   4 C  X    -0.0015    0.0012    0.0074   -0.0265    0.0390    0.0390
            Y     0.0006    0.0022    0.0319    0.0079   -0.0056   -0.1023
            Z     0.0003    0.0001   -0.0016   -0.0016    0.0003   -0.0015
 AT.   5 O  X     0.0174   -0.0004   -0.0083    0.0024   -0.0293   -0.0071
            Y    -0.0147   -0.0007    0.0061   -0.0039    0.0256    0.0044
            Z    -0.0004    0.0001    0.0002   -0.0006    0.0011    0.0020
 AT.   6 O  X     0.0106    0.0124    0.0112    0.0120   -0.0008   -0.0003
            Y     0.0740    0.0860    0.0430    0.0329   -0.0613    0.0544
            Z    -0.0010   -0.0018   -0.0004   -0.0018   -0.0007    0.0013
 AT.   7 O  X    -0.0210   -0.0004   -0.0043   -0.0002   -0.0169   -0.0117
            Y    -0.0097   -0.0015   -0.0012   -0.0029   -0.0002   -0.0045
            Z    -0.0008    0.0003   -0.0017    0.0019   -0.0012   -0.0010
 AT.   8 O  X     0.0007    0.0179    0.0047    0.0079   -0.0127   -0.0289
            Y     0.0013   -0.0146   -0.0054   -0.0063    0.0107    0.0285
            Z     0.0002   -0.0003   -0.0002   -0.0005    0.0016    0.0007
 AT.   9 O  X    -0.0125    0.0105   -0.0099    0.0110   -0.0005    0.0005
            Y    -0.0877    0.0727   -0.0370    0.0308   -0.0526   -0.0554
            Z     0.0011   -0.0015    0.0004   -0.0016    0.0000    0.0002
 AT.  10 O  X    -0.0000   -0.0216   -0.0075    0.0099   -0.0139   -0.0030
            Y     0.0009   -0.0104   -0.0041    0.0013   -0.0044    0.0094
            Z     0.0003    0.0002    0.0020    0.0023   -0.0013    0.0005


  DISPERSION K POINT NUMBER     5 COORD:  C(  0  1  1 )    WEIGHT:    1.

    MODES         EIGV          FREQUENCIES     IRREP
             (HARTREE**2)   (CM**-1)     (THZ)
    1-   1    0.2110E-06    100.8076    3.0221  (  1)
    2-   2    0.2370E-06    106.8493    3.2033  (  1)
    3-   3    0.4147E-06    141.3295    4.2370  (  1)
    4-   4    0.4555E-06    148.1306    4.4408  (  1)
    5-   5    0.5758E-06    166.5361    4.9926  (  1)
    6-   6    0.6723E-06    179.9616    5.3951  (  1)
    7-   7    0.8352E-06    200.5753    6.0131  (  1)
    8-   8    0.9551E-06    214.4930    6.4303  (  1)
    9-   9    0.1309E-05    251.0723    7.5270  (  1)
   10-  10    0.1566E-05    274.6505    8.2338  (  1)
   11-  11    0.1850E-05    298.5266    8.9496  (  1)
   12-  12    0.1917E-05    303.9137    9.1111  (  1)
   13-  13    0.2321E-05    334.3781   10.0244  (  1)
   14-  14    0.2487E-05    346.1153   10.3763  (  1)
   15-  15    0.3247E-05    395.5106   11.8571  (  1)
   16-  16    0.3454E-05    407.8767   12.2278  (  1)
   17-  17    0.3505E-05    410.8694   12.3176  (  1)
   18-  18    0.4354E-05    457.9505   13.7290  (  1)
   19-  19    0.1118E-04    733.9427   22.0030  (  1)
   20-  20    0.1134E-04    739.1490   22.1591  (  1)
   21-  21    0.1159E-04    747.1081   22.3977  (  1)
   22-  22    0.1165E-04    749.1902   22.4602  (  1)
   23-  23    0.1638E-04    888.2416   26.6288  (  1)
   24-  24    0.1652E-04    892.1713   26.7466  (  1)
   25-  25    0.2719E-04   1144.3519   34.3068  (  1)
   26-  26    0.2727E-04   1146.1825   34.3617  (  1)
   27-  27    0.4624E-04   1492.4456   44.7424  (  1)
   28-  28    0.4826E-04   1524.6794   45.7087  (  1)
   29-  29    0.4968E-04   1546.8791   46.3743  (  1)
   30-  30    0.5475E-04   1623.9416   48.6845  (  1)

 MODES IN PHASE

 FREQ(CM**-1)    100.81    106.85    141.33    148.13    166.54    179.96

 AT.   1 CA X     0.0741   -0.0412    0.0068    0.0313   -0.0267   -0.0456
            Y    -0.0060    0.0438    0.0127    0.1068   -0.0061   -0.0009
            Z     0.0045   -0.0329   -0.0379    0.0292   -0.0098   -0.0103
 AT.   2 MG X     0.0119   -0.0034   -0.0309    0.0048   -0.0253    0.0022
            Y    -0.0327    0.0045    0.0025   -0.0184   -0.0179   -0.0077
            Z    -0.0051    0.0423   -0.0155   -0.0142    0.0197   -0.0006
 AT.   3 C  X     0.0102    0.0067   -0.0121    0.0151    0.0077   -0.0126
            Y     0.0487   -0.0110   -0.0063   -0.0149    0.0443   -0.0076
            Z    -0.0046   -0.0266    0.0063    0.0224   -0.0186   -0.0342
 AT.   4 C  X    -0.0150   -0.0092   -0.0162   -0.0030    0.0109   -0.0059
            Y    -0.0334    0.0178   -0.0070    0.0381   -0.0280    0.0307
            Z    -0.0130   -0.0102    0.0109   -0.0108    0.0285    0.0396
 AT.   5 O  X     0.0391    0.0055   -0.0404    0.0222    0.0113    0.0030
            Y     0.0859   -0.0117   -0.0452   -0.0011    0.0467    0.0118
            Z    -0.0153   -0.0550    0.0371    0.0490   -0.0645   -0.0193
 AT.   6 O  X     0.0051   -0.0423    0.0065    0.0067    0.0388    0.0039
            Y    -0.0268    0.0219    0.0068    0.0418   -0.0115    0.0393
            Z    -0.0405   -0.0144   -0.0153    0.0314    0.0776   -0.0070
 AT.   7 O  X    -0.0219    0.0020    0.0231    0.0061    0.0140   -0.0370
            Y    -0.0024   -0.0107   -0.0023    0.0432    0.0052    0.0801
            Z    -0.0171   -0.0717   -0.0408   -0.0089    0.0018    0.0945
 AT.   8 O  X     0.0360    0.0093    0.0212    0.0256    0.0200   -0.0135
            Y     0.0842    0.0046    0.0365    0.0124    0.0444    0.0221
            Z    -0.0130   -0.0710   -0.0355    0.0445   -0.0693   -0.0147
 AT.   9 O  X     0.0151   -0.0339    0.0307    0.0021    0.0158    0.0174
            Y    -0.0372    0.0196   -0.0130    0.0359   -0.0299    0.0293
            Z    -0.0285    0.0072    0.0108    0.0203    0.0551    0.0129
 AT.  10 O  X    -0.0259   -0.0014   -0.0303   -0.0014    0.0050   -0.0263
            Y    -0.0033   -0.0038    0.0320    0.0409   -0.0193    0.0703
            Z    -0.0153   -0.0589    0.0024   -0.0089   -0.0113    0.0841

 FREQ(CM**-1)    200.58    214.49    251.07    274.65    298.53    303.91

 AT.   1 CA X     0.0142   -0.0009    0.0207   -0.0068   -0.0305    0.0126
            Y    -0.0109   -0.0104   -0.0163   -0.0000    0.0040   -0.0269
            Z    -0.0153   -0.0115   -0.0193    0.0009   -0.0345    0.0131
 AT.   2 MG X     0.0189   -0.0017   -0.0002   -0.0590    0.0140    0.0278
            Y     0.0456   -0.0218   -0.0005    0.0130    0.0286   -0.0441
            Z    -0.0261   -0.0417   -0.0004    0.0166    0.0044    0.0853
 AT.   3 C  X    -0.0276   -0.0354    0.0372   -0.0525    0.0269    0.0187
            Y    -0.0190   -0.0217    0.0120   -0.0075    0.0008   -0.0160
            Z     0.0025    0.0351    0.0140   -0.0070   -0.0173    0.0210
 AT.   4 C  X    -0.0108    0.0334   -0.0180   -0.0409    0.0236   -0.0147
            Y     0.0270   -0.0342    0.0208    0.0065   -0.0062    0.0019
            Z     0.0221   -0.0220   -0.0072    0.0077   -0.0134    0.0063
 AT.   5 O  X    -0.0174   -0.0566    0.0233   -0.0444    0.0143    0.0174
            Y    -0.0105   -0.0529   -0.0055    0.0024   -0.0165   -0.0157
            Z     0.0395    0.0592   -0.0140   -0.0543    0.0487    0.0663
 AT.   6 O  X     0.0105   -0.0146   -0.0904    0.0298   -0.0303    0.0400
            Y    -0.0097    0.0445    0.0147   -0.0130   -0.0115    0.0085
            Z     0.0340   -0.0087   -0.0907   -0.0915   -0.0098   -0.0008
 AT.   7 O  X     0.0343   -0.0059   -0.0431    0.0163   -0.0262   -0.0170
            Y    -0.0323    0.0414   -0.0167    0.0087    0.0043    0.0427
            Z    -0.0306    0.0167    0.0071    0.0375    0.0885   -0.0366
 AT.   8 O  X     0.0385    0.0230    0.0402    0.0423    0.0048   -0.0248
            Y     0.0159    0.0577   -0.0321    0.0075    0.0173   -0.0149
            Z    -0.0650   -0.0356   -0.0248    0.0538    0.0283   -0.0255
 AT.   9 O  X     0.0240    0.0157   -0.0256   -0.0388    0.0251   -0.0257
            Y     0.0222   -0.0321    0.0245    0.0073   -0.0090    0.0076
            Z    -0.0289   -0.0172   -0.0538    0.0932   -0.0208    0.0454
 AT.  10 O  X    -0.0258    0.0374   -0.0160   -0.0307    0.0239   -0.0030
            Y     0.0636   -0.0483    0.0242   -0.0129   -0.0069   -0.0093
            Z     0.0554   -0.0265    0.0280   -0.0390   -0.0435    0.0135

 FREQ(CM**-1)    334.38    346.12    395.51    407.88    410.87    457.95

 AT.   1 CA X     0.0144    0.0038    0.0609    0.0069   -0.0067   -0.0174
            Y     0.0305    0.0063   -0.0009    0.0172    0.0003   -0.0032
            Z     0.0197   -0.0149   -0.0343   -0.0003   -0.0124    0.0105
 AT.   2 MG X    -0.0343    0.0025    0.0002    0.0918    0.0064    0.1343
            Y     0.0277    0.0240   -0.0073    0.0182    0.1373   -0.0273
            Z    -0.0334    0.0091   -0.0145    0.1072   -0.0288   -0.0875
 AT.   3 C  X    -0.0132   -0.0053   -0.0188   -0.0214    0.0177   -0.0141
            Y     0.0139   -0.0364    0.0033    0.0252    0.0072   -0.0029
            Z     0.0116    0.0054   -0.0387   -0.0259    0.0022   -0.0030
 AT.   4 C  X     0.0173    0.0020   -0.0247    0.0078   -0.0252   -0.0258
            Y    -0.0087   -0.0329    0.0071   -0.0199   -0.0274    0.0073
            Z     0.0236    0.0086    0.0487    0.0131    0.0016    0.0262
 AT.   5 O  X    -0.0016    0.0100   -0.0343   -0.0535    0.0248   -0.0163
            Y     0.0301   -0.0191   -0.0221   -0.0048    0.0144   -0.0020
            Z     0.0234   -0.0779   -0.0207    0.0034    0.0358   -0.0240
 AT.   6 O  X     0.0473   -0.0147   -0.0600   -0.0058    0.0008    0.0414
            Y    -0.0193    0.0194    0.0152   -0.0014    0.0234   -0.0071
            Z    -0.0390    0.0436    0.0692   -0.0059   -0.0130   -0.0378
 AT.   7 O  X    -0.0285   -0.0135    0.0085    0.0148    0.0083    0.0258
            Y     0.0441    0.0102   -0.0428   -0.0117    0.0284    0.0170
            Z    -0.0092   -0.0713    0.0250    0.0240   -0.0238    0.0007
 AT.   8 O  X    -0.0431    0.0054   -0.0281    0.0269   -0.0032    0.0235
            Y    -0.0463    0.0111   -0.0369    0.0080    0.0082   -0.0146
            Z    -0.0727    0.0915   -0.0358    0.0107    0.0246   -0.0024
 AT.   9 O  X    -0.0171   -0.0062   -0.0586    0.0059   -0.0050   -0.0330
            Y    -0.0077   -0.0380    0.0160   -0.0226   -0.0367    0.0124
            Z    -0.0156   -0.0224    0.0686   -0.0048    0.0541    0.0403
 AT.  10 O  X     0.0326   -0.0010   -0.0036    0.0141   -0.0245   -0.0207
            Y    -0.0416   -0.0293   -0.0333   -0.0299   -0.0436   -0.0184
            Z     0.0461    0.0984    0.0041    0.0556    0.0155   -0.0176

 FREQ(CM**-1)    733.94    739.15    747.11    749.19    888.24    892.17

 AT.   1 CA X    -0.0037   -0.0015   -0.0043    0.0020   -0.0008   -0.0012
            Y     0.0056    0.0011   -0.0058   -0.0000   -0.0001    0.0017
            Z    -0.0018   -0.0016   -0.0050    0.0003    0.0005   -0.0025
 AT.   2 MG X    -0.0002    0.0064   -0.0001   -0.0032   -0.0012    0.0000
            Y    -0.0004    0.0118    0.0001    0.0003    0.0001   -0.0031
            Z    -0.0002    0.0009   -0.0001   -0.0011    0.0019   -0.0040
 AT.   3 C  X    -0.0113    0.0234   -0.0104    0.0262    0.0071   -0.0051
            Y     0.0150   -0.0131   -0.0239    0.0522   -0.0016    0.0013
            Z    -0.0046    0.0022    0.0017    0.0052    0.1782    0.1774
 AT.   4 C  X    -0.0462    0.0299    0.0084    0.0263    0.0071    0.0051
            Y     0.0234   -0.0157    0.0256    0.0522   -0.0017   -0.0012
            Z    -0.0019    0.0017   -0.0011    0.0052    0.1792   -0.1764
 AT.   5 O  X    -0.0203    0.0262    0.0409   -0.0779   -0.0047   -0.0037
            Y     0.0166   -0.0364    0.0339   -0.0792   -0.0004   -0.0071
            Z     0.0006   -0.0050    0.0068   -0.0193   -0.0472   -0.0490
 AT.   6 O  X     0.0723    0.1105   -0.0082    0.0129   -0.0041   -0.0013
            Y     0.0011    0.0080    0.0821   -0.0389    0.0025   -0.0004
            Z    -0.0088   -0.0183    0.0020   -0.0015    0.0194    0.0255
 AT.   7 O  X    -0.0186   -0.0240    0.0835   -0.0412    0.0018   -0.0010
            Y    -0.0607   -0.0899   -0.0559    0.0231   -0.0028   -0.0034
            Z     0.0056    0.0082    0.0087   -0.0081    0.0203    0.0232
 AT.   8 O  X     0.0199    0.0099    0.0831    0.0368    0.0022   -0.0021
            Y    -0.0433   -0.0257    0.0671    0.0409    0.0000   -0.0040
            Z    -0.0024   -0.0024    0.0112    0.0088    0.0244   -0.0272
 AT.   9 O  X     0.1087   -0.0720   -0.0030   -0.0252    0.0100   -0.0031
            Y     0.0108   -0.0073    0.0415    0.0770   -0.0033    0.0010
            Z    -0.0162    0.0140    0.0004    0.0022   -0.0478    0.0505
 AT.  10 O  X    -0.0201    0.0116    0.0409    0.0851   -0.0049   -0.0013
            Y    -0.0946    0.0640   -0.0297   -0.0425    0.0055   -0.0074
            Z     0.0119   -0.0068    0.0044    0.0166   -0.0487    0.0492

 FREQ(CM**-1)   1144.35   1146.18   1492.45   1524.68   1546.88   1623.94

 AT.   1 CA X    -0.0002   -0.0035    0.0004    0.0026   -0.0010    0.0013
            Y    -0.0001   -0.0012   -0.0010   -0.0002    0.0037   -0.0004
            Z     0.0015    0.0013   -0.0002    0.0031    0.0011   -0.0009
 AT.   2 MG X    -0.0005   -0.0012   -0.0005    0.0035    0.0017    0.0013
            Y     0.0001    0.0003   -0.0007    0.0012    0.0062    0.0007
            Z    -0.0025    0.0006    0.0001    0.0052   -0.0021   -0.0013
 AT.   3 C  X    -0.0014    0.0016   -0.0092   -0.1733    0.0066    0.1707
            Y    -0.0014   -0.0030    0.1650    0.0038    0.1742    0.0067
            Z    -0.0009    0.0008    0.0013   -0.0043   -0.0011   -0.0049
 AT.   4 C  X    -0.0010    0.0006   -0.0109    0.1734   -0.0014    0.1707
            Y    -0.0011   -0.0002    0.1737   -0.0038   -0.1654    0.0064
            Z    -0.0008    0.0005    0.0016    0.0043    0.0006   -0.0049
 AT.   5 O  X    -0.0787    0.0391    0.0327    0.0525    0.0286   -0.0512
            Y     0.0618   -0.0304   -0.0313   -0.0322   -0.0329    0.0293
            Z     0.0008   -0.0016   -0.0005    0.0030   -0.0017    0.0036
 AT.   6 O  X     0.0047   -0.0129    0.0009   -0.0060    0.0021    0.0073
            Y     0.0310   -0.1023    0.0155   -0.0045    0.0328   -0.0000
            Z    -0.0004    0.0012   -0.0004   -0.0004    0.0005   -0.0023
 AT.   7 O  X    -0.0290    0.0936    0.0065   -0.0324    0.0091    0.0307
            Y    -0.0139    0.0390    0.0039   -0.0102    0.0111    0.0081
            Z    -0.0005    0.0014    0.0004   -0.0024   -0.0006   -0.0007
 AT.   8 O  X     0.0401    0.0778   -0.0181    0.0286    0.0185    0.0239
            Y    -0.0314   -0.0608    0.0168   -0.0183   -0.0227   -0.0122
            Z    -0.0001   -0.0025   -0.0003    0.0021   -0.0012   -0.0015
 AT.   9 O  X    -0.0125   -0.0050   -0.0075   -0.0127    0.0079   -0.0175
            Y    -0.1009   -0.0312   -0.0740   -0.0063    0.0660   -0.0112
            Z     0.0019    0.0004   -0.0000   -0.0020   -0.0004    0.0053
 AT.  10 O  X     0.0936    0.0287   -0.0202   -0.0641    0.0241   -0.0674
            Y     0.0404    0.0129   -0.0167   -0.0210    0.0216   -0.0216
            Z     0.0014    0.0001   -0.0009   -0.0024   -0.0012    0.0016

 MODES IN ANTI-PHASE

 FREQ(CM**-1)    100.81    106.85    141.33    148.13    166.54    179.96

 AT.   1 CA X     0.0087   -0.0082   -0.0165    0.0054   -0.0061   -0.0099
            Y    -0.0007    0.0087   -0.0307    0.0184   -0.0014   -0.0002
            Z     0.0005   -0.0066    0.0914    0.0050   -0.0022   -0.0023
 AT.   2 MG X    -0.0160    0.0039   -0.0403   -0.0058    0.0272   -0.0024
            Y     0.0439   -0.0051    0.0032    0.0221    0.0193    0.0085
            Z     0.0069   -0.0482   -0.0202    0.0170   -0.0213    0.0007
 AT.   3 C  X    -0.0109   -0.0063    0.0172    0.0132    0.0306   -0.0278
            Y     0.0002    0.0150    0.0033    0.0412    0.0152    0.0422
            Z    -0.0223   -0.0514   -0.0187    0.0096    0.0234    0.0203
 AT.   4 C  X    -0.0001   -0.0010   -0.0135    0.0198    0.0297   -0.0300
            Y     0.0355    0.0052   -0.0015    0.0217    0.0375    0.0300
            Z    -0.0187   -0.0570    0.0165    0.0219    0.0089   -0.0032
 AT.   5 O  X    -0.0089    0.0111    0.0104    0.0138    0.0226   -0.0390
            Y     0.0025    0.0401   -0.0064    0.0402    0.0053    0.0274
            Z     0.0078   -0.0528    0.0131   -0.0052   -0.0258    0.0070
 AT.   6 O  X     0.0438    0.0133   -0.0500   -0.0126   -0.0440    0.0332
            Y    -0.0477   -0.0016    0.0116   -0.0106   -0.0449   -0.0154
            Z     0.0469    0.0535    0.0000   -0.0278   -0.0339    0.0463
 AT.   7 O  X    -0.0195   -0.0084    0.0197   -0.0214   -0.0176    0.0177
            Y    -0.0041    0.0160   -0.0429    0.0006   -0.0553   -0.0061
            Z     0.0056    0.0191    0.0374   -0.0016   -0.0297   -0.0043
 AT.   8 O  X     0.0177   -0.0081    0.0359   -0.0055   -0.0154    0.0367
            Y     0.0175   -0.0415    0.0274   -0.0383    0.0155   -0.0201
            Z    -0.0112    0.0276   -0.0170    0.0213   -0.0048   -0.0144
 AT.   9 O  X    -0.0414   -0.0285   -0.0399    0.0141    0.0565   -0.0285
            Y     0.0401    0.0098    0.0034    0.0240    0.0354    0.0304
            Z    -0.0550   -0.0549    0.0108    0.0367    0.0642   -0.0450
 AT.  10 O  X     0.0139    0.0086   -0.0024    0.0223    0.0219   -0.0315
            Y     0.0034   -0.0189   -0.0287    0.0139    0.0521    0.0389
            Z    -0.0094   -0.0451    0.0553   -0.0014    0.0275    0.0432

 FREQ(CM**-1)    200.58    214.49    251.07    274.65    298.53    303.91

 AT.   1 CA X     0.0403   -0.0027   -0.0124    0.0411    0.0349    0.0256
            Y    -0.0310   -0.0317    0.0098    0.0002   -0.0046   -0.0543
            Z    -0.0434   -0.0351    0.0116   -0.0053    0.0394    0.0265
 AT.   2 MG X     0.0035   -0.0003   -0.0102   -0.0484    0.0410    0.0018
            Y     0.0085   -0.0046   -0.0258    0.0107    0.0840   -0.0029
            Z    -0.0049   -0.0088   -0.0234    0.0136    0.0130    0.0055
 AT.   3 C  X     0.0152   -0.0298   -0.0445    0.0022   -0.0033    0.0082
            Y    -0.0244    0.0367    0.0171   -0.0184   -0.0183    0.0046
            Z    -0.0227    0.0183   -0.0173   -0.0196    0.0068   -0.0156
 AT.   4 C  X     0.0296    0.0320    0.0551    0.0331    0.0133   -0.0141
            Y     0.0151    0.0256    0.0011    0.0187    0.0173    0.0166
            Z    -0.0059   -0.0329    0.0210    0.0193   -0.0129   -0.0254
 AT.   5 O  X     0.0398   -0.0383   -0.0331   -0.0009   -0.0068   -0.0178
            Y     0.0124    0.0255    0.0334   -0.0306   -0.0152   -0.0308
            Z    -0.0546    0.0205    0.0207   -0.0075   -0.0351    0.0186
 AT.   6 O  X     0.0513    0.0066   -0.0191    0.0330   -0.0213   -0.0017
            Y     0.0234    0.0064   -0.0199    0.0157    0.0106    0.0160
            Z    -0.0038   -0.0410    0.0128   -0.0203    0.0223    0.0566
 AT.   7 O  X     0.0016    0.0552   -0.0048    0.0476   -0.0206   -0.0168
            Y     0.0614   -0.0252   -0.0363    0.0147    0.0064    0.0210
            Z     0.0504   -0.0221   -0.0279    0.0107    0.0320   -0.0110
 AT.   8 O  X     0.0201   -0.0643   -0.0050    0.0133   -0.0151    0.0030
            Y     0.0031   -0.0107   -0.0108   -0.0298    0.0143   -0.0312
            Z    -0.0179    0.0516    0.0026    0.0103   -0.0530    0.0640
 AT.   9 O  X     0.0466   -0.0034    0.0887    0.0217    0.0272    0.0308
            Y     0.0122    0.0314   -0.0036    0.0190    0.0128    0.0165
            Z     0.0183   -0.0382    0.0741    0.0101    0.0127    0.0337
 AT.  10 O  X     0.0227    0.0411    0.0403    0.0399    0.0233   -0.0237
            Y     0.0276    0.0042    0.0318    0.0111   -0.0034    0.0467
            Z     0.0201   -0.0079    0.0068   -0.0018   -0.0834   -0.0357

 FREQ(CM**-1)    334.38    346.12    395.51    407.88    410.87    457.95

 AT.   1 CA X     0.0167   -0.0103   -0.0151    0.0117   -0.0133   -0.0309
            Y     0.0354   -0.0174    0.0002    0.0290    0.0006   -0.0058
            Z     0.0228    0.0409    0.0085   -0.0005   -0.0247    0.0186
 AT.   2 MG X     0.0065    0.0030   -0.0008   -0.0009    0.0004    0.0016
            Y    -0.0053    0.0286    0.0252   -0.0002    0.0081   -0.0003
            Z     0.0064    0.0108    0.0501   -0.0011   -0.0017   -0.0010
 AT.   3 C  X    -0.0111   -0.0206   -0.0255    0.0038    0.0198    0.0371
            Y    -0.0034   -0.0038    0.0073    0.0080    0.0267   -0.0067
            Z    -0.0526   -0.0104    0.0473    0.0003   -0.0027   -0.0282
 AT.   4 C  X    -0.0005    0.0212   -0.0198    0.0203   -0.0085    0.0301
            Y    -0.0113    0.0160    0.0035   -0.0174    0.0040   -0.0006
            Z    -0.0484    0.0079   -0.0369    0.0223   -0.0030   -0.0109
 AT.   5 O  X    -0.0438   -0.0202   -0.0048    0.0013    0.0145    0.0176
            Y    -0.0423    0.0055    0.0372    0.0065    0.0210   -0.0183
            Z    -0.0700   -0.0494    0.0375    0.0140    0.0574   -0.0175
 AT.   6 O  X    -0.0103    0.0270    0.0118    0.0036   -0.0056   -0.0134
            Y    -0.0107    0.0360   -0.0055   -0.0266   -0.0283    0.0102
            Z    -0.0216   -0.0170   -0.0158   -0.0087    0.0577    0.0242
 AT.   7 O  X     0.0288    0.0176    0.0237    0.0242   -0.0243   -0.0086
            Y    -0.0355    0.0333   -0.0097   -0.0406   -0.0332   -0.0111
            Z     0.0453   -0.0681    0.0385    0.0767    0.0015   -0.0202
 AT.   8 O  X    -0.0080   -0.0219    0.0203   -0.0462    0.0286   -0.0048
            Y     0.0235    0.0165   -0.0226   -0.0011    0.0241   -0.0112
            Z     0.0128    0.0123   -0.0235    0.0097    0.0630   -0.0296
 AT.   9 O  X     0.0453    0.0301    0.0176   -0.0034   -0.0027    0.0284
            Y    -0.0207    0.0150   -0.0022   -0.0141    0.0018   -0.0008
            Z    -0.0417   -0.0411   -0.0183   -0.0094    0.0241   -0.0197
 AT.  10 O  X    -0.0240    0.0222   -0.0250    0.0246   -0.0079    0.0176
            Y     0.0384    0.0189    0.0286   -0.0299    0.0029    0.0087
            Z    -0.0025   -0.0062   -0.0457    0.0580   -0.0181   -0.0099

 FREQ(CM**-1)    733.94    739.15    747.11    749.19    888.24    892.17

 AT.   1 CA X     0.0018    0.0032    0.0025   -0.0034    0.0012   -0.0006
            Y    -0.0027   -0.0023    0.0034    0.0000    0.0002    0.0009
            Z     0.0008    0.0034    0.0029   -0.0005   -0.0007   -0.0012
 AT.   2 MG X     0.0029    0.0093   -0.0144   -0.0057   -0.0023   -0.0000
            Y     0.0045    0.0170    0.0113    0.0005    0.0002    0.0020
            Z     0.0029    0.0013   -0.0163   -0.0019    0.0037    0.0026
 AT.   3 C  X    -0.0452   -0.0425    0.0160    0.0027    0.0002    0.0004
            Y     0.0193    0.0175    0.0440    0.0005   -0.0010    0.0008
            Z    -0.0002    0.0032   -0.0022   -0.0012    0.0190   -0.0001
 AT.   4 C  X     0.0057    0.0382   -0.0171   -0.0022    0.0006   -0.0002
            Y     0.0071   -0.0151   -0.0430    0.0005    0.0008    0.0009
            Z    -0.0042   -0.0035    0.0026    0.0013   -0.0001    0.0187
 AT.   5 O  X    -0.0419   -0.0341   -0.0724    0.0009   -0.0004    0.0001
            Y     0.0689    0.0629   -0.0580   -0.0030    0.0001    0.0003
            Z     0.0035    0.0071   -0.0090    0.0006   -0.0057    0.0020
 AT.   6 O  X    -0.0814    0.0027   -0.0012    0.0217   -0.0092   -0.0028
            Y    -0.0129    0.0030   -0.0017   -0.0665    0.0025    0.0015
            Z     0.0137   -0.0031    0.0006   -0.0016    0.0436    0.0440
 AT.   7 O  X     0.0108    0.0046   -0.0002   -0.0745    0.0045   -0.0009
            Y     0.0727   -0.0092    0.0028    0.0358   -0.0048   -0.0066
            Z    -0.0108    0.0021   -0.0002   -0.0144    0.0442    0.0439
 AT.   8 O  X     0.0421   -0.0418   -0.0004    0.0686    0.0041   -0.0031
            Y    -0.0561    0.0680   -0.0013    0.0679    0.0004   -0.0059
            Z    -0.0027    0.0083   -0.0015    0.0172    0.0408   -0.0408
 AT.   9 O  X    -0.0052   -0.0839    0.0077   -0.0008    0.0000    0.0006
            Y     0.0073   -0.0043   -0.0708    0.0019   -0.0012   -0.0012
            Z    -0.0017    0.0122   -0.0021    0.0005   -0.0000   -0.0053
 AT.  10 O  X     0.0077    0.0215   -0.0727    0.0001    0.0002   -0.0003
            Y     0.0016    0.0638    0.0474   -0.0030    0.0006    0.0011
            Z     0.0024   -0.0050   -0.0075    0.0002   -0.0006   -0.0071

 FREQ(CM**-1)   1144.35   1146.18   1492.45   1524.68   1546.88   1623.94

 AT.   1 CA X     0.0003    0.0025   -0.0005    0.0015   -0.0004   -0.0022
            Y     0.0001    0.0009    0.0012   -0.0001    0.0014    0.0007
            Z    -0.0021   -0.0010    0.0002    0.0018    0.0004    0.0016
 AT.   2 MG X    -0.0011   -0.0116   -0.0014   -0.0020   -0.0014    0.0022
            Y     0.0003    0.0030   -0.0017   -0.0007   -0.0050    0.0013
            Z    -0.0056    0.0051    0.0001   -0.0029    0.0017   -0.0022
 AT.   3 C  X     0.0018   -0.0007   -0.0071   -0.0043    0.0164    0.0018
            Y     0.0010    0.0024    0.0542    0.0058    0.0022    0.0178
            Z     0.0003   -0.0001    0.0013   -0.0002   -0.0015   -0.0000
 AT.   4 C  X    -0.0020    0.0017    0.0040   -0.0017    0.0176   -0.0043
            Y    -0.0013   -0.0039   -0.0020    0.0058    0.0545   -0.0179
            Z    -0.0005    0.0007   -0.0009   -0.0001   -0.0018    0.0001
 AT.   5 O  X    -0.0169   -0.0692    0.0113    0.0035   -0.0038    0.0028
            Y     0.0133    0.0541   -0.0102   -0.0030    0.0023   -0.0033
            Z    -0.0001    0.0021    0.0004    0.0008    0.0001   -0.0004
 AT.   6 O  X     0.0117    0.0011    0.0075   -0.0111    0.0093    0.0160
            Y     0.0960    0.0000    0.0724   -0.0048    0.0619    0.0131
            Z    -0.0018   -0.0000    0.0001   -0.0021   -0.0013   -0.0049
 AT.   7 O  X    -0.0890   -0.0002    0.0192   -0.0554    0.0257    0.0602
            Y    -0.0380   -0.0010    0.0163   -0.0183    0.0199    0.0204
            Z    -0.0013    0.0004    0.0008   -0.0014   -0.0010   -0.0014
 AT.   8 O  X     0.0698   -0.0161   -0.0295    0.0441    0.0221    0.0454
            Y    -0.0548    0.0125    0.0283   -0.0267   -0.0239   -0.0268
            Z    -0.0008    0.0008    0.0006    0.0023   -0.0012   -0.0033
 AT.   9 O  X    -0.0009    0.0119    0.0008    0.0002   -0.0055    0.0020
            Y    -0.0003    0.0974    0.0006   -0.0016   -0.0235    0.0067
            Z    -0.0002   -0.0012    0.0004    0.0007    0.0013   -0.0006
 AT.  10 O  X     0.0005   -0.0891   -0.0022   -0.0014   -0.0128    0.0045
            Y     0.0017   -0.0369   -0.0003    0.0001   -0.0072    0.0035
            Z     0.0001   -0.0014   -0.0002   -0.0014    0.0004   -0.0001


  DISPERSION K POINT NUMBER     6 COORD:  C(  0  1  2 )    WEIGHT:    1.

    MODES         EIGV          FREQUENCIES     IRREP
             (HARTREE**2)   (CM**-1)     (THZ)
    1-   1    0.2140E-06    101.5241    3.0436  (  1)
    2-   2    0.3635E-06    132.3274    3.9671  (  1)
    3-   3    0.4768E-06    151.5476    4.5433  (  1)
    4-   4    0.5127E-06    157.1553    4.7114  (  1)
    5-   5    0.5476E-06    162.4110    4.8690  (  1)
    6-   6    0.7402E-06    188.8222    5.6607  (  1)
    7-   7    0.1004E-05    219.9135    6.5928  (  1)
    8-   8    0.1259E-05    246.2834    7.3834  (  1)
    9-   9    0.1287E-05    248.9489    7.4633  (  1)
   10-  10    0.1512E-05    269.8991    8.0914  (  1)
   11-  11    0.2012E-05    311.3107    9.3329  (  1)
   12-  12    0.2050E-05    314.2727    9.4217  (  1)
   13-  13    0.2391E-05    339.4037   10.1751  (  1)
   14-  14    0.2479E-05    345.5855   10.3604  (  1)
   15-  15    0.2814E-05    368.1898   11.0381  (  1)
   16-  16    0.3384E-05    403.7407   12.1038  (  1)
   17-  17    0.3558E-05    413.9672   12.4104  (  1)
   18-  18    0.3619E-05    417.4956   12.5162  (  1)
   19-  19    0.1117E-04    733.5227   21.9905  (  1)
   20-  20    0.1140E-04    740.9833   22.2141  (  1)
   21-  21    0.1141E-04    741.2695   22.2227  (  1)
   22-  22    0.1145E-04    742.6572   22.2643  (  1)
   23-  23    0.1642E-04    889.3751   26.6628  (  1)
   24-  24    0.1642E-04    889.4364   26.6646  (  1)
   25-  25    0.2719E-04   1144.3472   34.3067  (  1)
   26-  26    0.2719E-04   1144.3560   34.3069  (  1)
   27-  27    0.4793E-04   1519.4267   45.5513  (  1)
   28-  28    0.4862E-04   1530.3248   45.8780  (  1)
   29-  29    0.5134E-04   1572.5944   47.1452  (  1)
   30-  30    0.5393E-04   1611.7039   48.3177  (  1)

 MODES IN PHASE

 FREQ(CM**-1)    101.52    132.33    151.55    157.16    162.41    188.82

 AT.   1 CA X    -0.0301    0.0274    0.0787    0.0769    0.0077    0.0216
            Y     0.0367    0.0761    0.0347   -0.0392   -0.0186    0.0425
            Z     0.0094    0.0171   -0.0385    0.0598   -0.0448   -0.0406
 AT.   2 MG X    -0.0144   -0.0026    0.0410    0.0291    0.0044    0.0194
            Y    -0.0059   -0.0375   -0.0182    0.0146    0.0141   -0.0104
            Z     0.0435    0.0070    0.0243   -0.0198    0.0021   -0.0602
 AT.   3 C  X     0.0043    0.0107    0.0274    0.0234   -0.0277   -0.0118
            Y     0.0049   -0.0010    0.0128    0.0122    0.0256   -0.0349
            Z     0.0130    0.0084    0.0108    0.0346    0.0424    0.0275
 AT.   4 C  X    -0.0053    0.0178   -0.0172   -0.0320   -0.0275    0.0153
            Y     0.0124    0.0106    0.0188   -0.0174    0.0256    0.0063
            Z    -0.0146    0.0218   -0.0307   -0.0068    0.0424   -0.0362
 AT.   5 O  X    -0.0205    0.0176    0.0505    0.0159   -0.0402   -0.0252
            Y    -0.0261    0.0097    0.0454    0.0030    0.0034   -0.0489
            Z     0.0343    0.0287   -0.0359    0.0587    0.0228    0.0690
 AT.   6 O  X     0.0180   -0.0717    0.0385    0.0157   -0.0074   -0.0012
            Y    -0.0134   -0.0031   -0.0356    0.0035   -0.0124    0.0151
            Z     0.0937   -0.0282    0.0172   -0.0193   -0.0393   -0.0273
 AT.   7 O  X     0.0029   -0.0087   -0.0155   -0.0253    0.0395    0.0222
            Y    -0.0276    0.0650    0.0161   -0.0210   -0.0368    0.0126
            Z    -0.0590    0.0158   -0.0427    0.0370   -0.0671   -0.0194
 AT.   8 O  X    -0.0020    0.0207    0.0504    0.0066   -0.0041   -0.0308
            Y    -0.0342    0.0181    0.0452   -0.0033   -0.0118   -0.0482
            Z    -0.0055    0.0228   -0.0357    0.0758   -0.0254    0.0880
 AT.   9 O  X    -0.0509   -0.0608    0.0385    0.0259    0.0110   -0.0039
            Y     0.0043   -0.0031   -0.0356    0.0095   -0.0106    0.0291
            Z     0.0028   -0.0182    0.0170   -0.0053   -0.0104   -0.0462
 AT.  10 O  X    -0.0122   -0.0072   -0.0152   -0.0250   -0.0337    0.0155
            Y     0.0290    0.0696    0.0160   -0.0232    0.0451    0.0005
            Z     0.0124    0.0217   -0.0426    0.0271    0.0558   -0.0426

 FREQ(CM**-1)    219.91    246.28    248.95    269.90    311.31    314.27

 AT.   1 CA X    -0.0042    0.0010    0.0080   -0.0021   -0.0085   -0.0106
            Y    -0.0016   -0.0234    0.0093    0.0019   -0.0159    0.0038
            Z    -0.0354    0.0203    0.0355   -0.0027   -0.0098   -0.0006
 AT.   2 MG X     0.0011   -0.0085   -0.0396   -0.0121    0.0019    0.0173
            Y     0.0211    0.0356   -0.0087   -0.0054   -0.0229   -0.0013
            Z     0.0158    0.0241   -0.0269   -0.0223    0.0067   -0.0039
 AT.   3 C  X     0.0292    0.0168   -0.0426    0.0244   -0.0379   -0.0147
            Y    -0.0421   -0.0514   -0.0070    0.0021   -0.0020   -0.0301
            Z    -0.0275   -0.0089    0.0042    0.0069    0.0120    0.0175
 AT.   4 C  X    -0.0189   -0.0167    0.0271   -0.0088   -0.0077   -0.0017
            Y     0.0446    0.0515    0.0188   -0.0360   -0.0298   -0.0277
            Z     0.0279    0.0090   -0.0109    0.0123   -0.0265    0.0238
 AT.   5 O  X     0.0503   -0.0027   -0.0322    0.0455   -0.0257    0.0003
            Y    -0.0139   -0.0718    0.0042    0.0250    0.0174   -0.0019
            Z    -0.0353    0.0268    0.0500    0.0338    0.0053   -0.0590
 AT.   6 O  X     0.0252   -0.0481    0.0702   -0.0481    0.0329    0.0105
            Y     0.0323   -0.0003   -0.0312   -0.0284   -0.0227    0.0078
            Z     0.0169   -0.0304    0.0591   -0.0659   -0.0537   -0.0064
 AT.   7 O  X    -0.0445    0.0295   -0.0102   -0.0233    0.0368   -0.0108
            Y     0.0224    0.0414    0.0329    0.0684   -0.0037    0.0242
            Z     0.0113    0.0422    0.0367   -0.0217    0.0018   -0.0682
 AT.   8 O  X    -0.0180    0.0373   -0.0419   -0.0391    0.0306    0.0057
            Y    -0.0224    0.0009    0.0336   -0.0097    0.0043    0.0031
            Z     0.0297   -0.0073    0.0154   -0.0567    0.0242    0.0602
 AT.   9 O  X     0.0217   -0.0120    0.0378    0.0284   -0.0429   -0.0005
            Y    -0.0152   -0.0531   -0.0381    0.0150    0.0096    0.0005
            Z     0.0373   -0.0405    0.0499    0.0416    0.0644    0.0008
 AT.  10 O  X    -0.0353   -0.0017    0.0245   -0.0000   -0.0265    0.0003
            Y     0.0771    0.0262    0.0248   -0.0599    0.0179   -0.0237
            Z     0.0714    0.0390    0.0247    0.0478    0.0166    0.0864

 FREQ(CM**-1)    339.40    345.59    368.19    403.74    413.97    417.50

 AT.   1 CA X     0.0139   -0.0099   -0.0562    0.0275    0.0015   -0.0064
            Y    -0.0671   -0.0109    0.0133    0.0255   -0.0156   -0.0061
            Z     0.0145    0.0380    0.0175   -0.0037   -0.0032   -0.0292
 AT.   2 MG X     0.0146    0.0087    0.0287    0.0238    0.1087   -0.1007
            Y    -0.0643    0.0357    0.0164    0.0287    0.0959    0.1051
            Z     0.0454   -0.0001    0.0384    0.1341   -0.0371    0.0098
 AT.   3 C  X     0.0127   -0.0161    0.0012   -0.0180    0.0035    0.0208
            Y    -0.0177   -0.0144    0.0389    0.0205    0.0154   -0.0014
            Z    -0.0034    0.0195    0.0182   -0.0069   -0.0168    0.0310
 AT.   4 C  X    -0.0290   -0.0005   -0.0373    0.0126    0.0155   -0.0126
            Y     0.0064   -0.0010    0.0151   -0.0231   -0.0054   -0.0169
            Z    -0.0386   -0.0009   -0.0028    0.0029   -0.0196   -0.0314
 AT.   5 O  X    -0.0032   -0.0074    0.0028   -0.0395   -0.0088    0.0473
            Y    -0.0413    0.0084    0.0425    0.0036    0.0043    0.0231
            Z    -0.0016   -0.0371    0.0641    0.0127    0.0107    0.0446
 AT.   6 O  X    -0.0306   -0.0461    0.0309   -0.0013   -0.0415   -0.0157
            Y     0.0146   -0.0075   -0.0359    0.0040   -0.0097    0.0224
            Z     0.0070    0.0168   -0.0596   -0.0301    0.0700    0.0134
 AT.   7 O  X    -0.0367    0.0177   -0.0308    0.0011    0.0101   -0.0204
            Y     0.0296    0.0565   -0.0040   -0.0230    0.0283   -0.0014
            Z    -0.0554   -0.0414   -0.0395    0.0438   -0.0095   -0.0136
 AT.   8 O  X     0.0042    0.0021    0.0200   -0.0403   -0.0080    0.0480
            Y    -0.0360    0.0172    0.0263   -0.0059    0.0026    0.0270
            Z     0.0090   -0.0457    0.0545   -0.0147    0.0105    0.0519
 AT.   9 O  X    -0.0306    0.0400    0.0305   -0.0107   -0.0439   -0.0125
            Y     0.0175    0.0171   -0.0443    0.0212   -0.0081    0.0188
            Z     0.0128   -0.0953   -0.0430   -0.0150    0.0692    0.0140
 AT.  10 O  X    -0.0389   -0.0073   -0.0276    0.0147    0.0093   -0.0169
            Y     0.0305    0.0167    0.0053   -0.0268    0.0214   -0.0044
            Z    -0.0544   -0.0234   -0.0680    0.0643   -0.0061   -0.0084

 FREQ(CM**-1)    733.52    740.98    741.27    742.66    889.38    889.44

 AT.   1 CA X     0.0007   -0.0029    0.0011    0.0009   -0.0003    0.0003
            Y     0.0004   -0.0002    0.0010   -0.0065   -0.0002   -0.0005
            Z     0.0050   -0.0006   -0.0048   -0.0018   -0.0000    0.0006
 AT.   2 MG X    -0.0205    0.0005   -0.0021   -0.0010   -0.0007   -0.0003
            Y     0.0033   -0.0016   -0.0129   -0.0055   -0.0002    0.0011
            Z     0.0010    0.0038   -0.0050    0.0148   -0.0001    0.0006
 AT.   3 C  X     0.0372    0.0356    0.0442   -0.0246    0.0033    0.0053
            Y     0.0101    0.0013    0.0097    0.0168   -0.0011   -0.0003
            Z    -0.0028   -0.0015    0.0025   -0.0003    0.1788   -0.0225
 AT.   4 C  X     0.0274    0.0375   -0.0361    0.0285    0.0055   -0.0033
            Y    -0.0254   -0.0135    0.0068    0.0064   -0.0001    0.0010
            Z     0.0018   -0.0018    0.0014    0.0003    0.0225    0.1787
 AT.   5 O  X    -0.0080   -0.0008   -0.0050   -0.0183   -0.0051    0.0005
            Y    -0.0731   -0.0602   -0.0900    0.0389   -0.0018    0.0022
            Z    -0.0094   -0.0065   -0.0138    0.0043   -0.0495    0.0068
 AT.   6 O  X     0.0696   -0.0151    0.0594   -0.0196   -0.0052    0.0032
            Y     0.0237   -0.0551    0.0112    0.0603    0.0002   -0.0011
            Z    -0.0098    0.0036   -0.0121    0.0036    0.0223   -0.0456
 AT.   7 O  X    -0.0529    0.0167   -0.0508   -0.0528    0.0033    0.0014
            Y     0.0435   -0.0848    0.0083    0.0719   -0.0031   -0.0069
            Z    -0.0087    0.0103   -0.0060   -0.0159    0.0240    0.0379
 AT.   8 O  X    -0.0553    0.0453    0.0409    0.0752    0.0047    0.0017
            Y    -0.0454    0.0490    0.0410    0.0492    0.0013    0.0022
            Z    -0.0088    0.0071    0.0091    0.0145    0.0452    0.0231
 AT.   9 O  X     0.0761    0.0614   -0.0864    0.0485    0.0075   -0.0023
            Y    -0.0282    0.0497    0.0363    0.0380   -0.0011    0.0001
            Z    -0.0103   -0.0093    0.0149   -0.0088   -0.0366    0.0235
 AT.  10 O  X    -0.0084    0.0207   -0.0195    0.0466   -0.0026   -0.0001
            Y     0.0762    0.0557   -0.0607    0.0052    0.0017    0.0081
            Z    -0.0095   -0.0042    0.0082    0.0029   -0.0055   -0.0481

 FREQ(CM**-1)   1144.35   1144.36   1519.43   1530.32   1572.59   1611.70

 AT.   1 CA X     0.0006   -0.0015    0.0006   -0.0038   -0.0000    0.0004
            Y    -0.0003   -0.0033   -0.0002    0.0002    0.0001    0.0055
            Z    -0.0000    0.0002    0.0029    0.0012    0.0001    0.0001
 AT.   2 MG X    -0.0017    0.0046    0.0051    0.0030   -0.0003    0.0003
            Y    -0.0009   -0.0086    0.0009    0.0002    0.0020    0.0021
            Z     0.0000   -0.0002    0.0017   -0.0054    0.0001   -0.0016
 AT.   3 C  X    -0.0007    0.0009   -0.1288    0.0475    0.1352    0.0037
            Y    -0.0003    0.0016   -0.0412    0.1258   -0.0024    0.1342
            Z     0.0003    0.0005   -0.0044    0.0010   -0.0043    0.0000
 AT.   4 C  X    -0.0008   -0.0009    0.1578    0.0060    0.1096   -0.0669
            Y    -0.0038   -0.0035   -0.0010    0.1572    0.0608   -0.1052
            Z     0.0006   -0.0006    0.0048    0.0001   -0.0040    0.0015
 AT.   5 O  X     0.0408    0.0642    0.0327    0.0084   -0.0411    0.0215
            Y    -0.0303   -0.0483   -0.0157   -0.0155    0.0217   -0.0291
            Z     0.0003   -0.0022    0.0024   -0.0015    0.0013   -0.0021
 AT.   6 O  X     0.0070    0.0025   -0.0087    0.0063    0.0035   -0.0030
            Y     0.0520    0.0134    0.0068    0.0618   -0.0385    0.0244
            Z    -0.0003   -0.0008   -0.0020    0.0003   -0.0028    0.0005
 AT.   7 O  X     0.0931    0.0878   -0.0035    0.0268    0.0373    0.0454
            Y     0.0391    0.0371   -0.0070    0.0073    0.0234    0.0170
            Z     0.0023    0.0008    0.0003   -0.0011   -0.0018    0.0014
 AT.   8 O  X    -0.0640    0.0406    0.0345   -0.0296    0.0451    0.0329
            Y     0.0478   -0.0300   -0.0262    0.0273   -0.0287   -0.0358
            Z     0.0001   -0.0017   -0.0001   -0.0021   -0.0010   -0.0032
 AT.   9 O  X    -0.0023    0.0068    0.0070    0.0083    0.0015   -0.0077
            Y    -0.0150    0.0494    0.0302    0.0343    0.0450    0.0013
            Z    -0.0003   -0.0013   -0.0011    0.0011    0.0020    0.0017
 AT.  10 O  X    -0.0866    0.0946   -0.0572   -0.0240   -0.0492    0.0398
            Y    -0.0360    0.0400   -0.0196   -0.0190   -0.0244    0.0194
            Z    -0.0021    0.0008   -0.0037    0.0010    0.0024    0.0011

 MODES IN ANTI-PHASE

 FREQ(CM**-1)    101.52    132.33    151.55    157.16    162.41    188.82

 AT.   1 CA X    -0.0243    0.0028    0.0003   -0.0160    0.0133    0.0056
            Y     0.0297    0.0079    0.0001    0.0081   -0.0320    0.0110
            Z     0.0076    0.0018   -0.0001   -0.0124   -0.0770   -0.0105
 AT.   2 MG X    -0.0117   -0.0003    0.0001   -0.0061    0.0075    0.0050
            Y    -0.0048   -0.0039   -0.0001   -0.0030    0.0243   -0.0027
            Z     0.0352    0.0007    0.0001    0.0041    0.0036   -0.0156
 AT.   3 C  X     0.0126   -0.0223    0.0043    0.0222   -0.0187   -0.0151
            Y    -0.0131   -0.0108   -0.0289    0.0127    0.0007   -0.0057
            Z     0.0362   -0.0257    0.0292   -0.0352    0.0021    0.0357
 AT.   4 C  X    -0.0122   -0.0172   -0.0217    0.0039    0.0189    0.0116
            Y     0.0065   -0.0024   -0.0254    0.0029   -0.0009    0.0348
            Z    -0.0356   -0.0160    0.0050   -0.0489   -0.0024   -0.0270
 AT.   5 O  X     0.0023    0.0170   -0.0054    0.0202   -0.0276   -0.0181
            Y    -0.0294    0.0418   -0.0401    0.0150   -0.0116   -0.0112
            Z    -0.0129   -0.0258    0.0291   -0.0551   -0.0163    0.0571
 AT.   6 O  X    -0.0559    0.0455   -0.0091   -0.0290    0.0084   -0.0058
            Y     0.0073   -0.0004    0.0016   -0.0156   -0.0193    0.0328
            Z    -0.0171    0.0458   -0.0265   -0.0311   -0.0342   -0.0458
 AT.   7 O  X    -0.0131    0.0065    0.0338    0.0044   -0.0163   -0.0079
            Y     0.0355    0.0290   -0.0110    0.0100    0.0309   -0.0216
            Z     0.0252    0.0309    0.0190    0.0170    0.0261   -0.0527
 AT.   8 O  X    -0.0205   -0.0130    0.0057   -0.0248   -0.0486    0.0035
            Y    -0.0194   -0.0390    0.0404   -0.0149   -0.0028   -0.0140
            Z     0.0362    0.0312   -0.0294    0.0272    0.0118   -0.0164
 AT.   9 O  X     0.0293   -0.0592    0.0094    0.0204   -0.0023    0.0045
            Y    -0.0146   -0.0002   -0.0019    0.0130   -0.0203   -0.0213
            Z     0.0952   -0.0506    0.0266    0.0362   -0.0511    0.0267
 AT.  10 O  X     0.0055   -0.0081   -0.0339    0.0061    0.0263    0.0177
            Y    -0.0344   -0.0151    0.0111   -0.0008   -0.0167    0.0250
            Z    -0.0629   -0.0270   -0.0193   -0.0303   -0.0454    0.0366

 FREQ(CM**-1)    219.91    246.28    248.95    269.90    311.31    314.27

 AT.   1 CA X     0.0034   -0.0006   -0.0029    0.0065    0.0301   -0.0607
            Y     0.0013    0.0135   -0.0033   -0.0056    0.0563    0.0219
            Z     0.0286   -0.0117   -0.0127    0.0082    0.0345   -0.0037
 AT.   2 MG X    -0.0009    0.0049    0.0142    0.0367   -0.0066    0.0996
            Y    -0.0170   -0.0205    0.0031    0.0165    0.0809   -0.0074
            Z    -0.0128   -0.0139    0.0097    0.0677   -0.0238   -0.0223
 AT.   3 C  X     0.0292   -0.0347    0.0364   -0.0061   -0.0087    0.0147
            Y     0.0148   -0.0335   -0.0350   -0.0360   -0.0299   -0.0073
            Z     0.0057   -0.0178    0.0198    0.0131   -0.0261    0.0162
 AT.   4 C  X     0.0367   -0.0347    0.0491    0.0236   -0.0382   -0.0207
            Y     0.0013   -0.0334   -0.0303   -0.0020   -0.0028   -0.0138
            Z    -0.0030   -0.0178    0.0171    0.0084    0.0112   -0.0010
 AT.   5 O  X     0.0293   -0.0447    0.0268    0.0041   -0.0166    0.0178
            Y     0.0199   -0.0427   -0.0477   -0.0175   -0.0364    0.0040
            Z    -0.0381    0.0239    0.0365    0.0497   -0.0547    0.0138
 AT.   6 O  X    -0.0168   -0.0140    0.0259    0.0173    0.0285    0.0280
            Y     0.0226    0.0612    0.0220    0.0132    0.0187    0.0232
            Z    -0.0345    0.0292   -0.0067    0.0192   -0.0356   -0.0155
 AT.   7 O  X     0.0265    0.0190   -0.0510    0.0315   -0.0092   -0.0291
            Y    -0.0740   -0.0063    0.0009    0.0082   -0.0281   -0.0029
            Z    -0.0706   -0.0206    0.0057   -0.0511   -0.0346    0.0658
 AT.   8 O  X    -0.0554    0.0247   -0.0002   -0.0238   -0.0006    0.0169
            Y     0.0093    0.0836    0.0342   -0.0289   -0.0401    0.0031
            Z     0.0426   -0.0352   -0.0599    0.0198   -0.0494   -0.0069
 AT.   9 O  X    -0.0211    0.0486   -0.0646    0.0424    0.0070    0.0299
            Y    -0.0363   -0.0305    0.0028    0.0275    0.0278    0.0245
            Z    -0.0092    0.0116   -0.0325    0.0546   -0.0022   -0.0168
 AT.  10 O  X     0.0379   -0.0350    0.0459    0.0392   -0.0271   -0.0310
            Y    -0.0062   -0.0327   -0.0217   -0.0341   -0.0220    0.0054
            Z     0.0039   -0.0262   -0.0277   -0.0282   -0.0304    0.0389

 FREQ(CM**-1)    339.40    345.59    368.19    403.74    413.97    417.50

 AT.   1 CA X     0.0011   -0.0092   -0.0152   -0.0082   -0.0001   -0.0005
            Y    -0.0053   -0.0101    0.0036   -0.0076    0.0010   -0.0005
            Z     0.0012    0.0352    0.0047    0.0011    0.0002   -0.0023
 AT.   2 MG X     0.0012    0.0080    0.0078   -0.0071   -0.0068   -0.0079
            Y    -0.0051    0.0330    0.0044   -0.0086   -0.0060    0.0082
            Z     0.0036   -0.0001    0.0104   -0.0401    0.0023    0.0008
 AT.   3 C  X     0.0262   -0.0226    0.0373    0.0077   -0.0221    0.0055
            Y    -0.0001   -0.0193   -0.0149    0.0106   -0.0049    0.0186
            Z     0.0426    0.0301    0.0029    0.0073    0.0374    0.0217
 AT.   4 C  X    -0.0025    0.0277   -0.0014    0.0150   -0.0161   -0.0174
            Y     0.0165    0.0241   -0.0388    0.0002   -0.0152    0.0080
            Z     0.0184   -0.0358   -0.0182    0.0096    0.0360   -0.0211
 AT.   5 O  X     0.0469    0.0026    0.0348    0.0134   -0.0057    0.0084
            Y     0.0302    0.0166   -0.0206    0.0162    0.0130    0.0266
            Z     0.0672   -0.0430   -0.0015    0.0461    0.0011    0.0506
 AT.   6 O  X    -0.0024    0.0438    0.0076    0.0174    0.0216    0.0190
            Y     0.0200    0.0177   -0.0263   -0.0325   -0.0126   -0.0214
            Z     0.0375   -0.0969    0.0168   -0.0186    0.0012    0.0047
 AT.   7 O  X    -0.0169   -0.0087   -0.0020   -0.0251    0.0057    0.0209
            Y     0.0081    0.0123    0.0172    0.0139    0.0529   -0.0198
            Z     0.0024   -0.0203   -0.0671   -0.0504   -0.0259    0.0323
 AT.   8 O  X    -0.0468   -0.0075   -0.0286    0.0105    0.0068   -0.0010
            Y    -0.0364    0.0070    0.0392   -0.0155   -0.0135   -0.0226
            Z    -0.0666   -0.0336    0.0337   -0.0455   -0.0024   -0.0431
 AT.   9 O  X    -0.0025   -0.0494    0.0090   -0.0138   -0.0162   -0.0212
            Y    -0.0175   -0.0088    0.0046    0.0249    0.0138    0.0246
            Z    -0.0359    0.0243   -0.0446    0.0321   -0.0100   -0.0026
 AT.  10 O  X     0.0109    0.0184   -0.0138    0.0204   -0.0069   -0.0238
            Y    -0.0034    0.0554   -0.0169    0.0010   -0.0561    0.0193
            Z    -0.0111   -0.0397    0.0379    0.0181    0.0269   -0.0341

 FREQ(CM**-1)    733.52    740.98    741.27    742.66    889.38    889.44

 AT.   1 CA X     0.0003   -0.0080   -0.0015   -0.0009    0.0017   -0.0009
            Y     0.0002   -0.0006   -0.0013    0.0063    0.0009    0.0016
            Z     0.0027   -0.0016    0.0065    0.0018    0.0002   -0.0018
 AT.   2 MG X    -0.0109    0.0015    0.0029    0.0010    0.0033    0.0008
            Y     0.0018   -0.0044    0.0174    0.0054    0.0008   -0.0032
            Z     0.0005    0.0105    0.0067   -0.0145    0.0003   -0.0016
 AT.   3 C  X    -0.0124    0.0118   -0.0083    0.0145    0.0051   -0.0027
            Y     0.0331   -0.0429    0.0182    0.0440    0.0000    0.0010
            Z    -0.0033   -0.0012    0.0042    0.0001   -0.0001    0.1773
 AT.   4 C  X    -0.0280    0.0011    0.0267    0.0009    0.0027    0.0050
            Y    -0.0235    0.0408    0.0195    0.0467   -0.0011   -0.0002
            Z     0.0039    0.0006    0.0047   -0.0000    0.1773    0.0001
 AT.   5 O  X    -0.0614    0.0696   -0.0413   -0.0756    0.0000   -0.0035
            Y    -0.0053    0.0046   -0.0152   -0.0484    0.0010   -0.0064
            Z    -0.0042    0.0032   -0.0052   -0.0144    0.0012   -0.0470
 AT.   6 O  X     0.0447    0.0776    0.0722   -0.0490   -0.0070   -0.0005
            Y    -0.0502    0.0117   -0.0415   -0.0366    0.0022    0.0013
            Z    -0.0058   -0.0102   -0.0118    0.0089    0.0415    0.0212
 AT.   7 O  X     0.0258    0.0521    0.0360   -0.0478   -0.0013   -0.0016
            Y     0.0625   -0.0144    0.0610   -0.0036    0.0030   -0.0043
            Z    -0.0056    0.0058   -0.0067   -0.0033   -0.0430    0.0296
 AT.   8 O  X     0.0279    0.0528   -0.0073    0.0200    0.0020   -0.0031
            Y    -0.0575   -0.0352    0.0816   -0.0378    0.0017   -0.0064
            Z    -0.0054   -0.0017    0.0117   -0.0040    0.0202   -0.0416
 AT.   9 O  X     0.0325    0.0498   -0.0356    0.0207   -0.0045   -0.0023
            Y     0.0478   -0.0264   -0.0229   -0.0595    0.0019    0.0017
            Z    -0.0049   -0.0054    0.0081   -0.0038    0.0297    0.0445
 AT.  10 O  X    -0.0583    0.0507    0.0592    0.0539   -0.0025   -0.0021
            Y     0.0009   -0.0656    0.0100   -0.0718    0.0040    0.0008
            Z    -0.0041    0.0111    0.0038    0.0160   -0.0490    0.0006

 FREQ(CM**-1)   1144.35   1144.36   1519.43   1530.32   1572.59   1611.70

 AT.   1 CA X    -0.0033    0.0003   -0.0006   -0.0034   -0.0001   -0.0001
            Y     0.0015    0.0006    0.0002    0.0002    0.0004   -0.0012
            Z     0.0002   -0.0000   -0.0031    0.0011    0.0006   -0.0000
 AT.   2 MG X     0.0086   -0.0009   -0.0056    0.0027   -0.0014   -0.0001
            Y     0.0046    0.0017   -0.0009    0.0001    0.0088   -0.0005
            Z    -0.0002    0.0000   -0.0019   -0.0048    0.0003    0.0003
 AT.   3 C  X    -0.0007    0.0003    0.0912    0.0546   -0.0020    0.1081
            Y    -0.0038    0.0037   -0.0607   -0.0943    0.1095   -0.0052
            Z     0.0005    0.0004    0.0020    0.0012   -0.0009   -0.0025
 AT.   4 C  X    -0.0006   -0.0003    0.0009   -0.0722    0.0791    0.0851
            Y     0.0002    0.0019   -0.0734    0.0016   -0.0911   -0.0835
            Z     0.0002   -0.0000   -0.0009   -0.0015   -0.0017   -0.0020
 AT.   5 O  X     0.0698    0.0505   -0.0375   -0.0307    0.0185   -0.0330
            Y    -0.0527   -0.0394    0.0277    0.0292   -0.0213    0.0227
            Z    -0.0011   -0.0008   -0.0001   -0.0020    0.0004    0.0030
 AT.   6 O  X    -0.0111   -0.0119   -0.0062    0.0076    0.0111    0.0124
            Y    -0.0885   -0.0985   -0.0309    0.0277    0.0238    0.0523
            Z     0.0014    0.0015    0.0013    0.0011   -0.0013   -0.0032
 AT.   7 O  X     0.0008   -0.0352    0.0577   -0.0271   -0.0364    0.0044
            Y    -0.0008   -0.0151    0.0203   -0.0199   -0.0075   -0.0096
            Z    -0.0002   -0.0000    0.0037    0.0012    0.0018    0.0003
 AT.   8 O  X     0.0494   -0.0709   -0.0358    0.0117   -0.0006    0.0215
            Y    -0.0375    0.0546    0.0181   -0.0186   -0.0101   -0.0090
            Z    -0.0012    0.0015   -0.0024   -0.0012    0.0009   -0.0019
 AT.   9 O  X    -0.0129    0.0101    0.0081    0.0054    0.0116   -0.0101
            Y    -0.1016    0.0863   -0.0094    0.0584    0.0053   -0.0577
            Z     0.0014   -0.0011    0.0021    0.0002   -0.0024    0.0027
 AT.  10 O  X    -0.0341   -0.0003    0.0085    0.0296   -0.0172   -0.0224
            Y    -0.0154    0.0001    0.0087    0.0094    0.0031    0.0020
            Z    -0.0011   -0.0003   -0.0000   -0.0013    0.0009   -0.0008


  DISPERSION K POINT NUMBER     7 COORD:  C(  0  2  0 )    WEIGHT:    1.

    MODES         EIGV          FREQUENCIES     IRREP
             (HARTREE**2)   (CM**-1)     (THZ)
    1-   1    0.8546E-07     64.1616    1.9235  (  1)
    2-   2    0.3212E-06    124.3938    3.7292  (  1)
    3-   3    0.3544E-06    130.6507    3.9168  (  1)
    4-   4    0.4407E-06    145.6945    4.3678  (  1)
    5-   5    0.4960E-06    154.5687    4.6339  (  1)
    6-   6    0.8625E-06    203.8307    6.1107  (  1)
    7-   7    0.9567E-06    214.6716    6.4357  (  1)
    8-   8    0.1123E-05    232.5816    6.9726  (  1)
    9-   9    0.1177E-05    238.0909    7.1378  (  1)
   10-  10    0.1439E-05    263.2521    7.8921  (  1)
   11-  11    0.1811E-05    295.3348    8.8539  (  1)
   12-  12    0.2087E-05    317.0802    9.5058  (  1)
   13-  13    0.2336E-05    335.4720   10.0572  (  1)
   14-  14    0.2479E-05    345.5914   10.3606  (  1)
   15-  15    0.3102E-05    386.5742   11.5892  (  1)
   16-  16    0.3423E-05    406.0550   12.1732  (  1)
   17-  17    0.3467E-05    408.6611   12.2514  (  1)
   18-  18    0.3991E-05    438.4771   13.1452  (  1)
   19-  19    0.1118E-04    733.6935   21.9956  (  1)
   20-  20    0.1137E-04    740.0603   22.1864  (  1)
   21-  21    0.1155E-04    745.9678   22.3636  (  1)
   22-  22    0.1175E-04    752.2573   22.5521  (  1)
   23-  23    0.1636E-04    887.8130   26.6160  (  1)
   24-  24    0.1652E-04    891.9524   26.7401  (  1)
   25-  25    0.2719E-04   1144.3485   34.3067  (  1)
   26-  26    0.2725E-04   1145.7602   34.3490  (  1)
   27-  27    0.4719E-04   1507.6498   45.1982  (  1)
   28-  28    0.4837E-04   1526.4333   45.7613  (  1)
   29-  29    0.5026E-04   1555.9333   46.6457  (  1)
   30-  30    0.5496E-04   1627.0836   48.7787  (  1)

 MODES IN PHASE

 FREQ(CM**-1)     64.16    124.39    130.65    145.69    154.57    203.83

 AT.   1 CA X    -0.0170    0.0314    0.0580    0.0099    0.0861   -0.0166
            Y    -0.0054    0.0362    0.0702    0.0282   -0.0594    0.0062
            Z    -0.0104   -0.0501   -0.0077    0.0986    0.0182    0.0228
 AT.   2 MG X    -0.0248    0.0182   -0.0027    0.0139    0.0079    0.0004
            Y    -0.0167    0.0162    0.0043   -0.0169    0.0285   -0.0035
            Z    -0.0451   -0.0176   -0.0114    0.0143    0.0115   -0.0007
 AT.   3 C  X    -0.0381    0.0346    0.0174    0.0443   -0.0090    0.0207
            Y    -0.0015    0.0390    0.0119   -0.0100    0.0086    0.0200
            Z    -0.0503   -0.0380    0.0200   -0.0096    0.0058   -0.0005
 AT.   4 C  X     0.0171    0.0349    0.0199    0.0461   -0.0170   -0.0299
            Y    -0.0079    0.0391    0.0125   -0.0130    0.0151    0.0334
            Z     0.0015   -0.0380    0.0227   -0.0106    0.0175    0.0214
 AT.   5 O  X    -0.0165    0.0407   -0.0063    0.0701    0.0153    0.0326
            Y     0.0286    0.0481   -0.0212    0.0296    0.0332    0.0359
            Z    -0.0212   -0.0726    0.0796   -0.0197    0.0240   -0.0251
 AT.   6 O  X     0.0411    0.0272   -0.0618   -0.0361    0.0594   -0.0307
            Y     0.0059   -0.0085   -0.0056    0.0154   -0.0213    0.0129
            Z     0.0460   -0.0067   -0.0555    0.0246   -0.0149   -0.0332
 AT.   7 O  X    -0.0242    0.0370    0.0044    0.0554    0.0059    0.0258
            Y    -0.0351    0.0327    0.0409   -0.0383   -0.0330    0.0181
            Z    -0.0543   -0.0331   -0.0142   -0.0083    0.0179    0.0231
 AT.   8 O  X     0.0102    0.0408   -0.0051    0.0683    0.0126   -0.0374
            Y    -0.0168    0.0480   -0.0224    0.0221    0.0438    0.0208
            Z    -0.0389   -0.0725    0.0788   -0.0165    0.0263   -0.0061
 AT.   9 O  X    -0.0768    0.0266   -0.0609   -0.0381    0.0377   -0.0096
            Y     0.0040   -0.0090   -0.0048    0.0163   -0.0177   -0.0305
            Z    -0.0859   -0.0066   -0.0579    0.0235   -0.0417    0.0136
 AT.  10 O  X     0.0130    0.0372    0.0058    0.0541    0.0020   -0.0421
            Y     0.0033    0.0331    0.0437   -0.0339   -0.0340    0.0584
            Z     0.0086   -0.0331   -0.0108   -0.0080    0.0223    0.1068

 FREQ(CM**-1)    214.67    232.58    238.09    263.25    295.33    317.08

 AT.   1 CA X    -0.0003   -0.0048   -0.0182    0.0006    0.0139   -0.0125
            Y     0.0001    0.0096   -0.0694    0.0001    0.0190    0.0015
            Z     0.0001    0.0029   -0.0146   -0.0015   -0.0141    0.0010
 AT.   2 MG X     0.0515    0.0221    0.0355   -0.0158   -0.0398    0.0483
            Y     0.0221   -0.0107   -0.0108    0.0014    0.0375    0.0644
            Z    -0.0193   -0.0237   -0.0024    0.0739   -0.0060    0.0529
 AT.   3 C  X     0.0355   -0.0260    0.0365   -0.0100   -0.0174    0.0100
            Y     0.0595    0.0378   -0.0085    0.0006    0.0110   -0.0388
            Z    -0.0255    0.0191    0.0092   -0.0078   -0.0406   -0.0219
 AT.   4 C  X    -0.0357    0.0108    0.0294    0.0099    0.0130   -0.0029
            Y    -0.0595   -0.0147    0.0079   -0.0002   -0.0319    0.0382
            Z     0.0255   -0.0195    0.0306    0.0080    0.0248    0.0093
 AT.   5 O  X     0.0449   -0.0450    0.0337    0.0106   -0.0270   -0.0151
            Y     0.0675    0.0137   -0.0155    0.0330   -0.0048   -0.0650
            Z    -0.0487    0.0212   -0.0265   -0.0958   -0.0441   -0.0240
 AT.   6 O  X    -0.0025   -0.0261   -0.0711    0.0330   -0.0138   -0.0212
            Y    -0.0254    0.0106   -0.0061   -0.0043   -0.0370    0.0120
            Z     0.0548    0.0192   -0.0578   -0.0320   -0.0393    0.0679
 AT.   7 O  X     0.0426   -0.0391    0.0338   -0.0046   -0.0280   -0.0040
            Y     0.0411    0.0720    0.0024   -0.0146    0.0355   -0.0163
            Z     0.0046    0.0816    0.0398    0.0764   -0.0263    0.0017
 AT.   8 O  X    -0.0453    0.0333    0.0152   -0.0104    0.0190    0.0173
            Y    -0.0677    0.0138   -0.0187   -0.0321   -0.0197    0.0602
            Z     0.0492   -0.0373   -0.0254    0.0950    0.0219    0.0400
 AT.   9 O  X     0.0027    0.0270   -0.0266   -0.0348    0.0176    0.0210
            Y     0.0264   -0.0340   -0.0166    0.0044    0.0277   -0.0255
            Z    -0.0550    0.0066   -0.0525    0.0304    0.0623   -0.0616
 AT.  10 O  X    -0.0430    0.0236    0.0179    0.0049    0.0152    0.0119
            Y    -0.0409   -0.0434    0.0439    0.0141   -0.0446    0.0174
            Z    -0.0041   -0.0553    0.0577   -0.0776    0.0661   -0.0211

 FREQ(CM**-1)    335.47    345.59    386.57    406.05    408.66    438.48

 AT.   1 CA X     0.0481   -0.0251    0.0142    0.0131    0.0098   -0.0012
            Y    -0.0147   -0.0041   -0.0574   -0.0050   -0.0094    0.0100
            Z    -0.0008   -0.0800    0.0029   -0.0013   -0.0028   -0.0031
 AT.   2 MG X    -0.0336   -0.0017   -0.0025    0.1234   -0.0286   -0.0656
            Y    -0.0006   -0.0063    0.0009    0.0745    0.0038    0.1446
            Z    -0.0146    0.0059   -0.0076    0.0035    0.1451   -0.0249
 AT.   3 C  X     0.0131    0.0242    0.0013   -0.0409    0.0086    0.0217
            Y    -0.0264    0.0047    0.0386    0.0116    0.0201   -0.0269
            Z    -0.0336    0.0276   -0.0423    0.0082   -0.0075    0.0268
 AT.   4 C  X     0.0167    0.0292   -0.0002    0.0221   -0.0059   -0.0114
            Y    -0.0259    0.0009    0.0380   -0.0152   -0.0225   -0.0071
            Z    -0.0286    0.0254   -0.0082   -0.0103   -0.0239   -0.0213
 AT.   5 O  X    -0.0029    0.0478   -0.0194   -0.0479   -0.0088    0.0409
            Y    -0.0526    0.0300   -0.0036    0.0060    0.0052    0.0011
            Z    -0.0391    0.0616    0.0266   -0.0134    0.0462    0.0240
 AT.   6 O  X    -0.0190   -0.0008   -0.0391    0.0082   -0.0294   -0.0054
            Y     0.0135    0.0089   -0.0028    0.0073    0.0116    0.0332
            Z     0.0734    0.0638    0.0558   -0.0287    0.0249   -0.0041
 AT.   7 O  X    -0.0048    0.0456   -0.0006   -0.0359    0.0040    0.0195
            Y     0.0166   -0.0346    0.0578   -0.0183    0.0434   -0.0333
            Z     0.0304    0.0416   -0.0678   -0.0355   -0.0340    0.0401
 AT.   8 O  X     0.0011    0.0526   -0.0002    0.0221   -0.0074   -0.0220
            Y    -0.0515    0.0249    0.0206   -0.0186   -0.0302   -0.0163
            Z    -0.0247    0.0590    0.0420   -0.0106   -0.0673   -0.0418
 AT.   9 O  X    -0.0104   -0.0072   -0.0384   -0.0381    0.0026   -0.0178
            Y     0.0080    0.0124   -0.0256    0.0086    0.0287   -0.0127
            Z     0.0651    0.0605    0.0690    0.0634   -0.0235    0.0005
 AT.  10 O  X     0.0002    0.0496    0.0074    0.0152   -0.0098   -0.0136
            Y     0.0127   -0.0364    0.0330    0.0104   -0.0135    0.0026
            Z     0.0340    0.0509   -0.0344    0.0320    0.0189   -0.0115

 FREQ(CM**-1)    733.69    740.06    745.97    752.26    887.81    891.95

 AT.   1 CA X    -0.0012    0.0013    0.0027    0.0040   -0.0003    0.0003
            Y    -0.0085    0.0010    0.0005   -0.0042    0.0019    0.0008
            Z    -0.0035   -0.0002   -0.0033   -0.0034   -0.0003   -0.0006
 AT.   2 MG X    -0.0045   -0.0235    0.0047    0.0048   -0.0002   -0.0017
            Y     0.0020   -0.0047   -0.0097   -0.0154    0.0001   -0.0006
            Z     0.0015   -0.0033   -0.0019   -0.0157    0.0003   -0.0007
 AT.   3 C  X     0.0008    0.0080   -0.0253    0.0305    0.0037   -0.0008
            Y    -0.0287    0.0509   -0.0058   -0.0049    0.0008    0.0001
            Z    -0.0014   -0.0011    0.0010    0.0075    0.1114    0.1776
 AT.   4 C  X     0.0079   -0.0109   -0.0344   -0.0201    0.0010    0.0027
            Y    -0.0503   -0.0314   -0.0014   -0.0061   -0.0015    0.0015
            Z    -0.0012    0.0007    0.0020    0.0034    0.1795   -0.1103
 AT.   5 O  X     0.0495   -0.0842    0.0049    0.0222   -0.0039   -0.0045
            Y     0.0105   -0.0466    0.0434   -0.0497   -0.0045   -0.0040
            Z     0.0072   -0.0092    0.0085   -0.0053   -0.0278   -0.0504
 AT.   6 O  X     0.0484   -0.0260   -0.1004   -0.0361    0.0068   -0.0048
            Y     0.0722   -0.0491    0.0398    0.0176    0.0002    0.0001
            Z    -0.0045    0.0054    0.0148    0.0038   -0.0163    0.0225
 AT.   7 O  X    -0.0325    0.0746   -0.0286    0.0188   -0.0007   -0.0012
            Y     0.0508   -0.0745   -0.0205    0.0524    0.0050    0.0055
            Z    -0.0100    0.0163   -0.0006   -0.0088   -0.0299   -0.0500
 AT.   8 O  X     0.0901    0.0480    0.0035    0.0087   -0.0062    0.0026
            Y     0.0183    0.0367    0.0583    0.0418   -0.0042    0.0019
            Z     0.0100    0.0048    0.0089    0.0048   -0.0474    0.0333
 AT.   9 O  X     0.0341    0.0209    0.0408   -0.1055    0.0000   -0.0001
            Y     0.0497    0.0770   -0.0181    0.0190    0.0013    0.0012
            Z    -0.0027   -0.0059   -0.0081    0.0168    0.0259    0.0205
 AT.  10 O  X    -0.0557   -0.0522   -0.0381   -0.0288   -0.0012    0.0003
            Y     0.0920    0.0376   -0.0267   -0.0165    0.0050   -0.0027
            Z    -0.0154   -0.0077   -0.0020   -0.0006   -0.0476    0.0310

 FREQ(CM**-1)   1144.35   1145.76   1507.65   1526.43   1555.93   1627.08

 AT.   1 CA X     0.0029   -0.0002   -0.0032    0.0001   -0.0002   -0.0019
            Y    -0.0025    0.0001   -0.0021   -0.0000    0.0005    0.0049
            Z     0.0022    0.0002    0.0017   -0.0000    0.0004    0.0023
 AT.   2 MG X     0.0002   -0.0028   -0.0012   -0.0060    0.0044   -0.0032
            Y    -0.0010    0.0101   -0.0003   -0.0026   -0.0053    0.0029
            Z    -0.0036   -0.0041   -0.0003   -0.0027   -0.0048    0.0018
 AT.   3 C  X    -0.0007    0.0002    0.1337    0.1609    0.0573   -0.0902
            Y     0.0012   -0.0047    0.1106    0.0657   -0.1373    0.1427
            Z    -0.0011   -0.0002   -0.0028    0.0028   -0.0009    0.0017
 AT.   4 C  X    -0.0011   -0.0005    0.1346   -0.1587   -0.0774   -0.0857
            Y     0.0013    0.0043    0.1066   -0.0676    0.1502    0.1001
            Z    -0.0011    0.0002   -0.0026   -0.0025    0.0009    0.0011
 AT.   5 O  X    -0.0790   -0.0816   -0.0191   -0.0371   -0.0390    0.0522
            Y     0.0584    0.0621    0.0032    0.0163    0.0349   -0.0484
            Z     0.0011    0.0018    0.0000   -0.0011   -0.0015   -0.0033
 AT.   6 O  X     0.0097    0.0072    0.0060    0.0055   -0.0007   -0.0004
            Y     0.0697    0.0496    0.0288    0.0112   -0.0115    0.0220
            Z    -0.0006   -0.0011    0.0004   -0.0013   -0.0018   -0.0018
 AT.   7 O  X     0.0919    0.0946   -0.0643   -0.0669   -0.0049    0.0179
            Y     0.0386    0.0399   -0.0288   -0.0277    0.0112   -0.0092
            Z     0.0022    0.0008    0.0018   -0.0026    0.0004    0.0004
 AT.   8 O  X    -0.0809    0.0796   -0.0203    0.0363    0.0471    0.0440
            Y     0.0602   -0.0603    0.0042   -0.0155   -0.0420   -0.0394
            Z     0.0012   -0.0018    0.0001    0.0012    0.0010   -0.0038
 AT.   9 O  X     0.0071   -0.0098    0.0079   -0.0072    0.0010   -0.0001
            Y     0.0514   -0.0676    0.0361   -0.0160    0.0336   -0.0192
            Z    -0.0003    0.0015    0.0004    0.0015    0.0020   -0.0023
 AT.  10 O  X     0.0943   -0.0921   -0.0640    0.0662    0.0109    0.0212
            Y     0.0398   -0.0385   -0.0286    0.0278   -0.0103   -0.0040
            Z     0.0024   -0.0008    0.0014    0.0023    0.0001    0.0010

 MODES IN ANTI-PHASE

 FREQ(CM**-1)     64.16    124.39    130.65    145.69    154.57    203.83

 AT.   1 CA X    -0.0285   -0.0002    0.0030    0.0011    0.0216    0.0141
            Y    -0.0091   -0.0002    0.0037    0.0032   -0.0149   -0.0052
            Z    -0.0174    0.0003   -0.0004    0.0111    0.0046   -0.0193
 AT.   2 MG X     0.0003   -0.0319    0.0041   -0.0188   -0.0082    0.0022
            Y     0.0002   -0.0286   -0.0066    0.0229   -0.0294   -0.0197
            Z     0.0006    0.0310    0.0175   -0.0194   -0.0119   -0.0037
 AT.   3 C  X    -0.0012   -0.0205    0.0246    0.0130   -0.0193    0.0338
            Y    -0.0098   -0.0149    0.0065   -0.0145    0.0159   -0.0305
            Z    -0.0255    0.0037    0.0273   -0.0055    0.0262   -0.0217
 AT.   4 C  X    -0.0341    0.0201   -0.0226   -0.0028    0.0128   -0.0260
            Y    -0.0060    0.0144   -0.0052    0.0119   -0.0100   -0.0146
            Z    -0.0563   -0.0032   -0.0251    0.0033   -0.0204    0.0041
 AT.   5 O  X     0.0026   -0.0045    0.0108   -0.0000   -0.0018    0.0435
            Y    -0.0036    0.0079   -0.0123   -0.0304    0.0309   -0.0150
            Z    -0.0557   -0.0066   -0.0039    0.0120    0.0107    0.0019
 AT.   6 O  X    -0.0650    0.0467    0.0051   -0.0133   -0.0311    0.0046
            Y     0.0077    0.0394    0.0069    0.0058    0.0023    0.0332
            Z    -0.0728   -0.0095   -0.0257   -0.0023   -0.0605   -0.0194
 AT.   7 O  X     0.0016   -0.0129    0.0143    0.0001   -0.0068    0.0471
            Y    -0.0152   -0.0334    0.0295    0.0155   -0.0104   -0.0562
            Z    -0.0196    0.0036    0.0316    0.0007    0.0139   -0.1044
 AT.   8 O  X    -0.0133    0.0040   -0.0114    0.0156    0.0088   -0.0394
            Y     0.0234   -0.0085    0.0100    0.0362   -0.0116   -0.0329
            Z    -0.0451    0.0075    0.0122   -0.0161    0.0019    0.0245
 AT.   9 O  X     0.0052   -0.0470   -0.0115    0.0049    0.0554    0.0295
            Y     0.0089   -0.0393   -0.0074   -0.0022   -0.0120   -0.0183
            Z     0.0058    0.0096    0.0197    0.0077    0.0463    0.0360
 AT.  10 O  X    -0.0205    0.0124   -0.0138    0.0122    0.0088   -0.0333
            Y    -0.0381    0.0329   -0.0251   -0.0236   -0.0064   -0.0085
            Z    -0.0571   -0.0032   -0.0329   -0.0025   -0.0038   -0.0053

 FREQ(CM**-1)    214.67    232.58    238.09    263.25    295.33    317.08

 AT.   1 CA X    -0.0305    0.0151   -0.0094    0.0206   -0.0286   -0.0590
            Y     0.0068   -0.0300   -0.0358    0.0039   -0.0393    0.0069
            Z     0.0090   -0.0091   -0.0075   -0.0525    0.0291    0.0048
 AT.   2 MG X     0.0291    0.0243   -0.0228   -0.0085   -0.0587    0.0157
            Y     0.0125   -0.0118    0.0069    0.0008    0.0553    0.0210
            Z    -0.0109   -0.0261    0.0015    0.0400   -0.0089    0.0172
 AT.   3 C  X    -0.0123    0.0178    0.0101   -0.0014   -0.0029    0.0155
            Y    -0.0018   -0.0276    0.0157    0.0067    0.0319    0.0068
            Z     0.0038    0.0068    0.0310    0.0024    0.0004   -0.0266
 AT.   4 C  X    -0.0116    0.0296    0.0239   -0.0020    0.0119    0.0182
            Y    -0.0007   -0.0444   -0.0160    0.0067    0.0111   -0.0096
            Z     0.0033   -0.0056   -0.0104    0.0019    0.0321   -0.0332
 AT.   5 O  X    -0.0219    0.0057   -0.0054    0.0033   -0.0029    0.0087
            Y    -0.0158   -0.0430   -0.0119    0.0148    0.0288    0.0019
            Z     0.0311    0.0345   -0.0124   -0.0126    0.0068    0.0443
 AT.   6 O  X     0.0129   -0.0099    0.0180   -0.0336   -0.0115    0.0040
            Y     0.0536    0.0436   -0.0161    0.0019   -0.0061   -0.0357
            Z    -0.0101   -0.0382   -0.0233   -0.0285   -0.0484    0.0011
 AT.   7 O  X    -0.0194    0.0142   -0.0020    0.0045    0.0026    0.0203
            Y     0.0129   -0.0261    0.0522   -0.0088    0.0289    0.0063
            Z     0.0272   -0.0191    0.0425   -0.0234   -0.0634   -0.0481
 AT.   8 O  X    -0.0211    0.0308    0.0306    0.0039    0.0194    0.0019
            Y    -0.0146   -0.0429   -0.0058    0.0166    0.0216   -0.0246
            Z     0.0302    0.0158   -0.0144   -0.0178    0.0389    0.0308
 AT.   9 O  X     0.0128    0.0071   -0.0684   -0.0317    0.0037   -0.0049
            Y     0.0531    0.0293    0.0043    0.0016    0.0253   -0.0278
            Z    -0.0091   -0.0423   -0.0336   -0.0302    0.0009    0.0286
 AT.  10 O  X    -0.0186    0.0343    0.0287    0.0042    0.0236    0.0169
            Y     0.0136   -0.0630   -0.0283   -0.0096   -0.0100   -0.0008
            Z     0.0272   -0.0630    0.0079   -0.0192   -0.0186   -0.0433

 FREQ(CM**-1)    335.47    345.59    386.57    406.05    408.66    438.48

 AT.   1 CA X     0.0046   -0.0031   -0.0051    0.0262    0.0130   -0.0023
            Y    -0.0014   -0.0005    0.0208   -0.0101   -0.0125    0.0186
            Z    -0.0001   -0.0099   -0.0011   -0.0026   -0.0037   -0.0057
 AT.   2 MG X     0.0473    0.0022    0.0138    0.0074    0.0034   -0.0021
            Y     0.0009    0.0083   -0.0048    0.0045   -0.0005    0.0047
            Z     0.0205   -0.0078    0.0427    0.0002   -0.0174   -0.0008
 AT.   3 C  X     0.0203    0.0235    0.0019   -0.0030   -0.0037    0.0008
            Y    -0.0002   -0.0151   -0.0129   -0.0103   -0.0176   -0.0265
            Z     0.0232   -0.0053   -0.0379   -0.0067   -0.0271   -0.0078
 AT.   4 C  X    -0.0175   -0.0168   -0.0023   -0.0345    0.0072    0.0184
            Y    -0.0048    0.0158   -0.0148    0.0032    0.0144   -0.0371
            Z    -0.0291    0.0118    0.0562    0.0026   -0.0148    0.0180
 AT.   5 O  X     0.0209    0.0252   -0.0230   -0.0083   -0.0102    0.0009
            Y     0.0012   -0.0172   -0.0364   -0.0188   -0.0300   -0.0189
            Z     0.0731   -0.0031   -0.0336   -0.0233   -0.0566   -0.0343
 AT.   6 O  X     0.0440   -0.0264    0.0130   -0.0415   -0.0059   -0.0250
            Y    -0.0278    0.0152    0.0366    0.0162    0.0334    0.0069
            Z    -0.0368   -0.0055   -0.0408    0.0577   -0.0172   -0.0022
 AT.   7 O  X     0.0260    0.0220   -0.0122   -0.0079   -0.0090   -0.0033
            Y    -0.0194   -0.0117    0.0178   -0.0007   -0.0014   -0.0191
            Z     0.0220    0.0431   -0.0276    0.0134    0.0097    0.0129
 AT.   8 O  X    -0.0211   -0.0128    0.0301   -0.0433   -0.0113    0.0345
            Y    -0.0110    0.0240    0.0303   -0.0065   -0.0034   -0.0096
            Z    -0.0792    0.0180    0.0088   -0.0247    0.0285    0.0010
 AT.   9 O  X    -0.0468    0.0255    0.0151   -0.0184   -0.0299   -0.0184
            Y     0.0298   -0.0126   -0.0263    0.0156    0.0205    0.0315
            Z     0.0500    0.0209   -0.0044    0.0117    0.0191   -0.0046
 AT.  10 O  X    -0.0264   -0.0102    0.0098   -0.0334    0.0013    0.0144
            Y     0.0222    0.0029   -0.0507   -0.0151    0.0412   -0.0383
            Z    -0.0159   -0.0316    0.0646   -0.0203   -0.0299    0.0405

 FREQ(CM**-1)    733.69    740.06    745.97    752.26    887.81    891.95

 AT.   1 CA X    -0.0005    0.0033    0.0044    0.0023    0.0001   -0.0005
            Y    -0.0035    0.0026    0.0008   -0.0025   -0.0009   -0.0015
            Z    -0.0014   -0.0006   -0.0056   -0.0020    0.0001    0.0012
 AT.   2 MG X     0.0035   -0.0036   -0.0001   -0.0028    0.0021   -0.0025
            Y    -0.0015   -0.0007    0.0002    0.0089   -0.0010   -0.0009
            Z    -0.0012   -0.0005    0.0000    0.0090   -0.0037   -0.0011
 AT.   3 C  X     0.0105   -0.0074   -0.0524   -0.0406    0.0016   -0.0028
            Y    -0.0426    0.0092   -0.0047   -0.0042    0.0026   -0.0020
            Z    -0.0003   -0.0001    0.0027   -0.0004   -0.1408    0.0007
 AT.   4 C  X    -0.0070   -0.0000   -0.0470    0.0466   -0.0039   -0.0011
            Y     0.0107    0.0411   -0.0074   -0.0022   -0.0022   -0.0013
            Z    -0.0008   -0.0008    0.0021    0.0067   -0.0006   -0.1392
 AT.   5 O  X     0.0784   -0.0210    0.0066   -0.0026    0.0049    0.0002
            Y     0.0154    0.0034    0.0892    0.0765    0.0017    0.0008
            Z     0.0069   -0.0030    0.0147    0.0085    0.0384   -0.0027
 AT.   6 O  X    -0.0010    0.0026   -0.0073   -0.1009    0.0053    0.0039
            Y    -0.0031    0.0605    0.0007    0.0118   -0.0015   -0.0016
            Z     0.0009   -0.0027   -0.0013    0.0172   -0.0458   -0.0437
 AT.   7 O  X    -0.0465    0.0043   -0.0585   -0.0439    0.0010    0.0006
            Y     0.0799   -0.0258   -0.0411   -0.0489   -0.0025   -0.0008
            Z    -0.0118    0.0064   -0.0026    0.0043    0.0371   -0.0001
 AT.   8 O  X    -0.0219   -0.0723    0.0074    0.0206    0.0000    0.0036
            Y    -0.0038   -0.0289    0.0802   -0.0811    0.0025    0.0036
            Z     0.0001   -0.0084    0.0144   -0.0088   -0.0018    0.0380
 AT.   9 O  X     0.0344   -0.0157   -0.0921    0.0187   -0.0086    0.0061
            Y     0.0524    0.0115    0.0354    0.0094    0.0008   -0.0011
            Z    -0.0038    0.0017    0.0125   -0.0052    0.0411   -0.0447
 AT.  10 O  X     0.0109    0.0535   -0.0527    0.0381   -0.0001    0.0013
            Y    -0.0221   -0.0692   -0.0374    0.0697   -0.0024   -0.0048
            Z     0.0016    0.0157   -0.0018   -0.0097    0.0006    0.0392

 FREQ(CM**-1)   1144.35   1145.76   1507.65   1526.43   1555.93   1627.08

 AT.   1 CA X     0.0003   -0.0013    0.0003    0.0011   -0.0011   -0.0007
            Y    -0.0003    0.0012    0.0002   -0.0000    0.0026    0.0018
            Z     0.0002    0.0017   -0.0002   -0.0005    0.0022    0.0009
 AT.   2 MG X    -0.0003   -0.0012    0.0027   -0.0029    0.0015    0.0026
            Y     0.0013    0.0044    0.0007   -0.0013   -0.0018   -0.0024
            Z     0.0049   -0.0018    0.0006   -0.0013   -0.0016   -0.0015
 AT.   3 C  X    -0.0017   -0.0013   -0.0173    0.0024   -0.0651   -0.0270
            Y     0.0009   -0.0012    0.0119   -0.0180    0.0612   -0.0113
            Z     0.0000   -0.0001   -0.0011    0.0012    0.0001   -0.0004
 AT.   4 C  X     0.0015   -0.0012   -0.0074    0.0265   -0.0390   -0.0390
            Y    -0.0006   -0.0022   -0.0319   -0.0079    0.0056    0.1023
            Z    -0.0003   -0.0001    0.0016    0.0016   -0.0003    0.0015
 AT.   5 O  X    -0.0174    0.0004    0.0083   -0.0024    0.0293    0.0071
            Y     0.0147    0.0007   -0.0061    0.0039   -0.0256   -0.0044
            Z     0.0004   -0.0001   -0.0002    0.0006   -0.0011   -0.0020
 AT.   6 O  X    -0.0106   -0.0124   -0.0112   -0.0120    0.0008    0.0003
            Y    -0.0740   -0.0860   -0.0430   -0.0329    0.0613   -0.0544
            Z     0.0010    0.0018    0.0004    0.0018    0.0007   -0.0013
 AT.   7 O  X     0.0210    0.0004    0.0043    0.0002    0.0169    0.0117
            Y     0.0097    0.0015    0.0012    0.0029    0.0002    0.0045
            Z     0.0008   -0.0003    0.0017   -0.0019    0.0012    0.0010
 AT.   8 O  X    -0.0007   -0.0179   -0.0047   -0.0079    0.0127    0.0289
            Y    -0.0013    0.0146    0.0054    0.0063   -0.0107   -0.0285
            Z    -0.0002    0.0003    0.0002    0.0005   -0.0016   -0.0007
 AT.   9 O  X     0.0125   -0.0105    0.0099   -0.0110    0.0005   -0.0005
            Y     0.0877   -0.0727    0.0370   -0.0308    0.0526    0.0554
            Z    -0.0011    0.0015   -0.0004    0.0016   -0.0000   -0.0002
 AT.  10 O  X     0.0000    0.0216    0.0075   -0.0099    0.0139    0.0030
            Y    -0.0009    0.0104    0.0041   -0.0013    0.0044   -0.0094
            Z    -0.0003   -0.0002   -0.0020   -0.0023    0.0013   -0.0005


  DISPERSION K POINT NUMBER     8 COORD:  C(  0  2  1 )    WEIGHT:    1.

    MODES         EIGV          FREQUENCIES     IRREP
             (HARTREE**2)   (CM**-1)     (THZ)
    1-   1    0.2140E-06    101.5241    3.0436  (  1)
    2-   2    0.3635E-06    132.3274    3.9671  (  1)
    3-   3    0.4768E-06    151.5476    4.5433  (  1)
    4-   4    0.5127E-06    157.1553    4.7114  (  1)
    5-   5    0.5476E-06    162.4110    4.8690  (  1)
    6-   6    0.7402E-06    188.8222    5.6607  (  1)
    7-   7    0.1004E-05    219.9135    6.5928  (  1)
    8-   8    0.1259E-05    246.2834    7.3834  (  1)
    9-   9    0.1287E-05    248.9489    7.4633  (  1)
   10-  10    0.1512E-05    269.8991    8.0914  (  1)
   11-  11    0.2012E-05    311.3107    9.3329  (  1)
   12-  12    0.2050E-05    314.2727    9.4217  (  1)
   13-  13    0.2391E-05    339.4037   10.1751  (  1)
   14-  14    0.2479E-05    345.5855   10.3604  (  1)
   15-  15    0.2814E-05    368.1898   11.0381  (  1)
   16-  16    0.3384E-05    403.7407   12.1038  (  1)
   17-  17    0.3558E-05    413.9672   12.4104  (  1)
   18-  18    0.3619E-05    417.4956   12.5162  (  1)
   19-  19    0.1117E-04    733.5227   21.9905  (  1)
   20-  20    0.1140E-04    740.9833   22.2141  (  1)
   21-  21    0.1141E-04    741.2695   22.2227  (  1)
   22-  22    0.1145E-04    742.6572   22.2643  (  1)
   23-  23    0.1642E-04    889.3751   26.6628  (  1)
   24-  24    0.1642E-04    889.4364   26.6646  (  1)
   25-  25    0.2719E-04   1144.3472   34.3067  (  1)
   26-  26    0.2719E-04   1144.3560   34.3069  (  1)
   27-  27    0.4793E-04   1519.4267   45.5513  (  1)
   28-  28    0.4862E-04   1530.3248   45.8780  (  1)
   29-  29    0.5134E-04   1572.5944   47.1452  (  1)
   30-  30    0.5393E-04   1611.7039   48.3177  (  1)

 MODES IN PHASE

 FREQ(CM**-1)    101.52    132.33    151.55    157.16    162.41    188.82

 AT.   1 CA X    -0.0301    0.0274    0.0787    0.0769    0.0077    0.0216
            Y     0.0367    0.0761    0.0347   -0.0392   -0.0186    0.0425
            Z     0.0094    0.0171   -0.0385    0.0598   -0.0448   -0.0406
 AT.   2 MG X    -0.0144   -0.0026    0.0410    0.0291    0.0044    0.0194
            Y    -0.0059   -0.0375   -0.0182    0.0146    0.0141   -0.0104
            Z     0.0435    0.0070    0.0243   -0.0198    0.0021   -0.0602
 AT.   3 C  X     0.0043    0.0107    0.0274    0.0234   -0.0277   -0.0118
            Y     0.0049   -0.0010    0.0128    0.0122    0.0256   -0.0349
            Z     0.0130    0.0084    0.0108    0.0346    0.0424    0.0275
 AT.   4 C  X    -0.0053    0.0178   -0.0172   -0.0320   -0.0275    0.0153
            Y     0.0124    0.0106    0.0188   -0.0174    0.0256    0.0063
            Z    -0.0146    0.0218   -0.0307   -0.0068    0.0424   -0.0362
 AT.   5 O  X    -0.0205    0.0176    0.0505    0.0159   -0.0402   -0.0252
            Y    -0.0261    0.0097    0.0454    0.0030    0.0034   -0.0489
            Z     0.0343    0.0287   -0.0359    0.0587    0.0228    0.0690
 AT.   6 O  X     0.0180   -0.0717    0.0385    0.0157   -0.0074   -0.0012
            Y    -0.0134   -0.0031   -0.0356    0.0035   -0.0124    0.0151
            Z     0.0937   -0.0282    0.0172   -0.0193   -0.0393   -0.0273
 AT.   7 O  X     0.0029   -0.0087   -0.0155   -0.0253    0.0395    0.0222
            Y    -0.0276    0.0650    0.0161   -0.0210   -0.0368    0.0126
            Z    -0.0590    0.0158   -0.0427    0.0370   -0.0671   -0.0194
 AT.   8 O  X    -0.0020    0.0207    0.0504    0.0066   -0.0041   -0.0308
            Y    -0.0342    0.0181    0.0452   -0.0033   -0.0118   -0.0482
            Z    -0.0055    0.0228   -0.0357    0.0758   -0.0254    0.0880
 AT.   9 O  X    -0.0509   -0.0608    0.0385    0.0259    0.0110   -0.0039
            Y     0.0043   -0.0031   -0.0356    0.0095   -0.0106    0.0291
            Z     0.0028   -0.0182    0.0170   -0.0053   -0.0104   -0.0462
 AT.  10 O  X    -0.0122   -0.0072   -0.0152   -0.0250   -0.0337    0.0155
            Y     0.0290    0.0696    0.0160   -0.0232    0.0451    0.0005
            Z     0.0124    0.0217   -0.0426    0.0271    0.0558   -0.0426

 FREQ(CM**-1)    219.91    246.28    248.95    269.90    311.31    314.27

 AT.   1 CA X    -0.0042    0.0010    0.0080   -0.0021   -0.0085   -0.0106
            Y    -0.0016   -0.0234    0.0093    0.0019   -0.0159    0.0038
            Z    -0.0354    0.0203    0.0355   -0.0027   -0.0098   -0.0006
 AT.   2 MG X     0.0011   -0.0085   -0.0396   -0.0121    0.0019    0.0173
            Y     0.0211    0.0356   -0.0087   -0.0054   -0.0229   -0.0013
            Z     0.0158    0.0241   -0.0269   -0.0223    0.0067   -0.0039
 AT.   3 C  X     0.0292    0.0168   -0.0426    0.0244   -0.0379   -0.0147
            Y    -0.0421   -0.0514   -0.0070    0.0021   -0.0020   -0.0301
            Z    -0.0275   -0.0089    0.0042    0.0069    0.0120    0.0175
 AT.   4 C  X    -0.0189   -0.0167    0.0271   -0.0088   -0.0077   -0.0017
            Y     0.0446    0.0515    0.0188   -0.0360   -0.0298   -0.0277
            Z     0.0279    0.0090   -0.0109    0.0123   -0.0265    0.0238
 AT.   5 O  X     0.0503   -0.0027   -0.0322    0.0455   -0.0257    0.0003
            Y    -0.0139   -0.0718    0.0042    0.0250    0.0174   -0.0019
            Z    -0.0353    0.0268    0.0500    0.0338    0.0053   -0.0590
 AT.   6 O  X     0.0252   -0.0481    0.0702   -0.0481    0.0329    0.0105
            Y     0.0323   -0.0003   -0.0312   -0.0284   -0.0227    0.0078
            Z     0.0169   -0.0304    0.0591   -0.0659   -0.0537   -0.0064
 AT.   7 O  X    -0.0445    0.0295   -0.0102   -0.0233    0.0368   -0.0108
            Y     0.0224    0.0414    0.0329    0.0684   -0.0037    0.0242
            Z     0.0113    0.0422    0.0367   -0.0217    0.0018   -0.0682
 AT.   8 O  X    -0.0180    0.0373   -0.0419   -0.0391    0.0306    0.0057
            Y    -0.0224    0.0009    0.0336   -0.0097    0.0043    0.0031
            Z     0.0297   -0.0073    0.0154   -0.0567    0.0242    0.0602
 AT.   9 O  X     0.0217   -0.0120    0.0378    0.0284   -0.0429   -0.0005
            Y    -0.0152   -0.0531   -0.0381    0.0150    0.0096    0.0005
            Z     0.0373   -0.0405    0.0499    0.0416    0.0644    0.0008
 AT.  10 O  X    -0.0353   -0.0017    0.0245   -0.0000   -0.0265    0.0003
            Y     0.0771    0.0262    0.0248   -0.0599    0.0179   -0.0237
            Z     0.0714    0.0390    0.0247    0.0478    0.0166    0.0864

 FREQ(CM**-1)    339.40    345.59    368.19    403.74    413.97    417.50

 AT.   1 CA X     0.0139   -0.0099   -0.0562    0.0275    0.0015   -0.0064
            Y    -0.0671   -0.0109    0.0133    0.0255   -0.0156   -0.0061
            Z     0.0145    0.0380    0.0175   -0.0037   -0.0032   -0.0292
 AT.   2 MG X     0.0146    0.0087    0.0287    0.0238    0.1087   -0.1007
            Y    -0.0643    0.0357    0.0164    0.0287    0.0959    0.1051
            Z     0.0454   -0.0001    0.0384    0.1341   -0.0371    0.0098
 AT.   3 C  X     0.0127   -0.0161    0.0012   -0.0180    0.0035    0.0208
            Y    -0.0177   -0.0144    0.0389    0.0205    0.0154   -0.0014
            Z    -0.0034    0.0195    0.0182   -0.0069   -0.0168    0.0310
 AT.   4 C  X    -0.0290   -0.0005   -0.0373    0.0126    0.0155   -0.0126
            Y     0.0064   -0.0010    0.0151   -0.0231   -0.0054   -0.0169
            Z    -0.0386   -0.0009   -0.0028    0.0029   -0.0196   -0.0314
 AT.   5 O  X    -0.0032   -0.0074    0.0028   -0.0395   -0.0088    0.0473
            Y    -0.0413    0.0084    0.0425    0.0036    0.0043    0.0231
            Z    -0.0016   -0.0371    0.0641    0.0127    0.0107    0.0446
 AT.   6 O  X    -0.0306   -0.0461    0.0309   -0.0013   -0.0415   -0.0157
            Y     0.0146   -0.0075   -0.0359    0.0040   -0.0097    0.0224
            Z     0.0070    0.0168   -0.0596   -0.0301    0.0700    0.0134
 AT.   7 O  X    -0.0367    0.0177   -0.0308    0.0011    0.0101   -0.0204
            Y     0.0296    0.0565   -0.0040   -0.0230    0.0283   -0.0014
            Z    -0.0554   -0.0414   -0.0395    0.0438   -0.0095   -0.0136
 AT.   8 O  X     0.0042    0.0021    0.0200   -0.0403   -0.0080    0.0480
            Y    -0.0360    0.0172    0.0263   -0.0059    0.0026    0.0270
            Z     0.0090   -0.0457    0.0545   -0.0147    0.0105    0.0519
 AT.   9 O  X    -0.0306    0.0400    0.0305   -0.0107   -0.0439   -0.0125
            Y     0.0175    0.0171   -0.0443    0.0212   -0.0081    0.0188
            Z     0.0128   -0.0953   -0.0430   -0.0150    0.0692    0.0140
 AT.  10 O  X    -0.0389   -0.0073   -0.0276    0.0147    0.0093   -0.0169
            Y     0.0305    0.0167    0.0053   -0.0268    0.0214   -0.0044
            Z    -0.0544   -0.0234   -0.0680    0.0643   -0.0061   -0.0084

 FREQ(CM**-1)    733.52    740.98    741.27    742.66    889.38    889.44

 AT.   1 CA X     0.0007   -0.0029    0.0011    0.0009   -0.0003    0.0003
            Y     0.0004   -0.0002    0.0010   -0.0065   -0.0002   -0.0005
            Z     0.0050   -0.0006   -0.0048   -0.0018   -0.0000    0.0006
 AT.   2 MG X    -0.0205    0.0005   -0.0021   -0.0010   -0.0007   -0.0003
            Y     0.0033   -0.0016   -0.0129   -0.0055   -0.0002    0.0011
            Z     0.0010    0.0038   -0.0050    0.0148   -0.0001    0.0006
 AT.   3 C  X     0.0372    0.0356    0.0442   -0.0246    0.0033    0.0053
            Y     0.0101    0.0013    0.0097    0.0168   -0.0011   -0.0003
            Z    -0.0028   -0.0015    0.0025   -0.0003    0.1788   -0.0225
 AT.   4 C  X     0.0274    0.0375   -0.0361    0.0285    0.0055   -0.0033
            Y    -0.0254   -0.0135    0.0068    0.0064   -0.0001    0.0010
            Z     0.0018   -0.0018    0.0014    0.0003    0.0225    0.1787
 AT.   5 O  X    -0.0080   -0.0008   -0.0050   -0.0183   -0.0051    0.0005
            Y    -0.0731   -0.0602   -0.0900    0.0389   -0.0018    0.0022
            Z    -0.0094   -0.0065   -0.0138    0.0043   -0.0495    0.0068
 AT.   6 O  X     0.0696   -0.0151    0.0594   -0.0196   -0.0052    0.0032
            Y     0.0237   -0.0551    0.0112    0.0603    0.0002   -0.0011
            Z    -0.0098    0.0036   -0.0121    0.0036    0.0223   -0.0456
 AT.   7 O  X    -0.0529    0.0167   -0.0508   -0.0528    0.0033    0.0014
            Y     0.0435   -0.0848    0.0083    0.0719   -0.0031   -0.0069
            Z    -0.0087    0.0103   -0.0060   -0.0159    0.0240    0.0379
 AT.   8 O  X    -0.0553    0.0453    0.0409    0.0752    0.0047    0.0017
            Y    -0.0454    0.0490    0.0410    0.0492    0.0013    0.0022
            Z    -0.0088    0.0071    0.0091    0.0145    0.0452    0.0231
 AT.   9 O  X     0.0761    0.0614   -0.0864    0.0485    0.0075   -0.0023
            Y    -0.0282    0.0497    0.0363    0.0380   -0.0011    0.0001
            Z    -0.0103   -0.0093    0.0149   -0.0088   -0.0366    0.0235
 AT.  10 O  X    -0.0084    0.0207   -0.0195    0.0466   -0.0026   -0.0001
            Y     0.0762    0.0557   -0.0607    0.0052    0.0017    0.0081
            Z    -0.0095   -0.0042    0.0082    0.0029   -0.0055   -0.0481

 FREQ(CM**-1)   1144.35   1144.36   1519.43   1530.32   1572.59   1611.70

 AT.   1 CA X     0.0006   -0.0015    0.0006   -0.0038   -0.0000    0.0004
            Y    -0.0003   -0.0033   -0.0002    0.0002    0.0001    0.0055
            Z    -0.0000    0.0002    0.0029    0.0012    0.0001    0.0001
 AT.   2 MG X    -0.0017    0.0046    0.0051    0.0030   -0.0003    0.0003
            Y    -0.0009   -0.0086    0.0009    0.0002    0.0020    0.0021
            Z     0.0000   -0.0002    0.0017   -0.0054    0.0001   -0.0016
 AT.   3 C  X    -0.0007    0.0009   -0.1288    0.0475    0.1352    0.0037
            Y    -0.0003    0.0016   -0.0412    0.1258   -0.0024    0.1342
            Z     0.0003    0.0005   -0.0044    0.0010   -0.0043    0.0000
 AT.   4 C  X    -0.0008   -0.0009    0.1578    0.0060    0.1096   -0.0669
            Y    -0.0038   -0.0035   -0.0010    0.1572    0.0608   -0.1052
            Z     0.0006   -0.0006    0.0048    0.0001   -0.0040    0.0015
 AT.   5 O  X     0.0408    0.0642    0.0327    0.0084   -0.0411    0.0215
            Y    -0.0303   -0.0483   -0.0157   -0.0155    0.0217   -0.0291
            Z     0.0003   -0.0022    0.0024   -0.0015    0.0013   -0.0021
 AT.   6 O  X     0.0070    0.0025   -0.0087    0.0063    0.0035   -0.0030
            Y     0.0520    0.0134    0.0068    0.0618   -0.0385    0.0244
            Z    -0.0003   -0.0008   -0.0020    0.0003   -0.0028    0.0005
 AT.   7 O  X     0.0931    0.0878   -0.0035    0.0268    0.0373    0.0454
            Y     0.0391    0.0371   -0.0070    0.0073    0.0234    0.0170
            Z     0.0023    0.0008    0.0003   -0.0011   -0.0018    0.0014
 AT.   8 O  X    -0.0640    0.0406    0.0345   -0.0296    0.0451    0.0329
            Y     0.0478   -0.0300   -0.0262    0.0273   -0.0287   -0.0358
            Z     0.0001   -0.0017   -0.0001   -0.0021   -0.0010   -0.0032
 AT.   9 O  X    -0.0023    0.0068    0.0070    0.0083    0.0015   -0.0077
            Y    -0.0150    0.0494    0.0302    0.0343    0.0450    0.0013
            Z    -0.0003   -0.0013   -0.0011    0.0011    0.0020    0.0017
 AT.  10 O  X    -0.0866    0.0946   -0.0572   -0.0240   -0.0492    0.0398
            Y    -0.0360    0.0400   -0.0196   -0.0190   -0.0244    0.0194
            Z    -0.0021    0.0008   -0.0037    0.0010    0.0024    0.0011

 MODES IN ANTI-PHASE

 FREQ(CM**-1)    101.52    132.33    151.55    157.16    162.41    188.82

 AT.   1 CA X     0.0243   -0.0028   -0.0003    0.0160   -0.0133   -0.0056
            Y    -0.0297   -0.0079   -0.0001   -0.0081    0.0320   -0.0110
            Z    -0.0076   -0.0018    0.0001    0.0124    0.0770    0.0105
 AT.   2 MG X     0.0117    0.0003   -0.0001    0.0061   -0.0075   -0.0050
            Y     0.0048    0.0039    0.0001    0.0030   -0.0243    0.0027
            Z    -0.0352   -0.0007   -0.0001   -0.0041   -0.0036    0.0156
 AT.   3 C  X    -0.0126    0.0223   -0.0043   -0.0222    0.0187    0.0151
            Y     0.0131    0.0108    0.0289   -0.0127   -0.0007    0.0057
            Z    -0.0362    0.0257   -0.0292    0.0352   -0.0021   -0.0357
 AT.   4 C  X     0.0122    0.0172    0.0217   -0.0039   -0.0189   -0.0116
            Y    -0.0065    0.0024    0.0254   -0.0029    0.0009   -0.0348
            Z     0.0356    0.0160   -0.0050    0.0489    0.0024    0.0270
 AT.   5 O  X    -0.0023   -0.0170    0.0054   -0.0202    0.0276    0.0181
            Y     0.0294   -0.0418    0.0401   -0.0150    0.0116    0.0112
            Z     0.0129    0.0258   -0.0291    0.0551    0.0163   -0.0571
 AT.   6 O  X     0.0559   -0.0455    0.0091    0.0290   -0.0084    0.0058
            Y    -0.0073    0.0004   -0.0016    0.0156    0.0193   -0.0328
            Z     0.0171   -0.0458    0.0265    0.0311    0.0342    0.0458
 AT.   7 O  X     0.0131   -0.0065   -0.0338   -0.0044    0.0163    0.0079
            Y    -0.0355   -0.0290    0.0110   -0.0100   -0.0309    0.0216
            Z    -0.0252   -0.0309   -0.0190   -0.0170   -0.0261    0.0527
 AT.   8 O  X     0.0205    0.0130   -0.0057    0.0248    0.0486   -0.0035
            Y     0.0194    0.0390   -0.0404    0.0149    0.0028    0.0140
            Z    -0.0362   -0.0312    0.0294   -0.0272   -0.0118    0.0164
 AT.   9 O  X    -0.0293    0.0592   -0.0094   -0.0204    0.0023   -0.0045
            Y     0.0146    0.0002    0.0019   -0.0130    0.0203    0.0213
            Z    -0.0952    0.0506   -0.0266   -0.0362    0.0511   -0.0267
 AT.  10 O  X    -0.0055    0.0081    0.0339   -0.0061   -0.0263   -0.0177
            Y     0.0344    0.0151   -0.0111    0.0008    0.0167   -0.0250
            Z     0.0629    0.0270    0.0193    0.0303    0.0454   -0.0366

 FREQ(CM**-1)    219.91    246.28    248.95    269.90    311.31    314.27

 AT.   1 CA X    -0.0034    0.0006    0.0029   -0.0065   -0.0301    0.0607
            Y    -0.0013   -0.0135    0.0033    0.0056   -0.0563   -0.0219
            Z    -0.0286    0.0117    0.0127   -0.0082   -0.0345    0.0037
 AT.   2 MG X     0.0009   -0.0049   -0.0142   -0.0367    0.0066   -0.0996
            Y     0.0170    0.0205   -0.0031   -0.0165   -0.0809    0.0074
            Z     0.0128    0.0139   -0.0097   -0.0677    0.0238    0.0223
 AT.   3 C  X    -0.0292    0.0347   -0.0364    0.0061    0.0087   -0.0147
            Y    -0.0148    0.0335    0.0350    0.0360    0.0299    0.0073
            Z    -0.0057    0.0178   -0.0198   -0.0131    0.0261   -0.0162
 AT.   4 C  X    -0.0367    0.0347   -0.0491   -0.0236    0.0382    0.0207
            Y    -0.0013    0.0334    0.0303    0.0020    0.0028    0.0138
            Z     0.0030    0.0178   -0.0171   -0.0084   -0.0112    0.0010
 AT.   5 O  X    -0.0293    0.0447   -0.0268   -0.0041    0.0166   -0.0178
            Y    -0.0199    0.0427    0.0477    0.0175    0.0364   -0.0040
            Z     0.0381   -0.0239   -0.0365   -0.0497    0.0547   -0.0138
 AT.   6 O  X     0.0168    0.0140   -0.0259   -0.0173   -0.0285   -0.0280
            Y    -0.0226   -0.0612   -0.0220   -0.0132   -0.0187   -0.0232
            Z     0.0345   -0.0292    0.0067   -0.0192    0.0356    0.0155
 AT.   7 O  X    -0.0265   -0.0190    0.0510   -0.0315    0.0092    0.0291
            Y     0.0740    0.0063   -0.0009   -0.0082    0.0281    0.0029
            Z     0.0706    0.0206   -0.0057    0.0511    0.0346   -0.0658
 AT.   8 O  X     0.0554   -0.0247    0.0002    0.0238    0.0006   -0.0169
            Y    -0.0093   -0.0836   -0.0342    0.0289    0.0401   -0.0031
            Z    -0.0426    0.0352    0.0599   -0.0198    0.0494    0.0069
 AT.   9 O  X     0.0211   -0.0486    0.0646   -0.0424   -0.0070   -0.0299
            Y     0.0363    0.0305   -0.0028   -0.0275   -0.0278   -0.0245
            Z     0.0092   -0.0116    0.0325   -0.0546    0.0022    0.0168
 AT.  10 O  X    -0.0379    0.0350   -0.0459   -0.0392    0.0271    0.0310
            Y     0.0062    0.0327    0.0217    0.0341    0.0220   -0.0054
            Z    -0.0039    0.0262    0.0277    0.0282    0.0304   -0.0389

 FREQ(CM**-1)    339.40    345.59    368.19    403.74    413.97    417.50

 AT.   1 CA X    -0.0011    0.0092    0.0152    0.0082    0.0001    0.0005
            Y     0.0053    0.0101   -0.0036    0.0076   -0.0010    0.0005
            Z    -0.0012   -0.0352   -0.0047   -0.0011   -0.0002    0.0023
 AT.   2 MG X    -0.0012   -0.0080   -0.0078    0.0071    0.0068    0.0079
            Y     0.0051   -0.0330   -0.0044    0.0086    0.0060   -0.0082
            Z    -0.0036    0.0001   -0.0104    0.0401   -0.0023   -0.0008
 AT.   3 C  X    -0.0262    0.0226   -0.0373   -0.0077    0.0221   -0.0055
            Y     0.0001    0.0193    0.0149   -0.0106    0.0049   -0.0186
            Z    -0.0426   -0.0301   -0.0029   -0.0073   -0.0374   -0.0217
 AT.   4 C  X     0.0025   -0.0277    0.0014   -0.0150    0.0161    0.0174
            Y    -0.0165   -0.0241    0.0388   -0.0002    0.0152   -0.0080
            Z    -0.0184    0.0358    0.0182   -0.0096   -0.0360    0.0211
 AT.   5 O  X    -0.0469   -0.0026   -0.0348   -0.0134    0.0057   -0.0084
            Y    -0.0302   -0.0166    0.0206   -0.0162   -0.0130   -0.0266
            Z    -0.0672    0.0430    0.0015   -0.0461   -0.0011   -0.0506
 AT.   6 O  X     0.0024   -0.0438   -0.0076   -0.0174   -0.0216   -0.0190
            Y    -0.0200   -0.0177    0.0263    0.0325    0.0126    0.0214
            Z    -0.0375    0.0969   -0.0168    0.0186   -0.0012   -0.0047
 AT.   7 O  X     0.0169    0.0087    0.0020    0.0251   -0.0057   -0.0209
            Y    -0.0081   -0.0123   -0.0172   -0.0139   -0.0529    0.0198
            Z    -0.0024    0.0203    0.0671    0.0504    0.0259   -0.0323
 AT.   8 O  X     0.0468    0.0075    0.0286   -0.0105   -0.0068    0.0010
            Y     0.0364   -0.0070   -0.0392    0.0155    0.0135    0.0226
            Z     0.0666    0.0336   -0.0337    0.0455    0.0024    0.0431
 AT.   9 O  X     0.0025    0.0494   -0.0090    0.0138    0.0162    0.0212
            Y     0.0175    0.0088   -0.0046   -0.0249   -0.0138   -0.0246
            Z     0.0359   -0.0243    0.0446   -0.0321    0.0100    0.0026
 AT.  10 O  X    -0.0109   -0.0184    0.0138   -0.0204    0.0069    0.0238
            Y     0.0034   -0.0554    0.0169   -0.0010    0.0561   -0.0193
            Z     0.0111    0.0397   -0.0379   -0.0181   -0.0269    0.0341

 FREQ(CM**-1)    733.52    740.98    741.27    742.66    889.38    889.44

 AT.   1 CA X    -0.0003    0.0080    0.0015    0.0009   -0.0017    0.0009
            Y    -0.0002    0.0006    0.0013   -0.0063   -0.0009   -0.0016
            Z    -0.0027    0.0016   -0.0065   -0.0018   -0.0002    0.0018
 AT.   2 MG X     0.0109   -0.0015   -0.0029   -0.0010   -0.0033   -0.0008
            Y    -0.0018    0.0044   -0.0174   -0.0054   -0.0008    0.0032
            Z    -0.0005   -0.0105   -0.0067    0.0145   -0.0003    0.0016
 AT.   3 C  X     0.0124   -0.0118    0.0083   -0.0145   -0.0051    0.0027
            Y    -0.0331    0.0429   -0.0182   -0.0440   -0.0000   -0.0010
            Z     0.0033    0.0012   -0.0042   -0.0001    0.0001   -0.1773
 AT.   4 C  X     0.0280   -0.0011   -0.0267   -0.0009   -0.0027   -0.0050
            Y     0.0235   -0.0408   -0.0195   -0.0467    0.0011    0.0002
            Z    -0.0039   -0.0006   -0.0047    0.0000   -0.1773   -0.0001
 AT.   5 O  X     0.0614   -0.0696    0.0413    0.0756   -0.0000    0.0035
            Y     0.0053   -0.0046    0.0152    0.0484   -0.0010    0.0064
            Z     0.0042   -0.0032    0.0052    0.0144   -0.0012    0.0470
 AT.   6 O  X    -0.0447   -0.0776   -0.0722    0.0490    0.0070    0.0005
            Y     0.0502   -0.0117    0.0415    0.0366   -0.0022   -0.0013
            Z     0.0058    0.0102    0.0118   -0.0089   -0.0415   -0.0212
 AT.   7 O  X    -0.0258   -0.0521   -0.0360    0.0478    0.0013    0.0016
            Y    -0.0625    0.0144   -0.0610    0.0036   -0.0030    0.0043
            Z     0.0056   -0.0058    0.0067    0.0033    0.0430   -0.0296
 AT.   8 O  X    -0.0279   -0.0528    0.0073   -0.0200   -0.0020    0.0031
            Y     0.0575    0.0352   -0.0816    0.0378   -0.0017    0.0064
            Z     0.0054    0.0017   -0.0117    0.0040   -0.0202    0.0416
 AT.   9 O  X    -0.0325   -0.0498    0.0356   -0.0207    0.0045    0.0023
            Y    -0.0478    0.0264    0.0229    0.0595   -0.0019   -0.0017
            Z     0.0049    0.0054   -0.0081    0.0038   -0.0297   -0.0445
 AT.  10 O  X     0.0583   -0.0507   -0.0592   -0.0539    0.0025    0.0021
            Y    -0.0009    0.0656   -0.0100    0.0718   -0.0040   -0.0008
            Z     0.0041   -0.0111   -0.0038   -0.0160    0.0490   -0.0006

 FREQ(CM**-1)   1144.35   1144.36   1519.43   1530.32   1572.59   1611.70

 AT.   1 CA X     0.0033   -0.0003    0.0006    0.0034    0.0001    0.0001
            Y    -0.0015   -0.0006   -0.0002   -0.0002   -0.0004    0.0012
            Z    -0.0002    0.0000    0.0031   -0.0011   -0.0006    0.0000
 AT.   2 MG X    -0.0086    0.0009    0.0056   -0.0027    0.0014    0.0001
            Y    -0.0046   -0.0017    0.0009   -0.0001   -0.0088    0.0005
            Z     0.0002   -0.0000    0.0019    0.0048   -0.0003   -0.0003
 AT.   3 C  X     0.0007   -0.0003   -0.0912   -0.0546    0.0020   -0.1081
            Y     0.0038   -0.0037    0.0607    0.0943   -0.1095    0.0052
            Z    -0.0005   -0.0004   -0.0020   -0.0012    0.0009    0.0025
 AT.   4 C  X     0.0006    0.0003   -0.0009    0.0722   -0.0791   -0.0851
            Y    -0.0002   -0.0019    0.0734   -0.0016    0.0911    0.0835
            Z    -0.0002    0.0000    0.0009    0.0015    0.0017    0.0020
 AT.   5 O  X    -0.0698   -0.0505    0.0375    0.0307   -0.0185    0.0330
            Y     0.0527    0.0394   -0.0277   -0.0292    0.0213   -0.0227
            Z     0.0011    0.0008    0.0001    0.0020   -0.0004   -0.0030
 AT.   6 O  X     0.0111    0.0119    0.0062   -0.0076   -0.0111   -0.0124
            Y     0.0885    0.0985    0.0309   -0.0277   -0.0238   -0.0523
            Z    -0.0014   -0.0015   -0.0013   -0.0011    0.0013    0.0032
 AT.   7 O  X    -0.0008    0.0352   -0.0577    0.0271    0.0364   -0.0044
            Y     0.0008    0.0151   -0.0203    0.0199    0.0075    0.0096
            Z     0.0002    0.0000   -0.0037   -0.0012   -0.0018   -0.0003
 AT.   8 O  X    -0.0494    0.0709    0.0358   -0.0117    0.0006   -0.0215
            Y     0.0375   -0.0546   -0.0181    0.0186    0.0101    0.0090
            Z     0.0012   -0.0015    0.0024    0.0012   -0.0009    0.0019
 AT.   9 O  X     0.0129   -0.0101   -0.0081   -0.0054   -0.0116    0.0101
            Y     0.1016   -0.0863    0.0094   -0.0584   -0.0053    0.0577
            Z    -0.0014    0.0011   -0.0021   -0.0002    0.0024   -0.0027
 AT.  10 O  X     0.0341    0.0003   -0.0085   -0.0296    0.0172    0.0224
            Y     0.0154   -0.0001   -0.0087   -0.0094   -0.0031   -0.0020
            Z     0.0011    0.0003    0.0000    0.0013   -0.0009    0.0008


  DISPERSION K POINT NUMBER     9 COORD:  C(  0  2  2 )    WEIGHT:    1.

    MODES         EIGV          FREQUENCIES     IRREP
             (HARTREE**2)   (CM**-1)     (THZ)
    1-   1    0.2110E-06    100.8076    3.0221  (  1)
    2-   2    0.2370E-06    106.8493    3.2033  (  1)
    3-   3    0.4147E-06    141.3295    4.2370  (  1)
    4-   4    0.4555E-06    148.1306    4.4408  (  1)
    5-   5    0.5758E-06    166.5361    4.9926  (  1)
    6-   6    0.6723E-06    179.9616    5.3951  (  1)
    7-   7    0.8352E-06    200.5753    6.0131  (  1)
    8-   8    0.9551E-06    214.4930    6.4303  (  1)
    9-   9    0.1309E-05    251.0723    7.5270  (  1)
   10-  10    0.1566E-05    274.6505    8.2338  (  1)
   11-  11    0.1850E-05    298.5266    8.9496  (  1)
   12-  12    0.1917E-05    303.9137    9.1111  (  1)
   13-  13    0.2321E-05    334.3781   10.0244  (  1)
   14-  14    0.2487E-05    346.1153   10.3763  (  1)
   15-  15    0.3247E-05    395.5106   11.8571  (  1)
   16-  16    0.3454E-05    407.8767   12.2278  (  1)
   17-  17    0.3505E-05    410.8694   12.3176  (  1)
   18-  18    0.4354E-05    457.9505   13.7290  (  1)
   19-  19    0.1118E-04    733.9427   22.0030  (  1)
   20-  20    0.1134E-04    739.1490   22.1591  (  1)
   21-  21    0.1159E-04    747.1081   22.3977  (  1)
   22-  22    0.1165E-04    749.1902   22.4602  (  1)
   23-  23    0.1638E-04    888.2416   26.6288  (  1)
   24-  24    0.1652E-04    892.1713   26.7466  (  1)
   25-  25    0.2719E-04   1144.3519   34.3068  (  1)
   26-  26    0.2727E-04   1146.1825   34.3617  (  1)
   27-  27    0.4624E-04   1492.4456   44.7424  (  1)
   28-  28    0.4826E-04   1524.6794   45.7087  (  1)
   29-  29    0.4968E-04   1546.8791   46.3743  (  1)
   30-  30    0.5475E-04   1623.9416   48.6845  (  1)

 MODES IN PHASE

 FREQ(CM**-1)    100.81    106.85    141.33    148.13    166.54    179.96

 AT.   1 CA X     0.0741   -0.0412    0.0068    0.0313   -0.0267   -0.0456
            Y    -0.0060    0.0438    0.0127    0.1068   -0.0061   -0.0009
            Z     0.0045   -0.0329   -0.0379    0.0292   -0.0098   -0.0103
 AT.   2 MG X     0.0119   -0.0034   -0.0309    0.0048   -0.0253    0.0022
            Y    -0.0327    0.0045    0.0025   -0.0184   -0.0179   -0.0077
            Z    -0.0051    0.0423   -0.0155   -0.0142    0.0197   -0.0006
 AT.   3 C  X     0.0102    0.0067   -0.0121    0.0151    0.0077   -0.0126
            Y     0.0487   -0.0110   -0.0063   -0.0149    0.0443   -0.0076
            Z    -0.0046   -0.0266    0.0063    0.0224   -0.0186   -0.0342
 AT.   4 C  X    -0.0150   -0.0092   -0.0162   -0.0030    0.0109   -0.0059
            Y    -0.0334    0.0178   -0.0070    0.0381   -0.0280    0.0307
            Z    -0.0130   -0.0102    0.0109   -0.0108    0.0285    0.0396
 AT.   5 O  X     0.0391    0.0055   -0.0404    0.0222    0.0113    0.0030
            Y     0.0859   -0.0117   -0.0452   -0.0011    0.0467    0.0118
            Z    -0.0153   -0.0550    0.0371    0.0490   -0.0645   -0.0193
 AT.   6 O  X     0.0051   -0.0423    0.0065    0.0067    0.0388    0.0039
            Y    -0.0268    0.0219    0.0068    0.0418   -0.0115    0.0393
            Z    -0.0405   -0.0144   -0.0153    0.0314    0.0776   -0.0070
 AT.   7 O  X    -0.0219    0.0020    0.0231    0.0061    0.0140   -0.0370
            Y    -0.0024   -0.0107   -0.0023    0.0432    0.0052    0.0801
            Z    -0.0171   -0.0717   -0.0408   -0.0089    0.0018    0.0945
 AT.   8 O  X     0.0360    0.0093    0.0212    0.0256    0.0200   -0.0135
            Y     0.0842    0.0046    0.0365    0.0124    0.0444    0.0221
            Z    -0.0130   -0.0710   -0.0355    0.0445   -0.0693   -0.0147
 AT.   9 O  X     0.0151   -0.0339    0.0307    0.0021    0.0158    0.0174
            Y    -0.0372    0.0196   -0.0130    0.0359   -0.0299    0.0293
            Z    -0.0285    0.0072    0.0108    0.0203    0.0551    0.0129
 AT.  10 O  X    -0.0259   -0.0014   -0.0303   -0.0014    0.0050   -0.0263
            Y    -0.0033   -0.0038    0.0320    0.0409   -0.0193    0.0703
            Z    -0.0153   -0.0589    0.0024   -0.0089   -0.0113    0.0841

 FREQ(CM**-1)    200.58    214.49    251.07    274.65    298.53    303.91

 AT.   1 CA X     0.0142   -0.0009    0.0207   -0.0068   -0.0305    0.0126
            Y    -0.0109   -0.0104   -0.0163   -0.0000    0.0040   -0.0269
            Z    -0.0153   -0.0115   -0.0193    0.0009   -0.0345    0.0131
 AT.   2 MG X     0.0189   -0.0017   -0.0002   -0.0590    0.0140    0.0278
            Y     0.0456   -0.0218   -0.0005    0.0130    0.0286   -0.0441
            Z    -0.0261   -0.0417   -0.0004    0.0166    0.0044    0.0853
 AT.   3 C  X    -0.0276   -0.0354    0.0372   -0.0525    0.0269    0.0187
            Y    -0.0190   -0.0217    0.0120   -0.0075    0.0008   -0.0160
            Z     0.0025    0.0351    0.0140   -0.0070   -0.0173    0.0210
 AT.   4 C  X    -0.0108    0.0334   -0.0180   -0.0409    0.0236   -0.0147
            Y     0.0270   -0.0342    0.0208    0.0065   -0.0062    0.0019
            Z     0.0221   -0.0220   -0.0072    0.0077   -0.0134    0.0063
 AT.   5 O  X    -0.0174   -0.0566    0.0233   -0.0444    0.0143    0.0174
            Y    -0.0105   -0.0529   -0.0055    0.0024   -0.0165   -0.0157
            Z     0.0395    0.0592   -0.0140   -0.0543    0.0487    0.0663
 AT.   6 O  X     0.0105   -0.0146   -0.0904    0.0298   -0.0303    0.0400
            Y    -0.0097    0.0445    0.0147   -0.0130   -0.0115    0.0085
            Z     0.0340   -0.0087   -0.0907   -0.0915   -0.0098   -0.0008
 AT.   7 O  X     0.0343   -0.0059   -0.0431    0.0163   -0.0262   -0.0170
            Y    -0.0323    0.0414   -0.0167    0.0087    0.0043    0.0427
            Z    -0.0306    0.0167    0.0071    0.0375    0.0885   -0.0366
 AT.   8 O  X     0.0385    0.0230    0.0402    0.0423    0.0048   -0.0248
            Y     0.0159    0.0577   -0.0321    0.0075    0.0173   -0.0149
            Z    -0.0650   -0.0356   -0.0248    0.0538    0.0283   -0.0255
 AT.   9 O  X     0.0240    0.0157   -0.0256   -0.0388    0.0251   -0.0257
            Y     0.0222   -0.0321    0.0245    0.0073   -0.0090    0.0076
            Z    -0.0289   -0.0172   -0.0538    0.0932   -0.0208    0.0454
 AT.  10 O  X    -0.0258    0.0374   -0.0160   -0.0307    0.0239   -0.0030
            Y     0.0636   -0.0483    0.0242   -0.0129   -0.0069   -0.0093
            Z     0.0554   -0.0265    0.0280   -0.0390   -0.0435    0.0135

 FREQ(CM**-1)    334.38    346.12    395.51    407.88    410.87    457.95

 AT.   1 CA X     0.0144    0.0038    0.0609    0.0069   -0.0067   -0.0174
            Y     0.0305    0.0063   -0.0009    0.0172    0.0003   -0.0032
            Z     0.0197   -0.0149   -0.0343   -0.0003   -0.0124    0.0105
 AT.   2 MG X    -0.0343    0.0025    0.0002    0.0918    0.0064    0.1343
            Y     0.0277    0.0240   -0.0073    0.0182    0.1373   -0.0273
            Z    -0.0334    0.0091   -0.0145    0.1072   -0.0288   -0.0875
 AT.   3 C  X    -0.0132   -0.0053   -0.0188   -0.0214    0.0177   -0.0141
            Y     0.0139   -0.0364    0.0033    0.0252    0.0072   -0.0029
            Z     0.0116    0.0054   -0.0387   -0.0259    0.0022   -0.0030
 AT.   4 C  X     0.0173    0.0020   -0.0247    0.0078   -0.0252   -0.0258
            Y    -0.0087   -0.0329    0.0071   -0.0199   -0.0274    0.0073
            Z     0.0236    0.0086    0.0487    0.0131    0.0016    0.0262
 AT.   5 O  X    -0.0016    0.0100   -0.0343   -0.0535    0.0248   -0.0163
            Y     0.0301   -0.0191   -0.0221   -0.0048    0.0144   -0.0020
            Z     0.0234   -0.0779   -0.0207    0.0034    0.0358   -0.0240
 AT.   6 O  X     0.0473   -0.0147   -0.0600   -0.0058    0.0008    0.0414
            Y    -0.0193    0.0194    0.0152   -0.0014    0.0234   -0.0071
            Z    -0.0390    0.0436    0.0692   -0.0059   -0.0130   -0.0378
 AT.   7 O  X    -0.0285   -0.0135    0.0085    0.0148    0.0083    0.0258
            Y     0.0441    0.0102   -0.0428   -0.0117    0.0284    0.0170
            Z    -0.0092   -0.0713    0.0250    0.0240   -0.0238    0.0007
 AT.   8 O  X    -0.0431    0.0054   -0.0281    0.0269   -0.0032    0.0235
            Y    -0.0463    0.0111   -0.0369    0.0080    0.0082   -0.0146
            Z    -0.0727    0.0915   -0.0358    0.0107    0.0246   -0.0024
 AT.   9 O  X    -0.0171   -0.0062   -0.0586    0.0059   -0.0050   -0.0330
            Y    -0.0077   -0.0380    0.0160   -0.0226   -0.0367    0.0124
            Z    -0.0156   -0.0224    0.0686   -0.0048    0.0541    0.0403
 AT.  10 O  X     0.0326   -0.0010   -0.0036    0.0141   -0.0245   -0.0207
            Y    -0.0416   -0.0293   -0.0333   -0.0299   -0.0436   -0.0184
            Z     0.0461    0.0984    0.0041    0.0556    0.0155   -0.0176

 FREQ(CM**-1)    733.94    739.15    747.11    749.19    888.24    892.17

 AT.   1 CA X    -0.0037   -0.0015   -0.0043    0.0020   -0.0008   -0.0012
            Y     0.0056    0.0011   -0.0058   -0.0000   -0.0001    0.0017
            Z    -0.0018   -0.0016   -0.0050    0.0003    0.0005   -0.0025
 AT.   2 MG X    -0.0002    0.0064   -0.0001   -0.0032   -0.0012    0.0000
            Y    -0.0004    0.0118    0.0001    0.0003    0.0001   -0.0031
            Z    -0.0002    0.0009   -0.0001   -0.0011    0.0019   -0.0040
 AT.   3 C  X    -0.0113    0.0234   -0.0104    0.0262    0.0071   -0.0051
            Y     0.0150   -0.0131   -0.0239    0.0522   -0.0016    0.0013
            Z    -0.0046    0.0022    0.0017    0.0052    0.1782    0.1774
 AT.   4 C  X    -0.0462    0.0299    0.0084    0.0263    0.0071    0.0051
            Y     0.0234   -0.0157    0.0256    0.0522   -0.0017   -0.0012
            Z    -0.0019    0.0017   -0.0011    0.0052    0.1792   -0.1764
 AT.   5 O  X    -0.0203    0.0262    0.0409   -0.0779   -0.0047   -0.0037
            Y     0.0166   -0.0364    0.0339   -0.0792   -0.0004   -0.0071
            Z     0.0006   -0.0050    0.0068   -0.0193   -0.0472   -0.0490
 AT.   6 O  X     0.0723    0.1105   -0.0082    0.0129   -0.0041   -0.0013
            Y     0.0011    0.0080    0.0821   -0.0389    0.0025   -0.0004
            Z    -0.0088   -0.0183    0.0020   -0.0015    0.0194    0.0255
 AT.   7 O  X    -0.0186   -0.0240    0.0835   -0.0412    0.0018   -0.0010
            Y    -0.0607   -0.0899   -0.0559    0.0231   -0.0028   -0.0034
            Z     0.0056    0.0082    0.0087   -0.0081    0.0203    0.0232
 AT.   8 O  X     0.0199    0.0099    0.0831    0.0368    0.0022   -0.0021
            Y    -0.0433   -0.0257    0.0671    0.0409    0.0000   -0.0040
            Z    -0.0024   -0.0024    0.0112    0.0088    0.0244   -0.0272
 AT.   9 O  X     0.1087   -0.0720   -0.0030   -0.0252    0.0100   -0.0031
            Y     0.0108   -0.0073    0.0415    0.0770   -0.0033    0.0010
            Z    -0.0162    0.0140    0.0004    0.0022   -0.0478    0.0505
 AT.  10 O  X    -0.0201    0.0116    0.0409    0.0851   -0.0049   -0.0013
            Y    -0.0946    0.0640   -0.0297   -0.0425    0.0055   -0.0074
            Z     0.0119   -0.0068    0.0044    0.0166   -0.0487    0.0492

 FREQ(CM**-1)   1144.35   1146.18   1492.45   1524.68   1546.88   1623.94

 AT.   1 CA X    -0.0002   -0.0035    0.0004    0.0026   -0.0010    0.0013
            Y    -0.0001   -0.0012   -0.0010   -0.0002    0.0037   -0.0004
            Z     0.0015    0.0013   -0.0002    0.0031    0.0011   -0.0009
 AT.   2 MG X    -0.0005   -0.0012   -0.0005    0.0035    0.0017    0.0013
            Y     0.0001    0.0003   -0.0007    0.0012    0.0062    0.0007
            Z    -0.0025    0.0006    0.0001    0.0052   -0.0021   -0.0013
 AT.   3 C  X    -0.0014    0.0016   -0.0092   -0.1733    0.0066    0.1707
            Y    -0.0014   -0.0030    0.1650    0.0038    0.1742    0.0067
            Z    -0.0009    0.0008    0.0013   -0.0043   -0.0011   -0.0049
 AT.   4 C  X    -0.0010    0.0006   -0.0109    0.1734   -0.0014    0.1707
            Y    -0.0011   -0.0002    0.1737   -0.0038   -0.1654    0.0064
            Z    -0.0008    0.0005    0.0016    0.0043    0.0006   -0.0049
 AT.   5 O  X    -0.0787    0.0391    0.0327    0.0525    0.0286   -0.0512
            Y     0.0618   -0.0304   -0.0313   -0.0322   -0.0329    0.0293
            Z     0.0008   -0.0016   -0.0005    0.0030   -0.0017    0.0036
 AT.   6 O  X     0.0047   -0.0129    0.0009   -0.0060    0.0021    0.0073
            Y     0.0310   -0.1023    0.0155   -0.0045    0.0328   -0.0000
            Z    -0.0004    0.0012   -0.0004   -0.0004    0.0005   -0.0023
 AT.   7 O  X    -0.0290    0.0936    0.0065   -0.0324    0.0091    0.0307
            Y    -0.0139    0.0390    0.0039   -0.0102    0.0111    0.0081
            Z    -0.0005    0.0014    0.0004   -0.0024   -0.0006   -0.0007
 AT.   8 O  X     0.0401    0.0778   -0.0181    0.0286    0.0185    0.0239
            Y    -0.0314   -0.0608    0.0168   -0.0183   -0.0227   -0.0122
            Z    -0.0001   -0.0025   -0.0003    0.0021   -0.0012   -0.0015
 AT.   9 O  X    -0.0125   -0.0050   -0.0075   -0.0127    0.0079   -0.0175
            Y    -0.1009   -0.0312   -0.0740   -0.0063    0.0660   -0.0112
            Z     0.0019    0.0004   -0.0000   -0.0020   -0.0004    0.0053
 AT.  10 O  X     0.0936    0.0287   -0.0202   -0.0641    0.0241   -0.0674
            Y     0.0404    0.0129   -0.0167   -0.0210    0.0216   -0.0216
            Z     0.0014    0.0001   -0.0009   -0.0024   -0.0012    0.0016

 MODES IN ANTI-PHASE

 FREQ(CM**-1)    100.81    106.85    141.33    148.13    166.54    179.96

 AT.   1 CA X    -0.0087    0.0082    0.0165   -0.0054    0.0061    0.0099
            Y     0.0007   -0.0087    0.0307   -0.0184    0.0014    0.0002
            Z    -0.0005    0.0066   -0.0914   -0.0050    0.0022    0.0023
 AT.   2 MG X     0.0160   -0.0039    0.0403    0.0058   -0.0272    0.0024
            Y    -0.0439    0.0051   -0.0032   -0.0221   -0.0193   -0.0085
            Z    -0.0069    0.0482    0.0202   -0.0170    0.0213   -0.0007
 AT.   3 C  X     0.0109    0.0063   -0.0172   -0.0132   -0.0306    0.0278
            Y    -0.0002   -0.0150   -0.0033   -0.0412   -0.0152   -0.0422
            Z     0.0223    0.0514    0.0187   -0.0096   -0.0234   -0.0203
 AT.   4 C  X     0.0001    0.0010    0.0135   -0.0198   -0.0297    0.0300
            Y    -0.0355   -0.0052    0.0015   -0.0217   -0.0375   -0.0300
            Z     0.0187    0.0570   -0.0165   -0.0219   -0.0089    0.0032
 AT.   5 O  X     0.0089   -0.0111   -0.0104   -0.0138   -0.0226    0.0390
            Y    -0.0025   -0.0401    0.0064   -0.0402   -0.0053   -0.0274
            Z    -0.0078    0.0528   -0.0131    0.0052    0.0258   -0.0070
 AT.   6 O  X    -0.0438   -0.0133    0.0500    0.0126    0.0440   -0.0332
            Y     0.0477    0.0016   -0.0116    0.0106    0.0449    0.0154
            Z    -0.0469   -0.0535   -0.0000    0.0278    0.0339   -0.0463
 AT.   7 O  X     0.0195    0.0084   -0.0197    0.0214    0.0176   -0.0177
            Y     0.0041   -0.0160    0.0429   -0.0006    0.0553    0.0061
            Z    -0.0056   -0.0191   -0.0374    0.0016    0.0297    0.0043
 AT.   8 O  X    -0.0177    0.0081   -0.0359    0.0055    0.0154   -0.0367
            Y    -0.0175    0.0415   -0.0274    0.0383   -0.0155    0.0201
            Z     0.0112   -0.0276    0.0170   -0.0213    0.0048    0.0144
 AT.   9 O  X     0.0414    0.0285    0.0399   -0.0141   -0.0565    0.0285
            Y    -0.0401   -0.0098   -0.0034   -0.0240   -0.0354   -0.0304
            Z     0.0550    0.0549   -0.0108   -0.0367   -0.0642    0.0450
 AT.  10 O  X    -0.0139   -0.0086    0.0024   -0.0223   -0.0219    0.0315
            Y    -0.0034    0.0189    0.0287   -0.0139   -0.0521   -0.0389
            Z     0.0094    0.0451   -0.0553    0.0014   -0.0275   -0.0432

 FREQ(CM**-1)    200.58    214.49    251.07    274.65    298.53    303.91

 AT.   1 CA X    -0.0403    0.0027    0.0124   -0.0411   -0.0349   -0.0256
            Y     0.0310    0.0317   -0.0098   -0.0002    0.0046    0.0543
            Z     0.0434    0.0351   -0.0116    0.0053   -0.0394   -0.0265
 AT.   2 MG X    -0.0035    0.0003    0.0102    0.0484   -0.0410   -0.0018
            Y    -0.0085    0.0046    0.0258   -0.0107   -0.0840    0.0029
            Z     0.0049    0.0088    0.0234   -0.0136   -0.0130   -0.0055
 AT.   3 C  X    -0.0152    0.0298    0.0445   -0.0022    0.0033   -0.0082
            Y     0.0244   -0.0367   -0.0171    0.0184    0.0183   -0.0046
            Z     0.0227   -0.0183    0.0173    0.0196   -0.0068    0.0156
 AT.   4 C  X    -0.0296   -0.0320   -0.0551   -0.0331   -0.0133    0.0141
            Y    -0.0151   -0.0256   -0.0011   -0.0187   -0.0173   -0.0166
            Z     0.0059    0.0329   -0.0210   -0.0193    0.0129    0.0254
 AT.   5 O  X    -0.0398    0.0383    0.0331    0.0009    0.0068    0.0178
            Y    -0.0124   -0.0255   -0.0334    0.0306    0.0152    0.0308
            Z     0.0546   -0.0205   -0.0207    0.0075    0.0351   -0.0186
 AT.   6 O  X    -0.0513   -0.0066    0.0191   -0.0330    0.0213    0.0017
            Y    -0.0234   -0.0064    0.0199   -0.0157   -0.0106   -0.0160
            Z     0.0038    0.0410   -0.0128    0.0203   -0.0223   -0.0566
 AT.   7 O  X    -0.0016   -0.0552    0.0048   -0.0476    0.0206    0.0168
            Y    -0.0614    0.0252    0.0363   -0.0147   -0.0064   -0.0210
            Z    -0.0504    0.0221    0.0279   -0.0107   -0.0320    0.0110
 AT.   8 O  X    -0.0201    0.0643    0.0050   -0.0133    0.0151   -0.0030
            Y    -0.0031    0.0107    0.0108    0.0298   -0.0143    0.0312
            Z     0.0179   -0.0516   -0.0026   -0.0103    0.0530   -0.0640
 AT.   9 O  X    -0.0466    0.0034   -0.0887   -0.0217   -0.0272   -0.0308
            Y    -0.0122   -0.0314    0.0036   -0.0190   -0.0128   -0.0165
            Z    -0.0183    0.0382   -0.0741   -0.0101   -0.0127   -0.0337
 AT.  10 O  X    -0.0227   -0.0411   -0.0403   -0.0399   -0.0233    0.0237
            Y    -0.0276   -0.0042   -0.0318   -0.0111    0.0034   -0.0467
            Z    -0.0201    0.0079   -0.0068    0.0018    0.0834    0.0357

 FREQ(CM**-1)    334.38    346.12    395.51    407.88    410.87    457.95

 AT.   1 CA X    -0.0167    0.0103    0.0151   -0.0117    0.0133    0.0309
            Y    -0.0354    0.0174   -0.0002   -0.0290   -0.0006    0.0058
            Z    -0.0228   -0.0409   -0.0085    0.0005    0.0247   -0.0186
 AT.   2 MG X    -0.0065   -0.0030    0.0008    0.0009   -0.0004   -0.0016
            Y     0.0053   -0.0286   -0.0252    0.0002   -0.0081    0.0003
            Z    -0.0064   -0.0108   -0.0501    0.0011    0.0017    0.0010
 AT.   3 C  X     0.0111    0.0206    0.0255   -0.0038   -0.0198   -0.0371
            Y     0.0034    0.0038   -0.0073   -0.0080   -0.0267    0.0067
            Z     0.0526    0.0104   -0.0473   -0.0003    0.0027    0.0282
 AT.   4 C  X     0.0005   -0.0212    0.0198   -0.0203    0.0085   -0.0301
            Y     0.0113   -0.0160   -0.0035    0.0174   -0.0040    0.0006
            Z     0.0484   -0.0079    0.0369   -0.0223    0.0030    0.0109
 AT.   5 O  X     0.0438    0.0202    0.0048   -0.0013   -0.0145   -0.0176
            Y     0.0423   -0.0055   -0.0372   -0.0065   -0.0210    0.0183
            Z     0.0700    0.0494   -0.0375   -0.0140   -0.0574    0.0175
 AT.   6 O  X     0.0103   -0.0270   -0.0118   -0.0036    0.0056    0.0134
            Y     0.0107   -0.0360    0.0055    0.0266    0.0283   -0.0102
            Z     0.0216    0.0170    0.0158    0.0087   -0.0577   -0.0242
 AT.   7 O  X    -0.0288   -0.0176   -0.0237   -0.0242    0.0243    0.0086
            Y     0.0355   -0.0333    0.0097    0.0406    0.0332    0.0111
            Z    -0.0453    0.0681   -0.0385   -0.0767   -0.0015    0.0202
 AT.   8 O  X     0.0080    0.0219   -0.0203    0.0462   -0.0286    0.0048
            Y    -0.0235   -0.0165    0.0226    0.0011   -0.0241    0.0112
            Z    -0.0128   -0.0123    0.0235   -0.0097   -0.0630    0.0296
 AT.   9 O  X    -0.0453   -0.0301   -0.0176    0.0034    0.0027   -0.0284
            Y     0.0207   -0.0150    0.0022    0.0141   -0.0018    0.0008
            Z     0.0417    0.0411    0.0183    0.0094   -0.0241    0.0197
 AT.  10 O  X     0.0240   -0.0222    0.0250   -0.0246    0.0079   -0.0176
            Y    -0.0384   -0.0189   -0.0286    0.0299   -0.0029   -0.0087
            Z     0.0025    0.0062    0.0457   -0.0580    0.0181    0.0099

 FREQ(CM**-1)    733.94    739.15    747.11    749.19    888.24    892.17

 AT.   1 CA X    -0.0018   -0.0032   -0.0025    0.0034   -0.0012    0.0006
            Y     0.0027    0.0023   -0.0034   -0.0000   -0.0002   -0.0009
            Z    -0.0008   -0.0034   -0.0029    0.0005    0.0007    0.0012
 AT.   2 MG X    -0.0029   -0.0093    0.0144    0.0057    0.0023    0.0000
            Y    -0.0045   -0.0170   -0.0113   -0.0005   -0.0002   -0.0020
            Z    -0.0029   -0.0013    0.0163    0.0019   -0.0037   -0.0026
 AT.   3 C  X     0.0452    0.0425   -0.0160   -0.0027   -0.0002   -0.0004
            Y    -0.0193   -0.0175   -0.0440   -0.0005    0.0010   -0.0008
            Z     0.0002   -0.0032    0.0022    0.0012   -0.0190    0.0001
 AT.   4 C  X    -0.0057   -0.0382    0.0171    0.0022   -0.0006    0.0002
            Y    -0.0071    0.0151    0.0430   -0.0005   -0.0008   -0.0009
            Z     0.0042    0.0035   -0.0026   -0.0013    0.0001   -0.0187
 AT.   5 O  X     0.0419    0.0341    0.0724   -0.0009    0.0004   -0.0001
            Y    -0.0689   -0.0629    0.0580    0.0030   -0.0001   -0.0003
            Z    -0.0035   -0.0071    0.0090   -0.0006    0.0057   -0.0020
 AT.   6 O  X     0.0814   -0.0027    0.0012   -0.0217    0.0092    0.0028
            Y     0.0129   -0.0030    0.0017    0.0665   -0.0025   -0.0015
            Z    -0.0137    0.0031   -0.0006    0.0016   -0.0436   -0.0440
 AT.   7 O  X    -0.0108   -0.0046    0.0002    0.0745   -0.0045    0.0009
            Y    -0.0727    0.0092   -0.0028   -0.0358    0.0048    0.0066
            Z     0.0108   -0.0021    0.0002    0.0144   -0.0442   -0.0439
 AT.   8 O  X    -0.0421    0.0418    0.0004   -0.0686   -0.0041    0.0031
            Y     0.0561   -0.0680    0.0013   -0.0679   -0.0004    0.0059
            Z     0.0027   -0.0083    0.0015   -0.0172   -0.0408    0.0408
 AT.   9 O  X     0.0052    0.0839   -0.0077    0.0008   -0.0000   -0.0006
            Y    -0.0073    0.0043    0.0708   -0.0019    0.0012    0.0012
            Z     0.0017   -0.0122    0.0021   -0.0005    0.0000    0.0053
 AT.  10 O  X    -0.0077   -0.0215    0.0727   -0.0001   -0.0002    0.0003
            Y    -0.0016   -0.0638   -0.0474    0.0030   -0.0006   -0.0011
            Z    -0.0024    0.0050    0.0075   -0.0002    0.0006    0.0071

 FREQ(CM**-1)   1144.35   1146.18   1492.45   1524.68   1546.88   1623.94

 AT.   1 CA X    -0.0003   -0.0025    0.0005   -0.0015    0.0004    0.0022
            Y    -0.0001   -0.0009   -0.0012    0.0001   -0.0014   -0.0007
            Z     0.0021    0.0010   -0.0002   -0.0018   -0.0004   -0.0016
 AT.   2 MG X     0.0011    0.0116    0.0014    0.0020    0.0014   -0.0022
            Y    -0.0003   -0.0030    0.0017    0.0007    0.0050   -0.0013
            Z     0.0056   -0.0051   -0.0001    0.0029   -0.0017    0.0022
 AT.   3 C  X    -0.0018    0.0007    0.0071    0.0043   -0.0164   -0.0018
            Y    -0.0010   -0.0024   -0.0542   -0.0058   -0.0022   -0.0178
            Z    -0.0003    0.0001   -0.0013    0.0002    0.0015    0.0000
 AT.   4 C  X     0.0020   -0.0017   -0.0040    0.0017   -0.0176    0.0043
            Y     0.0013    0.0039    0.0020   -0.0058   -0.0545    0.0179
            Z     0.0005   -0.0007    0.0009    0.0001    0.0018   -0.0001
 AT.   5 O  X     0.0169    0.0692   -0.0113   -0.0035    0.0038   -0.0028
            Y    -0.0133   -0.0541    0.0102    0.0030   -0.0023    0.0033
            Z     0.0001   -0.0021   -0.0004   -0.0008   -0.0001    0.0004
 AT.   6 O  X    -0.0117   -0.0011   -0.0075    0.0111   -0.0093   -0.0160
            Y    -0.0960   -0.0000   -0.0724    0.0048   -0.0619   -0.0131
            Z     0.0018    0.0000   -0.0001    0.0021    0.0013    0.0049
 AT.   7 O  X     0.0890    0.0002   -0.0192    0.0554   -0.0257   -0.0602
            Y     0.0380    0.0010   -0.0163    0.0183   -0.0199   -0.0204
            Z     0.0013   -0.0004   -0.0008    0.0014    0.0010    0.0014
 AT.   8 O  X    -0.0698    0.0161    0.0295   -0.0441   -0.0221   -0.0454
            Y     0.0548   -0.0125   -0.0283    0.0267    0.0239    0.0268
            Z     0.0008   -0.0008   -0.0006   -0.0023    0.0012    0.0033
 AT.   9 O  X     0.0009   -0.0119   -0.0008   -0.0002    0.0055   -0.0020
            Y     0.0003   -0.0974   -0.0006    0.0016    0.0235   -0.0067
            Z     0.0002    0.0012   -0.0004   -0.0007   -0.0013    0.0006
 AT.  10 O  X    -0.0005    0.0891    0.0022    0.0014    0.0128   -0.0045
            Y    -0.0017    0.0369    0.0003   -0.0001    0.0072   -0.0035
            Z    -0.0001    0.0014    0.0002    0.0014   -0.0004    0.0001


  DISPERSION K POINT NUMBER    10 COORD:  C(  1  0  0 )    WEIGHT:    1.

    MODES         EIGV          FREQUENCIES     IRREP
             (HARTREE**2)   (CM**-1)     (THZ)
    1-   1    0.8546E-07     64.1616    1.9235  (  1)
    2-   2    0.3212E-06    124.3938    3.7292  (  1)
    3-   3    0.3544E-06    130.6507    3.9168  (  1)
    4-   4    0.4407E-06    145.6945    4.3678  (  1)
    5-   5    0.4960E-06    154.5687    4.6339  (  1)
    6-   6    0.8625E-06    203.8307    6.1107  (  1)
    7-   7    0.9567E-06    214.6716    6.4357  (  1)
    8-   8    0.1123E-05    232.5816    6.9726  (  1)
    9-   9    0.1177E-05    238.0909    7.1378  (  1)
   10-  10    0.1439E-05    263.2521    7.8921  (  1)
   11-  11    0.1811E-05    295.3348    8.8539  (  1)
   12-  12    0.2087E-05    317.0802    9.5058  (  1)
   13-  13    0.2336E-05    335.4720   10.0572  (  1)
   14-  14    0.2479E-05    345.5914   10.3606  (  1)
   15-  15    0.3102E-05    386.5742   11.5892  (  1)
   16-  16    0.3423E-05    406.0550   12.1732  (  1)
   17-  17    0.3467E-05    408.6611   12.2514  (  1)
   18-  18    0.3991E-05    438.4771   13.1452  (  1)
   19-  19    0.1118E-04    733.6935   21.9956  (  1)
   20-  20    0.1137E-04    740.0603   22.1864  (  1)
   21-  21    0.1155E-04    745.9678   22.3636  (  1)
   22-  22    0.1175E-04    752.2573   22.5521  (  1)
   23-  23    0.1636E-04    887.8130   26.6160  (  1)
   24-  24    0.1652E-04    891.9524   26.7401  (  1)
   25-  25    0.2719E-04   1144.3485   34.3067  (  1)
   26-  26    0.2725E-04   1145.7602   34.3490  (  1)
   27-  27    0.4719E-04   1507.6498   45.1982  (  1)
   28-  28    0.4837E-04   1526.4333   45.7613  (  1)
   29-  29    0.5026E-04   1555.9333   46.6457  (  1)
   30-  30    0.5496E-04   1627.0836   48.7787  (  1)

 MODES IN PHASE

 FREQ(CM**-1)     64.16    124.39    130.65    145.69    154.57    203.83

 AT.   1 CA X    -0.0010   -0.0156   -0.0297    0.0176    0.0924    0.0116
            Y    -0.0046    0.0451    0.0797   -0.0205    0.0440    0.0096
            Z     0.0027    0.0500    0.0072    0.0894   -0.0178    0.0194
 AT.   2 MG X     0.0019   -0.0056   -0.0072   -0.0027   -0.0223    0.0182
            Y    -0.0276    0.0270   -0.0003   -0.0004    0.0227   -0.0079
            Z     0.0418    0.0199    0.0162    0.0018   -0.0124    0.0037
 AT.   3 C  X     0.0094    0.0071   -0.0033    0.0179    0.0261   -0.0276
            Y     0.0306   -0.0070   -0.0321    0.0027    0.0092    0.0173
            Z    -0.0555   -0.0184    0.0331    0.0052    0.0250   -0.0104
 AT.   4 C  X     0.0188   -0.0162    0.0013   -0.0228   -0.0226   -0.0002
            Y     0.0227    0.0478    0.0292   -0.0302   -0.0077   -0.0298
            Z    -0.0235    0.0377   -0.0294   -0.0072   -0.0190   -0.0040
 AT.   5 O  X     0.0296    0.0217   -0.0237    0.0328    0.0493   -0.0263
            Y     0.0561    0.0147   -0.0560    0.0245    0.0426    0.0206
            Z    -0.0708    0.0060    0.0448    0.0197    0.0103    0.0193
 AT.   6 O  X     0.0113   -0.0115   -0.0259   -0.0444    0.0310    0.0722
            Y    -0.0330    0.0504    0.0146   -0.0286   -0.0106    0.0126
            Z     0.0423    0.0333    0.0233   -0.0067   -0.0168    0.1045
 AT.   7 O  X    -0.0321   -0.0205    0.0095   -0.0220   -0.0190    0.0348
            Y    -0.0002    0.0592   -0.0163   -0.0558    0.0287    0.0300
            Z    -0.0023    0.0718   -0.0769   -0.0103   -0.0232   -0.0020
 AT.   8 O  X    -0.0365    0.0203   -0.0252    0.0258    0.0312    0.0305
            Y    -0.0629    0.0231   -0.0482    0.0193    0.0206    0.0165
            Z     0.0813    0.0073    0.0611    0.0240    0.0450   -0.0360
 AT.   9 O  X    -0.0056   -0.0084   -0.0378   -0.0619    0.0296   -0.0090
            Y     0.0263    0.0466    0.0332   -0.0246   -0.0156   -0.0331
            Z    -0.0303    0.0328    0.0001   -0.0081   -0.0226    0.0057
 AT.  10 O  X     0.0286   -0.0218    0.0204   -0.0002   -0.0326    0.0090
            Y     0.0003    0.0592   -0.0133   -0.0763    0.0326   -0.0505
            Z     0.0181    0.0728   -0.0711   -0.0226   -0.0261   -0.0245

 FREQ(CM**-1)    214.67    232.58    238.09    263.25    295.33    317.08

 AT.   1 CA X    -0.0004   -0.0346   -0.0276   -0.0008   -0.0216    0.0278
            Y    -0.0004    0.0020    0.0273   -0.0023    0.0487    0.0374
            Z    -0.0002   -0.0094   -0.0079   -0.0061    0.0319    0.0038
 AT.   2 MG X    -0.0065   -0.0103    0.0167    0.0095    0.0588   -0.0057
            Y    -0.0548   -0.0070    0.0156    0.0135    0.0176    0.0133
            Z    -0.0190   -0.0120    0.0015    0.0771   -0.0068   -0.0095
 AT.   3 C  X    -0.0216    0.0469   -0.0263   -0.0082    0.0112   -0.0385
            Y     0.0219    0.0037   -0.0147   -0.0016    0.0123    0.0114
            Z     0.0101    0.0188   -0.0083    0.0012   -0.0396   -0.0209
 AT.   4 C  X    -0.0338   -0.0387   -0.0260   -0.0045    0.0134   -0.0315
            Y     0.0604   -0.0021   -0.0134   -0.0085   -0.0165   -0.0019
            Z     0.0254    0.0042   -0.0096    0.0081    0.0235   -0.0337
 AT.   5 O  X    -0.0219    0.0274   -0.0221   -0.0185    0.0077   -0.0389
            Y     0.0159   -0.0198   -0.0059   -0.0239    0.0037    0.0069
            Z     0.0551   -0.0428   -0.0248   -0.0344   -0.0350   -0.0308
 AT.   6 O  X     0.0137   -0.0644    0.0458   -0.0112    0.0097    0.0015
            Y    -0.0578    0.0017   -0.0251    0.0113   -0.0179   -0.0238
            Z     0.0039   -0.0549    0.0435    0.0741   -0.0530   -0.0433
 AT.   7 O  X     0.0360   -0.0515   -0.0084    0.0241    0.0226    0.0204
            Y    -0.0734   -0.0003    0.0100   -0.0265   -0.0188   -0.0288
            Z    -0.0495    0.0207   -0.0130   -0.0965    0.0193    0.0504
 AT.   8 O  X     0.0204    0.0393    0.0379    0.0227    0.0148   -0.0039
            Y    -0.0145   -0.0155    0.0579    0.0302   -0.0068    0.0186
            Z    -0.0547   -0.0405   -0.0349    0.0276   -0.0172    0.0541
 AT.   9 O  X    -0.0145   -0.0405   -0.0381    0.0088   -0.0061   -0.0124
            Y     0.0574    0.0010   -0.0116   -0.0111   -0.0174   -0.0037
            Z    -0.0049   -0.0300    0.0093   -0.0790   -0.0369   -0.0284
 AT.  10 O  X    -0.0359   -0.0444   -0.0209   -0.0214    0.0163   -0.0400
            Y     0.0724    0.0120   -0.0237    0.0239   -0.0245    0.0305
            Z     0.0484    0.0314   -0.0151    0.0930    0.0309    0.0085

 FREQ(CM**-1)    335.47    345.59    386.57    406.05    408.66    438.48

 AT.   1 CA X    -0.0156   -0.0090    0.0072    0.0120   -0.0126    0.0094
            Y    -0.0146   -0.0238   -0.0021    0.0097   -0.0037   -0.0040
            Z    -0.0004    0.0801   -0.0004    0.0014   -0.0027   -0.0031
 AT.   2 MG X     0.0280    0.0031   -0.0103   -0.0028    0.0176    0.1581
            Y     0.0506   -0.0031   -0.0089    0.1443    0.0229   -0.0155
            Z    -0.0251   -0.0039    0.0399   -0.0035    0.1455   -0.0249
 AT.   3 C  X     0.0295   -0.0261    0.0323    0.0074    0.0046    0.0371
            Y    -0.0017   -0.0189   -0.0182    0.0204   -0.0011   -0.0084
            Z     0.0334    0.0029   -0.0051   -0.0022    0.0271   -0.0064
 AT.   4 C  X    -0.0196    0.0084   -0.0039    0.0232   -0.0167   -0.0010
            Y    -0.0159    0.0235    0.0049    0.0102    0.0167    0.0135
            Z     0.0106   -0.0275    0.0529    0.0102   -0.0236   -0.0211
 AT.   5 O  X     0.0505   -0.0140    0.0284   -0.0040    0.0240    0.0317
            Y     0.0258    0.0002   -0.0208    0.0094    0.0200   -0.0117
            Z     0.0689   -0.0608   -0.0272    0.0258    0.0253   -0.0041
 AT.   6 O  X     0.0342    0.0562    0.0323   -0.0023    0.0354   -0.0387
            Y     0.0089    0.0247   -0.0047   -0.0405   -0.0254   -0.0001
            Z    -0.0036   -0.0505   -0.0421    0.0348   -0.0343    0.0402
 AT.   7 O  X    -0.0142    0.0044   -0.0180   -0.0285    0.0094   -0.0197
            Y     0.0307    0.0580    0.0413   -0.0393    0.0044   -0.0359
            Z    -0.0829   -0.0593   -0.0267    0.0145    0.0476    0.0236
 AT.   8 O  X    -0.0363   -0.0085   -0.0302   -0.0276    0.0228   -0.0017
            Y    -0.0196    0.0036    0.0104   -0.0291   -0.0170    0.0218
            Z    -0.0101   -0.0637    0.0113   -0.0639   -0.0240    0.0004
 AT.   9 O  X    -0.0224    0.0530   -0.0419   -0.0016   -0.0077    0.0086
            Y    -0.0134    0.0224    0.0113    0.0166    0.0158    0.0106
            Z     0.0310   -0.0422    0.0552   -0.0310    0.0196   -0.0111
 AT.  10 O  X    -0.0237   -0.0017    0.0149    0.0264   -0.0225   -0.0034
            Y    -0.0079    0.0566   -0.0424    0.0078    0.0212    0.0269
            Z     0.0558   -0.0616    0.0180    0.0118   -0.0680   -0.0418

 FREQ(CM**-1)    733.69    740.06    745.97    752.26    887.81    891.95

 AT.   1 CA X    -0.0064   -0.0003   -0.0017    0.0012   -0.0001    0.0005
            Y     0.0050    0.0021   -0.0049    0.0003    0.0001   -0.0006
            Z    -0.0033    0.0003   -0.0064    0.0007    0.0000   -0.0006
 AT.   2 MG X     0.0001    0.0041   -0.0070    0.0171   -0.0017   -0.0005
            Y     0.0001    0.0121    0.0005   -0.0039   -0.0012   -0.0031
            Z     0.0000   -0.0017   -0.0013    0.0170   -0.0033    0.0013
 AT.   3 C  X     0.0305   -0.0416   -0.0187   -0.0162   -0.0019   -0.0005
            Y    -0.0066    0.0315   -0.0376   -0.0169   -0.0001    0.0029
            Z    -0.0002    0.0011   -0.0023    0.0073    0.1795   -0.0658
 AT.   4 C  X    -0.0202   -0.0412    0.0234   -0.0223   -0.0006    0.0005
            Y     0.0122    0.0320    0.0534   -0.0432    0.0041    0.0006
            Z    -0.0014    0.0011    0.0029    0.0030    0.0666    0.1776
 AT.   5 O  X     0.0226   -0.0580    0.0596    0.0248   -0.0049    0.0011
            Y    -0.0475    0.0553    0.0492    0.0476   -0.0058   -0.0005
            Z    -0.0022    0.0056    0.0089    0.0107   -0.0485    0.0206
 AT.   6 O  X     0.1097   -0.0479   -0.0070   -0.0388   -0.0007   -0.0025
            Y     0.0020   -0.0248    0.0764    0.0752   -0.0004    0.0011
            Z    -0.0155    0.0058   -0.0024    0.0090    0.0232    0.0309
 AT.   7 O  X    -0.0299   -0.0091    0.0786    0.0865   -0.0016    0.0003
            Y    -0.0890    0.0503   -0.0548   -0.0310   -0.0026   -0.0032
            Z     0.0099   -0.0038    0.0166    0.0099    0.0251    0.0332
 AT.   8 O  X     0.0383    0.0232    0.0332   -0.0457    0.0050    0.0025
            Y    -0.0777   -0.0429    0.0288   -0.0689    0.0063    0.0041
            Z    -0.0046   -0.0051    0.0039   -0.0149    0.0478    0.0226
 AT.   9 O  X     0.0490    0.1040   -0.0072    0.0314    0.0000    0.0053
            Y     0.0027    0.0260    0.0789   -0.0733    0.0007   -0.0017
            Z    -0.0085   -0.0169   -0.0027   -0.0071   -0.0173   -0.0500
 AT.  10 O  X    -0.0126   -0.0033    0.0815   -0.0820    0.0018   -0.0012
            Y    -0.0390   -0.0975   -0.0561    0.0357    0.0016    0.0059
            Z     0.0064    0.0095    0.0167   -0.0098   -0.0194   -0.0504

 FREQ(CM**-1)   1144.35   1145.76   1507.65   1526.43   1555.93   1627.08

 AT.   1 CA X    -0.0036    0.0002   -0.0001    0.0000    0.0011   -0.0008
            Y    -0.0013    0.0001    0.0021    0.0000   -0.0001    0.0001
            Z     0.0022    0.0002    0.0009    0.0000    0.0008   -0.0003
 AT.   2 MG X    -0.0006   -0.0089    0.0008    0.0007   -0.0071   -0.0049
            Y     0.0002    0.0023    0.0029    0.0061   -0.0012   -0.0016
            Z    -0.0024    0.0036   -0.0006   -0.0026   -0.0050   -0.0022
 AT.   3 C  X    -0.0020   -0.0032   -0.0280    0.0275   -0.0322    0.1686
            Y    -0.0010    0.0027    0.1713    0.0969   -0.0306    0.0061
            Z     0.0003   -0.0002    0.0027   -0.0026    0.0002    0.0018
 AT.   4 C  X     0.0014   -0.0042    0.0327    0.0229    0.1704    0.0324
            Y     0.0000    0.0022   -0.0970    0.1723   -0.0021   -0.0269
            Z    -0.0011   -0.0002   -0.0026   -0.0027    0.0008    0.0008
 AT.   5 O  X     0.0403   -0.0542    0.0382    0.0095    0.0004   -0.0507
            Y    -0.0313    0.0427   -0.0367   -0.0133    0.0004    0.0287
            Z    -0.0003    0.0015   -0.0001   -0.0015   -0.0017   -0.0003
 AT.   6 O  X    -0.0126    0.0127    0.0042    0.0092    0.0104    0.0064
            Y    -0.1016    0.0988    0.0357    0.0715   -0.0041   -0.0056
            Z     0.0024   -0.0008   -0.0007   -0.0024    0.0006    0.0007
 AT.   7 O  X     0.0926   -0.0918    0.0140    0.0319    0.0420    0.0263
            Y     0.0399   -0.0387    0.0105    0.0238    0.0136    0.0066
            Z     0.0012   -0.0018    0.0002   -0.0012   -0.0017   -0.0002
 AT.   8 O  X     0.0561    0.0387   -0.0118   -0.0078    0.0365    0.0502
            Y    -0.0437   -0.0305    0.0128    0.0113   -0.0223   -0.0286
            Z    -0.0006   -0.0011    0.0006    0.0013    0.0019    0.0009
 AT.   9 O  X    -0.0125   -0.0128    0.0035   -0.0094   -0.0147   -0.0017
            Y    -0.0987   -0.1019    0.0392   -0.0718   -0.0069    0.0097
            Z     0.0022    0.0008    0.0024    0.0025    0.0003   -0.0009
 AT.  10 O  X     0.0899    0.0945    0.0000   -0.0325   -0.0618   -0.0073
            Y     0.0391    0.0396    0.0059   -0.0240   -0.0205   -0.0006
            Z     0.0011    0.0018   -0.0002    0.0011    0.0007    0.0012

 MODES IN ANTI-PHASE

 FREQ(CM**-1)     64.16    124.39    130.65    145.69    154.57    203.83

 AT.   1 CA X     0.0073    0.0011    0.0114    0.0085   -0.0307   -0.0137
            Y     0.0338   -0.0031   -0.0307   -0.0099   -0.0146   -0.0113
            Z    -0.0201   -0.0035   -0.0028    0.0431    0.0059   -0.0227
 AT.   2 MG X    -0.0008   -0.0084   -0.0058   -0.0362   -0.0198    0.0033
            Y     0.0113    0.0400   -0.0002   -0.0060    0.0201   -0.0015
            Z    -0.0171    0.0296    0.0131    0.0240   -0.0110    0.0007
 AT.   3 C  X     0.0170    0.0151    0.0061    0.0315   -0.0033   -0.0341
            Y     0.0155   -0.0551    0.0042    0.0335   -0.0020   -0.0260
            Z    -0.0099   -0.0334   -0.0070    0.0098   -0.0100   -0.0191
 AT.   4 C  X     0.0049    0.0037    0.0068   -0.0282   -0.0134   -0.0439
            Y     0.0257   -0.0283    0.0138   -0.0148   -0.0055   -0.0093
            Z    -0.0512   -0.0061   -0.0168   -0.0084   -0.0190   -0.0214
 AT.   5 O  X     0.0301    0.0091    0.0113    0.0068    0.0139   -0.0266
            Y     0.0332   -0.0614    0.0100    0.0052    0.0227   -0.0200
            Z    -0.0490   -0.0100   -0.0416    0.0150   -0.0614    0.0333
 AT.   6 O  X    -0.0200   -0.0217    0.0278   -0.0437   -0.0080   -0.0025
            Y     0.0207    0.0241   -0.0333   -0.0087    0.0119    0.0315
            Z    -0.0393    0.0011    0.0257   -0.0050    0.0152   -0.0227
 AT.   7 O  X     0.0089    0.0106   -0.0200    0.0172    0.0292   -0.0147
            Y    -0.0004   -0.0045    0.0019   -0.0530   -0.0161    0.0463
            Z    -0.0596   -0.0120    0.0210   -0.0206    0.0125    0.0251
 AT.   8 O  X     0.0211   -0.0121    0.0075    0.0214   -0.0405    0.0217
            Y     0.0170    0.0588    0.0301    0.0159   -0.0436   -0.0236
            Z    -0.0283    0.0090    0.0008    0.0060    0.0431   -0.0138
 AT.   9 O  X    -0.0223    0.0230   -0.0033   -0.0075   -0.0122   -0.0717
            Y     0.0288   -0.0308    0.0149   -0.0169   -0.0032   -0.0074
            Z    -0.0492   -0.0057   -0.0347   -0.0021   -0.0021   -0.1068
 AT.  10 O  X     0.0171   -0.0077    0.0085   -0.0279   -0.0121   -0.0367
            Y    -0.0004   -0.0037    0.0095   -0.0106   -0.0043   -0.0222
            Z    -0.0568    0.0020    0.0360    0.0048    0.0038    0.0060

 FREQ(CM**-1)    214.67    232.58    238.09    263.25    295.33    317.08

 AT.   1 CA X    -0.0212   -0.0061   -0.0503    0.0068    0.0034    0.0232
            Y    -0.0230    0.0004    0.0498    0.0197   -0.0078    0.0312
            Z    -0.0090   -0.0017   -0.0144    0.0522   -0.0051    0.0032
 AT.   2 MG X     0.0039   -0.0284   -0.0275   -0.0041    0.0725    0.0328
            Y     0.0330   -0.0192   -0.0258   -0.0058    0.0217   -0.0767
            Z     0.0115   -0.0331   -0.0024   -0.0332   -0.0084    0.0548
 AT.   3 C  X    -0.0264    0.0310    0.0061   -0.0022   -0.0324    0.0033
            Y     0.0576    0.0015    0.0285   -0.0084    0.0109    0.0164
            Z     0.0237   -0.0075   -0.0312    0.0081    0.0089    0.0274
 AT.   4 C  X    -0.0043   -0.0408   -0.0072   -0.0073   -0.0316    0.0224
            Y    -0.0121   -0.0034   -0.0291    0.0009   -0.0001   -0.0198
            Z    -0.0040   -0.0198    0.0308   -0.0012    0.0331   -0.0073
 AT.   5 O  X    -0.0394    0.0396    0.0308   -0.0202   -0.0239    0.0031
            Y     0.0375    0.0092    0.0648   -0.0304    0.0329    0.0176
            Z     0.0086   -0.0008   -0.0572    0.0256   -0.0516    0.0605
 AT.   6 O  X    -0.0212    0.0586   -0.0160    0.0089    0.0496   -0.0129
            Y    -0.0088   -0.0015   -0.0298    0.0005    0.0014    0.0006
            Z    -0.0273    0.0633    0.0387    0.0301   -0.0435   -0.0210
 AT.   7 O  X     0.0018    0.0117   -0.0301   -0.0090    0.0166   -0.0443
            Y    -0.0249    0.0362   -0.0217    0.0080    0.0212    0.0363
            Z    -0.0298    0.0348   -0.0262    0.0040   -0.0402   -0.0005
 AT.   8 O  X    -0.0402   -0.0278   -0.0021   -0.0153    0.0203   -0.0389
            Y     0.0381   -0.0154    0.0298   -0.0241   -0.0324    0.0037
            Z     0.0106   -0.0139   -0.0516    0.0328    0.0599   -0.0411
 AT.   9 O  X    -0.0207   -0.0771    0.0301    0.0113   -0.0502    0.0038
            Y    -0.0109    0.0020   -0.0372   -0.0021    0.0042   -0.0235
            Z    -0.0271   -0.0783    0.0575    0.0122    0.0578   -0.0389
 AT.  10 O  X     0.0031   -0.0286   -0.0232   -0.0144   -0.0228    0.0280
            Y    -0.0275   -0.0341   -0.0032    0.0139   -0.0144   -0.0348
            Z    -0.0316   -0.0256   -0.0250    0.0262    0.0323    0.0497

 FREQ(CM**-1)    335.47    345.59    386.57    406.05    408.66    438.48

 AT.   1 CA X     0.0335   -0.0010   -0.0600   -0.0212    0.0177   -0.0172
            Y     0.0312   -0.0026    0.0173   -0.0172    0.0051    0.0073
            Z     0.0008    0.0089    0.0031   -0.0025    0.0037    0.0057
 AT.   2 MG X    -0.0024    0.0070    0.0044    0.0000    0.0017   -0.0034
            Y    -0.0044   -0.0070    0.0038   -0.0016    0.0022    0.0003
            Z     0.0022   -0.0090   -0.0170    0.0000    0.0139    0.0005
 AT.   3 C  X    -0.0101   -0.0006   -0.0135    0.0305   -0.0182    0.0183
            Y    -0.0175   -0.0187    0.0104    0.0228    0.0212    0.0108
            Z     0.0235    0.0279    0.0566    0.0104   -0.0077   -0.0272
 AT.   4 C  X     0.0242    0.0247    0.0348    0.0211   -0.0085    0.0413
            Y    -0.0076    0.0124   -0.0204    0.0288    0.0130   -0.0024
            Z     0.0394    0.0056   -0.0206    0.0031    0.0154   -0.0182
 AT.   5 O  X     0.0051    0.0238    0.0110    0.0346   -0.0324   -0.0181
            Y     0.0039    0.0158    0.0410    0.0284    0.0111   -0.0183
            Z    -0.0446   -0.0201    0.0635    0.0591    0.0166    0.0021
 AT.   6 O  X     0.0006   -0.0083    0.0442    0.0032   -0.0042    0.0144
            Y     0.0101   -0.0077   -0.0280    0.0052   -0.0079   -0.0124
            Z    -0.0374    0.0323   -0.0598    0.0152   -0.0089   -0.0125
 AT.   7 O  X     0.0428   -0.0272    0.0110   -0.0135    0.0206    0.0165
            Y    -0.0154    0.0002    0.0096    0.0147   -0.0240   -0.0091
            Z    -0.0033   -0.0172    0.0335   -0.0226    0.0554    0.0345
 AT.   8 O  X    -0.0354   -0.0263    0.0039    0.0213   -0.0333   -0.0365
            Y    -0.0173   -0.0153    0.0448    0.0067   -0.0152    0.0001
            Z    -0.0815    0.0063    0.0682    0.0086   -0.0185    0.0046
 AT.   9 O  X    -0.0258    0.0204    0.0352    0.0036   -0.0348    0.0404
            Y    -0.0004    0.0129   -0.0261    0.0373    0.0214   -0.0066
            Z    -0.0213   -0.0425   -0.0481   -0.0219    0.0295   -0.0406
 AT.  10 O  X     0.0384    0.0275    0.0149    0.0174   -0.0021    0.0255
            Y    -0.0334    0.0125   -0.0006    0.0412   -0.0120    0.0254
            Z     0.0614    0.0039    0.0389   -0.0241   -0.0268   -0.0014

 FREQ(CM**-1)    733.69    740.06    745.97    752.26    887.81    891.95

 AT.   1 CA X    -0.0035   -0.0006    0.0003   -0.0065    0.0020   -0.0011
            Y     0.0028    0.0040    0.0009   -0.0016   -0.0008    0.0012
            Z    -0.0018    0.0005    0.0012   -0.0038   -0.0003    0.0012
 AT.   2 MG X     0.0050   -0.0066   -0.0081   -0.0062    0.0008    0.0000
            Y     0.0037   -0.0195    0.0005    0.0014    0.0006    0.0002
            Z     0.0019    0.0028   -0.0015   -0.0061    0.0016   -0.0001
 AT.   3 C  X     0.0385    0.0039   -0.0141   -0.0198    0.0001    0.0003
            Y    -0.0171    0.0078   -0.0385   -0.0409    0.0045    0.0018
            Z     0.0014    0.0001   -0.0018    0.0018   -0.0011    0.1649
 AT.   4 C  X    -0.0448   -0.0067    0.0005   -0.0127   -0.0017   -0.0003
            Y     0.0137   -0.0057   -0.0068   -0.0098   -0.0018    0.0034
            Z    -0.0004   -0.0000    0.0000    0.0069    0.1667    0.0012
 AT.   5 O  X     0.0310   -0.0110    0.0603    0.0646   -0.0015   -0.0040
            Y    -0.0619   -0.0145    0.0460    0.0698   -0.0041   -0.0048
            Z    -0.0041   -0.0023    0.0119    0.0140    0.0020   -0.0447
 AT.   6 O  X    -0.0120    0.0931    0.0017    0.0143    0.0053   -0.0048
            Y     0.0019    0.0147   -0.0213    0.0080   -0.0019    0.0013
            Z    -0.0002   -0.0165    0.0013   -0.0039   -0.0416    0.0393
 AT.   7 O  X     0.0042   -0.0101   -0.0230    0.0024   -0.0015    0.0013
            Y     0.0106   -0.0836    0.0142   -0.0190    0.0071   -0.0050
            Z     0.0012    0.0089   -0.0034    0.0015   -0.0402    0.0381
 AT.   8 O  X     0.0023   -0.0542   -0.0780    0.0520   -0.0008   -0.0033
            Y    -0.0066    0.0378   -0.0609    0.0489   -0.0033   -0.0026
            Z     0.0003    0.0034   -0.0143    0.0094    0.0087   -0.0437
 AT.   9 O  X     0.0988    0.0121    0.0010    0.0269    0.0054   -0.0010
            Y     0.0007   -0.0124   -0.0083   -0.0186   -0.0018   -0.0001
            Z    -0.0129   -0.0044   -0.0003   -0.0068   -0.0443   -0.0003
 AT.  10 O  X    -0.0275   -0.0132   -0.0075   -0.0278   -0.0013    0.0006
            Y    -0.0806   -0.0049    0.0070   -0.0070    0.0074   -0.0005
            Z     0.0077    0.0018   -0.0030   -0.0021   -0.0432   -0.0028

 FREQ(CM**-1)   1144.35   1145.76   1507.65   1526.43   1555.93   1627.08

 AT.   1 CA X    -0.0004    0.0017    0.0002    0.0006   -0.0026    0.0055
            Y    -0.0002    0.0006   -0.0033    0.0009    0.0004   -0.0008
            Z     0.0003    0.0017   -0.0014    0.0005   -0.0021    0.0024
 AT.   2 MG X    -0.0015    0.0067    0.0000   -0.0004    0.0010    0.0020
            Y     0.0004   -0.0017    0.0001   -0.0038    0.0002    0.0006
            Z    -0.0057   -0.0027   -0.0000    0.0016    0.0007    0.0009
 AT.   3 C  X    -0.0008   -0.0028    0.0204    0.0089    0.1675   -0.0073
            Y     0.0002    0.0004    0.0001    0.1424   -0.0095   -0.0291
            Z     0.0011   -0.0001   -0.0012   -0.0015    0.0009    0.0004
 AT.   4 C  X     0.0016   -0.0004   -0.0115    0.0177    0.0077    0.1656
            Y     0.0010    0.0017    0.1412   -0.0006   -0.0320    0.0128
            Z     0.0000   -0.0001    0.0016   -0.0013    0.0004    0.0016
 AT.   5 O  X     0.0701   -0.0572   -0.0052    0.0216   -0.0535   -0.0059
            Y    -0.0550    0.0450    0.0033   -0.0255    0.0320    0.0036
            Z    -0.0011    0.0015   -0.0006   -0.0016   -0.0010   -0.0022
 AT.   6 O  X    -0.0009   -0.0019   -0.0059   -0.0035    0.0104   -0.0158
            Y    -0.0006   -0.0248   -0.0605   -0.0066    0.0143   -0.0155
            Z    -0.0003   -0.0001   -0.0023    0.0022   -0.0011    0.0009
 AT.   7 O  X     0.0001    0.0224   -0.0067   -0.0083    0.0455   -0.0632
            Y     0.0016    0.0085   -0.0115   -0.0028    0.0154   -0.0203
            Z    -0.0002    0.0003    0.0001   -0.0005    0.0008   -0.0038
 AT.   8 O  X    -0.0583   -0.0686   -0.0367    0.0222   -0.0391    0.0087
            Y     0.0458    0.0540    0.0345   -0.0264    0.0229   -0.0047
            Z     0.0010    0.0018   -0.0001   -0.0017    0.0004   -0.0021
 AT.   9 O  X    -0.0022    0.0012   -0.0064   -0.0028    0.0004   -0.0169
            Y    -0.0240   -0.0002   -0.0582   -0.0010    0.0132   -0.0133
            Z     0.0009   -0.0003   -0.0004    0.0020   -0.0012    0.0006
 AT.  10 O  X     0.0223   -0.0005   -0.0155   -0.0058    0.0042   -0.0680
            Y     0.0081   -0.0011   -0.0144   -0.0010    0.0018   -0.0213
            Z     0.0004   -0.0001   -0.0001   -0.0006    0.0018   -0.0036


  DISPERSION K POINT NUMBER    11 COORD:  C(  1  0  1 )    WEIGHT:    1.

    MODES         EIGV          FREQUENCIES     IRREP
             (HARTREE**2)   (CM**-1)     (THZ)
    1-   1    0.2110E-06    100.8076    3.0221  (  1)
    2-   2    0.2370E-06    106.8493    3.2033  (  1)
    3-   3    0.4147E-06    141.3295    4.2370  (  1)
    4-   4    0.4555E-06    148.1306    4.4408  (  1)
    5-   5    0.5758E-06    166.5361    4.9926  (  1)
    6-   6    0.6723E-06    179.9616    5.3951  (  1)
    7-   7    0.8352E-06    200.5753    6.0131  (  1)
    8-   8    0.9551E-06    214.4930    6.4303  (  1)
    9-   9    0.1309E-05    251.0723    7.5270  (  1)
   10-  10    0.1566E-05    274.6505    8.2338  (  1)
   11-  11    0.1850E-05    298.5266    8.9496  (  1)
   12-  12    0.1917E-05    303.9137    9.1111  (  1)
   13-  13    0.2321E-05    334.3781   10.0244  (  1)
   14-  14    0.2487E-05    346.1153   10.3763  (  1)
   15-  15    0.3247E-05    395.5106   11.8571  (  1)
   16-  16    0.3454E-05    407.8767   12.2278  (  1)
   17-  17    0.3505E-05    410.8694   12.3176  (  1)
   18-  18    0.4354E-05    457.9505   13.7290  (  1)
   19-  19    0.1118E-04    733.9427   22.0030  (  1)
   20-  20    0.1134E-04    739.1490   22.1591  (  1)
   21-  21    0.1159E-04    747.1081   22.3977  (  1)
   22-  22    0.1165E-04    749.1902   22.4602  (  1)
   23-  23    0.1638E-04    888.2416   26.6288  (  1)
   24-  24    0.1652E-04    892.1713   26.7466  (  1)
   25-  25    0.2719E-04   1144.3519   34.3068  (  1)
   26-  26    0.2727E-04   1146.1825   34.3617  (  1)
   27-  27    0.4624E-04   1492.4456   44.7424  (  1)
   28-  28    0.4826E-04   1524.6794   45.7087  (  1)
   29-  29    0.4968E-04   1546.8791   46.3743  (  1)
   30-  30    0.5475E-04   1623.9416   48.6845  (  1)

 MODES IN PHASE

 FREQ(CM**-1)    100.81    106.85    141.33    148.13    166.54    179.96

 AT.   1 CA X    -0.0321    0.0157    0.0362    0.0300   -0.0191   -0.0229
            Y     0.0677    0.0522    0.0011    0.0073    0.0206    0.0379
            Z     0.0045    0.0298    0.0950   -0.0081    0.0100    0.0100
 AT.   2 MG X     0.0185    0.0028    0.0158    0.0147   -0.0218   -0.0016
            Y     0.0221    0.0067   -0.0333    0.0145    0.0100   -0.0017
            Z    -0.0043   -0.0540   -0.0184   -0.0154   -0.0153    0.0002
 AT.   3 C  X     0.0327    0.0110   -0.0026   -0.0122   -0.0062    0.0223
            Y     0.0017    0.0153   -0.0019    0.0150   -0.0244    0.0158
            Z    -0.0150    0.0435    0.0060    0.0244   -0.0299   -0.0398
 AT.   4 C  X     0.0324    0.0093    0.0065    0.0319   -0.0095    0.0259
            Y     0.0015    0.0153   -0.0097   -0.0040   -0.0243    0.0386
            Z    -0.0152   -0.0060    0.0152   -0.0206   -0.0297   -0.0323
 AT.   5 O  X     0.0146   -0.0106    0.0282   -0.0058    0.0005    0.0455
            Y    -0.0195   -0.0111    0.0360    0.0205   -0.0117    0.0524
            Z    -0.0162    0.0742    0.0416    0.0026    0.0039   -0.0788
 AT.   6 O  X    -0.0930   -0.0182   -0.0060    0.0426    0.0483    0.0122
            Y    -0.0101   -0.0130    0.0135    0.0060    0.0101    0.0272
            Z    -0.0142    0.0383    0.0091   -0.0001    0.0682    0.0130
 AT.   7 O  X     0.0229   -0.0036    0.0158   -0.0112   -0.0024    0.0325
            Y     0.0252    0.0491   -0.0490    0.0072   -0.0356   -0.0048
            Z    -0.0344    0.0286    0.0017    0.0243   -0.0697   -0.0178
 AT.   8 O  X     0.0144   -0.0005    0.0272    0.0267   -0.0033    0.0502
            Y    -0.0194    0.0040    0.0167   -0.0100   -0.0124    0.0737
            Z    -0.0163    0.0442    0.0547    0.0024    0.0058   -0.0944
 AT.   9 O  X    -0.0931    0.0193   -0.0369   -0.0332    0.0486    0.0112
            Y    -0.0100   -0.0017    0.0172   -0.0160    0.0089   -0.0020
            Z    -0.0143    0.0759   -0.0131   -0.0259    0.0689    0.0200
 AT.  10 O  X     0.0228    0.0016    0.0174    0.0311   -0.0064    0.0354
            Y     0.0246    0.0295   -0.0396    0.0015   -0.0340    0.0202
            Z    -0.0350   -0.0221    0.0096   -0.0387   -0.0664    0.0121

 FREQ(CM**-1)    200.58    214.49    251.07    274.65    298.53    303.91

 AT.   1 CA X     0.0038    0.0302   -0.0036    0.0061    0.0132   -0.0322
            Y     0.0286    0.0142   -0.0246   -0.0104   -0.0318   -0.0464
            Z    -0.0247   -0.0367    0.0182    0.0016   -0.0386   -0.0250
 AT.   2 MG X     0.0230    0.0082    0.0251    0.0162   -0.0214    0.0011
            Y     0.0030    0.0039    0.0038   -0.0511   -0.0015    0.0021
            Z     0.0123   -0.0173   -0.0214    0.0147    0.0030    0.0038
 AT.   3 C  X    -0.0238   -0.0295    0.0115    0.0011    0.0218   -0.0011
            Y    -0.0182    0.0325    0.0217    0.0263   -0.0034    0.0223
            Z     0.0202   -0.0390    0.0053   -0.0154    0.0132    0.0077
 AT.   4 C  X    -0.0107   -0.0346   -0.0227    0.0189   -0.0040    0.0079
            Y     0.0284    0.0241    0.0536   -0.0408    0.0231    0.0189
            Z    -0.0183   -0.0367    0.0222    0.0052   -0.0120    0.0259
 AT.   5 O  X    -0.0491   -0.0126    0.0172   -0.0108    0.0088    0.0066
            Y    -0.0514    0.0537    0.0242    0.0053   -0.0224    0.0209
            Z     0.0585   -0.0181   -0.0284    0.0358    0.0845    0.0069
 AT.   6 O  X    -0.0351    0.0126   -0.0087    0.0165    0.0052   -0.0349
            Y     0.0283   -0.0496   -0.0508   -0.0412    0.0203    0.0025
            Z    -0.0673    0.0324    0.0245   -0.0529    0.0523   -0.0113
 AT.   7 O  X    -0.0380   -0.0151    0.0120    0.0002    0.0248    0.0099
            Y     0.0171   -0.0048    0.0273    0.0294   -0.0178    0.0128
            Z    -0.0240   -0.0419    0.0471   -0.0881   -0.0122   -0.0563
 AT.   8 O  X    -0.0016   -0.0188   -0.0389    0.0301   -0.0050    0.0295
            Y     0.0381    0.0445    0.0276   -0.0236    0.0216    0.0438
            Z    -0.0185   -0.0133   -0.0046   -0.0384   -0.0341    0.0370
 AT.   9 O  X     0.0104    0.0277    0.0080   -0.0299   -0.0168   -0.0226
            Y    -0.0032   -0.0511   -0.0188    0.0292   -0.0022   -0.0196
            Z     0.0261    0.0430    0.0121    0.0520    0.0340   -0.0664
 AT.  10 O  X    -0.0073   -0.0208   -0.0347    0.0165   -0.0020    0.0301
            Y     0.0209   -0.0120    0.0859   -0.0382    0.0242   -0.0211
            Z     0.0323   -0.0409    0.0892    0.0911   -0.0221   -0.0285

 FREQ(CM**-1)    334.38    346.12    395.51    407.88    410.87    457.95

 AT.   1 CA X     0.0348   -0.0038   -0.0305   -0.0227   -0.0028    0.0121
            Y     0.0029    0.0000    0.0547   -0.0032    0.0055   -0.0142
            Z    -0.0204   -0.0077   -0.0352   -0.0003    0.0114    0.0111
 AT.   2 MG X    -0.0021   -0.0262    0.0095   -0.0609    0.1217   -0.0435
            Y    -0.0133   -0.0117    0.0059    0.0695    0.0630    0.1299
            Z    -0.0102    0.0108   -0.0223    0.1059    0.0287   -0.0875
 AT.   3 C  X     0.0008   -0.0114    0.0037   -0.0000    0.0223   -0.0159
            Y    -0.0195   -0.0210   -0.0177    0.0189    0.0021    0.0358
            Z    -0.0221   -0.0114    0.0579    0.0163    0.0034   -0.0224
 AT.   4 C  X    -0.0101    0.0229    0.0050    0.0140   -0.0363    0.0061
            Y    -0.0029    0.0197   -0.0216    0.0204    0.0078   -0.0251
            Z     0.0508    0.0098    0.0540    0.0163   -0.0017    0.0258
 AT.   5 O  X    -0.0190   -0.0085    0.0330    0.0062    0.0303   -0.0272
            Y    -0.0478   -0.0168    0.0243    0.0246    0.0068    0.0138
            Z    -0.0460   -0.0818    0.0185    0.0352    0.0238    0.0000
 AT.   6 O  X    -0.0611    0.0123    0.0406    0.0296    0.0239    0.0101
            Y     0.0148    0.0145   -0.0148   -0.0437   -0.0142   -0.0124
            Z     0.0722   -0.0852   -0.0264    0.0054   -0.0335   -0.0245
 AT.   7 O  X    -0.0151   -0.0170    0.0168    0.0073    0.0217   -0.0146
            Y     0.0094   -0.0212   -0.0609   -0.0018    0.0114    0.0388
            Z     0.0169    0.0401    0.0708   -0.0072    0.0153   -0.0370
 AT.   8 O  X     0.0234    0.0208    0.0322    0.0207   -0.0499    0.0257
            Y     0.0454    0.0152    0.0192    0.0322   -0.0009   -0.0084
            Z     0.0078    0.0959    0.0114    0.0636   -0.0162   -0.0179
 AT.   9 O  X     0.0234   -0.0127    0.0439   -0.0166    0.0041    0.0013
            Y     0.0169   -0.0055   -0.0105    0.0132    0.0074    0.0277
            Z    -0.0212    0.0922   -0.0315    0.0120   -0.0221   -0.0034
 AT.  10 O  X     0.0065    0.0307    0.0163    0.0185   -0.0343    0.0053
            Y    -0.0505    0.0167   -0.0606    0.0168   -0.0142   -0.0340
            Z     0.0396   -0.0291    0.0706   -0.0061   -0.0531    0.0397

 FREQ(CM**-1)    733.94    739.15    747.11    749.19    888.24    892.17

 AT.   1 CA X    -0.0006   -0.0005    0.0069    0.0011    0.0005    0.0008
            Y    -0.0011   -0.0042   -0.0008   -0.0019   -0.0006    0.0018
            Z    -0.0003   -0.0037   -0.0048   -0.0003    0.0005    0.0023
 AT.   2 MG X    -0.0041    0.0081   -0.0002   -0.0012   -0.0011   -0.0029
            Y     0.0002    0.0002   -0.0011    0.0027    0.0023   -0.0017
            Z     0.0022   -0.0005   -0.0010    0.0010   -0.0041    0.0043
 AT.   3 C  X     0.0079    0.0054   -0.0528   -0.0250   -0.0021    0.0014
            Y     0.0126   -0.0302   -0.0084   -0.0034    0.0070   -0.0019
            Z     0.0045    0.0038   -0.0028    0.0035    0.1792    0.0714
 AT.   4 C  X    -0.0057    0.0041   -0.0239    0.0583    0.0018    0.0014
            Y    -0.0289   -0.0137   -0.0052    0.0032   -0.0029   -0.0050
            Z    -0.0045    0.0038   -0.0009   -0.0051   -0.0720    0.1774
 AT.   5 O  X    -0.0198    0.0473    0.0065   -0.0002   -0.0023   -0.0028
            Y    -0.0137    0.0069    0.1000    0.0430   -0.0070   -0.0006
            Z    -0.0056    0.0030    0.0087    0.0074   -0.0486   -0.0183
 AT.   6 O  X    -0.0340    0.0412   -0.0451   -0.1073   -0.0011   -0.0080
            Y    -0.0726    0.0733    0.0167    0.0279    0.0019   -0.0004
            Z     0.0032   -0.0087    0.0063    0.0193    0.0242    0.0489
 AT.   7 O  X     0.0208   -0.0327   -0.0668   -0.0248   -0.0022   -0.0010
            Y    -0.0161    0.0523   -0.0480   -0.0279    0.0103    0.0006
            Z     0.0060   -0.0080    0.0020    0.0014   -0.0478   -0.0205
 AT.   8 O  X     0.0491    0.0185    0.0050    0.0059    0.0015   -0.0071
            Y     0.0221   -0.0018    0.0456   -0.0947    0.0029   -0.0026
            Z     0.0089    0.0002    0.0040   -0.0165    0.0201   -0.0497
 AT.   9 O  X     0.0384    0.0410   -0.0995    0.0490    0.0026   -0.0037
            Y     0.0751    0.0696    0.0384   -0.0101   -0.0039   -0.0002
            Z    -0.0036   -0.0082    0.0111   -0.0079   -0.0472    0.0226
 AT.  10 O  X    -0.0400   -0.0128   -0.0314    0.0539   -0.0001   -0.0006
            Y     0.0449    0.0237   -0.0211    0.0601   -0.0048    0.0032
            Z    -0.0108   -0.0019    0.0003   -0.0021    0.0192   -0.0508

 FREQ(CM**-1)   1144.35   1146.18   1492.45   1524.68   1546.88   1623.94

 AT.   1 CA X     0.0002    0.0028   -0.0007   -0.0011   -0.0022   -0.0003
            Y    -0.0001   -0.0024   -0.0009    0.0023   -0.0022    0.0013
            Z     0.0015    0.0013    0.0002    0.0031    0.0009   -0.0009
 AT.   2 MG X     0.0001    0.0003    0.0023   -0.0028   -0.0075    0.0025
            Y    -0.0005   -0.0011   -0.0004    0.0024   -0.0019   -0.0015
            Z    -0.0025    0.0005    0.0002    0.0052   -0.0026    0.0026
 AT.   3 C  X    -0.0025   -0.0024    0.1446   -0.0421    0.0212   -0.0906
            Y     0.0012   -0.0030    0.0964    0.0663    0.0292    0.1447
            Z     0.0007   -0.0005   -0.0017    0.0019   -0.0013   -0.0049
 AT.   4 C  X     0.0015   -0.0001   -0.0211   -0.0832    0.1543    0.0327
            Y    -0.0003    0.0006   -0.0094    0.1521    0.0812   -0.0804
            Z    -0.0008    0.0005   -0.0007    0.0043    0.0012    0.0025
 AT.   5 O  X     0.0272   -0.0806   -0.0244    0.0237   -0.0039    0.0524
            Y    -0.0186    0.0615    0.0089   -0.0218   -0.0016   -0.0475
            Z    -0.0005    0.0014    0.0009   -0.0023   -0.0003    0.0016
 AT.   6 O  X    -0.0142    0.0069    0.0047    0.0016    0.0135   -0.0013
            Y    -0.0992    0.0498    0.0210    0.0614    0.0405    0.0276
            Z     0.0008   -0.0016    0.0003    0.0030   -0.0016   -0.0016
 AT.   7 O  X    -0.0300    0.0950   -0.0677    0.0066   -0.0096    0.0184
            Y    -0.0118    0.0400   -0.0304   -0.0028   -0.0066   -0.0096
            Z    -0.0004    0.0012    0.0000   -0.0003    0.0009    0.0053
 AT.   8 O  X    -0.0818   -0.0261    0.0049    0.0502   -0.0332   -0.0231
            Y     0.0608    0.0189   -0.0031   -0.0450    0.0119    0.0232
            Z     0.0014    0.0001   -0.0003   -0.0023   -0.0012   -0.0007
 AT.   9 O  X     0.0073    0.0138   -0.0105    0.0015    0.0069    0.0002
            Y     0.0512    0.0979   -0.0427    0.0324    0.0162   -0.0589
            Z    -0.0001   -0.0025    0.0005    0.0021   -0.0008    0.0036
 AT.  10 O  X     0.0937    0.0303    0.0089    0.0118   -0.0652   -0.0039
            Y     0.0396    0.0116    0.0048   -0.0078   -0.0270    0.0064
            Z     0.0019    0.0004    0.0004   -0.0021   -0.0008   -0.0023

 MODES IN ANTI-PHASE

 FREQ(CM**-1)    100.81    106.85    141.33    148.13    166.54    179.96

 AT.   1 CA X     0.0002    0.0081    0.0106   -0.1056   -0.0006    0.0077
            Y    -0.0003    0.0269    0.0003   -0.0257    0.0007   -0.0128
            Z    -0.0000    0.0154    0.0278    0.0285    0.0003   -0.0034
 AT.   2 MG X    -0.0325   -0.0018   -0.0151    0.0152    0.0351    0.0082
            Y    -0.0388   -0.0043    0.0318    0.0150   -0.0161    0.0083
            Z     0.0074    0.0347    0.0176   -0.0159    0.0246   -0.0009
 AT.   3 C  X     0.0346    0.0036    0.0161   -0.0408   -0.0506   -0.0135
            Y     0.0182    0.0078   -0.0150   -0.0167    0.0007   -0.0430
            Z     0.0171   -0.0382    0.0188   -0.0003    0.0013    0.0012
 AT.   4 C  X    -0.0349    0.0069   -0.0149   -0.0283    0.0501   -0.0027
            Y    -0.0182    0.0080    0.0116   -0.0222   -0.0023    0.0246
            Z    -0.0170    0.0576   -0.0126   -0.0131   -0.0033    0.0232
 AT.   5 O  X     0.0116    0.0070    0.0065   -0.0413   -0.0578   -0.0231
            Y    -0.0126    0.0127   -0.0252   -0.0142   -0.0104   -0.0529
            Z     0.0076    0.0014    0.0365   -0.0086    0.0295    0.0523
 AT.   6 O  X     0.0137    0.0367   -0.0590   -0.0057    0.0068   -0.0024
            Y    -0.0078    0.0071    0.0110    0.0206   -0.0192    0.0391
            Z     0.0096    0.0659   -0.0383    0.0493    0.0130   -0.0159
 AT.   7 O  X     0.0167    0.0045    0.0075   -0.0410   -0.0616   -0.0158
            Y     0.0591    0.0013    0.0031   -0.0144    0.0229   -0.0396
            Z     0.0515   -0.0475    0.0152    0.0342    0.0481   -0.0433
 AT.   8 O  X    -0.0117   -0.0127    0.0097   -0.0320    0.0577   -0.0092
            Y     0.0128   -0.0164    0.0406   -0.0229    0.0096    0.0103
            Z    -0.0075    0.0596   -0.0083   -0.0087   -0.0291    0.0062
 AT.   9 O  X    -0.0128   -0.0361    0.0464   -0.0272   -0.0036   -0.0055
            Y     0.0079   -0.0148   -0.0020    0.0143    0.0198   -0.0476
            Z    -0.0095   -0.0070    0.0371    0.0419   -0.0085    0.0048
 AT.  10 O  X    -0.0169   -0.0055    0.0022   -0.0290    0.0613   -0.0072
            Y    -0.0594    0.0393   -0.0290   -0.0160   -0.0252    0.0344
            Z    -0.0512    0.0508   -0.0119    0.0162   -0.0526    0.0452

 FREQ(CM**-1)    200.58    214.49    251.07    274.65    298.53    303.91

 AT.   1 CA X    -0.0060   -0.0032   -0.0026   -0.0201   -0.0121    0.0206
            Y    -0.0451   -0.0015   -0.0179    0.0345    0.0292    0.0296
            Z     0.0389    0.0039    0.0132   -0.0052    0.0354    0.0159
 AT.   2 MG X     0.0441   -0.0184   -0.0111    0.0172   -0.0962    0.0243
            Y     0.0058   -0.0088   -0.0017   -0.0543   -0.0067    0.0462
            Z     0.0235    0.0389    0.0095    0.0156    0.0134    0.0854
 AT.   3 C  X     0.0231    0.0274   -0.0276   -0.0359    0.0059   -0.0092
            Y    -0.0228    0.0359    0.0493    0.0343   -0.0235   -0.0104
            Z     0.0107   -0.0066    0.0216    0.0139    0.0131   -0.0250
 AT.   4 C  X     0.0314   -0.0205    0.0194   -0.0306   -0.0222    0.0049
            Y     0.0068   -0.0419    0.0056    0.0141    0.0054   -0.0159
            Z    -0.0137    0.0147   -0.0016    0.0201   -0.0142    0.0035
 AT.   5 O  X     0.0248    0.0310   -0.0464   -0.0382    0.0058   -0.0294
            Y    -0.0179    0.0378    0.0212    0.0349   -0.0236   -0.0386
            Z    -0.0071   -0.0210    0.0043    0.0155    0.0415   -0.0375
 AT.   6 O  X     0.0050   -0.0731    0.0112    0.0293    0.0173    0.0088
            Y    -0.0098    0.0125   -0.0034    0.0093    0.0040    0.0228
            Z     0.0028   -0.0536    0.0048   -0.0144   -0.0296    0.0680
 AT.   7 O  X     0.0259    0.0287   -0.0403   -0.0303    0.0041   -0.0286
            Y    -0.0312    0.0347    0.0814    0.0247   -0.0258    0.0292
            Z    -0.0244   -0.0000    0.0786   -0.0320    0.0211    0.0053
 AT.   8 O  X     0.0550   -0.0276    0.0305   -0.0259   -0.0093    0.0064
            Y     0.0389   -0.0483    0.0165    0.0262    0.0243   -0.0028
            Z    -0.0560    0.0243   -0.0284   -0.0068   -0.0877    0.0095
 AT.   9 O  X     0.0339    0.0688   -0.0117    0.0154   -0.0067    0.0280
            Y    -0.0298   -0.0017   -0.0473    0.0305   -0.0206   -0.0119
            Z     0.0621    0.0456    0.0218    0.0171   -0.0495   -0.0184
 AT.  10 O  X     0.0454   -0.0249    0.0238   -0.0254   -0.0251    0.0030
            Y    -0.0288   -0.0329    0.0011    0.0044    0.0199   -0.0239
            Z     0.0114    0.0089    0.0207    0.0220    0.0103    0.0489

 FREQ(CM**-1)    334.38    346.12    395.51    407.88    410.87    457.95

 AT.   1 CA X    -0.0379    0.0212    0.0025   -0.0279   -0.0062    0.0201
            Y    -0.0032   -0.0002   -0.0045   -0.0039    0.0120   -0.0234
            Z     0.0222    0.0428    0.0029   -0.0004    0.0251    0.0183
 AT.   2 MG X    -0.0067   -0.0222   -0.0202    0.0098    0.0120    0.0009
            Y    -0.0423   -0.0099   -0.0125   -0.0112    0.0062   -0.0026
            Z    -0.0324    0.0091    0.0471   -0.0171    0.0028    0.0018
 AT.   3 C  X     0.0101   -0.0350   -0.0084    0.0142   -0.0287   -0.0014
            Y     0.0046   -0.0002    0.0259    0.0248    0.0122   -0.0096
            Z    -0.0491    0.0025    0.0195    0.0200    0.0007    0.0174
 AT.   4 C  X     0.0001   -0.0288    0.0077    0.0029   -0.0022   -0.0147
            Y     0.0198    0.0071   -0.0227    0.0235    0.0096    0.0272
            Z     0.0179    0.0064   -0.0286    0.0201    0.0030   -0.0118
 AT.   5 O  X    -0.0219   -0.0367    0.0019    0.0224   -0.0398    0.0148
            Y    -0.0415    0.0015    0.0297    0.0380    0.0047   -0.0023
            Z    -0.0039   -0.0550    0.0420    0.0722   -0.0006   -0.0202
 AT.   6 O  X    -0.0183    0.0033   -0.0236   -0.0108    0.0264    0.0067
            Y    -0.0182   -0.0231   -0.0255    0.0044   -0.0027    0.0248
            Z     0.0151   -0.0355    0.0337    0.0134   -0.0588   -0.0167
 AT.   7 O  X    -0.0052   -0.0424    0.0017    0.0204   -0.0265   -0.0016
            Y     0.0499    0.0091    0.0032    0.0168   -0.0089   -0.0180
            Z    -0.0412   -0.0242   -0.0045   -0.0077   -0.0572    0.0254
 AT.   8 O  X     0.0171   -0.0315   -0.0072    0.0106   -0.0034   -0.0172
            Y     0.0441    0.0073   -0.0333    0.0318    0.0083    0.0111
            Z     0.0455   -0.0229   -0.0445    0.0491    0.0175   -0.0094
 AT.   9 O  X     0.0593   -0.0012    0.0167    0.0268    0.0353    0.0121
            Y    -0.0162   -0.0267    0.0275   -0.0419   -0.0125    0.0006
            Z    -0.0707   -0.0034   -0.0289    0.0080   -0.0639   -0.0295
 AT.  10 O  X     0.0146   -0.0338   -0.0044    0.0113   -0.0011   -0.0137
            Y    -0.0051    0.0160    0.0067    0.0016    0.0027    0.0261
            Z    -0.0203   -0.0367   -0.0070   -0.0086   -0.0262   -0.0210

 FREQ(CM**-1)    733.94    739.15    747.11    749.19    888.24    892.17

 AT.   1 CA X     0.0033    0.0001   -0.0046   -0.0017    0.0008    0.0005
            Y     0.0066    0.0007    0.0005    0.0029   -0.0010    0.0012
            Z     0.0019    0.0006    0.0032    0.0005    0.0007    0.0015
 AT.   2 MG X    -0.0035   -0.0221   -0.0026   -0.0025    0.0001    0.0015
            Y     0.0001   -0.0005   -0.0181    0.0054   -0.0001    0.0009
            Z     0.0018    0.0015   -0.0163    0.0020    0.0002   -0.0022
 AT.   3 C  X    -0.0052    0.0029    0.0034   -0.0528    0.0010    0.0009
            Y     0.0502   -0.0434    0.0020   -0.0021   -0.0001   -0.0046
            Z     0.0007   -0.0007   -0.0002    0.0041   -0.0006    0.1624
 AT.   4 C  X    -0.0075   -0.0045    0.0472    0.0023   -0.0015    0.0009
            Y     0.0430    0.0510    0.0069    0.0023    0.0064    0.0001
            Z    -0.0009   -0.0007    0.0026   -0.0016    0.1641    0.0008
 AT.   5 O  X    -0.0900    0.0766   -0.0027   -0.0063    0.0006   -0.0065
            Y    -0.0272    0.0247   -0.0069    0.0847    0.0002   -0.0026
            Z    -0.0109    0.0079   -0.0006    0.0148    0.0008   -0.0462
 AT.   6 O  X    -0.0191   -0.0066    0.0889   -0.0076    0.0024   -0.0006
            Y    -0.0200   -0.0019   -0.0346   -0.0008   -0.0034   -0.0000
            Z     0.0015    0.0001   -0.0093    0.0004   -0.0409    0.0033
 AT.   7 O  X     0.0603   -0.0530    0.0056   -0.0481   -0.0010   -0.0002
            Y    -0.0877    0.0754    0.0024   -0.0535   -0.0007    0.0033
            Z     0.0151   -0.0168    0.0005    0.0017    0.0002   -0.0465
 AT.   8 O  X    -0.0780   -0.0881   -0.0050   -0.0022   -0.0019    0.0000
            Y    -0.0209   -0.0256   -0.0892   -0.0064   -0.0063    0.0005
            Z    -0.0083   -0.0084   -0.0077   -0.0010   -0.0443    0.0017
 AT.   9 O  X    -0.0064   -0.0078    0.0066    0.0957   -0.0001   -0.0071
            Y     0.0058   -0.0231   -0.0017   -0.0260    0.0004   -0.0003
            Z     0.0004    0.0029   -0.0021   -0.0176    0.0059    0.0436
 AT.  10 O  X     0.0497    0.0609    0.0592    0.0040   -0.0024   -0.0008
            Y    -0.0770   -0.0886    0.0432    0.0047    0.0092   -0.0008
            Z     0.0122    0.0185   -0.0021   -0.0006   -0.0437   -0.0003

 FREQ(CM**-1)   1144.35   1146.18   1492.45   1524.68   1546.88   1623.94

 AT.   1 CA X    -0.0003   -0.0020   -0.0008   -0.0007   -0.0018   -0.0005
            Y     0.0002    0.0017   -0.0010    0.0015   -0.0018    0.0023
            Z    -0.0021   -0.0010    0.0002    0.0019    0.0008   -0.0016
 AT.   2 MG X     0.0003    0.0032   -0.0005    0.0015    0.0028    0.0001
            Y    -0.0011   -0.0116    0.0001   -0.0013    0.0007   -0.0000
            Z    -0.0055    0.0051   -0.0000   -0.0028    0.0010    0.0001
 AT.   3 C  X    -0.0007   -0.0007   -0.0109   -0.0720    0.1530   -0.0190
            Y    -0.0001   -0.0017   -0.0026    0.1369    0.0771   -0.0031
            Z     0.0006   -0.0007   -0.0008    0.0038    0.0014   -0.0002
 AT.   4 C  X     0.0021    0.0025    0.1434   -0.0066   -0.0078   -0.0866
            Y    -0.0011    0.0034    0.0960    0.0002    0.0143    0.1203
            Z    -0.0004    0.0007   -0.0017    0.0000   -0.0015   -0.0043
 AT.   5 O  X     0.0772    0.0003    0.0031    0.0443   -0.0330    0.0060
            Y    -0.0579    0.0009   -0.0025   -0.0394    0.0124   -0.0028
            Z    -0.0013    0.0004   -0.0003   -0.0015   -0.0012    0.0002
 AT.   6 O  X    -0.0029   -0.0122   -0.0102    0.0009    0.0044   -0.0006
            Y    -0.0204   -0.0865   -0.0413    0.0063    0.0088   -0.0523
            Z    -0.0001    0.0021    0.0006    0.0009   -0.0005    0.0033
 AT.   7 O  X    -0.0888    0.0002    0.0041    0.0099   -0.0646    0.0071
            Y    -0.0378    0.0013    0.0026   -0.0074   -0.0263    0.0015
            Z    -0.0018   -0.0000    0.0004   -0.0021   -0.0010    0.0006
 AT.   8 O  X    -0.0010    0.0762   -0.0241    0.0021    0.0023    0.0474
            Y    -0.0010   -0.0585    0.0087   -0.0025   -0.0039   -0.0416
            Z     0.0001   -0.0014    0.0008   -0.0014   -0.0000    0.0014
 AT.   9 O  X     0.0125   -0.0026    0.0040    0.0011    0.0124   -0.0014
            Y     0.0874   -0.0194    0.0181    0.0525    0.0382   -0.0049
            Z    -0.0008    0.0008    0.0004    0.0023   -0.0015    0.0004
 AT.  10 O  X    -0.0001   -0.0901   -0.0673    0.0017    0.0027    0.0193
            Y    -0.0010   -0.0383   -0.0302    0.0007   -0.0016   -0.0073
            Z    -0.0002   -0.0012    0.0001    0.0006    0.0011    0.0048


  DISPERSION K POINT NUMBER    12 COORD:  C(  1  0  2 )    WEIGHT:    1.

    MODES         EIGV          FREQUENCIES     IRREP
             (HARTREE**2)   (CM**-1)     (THZ)
    1-   1    0.2140E-06    101.5241    3.0436  (  1)
    2-   2    0.3635E-06    132.3274    3.9671  (  1)
    3-   3    0.4768E-06    151.5476    4.5433  (  1)
    4-   4    0.5127E-06    157.1553    4.7114  (  1)
    5-   5    0.5476E-06    162.4110    4.8690  (  1)
    6-   6    0.7402E-06    188.8222    5.6607  (  1)
    7-   7    0.1004E-05    219.9135    6.5928  (  1)
    8-   8    0.1259E-05    246.2834    7.3834  (  1)
    9-   9    0.1287E-05    248.9489    7.4633  (  1)
   10-  10    0.1512E-05    269.8991    8.0914  (  1)
   11-  11    0.2012E-05    311.3107    9.3329  (  1)
   12-  12    0.2050E-05    314.2727    9.4217  (  1)
   13-  13    0.2391E-05    339.4037   10.1751  (  1)
   14-  14    0.2479E-05    345.5855   10.3604  (  1)
   15-  15    0.2814E-05    368.1898   11.0381  (  1)
   16-  16    0.3384E-05    403.7407   12.1038  (  1)
   17-  17    0.3558E-05    413.9672   12.4104  (  1)
   18-  18    0.3619E-05    417.4956   12.5162  (  1)
   19-  19    0.1117E-04    733.5227   21.9905  (  1)
   20-  20    0.1140E-04    740.9833   22.2141  (  1)
   21-  21    0.1141E-04    741.2695   22.2227  (  1)
   22-  22    0.1145E-04    742.6572   22.2643  (  1)
   23-  23    0.1642E-04    889.3751   26.6628  (  1)
   24-  24    0.1642E-04    889.4364   26.6646  (  1)
   25-  25    0.2719E-04   1144.3472   34.3067  (  1)
   26-  26    0.2719E-04   1144.3560   34.3069  (  1)
   27-  27    0.4793E-04   1519.4267   45.5513  (  1)
   28-  28    0.4862E-04   1530.3248   45.8780  (  1)
   29-  29    0.5134E-04   1572.5944   47.1452  (  1)
   30-  30    0.5393E-04   1611.7039   48.3177  (  1)

 MODES IN PHASE

 FREQ(CM**-1)    101.52    132.33    151.55    157.16    162.41    188.82

 AT.   1 CA X    -0.0111    0.0800   -0.0692   -0.0046   -0.0019   -0.0180
            Y    -0.0294    0.0144    0.0506    0.0871   -0.0024   -0.0009
            Z     0.0062   -0.0172   -0.0383    0.0605    0.0068   -0.0153
 AT.   2 MG X     0.0081   -0.0339   -0.0047   -0.0275    0.0022   -0.0003
            Y    -0.0063   -0.0166    0.0445    0.0181    0.0005    0.0083
            Z     0.0288   -0.0070    0.0242   -0.0200   -0.0003   -0.0227
 AT.   3 C  X     0.0016    0.0167   -0.0048    0.0308    0.0038    0.0214
            Y    -0.0122   -0.0085   -0.0247   -0.0186    0.0403    0.0119
            Z    -0.0332   -0.0198   -0.0302    0.0102   -0.0392    0.0006
 AT.   4 C  X     0.0019   -0.0191    0.0329   -0.0178   -0.0093    0.0262
            Y    -0.0117    0.0170    0.0050    0.0102    0.0138   -0.0064
            Z    -0.0325    0.0256    0.0177   -0.0408    0.0010    0.0439
 AT.   5 O  X     0.0294    0.0543   -0.0056    0.0314    0.0206    0.0198
            Y     0.0253    0.0407   -0.0241   -0.0114    0.0601    0.0055
            Z    -0.0640   -0.0185   -0.0441    0.0358   -0.0700   -0.0546
 AT.   6 O  X     0.0225    0.0212   -0.0673   -0.0090    0.0006    0.0252
            Y    -0.0101   -0.0098    0.0197    0.0117   -0.0198   -0.0097
            Z     0.0366   -0.0262   -0.0381    0.0620    0.0280    0.0650
 AT.   7 O  X    -0.0050   -0.0363    0.0113   -0.0126    0.0048   -0.0268
            Y     0.0388    0.0567    0.0517    0.0129   -0.0098   -0.0223
            Z     0.0939    0.0240    0.0193   -0.0173   -0.0129   -0.0488
 AT.   8 O  X    -0.0271    0.0549   -0.0068    0.0327   -0.0190   -0.0313
            Y    -0.0311    0.0408   -0.0184   -0.0104   -0.0602    0.0044
            Z     0.0332   -0.0192   -0.0409    0.0290    0.0718    0.0312
 AT.   9 O  X     0.0195    0.0223   -0.0611   -0.0021   -0.0051    0.0171
            Y     0.0172   -0.0096    0.0222    0.0082    0.0250    0.0097
            Z    -0.0176   -0.0255   -0.0332    0.0739   -0.0276   -0.0057
 AT.  10 O  X     0.0211   -0.0357    0.0118   -0.0198   -0.0076    0.0133
            Y    -0.0547    0.0555    0.0502    0.0170    0.0076    0.0123
            Z    -0.0300    0.0227    0.0149   -0.0076    0.0205    0.0210

 FREQ(CM**-1)    219.91    246.28    248.95    269.90    311.31    314.27

 AT.   1 CA X    -0.0042    0.0228   -0.0101   -0.0007    0.0660   -0.0065
            Y     0.0034    0.0145    0.0019   -0.0034    0.0022    0.0362
            Z     0.0426    0.0235    0.0297   -0.0034   -0.0357    0.0021
 AT.   2 MG X     0.0226   -0.0306    0.0229    0.0133    0.0691    0.0247
            Y     0.0115   -0.0290   -0.0251   -0.0096    0.0478   -0.0513
            Z    -0.0190    0.0277   -0.0226   -0.0276    0.0247    0.0127
 AT.   3 C  X    -0.0019   -0.0533   -0.0278    0.0363   -0.0157   -0.0318
            Y     0.0465   -0.0297    0.0314    0.0086    0.0326   -0.0067
            Z    -0.0167    0.0161   -0.0050    0.0116   -0.0159   -0.0213
 AT.   4 C  X     0.0131    0.0445   -0.0124    0.0369    0.0354    0.0277
            Y    -0.0383   -0.0153    0.0576    0.0029   -0.0194   -0.0077
            Z     0.0085   -0.0174    0.0101    0.0089   -0.0079    0.0048
 AT.   5 O  X     0.0133   -0.0403   -0.0334    0.0509   -0.0325   -0.0231
            Y     0.0661   -0.0066    0.0242    0.0257    0.0064    0.0011
            Z    -0.0329    0.0466    0.0148    0.0499    0.0330   -0.0948
 AT.   6 O  X     0.0025    0.0213   -0.0170    0.0249   -0.0379    0.0096
            Y    -0.0431    0.0376   -0.0558   -0.0284   -0.0147   -0.0085
            Z     0.0216    0.0096   -0.0041   -0.0581    0.0529   -0.0520
 AT.   7 O  X     0.0350    0.0454    0.0227   -0.0235    0.0296    0.0151
            Y    -0.0135   -0.0117    0.0312    0.0152    0.0000   -0.0051
            Z    -0.0269   -0.0414    0.0372    0.0371    0.0139    0.0062
 AT.   8 O  X     0.0423   -0.0432   -0.0145   -0.0456   -0.0313    0.0072
            Y     0.0769   -0.0047   -0.0380   -0.0560    0.0002    0.0293
            Z    -0.0665    0.0469    0.0367   -0.0175    0.0344    0.0351
 AT.   9 O  X    -0.0208    0.0296    0.0206   -0.0453   -0.0395    0.0038
            Y    -0.0124    0.0378   -0.0137    0.0259   -0.0094   -0.0066
            Z    -0.0148    0.0130    0.0589    0.0297    0.0547    0.0481
 AT.  10 O  X     0.0110    0.0426   -0.0177    0.0501    0.0305    0.0250
            Y    -0.0251   -0.0175    0.0762   -0.0280   -0.0077   -0.0100
            Z    -0.0383   -0.0403    0.0541   -0.0672    0.0251    0.0122

 FREQ(CM**-1)    339.40    345.59    368.19    403.74    413.97    417.50

 AT.   1 CA X    -0.0430   -0.0097   -0.0109   -0.0364   -0.0127   -0.0085
            Y    -0.0382    0.0021    0.0363    0.0113   -0.0091    0.0025
            Z    -0.0122   -0.0255   -0.0115   -0.0037    0.0032    0.0293
 AT.   2 MG X    -0.0406    0.0237    0.0187   -0.0374    0.1366    0.0408
            Y    -0.0376    0.0069   -0.0109    0.0064   -0.0459    0.1402
            Z    -0.0381    0.0001   -0.0252    0.1364    0.0369   -0.0098
 AT.   3 C  X    -0.0141    0.0340   -0.0336    0.0157    0.0017   -0.0210
            Y     0.0198   -0.0116   -0.0003    0.0131   -0.0157    0.0036
            Z     0.0427    0.0346    0.0178   -0.0023    0.0172    0.0326
 AT.   4 C  X     0.0132    0.0341   -0.0347   -0.0130   -0.0211    0.0107
            Y    -0.0222   -0.0116   -0.0142    0.0016    0.0113    0.0142
            Z    -0.0427    0.0348    0.0184    0.0074   -0.0404   -0.0009
 AT.   5 O  X     0.0049    0.0532   -0.0234    0.0193    0.0198   -0.0119
            Y     0.0483    0.0082    0.0141    0.0142    0.0012    0.0143
            Z     0.0424    0.0333   -0.0068    0.0469    0.0044    0.0105
 AT.   6 O  X     0.0008   -0.0014    0.0314    0.0179   -0.0023    0.0460
            Y    -0.0297    0.0082    0.0388   -0.0361    0.0074   -0.0287
            Z    -0.0398    0.0223   -0.0530    0.0098   -0.0103   -0.0491
 AT.   7 O  X     0.0078   -0.0394   -0.0017   -0.0040   -0.0286    0.0107
            Y     0.0341    0.0433   -0.0249   -0.0052    0.0352    0.0221
            Z    -0.0285   -0.0454    0.0583   -0.0289   -0.0685   -0.0138
 AT.   8 O  X     0.0071   -0.0071    0.0050    0.0166    0.0326   -0.0118
            Y     0.0319    0.0104    0.0195    0.0250    0.0068    0.0152
            Z     0.0498    0.0103    0.0774    0.0630    0.0111    0.0116
 AT.   9 O  X    -0.0566    0.0145    0.0153    0.0247   -0.0001    0.0453
            Y    -0.0034    0.0034   -0.0292   -0.0330    0.0105   -0.0290
            Z     0.0336    0.0334   -0.0248   -0.0118   -0.0108   -0.0477
 AT.  10 O  X    -0.0101    0.0430   -0.0237   -0.0121   -0.0291    0.0110
            Y     0.0238   -0.0366   -0.0363   -0.0183    0.0294    0.0230
            Z     0.0119    0.0981    0.0090   -0.0170   -0.0699   -0.0137

 FREQ(CM**-1)    733.52    740.98    741.27    742.66    889.38    889.44

 AT.   1 CA X    -0.0006    0.0045   -0.0013    0.0028    0.0012    0.0003
            Y     0.0003   -0.0066    0.0004    0.0022   -0.0008    0.0005
            Z     0.0047   -0.0016   -0.0044   -0.0010   -0.0002    0.0006
 AT.   2 MG X     0.0068    0.0031    0.0111    0.0029    0.0018   -0.0008
            Y    -0.0180    0.0035    0.0042    0.0010   -0.0019   -0.0008
            Z     0.0009    0.0104   -0.0045    0.0081   -0.0002    0.0006
 AT.   3 C  X     0.0344   -0.0357    0.0103   -0.0340    0.0016    0.0008
            Y     0.0055   -0.0201   -0.0337    0.0111   -0.0049   -0.0034
            Z     0.0043    0.0007    0.0017    0.0003   -0.1648    0.1788
 AT.   4 C  X     0.0284    0.0002    0.0072   -0.0257   -0.0007    0.0016
            Y    -0.0257   -0.0422   -0.0321    0.0179    0.0034   -0.0048
            Z     0.0029    0.0019    0.0022    0.0003    0.1788    0.1648
 AT.   5 O  X    -0.0030    0.0324    0.0597   -0.0121    0.0020   -0.0070
            Y    -0.0660    0.0768    0.0164    0.0666    0.0051   -0.0041
            Z    -0.0080    0.0111    0.0084    0.0089    0.0451   -0.0481
 AT.   6 O  X     0.0625    0.0051   -0.0602   -0.0653    0.0038   -0.0027
            Y     0.0356    0.0631    0.0119    0.0513   -0.0025    0.0004
            Z    -0.0088   -0.0018    0.0098    0.0119   -0.0401    0.0230
 AT.   7 O  X    -0.0575   -0.0008    0.0142   -0.0369    0.0009    0.0011
            Y     0.0403    0.0558   -0.0941    0.0396    0.0007   -0.0020
            Z    -0.0090   -0.0053    0.0154   -0.0096   -0.0074    0.0235
 AT.   8 O  X    -0.0648   -0.0146    0.0136   -0.0227    0.0012    0.0053
            Y    -0.0388    0.0514   -0.0481   -0.0906    0.0000    0.0046
            Z    -0.0089    0.0056   -0.0065   -0.0159    0.0253    0.0379
 AT.   9 O  X     0.0621   -0.0395    0.0825    0.0080   -0.0013   -0.0021
            Y    -0.0314    0.0575    0.0388   -0.0485    0.0022   -0.0007
            Z    -0.0081    0.0033   -0.0141   -0.0016    0.0237    0.0068
 AT.  10 O  X    -0.0065   -0.0498   -0.0393   -0.0175   -0.0026   -0.0007
            Y     0.0789    0.0611    0.0511   -0.0527    0.0085    0.0033
            Z    -0.0096   -0.0102   -0.0128    0.0068   -0.0471   -0.0456

 FREQ(CM**-1)   1144.35   1144.36   1519.43   1530.32   1572.59   1611.70

 AT.   1 CA X     0.0003   -0.0012    0.0002    0.0023    0.0001    0.0001
            Y    -0.0035   -0.0001   -0.0008   -0.0045    0.0001    0.0000
            Z     0.0002   -0.0001   -0.0038    0.0017   -0.0003   -0.0000
 AT.   2 MG X    -0.0080   -0.0017    0.0044   -0.0022    0.0034    0.0000
            Y     0.0050   -0.0028   -0.0053    0.0034    0.0028    0.0000
            Z    -0.0002    0.0001   -0.0023   -0.0072   -0.0001    0.0000
 AT.   3 C  X    -0.0018   -0.0005    0.0957   -0.0719    0.0919    0.0529
            Y    -0.0012    0.0006   -0.1140   -0.0965   -0.0942    0.1123
            Z    -0.0001    0.0003   -0.0048   -0.0010    0.0043   -0.0017
 AT.   4 C  X    -0.0035   -0.0018    0.0081    0.1419    0.0172    0.1278
            Y    -0.0009    0.0000   -0.1217    0.0440    0.1246    0.0291
            Z    -0.0006    0.0005   -0.0026   -0.0007   -0.0025    0.0008
 AT.   5 O  X    -0.0110    0.0410   -0.0468    0.0033   -0.0455    0.0023
            Y     0.0097   -0.0308    0.0381    0.0072    0.0338   -0.0153
            Z     0.0001   -0.0001    0.0035   -0.0002   -0.0025   -0.0006
 AT.   6 O  X     0.0114    0.0074   -0.0043    0.0012   -0.0048   -0.0001
            Y     0.0930    0.0516   -0.0547   -0.0134   -0.0525    0.0315
            Z    -0.0011   -0.0005   -0.0007   -0.0024    0.0007   -0.0024
 AT.   7 O  X     0.0746    0.0922    0.0291   -0.0618    0.0410    0.0545
            Y     0.0315    0.0392    0.0127   -0.0245    0.0182    0.0183
            Z     0.0014    0.0016    0.0018    0.0009   -0.0012    0.0030
 AT.   8 O  X     0.0406    0.0116   -0.0242    0.0084    0.0303   -0.0011
            Y    -0.0296   -0.0089    0.0141    0.0039   -0.0119    0.0144
            Z    -0.0014   -0.0004    0.0010    0.0000    0.0012    0.0006
 AT.   9 O  X     0.0063   -0.0125    0.0006   -0.0007   -0.0043   -0.0003
            Y     0.0498   -0.0948   -0.0506   -0.0191    0.0370   -0.0329
            Z    -0.0011    0.0017   -0.0022   -0.0024   -0.0014    0.0025
 AT.  10 O  X     0.0955   -0.0726    0.0123   -0.0594   -0.0229   -0.0542
            Y     0.0400   -0.0314    0.0138   -0.0229   -0.0208   -0.0180
            Z     0.0014   -0.0009    0.0024    0.0010    0.0031   -0.0030

 MODES IN ANTI-PHASE

 FREQ(CM**-1)    101.52    132.33    151.55    157.16    162.41    188.82

 AT.   1 CA X     0.0185   -0.0010    0.0057   -0.0007   -0.0243   -0.0458
            Y     0.0490   -0.0002   -0.0042    0.0124   -0.0317   -0.0024
            Z    -0.0104    0.0002    0.0032    0.0086    0.0889   -0.0391
 AT.   2 MG X    -0.0135    0.0004    0.0004   -0.0039    0.0286   -0.0007
            Y     0.0105    0.0002   -0.0037    0.0026    0.0065    0.0211
            Z    -0.0480    0.0001   -0.0020   -0.0028   -0.0042   -0.0579
 AT.   3 C  X     0.0079   -0.0127    0.0334    0.0063    0.0114   -0.0317
            Y     0.0126    0.0148   -0.0040   -0.0047    0.0008    0.0038
            Z     0.0194    0.0184    0.0076   -0.0483   -0.0163   -0.0451
 AT.   4 C  X    -0.0079    0.0086    0.0072    0.0258   -0.0076   -0.0279
            Y    -0.0130   -0.0004   -0.0246   -0.0162   -0.0379   -0.0108
            Z    -0.0205   -0.0086   -0.0256   -0.0278    0.0425   -0.0106
 AT.   5 O  X     0.0150   -0.0235    0.0079    0.0089    0.0085   -0.0246
            Y     0.0217   -0.0052   -0.0330    0.0019   -0.0055    0.0123
            Z    -0.0035    0.0293   -0.0156   -0.0193    0.0166   -0.0129
 AT.   6 O  X    -0.0341   -0.0430   -0.0322    0.0237   -0.0294    0.0523
            Y    -0.0141   -0.0071   -0.0170   -0.0107    0.0356    0.0038
            Z     0.0004   -0.0283   -0.0262    0.0513    0.0005    0.0616
 AT.   7 O  X    -0.0212   -0.0258   -0.0041   -0.0273   -0.0185   -0.0093
            Y     0.0413    0.0449    0.0047    0.0165   -0.0138   -0.0060
            Z    -0.0160    0.0482    0.0250    0.0323    0.0505   -0.0217
 AT.   8 O  X    -0.0189    0.0221   -0.0068    0.0003    0.0115   -0.0045
            Y    -0.0121    0.0042    0.0365   -0.0050    0.0037    0.0127
            Z     0.0549   -0.0289    0.0226    0.0286    0.0057   -0.0466
 AT.   9 O  X    -0.0359    0.0424    0.0428   -0.0253   -0.0290    0.0555
            Y     0.0023    0.0074    0.0135    0.0136    0.0321   -0.0038
            Z    -0.0321    0.0290    0.0321   -0.0319    0.0048    0.0894
 AT.  10 O  X    -0.0056    0.0267    0.0021    0.0227   -0.0175   -0.0250
            Y    -0.0148   -0.0464   -0.0131   -0.0122   -0.0151   -0.0195
            Z    -0.0904   -0.0488   -0.0279   -0.0358    0.0479   -0.0490

 FREQ(CM**-1)    219.91    246.28    248.95    269.90    311.31    314.27

 AT.   1 CA X    -0.0016   -0.0011    0.0079    0.0016    0.0060   -0.0095
            Y     0.0013   -0.0007   -0.0015    0.0082    0.0002    0.0534
            Z     0.0160   -0.0012   -0.0232    0.0080   -0.0033    0.0031
 AT.   2 MG X     0.0085    0.0015   -0.0179   -0.0316    0.0063    0.0364
            Y     0.0043    0.0015    0.0196    0.0229    0.0044   -0.0755
            Z    -0.0071   -0.0014    0.0176    0.0657    0.0023    0.0187
 AT.   3 C  X     0.0350    0.0247    0.0110   -0.0072    0.0331   -0.0101
            Y     0.0175   -0.0302    0.0503    0.0222    0.0023    0.0151
            Z    -0.0226   -0.0118    0.0196    0.0093   -0.0240    0.0107
 AT.   4 C  X     0.0325   -0.0384   -0.0272   -0.0020    0.0095    0.0187
            Y     0.0316   -0.0395   -0.0143   -0.0236    0.0263    0.0146
            Z    -0.0268    0.0098   -0.0176   -0.0119   -0.0276    0.0233
 AT.   5 O  X     0.0492    0.0309    0.0066    0.0140    0.0037   -0.0014
            Y     0.0413   -0.0191    0.0452    0.0532   -0.0337    0.0320
            Z    -0.0635   -0.0056   -0.0341   -0.0243    0.0107    0.0001
 AT.   6 O  X    -0.0344   -0.0843   -0.0255    0.0390   -0.0122    0.0079
            Y     0.0305   -0.0036    0.0002   -0.0084    0.0275   -0.0105
            Z    -0.0473   -0.0346   -0.0617    0.0153    0.0147    0.0311
 AT.   7 O  X    -0.0233    0.0255    0.0240   -0.0471    0.0079    0.0329
            Y    -0.0227    0.0584   -0.0707    0.0243   -0.0427   -0.0127
            Z    -0.0275   -0.0081   -0.0464    0.0577    0.0629    0.0156
 AT.   8 O  X    -0.0283   -0.0267    0.0308   -0.0266   -0.0096   -0.0220
            Y     0.0123    0.0196   -0.0345    0.0188    0.0343    0.0128
            Z     0.0262    0.0009   -0.0061   -0.0527   -0.0046   -0.0880
 AT.   9 O  X     0.0275    0.0818    0.0226    0.0095    0.0051    0.0119
            Y    -0.0514   -0.0002    0.0541    0.0144   -0.0297   -0.0118
            Z     0.0498    0.0335    0.0190    0.0522   -0.0048   -0.0369
 AT.  10 O  X     0.0406   -0.0299   -0.0279   -0.0161   -0.0024    0.0261
            Y     0.0082   -0.0569   -0.0131    0.0061    0.0420   -0.0094
            Z     0.0030    0.0122   -0.0248    0.0138   -0.0593    0.0115

 FREQ(CM**-1)    339.40    345.59    368.19    403.74    413.97    417.50

 AT.   1 CA X    -0.0281    0.0171    0.0133   -0.0084    0.0016   -0.0001
            Y    -0.0250   -0.0037   -0.0443    0.0026    0.0012    0.0000
            Z    -0.0080    0.0450    0.0140   -0.0009   -0.0004    0.0004
 AT.   2 MG X    -0.0266   -0.0417   -0.0229   -0.0086   -0.0175    0.0006
            Y    -0.0246   -0.0122    0.0134    0.0015    0.0059    0.0021
            Z    -0.0249   -0.0001    0.0308    0.0315   -0.0047   -0.0002
 AT.   3 C  X     0.0072   -0.0069   -0.0090    0.0001   -0.0214   -0.0004
            Y     0.0228    0.0028   -0.0438    0.0223    0.0074    0.0189
            Z     0.0024   -0.0091    0.0049    0.0098   -0.0372    0.0191
 AT.   4 C  X     0.0087    0.0064   -0.0022    0.0089   -0.0040   -0.0181
            Y     0.0204   -0.0026    0.0414    0.0258   -0.0132    0.0130
            Z    -0.0024    0.0086    0.0010    0.0068    0.0068    0.0378
 AT.   5 O  X     0.0056   -0.0236   -0.0004   -0.0017   -0.0534    0.0056
            Y     0.0137   -0.0170   -0.0227    0.0279   -0.0222    0.0294
            Z     0.0358   -0.0318   -0.0776    0.0475   -0.0272    0.0335
 AT.   6 O  X    -0.0621   -0.0160   -0.0219    0.0197   -0.0082   -0.0230
            Y     0.0092   -0.0089    0.0220   -0.0012   -0.0131   -0.0087
            Z     0.0541   -0.0522    0.0360   -0.0468    0.0031    0.0463
 AT.   7 O  X    -0.0144   -0.0265    0.0246   -0.0192    0.0057    0.0100
            Y     0.0111    0.0167    0.0421   -0.0311    0.0187    0.0293
            Z     0.0254   -0.0872   -0.0210    0.0205    0.0144    0.0035
 AT.   8 O  X     0.0023   -0.0577    0.0229    0.0100    0.0467   -0.0059
            Y     0.0388   -0.0157   -0.0183   -0.0188    0.0211   -0.0290
            Z     0.0245   -0.0449   -0.0086   -0.0221    0.0252   -0.0331
 AT.   9 O  X     0.0256   -0.0070   -0.0351   -0.0098    0.0085    0.0244
            Y    -0.0309   -0.0116   -0.0337   -0.0148    0.0108    0.0078
            Z    -0.0582   -0.0459    0.0591    0.0463   -0.0004   -0.0477
 AT.  10 O  X     0.0129    0.0203    0.0065    0.0155    0.0017   -0.0097
            Y     0.0268   -0.0286    0.0327    0.0257   -0.0270   -0.0286
            Z    -0.0362   -0.0058   -0.0613   -0.0310    0.0033   -0.0039

 FREQ(CM**-1)    733.52    740.98    741.27    742.66    889.38    889.44

 AT.   1 CA X     0.0004   -0.0017    0.0020   -0.0066    0.0011   -0.0010
            Y    -0.0002    0.0025   -0.0006   -0.0052   -0.0007   -0.0015
            Z    -0.0033    0.0006    0.0068    0.0023   -0.0001   -0.0018
 AT.   2 MG X    -0.0048   -0.0012   -0.0173   -0.0068    0.0016    0.0024
            Y     0.0126   -0.0013   -0.0065   -0.0024   -0.0016    0.0022
            Z    -0.0006   -0.0040    0.0070   -0.0191   -0.0002   -0.0016
 AT.   3 C  X     0.0083    0.0076   -0.0310   -0.0301   -0.0021   -0.0023
            Y    -0.0381   -0.0389    0.0156   -0.0291    0.0027    0.0044
            Z     0.0002    0.0018    0.0046   -0.0001   -0.0692    0.0001
 AT.   4 C  X     0.0211   -0.0365    0.0318    0.0374   -0.0025    0.0018
            Y     0.0286   -0.0117   -0.0187    0.0256    0.0044   -0.0027
            Z     0.0032    0.0003   -0.0044    0.0001   -0.0001   -0.0692
 AT.   5 O  X     0.0679    0.0581   -0.0422    0.0433    0.0010    0.0004
            Y     0.0171    0.0087    0.0453    0.0617   -0.0006   -0.0022
            Z     0.0066    0.0040    0.0033    0.0136    0.0198    0.0006
 AT.   6 O  X    -0.0432    0.0650   -0.0633    0.0519   -0.0018    0.0071
            Y     0.0465   -0.0158   -0.0480    0.0179    0.0025    0.0006
            Z     0.0054   -0.0070    0.0111   -0.0092    0.0290   -0.0416
 AT.   7 O  X    -0.0142    0.0738    0.0368    0.0600   -0.0027   -0.0003
            Y    -0.0692   -0.0292   -0.0134    0.0351    0.0085   -0.0029
            Z     0.0069    0.0094    0.0071   -0.0001   -0.0466    0.0445
 AT.   8 O  X    -0.0206   -0.0649   -0.0718    0.0387    0.0019    0.0045
            Y     0.0560   -0.0577    0.0038   -0.0051    0.0051    0.0007
            Z     0.0052   -0.0104   -0.0063    0.0031    0.0423    0.0295
 AT.   9 O  X    -0.0437   -0.0519    0.0286    0.0830    0.0040    0.0073
            Y    -0.0494   -0.0303   -0.0307   -0.0245   -0.0028    0.0002
            Z     0.0064    0.0065   -0.0043   -0.0149   -0.0435   -0.0470
 AT.  10 O  X     0.0588   -0.0544    0.0024    0.0682    0.0012   -0.0009
            Y    -0.0140   -0.0155    0.0801   -0.0041   -0.0004   -0.0011
            Z     0.0061   -0.0035   -0.0110    0.0069   -0.0015    0.0212

 FREQ(CM**-1)   1144.35   1144.36   1519.43   1530.32   1572.59   1611.70

 AT.   1 CA X    -0.0001    0.0035   -0.0001   -0.0002    0.0003    0.0051
            Y     0.0012    0.0003    0.0004    0.0003    0.0002    0.0025
            Z    -0.0001    0.0002    0.0019   -0.0001   -0.0005   -0.0001
 AT.   2 MG X     0.0028    0.0050   -0.0021    0.0002    0.0062    0.0020
            Y    -0.0017    0.0080    0.0026   -0.0002    0.0051    0.0009
            Z     0.0001   -0.0002    0.0011    0.0005   -0.0003    0.0016
 AT.   3 C  X    -0.0032    0.0038   -0.0302    0.1241   -0.0681   -0.1166
            Y    -0.0007    0.0015   -0.0849    0.0086   -0.0911    0.0271
            Z    -0.0006   -0.0005   -0.0009   -0.0012    0.0005   -0.0018
 AT.   4 C  X    -0.0013   -0.0033    0.1000   -0.0204   -0.1131    0.0084
            Y    -0.0010   -0.0016   -0.0736   -0.0863    0.0406   -0.1118
            Z     0.0000    0.0004   -0.0041   -0.0014   -0.0036    0.0024
 AT.   5 O  X    -0.0797   -0.0710   -0.0057   -0.0364    0.0072    0.0378
            Y     0.0603    0.0537    0.0117    0.0227    0.0072   -0.0282
            Z     0.0024    0.0008    0.0014   -0.0016   -0.0001   -0.0013
 AT.   6 O  X     0.0042    0.0109   -0.0041    0.0135   -0.0080   -0.0148
            Y     0.0378    0.0878    0.0216    0.0418    0.0107   -0.0412
            Z     0.0005   -0.0022    0.0022    0.0007   -0.0011    0.0028
 AT.   7 O  X    -0.0596    0.0001    0.0070   -0.0128   -0.0013    0.0078
            Y    -0.0246    0.0009   -0.0076   -0.0099   -0.0131    0.0110
            Z    -0.0005   -0.0006   -0.0016   -0.0007    0.0029   -0.0012
 AT.   8 O  X     0.0695   -0.0812    0.0404    0.0356   -0.0347    0.0379
            Y    -0.0534    0.0613   -0.0373   -0.0235    0.0325   -0.0286
            Z    -0.0019    0.0007   -0.0036    0.0016   -0.0022   -0.0013
 AT.   9 O  X    -0.0104    0.0040    0.0059   -0.0135   -0.0083   -0.0148
            Y    -0.0872    0.0372    0.0299   -0.0395   -0.0387   -0.0401
            Z     0.0003   -0.0015   -0.0008   -0.0003    0.0000    0.0027
 AT.  10 O  X     0.0008   -0.0569   -0.0273    0.0213    0.0340    0.0095
            Y    -0.0001   -0.0235   -0.0054    0.0132    0.0085    0.0116
            Z    -0.0005   -0.0014   -0.0004    0.0006    0.0005   -0.0011


  DISPERSION K POINT NUMBER    13 COORD:  C(  1  1  0 )    WEIGHT:    1.

    MODES         EIGV          FREQUENCIES     IRREP
             (HARTREE**2)   (CM**-1)     (THZ)
    1-   1    0.2110E-06    100.8076    3.0221  (  1)
    2-   2    0.2370E-06    106.8493    3.2033  (  1)
    3-   3    0.4147E-06    141.3295    4.2370  (  1)
    4-   4    0.4555E-06    148.1306    4.4408  (  1)
    5-   5    0.5758E-06    166.5361    4.9926  (  1)
    6-   6    0.6723E-06    179.9616    5.3951  (  1)
    7-   7    0.8352E-06    200.5753    6.0131  (  1)
    8-   8    0.9551E-06    214.4930    6.4303  (  1)
    9-   9    0.1309E-05    251.0723    7.5270  (  1)
   10-  10    0.1566E-05    274.6505    8.2338  (  1)
   11-  11    0.1850E-05    298.5266    8.9496  (  1)
   12-  12    0.1917E-05    303.9137    9.1111  (  1)
   13-  13    0.2321E-05    334.3781   10.0244  (  1)
   14-  14    0.2487E-05    346.1153   10.3763  (  1)
   15-  15    0.3247E-05    395.5106   11.8571  (  1)
   16-  16    0.3454E-05    407.8767   12.2278  (  1)
   17-  17    0.3505E-05    410.8694   12.3176  (  1)
   18-  18    0.4354E-05    457.9505   13.7290  (  1)
   19-  19    0.1118E-04    733.9427   22.0030  (  1)
   20-  20    0.1134E-04    739.1490   22.1591  (  1)
   21-  21    0.1159E-04    747.1081   22.3977  (  1)
   22-  22    0.1165E-04    749.1902   22.4602  (  1)
   23-  23    0.1638E-04    888.2416   26.6288  (  1)
   24-  24    0.1652E-04    892.1713   26.7466  (  1)
   25-  25    0.2719E-04   1144.3519   34.3068  (  1)
   26-  26    0.2727E-04   1146.1825   34.3617  (  1)
   27-  27    0.4624E-04   1492.4456   44.7424  (  1)
   28-  28    0.4826E-04   1524.6794   45.7087  (  1)
   29-  29    0.4968E-04   1546.8791   46.3743  (  1)
   30-  30    0.5475E-04   1623.9416   48.6845  (  1)

 MODES IN PHASE

 FREQ(CM**-1)    100.81    106.85    141.33    148.13    166.54    179.96

 AT.   1 CA X     0.0399    0.0540    0.0187    0.0514    0.0067    0.0043
            Y     0.0577    0.0127   -0.0301   -0.0539    0.0219    0.0078
            Z    -0.0042   -0.0304   -0.0930    0.0196   -0.0082   -0.0020
 AT.   2 MG X     0.0443    0.0007   -0.0050   -0.0281   -0.0038    0.0087
            Y    -0.0078    0.0001   -0.0073    0.0077    0.0412   -0.0022
            Z     0.0066    0.0053    0.0044   -0.0217    0.0263    0.0007
 AT.   3 C  X     0.0050    0.0182   -0.0053    0.0256   -0.0067   -0.0259
            Y    -0.0183   -0.0005   -0.0117   -0.0325   -0.0300   -0.0141
            Z     0.0201    0.0039   -0.0160    0.0130    0.0256    0.0187
 AT.   4 C  X    -0.0356   -0.0164    0.0058    0.0142    0.0214   -0.0465
            Y     0.0252    0.0002    0.0171   -0.0303   -0.0447    0.0031
            Z     0.0143   -0.0134    0.0190    0.0199    0.0050   -0.0322
 AT.   5 O  X     0.0100    0.0274   -0.0240    0.0274   -0.0207   -0.0307
            Y    -0.0121    0.0142   -0.0337   -0.0310   -0.0488   -0.0205
            Z     0.0505    0.0203   -0.0103    0.0419    0.0846    0.0464
 AT.   6 O  X    -0.0072    0.0025    0.0255    0.0196    0.0126   -0.0161
            Y    -0.0151    0.0025   -0.0160   -0.0324   -0.0299   -0.0121
            Z     0.0179   -0.0463   -0.0551   -0.0059    0.0129   -0.0064
 AT.   7 O  X    -0.0517    0.0071   -0.0049   -0.0270    0.0348    0.0431
            Y     0.0762   -0.0167    0.0431    0.0056   -0.0222    0.0203
            Z     0.0167   -0.0756    0.0154    0.0413   -0.0498    0.0074
 AT.   8 O  X     0.0518    0.0408   -0.0349    0.0147   -0.0321    0.0402
            Y    -0.0016    0.0275   -0.0378   -0.0001    0.0266    0.0102
            Z     0.0145   -0.0269   -0.0007   -0.0074    0.0265   -0.0453
 AT.   9 O  X    -0.0108   -0.0144    0.0464    0.0275   -0.0308    0.0478
            Y    -0.0266    0.0037   -0.0052    0.0016    0.0221    0.0081
            Z     0.0126   -0.0742   -0.0391   -0.0060   -0.0209    0.0413
 AT.  10 O  X    -0.0518   -0.0195    0.0099    0.0175    0.0182   -0.0363
            Y     0.0654    0.0082    0.0083   -0.0371   -0.0386   -0.0218
            Z     0.0100   -0.0406   -0.0115    0.0212   -0.0622   -0.0141

 FREQ(CM**-1)    200.58    214.49    251.07    274.65    298.53    303.91

 AT.   1 CA X     0.0366   -0.0036    0.0226    0.0083    0.0192   -0.0648
            Y     0.0151    0.0025    0.0090    0.0146    0.0250    0.0055
            Z     0.0338   -0.0048    0.0178    0.0022   -0.0353    0.0288
 AT.   2 MG X     0.0067    0.0146   -0.0160    0.0311   -0.0539   -0.0361
            Y    -0.0088   -0.0100    0.0201    0.0341    0.0799   -0.0014
            Z    -0.0059    0.0338   -0.0216    0.0126   -0.0134    0.0592
 AT.   3 C  X    -0.0247   -0.0466   -0.0238   -0.0217   -0.0174    0.0229
            Y     0.0192   -0.0042    0.0005   -0.0061   -0.0169    0.0064
            Z    -0.0168   -0.0155    0.0047   -0.0170   -0.0131   -0.0234
 AT.   4 C  X     0.0158   -0.0097    0.0039   -0.0073   -0.0124   -0.0051
            Y    -0.0291    0.0394    0.0345   -0.0452   -0.0240   -0.0109
            Z     0.0084    0.0311   -0.0119    0.0165   -0.0175   -0.0107
 AT.   5 O  X    -0.0004   -0.0404   -0.0283   -0.0246   -0.0203    0.0031
            Y     0.0499    0.0048   -0.0012   -0.0096   -0.0166   -0.0300
            Z     0.0170   -0.0098    0.0449   -0.0835   -0.0211    0.0427
 AT.   6 O  X    -0.0660   -0.0563   -0.0296    0.0022   -0.0176    0.0496
            Y     0.0240   -0.0011    0.0042   -0.0057   -0.0168   -0.0012
            Z    -0.0584   -0.0246   -0.0286    0.0336   -0.0416   -0.0320
 AT.   7 O  X     0.0083    0.0336    0.0484    0.0300    0.0121   -0.0280
            Y     0.0454   -0.0592    0.0175    0.0320   -0.0130    0.0190
            Z     0.0658   -0.0445    0.0243   -0.0507    0.0295    0.0570
 AT.   8 O  X     0.0146    0.0446   -0.0566    0.0235    0.0047    0.0116
            Y     0.0300   -0.0078   -0.0735    0.0361    0.0317   -0.0148
            Z    -0.0283   -0.0010    0.0886    0.0877   -0.0103    0.0550
 AT.   9 O  X     0.0155    0.0473   -0.0036    0.0066    0.0165    0.0358
            Y     0.0270   -0.0088   -0.0479    0.0420    0.0202    0.0025
            Z     0.0035    0.0205   -0.0038   -0.0373    0.0877   -0.0186
 AT.  10 O  X     0.0046   -0.0249    0.0110   -0.0061   -0.0212   -0.0222
            Y     0.0010    0.0704    0.0159   -0.0400   -0.0045    0.0286
            Z    -0.0094    0.0544    0.0115    0.0495    0.0495    0.0325

 FREQ(CM**-1)    334.38    346.12    395.51    407.88    410.87    457.95

 AT.   1 CA X    -0.0148   -0.0052   -0.0319    0.0119    0.0034   -0.0065
            Y     0.0212    0.0092   -0.0534   -0.0153    0.0054   -0.0186
            Z    -0.0151    0.0213   -0.0350   -0.0003   -0.0118   -0.0116
 AT.   2 MG X    -0.0419    0.0304   -0.0088   -0.0301    0.1156    0.0907
            Y    -0.0161   -0.0221    0.0047   -0.0885   -0.0741    0.1025
            Z     0.0340    0.0141   -0.0197    0.1071   -0.0287    0.0874
 AT.   3 C  X     0.0037    0.0297    0.0124   -0.0128    0.0129    0.0227
            Y    -0.0092   -0.0188    0.0109   -0.0094   -0.0177    0.0315
            Z     0.0535   -0.0072    0.0589    0.0138   -0.0034    0.0218
 AT.   4 C  X     0.0036    0.0296    0.0043   -0.0104    0.0121    0.0236
            Y    -0.0092   -0.0193    0.0068   -0.0093   -0.0124    0.0318
            Z     0.0535   -0.0070   -0.0535    0.0121   -0.0034    0.0236
 AT.   5 O  X     0.0389    0.0291    0.0441    0.0010    0.0204    0.0258
            Y     0.0334   -0.0294    0.0449    0.0061   -0.0128    0.0318
            Z     0.0343    0.0155    0.0705   -0.0062   -0.0143    0.0361
 AT.   6 O  X    -0.0600    0.0254   -0.0389   -0.0189    0.0208   -0.0015
            Y    -0.0039   -0.0199    0.0157   -0.0069   -0.0222    0.0299
            Z     0.0175   -0.0981    0.0208    0.0262   -0.0238    0.0006
 AT.   7 O  X    -0.0291   -0.0028   -0.0056    0.0227   -0.0002   -0.0048
            Y     0.0244    0.0118    0.0421    0.0486   -0.0282   -0.0147
            Z    -0.0360   -0.0883   -0.0246    0.0038    0.0345    0.0251
 AT.   8 O  X    -0.0094   -0.0210    0.0441   -0.0228   -0.0294   -0.0262
            Y    -0.0237   -0.0096    0.0440    0.0064    0.0226   -0.0208
            Z     0.0076   -0.0458    0.0701   -0.0050    0.0535   -0.0390
 AT.   9 O  X     0.0599   -0.0122   -0.0309   -0.0340   -0.0257    0.0056
            Y     0.0076   -0.0116    0.0189    0.0026    0.0429   -0.0258
            Z    -0.0458    0.0594    0.0090    0.0572    0.0159    0.0182
 AT.  10 O  X     0.0227    0.0237   -0.0146   -0.0059    0.0086    0.0248
            Y    -0.0603    0.0015    0.0432   -0.0262   -0.0005    0.0124
            Z     0.0738    0.0690   -0.0331    0.0109    0.0232    0.0043

 FREQ(CM**-1)    733.94    739.15    747.11    749.19    888.24    892.17

 AT.   1 CA X     0.0069    0.0015    0.0028    0.0011    0.0003    0.0021
            Y     0.0004    0.0007   -0.0065    0.0018    0.0007    0.0002
            Z    -0.0018   -0.0014    0.0049   -0.0003    0.0005   -0.0025
 AT.   2 MG X    -0.0003    0.0075   -0.0006   -0.0018   -0.0015   -0.0002
            Y     0.0006   -0.0123   -0.0002   -0.0025   -0.0021    0.0001
            Z    -0.0004    0.0010    0.0005    0.0010   -0.0041   -0.0002
 AT.   3 C  X     0.0266    0.0431   -0.0338    0.0162   -0.0050   -0.0036
            Y     0.0252    0.0310    0.0415   -0.0212   -0.0053   -0.0038
            Z     0.0019    0.0015    0.0028    0.0036    0.1792   -0.1764
 AT.   4 C  X    -0.0167   -0.0115    0.0339    0.0140   -0.0050    0.0037
            Y    -0.0204   -0.0116   -0.0415   -0.0249   -0.0054    0.0037
            Z    -0.0029   -0.0038   -0.0028    0.0013    0.1782    0.1774
 AT.   5 O  X    -0.0367   -0.0482   -0.0751    0.0385   -0.0079    0.0024
            Y    -0.0672   -0.0997    0.0339   -0.0080   -0.0071    0.0022
            Z    -0.0096   -0.0185   -0.0020    0.0015   -0.0478    0.0505
 AT.   6 O  X    -0.0462   -0.0663    0.0900   -0.0391    0.0072   -0.0057
            Y     0.0489    0.0656    0.0444   -0.0230    0.0015    0.0048
            Z     0.0062    0.0083   -0.0087    0.0078   -0.0487    0.0492
 AT.   7 O  X     0.0201   -0.0409   -0.0085    0.0296   -0.0011   -0.0024
            Y     0.0092   -0.0045    0.0500   -0.1070   -0.0019    0.0038
            Z     0.0004   -0.0046   -0.0065    0.0193    0.0244   -0.0272
 AT.   8 O  X    -0.0455    0.0315   -0.0357   -0.0792    0.0042    0.0003
            Y    -0.0995    0.0697    0.0174    0.0167    0.0023    0.0013
            Z    -0.0161    0.0146   -0.0004   -0.0021    0.0194    0.0254
 AT.   9 O  X    -0.0717    0.0518    0.0442    0.0793   -0.0033   -0.0025
            Y     0.0651   -0.0445    0.0195    0.0525   -0.0002    0.0026
            Z     0.0118   -0.0070   -0.0042   -0.0166    0.0203    0.0232
 AT.  10 O  X    -0.0436   -0.0231   -0.0165   -0.0164    0.0020   -0.0043
            Y     0.0048    0.0044    0.1055    0.0502    0.0042    0.0067
            Z    -0.0022   -0.0020   -0.0111   -0.0084   -0.0472   -0.0490

 FREQ(CM**-1)   1144.35   1146.18   1492.45   1524.68   1546.88   1623.94

 AT.   1 CA X     0.0000   -0.0008   -0.0006    0.0014   -0.0036    0.0012
            Y     0.0002   -0.0041    0.0001    0.0020    0.0010    0.0010
            Z     0.0010   -0.0015   -0.0001   -0.0029   -0.0011    0.0010
 AT.   2 MG X    -0.0009    0.0069    0.0008   -0.0001   -0.0006   -0.0000
            Y    -0.0008    0.0069   -0.0022   -0.0006    0.0006   -0.0029
            Z     0.0061    0.0042   -0.0002    0.0008    0.0003   -0.0026
 AT.   3 C  X    -0.0005   -0.0004    0.1481    0.0900    0.1443    0.0779
            Y     0.0019    0.0005   -0.0748    0.1467   -0.0859    0.1515
            Z    -0.0009   -0.0003    0.0013   -0.0042   -0.0007    0.0049
 AT.   4 C  X    -0.0005    0.0039    0.1558   -0.0881   -0.1477    0.0807
            Y     0.0014   -0.0002   -0.0774   -0.1467    0.0919    0.1492
            Z    -0.0008   -0.0008    0.0016    0.0042    0.0011    0.0049
 AT.   5 O  X    -0.0793    0.0405   -0.0577   -0.0010   -0.0540    0.0015
            Y     0.0601   -0.0320    0.0414   -0.0139    0.0406   -0.0212
            Z     0.0018   -0.0006    0.0001    0.0021    0.0005   -0.0054
 AT.   6 O  X    -0.0113    0.0058   -0.0040   -0.0137   -0.0067   -0.0148
            Y    -0.0993    0.0508    0.0253   -0.0653    0.0324   -0.0694
            Z     0.0014   -0.0004   -0.0009    0.0022    0.0012   -0.0016
 AT.   7 O  X    -0.0636    0.0935    0.0339    0.0237    0.0273    0.0175
            Y    -0.0255    0.0378    0.0102    0.0121    0.0043    0.0117
            Z    -0.0003    0.0026   -0.0001   -0.0018    0.0011    0.0012
 AT.   8 O  X     0.0403    0.0802    0.0295    0.0011   -0.0248    0.0040
            Y    -0.0314   -0.0611   -0.0205   -0.0058    0.0162    0.0041
            Z    -0.0008   -0.0012   -0.0004    0.0001   -0.0006    0.0017
 AT.   9 O  X     0.0048    0.0125    0.0014   -0.0057   -0.0048    0.0070
            Y     0.0516    0.0984   -0.0144   -0.0251    0.0118    0.0238
            Z    -0.0008   -0.0012    0.0006    0.0021    0.0006    0.0005
 AT.  10 O  X     0.0949    0.0621   -0.0457    0.0530    0.0429   -0.0511
            Y     0.0381    0.0251   -0.0135    0.0289    0.0084   -0.0296
            Z     0.0007    0.0020   -0.0004   -0.0029    0.0017   -0.0037

 MODES IN ANTI-PHASE

 FREQ(CM**-1)    100.81    106.85    141.33    148.13    166.54    179.96

 AT.   1 CA X     0.0149   -0.0255   -0.0068    0.0587    0.0048   -0.0222
            Y     0.0216   -0.0060    0.0110   -0.0614    0.0155   -0.0401
            Z    -0.0016    0.0143    0.0339    0.0223   -0.0058    0.0104
 AT.   2 MG X    -0.0365   -0.0085    0.0285    0.0056    0.0018    0.0076
            Y     0.0064   -0.0011    0.0413   -0.0015   -0.0190   -0.0019
            Z    -0.0055   -0.0639   -0.0251    0.0043   -0.0121    0.0006
 AT.   3 C  X     0.0372   -0.0097   -0.0023    0.0248   -0.0339   -0.0433
            Y    -0.0293    0.0020   -0.0180    0.0006    0.0331    0.0051
            Z    -0.0107    0.0578   -0.0116   -0.0206    0.0153   -0.0351
 AT.   4 C  X    -0.0120   -0.0126   -0.0003   -0.0327    0.0271   -0.0197
            Y     0.0235    0.0020   -0.0130    0.0119    0.0013   -0.0147
            Z    -0.0177    0.0563   -0.0054    0.0141   -0.0295    0.0233
 AT.   5 O  X     0.0675   -0.0303    0.0256    0.0184   -0.0268   -0.0314
            Y     0.0115   -0.0239    0.0186   -0.0042    0.0454    0.0235
            Z    -0.0359    0.0515   -0.0112   -0.0019   -0.0018    0.0060
 AT.   6 O  X    -0.0082    0.0206   -0.0418    0.0303   -0.0371   -0.0876
            Y    -0.0232   -0.0027   -0.0109   -0.0027    0.0340    0.0083
            Z    -0.0014    0.0580   -0.0048   -0.0069   -0.0268   -0.0943
 AT.   7 O  X    -0.0195    0.0311   -0.0212    0.0141    0.0071   -0.0097
            Y     0.0121   -0.0245    0.0385   -0.0367   -0.0331    0.0080
            Z    -0.0040   -0.0097    0.0362    0.0268   -0.0484    0.0192
 AT.   8 O  X    -0.0444   -0.0019   -0.0042    0.0295   -0.0106   -0.0176
            Y    -0.0167    0.0042    0.0074   -0.0312   -0.0611    0.0295
            Z     0.0602   -0.0484    0.0152    0.0413    0.0804   -0.0118
 AT.   9 O  X     0.0015   -0.0150    0.0156    0.0234    0.0242   -0.0751
            Y     0.0076   -0.0002    0.0186   -0.0325   -0.0396    0.0122
            Z     0.0128   -0.0012    0.0391   -0.0067    0.0211   -0.0850
 AT.  10 O  X    -0.0192   -0.0252    0.0194   -0.0249    0.0304   -0.0251
            Y     0.0409    0.0285   -0.0572    0.0008   -0.0099   -0.0001
            Z     0.0140    0.0645   -0.0376    0.0445   -0.0308    0.0150

 FREQ(CM**-1)    200.58    214.49    251.07    274.65    298.53    303.91

 AT.   1 CA X    -0.0338    0.0273    0.0174   -0.0189    0.0209   -0.0159
            Y    -0.0139   -0.0190    0.0070   -0.0331    0.0273    0.0013
            Z    -0.0313    0.0366    0.0137   -0.0049   -0.0386    0.0071
 AT.   2 MG X     0.0298    0.0112    0.0066    0.0426    0.0119    0.0377
            Y    -0.0388   -0.0077   -0.0083    0.0466   -0.0177    0.0014
            Z    -0.0259    0.0259    0.0089    0.0173    0.0030   -0.0617
 AT.   3 C  X    -0.0150    0.0025   -0.0296   -0.0145   -0.0079    0.0042
            Y    -0.0274    0.0420   -0.0485   -0.0494    0.0205    0.0107
            Z    -0.0156    0.0364    0.0217    0.0119    0.0132    0.0117
 AT.   4 C  X    -0.0242   -0.0457    0.0377   -0.0251    0.0145   -0.0227
            Y    -0.0164   -0.0150    0.0342   -0.0208   -0.0115   -0.0059
            Z    -0.0213   -0.0245   -0.0188   -0.0126   -0.0064    0.0239
 AT.   5 O  X    -0.0147   -0.0218   -0.0511   -0.0094    0.0030    0.0192
            Y    -0.0261    0.0121   -0.0757   -0.0401    0.0303    0.0256
            Z     0.0297    0.0407    0.0798   -0.0425   -0.0122    0.0371
 AT.   6 O  X    -0.0207    0.0278    0.0040   -0.0109    0.0150   -0.0177
            Y    -0.0252    0.0385   -0.0507   -0.0516    0.0188    0.0077
            Z    -0.0081    0.0127    0.0035    0.0198    0.0844    0.0209
 AT.   7 O  X    -0.0040   -0.0296   -0.0013   -0.0192   -0.0202    0.0056
            Y     0.0025   -0.0510    0.0119    0.0249   -0.0056    0.0254
            Z     0.0146   -0.0441    0.0055   -0.0208    0.0523   -0.0387
 AT.   8 O  X     0.0016   -0.0107   -0.0144    0.0119   -0.0200   -0.0156
            Y    -0.0477    0.0105    0.0181   -0.0199   -0.0138   -0.0366
            Z    -0.0193    0.0419    0.0232    0.0330   -0.0221   -0.0131
 AT.   9 O  X     0.0674    0.0414   -0.0297   -0.0090   -0.0162    0.0387
            Y    -0.0220    0.0375    0.0169   -0.0306   -0.0151   -0.0074
            Z     0.0588    0.0186   -0.0285   -0.0115   -0.0340   -0.0333
 AT.  10 O  X    -0.0080   -0.0373    0.0471   -0.0351    0.0103   -0.0180
            Y    -0.0455   -0.0340    0.0139   -0.0069   -0.0134   -0.0137
            Z    -0.0667   -0.0311    0.0221    0.0234    0.0340    0.0607

 FREQ(CM**-1)    334.38    346.12    395.51    407.88    410.87    457.95

 AT.   1 CA X    -0.0255   -0.0092    0.0044    0.0190    0.0072   -0.0101
            Y     0.0367    0.0164    0.0073   -0.0242    0.0113   -0.0285
            Z    -0.0261    0.0379    0.0048   -0.0004   -0.0249   -0.0179
 AT.   2 MG X     0.0000    0.0004    0.0214    0.0012    0.0094   -0.0048
            Y     0.0000   -0.0003   -0.0115    0.0034   -0.0060   -0.0055
            Z    -0.0000    0.0002    0.0483   -0.0041   -0.0023   -0.0047
 AT.   3 C  X     0.0184   -0.0015   -0.0189   -0.0304   -0.0040   -0.0098
            Y     0.0080   -0.0237   -0.0209   -0.0012    0.0313   -0.0046
            Z    -0.0064    0.0092    0.0163    0.0219   -0.0006   -0.0181
 AT.   4 C  X    -0.0184    0.0023   -0.0222    0.0312    0.0060    0.0073
            Y    -0.0080    0.0232   -0.0225    0.0019   -0.0337    0.0012
            Z     0.0063   -0.0094   -0.0296   -0.0229    0.0001    0.0157
 AT.   5 O  X     0.0116   -0.0068   -0.0060   -0.0248   -0.0213   -0.0172
            Y    -0.0082   -0.0292   -0.0026    0.0100    0.0187   -0.0086
            Z     0.0285   -0.0442   -0.0083   -0.0086    0.0574   -0.0266
 AT.   6 O  X     0.0346    0.0012   -0.0246   -0.0467   -0.0161    0.0055
            Y     0.0065   -0.0258   -0.0141   -0.0005    0.0372   -0.0150
            Z    -0.0428    0.0097    0.0409    0.0760    0.0010    0.0202
 AT.   7 O  X     0.0095    0.0260    0.0342    0.0044    0.0109    0.0250
            Y    -0.0555    0.0090   -0.0100   -0.0058   -0.0237    0.0070
            Z     0.0644    0.0269    0.0350    0.0139    0.0582    0.0159
 AT.   8 O  X     0.0395    0.0213   -0.0060   -0.0099    0.0023    0.0166
            Y     0.0249   -0.0404   -0.0095    0.0098    0.0020    0.0256
            Z     0.0439   -0.0098   -0.0109   -0.0093    0.0253    0.0223
 AT.   9 O  X    -0.0348    0.0223    0.0342   -0.0372    0.0059    0.0008
            Y    -0.0002   -0.0304    0.0094   -0.0064    0.0064    0.0213
            Z    -0.0061   -0.0787   -0.0450    0.0564   -0.0178    0.0088
 AT.  10 O  X    -0.0205    0.0112   -0.0314    0.0224    0.0067    0.0057
            Y    -0.0065    0.0147   -0.0017    0.0413   -0.0368   -0.0106
            Z     0.0009   -0.0613   -0.0272    0.0094    0.0635    0.0293

 FREQ(CM**-1)    733.94    739.15    747.11    749.19    888.24    892.17

 AT.   1 CA X    -0.0029   -0.0037   -0.0018   -0.0017    0.0004   -0.0011
            Y    -0.0002   -0.0016    0.0040   -0.0029    0.0011   -0.0001
            Z     0.0008    0.0034   -0.0030    0.0005    0.0007    0.0013
 AT.   2 MG X     0.0025    0.0097   -0.0169   -0.0034    0.0001    0.0033
            Y    -0.0047   -0.0160   -0.0068   -0.0047    0.0001   -0.0019
            Z     0.0028    0.0012    0.0163    0.0020    0.0002    0.0048
 AT.   3 C  X    -0.0345   -0.0004    0.0026    0.0277   -0.0004   -0.0009
            Y    -0.0154   -0.0037   -0.0008   -0.0441    0.0009    0.0003
            Z     0.0042   -0.0036    0.0003    0.0040    0.0002   -0.0185
 AT.   4 C  X    -0.0402    0.0415    0.0003    0.0289    0.0009   -0.0005
            Y    -0.0214    0.0290    0.0019   -0.0421   -0.0004    0.0007
            Z     0.0036    0.0005    0.0004    0.0052   -0.0188   -0.0001
 AT.   5 O  X     0.0276    0.0036    0.0028    0.0693    0.0011    0.0014
            Y     0.0735    0.0012   -0.0027   -0.0147   -0.0006   -0.0001
            Z     0.0132   -0.0022   -0.0006    0.0017   -0.0000    0.0053
 AT.   6 O  X     0.0551   -0.0070   -0.0049   -0.0691   -0.0004   -0.0011
            Y    -0.0432   -0.0027    0.0001   -0.0471    0.0005    0.0003
            Z    -0.0105    0.0017    0.0004    0.0146    0.0005    0.0071
 AT.   7 O  X     0.0818    0.0737    0.0142    0.0037    0.0017    0.0036
            Y     0.0023   -0.0017   -0.0930   -0.0032    0.0038   -0.0056
            Z     0.0036    0.0074    0.0092   -0.0002   -0.0408    0.0409
 AT.   8 O  X     0.0065    0.0367    0.0661   -0.0039   -0.0067   -0.0027
            Y    -0.0045    0.0714   -0.0292    0.0006   -0.0067   -0.0017
            Z    -0.0026    0.0115    0.0021   -0.0006   -0.0436   -0.0440
 AT.   9 O  X    -0.0063    0.0419   -0.0786    0.0045    0.0064    0.0053
            Y    -0.0040   -0.0483   -0.0398   -0.0002    0.0015   -0.0041
            Z     0.0031   -0.0047    0.0076   -0.0005   -0.0442   -0.0440
 AT.  10 O  X    -0.0721    0.0810    0.0013   -0.0249   -0.0003   -0.0002
            Y    -0.0082    0.0020   -0.0037    0.0945   -0.0002    0.0002
            Z    -0.0028    0.0084    0.0018   -0.0173    0.0057   -0.0020

 FREQ(CM**-1)   1144.35   1146.18   1492.45   1524.68   1546.88   1623.94

 AT.   1 CA X     0.0000   -0.0004   -0.0016   -0.0011    0.0016    0.0016
            Y     0.0004   -0.0018    0.0002   -0.0015   -0.0004    0.0014
            Z     0.0024   -0.0007   -0.0003    0.0023    0.0005    0.0014
 AT.   2 MG X    -0.0001   -0.0050    0.0001   -0.0008    0.0057    0.0000
            Y    -0.0001   -0.0050   -0.0003   -0.0041   -0.0058    0.0003
            Z     0.0006   -0.0030   -0.0000    0.0059   -0.0027    0.0003
 AT.   3 C  X    -0.0000   -0.0042    0.0488   -0.0064    0.0312   -0.0218
            Y    -0.0020    0.0004   -0.0202   -0.0215   -0.0382   -0.0037
            Z     0.0003    0.0008    0.0013    0.0005   -0.0018   -0.0005
 AT.   4 C  X    -0.0001    0.0017   -0.0055    0.0193    0.0011    0.0059
            Y     0.0024   -0.0006   -0.0015    0.0209   -0.0199   -0.0267
            Z    -0.0005    0.0001   -0.0009   -0.0008   -0.0016   -0.0005
 AT.   5 O  X    -0.0173    0.0715   -0.0176   -0.0013   -0.0149    0.0047
            Y     0.0120   -0.0535    0.0135    0.0026    0.0144   -0.0028
            Z     0.0006   -0.0010   -0.0004    0.0004    0.0013    0.0000
 AT.   6 O  X    -0.0037    0.0117   -0.0021    0.0026    0.0005    0.0024
            Y    -0.0202    0.0868    0.0055    0.0101    0.0131    0.0019
            Z     0.0002   -0.0014   -0.0001   -0.0017    0.0003    0.0000
 AT.   7 O  X     0.0705   -0.0009   -0.0307   -0.0488   -0.0332   -0.0481
            Y     0.0283   -0.0003   -0.0088   -0.0268   -0.0074   -0.0273
            Z     0.0008    0.0003   -0.0007    0.0025   -0.0012   -0.0035
 AT.   8 O  X    -0.0704   -0.0179   -0.0527    0.0013    0.0502    0.0029
            Y     0.0527    0.0122    0.0384    0.0129   -0.0399   -0.0210
            Z     0.0017    0.0002   -0.0002   -0.0022   -0.0012   -0.0051
 AT.   9 O  X    -0.0108   -0.0035   -0.0043    0.0127    0.0046   -0.0133
            Y    -0.0871   -0.0206    0.0215    0.0611   -0.0329   -0.0652
            Z     0.0012    0.0007   -0.0007   -0.0017   -0.0011   -0.0015
 AT.  10 O  X     0.0001    0.0699    0.0013   -0.0116    0.0017    0.0013
            Y     0.0001    0.0282    0.0008   -0.0055    0.0017    0.0024
            Z     0.0003    0.0018   -0.0006    0.0012   -0.0000    0.0000


  DISPERSION K POINT NUMBER    14 COORD:  C(  1  1  1 )    WEIGHT:    1.

    MODES         EIGV          FREQUENCIES     IRREP
             (HARTREE**2)   (CM**-1)     (THZ)
    1-   2    0.1516E-06     85.4645    2.5622  (  1)
    3-   3    0.3925E-06    137.4934    4.1219  (  2)
    4-   5    0.4087E-06    140.3121    4.2065  (  1)
    6-   7    0.7331E-06    187.9219    5.6338  (  1)
    8-   8    0.7623E-06    191.6235    5.7447  (  2)
    9-   9    0.1077E-05    227.8158    6.8297  (  2)
   10-  11    0.1602E-05    277.7811    8.3277  (  1)
   12-  12    0.1756E-05    290.8313    8.7189  (  2)
   13-  14    0.2392E-05    339.4645   10.1769  (  1)
   15-  16    0.3472E-05    408.9652   12.2605  (  1)
   17-  17    0.3688E-05    421.4768   12.6356  (  2)
   18-  18    0.4810E-05    481.3631   14.4309  (  2)
   19-  20    0.1150E-04    744.4057   22.3167  (  1)
   21-  22    0.1166E-04    749.4172   22.4670  (  1)
   23-  23    0.1678E-04    899.0449   26.9527  (  2)
   24-  24    0.1723E-04    911.1406   27.3153  (  2)
   25-  25    0.2728E-04   1146.3008   34.3652  (  2)
   26-  26    0.2735E-04   1147.7008   34.4072  (  2)
   27-  28    0.4616E-04   1491.1509   44.7036  (  1)
   29-  30    0.4765E-04   1514.9741   45.4178  (  1)

 MODES IN PHASE

 FREQ(CM**-1)     85.46     85.46    137.49    140.31    140.31    187.92

 AT.   1 CA X     0.0357   -0.0357    0.0000    0.0381   -0.0381    0.0427
            Y     0.0357   -0.0357    0.0000   -0.0389    0.0389    0.0282
            Z     0.0000    0.0000    0.0577    0.0000    0.0000    0.0000
 AT.   2 MG X    -0.0385    0.0385    0.0000   -0.0042    0.0042   -0.0040
            Y    -0.0292    0.0292    0.0000   -0.0327    0.0327    0.0024
            Z     0.0000    0.0000   -0.0600    0.0000    0.0000    0.0000
 AT.   3 C  X     0.0570   -0.0104    0.0000   -0.0468   -0.0212   -0.0438
            Y    -0.0008   -0.0449    0.0000   -0.0154    0.0066    0.0162
            Z     0.0000    0.0000    0.0731    0.0000    0.0000    0.0000
 AT.   4 C  X     0.0104   -0.0570    0.0000    0.0212    0.0468    0.0146
            Y     0.0449    0.0008    0.0000   -0.0066    0.0154    0.0351
            Z     0.0000    0.0000    0.0189    0.0000    0.0000    0.0000
 AT.   5 O  X     0.0570   -0.0117   -0.0053   -0.0503   -0.0215   -0.0481
            Y    -0.0020   -0.0466   -0.0068   -0.0189    0.0076    0.0138
            Z    -0.0049   -0.0074    0.0737    0.0502   -0.0219    0.0395
 AT.   6 O  X     0.0570   -0.0119    0.0085   -0.0537   -0.0189   -0.0561
            Y    -0.0013   -0.0451   -0.0011   -0.0154    0.0080    0.0169
            Z     0.0211   -0.0006    0.0737   -0.0673    0.0423   -0.0712
 AT.   7 O  X     0.0576   -0.0105   -0.0033   -0.0490   -0.0198   -0.0494
            Y    -0.0016   -0.0457    0.0080   -0.0142    0.0055    0.0223
            Z    -0.0162    0.0081    0.0737    0.0171   -0.0204    0.0317
 AT.   8 O  X     0.0117   -0.0570    0.0063    0.0215    0.0503    0.0124
            Y     0.0466    0.0020    0.0054   -0.0076    0.0189    0.0326
            Z     0.0074    0.0049    0.0195    0.0219   -0.0502    0.0134
 AT.   9 O  X     0.0119   -0.0570   -0.0078    0.0189    0.0537    0.0089
            Y     0.0451    0.0013    0.0027   -0.0080    0.0154    0.0363
            Z     0.0006   -0.0211    0.0195   -0.0423    0.0673   -0.0287
 AT.  10 O  X     0.0105   -0.0576    0.0015    0.0198    0.0490    0.0138
            Y     0.0457    0.0016   -0.0081   -0.0055    0.0142    0.0375
            Z    -0.0081    0.0162    0.0195    0.0204   -0.0171    0.0152

 FREQ(CM**-1)    187.92    191.62    227.82    277.78    277.78    290.83

 AT.   1 CA X    -0.0427    0.0000    0.0000    0.0143   -0.0143    0.0000
            Y    -0.0282    0.0000    0.0000   -0.0332    0.0332    0.0000
            Z     0.0000    0.0740    0.0279    0.0000    0.0000   -0.0043
 AT.   2 MG X     0.0040    0.0000    0.0000    0.0565   -0.0565    0.0000
            Y    -0.0024    0.0000    0.0000   -0.0389    0.0389    0.0000
            Z     0.0000   -0.0026    0.0032    0.0000    0.0000   -0.0066
 AT.   3 C  X    -0.0146    0.0000    0.0000    0.0101    0.0085    0.0000
            Y    -0.0351    0.0000    0.0000    0.0030   -0.0093    0.0000
            Z     0.0000   -0.0199   -0.0143    0.0000    0.0000   -0.0400
 AT.   4 C  X     0.0438    0.0000    0.0000   -0.0085   -0.0101    0.0000
            Y    -0.0162    0.0000    0.0000    0.0093   -0.0030    0.0000
            Z     0.0000   -0.0188    0.0615    0.0000    0.0000    0.0381
 AT.   5 O  X    -0.0124    0.0539    0.0250    0.0053   -0.0001   -0.0393
            Y    -0.0326    0.0673    0.0317   -0.0054   -0.0231   -0.0540
            Z    -0.0134   -0.0232   -0.0163    0.0716    0.0773   -0.0341
 AT.   6 O  X    -0.0089   -0.0852   -0.0400    0.0092   -0.0065    0.0664
            Y    -0.0363    0.0130    0.0058    0.0036   -0.0109   -0.0070
            Z     0.0287   -0.0232   -0.0163   -0.0403   -0.0759   -0.0341
 AT.   7 O  X    -0.0138    0.0313    0.0149    0.0151    0.0072   -0.0271
            Y    -0.0375   -0.0803   -0.0375   -0.0042   -0.0115    0.0610
            Z    -0.0152   -0.0232   -0.0163   -0.0313   -0.0013   -0.0341
 AT.   8 O  X     0.0481    0.0527   -0.0375    0.0001   -0.0053    0.0399
            Y    -0.0138    0.0656   -0.0504    0.0231    0.0054    0.0555
            Z    -0.0395   -0.0218    0.0635   -0.0773   -0.0716    0.0320
 AT.   9 O  X     0.0561   -0.0832    0.0624    0.0065   -0.0092   -0.0680
            Y    -0.0169    0.0128   -0.0073    0.0109   -0.0036    0.0068
            Z     0.0712   -0.0218    0.0635    0.0759    0.0403    0.0320
 AT.  10 O  X     0.0494    0.0305   -0.0249   -0.0072   -0.0151    0.0281
            Y    -0.0223   -0.0784    0.0577    0.0115    0.0042   -0.0623
            Z    -0.0317   -0.0218    0.0635    0.0013    0.0313    0.0320

 FREQ(CM**-1)    339.46    339.46    408.97    408.97    421.48    481.36

 AT.   1 CA X     0.0542   -0.0542   -0.0080    0.0080    0.0000    0.0000
            Y    -0.0058    0.0058    0.0040   -0.0040    0.0000    0.0000
            Z     0.0000    0.0000    0.0000    0.0000    0.0853   -0.0340
 AT.   2 MG X     0.0032   -0.0032    0.1118   -0.1118    0.0000    0.0000
            Y    -0.0005    0.0005    0.0000   -0.0000    0.0000    0.0000
            Z     0.0000    0.0000    0.0000    0.0000    0.0492    0.1544
 AT.   3 C  X    -0.0288    0.0317    0.0038   -0.0199    0.0000    0.0000
            Y    -0.0202   -0.0059   -0.0235   -0.0162    0.0000    0.0000
            Z     0.0000    0.0000    0.0000    0.0000   -0.0671    0.0496
 AT.   4 C  X    -0.0317    0.0288    0.0199   -0.0038    0.0000    0.0000
            Y     0.0059    0.0202    0.0162    0.0235    0.0000    0.0000
            Z     0.0000    0.0000    0.0000    0.0000   -0.0556    0.0457
 AT.   5 O  X    -0.0245    0.0320    0.0165   -0.0181   -0.0287    0.0164
            Y    -0.0097   -0.0128   -0.0178   -0.0161   -0.0388    0.0174
            Z    -0.0755    0.0135   -0.0375   -0.0471   -0.0449    0.0257
 AT.   6 O  X    -0.0235    0.0270    0.0170   -0.0064    0.0479   -0.0233
            Y    -0.0202   -0.0078   -0.0308   -0.0234   -0.0055    0.0056
            Z     0.0544   -0.0641   -0.0017    0.0344   -0.0449    0.0257
 AT.   7 O  X    -0.0331    0.0339    0.0054   -0.0186   -0.0192    0.0068
            Y    -0.0157   -0.0059   -0.0247   -0.0299    0.0442   -0.0229
            Z     0.0210    0.0506    0.0392    0.0127   -0.0449    0.0257
 AT.   8 O  X    -0.0320    0.0245    0.0181   -0.0165   -0.0242    0.0152
            Y     0.0128    0.0097    0.0161    0.0178   -0.0339    0.0163
            Z    -0.0135    0.0755    0.0471    0.0375   -0.0373    0.0238
 AT.   9 O  X    -0.0270    0.0235    0.0064   -0.0170    0.0414   -0.0217
            Y     0.0078    0.0202    0.0234    0.0308   -0.0041    0.0050
            Z     0.0641   -0.0544   -0.0344    0.0017   -0.0373    0.0238
 AT.  10 O  X    -0.0339    0.0331    0.0186   -0.0054   -0.0172    0.0065
            Y     0.0059    0.0157    0.0299    0.0247    0.0379   -0.0213
            Z    -0.0506   -0.0210   -0.0127   -0.0392   -0.0373    0.0238

 FREQ(CM**-1)    744.41    744.41    749.42    749.42    899.04    911.14

 AT.   1 CA X     0.0036   -0.0036    0.0025   -0.0025    0.0000    0.0000
            Y     0.0011   -0.0011    0.0002   -0.0002    0.0000    0.0000
            Z     0.0000    0.0000    0.0000    0.0000    0.0053    0.0056
 AT.   2 MG X    -0.0010    0.0010    0.0125   -0.0125    0.0000    0.0000
            Y    -0.0001    0.0001    0.0003   -0.0003    0.0000    0.0000
            Z     0.0000    0.0000    0.0000    0.0000    0.0053   -0.0159
 AT.   3 C  X    -0.0249   -0.0193    0.0386    0.0230    0.0000    0.0000
            Y     0.0334   -0.0322    0.0074   -0.0365    0.0000    0.0000
            Z     0.0000    0.0000    0.0000    0.0000    0.1753    0.0173
 AT.   4 C  X     0.0193    0.0249   -0.0230   -0.0386    0.0000    0.0000
            Y     0.0322   -0.0334    0.0365   -0.0074    0.0000    0.0000
            Z     0.0000    0.0000    0.0000    0.0000   -0.0167    0.1729
 AT.   5 O  X    -0.0596    0.0488   -0.0088    0.0583   -0.0050   -0.0004
            Y     0.0163    0.0577   -0.0682   -0.0171   -0.0046   -0.0008
            Z    -0.0031    0.0089   -0.0136   -0.0001   -0.0514   -0.0049
 AT.   6 O  X     0.0608    0.0255   -0.0658   -0.0608    0.0065    0.0009
            Y     0.0368   -0.0543    0.0292   -0.0355   -0.0020    0.0001
            Z    -0.0051   -0.0044    0.0114    0.0118   -0.0514   -0.0049
 AT.   7 O  X     0.0184   -0.0599    0.0470   -0.0172   -0.0015   -0.0005
            Y    -0.0778    0.0219    0.0299    0.0768    0.0067    0.0007
            Z     0.0082   -0.0045    0.0022   -0.0116   -0.0514   -0.0049
 AT.   8 O  X    -0.0488    0.0596   -0.0583    0.0088    0.0008   -0.0070
            Y    -0.0577   -0.0163    0.0171    0.0682    0.0001   -0.0051
            Z    -0.0089    0.0031    0.0001    0.0136    0.0052   -0.0523
 AT.   9 O  X    -0.0255   -0.0608    0.0608    0.0658   -0.0005    0.0080
            Y     0.0543   -0.0368    0.0355   -0.0292    0.0007   -0.0035
            Z     0.0044    0.0051   -0.0118   -0.0114    0.0052   -0.0523
 AT.  10 O  X     0.0599   -0.0184    0.0172   -0.0470   -0.0004   -0.0009
            Y    -0.0219    0.0778   -0.0768   -0.0299   -0.0007    0.0086
            Z     0.0045   -0.0082    0.0116   -0.0022    0.0052   -0.0523

 FREQ(CM**-1)   1146.30   1147.70   1491.15   1491.15   1514.97   1514.97

 AT.   1 CA X     0.0000    0.0000   -0.0015    0.0015    0.0000   -0.0000
            Y     0.0000    0.0000   -0.0010    0.0010   -0.0001    0.0001
            Z    -0.0025   -0.0020    0.0000    0.0000    0.0000    0.0000
 AT.   2 MG X     0.0000    0.0000    0.0021   -0.0021   -0.0021    0.0021
            Y     0.0000    0.0000   -0.0012    0.0012   -0.0040    0.0040
            Z     0.0023   -0.0088    0.0000    0.0000    0.0000    0.0000
 AT.   3 C  X     0.0000    0.0000    0.1232   -0.1240    0.1232    0.1240
            Y     0.0000    0.0000   -0.0011    0.0011   -0.0004   -0.0015
            Z    -0.0001    0.0020    0.0000    0.0000    0.0000    0.0000
 AT.   4 C  X     0.0000    0.0000    0.1240   -0.1232   -0.1240   -0.1232
            Y     0.0000    0.0000   -0.0011    0.0011    0.0015    0.0004
            Z     0.0004   -0.0004    0.0000    0.0000    0.0000    0.0000
 AT.   5 O  X     0.0057    0.0805   -0.0369    0.0355   -0.0351   -0.0339
            Y    -0.0048   -0.0624    0.0227   -0.0218    0.0229    0.0222
            Z    -0.0002   -0.0020    0.0008   -0.0010   -0.0006   -0.0004
 AT.   6 O  X     0.0013    0.0138   -0.0064    0.0081   -0.0064   -0.0080
            Y     0.0074    0.1009   -0.0043    0.0048   -0.0065   -0.0065
            Z    -0.0002   -0.0020    0.0005   -0.0007    0.0002    0.0004
 AT.   7 O  X    -0.0070   -0.0943   -0.0450    0.0448   -0.0462   -0.0458
            Y    -0.0026   -0.0385   -0.0172    0.0152   -0.0167   -0.0146
            Z    -0.0002   -0.0020   -0.0013    0.0017    0.0004   -0.0000
 AT.   8 O  X     0.0802   -0.0060   -0.0355    0.0369    0.0339    0.0351
            Y    -0.0630    0.0044    0.0218   -0.0227   -0.0222   -0.0229
            Z    -0.0018    0.0001    0.0010   -0.0008    0.0004    0.0006
 AT.   9 O  X     0.0144   -0.0008   -0.0081    0.0064    0.0080    0.0064
            Y     0.1010   -0.0074   -0.0048    0.0043    0.0065    0.0065
            Z    -0.0018    0.0001    0.0007   -0.0005   -0.0004   -0.0002
 AT.  10 O  X    -0.0947    0.0068   -0.0448    0.0450    0.0458    0.0462
            Y    -0.0380    0.0030   -0.0152    0.0172    0.0146    0.0167
            Z    -0.0018    0.0001   -0.0017    0.0013    0.0000   -0.0004

 MODES IN ANTI-PHASE

 FREQ(CM**-1)     85.46     85.46    137.49    140.31    140.31    187.92

 AT.   1 CA X     0.0357    0.0357    0.0000    0.0389    0.0389    0.0282
            Y    -0.0357   -0.0357    0.0000    0.0381    0.0381   -0.0427
            Z     0.0000    0.0000    0.0386    0.0000    0.0000    0.0000
 AT.   2 MG X    -0.0292   -0.0292    0.0000    0.0327    0.0327    0.0024
            Y     0.0385    0.0385    0.0000   -0.0042   -0.0042    0.0040
            Z     0.0000    0.0000   -0.0402    0.0000    0.0000    0.0000
 AT.   3 C  X    -0.0008    0.0449    0.0000    0.0154    0.0066    0.0162
            Y    -0.0570   -0.0104    0.0000   -0.0468    0.0212    0.0438
            Z     0.0000    0.0000   -0.0097    0.0000    0.0000    0.0000
 AT.   4 C  X     0.0449   -0.0008    0.0000    0.0066    0.0154    0.0351
            Y    -0.0104   -0.0570    0.0000    0.0212   -0.0468   -0.0146
            Z     0.0000    0.0000    0.0713    0.0000    0.0000    0.0000
 AT.   5 O  X    -0.0012    0.0450    0.0089    0.0134    0.0065    0.0215
            Y    -0.0574   -0.0110    0.0087   -0.0517    0.0187    0.0543
            Z     0.0215    0.0050   -0.0092    0.0487    0.0362   -0.0594
 AT.   6 O  X    -0.0020    0.0465   -0.0120    0.0169    0.0061    0.0184
            Y    -0.0574   -0.0109    0.0034   -0.0483    0.0213    0.0463
            Z    -0.0065   -0.0090   -0.0092    0.0191    0.0009   -0.0045
 AT.   7 O  X    -0.0016    0.0459    0.0030    0.0182    0.0085    0.0130
            Y    -0.0568   -0.0122   -0.0121   -0.0530    0.0203    0.0530
            Z    -0.0150    0.0039   -0.0092   -0.0679   -0.0371    0.0639
 AT.   8 O  X     0.0450   -0.0012   -0.0083    0.0065    0.0134    0.0384
            Y    -0.0110   -0.0574   -0.0096    0.0187   -0.0517   -0.0110
            Z     0.0050    0.0215    0.0717    0.0362    0.0487   -0.0253
 AT.   9 O  X     0.0465   -0.0020    0.0125    0.0061    0.0169    0.0347
            Y    -0.0109   -0.0574   -0.0024    0.0213   -0.0483   -0.0145
            Z    -0.0090   -0.0065    0.0717    0.0009    0.0191    0.0010
 AT.  10 O  X     0.0459   -0.0016   -0.0042    0.0085    0.0182    0.0334
            Y    -0.0122   -0.0568    0.0120    0.0203   -0.0530   -0.0096
            Z     0.0039   -0.0150    0.0717   -0.0371   -0.0679    0.0243

 FREQ(CM**-1)    187.92    191.62    227.82    277.78    277.78    290.83

 AT.   1 CA X     0.0282    0.0000    0.0000   -0.0332   -0.0332    0.0000
            Y    -0.0427    0.0000    0.0000   -0.0143   -0.0143    0.0000
            Z     0.0000    0.0064    0.0369    0.0000    0.0000    0.0619
 AT.   2 MG X     0.0024    0.0000    0.0000   -0.0389   -0.0389    0.0000
            Y     0.0040    0.0000    0.0000   -0.0565   -0.0565    0.0000
            Z     0.0000   -0.0002    0.0043    0.0000    0.0000    0.0967
 AT.   3 C  X     0.0351    0.0000    0.0000    0.0030    0.0093    0.0000
            Y    -0.0146    0.0000    0.0000   -0.0101    0.0085    0.0000
            Z     0.0000    0.0043    0.0598    0.0000    0.0000    0.0107
 AT.   4 C  X     0.0162    0.0000    0.0000    0.0093    0.0030    0.0000
            Y     0.0438    0.0000    0.0000    0.0085   -0.0101    0.0000
            Z     0.0000   -0.0076    0.0025    0.0000    0.0000    0.0161
 AT.   5 O  X     0.0384   -0.0023   -0.0319    0.0014    0.0072   -0.0072
            Y    -0.0110   -0.0039   -0.0435   -0.0144    0.0005   -0.0146
            Z    -0.0253    0.0059    0.0614   -0.0052    0.0431    0.0126
 AT.   6 O  X     0.0347    0.0046    0.0536   -0.0076    0.0194    0.0163
            Y    -0.0145   -0.0001   -0.0059   -0.0105    0.0069    0.0010
            Z     0.0010    0.0059    0.0614   -0.0594    0.0454    0.0126
 AT.   7 O  X     0.0334   -0.0022   -0.0217    0.0002    0.0188   -0.0090
            Y    -0.0096    0.0040    0.0494   -0.0047   -0.0068    0.0136
            Z     0.0243    0.0059    0.0614    0.0646   -0.0884    0.0126
 AT.   8 O  X     0.0215    0.0115    0.0154    0.0072    0.0014   -0.0018
            Y     0.0543    0.0153    0.0187    0.0005   -0.0144   -0.0071
            Z    -0.0594   -0.0098    0.0010    0.0431   -0.0052    0.0172
 AT.   9 O  X     0.0184   -0.0190   -0.0239    0.0194   -0.0076    0.0070
            Y     0.0463    0.0023    0.0040    0.0069   -0.0105    0.0020
            Z    -0.0045   -0.0098    0.0010    0.0454   -0.0594    0.0172
 AT.  10 O  X     0.0130    0.0075    0.0085    0.0188    0.0002   -0.0053
            Y     0.0530   -0.0176   -0.0227   -0.0068   -0.0047    0.0051
            Z     0.0639   -0.0098    0.0010   -0.0884    0.0646    0.0172

 FREQ(CM**-1)    339.46    339.46    408.97    408.97    421.48    481.36

 AT.   1 CA X    -0.0058   -0.0058    0.0040    0.0040    0.0000    0.0000
            Y    -0.0542   -0.0542    0.0080    0.0080    0.0000    0.0000
            Z     0.0000    0.0000    0.0000    0.0000   -0.0112   -0.0011
 AT.   2 MG X    -0.0005   -0.0005    0.0000    0.0000    0.0000    0.0000
            Y    -0.0032   -0.0032   -0.1118   -0.1118    0.0000    0.0000
            Z     0.0000    0.0000    0.0000    0.0000   -0.0064    0.0051
 AT.   3 C  X    -0.0202    0.0059   -0.0235    0.0162    0.0000    0.0000
            Y     0.0288    0.0317   -0.0038   -0.0199    0.0000    0.0000
            Z     0.0000    0.0000    0.0000    0.0000   -0.0358   -0.0559
 AT.   4 C  X     0.0059   -0.0202    0.0162   -0.0235    0.0000    0.0000
            Y     0.0317    0.0288   -0.0199   -0.0038    0.0000    0.0000
            Z     0.0000    0.0000    0.0000    0.0000    0.0519    0.0590
 AT.   5 O  X    -0.0207    0.0049   -0.0311    0.0301   -0.0135   -0.0179
            Y     0.0296    0.0299   -0.0094   -0.0106   -0.0140   -0.0157
            Z     0.0193    0.0662   -0.0236   -0.0125   -0.0236   -0.0279
 AT.   6 O  X    -0.0102    0.0099   -0.0181    0.0229    0.0189    0.0225
            Y     0.0305    0.0350   -0.0090   -0.0223   -0.0047   -0.0077
            Z     0.0557   -0.0214    0.0442   -0.0345   -0.0236   -0.0279
 AT.   7 O  X    -0.0146    0.0117   -0.0242    0.0164   -0.0053   -0.0046
            Y     0.0210    0.0281   -0.0205   -0.0102    0.0187    0.0234
            Z    -0.0750   -0.0448   -0.0206    0.0471   -0.0236   -0.0279
 AT.   8 O  X     0.0049   -0.0207    0.0301   -0.0311    0.0205    0.0190
            Y     0.0299    0.0296   -0.0106   -0.0094    0.0235    0.0168
            Z     0.0662    0.0193   -0.0125   -0.0236    0.0344    0.0296
 AT.   9 O  X     0.0099   -0.0102    0.0229   -0.0181   -0.0306   -0.0240
            Y     0.0350    0.0305   -0.0223   -0.0090    0.0060    0.0080
            Z    -0.0214    0.0557   -0.0345    0.0442    0.0344    0.0296
 AT.  10 O  X     0.0117   -0.0146    0.0164   -0.0242    0.0101    0.0051
            Y     0.0281    0.0210   -0.0102   -0.0205   -0.0295   -0.0248
            Z    -0.0448   -0.0750    0.0471   -0.0206    0.0344    0.0296

 FREQ(CM**-1)    744.41    744.41    749.42    749.42    899.04    911.14

 AT.   1 CA X     0.0011    0.0011    0.0002    0.0002    0.0000    0.0000
            Y    -0.0036   -0.0036   -0.0025   -0.0025    0.0000    0.0000
            Z     0.0000    0.0000    0.0000    0.0000   -0.0058   -0.0051
 AT.   2 MG X    -0.0001   -0.0001    0.0003    0.0003    0.0000    0.0000
            Y     0.0010    0.0010   -0.0125   -0.0125    0.0000    0.0000
            Z     0.0000    0.0000    0.0000    0.0000   -0.0058    0.0145
 AT.   3 C  X     0.0334    0.0322    0.0074    0.0365    0.0000    0.0000
            Y     0.0249   -0.0193   -0.0386    0.0230    0.0000    0.0000
            Z     0.0000    0.0000    0.0000    0.0000    0.0007   -0.1720
 AT.   4 C  X     0.0322    0.0334    0.0365    0.0074    0.0000    0.0000
            Y    -0.0193    0.0249    0.0230   -0.0386    0.0000    0.0000
            Z     0.0000    0.0000    0.0000    0.0000   -0.1745   -0.0015
 AT.   5 O  X    -0.0327    0.0409    0.0621   -0.0332   -0.0004    0.0070
            Y    -0.0727   -0.0392    0.0096   -0.0715    0.0004    0.0051
            Z    -0.0077   -0.0001    0.0054   -0.0135   -0.0005    0.0520
 AT.   6 O  X    -0.0532   -0.0712   -0.0353   -0.0517   -0.0001   -0.0079
            Y     0.0478   -0.0159   -0.0474    0.0476   -0.0005    0.0035
            Z     0.0065    0.0077    0.0091    0.0066   -0.0005    0.0520
 AT.   7 O  X     0.0613    0.0050   -0.0359    0.0607    0.0005    0.0009
            Y     0.0053    0.0695    0.0654    0.0041    0.0001   -0.0086
            Z     0.0012   -0.0076   -0.0145    0.0069   -0.0005    0.0520
 AT.   8 O  X     0.0409   -0.0327   -0.0332    0.0621    0.0050   -0.0003
            Y    -0.0392   -0.0727   -0.0715    0.0096    0.0046    0.0003
            Z    -0.0001   -0.0077   -0.0135    0.0054    0.0512    0.0001
 AT.   9 O  X    -0.0712   -0.0532   -0.0517   -0.0353   -0.0065   -0.0001
            Y    -0.0159    0.0478    0.0476   -0.0474    0.0020   -0.0004
            Z     0.0077    0.0065    0.0066    0.0091    0.0512    0.0001
 AT.  10 O  X     0.0050    0.0613    0.0607   -0.0359    0.0015    0.0004
            Y     0.0695    0.0053    0.0041    0.0654   -0.0066    0.0001
            Z    -0.0076    0.0012    0.0069   -0.0145    0.0512    0.0001

 FREQ(CM**-1)   1146.30   1147.70   1491.15   1491.15   1514.97   1514.97

 AT.   1 CA X     0.0000    0.0000   -0.0010   -0.0010    0.0001    0.0001
            Y     0.0000    0.0000    0.0015    0.0015    0.0000    0.0000
            Z    -0.0023   -0.0021    0.0000    0.0000    0.0000    0.0000
 AT.   2 MG X     0.0000    0.0000   -0.0012   -0.0012    0.0040    0.0040
            Y     0.0000    0.0000   -0.0021   -0.0021   -0.0021   -0.0021
            Z     0.0021   -0.0095    0.0000    0.0000    0.0000    0.0000
 AT.   3 C  X     0.0000    0.0000   -0.0011   -0.0011    0.0004   -0.0015
            Y     0.0000    0.0000   -0.1232   -0.1240    0.1232   -0.1240
            Z     0.0004   -0.0003    0.0000    0.0000    0.0000    0.0000
 AT.   4 C  X     0.0000    0.0000   -0.0011   -0.0011   -0.0015    0.0004
            Y     0.0000    0.0000   -0.1240   -0.1232   -0.1240    0.1232
            Z    -0.0002    0.0019    0.0000    0.0000    0.0000    0.0000
 AT.   5 O  X     0.0800   -0.0001   -0.0219   -0.0206    0.0231   -0.0214
            Y    -0.0628   -0.0002    0.0220    0.0234   -0.0234    0.0246
            Z    -0.0018   -0.0000    0.0010    0.0014    0.0001    0.0002
 AT.   6 O  X     0.0144    0.0002    0.0051    0.0060   -0.0063    0.0073
            Y     0.1007    0.0000    0.0525    0.0508   -0.0521    0.0505
            Z    -0.0018   -0.0000   -0.0012   -0.0016   -0.0006    0.0002
 AT.   7 O  X    -0.0944   -0.0001    0.0180    0.0164   -0.0165    0.0153
            Y    -0.0379    0.0002    0.0139    0.0141   -0.0123    0.0127
            Z    -0.0018   -0.0000    0.0002    0.0002    0.0004   -0.0004
 AT.   8 O  X    -0.0001    0.0802   -0.0206   -0.0219   -0.0214    0.0231
            Y    -0.0002   -0.0623    0.0234    0.0220    0.0246   -0.0234
            Z    -0.0000   -0.0020    0.0014    0.0010    0.0002    0.0001
 AT.   9 O  X     0.0002    0.0138    0.0060    0.0051    0.0073   -0.0063
            Y    -0.0000    0.1006    0.0508    0.0525    0.0505   -0.0521
            Z    -0.0000   -0.0020   -0.0016   -0.0012    0.0002   -0.0006
 AT.  10 O  X    -0.0001   -0.0940    0.0164    0.0180    0.0153   -0.0165
            Y     0.0002   -0.0383    0.0141    0.0139    0.0127   -0.0123
            Z    -0.0000   -0.0020    0.0002    0.0002   -0.0004    0.0004


  DISPERSION K POINT NUMBER    15 COORD:  C(  1  1  2 )    WEIGHT:    1.

    MODES         EIGV          FREQUENCIES     IRREP
             (HARTREE**2)   (CM**-1)     (THZ)
    1-   1    0.1422E-06     82.7490    2.4808  (  1)
    2-   2    0.3127E-06    122.7310    3.6794  (  1)
    3-   3    0.3359E-06    127.2003    3.8134  (  1)
    4-   4    0.4445E-06    146.3304    4.3869  (  1)
    5-   5    0.5868E-06    168.1293    5.0404  (  1)
    6-   6    0.8016E-06    196.5004    5.8909  (  1)
    7-   7    0.8536E-06    202.7678    6.0788  (  1)
    8-   8    0.9895E-06    218.3226    6.5451  (  1)
    9-   9    0.1218E-05    242.1935    7.2608  (  1)
   10-  10    0.1535E-05    271.8900    8.1511  (  1)
   11-  11    0.1744E-05    289.8116    8.6883  (  1)
   12-  12    0.2218E-05    326.8381    9.7984  (  1)
   13-  13    0.2381E-05    338.6361   10.1521  (  1)
   14-  14    0.2703E-05    360.8142   10.8169  (  1)
   15-  15    0.2964E-05    377.8303   11.3271  (  1)
   16-  16    0.3453E-05    407.8341   12.2266  (  1)
   17-  17    0.3585E-05    415.5506   12.4579  (  1)
   18-  18    0.3928E-05    435.0053   13.0411  (  1)
   19-  19    0.1117E-04    733.5119   21.9901  (  1)
   20-  20    0.1133E-04    738.9048   22.1518  (  1)
   21-  21    0.1152E-04    745.0742   22.3368  (  1)
   22-  22    0.1171E-04    751.0553   22.5161  (  1)
   23-  23    0.1652E-04    892.1167   26.7450  (  1)
   24-  24    0.1653E-04    892.2769   26.7498  (  1)
   25-  25    0.2719E-04   1144.3535   34.3069  (  1)
   26-  26    0.2726E-04   1145.9247   34.3540  (  1)
   27-  27    0.4647E-04   1496.1554   44.8536  (  1)
   28-  28    0.4914E-04   1538.5453   46.1244  (  1)
   29-  29    0.4939E-04   1542.4528   46.2416  (  1)
   30-  30    0.5257E-04   1591.2945   47.7058  (  1)

 MODES IN PHASE

 FREQ(CM**-1)     82.75    122.73    127.20    146.33    168.13    196.50

 AT.   1 CA X     0.0799   -0.0409   -0.0202   -0.0240   -0.0044    0.0202
            Y     0.0410   -0.0241    0.0380    0.0551    0.0075   -0.0255
            Z     0.0200    0.0244    0.0906   -0.0340   -0.0003    0.0037
 AT.   2 MG X    -0.0219   -0.0151   -0.0042    0.0074    0.0003    0.0092
            Y     0.0010    0.0035   -0.0309    0.0298   -0.0069    0.0015
            Z    -0.0169    0.0438   -0.0165   -0.0243    0.0149   -0.0154
 AT.   3 C  X     0.0524    0.0170   -0.0132    0.0122    0.0010    0.0008
            Y    -0.0204   -0.0240    0.0449    0.0182    0.0056    0.0248
            Z     0.0109   -0.0236    0.0359    0.0051    0.0047   -0.0434
 AT.   4 C  X    -0.0333    0.0007    0.0066    0.0165   -0.0218    0.0075
            Y     0.0140   -0.0237   -0.0344    0.0414   -0.0030    0.0297
            Z    -0.0123   -0.0204   -0.0244   -0.0378   -0.0195   -0.0283
 AT.   5 O  X     0.0760    0.0289   -0.0035    0.0024   -0.0134    0.0279
            Y     0.0107   -0.0091    0.0544    0.0048   -0.0126    0.0627
            Z     0.0239   -0.0480    0.0370   -0.0259    0.0087   -0.0772
 AT.   6 O  X     0.0120    0.0010   -0.0294    0.0338    0.0229   -0.0469
            Y    -0.0157   -0.0218    0.0461    0.0174    0.0014    0.0296
            Z     0.0047    0.0539    0.0362    0.0358    0.0321   -0.0673
 AT.   7 O  X    -0.0338    0.0002    0.0084    0.0086    0.0080    0.0027
            Y     0.0257   -0.0248   -0.0371    0.0098    0.0439    0.0193
            Z    -0.0130    0.0237   -0.0098   -0.0405    0.0500    0.0228
 AT.   8 O  X     0.0752    0.0058   -0.0036   -0.0160    0.0141   -0.0094
            Y     0.0107   -0.0187    0.0544   -0.0430    0.0181   -0.0064
            Z     0.0252   -0.0276    0.0371    0.0370   -0.0158    0.0337
 AT.   9 O  X     0.0108    0.0270   -0.0293    0.0263   -0.0366   -0.0272
            Y    -0.0154   -0.0086    0.0461   -0.0270   -0.0019   -0.0062
            Z     0.0037    0.0605    0.0363    0.0691   -0.0351   -0.0470
 AT.  10 O  X    -0.0394    0.0189    0.0084    0.0158   -0.0086    0.0180
            Y     0.0305   -0.0607   -0.0370    0.0404   -0.0335    0.0039
            Z    -0.0107   -0.0278   -0.0097   -0.0306   -0.0482    0.0310

 FREQ(CM**-1)    202.77    218.32    242.19    271.89    289.81    326.84

 AT.   1 CA X    -0.0249   -0.0087   -0.0194   -0.0087    0.0142   -0.0177
            Y    -0.0130    0.0008    0.0017   -0.0015    0.0080    0.0008
            Z     0.0373   -0.0086   -0.0289    0.0036   -0.0108   -0.0403
 AT.   2 MG X    -0.0236    0.0130    0.0053    0.0608    0.0348    0.0093
            Y     0.0168   -0.0057   -0.0026   -0.0278    0.0398   -0.0552
            Z     0.0268    0.0130    0.0009    0.0246   -0.0478   -0.0364
 AT.   3 C  X     0.0031    0.0538    0.0117   -0.0046    0.0227   -0.0076
            Y     0.0144    0.0011    0.0357    0.0002   -0.0042   -0.0343
            Z     0.0191    0.0172   -0.0135   -0.0051   -0.0045   -0.0003
 AT.   4 C  X    -0.0321    0.0190   -0.0184    0.0005    0.0226   -0.0108
            Y     0.0297   -0.0109   -0.0353    0.0451    0.0119   -0.0388
            Z     0.0329    0.0133    0.0115   -0.0239   -0.0216   -0.0032
 AT.   5 O  X    -0.0056    0.0496    0.0198   -0.0169    0.0063   -0.0062
            Y     0.0044   -0.0106    0.0482   -0.0147   -0.0319   -0.0337
            Z    -0.0332   -0.0463   -0.0669    0.0154    0.0385   -0.0321
 AT.   6 O  X     0.0118    0.0827   -0.0026    0.0021    0.0442    0.0071
            Y     0.0137   -0.0048    0.0365   -0.0031   -0.0058   -0.0391
            Z     0.0522    0.0674   -0.0247   -0.0197   -0.0805   -0.0023
 AT.   7 O  X    -0.0412   -0.0356    0.0272    0.0054   -0.0309   -0.0270
            Y     0.0270   -0.0128   -0.0176   -0.0507   -0.0060    0.0110
            Z     0.0475   -0.0019    0.0117    0.0523    0.0032    0.0328
 AT.   8 O  X     0.0453   -0.0487    0.0500    0.0145   -0.0186    0.0289
            Y    -0.0131    0.0223    0.0274   -0.0003    0.0267    0.0471
            Z    -0.0152    0.0297   -0.0634    0.0006   -0.0343    0.0858
 AT.   9 O  X     0.0257   -0.0935    0.0229   -0.0092   -0.0520    0.0010
            Y    -0.0171    0.0112    0.0131   -0.0096    0.0010    0.0407
            Z     0.0260   -0.0804    0.0160    0.0064    0.0843    0.0115
 AT.  10 O  X    -0.0458    0.0094   -0.0190   -0.0025    0.0273   -0.0148
            Y     0.0592    0.0047   -0.0320    0.0527   -0.0091   -0.0204
            Z     0.0917   -0.0194   -0.0656   -0.0569   -0.0269    0.0351

 FREQ(CM**-1)    338.64    360.81    377.83    407.83    415.55    435.01

 AT.   1 CA X     0.0302   -0.0046   -0.0014    0.0028   -0.0079   -0.0046
            Y    -0.0168   -0.0093   -0.0322   -0.0016    0.0057    0.0099
            Z     0.0126    0.0007   -0.0311   -0.0084    0.0025    0.0089
 AT.   2 MG X    -0.0200   -0.0088    0.0451   -0.0797   -0.0270    0.1193
            Y     0.0264   -0.0275   -0.0375    0.0850   -0.1038    0.0705
            Z     0.0052   -0.0085    0.0056    0.0778    0.1029    0.0877
 AT.   3 C  X    -0.0248   -0.0105   -0.0002    0.0091    0.0275   -0.0030
            Y    -0.0370    0.0252    0.0018    0.0106   -0.0088   -0.0130
            Z    -0.0190   -0.0291    0.0599   -0.0004   -0.0224    0.0005
 AT.   4 C  X    -0.0160    0.0047    0.0136    0.0042    0.0275   -0.0029
            Y    -0.0335    0.0294    0.0159    0.0222   -0.0064   -0.0130
            Z    -0.0338   -0.0108    0.0448    0.0085   -0.0239    0.0006
 AT.   5 O  X    -0.0329   -0.0310    0.0392    0.0060    0.0248    0.0075
            Y    -0.0412    0.0015    0.0474    0.0073   -0.0132   -0.0058
            Z    -0.0670   -0.0103    0.0429    0.0284    0.0062   -0.0059
 AT.   6 O  X    -0.0049    0.0365   -0.0459   -0.0033    0.0347   -0.0094
            Y    -0.0360    0.0234    0.0074    0.0126   -0.0082   -0.0085
            Z     0.0041    0.0372    0.0468   -0.0265   -0.0850   -0.0019
 AT.   7 O  X     0.0294   -0.0152    0.0002   -0.0018   -0.0096   -0.0213
            Y     0.0335   -0.0188    0.0569   -0.0216   -0.0015    0.0131
            Z    -0.0493    0.0388   -0.0217    0.0358   -0.0291   -0.0529
 AT.   8 O  X     0.0085    0.0373   -0.0036   -0.0112    0.0001    0.0320
            Y     0.0405    0.0050    0.0026    0.0131    0.0008    0.0154
            Z     0.0024    0.0184   -0.0255    0.0126   -0.0121    0.0340
 AT.   9 O  X    -0.0577   -0.0382   -0.0291   -0.0198   -0.0103    0.0081
            Y     0.0074   -0.0196   -0.0208    0.0132   -0.0104    0.0147
            Z     0.0635   -0.0384    0.0507    0.0336    0.0401   -0.0273
 AT.  10 O  X    -0.0317    0.0074    0.0257    0.0059    0.0190   -0.0009
            Y     0.0048    0.0296   -0.0143    0.0230    0.0382   -0.0255
            Z     0.0058   -0.0616    0.0334   -0.0167    0.0228    0.0190

 FREQ(CM**-1)    733.51    738.90    745.07    751.06    892.12    892.28

 AT.   1 CA X    -0.0000    0.0084    0.0022    0.0012   -0.0024    0.0016
            Y    -0.0000   -0.0001   -0.0053    0.0013   -0.0010    0.0016
            Z     0.0000   -0.0024    0.0066   -0.0013    0.0032    0.0029
 AT.   2 MG X     0.0004    0.0074   -0.0003    0.0069   -0.0009    0.0002
            Y    -0.0034   -0.0085    0.0002    0.0069    0.0018    0.0021
            Z    -0.0008    0.0010    0.0003   -0.0091   -0.0034    0.0054
 AT.   3 C  X     0.0428    0.0385   -0.0390    0.0220    0.0051   -0.0006
            Y     0.0302    0.0363    0.0405   -0.0255    0.0053   -0.0038
            Z    -0.0035    0.0053   -0.0005    0.0076    0.1778    0.0722
 AT.   4 C  X     0.0200   -0.0108    0.0386    0.0101   -0.0000   -0.0047
            Y     0.0137   -0.0266   -0.0406   -0.0229   -0.0042   -0.0047
            Z    -0.0014   -0.0016    0.0007   -0.0093   -0.0720    0.1778
 AT.   5 O  X    -0.0469   -0.0552   -0.0650    0.0441   -0.0013   -0.0021
            Y    -0.0989   -0.0938    0.0468   -0.0158   -0.0015   -0.0027
            Z    -0.0163   -0.0171    0.0040   -0.0011   -0.0496   -0.0198
 AT.   6 O  X    -0.0700   -0.0551    0.0973   -0.0523    0.0059    0.0021
            Y     0.0664    0.0687    0.0333   -0.0253   -0.0064    0.0013
            Z     0.0103    0.0066   -0.0156    0.0110   -0.0487   -0.0225
 AT.   7 O  X    -0.0396   -0.0444   -0.0034    0.0329    0.0015    0.0016
            Y    -0.0092    0.0256    0.0474   -0.1033   -0.0019    0.0016
            Z     0.0001   -0.0080   -0.0065    0.0165    0.0239   -0.0304
 AT.   8 O  X     0.0469   -0.0553   -0.0406   -0.0805   -0.0015    0.0044
            Y     0.0989   -0.0937    0.0306    0.0148   -0.0015    0.0029
            Z     0.0163   -0.0171    0.0007   -0.0049   -0.0494    0.0245
 AT.   9 O  X     0.0699   -0.0550    0.0608    0.0784    0.0061   -0.0043
            Y    -0.0665    0.0688    0.0194    0.0543   -0.0063    0.0005
            Z    -0.0103    0.0066   -0.0067   -0.0129   -0.0484    0.0230
 AT.  10 O  X     0.0399   -0.0437   -0.0030   -0.0231    0.0008    0.0017
            Y     0.0092    0.0256    0.1043    0.0490   -0.0010    0.0039
            Z    -0.0001   -0.0079   -0.0128   -0.0075    0.0194   -0.0488

 FREQ(CM**-1)   1144.35   1145.92   1496.16   1538.55   1542.45   1591.29

 AT.   1 CA X    -0.0006   -0.0001   -0.0000   -0.0008    0.0003    0.0006
            Y    -0.0031   -0.0005    0.0001   -0.0000   -0.0009    0.0009
            Z     0.0006   -0.0006   -0.0001    0.0001    0.0015   -0.0010
 AT.   2 MG X     0.0009   -0.0075    0.0008   -0.0044    0.0016   -0.0014
            Y     0.0009   -0.0075    0.0005    0.0017   -0.0042   -0.0020
            Z    -0.0041   -0.0051   -0.0013    0.0048    0.0026    0.0011
 AT.   3 C  X     0.0004   -0.0012    0.1556    0.0457   -0.0353    0.0630
            Y     0.0001   -0.0028   -0.0711    0.0019   -0.0210    0.1592
            Z     0.0007   -0.0007    0.0013    0.0030    0.0021    0.0033
 AT.   4 C  X    -0.0007   -0.0033    0.0498   -0.0617    0.1578    0.0102
            Y     0.0007   -0.0012   -0.0555    0.1506    0.0697   -0.0166
            Z    -0.0011   -0.0001   -0.0003   -0.0014   -0.0051    0.0017
 AT.   5 O  X     0.0118    0.0402   -0.0589   -0.0126    0.0050    0.0082
            Y    -0.0101   -0.0317    0.0415    0.0091   -0.0023   -0.0244
            Z    -0.0005   -0.0001   -0.0007   -0.0026   -0.0009   -0.0038
 AT.   6 O  X     0.0004    0.0059   -0.0054   -0.0020    0.0040   -0.0145
            Y     0.0149    0.0519    0.0231   -0.0041    0.0124   -0.0710
            Z     0.0001   -0.0007    0.0000   -0.0021   -0.0031   -0.0004
 AT.   7 O  X     0.0885    0.0934    0.0182    0.0042    0.0500    0.0317
            Y     0.0358    0.0373    0.0033    0.0120    0.0231    0.0184
            Z     0.0010    0.0024    0.0013   -0.0031   -0.0020    0.0026
 AT.   8 O  X     0.0406   -0.0109    0.0590   -0.0034    0.0214   -0.0028
            Y    -0.0317    0.0097   -0.0420    0.0061   -0.0079    0.0185
            Z    -0.0013   -0.0002    0.0005    0.0023   -0.0021    0.0041
 AT.   9 O  X     0.0047   -0.0013    0.0050    0.0027    0.0085    0.0111
            Y     0.0507   -0.0164   -0.0255    0.0257    0.0169    0.0566
            Z    -0.0005    0.0003    0.0000    0.0016    0.0002    0.0017
 AT.  10 O  X     0.0951   -0.0869   -0.0096    0.0022   -0.0695   -0.0031
            Y     0.0383   -0.0347   -0.0008   -0.0108   -0.0306   -0.0021
            Z     0.0009   -0.0020   -0.0013    0.0035    0.0026   -0.0004

 MODES IN ANTI-PHASE

 FREQ(CM**-1)     82.75    122.73    127.20    146.33    168.13    196.50

 AT.   1 CA X     0.0040    0.0143    0.0001    0.0158    0.0478   -0.0139
            Y     0.0021    0.0084   -0.0001   -0.0363   -0.0818    0.0176
            Z     0.0010   -0.0085   -0.0003    0.0224    0.0030   -0.0026
 AT.   2 MG X    -0.0427   -0.0130   -0.0072    0.0037   -0.0001    0.0044
            Y     0.0020    0.0030   -0.0532    0.0149    0.0032    0.0007
            Z    -0.0330    0.0378   -0.0283   -0.0122   -0.0069   -0.0073
 AT.   3 C  X    -0.0033   -0.0018    0.0000    0.0115    0.0295    0.0090
            Y     0.0026   -0.0204   -0.0140    0.0381    0.0087    0.0181
            Z    -0.0074   -0.0171   -0.0076   -0.0511    0.0296   -0.0011
 AT.   4 C  X     0.0406    0.0171   -0.0115    0.0029   -0.0199   -0.0050
            Y    -0.0151   -0.0207    0.0321   -0.0082   -0.0099    0.0078
            Z     0.0045   -0.0208    0.0274    0.0347   -0.0228   -0.0329
 AT.   5 O  X    -0.0037    0.0272    0.0144    0.0185   -0.0047    0.0206
            Y     0.0010    0.0186    0.0049    0.0488   -0.0311    0.0306
            Z     0.0138   -0.0161   -0.0161   -0.0514    0.0398   -0.0653
 AT.   6 O  X    -0.0104   -0.0421   -0.0151   -0.0142    0.0777    0.0113
            Y     0.0019   -0.0137   -0.0114    0.0369    0.0024    0.0179
            Z    -0.0093   -0.0294   -0.0130   -0.0599    0.0193    0.0247
 AT.   7 O  X    -0.0572   -0.0301    0.0025   -0.0135    0.0041   -0.0182
            Y     0.0487    0.0665   -0.0136   -0.0398   -0.0528    0.0031
            Z     0.0220    0.0746   -0.0284    0.0159   -0.0055   -0.0245
 AT.   8 O  X     0.0113   -0.0393   -0.0144   -0.0095   -0.0022   -0.0334
            Y     0.0000   -0.0089   -0.0052   -0.0237   -0.0282   -0.0694
            Z    -0.0113    0.0425    0.0158    0.0441    0.0376    0.0954
 AT.   9 O  X     0.0116    0.0323    0.0153   -0.0255    0.0722    0.0398
            Y    -0.0035    0.0243    0.0111   -0.0305    0.0021   -0.0340
            Z     0.0097   -0.0105    0.0128   -0.0093    0.0132    0.0542
 AT.  10 O  X     0.0535    0.0234   -0.0026   -0.0026    0.0026    0.0040
            Y    -0.0459   -0.0367    0.0138    0.0067   -0.0599   -0.0192
            Z    -0.0232   -0.0732    0.0284    0.0309   -0.0145   -0.0126

 FREQ(CM**-1)    202.77    218.32    242.19    271.89    289.81    326.84

 AT.   1 CA X     0.0161   -0.0284   -0.0135   -0.0600    0.0395    0.0251
            Y     0.0084    0.0026    0.0012   -0.0107    0.0222   -0.0011
            Z    -0.0241   -0.0281   -0.0202    0.0250   -0.0301    0.0570
 AT.   2 MG X    -0.0121   -0.0140   -0.0612   -0.0479   -0.0410    0.0009
            Y     0.0086    0.0061    0.0303    0.0219   -0.0469   -0.0051
            Z     0.0138   -0.0140   -0.0108   -0.0194    0.0564   -0.0033
 AT.   3 C  X    -0.0418   -0.0229    0.0398   -0.0017   -0.0267   -0.0184
            Y     0.0263    0.0109    0.0009   -0.0464   -0.0114   -0.0278
            Z     0.0267   -0.0145    0.0102    0.0233    0.0227   -0.0160
 AT.   4 C  X     0.0269   -0.0552    0.0372    0.0049   -0.0267    0.0167
            Y    -0.0036   -0.0003   -0.0052    0.0107    0.0023    0.0211
            Z    -0.0000   -0.0182    0.0124   -0.0005    0.0082    0.0156
 AT.   5 O  X    -0.0523   -0.0136    0.0460   -0.0062   -0.0216   -0.0284
            Y     0.0164    0.0241    0.0115   -0.0508    0.0033   -0.0381
            Z     0.0016   -0.0155   -0.0430    0.0545   -0.0072   -0.0797
 AT.   6 O  X    -0.0228   -0.0446    0.0253   -0.0255   -0.0281   -0.0035
            Y     0.0250    0.0130    0.0006   -0.0444   -0.0055   -0.0293
            Z    -0.0049   -0.0439    0.0261   -0.0442    0.0348   -0.0114
 AT.   7 O  X     0.0317   -0.0360   -0.0302    0.0093    0.0053    0.0253
            Y    -0.0528   -0.0105   -0.0277    0.0147   -0.0217    0.0177
            Z    -0.0792   -0.0374   -0.0741   -0.0238   -0.0384   -0.0489
 AT.   8 O  X     0.0266    0.0165    0.0028   -0.0108   -0.0127   -0.0036
            Y    -0.0108    0.0140    0.0413   -0.0529   -0.0177    0.0191
            Z     0.0296   -0.0387   -0.0480    0.0566    0.0189    0.0037
 AT.   9 O  X    -0.0013    0.0093   -0.0111   -0.0238    0.0063   -0.0078
            Y    -0.0228    0.0081    0.0341   -0.0434   -0.0079    0.0271
            Z    -0.0456    0.0013   -0.0322   -0.0480   -0.0242   -0.0016
 AT.  10 O  X     0.0245   -0.0498    0.0359    0.0105   -0.0155    0.0339
            Y    -0.0028   -0.0159   -0.0070   -0.0002   -0.0206   -0.0045
            Z    -0.0106   -0.0320    0.0365   -0.0081   -0.0276   -0.0472

 FREQ(CM**-1)    338.64    360.81    377.83    407.83    415.55    435.01

 AT.   1 CA X    -0.0352    0.0350    0.0013   -0.0090    0.0117    0.0080
            Y     0.0196    0.0707    0.0292    0.0053   -0.0084   -0.0172
            Z    -0.0146   -0.0055    0.0283    0.0273   -0.0037   -0.0154
 AT.   2 MG X    -0.0038    0.0036    0.0144    0.0183   -0.0019   -0.0002
            Y     0.0050    0.0114   -0.0120   -0.0195   -0.0074   -0.0001
            Z     0.0010    0.0035    0.0018   -0.0179    0.0073   -0.0002
 AT.   3 C  X     0.0196   -0.0172    0.0237    0.0090    0.0022   -0.0251
            Y     0.0029   -0.0163    0.0249   -0.0290    0.0160   -0.0055
            Z    -0.0444   -0.0139   -0.0069   -0.0203   -0.0125   -0.0278
 AT.   4 C  X    -0.0273    0.0196   -0.0194   -0.0120    0.0017    0.0251
            Y    -0.0161   -0.0063   -0.0192    0.0214   -0.0171    0.0055
            Z     0.0345    0.0304    0.0404    0.0185    0.0092    0.0278
 AT.   5 O  X    -0.0035   -0.0283    0.0074    0.0112   -0.0100   -0.0414
            Y    -0.0346   -0.0252    0.0019   -0.0342    0.0045   -0.0145
            Z     0.0079   -0.0328    0.0297   -0.0644    0.0106   -0.0359
 AT.   6 O  X     0.0591    0.0115    0.0248    0.0401   -0.0028   -0.0040
            Y    -0.0020   -0.0116    0.0216   -0.0420    0.0145   -0.0121
            Z    -0.0649    0.0092   -0.0464   -0.0207   -0.0091    0.0327
 AT.   7 O  X     0.0275    0.0284   -0.0258   -0.0080   -0.0166    0.0135
            Y    -0.0100   -0.0441    0.0198   -0.0092   -0.0406    0.0219
            Z     0.0017    0.0933   -0.0356   -0.0230   -0.0129    0.0089
 AT.   8 O  X     0.0320   -0.0193   -0.0398    0.0059   -0.0268   -0.0273
            Y     0.0355   -0.0248   -0.0474   -0.0324    0.0139   -0.0022
            Z     0.0675   -0.0290   -0.0456   -0.0693   -0.0018   -0.0130
 AT.   9 O  X     0.0138    0.0017    0.0433    0.0351   -0.0332    0.0061
            Y     0.0353   -0.0173   -0.0094   -0.0418    0.0130    0.0012
            Z    -0.0139   -0.0007   -0.0422   -0.0023    0.0755    0.0181
 AT.  10 O  X    -0.0249    0.0313    0.0023   -0.0056    0.0028    0.0252
            Y    -0.0346   -0.0377   -0.0585    0.0045   -0.0137   -0.0003
            Z     0.0490    0.0801    0.0249   -0.0391    0.0222    0.0502

 FREQ(CM**-1)    733.51    738.90    745.07    751.06    892.12    892.28

 AT.   1 CA X     0.0025   -0.0000    0.0012    0.0023    0.0001   -0.0008
            Y     0.0031    0.0000   -0.0028    0.0025    0.0001   -0.0008
            Z    -0.0018    0.0000    0.0035   -0.0025   -0.0002   -0.0015
 AT.   2 MG X    -0.0002    0.0127   -0.0072   -0.0109   -0.0015    0.0001
            Y     0.0019   -0.0145    0.0067   -0.0110    0.0028    0.0014
            Z     0.0005    0.0017    0.0091    0.0144   -0.0053    0.0035
 AT.   3 C  X     0.0018    0.0093   -0.0047   -0.0217    0.0022   -0.0049
            Y     0.0018   -0.0100   -0.0030    0.0376   -0.0022   -0.0034
            Z    -0.0004    0.0011    0.0028    0.0067    0.0004    0.1625
 AT.   4 C  X    -0.0379    0.0381   -0.0076   -0.0292    0.0056    0.0014
            Y    -0.0270    0.0267    0.0000    0.0392    0.0039   -0.0021
            Z     0.0033    0.0052    0.0027   -0.0040    0.1626   -0.0001
 AT.   5 O  X    -0.0074    0.0155   -0.0049   -0.0673    0.0019   -0.0069
            Y    -0.0013   -0.0111    0.0053    0.0072    0.0003   -0.0056
            Z    -0.0024    0.0012   -0.0018   -0.0067    0.0002   -0.0447
 AT.   6 O  X     0.0074   -0.0179    0.0074    0.0592   -0.0025    0.0068
            Y     0.0063   -0.0091    0.0008    0.0485   -0.0004    0.0004
            Z     0.0004    0.0021    0.0026   -0.0081    0.0001   -0.0447
 AT.   7 O  X    -0.0751   -0.0712   -0.0013   -0.0054    0.0060   -0.0008
            Y     0.0023   -0.0019    0.0939   -0.0114   -0.0085   -0.0036
            Z    -0.0050   -0.0068   -0.0111    0.0023    0.0426    0.0383
 AT.   8 O  X    -0.0073   -0.0151   -0.0510   -0.0017   -0.0017    0.0057
            Y    -0.0009    0.0119    0.0357   -0.0089   -0.0001    0.0055
            Z    -0.0024   -0.0011    0.0043   -0.0047    0.0050    0.0423
 AT.   9 O  X     0.0077    0.0184    0.0763   -0.0097    0.0018   -0.0057
            Y     0.0060    0.0085    0.0271    0.0066    0.0011   -0.0013
            Z     0.0004   -0.0022   -0.0144    0.0045    0.0049    0.0445
 AT.  10 O  X    -0.0749    0.0715   -0.0021    0.0241   -0.0061   -0.0008
            Y     0.0024    0.0016   -0.0136   -0.0916    0.0087    0.0008
            Z    -0.0050    0.0069    0.0008    0.0149   -0.0449    0.0021

 FREQ(CM**-1)   1144.35   1145.92   1496.16   1538.55   1542.45   1591.29

 AT.   1 CA X     0.0001    0.0005   -0.0003   -0.0044    0.0007    0.0017
            Y     0.0006    0.0028    0.0013   -0.0001   -0.0020    0.0025
            Z    -0.0001    0.0032   -0.0012    0.0005    0.0033   -0.0028
 AT.   2 MG X     0.0011    0.0026   -0.0006    0.0037   -0.0022    0.0016
            Y     0.0010    0.0026   -0.0004   -0.0014    0.0058    0.0024
            Z    -0.0048    0.0018    0.0010   -0.0041   -0.0037   -0.0013
 AT.   3 C  X    -0.0007    0.0038    0.0005    0.0704   -0.1548   -0.0211
            Y     0.0008   -0.0015    0.0344   -0.1525   -0.0665   -0.0104
            Z    -0.0011   -0.0006    0.0007    0.0020    0.0047   -0.0023
 AT.   4 C  X     0.0003   -0.0023   -0.1474   -0.0569   -0.0166   -0.0656
            Y     0.0002    0.0029    0.0562    0.0238   -0.0016   -0.1587
            Z     0.0005    0.0009   -0.0014   -0.0033   -0.0005   -0.0037
 AT.   5 O  X    -0.0803   -0.0718    0.0061   -0.0439    0.0328    0.0054
            Y     0.0606    0.0536   -0.0070    0.0422   -0.0124   -0.0004
            Z     0.0022    0.0009   -0.0014   -0.0002   -0.0035    0.0018
 AT.   6 O  X    -0.0119   -0.0114   -0.0015    0.0024    0.0148   -0.0000
            Y    -0.0999   -0.0863   -0.0143    0.0629    0.0332    0.0030
            Z     0.0017    0.0011    0.0004   -0.0012   -0.0025    0.0022
 AT.   7 O  X    -0.0347    0.0002    0.0430    0.0176   -0.0485    0.0333
            Y    -0.0137   -0.0001    0.0128    0.0014   -0.0205    0.0189
            Z     0.0000   -0.0005    0.0001    0.0017    0.0016    0.0025
 AT.   8 O  X     0.0703   -0.0816   -0.0054   -0.0456    0.0253    0.0094
            Y    -0.0526    0.0615    0.0012    0.0427   -0.0099   -0.0159
            Z    -0.0018    0.0009   -0.0015   -0.0011   -0.0030   -0.0011
 AT.   9 O  X     0.0109   -0.0128   -0.0025    0.0016    0.0127   -0.0093
            Y     0.0874   -0.0994   -0.0096    0.0576    0.0312   -0.0430
            Z    -0.0016    0.0013    0.0004   -0.0018   -0.0040    0.0015
 AT.  10 O  X    -0.0004   -0.0343    0.0458    0.0180    0.0057    0.0459
            Y    -0.0004   -0.0139    0.0133    0.0054    0.0040    0.0263
            Z    -0.0004   -0.0014    0.0004    0.0006   -0.0004    0.0036


  DISPERSION K POINT NUMBER    16 COORD:  C(  1  2  0 )    WEIGHT:    1.

    MODES         EIGV          FREQUENCIES     IRREP
             (HARTREE**2)   (CM**-1)     (THZ)
    1-   1    0.2140E-06    101.5241    3.0436  (  1)
    2-   2    0.3635E-06    132.3274    3.9671  (  1)
    3-   3    0.4768E-06    151.5476    4.5433  (  1)
    4-   4    0.5127E-06    157.1553    4.7114  (  1)
    5-   5    0.5476E-06    162.4110    4.8690  (  1)
    6-   6    0.7402E-06    188.8222    5.6607  (  1)
    7-   7    0.1004E-05    219.9135    6.5928  (  1)
    8-   8    0.1259E-05    246.2834    7.3834  (  1)
    9-   9    0.1287E-05    248.9489    7.4633  (  1)
   10-  10    0.1512E-05    269.8991    8.0914  (  1)
   11-  11    0.2012E-05    311.3107    9.3329  (  1)
   12-  12    0.2050E-05    314.2727    9.4217  (  1)
   13-  13    0.2391E-05    339.4037   10.1751  (  1)
   14-  14    0.2479E-05    345.5855   10.3604  (  1)
   15-  15    0.2814E-05    368.1898   11.0381  (  1)
   16-  16    0.3384E-05    403.7407   12.1038  (  1)
   17-  17    0.3558E-05    413.9672   12.4104  (  1)
   18-  18    0.3619E-05    417.4956   12.5162  (  1)
   19-  19    0.1117E-04    733.5227   21.9905  (  1)
   20-  20    0.1140E-04    740.9833   22.2141  (  1)
   21-  21    0.1141E-04    741.2695   22.2227  (  1)
   22-  22    0.1145E-04    742.6572   22.2643  (  1)
   23-  23    0.1642E-04    889.3751   26.6628  (  1)
   24-  24    0.1642E-04    889.4364   26.6646  (  1)
   25-  25    0.2719E-04   1144.3472   34.3067  (  1)
   26-  26    0.2719E-04   1144.3560   34.3069  (  1)
   27-  27    0.4793E-04   1519.4267   45.5513  (  1)
   28-  28    0.4862E-04   1530.3248   45.8780  (  1)
   29-  29    0.5134E-04   1572.5944   47.1452  (  1)
   30-  30    0.5393E-04   1611.7039   48.3177  (  1)

 MODES IN PHASE

 FREQ(CM**-1)    101.52    132.33    151.55    157.16    162.41    188.82

 AT.   1 CA X     0.0439    0.0524    0.0092   -0.0487    0.0383    0.0215
            Y     0.0072   -0.0621    0.0845   -0.0316   -0.0050   -0.0331
            Z     0.0088    0.0172    0.0380    0.0403    0.0860   -0.0337
 AT.   2 MG X     0.0020   -0.0313    0.0359   -0.0013   -0.0193   -0.0155
            Y     0.0144    0.0211    0.0261   -0.0219    0.0208   -0.0096
            Z     0.0408    0.0070   -0.0240   -0.0133   -0.0041   -0.0499
 AT.   3 C  X    -0.0168    0.0052    0.0243   -0.0007    0.0373    0.0059
            Y    -0.0013    0.0250   -0.0211   -0.0355    0.0149    0.0120
            Z     0.0269   -0.0256   -0.0232   -0.0128    0.0415    0.0316
 AT.   4 C  X    -0.0172   -0.0061    0.0067   -0.0010   -0.0326   -0.0132
            Y    -0.0052   -0.0067    0.0281   -0.0365   -0.0191    0.0298
            Z     0.0376    0.0062   -0.0152    0.0064   -0.0316    0.0451
 AT.   5 O  X    -0.0231    0.0300    0.0505   -0.0032    0.0220    0.0009
            Y    -0.0122    0.0583    0.0164   -0.0362   -0.0055   -0.0017
            Z     0.0947   -0.0223   -0.0209    0.0176    0.0433   -0.0081
 AT.   6 O  X    -0.0280    0.0629   -0.0253   -0.0083   -0.0204    0.0054
            Y     0.0118   -0.0273   -0.0088    0.0236    0.0054   -0.0303
            Z    -0.0607    0.0195    0.0450    0.0034   -0.0078    0.0018
 AT.   7 O  X    -0.0104    0.0031   -0.0187   -0.0052   -0.0095   -0.0273
            Y     0.0298   -0.0244    0.0693    0.0142   -0.0373    0.0349
            Z     0.0351    0.0253    0.0398    0.0768    0.0098    0.0424
 AT.   8 O  X     0.0312    0.0312    0.0486   -0.0033    0.0197    0.0329
            Y     0.0431    0.0602    0.0143    0.0076   -0.0106   -0.0129
            Z    -0.0042   -0.0244   -0.0129   -0.0341    0.0520   -0.0528
 AT.   9 O  X     0.0335    0.0622   -0.0174   -0.0005    0.0122   -0.0116
            Y    -0.0048   -0.0266   -0.0016    0.0206    0.0122   -0.0022
            Z     0.0170    0.0182    0.0393    0.0398    0.0294   -0.0532
 AT.  10 O  X    -0.0281    0.0019   -0.0090   -0.0026   -0.0190   -0.0191
            Y     0.0168   -0.0229    0.0619   -0.0272   -0.0444    0.0456
            Z    -0.0081    0.0265    0.0310    0.0137   -0.0048    0.0877

 FREQ(CM**-1)    219.91    246.28    248.95    269.90    311.31    314.27

 AT.   1 CA X    -0.0008   -0.0120   -0.0025    0.0039    0.0343   -0.0197
            Y    -0.0055    0.0062    0.0069    0.0013   -0.0552   -0.0166
            Z     0.0436    0.0117   -0.0213   -0.0039    0.0352    0.0015
 AT.   2 MG X    -0.0218    0.0202   -0.0074    0.0020    0.0747    0.0225
            Y     0.0141   -0.0060   -0.0232    0.0191   -0.0353    0.0330
            Z    -0.0195    0.0139    0.0161   -0.0324   -0.0243    0.0089
 AT.   3 C  X    -0.0052    0.0400    0.0232   -0.0225    0.0088   -0.0029
            Y     0.0318    0.0136   -0.0189    0.0297   -0.0372    0.0256
            Z    -0.0094   -0.0011   -0.0169    0.0097    0.0156    0.0003
 AT.   4 C  X     0.0275    0.0117    0.0161    0.0273   -0.0227   -0.0082
            Y    -0.0245   -0.0468   -0.0245   -0.0009    0.0200    0.0282
            Z     0.0203    0.0178   -0.0150   -0.0142   -0.0269    0.0059
 AT.   5 O  X    -0.0037    0.0507    0.0216   -0.0010    0.0184   -0.0029
            Y     0.0364    0.0269   -0.0209    0.0585   -0.0223    0.0210
            Z    -0.0287   -0.0116   -0.0214   -0.0680   -0.0069    0.0098
 AT.   6 O  X    -0.0678    0.0108    0.0170    0.0713   -0.0076   -0.0284
            Y    -0.0200   -0.0467    0.0442   -0.0091    0.0334   -0.0035
            Z    -0.0372    0.0262   -0.0037   -0.0136   -0.0316    0.0512
 AT.   7 O  X     0.0354   -0.0600   -0.0579    0.0015   -0.0335    0.0030
            Y     0.0206    0.0632   -0.0059   -0.0521    0.0226    0.0034
            Z     0.0183    0.0352    0.0227    0.0258   -0.0510    0.0542
 AT.   8 O  X     0.0143   -0.0600    0.0467   -0.0016    0.0046   -0.0021
            Y     0.0242    0.0185    0.0562   -0.0240   -0.0327    0.0086
            Z    -0.0380   -0.0293   -0.0440    0.0328   -0.0316    0.0031
 AT.   9 O  X    -0.0874    0.0149   -0.0427   -0.0437   -0.0181    0.0155
            Y    -0.0039    0.0133   -0.0195    0.0322    0.0242   -0.0169
            Z    -0.0646    0.0206   -0.0331    0.0516   -0.0347   -0.0931
 AT.  10 O  X     0.0232    0.0146    0.0161    0.0130   -0.0252    0.0015
            Y    -0.0084   -0.0601   -0.0213    0.0329    0.0315    0.0101
            Z    -0.0114   -0.0239   -0.0619   -0.0591   -0.0549   -0.0570

 FREQ(CM**-1)    339.40    345.59    368.19    403.74    413.97    417.50

 AT.   1 CA X     0.0618    0.0039   -0.0343    0.0085    0.0143   -0.0020
            Y    -0.0205   -0.0122   -0.0364   -0.0375   -0.0065    0.0086
            Z    -0.0138   -0.0330   -0.0151   -0.0038    0.0032   -0.0293
 AT.   2 MG X     0.0598   -0.0230    0.0001    0.0133   -0.0288    0.1418
            Y    -0.0186    0.0220    0.0287   -0.0359    0.1423    0.0348
            Z    -0.0432    0.0001   -0.0333    0.1376    0.0372    0.0098
 AT.   3 C  X     0.0067    0.0033    0.0377   -0.0060   -0.0006    0.0177
            Y     0.0212   -0.0190    0.0200   -0.0131   -0.0241   -0.0011
            Z    -0.0419   -0.0204    0.0010    0.0095   -0.0409   -0.0009
 AT.   4 C  X     0.0252    0.0052    0.0016    0.0214   -0.0109   -0.0110
            Y     0.0109   -0.0280    0.0322    0.0102    0.0127   -0.0179
            Z    -0.0137   -0.0289   -0.0142   -0.0095    0.0203    0.0319
 AT.   5 O  X    -0.0225   -0.0173    0.0360    0.0080   -0.0129    0.0240
            Y    -0.0206   -0.0495    0.0104   -0.0010   -0.0412    0.0017
            Z     0.0024   -0.0296    0.0619   -0.0280   -0.0699    0.0138
 AT.   6 O  X    -0.0389   -0.0377   -0.0064   -0.0229   -0.0181    0.0059
            Y    -0.0139    0.0434   -0.0294    0.0089    0.0219    0.0173
            Z     0.0543    0.0383    0.0169    0.0489    0.0087   -0.0100
 AT.   7 O  X     0.0338   -0.0091   -0.0446    0.0219   -0.0077   -0.0015
            Y    -0.0363   -0.0036    0.0164    0.0343   -0.0055   -0.0545
            Z     0.0180    0.0310   -0.0614    0.0078   -0.0107    0.0499
 AT.   8 O  X    -0.0330    0.0075    0.0508    0.0206   -0.0143    0.0259
            Y    -0.0145    0.0491    0.0009   -0.0013   -0.0418    0.0021
            Z    -0.0212    0.0976    0.0271   -0.0183   -0.0695    0.0136
 AT.   9 O  X    -0.0466   -0.0127   -0.0198   -0.0294   -0.0152    0.0077
            Y    -0.0198   -0.0038   -0.0139    0.0026    0.0198    0.0179
            Z     0.0500    0.0179    0.0764    0.0620    0.0069   -0.0121
 AT.  10 O  X     0.0303   -0.0124    0.0028    0.0169   -0.0068   -0.0028
            Y     0.0004    0.0107    0.0306    0.0378   -0.0056   -0.0534
            Z    -0.0250    0.0408   -0.0415   -0.0098   -0.0106    0.0468

 FREQ(CM**-1)    733.52    740.98    741.27    742.66    889.38    889.44

 AT.   1 CA X    -0.0000   -0.0035    0.0005   -0.0010    0.0000   -0.0013
            Y     0.0005   -0.0072   -0.0023    0.0004    0.0004    0.0001
            Z    -0.0032    0.0016   -0.0076   -0.0003   -0.0000    0.0012
 AT.   2 MG X    -0.0084    0.0046   -0.0158   -0.0007    0.0002    0.0022
            Y    -0.0103   -0.0009    0.0129    0.0006    0.0006   -0.0006
            Z    -0.0006   -0.0105   -0.0078    0.0025   -0.0001    0.0011
 AT.   3 C  X     0.0048   -0.0360    0.0194   -0.0138   -0.0005    0.0025
            Y    -0.0365   -0.0217   -0.0034   -0.0246    0.0008    0.0024
            Z    -0.0039   -0.0019    0.0043    0.0003    0.1423    0.1787
 AT.   4 C  X     0.0248    0.0438   -0.0228   -0.0409   -0.0026   -0.0004
            Y     0.0303    0.0116   -0.0092    0.0197   -0.0023    0.0007
            Z     0.0009    0.0019   -0.0035    0.0001    0.1788   -0.1423
 AT.   5 O  X     0.0670    0.0287    0.0212    0.0439   -0.0047   -0.0029
            Y     0.0218    0.0730   -0.0263    0.0276   -0.0059   -0.0020
            Z     0.0068    0.0102   -0.0040    0.0084   -0.0366   -0.0503
 AT.   6 O  X    -0.0484    0.0386    0.0092    0.0823    0.0028   -0.0050
            Y     0.0505    0.0379    0.0665    0.0346    0.0014    0.0007
            Z     0.0065   -0.0058   -0.0016   -0.0145   -0.0055    0.0235
 AT.   7 O  X    -0.0191    0.0309   -0.0680    0.0309   -0.0013    0.0030
            Y    -0.0605    0.0625    0.0189    0.0531   -0.0047   -0.0038
            Z     0.0053   -0.0032   -0.0090   -0.0056    0.0452    0.0245
 AT.   8 O  X    -0.0178    0.0477    0.0644   -0.0318    0.0028    0.0001
            Y     0.0576    0.0299    0.0257   -0.0403    0.0043    0.0014
            Z     0.0060    0.0054    0.0083   -0.0093    0.0223    0.0045
 AT.   9 O  X    -0.0378    0.0821   -0.0252   -0.0703   -0.0043    0.0058
            Y    -0.0461    0.0111    0.0699   -0.0403   -0.0013   -0.0042
            Z     0.0051   -0.0111    0.0049    0.0123    0.0240   -0.0445
 AT.  10 O  X     0.0647    0.0569   -0.0266   -0.0227    0.0010    0.0025
            Y    -0.0127    0.0282   -0.0292   -0.0691    0.0053   -0.0047
            Z     0.0064    0.0017    0.0015    0.0089   -0.0495    0.0373

 FREQ(CM**-1)   1144.35   1144.36   1519.43   1530.32   1572.59   1611.70

 AT.   1 CA X    -0.0023    0.0014   -0.0001   -0.0017    0.0001   -0.0038
            Y    -0.0016   -0.0020   -0.0001   -0.0026   -0.0001    0.0025
            Z    -0.0001   -0.0001    0.0006   -0.0010    0.0002   -0.0001
 AT.   2 MG X     0.0002    0.0065   -0.0004    0.0011    0.0034   -0.0014
            Y     0.0075   -0.0002   -0.0010    0.0023   -0.0013    0.0011
            Z     0.0001    0.0001    0.0004    0.0045    0.0001    0.0013
 AT.   3 C  X     0.0001   -0.0031    0.0440    0.0109    0.1181    0.1273
            Y     0.0008    0.0026    0.1382   -0.0869    0.0354   -0.0053
            Z     0.0003   -0.0006   -0.0047    0.0015    0.0021    0.0015
 AT.   4 C  X     0.0019   -0.0026   -0.0315   -0.1024    0.1125   -0.1194
            Y    -0.0009    0.0025    0.0819    0.1025    0.0631   -0.0221
            Z    -0.0001   -0.0006   -0.0025   -0.0008    0.0030   -0.0019
 AT.   5 O  X     0.0409   -0.0740    0.0119   -0.0171   -0.0317   -0.0370
            Y    -0.0307    0.0561   -0.0188    0.0182    0.0119    0.0243
            Z    -0.0011    0.0017    0.0003   -0.0011   -0.0030    0.0009
 AT.   6 O  X     0.0073    0.0099    0.0115    0.0033    0.0038    0.0117
            Y     0.0503    0.0802    0.0425   -0.0350   -0.0366    0.0429
            Z    -0.0010   -0.0004   -0.0031   -0.0012   -0.0014   -0.0014
 AT.   7 O  X     0.0930   -0.0145   -0.0142   -0.0416    0.0335    0.0173
            Y     0.0397   -0.0051   -0.0015   -0.0120    0.0233   -0.0036
            Z     0.0008    0.0004   -0.0014    0.0019    0.0013    0.0007
 AT.   8 O  X     0.0765    0.0407   -0.0049   -0.0462    0.0373    0.0145
            Y    -0.0584   -0.0297    0.0152    0.0324   -0.0257   -0.0213
            Z    -0.0011   -0.0003   -0.0010   -0.0001    0.0015   -0.0027
 AT.   9 O  X    -0.0093    0.0065   -0.0099    0.0063    0.0055   -0.0027
            Y    -0.0787    0.0511   -0.0284    0.0321    0.0563    0.0323
            Z     0.0020   -0.0006    0.0024    0.0013    0.0025   -0.0007
 AT.  10 O  X     0.0129    0.0948   -0.0007    0.0243   -0.0481    0.0509
            Y     0.0051    0.0396   -0.0064    0.0016   -0.0232    0.0156
            Z     0.0009    0.0022    0.0019    0.0011   -0.0008    0.0037

 MODES IN ANTI-PHASE

 FREQ(CM**-1)    101.52    132.33    151.55    157.16    162.41    188.82

 AT.   1 CA X     0.0412   -0.0011    0.0014   -0.0556   -0.0104    0.0160
            Y     0.0068    0.0013    0.0128   -0.0361    0.0014   -0.0246
            Z     0.0083   -0.0004    0.0058    0.0460   -0.0233   -0.0250
 AT.   2 MG X     0.0019    0.0007    0.0055   -0.0015    0.0052   -0.0115
            Y     0.0136   -0.0005    0.0040   -0.0250   -0.0056   -0.0071
            Z     0.0383   -0.0002   -0.0037   -0.0152    0.0011   -0.0371
 AT.   3 C  X     0.0058    0.0039   -0.0124    0.0009    0.0003    0.0237
            Y     0.0074   -0.0079   -0.0240    0.0097    0.0124   -0.0296
            Z    -0.0274    0.0089    0.0208   -0.0477   -0.0090   -0.0322
 AT.   4 C  X     0.0044   -0.0023   -0.0264   -0.0006   -0.0182   -0.0206
            Y    -0.0055   -0.0253    0.0153    0.0045    0.0034    0.0116
            Z     0.0080    0.0263    0.0272    0.0490   -0.0283   -0.0009
 AT.   5 O  X     0.0327   -0.0271    0.0014   -0.0037   -0.0013    0.0341
            Y     0.0440   -0.0468   -0.0047    0.0029    0.0116   -0.0129
            Z    -0.0101    0.0490    0.0237   -0.0321   -0.0291   -0.0527
 AT.   6 O  X     0.0353    0.0142    0.0229   -0.0016   -0.0589   -0.0137
            Y    -0.0056   -0.0168    0.0228    0.0239   -0.0149    0.0068
            Z     0.0208    0.0287   -0.0126    0.0406   -0.0715   -0.0561
 AT.   7 O  X    -0.0275    0.0276    0.0296   -0.0033    0.0212   -0.0118
            Y     0.0150   -0.0328   -0.0147   -0.0256    0.0243    0.0371
            Z    -0.0104   -0.0292   -0.0235    0.0240    0.0262    0.0789
 AT.   8 O  X    -0.0251    0.0258    0.0136   -0.0036   -0.0099   -0.0090
            Y    -0.0149    0.0442    0.0094   -0.0355   -0.0072    0.0021
            Z     0.0952   -0.0480   -0.0288    0.0132    0.0032    0.0074
 AT.   9 O  X    -0.0302   -0.0168   -0.0294   -0.0084    0.0611    0.0091
            Y     0.0121    0.0180   -0.0243    0.0265    0.0101   -0.0309
            Z    -0.0618   -0.0295    0.0254    0.0086    0.0657    0.0179
 AT.  10 O  X    -0.0086   -0.0277   -0.0338   -0.0056   -0.0135   -0.0228
            Y     0.0288    0.0339    0.0346    0.0107   -0.0021    0.0228
            Z     0.0357    0.0281    0.0343    0.0793   -0.0276    0.0179

 FREQ(CM**-1)    219.91    246.28    248.95    269.90    311.31    314.27

 AT.   1 CA X     0.0003    0.0208   -0.0036   -0.0076   -0.0071   -0.0460
            Y     0.0016   -0.0108    0.0101   -0.0026    0.0113   -0.0388
            Z    -0.0130   -0.0203   -0.0311    0.0077   -0.0072    0.0035
 AT.   2 MG X     0.0065   -0.0351   -0.0108   -0.0038   -0.0154    0.0524
            Y    -0.0042    0.0104   -0.0339   -0.0375    0.0073    0.0770
            Z     0.0058   -0.0241    0.0236    0.0635    0.0050    0.0208
 AT.   3 C  X    -0.0509    0.0365    0.0452    0.0199    0.0261   -0.0230
            Y    -0.0086   -0.0461    0.0384    0.0123    0.0164    0.0140
            Z    -0.0265    0.0199   -0.0112   -0.0112    0.0241    0.0238
 AT.   4 C  X    -0.0431    0.0529   -0.0482   -0.0124    0.0156    0.0217
            Y    -0.0220   -0.0112   -0.0351    0.0322    0.0354   -0.0076
            Z    -0.0194    0.0089    0.0136    0.0043    0.0100   -0.0231
 AT.   5 O  X    -0.0317    0.0400    0.0586    0.0027    0.0312   -0.0056
            Y     0.0113   -0.0370    0.0522   -0.0127    0.0308    0.0319
            Z     0.0256    0.0405   -0.0555    0.0088    0.0641    0.0136
 AT.   6 O  X     0.0559   -0.0235   -0.0392    0.0023    0.0283   -0.0056
            Y    -0.0233    0.0116   -0.0037   -0.0332    0.0165   -0.0266
            Z     0.0611   -0.0390   -0.0370   -0.0538    0.0143   -0.0798
 AT.   7 O  X     0.0117    0.0179   -0.0053   -0.0172   -0.0141    0.0049
            Y     0.0466    0.0328   -0.0251   -0.0028   -0.0270    0.0171
            Z     0.0486    0.0073   -0.0576    0.0543    0.0205   -0.0271
 AT.   8 O  X     0.0285   -0.0238    0.0414    0.0024   -0.0359   -0.0059
            Y    -0.0295   -0.0418   -0.0005   -0.0548   -0.0195    0.0372
            Z    -0.0056    0.0304   -0.0401    0.0603   -0.0562    0.0165
 AT.   9 O  X    -0.0094   -0.0212    0.0016   -0.0564   -0.0230   -0.0245
            Y     0.0305    0.0462    0.0399   -0.0121   -0.0283   -0.0208
            Z    -0.0306   -0.0422   -0.0169   -0.0206   -0.0007   -0.0179
 AT.  10 O  X    -0.0292    0.0609   -0.0559   -0.0113    0.0261    0.0056
            Y    -0.0502   -0.0382   -0.0146    0.0405    0.0159    0.0142
            Z    -0.0507   -0.0268    0.0002    0.0109    0.0013    0.0206

 FREQ(CM**-1)    339.40    345.59    368.19    403.74    413.97    417.50

 AT.   1 CA X     0.0209    0.0047   -0.0224   -0.0016   -0.0005    0.0001
            Y    -0.0069   -0.0147   -0.0238    0.0070    0.0002   -0.0003
            Z    -0.0047   -0.0399   -0.0099    0.0007   -0.0001    0.0010
 AT.   2 MG X     0.0202   -0.0279    0.0001   -0.0025    0.0009   -0.0046
            Y    -0.0063    0.0266    0.0187    0.0067   -0.0047   -0.0011
            Z    -0.0146    0.0001   -0.0218   -0.0257   -0.0012   -0.0003
 AT.   3 C  X    -0.0245   -0.0062    0.0258   -0.0266    0.0134    0.0014
            Y    -0.0082    0.0306   -0.0252    0.0000    0.0008    0.0222
            Z     0.0084    0.0294    0.0184    0.0033    0.0029   -0.0378
 AT.   4 C  X    -0.0035    0.0048   -0.0456   -0.0170    0.0079   -0.0139
            Y    -0.0200   -0.0227   -0.0012    0.0082    0.0205    0.0133
            Z     0.0405   -0.0211   -0.0117   -0.0034    0.0356   -0.0202
 AT.   5 O  X    -0.0248    0.0043    0.0397   -0.0362    0.0214   -0.0308
            Y     0.0030    0.0405   -0.0035    0.0011    0.0112   -0.0060
            Z    -0.0381    0.0937    0.0024   -0.0217   -0.0033    0.0032
 AT.   6 O  X    -0.0258   -0.0202   -0.0188    0.0223   -0.0436   -0.0284
            Y    -0.0144    0.0045   -0.0023    0.0158    0.0321   -0.0102
            Z     0.0112    0.0256    0.0760   -0.0455    0.0262    0.0336
 AT.   7 O  X     0.0057   -0.0144    0.0226    0.0097   -0.0144    0.0191
            Y     0.0483    0.0102    0.0262   -0.0162    0.0014   -0.0147
            Z    -0.0648    0.0475   -0.0183    0.0472   -0.0014    0.0454
 AT.   8 O  X     0.0060   -0.0162    0.0170    0.0309   -0.0205    0.0292
            Y    -0.0149   -0.0410    0.0109   -0.0006   -0.0084    0.0059
            Z     0.0317   -0.0113    0.0557    0.0303    0.0079   -0.0041
 AT.   9 O  X    -0.0031   -0.0409    0.0017   -0.0126    0.0447    0.0279
            Y     0.0030    0.0435   -0.0260   -0.0180   -0.0335    0.0090
            Z     0.0241    0.0424   -0.0151    0.0248   -0.0267   -0.0329
 AT.  10 O  X     0.0160   -0.0116   -0.0499   -0.0170    0.0149   -0.0189
            Y    -0.0605   -0.0016    0.0045    0.0027   -0.0010    0.0182
            Z     0.0624    0.0394   -0.0489   -0.0468    0.0021   -0.0486

 FREQ(CM**-1)    733.52    740.98    741.27    742.66    889.38    889.44

 AT.   1 CA X     0.0000    0.0013   -0.0002    0.0084    0.0001    0.0015
            Y    -0.0007    0.0026    0.0009   -0.0034    0.0019   -0.0001
            Z     0.0047   -0.0006    0.0030    0.0025   -0.0002   -0.0014
 AT.   2 MG X     0.0123   -0.0017    0.0062    0.0059    0.0010   -0.0025
            Y     0.0150    0.0003   -0.0051   -0.0050    0.0032    0.0007
            Z     0.0009    0.0038    0.0031   -0.0206   -0.0003   -0.0013
 AT.   3 C  X     0.0359   -0.0290    0.0144   -0.0386   -0.0036    0.0026
            Y     0.0095    0.0255    0.0430    0.0275   -0.0049    0.0042
            Z    -0.0020   -0.0003   -0.0023   -0.0000    0.1082   -0.0001
 AT.   4 C  X     0.0264   -0.0149    0.0081   -0.0026    0.0025    0.0036
            Y    -0.0224    0.0314    0.0421   -0.0312    0.0044    0.0048
            Z    -0.0042    0.0003   -0.0035    0.0003    0.0001    0.1081
 AT.   5 O  X    -0.0067   -0.0401   -0.0716   -0.0444   -0.0039    0.0003
            Y    -0.0701    0.0406   -0.0656    0.0557   -0.0029   -0.0011
            Z    -0.0091    0.0036   -0.0164    0.0047   -0.0297    0.0019
 AT.   6 O  X     0.0590   -0.0818    0.0468   -0.0391   -0.0047   -0.0053
            Y     0.0300    0.0280   -0.0312    0.0277   -0.0001    0.0042
            Z    -0.0080    0.0103   -0.0089    0.0073    0.0490    0.0419
 AT.   7 O  X    -0.0619   -0.0517   -0.0337   -0.0299   -0.0004   -0.0029
            Y     0.0367    0.0308    0.0629    0.0723    0.0026    0.0052
            Z    -0.0089   -0.0065   -0.0118   -0.0139   -0.0202   -0.0408
 AT.   8 O  X    -0.0649    0.0124    0.0378   -0.0537   -0.0054    0.0029
            Y    -0.0455   -0.0780    0.0659    0.0473   -0.0050    0.0018
            Z    -0.0096   -0.0093    0.0147    0.0025   -0.0415    0.0501
 AT.   9 O  X     0.0663    0.0379   -0.0404   -0.0579   -0.0032    0.0043
            Y    -0.0364   -0.0458   -0.0227    0.0184    0.0004   -0.0002
            Z    -0.0090   -0.0042    0.0076    0.0106    0.0430   -0.0180
 AT.  10 O  X    -0.0043    0.0198    0.0710   -0.0365   -0.0009   -0.0033
            Y     0.0696   -0.0638   -0.0589    0.0572    0.0005    0.0044
            Z    -0.0081    0.0071    0.0147   -0.0121   -0.0012   -0.0294

 FREQ(CM**-1)   1144.35   1144.36   1519.43   1530.32   1572.59   1611.70

 AT.   1 CA X    -0.0020    0.0016   -0.0006    0.0022    0.0003    0.0028
            Y    -0.0014   -0.0023   -0.0006    0.0033   -0.0001   -0.0019
            Z    -0.0001   -0.0001    0.0042    0.0013    0.0006    0.0001
 AT.   2 MG X     0.0002    0.0075   -0.0027   -0.0014    0.0079    0.0011
            Y     0.0065   -0.0002   -0.0071   -0.0028   -0.0030   -0.0008
            Z     0.0001    0.0001    0.0025   -0.0056    0.0003   -0.0010
 AT.   3 C  X    -0.0029   -0.0007   -0.0923   -0.1379   -0.0097    0.0177
            Y     0.0025   -0.0003   -0.0269    0.0573    0.1224   -0.1149
            Z     0.0005    0.0002    0.0013    0.0004    0.0038   -0.0020
 AT.   4 C  X     0.0022    0.0018    0.0973   -0.0930    0.0370    0.0474
            Y    -0.0025   -0.0007    0.1146   -0.0177   -0.1107   -0.1129
            Z    -0.0006   -0.0000   -0.0041    0.0013   -0.0032   -0.0016
 AT.   5 O  X     0.0715    0.0306    0.0229    0.0515    0.0213   -0.0259
            Y    -0.0547   -0.0221   -0.0100   -0.0375   -0.0242    0.0293
            Z    -0.0010   -0.0001   -0.0024    0.0003   -0.0008    0.0031
 AT.   6 O  X    -0.0104    0.0080    0.0038   -0.0073    0.0112    0.0062
            Y    -0.0867    0.0630    0.0431   -0.0248    0.0429   -0.0211
            Z     0.0021   -0.0007   -0.0021   -0.0011    0.0021    0.0003
 AT.   7 O  X    -0.0002    0.0936   -0.0503   -0.0152   -0.0345   -0.0479
            Y    -0.0005    0.0392   -0.0276    0.0012   -0.0099   -0.0173
            Z     0.0008    0.0023    0.0019   -0.0016    0.0001   -0.0036
 AT.   8 O  X     0.0305   -0.0689    0.0253    0.0284   -0.0083    0.0428
            Y    -0.0227    0.0524   -0.0149   -0.0263   -0.0080   -0.0316
            Z    -0.0009    0.0017   -0.0022    0.0011   -0.0027   -0.0017
 AT.   9 O  X     0.0087    0.0109    0.0069   -0.0048    0.0104   -0.0130
            Y     0.0620    0.0883    0.0534    0.0284    0.0030   -0.0353
            Z    -0.0013   -0.0005   -0.0029    0.0009    0.0004    0.0012
 AT.  10 O  X     0.0921   -0.0012   -0.0522    0.0371    0.0005   -0.0032
            Y     0.0394    0.0004   -0.0269    0.0119    0.0101    0.0083
            Z     0.0007    0.0007    0.0014   -0.0022    0.0011    0.0003


  DISPERSION K POINT NUMBER    17 COORD:  C(  1  2  1 )    WEIGHT:    1.

    MODES         EIGV          FREQUENCIES     IRREP
             (HARTREE**2)   (CM**-1)     (THZ)
    1-   1    0.1422E-06     82.7490    2.4808  (  1)
    2-   2    0.3127E-06    122.7310    3.6794  (  1)
    3-   3    0.3359E-06    127.2003    3.8134  (  1)
    4-   4    0.4445E-06    146.3304    4.3869  (  1)
    5-   5    0.5868E-06    168.1293    5.0404  (  1)
    6-   6    0.8016E-06    196.5004    5.8909  (  1)
    7-   7    0.8536E-06    202.7678    6.0788  (  1)
    8-   8    0.9895E-06    218.3226    6.5451  (  1)
    9-   9    0.1218E-05    242.1935    7.2608  (  1)
   10-  10    0.1535E-05    271.8900    8.1511  (  1)
   11-  11    0.1744E-05    289.8116    8.6883  (  1)
   12-  12    0.2218E-05    326.8381    9.7984  (  1)
   13-  13    0.2381E-05    338.6361   10.1521  (  1)
   14-  14    0.2703E-05    360.8142   10.8169  (  1)
   15-  15    0.2964E-05    377.8303   11.3271  (  1)
   16-  16    0.3453E-05    407.8341   12.2266  (  1)
   17-  17    0.3585E-05    415.5506   12.4579  (  1)
   18-  18    0.3928E-05    435.0053   13.0411  (  1)
   19-  19    0.1117E-04    733.5119   21.9901  (  1)
   20-  20    0.1133E-04    738.9048   22.1518  (  1)
   21-  21    0.1152E-04    745.0742   22.3368  (  1)
   22-  22    0.1171E-04    751.0553   22.5161  (  1)
   23-  23    0.1652E-04    892.1167   26.7450  (  1)
   24-  24    0.1653E-04    892.2769   26.7498  (  1)
   25-  25    0.2719E-04   1144.3535   34.3069  (  1)
   26-  26    0.2726E-04   1145.9247   34.3540  (  1)
   27-  27    0.4647E-04   1496.1554   44.8536  (  1)
   28-  28    0.4914E-04   1538.5453   46.1244  (  1)
   29-  29    0.4939E-04   1542.4528   46.2416  (  1)
   30-  30    0.5257E-04   1591.2945   47.7058  (  1)

 MODES IN PHASE

 FREQ(CM**-1)     82.75    122.73    127.20    146.33    168.13    196.50

 AT.   1 CA X     0.0044   -0.0001    0.0401    0.0338    0.0951    0.0074
            Y     0.0899    0.0129   -0.0014   -0.0038    0.0005    0.0011
            Z    -0.0200    0.0067    0.0846   -0.0192   -0.0031   -0.0009
 AT.   2 MG X    -0.0127    0.0135   -0.0077   -0.0130   -0.0032   -0.0028
            Y    -0.0197    0.0144    0.0060    0.0125    0.0017   -0.0073
            Z     0.0181    0.0558   -0.0051    0.0143    0.0078   -0.0129
 AT.   3 C  X     0.0437   -0.0304    0.0469   -0.0280    0.0075    0.0187
            Y     0.0351    0.0082   -0.0128    0.0307    0.0296   -0.0207
            Z    -0.0106   -0.0274    0.0362    0.0504   -0.0293   -0.0184
 AT.   4 C  X     0.0436    0.0190    0.0383    0.0215    0.0077   -0.0229
            Y     0.0350   -0.0115   -0.0078   -0.0311    0.0293    0.0212
            Z    -0.0104    0.0188    0.0308   -0.0198   -0.0289    0.0318
 AT.   5 O  X     0.0193   -0.0033    0.0518   -0.0387    0.0360    0.0287
            Y     0.0022    0.0415   -0.0045    0.0096    0.0670   -0.0068
            Z    -0.0043    0.0060    0.0385    0.0564   -0.0171   -0.0044
 AT.   6 O  X    -0.0418    0.0480   -0.0292    0.0272    0.0500    0.0170
            Y    -0.0174    0.0009    0.0089   -0.0303   -0.0247    0.0082
            Z     0.0121    0.0751    0.0011   -0.0122    0.0088   -0.0133
 AT.   7 O  X     0.0286   -0.0104    0.0467   -0.0332    0.0242    0.0310
            Y     0.0710   -0.0387   -0.0171    0.0406   -0.0184   -0.0527
            Z    -0.0244   -0.0403    0.0403    0.0535   -0.0391   -0.0908
 AT.   8 O  X     0.0191   -0.0077    0.0502    0.0170    0.0354   -0.0419
            Y     0.0020   -0.0439    0.0089   -0.0363    0.0656   -0.0053
            Z    -0.0041    0.0252    0.0293    0.0030   -0.0155    0.0308
 AT.   9 O  X    -0.0436   -0.0708   -0.0386   -0.0095    0.0514   -0.0193
            Y    -0.0180    0.0063    0.0122    0.0042   -0.0260   -0.0014
            Z     0.0115   -0.0762   -0.0193   -0.0280    0.0112    0.0009
 AT.  10 O  X     0.0285   -0.0009    0.0447    0.0184    0.0239   -0.0401
            Y     0.0708    0.0343   -0.0278   -0.0232   -0.0174    0.0629
            Z    -0.0248    0.0197    0.0289   -0.0472   -0.0385    0.1008

 FREQ(CM**-1)    202.77    218.32    242.19    271.89    289.81    326.84

 AT.   1 CA X     0.0014   -0.0073   -0.0131   -0.0209    0.0004   -0.0053
            Y     0.0320   -0.0103   -0.0187   -0.0578    0.0375   -0.0083
            Z     0.0425    0.0124    0.0340   -0.0252    0.0250    0.0223
 AT.   2 MG X     0.0216    0.0096   -0.0142   -0.0387   -0.0040   -0.0349
            Y     0.0099    0.0071   -0.0094   -0.0276    0.0119    0.0130
            Z     0.0220   -0.0110    0.0027    0.0175    0.0113   -0.0241
 AT.   3 C  X    -0.0015    0.0227   -0.0173    0.0391    0.0109   -0.0273
            Y    -0.0158    0.0446    0.0379   -0.0249   -0.0001    0.0381
            Z     0.0111   -0.0150    0.0093   -0.0229   -0.0080   -0.0131
 AT.   4 C  X    -0.0263   -0.0332   -0.0012    0.0379   -0.0082    0.0291
            Y    -0.0239   -0.0446    0.0447   -0.0249   -0.0329   -0.0313
            Z    -0.0080    0.0225    0.0007   -0.0217   -0.0229    0.0049
 AT.   5 O  X    -0.0033    0.0403   -0.0270    0.0259    0.0183   -0.0412
            Y    -0.0184    0.0640    0.0225   -0.0441    0.0160    0.0223
            Z     0.0516   -0.0606    0.0147    0.0456    0.0504   -0.0106
 AT.   6 O  X     0.0591   -0.0079    0.0301   -0.0046    0.0025    0.0158
            Y     0.0216   -0.0420    0.0007    0.0139   -0.0287   -0.0143
            Z     0.0673    0.0071    0.0135    0.0199    0.0173   -0.0202
 AT.   7 O  X    -0.0047    0.0298   -0.0257    0.0411    0.0191   -0.0305
            Y    -0.0076    0.0373    0.0540   -0.0323   -0.0178    0.0484
            Z    -0.0324    0.0480    0.0774   -0.0555   -0.0291   -0.0833
 AT.   8 O  X    -0.0214   -0.0562   -0.0115    0.0259   -0.0177    0.0426
            Y    -0.0166   -0.0729    0.0273   -0.0432   -0.0372   -0.0180
            Z     0.0375    0.0795   -0.0044    0.0474   -0.0592    0.0055
 AT.   9 O  X     0.0754   -0.0010    0.0252    0.0019    0.0237   -0.0229
            Y     0.0151    0.0032   -0.0215    0.0107    0.0039   -0.0084
            Z     0.0911    0.0237    0.0498    0.0123    0.0373   -0.0174
 AT.  10 O  X    -0.0265   -0.0438   -0.0101    0.0409   -0.0230    0.0304
            Y    -0.0266   -0.0278    0.0614   -0.0347   -0.0127   -0.0338
            Z    -0.0227   -0.0239    0.0758   -0.0565    0.0194    0.0536

 FREQ(CM**-1)    338.64    360.81    377.83    407.83    415.55    435.01

 AT.   1 CA X    -0.0225    0.0372   -0.0360   -0.0043    0.0080   -0.0110
            Y    -0.0135   -0.0558    0.0230   -0.0024    0.0036    0.0010
            Z     0.0096   -0.0046   -0.0413   -0.0130    0.0023   -0.0090
 AT.   2 MG X    -0.0169   -0.0010   -0.0190    0.1163   -0.0766   -0.0015
            Y    -0.0021    0.0010   -0.0070    0.0272    0.0755    0.1386
            Z    -0.0027   -0.0004    0.0019    0.0797    0.1031   -0.0877
 AT.   3 C  X     0.0135    0.0065   -0.0068    0.0097   -0.0204    0.0099
            Y     0.0038    0.0194    0.0259   -0.0141   -0.0200   -0.0089
            Z     0.0482   -0.0249    0.0416    0.0031   -0.0232   -0.0008
 AT.   4 C  X    -0.0207   -0.0217   -0.0037    0.0172   -0.0022    0.0019
            Y     0.0358    0.0199    0.0166    0.0048    0.0174    0.0257
            Z    -0.0271    0.0081    0.0548    0.0144    0.0210   -0.0238
 AT.   5 O  X     0.0391   -0.0134    0.0126    0.0221   -0.0234    0.0026
            Y     0.0398   -0.0222    0.0475   -0.0010   -0.0262   -0.0123
            Z     0.0597    0.0241    0.0652   -0.0226   -0.0855    0.0022
 AT.   6 O  X     0.0163   -0.0511    0.0055   -0.0169    0.0017   -0.0219
            Y     0.0320    0.0073   -0.0272    0.0102    0.0115   -0.0121
            Z     0.0150    0.1010    0.0155    0.0392   -0.0299    0.0530
 AT.   7 O  X     0.0330    0.0002    0.0145    0.0093   -0.0232    0.0089
            Y    -0.0357    0.0447   -0.0288   -0.0100   -0.0144    0.0039
            Z     0.0152   -0.0341    0.0020    0.0391    0.0069    0.0056
 AT.   8 O  X    -0.0342   -0.0134    0.0217    0.0302   -0.0020   -0.0087
            Y     0.0123    0.0247    0.0476    0.0120    0.0156    0.0144
            Z    -0.0083   -0.0169    0.0642    0.0335    0.0452    0.0275
 AT.   9 O  X     0.0098   -0.0345    0.0262    0.0156    0.0227    0.0215
            Y    -0.0450   -0.0165   -0.0309   -0.0169   -0.0352   -0.0137
            Z    -0.0481    0.0464    0.0001   -0.0098    0.0242   -0.0185
 AT.  10 O  X    -0.0242   -0.0168    0.0194    0.0220    0.0024    0.0027
            Y     0.0521    0.0116   -0.0453    0.0012    0.0007    0.0356
            Z    -0.0643   -0.0184    0.0211    0.0244   -0.0122   -0.0341

 FREQ(CM**-1)    733.51    738.90    745.07    751.06    892.12    892.28

 AT.   1 CA X     0.0012   -0.0023    0.0052    0.0007    0.0003   -0.0000
            Y    -0.0031   -0.0039   -0.0006   -0.0022    0.0026    0.0001
            Z    -0.0015   -0.0013   -0.0061   -0.0017    0.0032   -0.0002
 AT.   2 MG X     0.0032   -0.0219    0.0010    0.0019    0.0021   -0.0018
            Y    -0.0014   -0.0043    0.0003   -0.0071   -0.0001    0.0013
            Z     0.0009    0.0020    0.0010   -0.0068   -0.0034   -0.0057
 AT.   3 C  X    -0.0020   -0.0046   -0.0540   -0.0262    0.0020    0.0019
            Y     0.0258   -0.0304   -0.0126   -0.0062   -0.0071   -0.0064
            Z     0.0015    0.0038    0.0009    0.0086    0.1778   -0.1769
 AT.   4 C  X     0.0031    0.0178   -0.0237    0.0535    0.0023   -0.0017
            Y    -0.0298   -0.0248   -0.0110    0.0028   -0.0069    0.0064
            Z    -0.0022    0.0019   -0.0023    0.0027    0.1769    0.1778
 AT.   5 O  X    -0.0479    0.0479    0.0191    0.0061   -0.0084    0.0026
            Y    -0.0227    0.0241    0.0988    0.0460   -0.0019    0.0065
            Z    -0.0052    0.0054    0.0158    0.0097   -0.0487    0.0500
 AT.   6 O  X     0.0271    0.0525   -0.0305   -0.1058   -0.0024    0.0021
            Y     0.0332    0.0665    0.0139    0.0244   -0.0003   -0.0011
            Z    -0.0043   -0.0100    0.0048    0.0167    0.0239   -0.0180
 AT.   7 O  X     0.0354   -0.0436   -0.0712   -0.0293   -0.0007    0.0019
            Y    -0.0421    0.0444   -0.0324   -0.0218    0.0019   -0.0092
            Z     0.0066   -0.0082   -0.0042   -0.0020   -0.0496    0.0486
 AT.   8 O  X     0.0506    0.0454    0.0113    0.0093   -0.0085   -0.0028
            Y     0.0064   -0.0099    0.0502   -0.0932   -0.0022   -0.0066
            Z     0.0058    0.0017    0.0045   -0.0120   -0.0484   -0.0500
 AT.   9 O  X     0.0398   -0.0052   -0.0924    0.0396   -0.0013   -0.0022
            Y     0.0748   -0.0393    0.0503   -0.0007   -0.0002    0.0014
            Z    -0.0042    0.0015    0.0128   -0.0052    0.0194    0.0225
 AT.  10 O  X    -0.0309   -0.0139   -0.0382    0.0514   -0.0006   -0.0018
            Y     0.0538    0.0571   -0.0159    0.0624    0.0020    0.0093
            Z    -0.0107   -0.0101   -0.0001   -0.0056   -0.0494   -0.0489

 FREQ(CM**-1)   1144.35   1145.92   1496.16   1538.55   1542.45   1591.29

 AT.   1 CA X     0.0008    0.0020    0.0001   -0.0021   -0.0023   -0.0001
            Y    -0.0007   -0.0018   -0.0000   -0.0039    0.0004    0.0003
            Z    -0.0002    0.0030   -0.0001   -0.0005    0.0036    0.0003
 AT.   2 MG X    -0.0005    0.0023    0.0001    0.0022    0.0032    0.0013
            Y     0.0019   -0.0083   -0.0009    0.0017   -0.0005   -0.0028
            Z     0.0062    0.0041   -0.0014    0.0029   -0.0019   -0.0014
 AT.   3 C  X    -0.0008   -0.0018   -0.1405    0.1676    0.0169   -0.1025
            Y     0.0001   -0.0034   -0.0983   -0.0056    0.1658    0.1357
            Z     0.0006   -0.0002    0.0012   -0.0026    0.0051   -0.0038
 AT.   4 C  X     0.0010   -0.0034    0.1422    0.1686    0.0185    0.0958
            Y     0.0002   -0.0022    0.0954   -0.0102    0.1714   -0.1315
            Z    -0.0012   -0.0007   -0.0011   -0.0023    0.0051    0.0040
 AT.   5 O  X     0.0630   -0.0808    0.0232   -0.0513    0.0229    0.0531
            Y    -0.0480    0.0615   -0.0072    0.0318   -0.0304   -0.0468
            Z    -0.0015    0.0013    0.0000    0.0016   -0.0037    0.0010
 AT.   6 O  X     0.0021    0.0071   -0.0058    0.0055    0.0032   -0.0001
            Y     0.0162    0.0505   -0.0155    0.0177    0.0184    0.0257
            Z    -0.0006   -0.0017    0.0013   -0.0010    0.0004   -0.0019
 AT.   7 O  X    -0.0723    0.0951    0.0657   -0.0602   -0.0259    0.0236
            Y    -0.0312    0.0401    0.0304   -0.0180   -0.0209   -0.0061
            Z    -0.0016    0.0009   -0.0007    0.0008   -0.0035    0.0042
 AT.   8 O  X    -0.0816   -0.0617   -0.0242   -0.0526    0.0231   -0.0503
            Y     0.0607    0.0476    0.0081    0.0329   -0.0310    0.0442
            Z     0.0016    0.0010    0.0000    0.0014   -0.0034   -0.0013
 AT.   9 O  X     0.0074   -0.0024    0.0046    0.0065    0.0045    0.0002
            Y     0.0511   -0.0155    0.0107    0.0170    0.0312   -0.0171
            Z    -0.0001   -0.0002   -0.0013   -0.0013    0.0009    0.0013
 AT.  10 O  X     0.0937    0.0740   -0.0660   -0.0598   -0.0271   -0.0216
            Y     0.0396    0.0321   -0.0302   -0.0176   -0.0220    0.0065
            Z     0.0022    0.0009    0.0005    0.0006   -0.0036   -0.0042

 MODES IN ANTI-PHASE

 FREQ(CM**-1)     82.75    122.73    127.20    146.33    168.13    196.50

 AT.   1 CA X     0.0001    0.0004    0.0154    0.0630    0.0024    0.0384
            Y     0.0012   -0.0486   -0.0005   -0.0071    0.0000    0.0057
            Z    -0.0003   -0.0250    0.0324   -0.0358   -0.0001   -0.0044
 AT.   2 MG X    -0.0227   -0.0036   -0.0485    0.0210   -0.0059    0.0024
            Y    -0.0352   -0.0039    0.0376   -0.0202    0.0030    0.0064
            Z     0.0323   -0.0150   -0.0323   -0.0231    0.0144    0.0112
 AT.   3 C  X    -0.0055    0.0148    0.0051    0.0072    0.0039   -0.0148
            Y    -0.0029    0.0089    0.0025   -0.0170   -0.0056    0.0053
            Z     0.0078    0.0100    0.0058    0.0097    0.0067    0.0393
 AT.   4 C  X     0.0066    0.0279    0.0275   -0.0194   -0.0035   -0.0068
            Y     0.0038    0.0037   -0.0104    0.0162    0.0071   -0.0028
            Z    -0.0080    0.0223    0.0199    0.0473   -0.0081    0.0296
 AT.   5 O  X    -0.0076    0.0212    0.0175   -0.0053   -0.0126   -0.0410
            Y    -0.0082    0.0160    0.0184   -0.0373   -0.0251   -0.0312
            Z     0.0094   -0.0611    0.0010    0.0411    0.0333    0.0716
 AT.   6 O  X    -0.0693    0.0586   -0.0253    0.0066    0.0307   -0.0094
            Y    -0.0245   -0.0141    0.0084   -0.0151   -0.0273    0.0167
            Z    -0.0225    0.0222   -0.0300   -0.0417    0.0495   -0.0307
 AT.   7 O  X    -0.0038    0.0199    0.0149   -0.0000   -0.0059   -0.0304
            Y    -0.0054   -0.0015   -0.0226   -0.0009    0.0192    0.0375
            Z    -0.0129    0.0307   -0.0016   -0.0212    0.0113    0.0445
 AT.   8 O  X     0.0081    0.0200    0.0216   -0.0352    0.0144   -0.0274
            Y     0.0082   -0.0067   -0.0167   -0.0126    0.0283   -0.0315
            Z    -0.0095   -0.0560    0.0250    0.0697   -0.0341    0.0648
 AT.   9 O  X     0.0682    0.0270   -0.0007    0.0263   -0.0282   -0.0023
            Y     0.0241   -0.0127   -0.0003   -0.0336    0.0260    0.0185
            Z     0.0228   -0.0181    0.0230   -0.0333   -0.0490   -0.0334
 AT.  10 O  X     0.0046    0.0225    0.0201   -0.0277    0.0070   -0.0167
            Y     0.0072    0.0180    0.0054    0.0334   -0.0201    0.0152
            Z     0.0122    0.0467    0.0281    0.0329   -0.0132    0.0075

 FREQ(CM**-1)    202.77    218.32    242.19    271.89    289.81    326.84

 AT.   1 CA X    -0.0004   -0.0155   -0.0037    0.0014    0.0004   -0.0156
            Y    -0.0097   -0.0221   -0.0052    0.0040    0.0302   -0.0246
            Z    -0.0129    0.0266    0.0095    0.0017    0.0201    0.0661
 AT.   2 MG X     0.0202   -0.0137   -0.0553   -0.0575    0.0261    0.0396
            Y     0.0092   -0.0101   -0.0368   -0.0409   -0.0765   -0.0147
            Z     0.0206    0.0157    0.0105    0.0260   -0.0730    0.0274
 AT.   3 C  X     0.0450   -0.0243    0.0263    0.0054   -0.0108    0.0121
            Y     0.0194   -0.0208    0.0237    0.0020   -0.0337   -0.0016
            Z     0.0309    0.0168   -0.0141   -0.0068   -0.0217   -0.0092
 AT.   4 C  X    -0.0365    0.0019   -0.0315   -0.0107    0.0130   -0.0069
            Y    -0.0074    0.0209   -0.0005    0.0014    0.0071    0.0218
            Z    -0.0319   -0.0008    0.0169    0.0099   -0.0031   -0.0152
 AT.   5 O  X     0.0335   -0.0396    0.0223   -0.0018   -0.0221    0.0163
            Y     0.0023   -0.0415    0.0157   -0.0035   -0.0416   -0.0004
            Z     0.0096    0.0529   -0.0328   -0.0163   -0.0717   -0.0049
 AT.   6 O  X    -0.0472   -0.0079   -0.0011   -0.0470    0.0237   -0.0170
            Y     0.0051   -0.0308   -0.0426    0.0218    0.0102   -0.0326
            Z    -0.0631    0.0368    0.0738    0.0539    0.0344   -0.0553
 AT.   7 O  X     0.0406   -0.0321    0.0228   -0.0012   -0.0277    0.0100
            Y     0.0364   -0.0051    0.0294    0.0197   -0.0091    0.0077
            Z    -0.0075    0.0089    0.0185    0.0113    0.0262   -0.0210
 AT.   8 O  X    -0.0260    0.0056   -0.0331   -0.0018    0.0226   -0.0119
            Y     0.0083    0.0226   -0.0018    0.0096    0.0245    0.0131
            Z    -0.0367   -0.0126    0.0357    0.0099    0.0646   -0.0103
 AT.   9 O  X     0.0063   -0.0111    0.0166    0.0472   -0.0026   -0.0040
            Y    -0.0163   -0.0520    0.0368   -0.0235   -0.0302   -0.0346
            Z     0.0150    0.0290   -0.0561   -0.0561    0.0095   -0.0562
 AT.  10 O  X    -0.0311    0.0023   -0.0329   -0.0045    0.0246   -0.0105
            Y    -0.0260    0.0254    0.0029   -0.0150   -0.0155    0.0354
            Z     0.0243    0.0425    0.0244   -0.0036   -0.0340   -0.0672

 FREQ(CM**-1)    338.64    360.81    377.83    407.83    415.55    435.01

 AT.   1 CA X    -0.0395    0.0238   -0.0069    0.0085   -0.0137    0.0188
            Y    -0.0237   -0.0357    0.0044    0.0048   -0.0062   -0.0016
            Z     0.0168   -0.0030   -0.0079    0.0255   -0.0039    0.0153
 AT.   2 MG X     0.0289    0.0210   -0.0546   -0.0062   -0.0002   -0.0000
            Y     0.0036   -0.0231   -0.0201   -0.0014    0.0002    0.0009
            Z     0.0046    0.0092    0.0056   -0.0042    0.0003   -0.0006
 AT.   3 C  X    -0.0161   -0.0269    0.0072   -0.0283    0.0142   -0.0077
            Y     0.0439    0.0129   -0.0203    0.0043   -0.0086   -0.0245
            Z    -0.0029    0.0205    0.0437   -0.0201   -0.0109    0.0278
 AT.   4 C  X     0.0034    0.0172   -0.0091   -0.0245    0.0248   -0.0124
            Y     0.0257    0.0122    0.0285    0.0140    0.0131   -0.0042
            Z     0.0400   -0.0312   -0.0254   -0.0143    0.0147    0.0142
 AT.   5 O  X    -0.0165   -0.0086    0.0273   -0.0535    0.0156    0.0085
            Y     0.0379    0.0375    0.0094   -0.0141   -0.0030   -0.0096
            Z     0.0257   -0.0298    0.0095   -0.0250   -0.0032   -0.0327
 AT.   6 O  X     0.0210   -0.0144    0.0574   -0.0070   -0.0270   -0.0124
            Y    -0.0334   -0.0215   -0.0154    0.0134    0.0340    0.0225
            Z    -0.0470    0.0044   -0.0387   -0.0165   -0.0108   -0.0084
 AT.   7 O  X    -0.0086   -0.0185    0.0159   -0.0341    0.0105   -0.0081
            Y     0.0394   -0.0079   -0.0506    0.0058    0.0075   -0.0430
            Z    -0.0658   -0.0046    0.0522   -0.0586    0.0101    0.0360
 AT.   8 O  X     0.0252   -0.0086   -0.0207   -0.0493    0.0281    0.0019
            Y     0.0535   -0.0358    0.0087   -0.0075    0.0213    0.0060
            Z     0.0645    0.0344    0.0152    0.0035    0.0726   -0.0179
 AT.   9 O  X     0.0247   -0.0404   -0.0513    0.0095   -0.0149    0.0131
            Y     0.0105    0.0157    0.0043   -0.0003    0.0069    0.0215
            Z    -0.0111    0.0898    0.0417   -0.0414    0.0206   -0.0504
 AT.  10 O  X     0.0240    0.0079   -0.0094   -0.0276    0.0253   -0.0117
            Y    -0.0107    0.0439    0.0364    0.0115    0.0162   -0.0245
            Z    -0.0205   -0.0290   -0.0478   -0.0661   -0.0010    0.0127

 FREQ(CM**-1)    733.51    738.90    745.07    751.06    892.12    892.28

 AT.   1 CA X    -0.0007    0.0036    0.0038    0.0009   -0.0000    0.0007
            Y     0.0020    0.0061   -0.0005   -0.0030   -0.0001   -0.0024
            Z     0.0010    0.0021   -0.0044   -0.0023   -0.0002    0.0032
 AT.   2 MG X     0.0017   -0.0009   -0.0093   -0.0044    0.0032    0.0009
            Y    -0.0007   -0.0002   -0.0029    0.0162   -0.0002   -0.0007
            Z     0.0005    0.0001   -0.0090    0.0156   -0.0053    0.0029
 AT.   3 C  X    -0.0044   -0.0175   -0.0077    0.0479   -0.0031   -0.0023
            Y     0.0454    0.0417   -0.0075    0.0010   -0.0008   -0.0009
            Z     0.0032   -0.0039   -0.0027    0.0054    0.0006   -0.0184
 AT.   4 C  X     0.0037   -0.0033   -0.0492   -0.0109    0.0028   -0.0025
            Y    -0.0429    0.0452   -0.0098   -0.0057    0.0015   -0.0002
            Z    -0.0028   -0.0051    0.0016    0.0098   -0.0186   -0.0004
 AT.   5 O  X    -0.0791   -0.0728    0.0058    0.0116    0.0009    0.0016
            Y    -0.0180   -0.0005    0.0213   -0.0833    0.0023    0.0009
            Z    -0.0090   -0.0044   -0.0003   -0.0096    0.0001    0.0028
 AT.   6 O  X    -0.0312   -0.0190   -0.0873    0.0088   -0.0104    0.0019
            Y    -0.0670    0.0122    0.0483    0.0068   -0.0009   -0.0032
            Z     0.0026    0.0030    0.0119   -0.0002    0.0427   -0.0454
 AT.   7 O  X     0.0512    0.0358   -0.0175    0.0448   -0.0007   -0.0005
            Y    -0.0799   -0.0840   -0.0064    0.0586   -0.0017   -0.0016
            Z     0.0151    0.0151    0.0012   -0.0065    0.0001    0.0051
 AT.   8 O  X     0.0775   -0.0743    0.0165    0.0092   -0.0000    0.0013
            Y     0.0283   -0.0220    0.0878    0.0193   -0.0021    0.0002
            Z     0.0086   -0.0067    0.0152    0.0064    0.0049   -0.0023
 AT.   9 O  X    -0.0109   -0.0556   -0.0027   -0.0984    0.0105    0.0017
            Y    -0.0009   -0.0550   -0.0013    0.0253    0.0010   -0.0031
            Z     0.0027    0.0104    0.0010    0.0159   -0.0449   -0.0433
 AT.  10 O  X    -0.0541    0.0547   -0.0626   -0.0148    0.0008   -0.0006
            Y     0.0726   -0.0760   -0.0289   -0.0035    0.0015   -0.0007
            Z    -0.0125    0.0139   -0.0044   -0.0039    0.0049    0.0002

 FREQ(CM**-1)   1144.35   1145.92   1496.16   1538.55   1542.45   1591.29

 AT.   1 CA X    -0.0023   -0.0007    0.0013   -0.0001   -0.0002   -0.0014
            Y     0.0020    0.0006   -0.0003   -0.0002    0.0000    0.0029
            Z     0.0006   -0.0011   -0.0012   -0.0000    0.0003    0.0030
 AT.   2 MG X     0.0001    0.0019   -0.0000    0.0042    0.0069   -0.0009
            Y    -0.0003   -0.0070    0.0006    0.0034   -0.0011    0.0020
            Z    -0.0011    0.0035    0.0009    0.0056   -0.0041    0.0010
 AT.   3 C  X    -0.0006    0.0032    0.0235    0.0176    0.0102   -0.0285
            Y    -0.0005   -0.0008   -0.0219   -0.0430    0.0468    0.0114
            Z     0.0011    0.0009    0.0008    0.0025    0.0005    0.0014
 AT.   4 C  X     0.0001   -0.0013    0.0082    0.0004   -0.0070   -0.0463
            Y    -0.0004    0.0028   -0.0324    0.0421   -0.0166    0.0353
            Z     0.0005   -0.0006    0.0009   -0.0027    0.0004    0.0007
 AT.   5 O  X     0.0519   -0.0011   -0.0107   -0.0147    0.0030    0.0113
            Y    -0.0373   -0.0002    0.0081    0.0113   -0.0061   -0.0108
            Z    -0.0008    0.0001    0.0004   -0.0018    0.0015   -0.0021
 AT.   6 O  X    -0.0142    0.0125   -0.0107    0.0098    0.0076    0.0002
            Y    -0.1002    0.0858   -0.0444   -0.0057    0.0736    0.0464
            Z     0.0009   -0.0018    0.0002   -0.0034    0.0026   -0.0031
 AT.   7 O  X    -0.0596   -0.0008   -0.0062    0.0004   -0.0095    0.0094
            Y    -0.0244   -0.0016   -0.0005    0.0023   -0.0082    0.0031
            Z    -0.0016   -0.0004   -0.0014   -0.0024   -0.0010   -0.0007
 AT.   8 O  X     0.0001    0.0522   -0.0081    0.0091    0.0012    0.0205
            Y     0.0017   -0.0389    0.0073   -0.0079    0.0006   -0.0189
            Z     0.0003   -0.0009    0.0004    0.0020   -0.0021   -0.0019
 AT.   9 O  X    -0.0123   -0.0142   -0.0112   -0.0092   -0.0069    0.0002
            Y    -0.0877   -0.0984   -0.0458    0.0076   -0.0691    0.0502
            Z     0.0010    0.0024    0.0003    0.0033   -0.0025   -0.0034
 AT.  10 O  X    -0.0002   -0.0597    0.0009   -0.0069    0.0048    0.0134
            Y     0.0010   -0.0242    0.0028   -0.0042    0.0043    0.0020
            Z    -0.0002   -0.0003   -0.0015    0.0025    0.0003    0.0000


  DISPERSION K POINT NUMBER    18 COORD:  C(  1  2  2 )    WEIGHT:    1.

    MODES         EIGV          FREQUENCIES     IRREP
             (HARTREE**2)   (CM**-1)     (THZ)
    1-   1    0.1422E-06     82.7490    2.4808  (  1)
    2-   2    0.3127E-06    122.7310    3.6794  (  1)
    3-   3    0.3359E-06    127.2003    3.8134  (  1)
    4-   4    0.4445E-06    146.3304    4.3869  (  1)
    5-   5    0.5868E-06    168.1293    5.0404  (  1)
    6-   6    0.8016E-06    196.5004    5.8909  (  1)
    7-   7    0.8536E-06    202.7678    6.0788  (  1)
    8-   8    0.9895E-06    218.3226    6.5451  (  1)
    9-   9    0.1218E-05    242.1935    7.2608  (  1)
   10-  10    0.1535E-05    271.8900    8.1511  (  1)
   11-  11    0.1744E-05    289.8116    8.6883  (  1)
   12-  12    0.2218E-05    326.8381    9.7984  (  1)
   13-  13    0.2381E-05    338.6361   10.1521  (  1)
   14-  14    0.2703E-05    360.8142   10.8169  (  1)
   15-  15    0.2964E-05    377.8303   11.3271  (  1)
   16-  16    0.3453E-05    407.8341   12.2266  (  1)
   17-  17    0.3585E-05    415.5506   12.4579  (  1)
   18-  18    0.3928E-05    435.0053   13.0411  (  1)
   19-  19    0.1117E-04    733.5119   21.9901  (  1)
   20-  20    0.1133E-04    738.9048   22.1518  (  1)
   21-  21    0.1152E-04    745.0742   22.3368  (  1)
   22-  22    0.1171E-04    751.0553   22.5161  (  1)
   23-  23    0.1652E-04    892.1167   26.7450  (  1)
   24-  24    0.1653E-04    892.2769   26.7498  (  1)
   25-  25    0.2719E-04   1144.3535   34.3069  (  1)
   26-  26    0.2726E-04   1145.9247   34.3540  (  1)
   27-  27    0.4647E-04   1496.1554   44.8536  (  1)
   28-  28    0.4914E-04   1538.5453   46.1244  (  1)
   29-  29    0.4939E-04   1542.4528   46.2416  (  1)
   30-  30    0.5257E-04   1591.2945   47.7058  (  1)

 MODES IN PHASE

 FREQ(CM**-1)     82.75    122.73    127.20    146.33    168.13    196.50

 AT.   1 CA X     0.0756   -0.0004   -0.0221    0.0405    0.0435   -0.0126
            Y    -0.0488    0.0002   -0.0353    0.0549    0.0763   -0.0318
            Z    -0.0200   -0.0002    0.0878    0.0385    0.0028   -0.0039
 AT.   2 MG X    -0.0110    0.0051    0.0401    0.0064   -0.0008    0.0000
            Y     0.0213   -0.0168    0.0164    0.0019   -0.0005   -0.0000
            Z     0.0185    0.0498   -0.0229    0.0053   -0.0021    0.0000
 AT.   3 C  X    -0.0041   -0.0156    0.0312    0.0441    0.0101    0.0291
            Y     0.0336   -0.0279    0.0287    0.0079   -0.0027    0.0077
            Z     0.0121    0.0265   -0.0304    0.0454   -0.0111    0.0256
 AT.   4 C  X     0.0085   -0.0216   -0.0343    0.0114   -0.0172    0.0202
            Y    -0.0553   -0.0172   -0.0346   -0.0037    0.0197    0.0115
            Z    -0.0105    0.0240    0.0366   -0.0179    0.0240    0.0432
 AT.   5 O  X     0.0060   -0.0334    0.0297    0.0403    0.0292    0.0135
            Y     0.0458   -0.0521    0.0272    0.0049    0.0241   -0.0125
            Z     0.0118    0.0783   -0.0164    0.0374    0.0097   -0.0319
 AT.   6 O  X     0.0471   -0.0303   -0.0468   -0.0373    0.0332   -0.0040
            Y    -0.0602    0.0230   -0.0269   -0.0065    0.0093    0.0054
            Z    -0.0246   -0.0307    0.0320   -0.0246    0.0406   -0.0259
 AT.   7 O  X    -0.0078    0.0370   -0.0202    0.0000   -0.0428   -0.0182
            Y    -0.0177   -0.0243   -0.0488   -0.0368    0.0688    0.0246
            Z    -0.0042   -0.0105    0.0320   -0.0692    0.0280    0.0512
 AT.   8 O  X     0.0060    0.0329    0.0244    0.0228    0.0582    0.0185
            Y     0.0458    0.0515    0.0227   -0.0004    0.0335    0.0059
            Z     0.0118   -0.0783   -0.0025    0.0432   -0.0282   -0.0247
 AT.   9 O  X     0.0471    0.0302   -0.0411   -0.0078    0.0176    0.0650
            Y    -0.0602   -0.0234   -0.0318   -0.0018    0.0126    0.0073
            Z    -0.0246    0.0314    0.0398    0.0121    0.0311    0.0717
 AT.  10 O  X    -0.0078   -0.0372   -0.0288    0.0246   -0.0302    0.0005
            Y    -0.0177    0.0239   -0.0451   -0.0277    0.0495    0.0553
            Z    -0.0042    0.0094    0.0383   -0.0498    0.0021    0.0691

 FREQ(CM**-1)    202.77    218.32    242.19    271.89    289.81    326.84

 AT.   1 CA X     0.0279   -0.0049    0.0061    0.0016   -0.0107    0.0062
            Y    -0.0178    0.0107   -0.0132   -0.0019    0.0063   -0.0119
            Z     0.0439    0.0116   -0.0216    0.0010   -0.0083   -0.0304
 AT.   2 MG X    -0.0019    0.0014   -0.0017    0.0072   -0.0568    0.0432
            Y    -0.0200   -0.0124    0.0260   -0.0750    0.0112    0.0358
            Z     0.0187   -0.0115    0.0041   -0.0277   -0.0523   -0.0364
 AT.   3 C  X    -0.0006   -0.0181   -0.0121   -0.0379    0.0242    0.0044
            Y    -0.0487    0.0475    0.0348   -0.0219   -0.0250   -0.0083
            Z     0.0248    0.0219    0.0129   -0.0237    0.0224   -0.0121
 AT.   4 C  X    -0.0093   -0.0226   -0.0224   -0.0021    0.0195   -0.0453
            Y     0.0290    0.0514    0.0336   -0.0063   -0.0278   -0.0034
            Z    -0.0031    0.0225    0.0096   -0.0075    0.0166    0.0141
 AT.   5 O  X    -0.0149   -0.0316   -0.0101   -0.0437    0.0193   -0.0006
            Y    -0.0671    0.0271    0.0345   -0.0293   -0.0250   -0.0264
            Z     0.0761    0.0059    0.0333   -0.0557    0.0064    0.0243
 AT.   6 O  X    -0.0059    0.0170   -0.0394   -0.0122    0.0237    0.0396
            Y     0.0158   -0.0454   -0.0168    0.0109    0.0230    0.0104
            Z    -0.0309    0.0477   -0.0511   -0.0052    0.0390   -0.0447
 AT.   7 O  X    -0.0119    0.0358   -0.0250    0.0078   -0.0186    0.0344
            Y     0.0165   -0.0687   -0.0260   -0.0032    0.0428    0.0272
            Z     0.0496   -0.0623   -0.0314    0.0113   -0.0831   -0.0041
 AT.   8 O  X    -0.0217    0.0046    0.0391    0.0428   -0.0079    0.0226
            Y    -0.0724   -0.0020   -0.0107    0.0297    0.0284    0.0025
            Z     0.0878    0.0227   -0.0735    0.0544   -0.0245    0.0269
 AT.   9 O  X    -0.0086   -0.0029   -0.0354    0.0162   -0.0156   -0.0569
            Y     0.0298    0.0522    0.0337   -0.0093   -0.0292   -0.0007
            Z    -0.0261   -0.0253   -0.0462    0.0097   -0.0358    0.0853
 AT.  10 O  X    -0.0067   -0.0355   -0.0146   -0.0037    0.0247   -0.0385
            Y     0.0237    0.0856    0.0206    0.0033   -0.0461   -0.0226
            Z     0.0426    0.0798    0.0248   -0.0150    0.0860    0.0111

 FREQ(CM**-1)    338.64    360.81    377.83    407.83    415.55    435.01

 AT.   1 CA X    -0.0008   -0.0765    0.0367   -0.0000   -0.0009   -0.0068
            Y     0.0525   -0.0049    0.0191   -0.0034   -0.0093   -0.0098
            Z     0.0191   -0.0053   -0.0400    0.0089    0.0024    0.0097
 AT.   2 MG X    -0.0048   -0.0076    0.0078    0.0339    0.1036   -0.1205
            Y    -0.0114   -0.0017    0.0452    0.1120    0.0286    0.0679
            Z     0.0019    0.0023    0.0044   -0.0781    0.1030    0.0876
 AT.   3 C  X     0.0098    0.0069   -0.0331   -0.0247   -0.0095    0.0097
            Y     0.0124    0.0227    0.0081   -0.0182   -0.0200   -0.0187
            Z    -0.0481    0.0322   -0.0130    0.0176    0.0011   -0.0250
 AT.   4 C  X     0.0416    0.0274    0.0283    0.0006    0.0162   -0.0212
            Y    -0.0124    0.0023   -0.0076    0.0149   -0.0057    0.0151
            Z     0.0148   -0.0014    0.0357   -0.0121    0.0204    0.0245
 AT.   5 O  X    -0.0190    0.0271   -0.0433   -0.0194    0.0074    0.0007
            Y    -0.0197    0.0456   -0.0126   -0.0093   -0.0074   -0.0250
            Z    -0.0278    0.0978   -0.0052   -0.0362   -0.0295   -0.0533
 AT.   6 O  X     0.0010    0.0376   -0.0531    0.0097   -0.0009   -0.0005
            Y    -0.0163   -0.0156    0.0071   -0.0010    0.0278    0.0110
            Z    -0.0424   -0.0339    0.0270   -0.0296    0.0065   -0.0039
 AT.   7 O  X     0.0415   -0.0012    0.0279    0.0095   -0.0106    0.0113
            Y    -0.0368    0.0184   -0.0440    0.0101    0.0338   -0.0040
            Z     0.0571    0.0143    0.0617    0.0261   -0.0853   -0.0037
 AT.   8 O  X    -0.0296    0.0127   -0.0208    0.0229   -0.0423    0.0232
            Y    -0.0123    0.0444    0.0141    0.0062   -0.0024    0.0107
            Z    -0.0384    0.0707    0.0202    0.0160    0.0234    0.0161
 AT.   9 O  X     0.0186    0.0276   -0.0253    0.0062   -0.0007   -0.0302
            Y    -0.0153   -0.0001    0.0003    0.0167   -0.0012    0.0212
            Z    -0.0558   -0.0261   -0.0046   -0.0139   -0.0122    0.0347
 AT.  10 O  X     0.0437    0.0190    0.0353    0.0018    0.0143   -0.0166
            Y    -0.0238    0.0067   -0.0308    0.0247   -0.0047   -0.0006
            Z     0.0457   -0.0061    0.0635   -0.0336    0.0423   -0.0283

 FREQ(CM**-1)    733.51    738.90    745.07    751.06    892.12    892.28

 AT.   1 CA X    -0.0002   -0.0041   -0.0035    0.0018   -0.0010    0.0001
            Y     0.0000    0.0073   -0.0046   -0.0004    0.0007   -0.0000
            Z    -0.0001   -0.0024   -0.0066    0.0013   -0.0015   -0.0002
 AT.   2 MG X    -0.0028    0.0040    0.0019   -0.0177    0.0021    0.0021
            Y    -0.0021    0.0116    0.0081    0.0046    0.0032    0.0009
            Z     0.0009    0.0011   -0.0077   -0.0170    0.0063   -0.0057
 AT.   3 C  X    -0.0190    0.0309   -0.0158   -0.0148   -0.0071    0.0036
            Y     0.0092    0.0027   -0.0537   -0.0203    0.0018    0.0014
            Z    -0.0012   -0.0019   -0.0007    0.0093    0.1778    0.0718
 AT.   4 C  X    -0.0476   -0.0509    0.0155   -0.0112    0.0036    0.0064
            Y     0.0220    0.0143    0.0540   -0.0319    0.0021   -0.0018
            Z    -0.0035    0.0052    0.0005   -0.0076   -0.0717    0.1778
 AT.   5 O  X    -0.0255    0.0019    0.0889    0.0311   -0.0042   -0.0020
            Y     0.0256   -0.0543    0.0547    0.0447   -0.0093   -0.0012
            Z    -0.0004   -0.0083    0.0128    0.0075   -0.0489   -0.0178
 AT.   6 O  X    -0.1086    0.1088    0.0062   -0.0274    0.0000   -0.0089
            Y    -0.0092    0.0001    0.0504    0.0771   -0.0011    0.0030
            Z     0.0161   -0.0170   -0.0007    0.0049    0.0245    0.0486
 AT.   7 O  X     0.0220   -0.0310    0.0470    0.0862   -0.0027    0.0043
            Y     0.0938   -0.0826   -0.0428   -0.0408   -0.0024   -0.0055
            Z    -0.0103    0.0067    0.0066    0.0129    0.0241    0.0500
 AT.   8 O  X     0.0300   -0.0023    0.0392   -0.0729    0.0036    0.0024
            Y    -0.0340   -0.0474    0.0265   -0.0801    0.0077    0.0012
            Z    -0.0002   -0.0075    0.0065   -0.0165    0.0293    0.0227
 AT.   9 O  X     0.1092    0.1085    0.0080    0.0085   -0.0018    0.0089
            Y     0.0085   -0.0020    0.0797   -0.0463    0.0015   -0.0031
            Z    -0.0164   -0.0172   -0.0040    0.0010    0.0203   -0.0489
 AT.  10 O  X    -0.0231   -0.0329    0.0775   -0.0483    0.0004   -0.0043
            Y    -0.0934   -0.0813   -0.0676    0.0327   -0.0051    0.0057
            Z     0.0103    0.0064    0.0156   -0.0110    0.0198   -0.0500

 FREQ(CM**-1)   1144.35   1145.92   1496.16   1538.55   1542.45   1591.29

 AT.   1 CA X    -0.0010   -0.0026    0.0000   -0.0012    0.0015   -0.0030
            Y    -0.0003   -0.0009    0.0000    0.0020    0.0017    0.0002
            Z    -0.0002    0.0030    0.0000   -0.0003    0.0036   -0.0028
 AT.   2 MG X     0.0018   -0.0083    0.0009    0.0009   -0.0016   -0.0007
            Y    -0.0005    0.0022   -0.0004   -0.0060   -0.0019    0.0001
            Z     0.0062    0.0041    0.0014    0.0063   -0.0015   -0.0003
 AT.   3 C  X    -0.0003   -0.0010    0.0199    0.0898   -0.0225    0.1704
            Y     0.0003   -0.0037    0.0900    0.1422    0.0101    0.0228
            Z     0.0007    0.0009   -0.0001    0.0025   -0.0016   -0.0036
 AT.   4 C  X    -0.0003   -0.0002   -0.0123   -0.0126    0.1396    0.0167
            Y    -0.0010    0.0041    0.1710   -0.0862   -0.1027   -0.0135
            Z    -0.0012   -0.0007    0.0012   -0.0035    0.0051   -0.0022
 AT.   5 O  X     0.0125    0.0397    0.0097   -0.0026    0.0079   -0.0457
            Y    -0.0095   -0.0310   -0.0120   -0.0115   -0.0074    0.0266
            Z    -0.0005   -0.0017   -0.0013   -0.0035    0.0002    0.0036
 AT.   6 O  X     0.0092   -0.0128    0.0066    0.0086   -0.0049    0.0088
            Y     0.0786   -0.1024    0.0722    0.0279    0.0313    0.0159
            Z    -0.0016    0.0009    0.0006   -0.0017   -0.0034   -0.0010
 AT.   7 O  X    -0.0734    0.0936    0.0182    0.0405   -0.0368    0.0410
            Y    -0.0307    0.0392    0.0166    0.0198   -0.0047    0.0132
            Z    -0.0015    0.0013   -0.0000   -0.0008   -0.0038    0.0015
 AT.   8 O  X     0.0400   -0.0117   -0.0078    0.0152    0.0305   -0.0336
            Y    -0.0316    0.0094    0.0101   -0.0031   -0.0237    0.0197
            Z    -0.0001   -0.0002    0.0013    0.0023    0.0011    0.0025
 AT.   9 O  X    -0.0126   -0.0093   -0.0068    0.0068   -0.0056   -0.0021
            Y    -0.1009   -0.0805   -0.0723    0.0361    0.0350    0.0052
            Z     0.0022    0.0009   -0.0006    0.0025   -0.0036    0.0017
 AT.  10 O  X     0.0934    0.0725   -0.0188    0.0162   -0.0381   -0.0015
            Y     0.0403    0.0298   -0.0168    0.0104   -0.0043   -0.0011
            Z     0.0016    0.0010   -0.0000    0.0024   -0.0031    0.0022

 MODES IN ANTI-PHASE

 FREQ(CM**-1)     82.75    122.73    127.20    146.33    168.13    196.50

 AT.   1 CA X     0.0000    0.0437   -0.0056   -0.0137   -0.0181    0.0073
            Y    -0.0000   -0.0248   -0.0090   -0.0186   -0.0318    0.0184
            Z    -0.0000    0.0258    0.0223   -0.0131   -0.0012    0.0023
 AT.   2 MG X     0.0190    0.0030   -0.0412   -0.0323    0.0063   -0.0066
            Y    -0.0370   -0.0099   -0.0168   -0.0094    0.0040    0.0080
            Z    -0.0321    0.0293    0.0235   -0.0267    0.0163   -0.0171
 AT.   3 C  X     0.0075    0.0159   -0.0148    0.0057   -0.0206    0.0066
            Y    -0.0445    0.0033   -0.0195   -0.0047    0.0212    0.0089
            Z    -0.0052   -0.0121    0.0205   -0.0240    0.0279    0.0351
 AT.   4 C  X     0.0002    0.0052    0.0037    0.0430    0.0151    0.0219
            Y     0.0069    0.0223   -0.0017    0.0084   -0.0082    0.0022
            Z     0.0079   -0.0165    0.0015    0.0481   -0.0180    0.0046
 AT.   5 O  X    -0.0133    0.0339   -0.0034    0.0152   -0.0531   -0.0136
            Y    -0.0717    0.0309   -0.0024    0.0070   -0.0233   -0.0141
            Z     0.0227   -0.0015    0.0251   -0.0222    0.0493    0.0101
 AT.   6 O  X     0.0034    0.0033    0.0000   -0.0359    0.0081   -0.0774
            Y    -0.0068    0.0235   -0.0171   -0.0054   -0.0085   -0.0054
            Z     0.0125   -0.0403    0.0246   -0.0520   -0.0036   -0.0978
 AT.   7 O  X     0.0032    0.0068   -0.0230   -0.0405    0.0001   -0.0110
            Y    -0.0109    0.0207   -0.0047   -0.0026   -0.0015   -0.0497
            Z    -0.0095    0.0605    0.0214   -0.0085    0.0249   -0.0502
 AT.   8 O  X     0.0133    0.0344    0.0172   -0.0366    0.0167   -0.0049
            Y     0.0717    0.0318    0.0151   -0.0086   -0.0007    0.0179
            Z    -0.0227   -0.0029   -0.0299   -0.0052   -0.0416    0.0226
 AT.   9 O  X    -0.0033    0.0038   -0.0223    0.0512   -0.0293    0.0422
            Y     0.0068    0.0231    0.0022    0.0082   -0.0006   -0.0020
            Z    -0.0126   -0.0398   -0.0063    0.0563   -0.0263    0.0713
 AT.  10 O  X    -0.0032    0.0062    0.0106    0.0321    0.0303    0.0212
            Y     0.0109    0.0211   -0.0192    0.0245   -0.0478    0.0036
            Z     0.0095    0.0607   -0.0035    0.0489   -0.0374   -0.0192

 FREQ(CM**-1)    202.77    218.32    242.19    271.89    289.81    326.84

 AT.   1 CA X     0.0040    0.0115   -0.0079    0.0397    0.0400    0.0128
            Y    -0.0026   -0.0249    0.0170   -0.0471   -0.0237   -0.0245
            Z     0.0064   -0.0270    0.0279    0.0252    0.0309   -0.0628
 AT.   2 MG X     0.0024    0.0019   -0.0040    0.0038   -0.0566    0.0031
            Y     0.0254   -0.0165    0.0633   -0.0394    0.0112    0.0026
            Z    -0.0237   -0.0153    0.0100   -0.0146   -0.0522   -0.0027
 AT.   3 C  X    -0.0141    0.0213   -0.0404   -0.0157    0.0029    0.0470
            Y    -0.0092   -0.0222   -0.0001   -0.0034    0.0122    0.0069
            Z     0.0216   -0.0054   -0.0109   -0.0029    0.0056   -0.0104
 AT.   4 C  X    -0.0106   -0.0164    0.0357    0.0410   -0.0147    0.0132
            Y    -0.0401    0.0104    0.0093    0.0212    0.0020    0.0102
            Z     0.0327    0.0001    0.0140    0.0227   -0.0161    0.0075
 AT.   5 O  X    -0.0261    0.0238   -0.0378   -0.0096   -0.0178    0.0283
            Y    -0.0285   -0.0231    0.0021    0.0062   -0.0135   -0.0176
            Z     0.0523   -0.0370    0.0673   -0.0139    0.0380    0.0536
 AT.   6 O  X    -0.0104   -0.0123    0.0469    0.0502   -0.0100   -0.0412
            Y     0.0516   -0.0289   -0.0305    0.0184    0.0185    0.0074
            Z     0.0123   -0.0104    0.0610    0.0564    0.0040    0.0734
 AT.   7 O  X     0.0167    0.0150    0.0216    0.0506   -0.0174   -0.0218
            Y     0.0280   -0.0528   -0.0145    0.0008    0.0181   -0.0072
            Z    -0.0172   -0.0509   -0.0175   -0.0471   -0.0280    0.0109
 AT.   8 O  X     0.0207    0.0393    0.0003   -0.0131   -0.0251    0.0170
            Y     0.0083   -0.0356   -0.0329    0.0038    0.0008   -0.0316
            Z    -0.0285   -0.0298   -0.0153   -0.0183    0.0298    0.0523
 AT.   9 O  X     0.0083   -0.0208    0.0499    0.0491   -0.0205    0.0055
            Y    -0.0450    0.0130    0.0086    0.0192    0.0046    0.0127
            Z    -0.0206   -0.0417    0.0648    0.0558   -0.0160    0.0104
 AT.  10 O  X    -0.0194   -0.0156    0.0296    0.0511   -0.0058    0.0134
            Y    -0.0221    0.0133    0.0215    0.0005   -0.0056    0.0169
            Z     0.0306    0.0100    0.0260   -0.0460    0.0171    0.0035

 FREQ(CM**-1)    338.64    360.81    377.83    407.83    415.55    435.01

 AT.   1 CA X     0.0001    0.0213    0.0120   -0.0001   -0.0015   -0.0105
            Y    -0.0077    0.0014    0.0062   -0.0104   -0.0146   -0.0150
            Z    -0.0028    0.0015   -0.0130    0.0272    0.0038    0.0149
 AT.   2 MG X     0.0121    0.0296   -0.0070    0.0071   -0.0044    0.0065
            Y     0.0289    0.0065   -0.0406    0.0236   -0.0012   -0.0036
            Z    -0.0049   -0.0089   -0.0039   -0.0165   -0.0043   -0.0047
 AT.   3 C  X     0.0451    0.0273   -0.0048    0.0021   -0.0131    0.0192
            Y    -0.0099    0.0018   -0.0003   -0.0130    0.0208   -0.0050
            Z     0.0039   -0.0020    0.0589    0.0102   -0.0256   -0.0120
 AT.   4 C  X     0.0199    0.0064   -0.0178    0.0247    0.0004    0.0035
            Y     0.0098    0.0227    0.0030    0.0167    0.0283    0.0121
            Z    -0.0460    0.0322    0.0487   -0.0164   -0.0155    0.0131
 AT.   5 O  X     0.0397    0.0203    0.0241    0.0123   -0.0433    0.0257
            Y    -0.0228   -0.0103    0.0410   -0.0022   -0.0062    0.0007
            Z     0.0408    0.0254    0.0414   -0.0223    0.0120   -0.0059
 AT.   6 O  X    -0.0610    0.0090    0.0298    0.0238   -0.0012   -0.0333
            Y    -0.0009   -0.0257   -0.0092    0.0268    0.0117    0.0280
            Z     0.0525   -0.0056   -0.0447   -0.0639   -0.0104    0.0362
 AT.   7 O  X    -0.0136   -0.0388    0.0216    0.0161    0.0109   -0.0131
            Y    -0.0395    0.0175    0.0080    0.0556    0.0107   -0.0024
            Z     0.0311    0.0356    0.0232   -0.0212    0.0066   -0.0326
 AT.   8 O  X    -0.0325   -0.0314   -0.0450   -0.0015   -0.0117    0.0110
            Y     0.0275   -0.0147   -0.0405   -0.0072   -0.0093   -0.0226
            Z    -0.0310   -0.0723   -0.0364   -0.0394   -0.0216   -0.0512
 AT.   9 O  X     0.0581   -0.0271   -0.0554    0.0250   -0.0013   -0.0139
            Y     0.0056    0.0301    0.0116    0.0210    0.0301    0.0214
            Z    -0.0380    0.0223    0.0520   -0.0690    0.0015    0.0111
 AT.  10 O  X     0.0010    0.0338   -0.0010    0.0186   -0.0049    0.0050
            Y     0.0484   -0.0245   -0.0325    0.0509    0.0352   -0.0046
            Z    -0.0463   -0.0379    0.0177   -0.0017   -0.0744   -0.0166

 FREQ(CM**-1)    733.51    738.90    745.07    751.06    892.12    892.28

 AT.   1 CA X    -0.0039   -0.0002   -0.0018    0.0033   -0.0019    0.0024
            Y     0.0006    0.0004   -0.0024   -0.0007    0.0014   -0.0006
            Z    -0.0018   -0.0001   -0.0035    0.0025   -0.0029   -0.0032
 AT.   2 MG X    -0.0014   -0.0060   -0.0012   -0.0007    0.0001    0.0011
            Y    -0.0011   -0.0177   -0.0050    0.0002    0.0002    0.0005
            Z     0.0004   -0.0017    0.0048   -0.0007    0.0003   -0.0029
 AT.   3 C  X     0.0437   -0.0404   -0.0038    0.0193   -0.0008   -0.0054
            Y    -0.0199    0.0198    0.0064    0.0448   -0.0031    0.0025
            Z     0.0033    0.0051   -0.0027    0.0040    0.0001   -0.1627
 AT.   4 C  X     0.0006    0.0009   -0.0049    0.0216    0.0062   -0.0011
            Y    -0.0008    0.0140    0.0028    0.0375   -0.0029   -0.0023
            Z    -0.0002    0.0015   -0.0028   -0.0067   -0.1627   -0.0004
 AT.   5 O  X     0.0372   -0.0371   -0.0125   -0.0672    0.0014    0.0037
            Y    -0.0679    0.0580   -0.0048   -0.0665    0.0028    0.0000
            Z    -0.0050    0.0064   -0.0008   -0.0149    0.0005    0.0455
 AT.   6 O  X     0.0116    0.0038    0.0054   -0.0087   -0.0023    0.0012
            Y    -0.0052   -0.0190    0.0622   -0.0028    0.0011   -0.0012
            Z    -0.0034   -0.0021   -0.0043    0.0047    0.0432   -0.0053
 AT.   7 O  X    -0.0105   -0.0185    0.0617    0.0011   -0.0014    0.0000
            Y    -0.0025    0.0067   -0.0526    0.0115   -0.0081    0.0018
            Z     0.0010   -0.0018    0.0144   -0.0045    0.0423   -0.0030
 AT.   8 O  X     0.0336    0.0371    0.0807   -0.0128   -0.0026    0.0035
            Y    -0.0641   -0.0637    0.0481   -0.0013   -0.0058   -0.0001
            Z    -0.0050   -0.0073    0.0111   -0.0023   -0.0392    0.0432
 AT.   9 O  X    -0.0023    0.0084    0.0021   -0.0274   -0.0013    0.0002
            Y    -0.0064    0.0189    0.0071    0.0617   -0.0003   -0.0009
            Z    -0.0014    0.0002    0.0018    0.0067    0.0453    0.0000
 AT.  10 O  X    -0.0077    0.0149    0.0046    0.0715   -0.0030    0.0005
            Y     0.0094   -0.0159   -0.0061   -0.0269   -0.0068    0.0012
            Z    -0.0003    0.0025   -0.0025    0.0080    0.0444    0.0025

 FREQ(CM**-1)   1144.35   1145.92   1496.16   1538.55   1542.45   1591.29

 AT.   1 CA X    -0.0028   -0.0009   -0.0009   -0.0020   -0.0003    0.0010
            Y    -0.0010   -0.0003   -0.0009    0.0032   -0.0003   -0.0001
            Z    -0.0006    0.0011   -0.0012   -0.0004   -0.0007    0.0010
 AT.   2 MG X     0.0003    0.0071    0.0005   -0.0000    0.0046    0.0037
            Y    -0.0001   -0.0019   -0.0003    0.0002    0.0056   -0.0003
            Z     0.0012   -0.0035    0.0009   -0.0002    0.0043    0.0017
 AT.   3 C  X     0.0003   -0.0029    0.0278   -0.0438    0.1378   -0.0064
            Y     0.0010    0.0017   -0.1455    0.0098   -0.1022   -0.0167
            Z     0.0011    0.0003   -0.0015    0.0025    0.0049   -0.0018
 AT.   4 C  X     0.0004   -0.0030   -0.0319   -0.0991   -0.0039    0.1697
            Y    -0.0002    0.0002    0.0048   -0.1135   -0.0036    0.0249
            Z    -0.0005    0.0006    0.0009   -0.0007   -0.0010   -0.0034
 AT.   5 O  X     0.0797   -0.0684   -0.0334    0.0157   -0.0611   -0.0041
            Y    -0.0625    0.0540    0.0317   -0.0093    0.0444    0.0021
            Z    -0.0009    0.0018    0.0002    0.0008   -0.0026    0.0005
 AT.   6 O  X    -0.0086    0.0011    0.0025    0.0119    0.0029    0.0148
            Y    -0.0633   -0.0008    0.0038    0.0544   -0.0157    0.0120
            Z     0.0015    0.0004   -0.0015    0.0019    0.0013   -0.0041
 AT.   7 O  X     0.0577   -0.0010    0.0120    0.0385    0.0107    0.0553
            Y     0.0261   -0.0013    0.0048    0.0217   -0.0000    0.0189
            Z     0.0008   -0.0001    0.0004    0.0023   -0.0011   -0.0017
 AT.   8 O  X     0.0701    0.0782   -0.0339    0.0047    0.0535    0.0312
            Y    -0.0547   -0.0615    0.0324   -0.0144   -0.0382   -0.0179
            Z    -0.0010   -0.0024    0.0003   -0.0028    0.0023   -0.0026
 AT.   9 O  X    -0.0010   -0.0088    0.0021    0.0130   -0.0008   -0.0170
            Y    -0.0004   -0.0633   -0.0004    0.0494    0.0026   -0.0192
            Z     0.0002    0.0003   -0.0015   -0.0007    0.0000    0.0039
 AT.  10 O  X    -0.0008    0.0593    0.0109    0.0535    0.0041   -0.0688
            Y     0.0012    0.0255    0.0038    0.0275    0.0018   -0.0230
            Z    -0.0003    0.0009    0.0004    0.0003    0.0024    0.0004


  DISPERSION K POINT NUMBER    19 COORD:  C(  2  0  0 )    WEIGHT:    1.

    MODES         EIGV          FREQUENCIES     IRREP
             (HARTREE**2)   (CM**-1)     (THZ)
    1-   1    0.8546E-07     64.1616    1.9235  (  1)
    2-   2    0.3212E-06    124.3938    3.7292  (  1)
    3-   3    0.3544E-06    130.6507    3.9168  (  1)
    4-   4    0.4407E-06    145.6945    4.3678  (  1)
    5-   5    0.4960E-06    154.5687    4.6339  (  1)
    6-   6    0.8625E-06    203.8307    6.1107  (  1)
    7-   7    0.9567E-06    214.6716    6.4357  (  1)
    8-   8    0.1123E-05    232.5816    6.9726  (  1)
    9-   9    0.1177E-05    238.0909    7.1378  (  1)
   10-  10    0.1439E-05    263.2521    7.8921  (  1)
   11-  11    0.1811E-05    295.3348    8.8539  (  1)
   12-  12    0.2087E-05    317.0802    9.5058  (  1)
   13-  13    0.2336E-05    335.4720   10.0572  (  1)
   14-  14    0.2479E-05    345.5914   10.3606  (  1)
   15-  15    0.3102E-05    386.5742   11.5892  (  1)
   16-  16    0.3423E-05    406.0550   12.1732  (  1)
   17-  17    0.3467E-05    408.6611   12.2514  (  1)
   18-  18    0.3991E-05    438.4771   13.1452  (  1)
   19-  19    0.1118E-04    733.6935   21.9956  (  1)
   20-  20    0.1137E-04    740.0603   22.1864  (  1)
   21-  21    0.1155E-04    745.9678   22.3636  (  1)
   22-  22    0.1175E-04    752.2573   22.5521  (  1)
   23-  23    0.1636E-04    887.8130   26.6160  (  1)
   24-  24    0.1652E-04    891.9524   26.7401  (  1)
   25-  25    0.2719E-04   1144.3485   34.3067  (  1)
   26-  26    0.2725E-04   1145.7602   34.3490  (  1)
   27-  27    0.4719E-04   1507.6498   45.1982  (  1)
   28-  28    0.4837E-04   1526.4333   45.7613  (  1)
   29-  29    0.5026E-04   1555.9333   46.6457  (  1)
   30-  30    0.5496E-04   1627.0836   48.7787  (  1)

 MODES IN PHASE

 FREQ(CM**-1)     64.16    124.39    130.65    145.69    154.57    203.83

 AT.   1 CA X    -0.0010   -0.0156   -0.0297    0.0176    0.0924    0.0116
            Y    -0.0046    0.0451    0.0797   -0.0205    0.0440    0.0096
            Z     0.0027    0.0500    0.0072    0.0894   -0.0178    0.0194
 AT.   2 MG X     0.0019   -0.0056   -0.0072   -0.0027   -0.0223    0.0182
            Y    -0.0276    0.0270   -0.0003   -0.0004    0.0227   -0.0079
            Z     0.0418    0.0199    0.0162    0.0018   -0.0124    0.0037
 AT.   3 C  X     0.0094    0.0071   -0.0033    0.0179    0.0261   -0.0276
            Y     0.0306   -0.0070   -0.0321    0.0027    0.0092    0.0173
            Z    -0.0555   -0.0184    0.0331    0.0052    0.0250   -0.0104
 AT.   4 C  X     0.0188   -0.0162    0.0013   -0.0228   -0.0226   -0.0002
            Y     0.0227    0.0478    0.0292   -0.0302   -0.0077   -0.0298
            Z    -0.0235    0.0377   -0.0294   -0.0072   -0.0190   -0.0040
 AT.   5 O  X     0.0296    0.0217   -0.0237    0.0328    0.0493   -0.0263
            Y     0.0561    0.0147   -0.0560    0.0245    0.0426    0.0206
            Z    -0.0708    0.0060    0.0448    0.0197    0.0103    0.0193
 AT.   6 O  X     0.0113   -0.0115   -0.0259   -0.0444    0.0310    0.0722
            Y    -0.0330    0.0504    0.0146   -0.0286   -0.0106    0.0126
            Z     0.0423    0.0333    0.0233   -0.0067   -0.0168    0.1045
 AT.   7 O  X    -0.0321   -0.0205    0.0095   -0.0220   -0.0190    0.0348
            Y    -0.0002    0.0592   -0.0163   -0.0558    0.0287    0.0300
            Z    -0.0023    0.0718   -0.0769   -0.0103   -0.0232   -0.0020
 AT.   8 O  X    -0.0365    0.0203   -0.0252    0.0258    0.0312    0.0305
            Y    -0.0629    0.0231   -0.0482    0.0193    0.0206    0.0165
            Z     0.0813    0.0073    0.0611    0.0240    0.0450   -0.0360
 AT.   9 O  X    -0.0056   -0.0084   -0.0378   -0.0619    0.0296   -0.0090
            Y     0.0263    0.0466    0.0332   -0.0246   -0.0156   -0.0331
            Z    -0.0303    0.0328    0.0001   -0.0081   -0.0226    0.0057
 AT.  10 O  X     0.0286   -0.0218    0.0204   -0.0002   -0.0326    0.0090
            Y     0.0003    0.0592   -0.0133   -0.0763    0.0326   -0.0505
            Z     0.0181    0.0728   -0.0711   -0.0226   -0.0261   -0.0245

 FREQ(CM**-1)    214.67    232.58    238.09    263.25    295.33    317.08

 AT.   1 CA X    -0.0004   -0.0346   -0.0276   -0.0008   -0.0216    0.0278
            Y    -0.0004    0.0020    0.0273   -0.0023    0.0487    0.0374
            Z    -0.0002   -0.0094   -0.0079   -0.0061    0.0319    0.0038
 AT.   2 MG X    -0.0065   -0.0103    0.0167    0.0095    0.0588   -0.0057
            Y    -0.0548   -0.0070    0.0156    0.0135    0.0176    0.0133
            Z    -0.0190   -0.0120    0.0015    0.0771   -0.0068   -0.0095
 AT.   3 C  X    -0.0216    0.0469   -0.0263   -0.0082    0.0112   -0.0385
            Y     0.0219    0.0037   -0.0147   -0.0016    0.0123    0.0114
            Z     0.0101    0.0188   -0.0083    0.0012   -0.0396   -0.0209
 AT.   4 C  X    -0.0338   -0.0387   -0.0260   -0.0045    0.0134   -0.0315
            Y     0.0604   -0.0021   -0.0134   -0.0085   -0.0165   -0.0019
            Z     0.0254    0.0042   -0.0096    0.0081    0.0235   -0.0337
 AT.   5 O  X    -0.0219    0.0274   -0.0221   -0.0185    0.0077   -0.0389
            Y     0.0159   -0.0198   -0.0059   -0.0239    0.0037    0.0069
            Z     0.0551   -0.0428   -0.0248   -0.0344   -0.0350   -0.0308
 AT.   6 O  X     0.0137   -0.0644    0.0458   -0.0112    0.0097    0.0015
            Y    -0.0578    0.0017   -0.0251    0.0113   -0.0179   -0.0238
            Z     0.0039   -0.0549    0.0435    0.0741   -0.0530   -0.0433
 AT.   7 O  X     0.0360   -0.0515   -0.0084    0.0241    0.0226    0.0204
            Y    -0.0734   -0.0003    0.0100   -0.0265   -0.0188   -0.0288
            Z    -0.0495    0.0207   -0.0130   -0.0965    0.0193    0.0504
 AT.   8 O  X     0.0204    0.0393    0.0379    0.0227    0.0148   -0.0039
            Y    -0.0145   -0.0155    0.0579    0.0302   -0.0068    0.0186
            Z    -0.0547   -0.0405   -0.0349    0.0276   -0.0172    0.0541
 AT.   9 O  X    -0.0145   -0.0405   -0.0381    0.0088   -0.0061   -0.0124
            Y     0.0574    0.0010   -0.0116   -0.0111   -0.0174   -0.0037
            Z    -0.0049   -0.0300    0.0093   -0.0790   -0.0369   -0.0284
 AT.  10 O  X    -0.0359   -0.0444   -0.0209   -0.0214    0.0163   -0.0400
            Y     0.0724    0.0120   -0.0237    0.0239   -0.0245    0.0305
            Z     0.0484    0.0314   -0.0151    0.0930    0.0309    0.0085

 FREQ(CM**-1)    335.47    345.59    386.57    406.05    408.66    438.48

 AT.   1 CA X    -0.0156   -0.0090    0.0072    0.0120   -0.0126    0.0094
            Y    -0.0146   -0.0238   -0.0021    0.0097   -0.0037   -0.0040
            Z    -0.0004    0.0801   -0.0004    0.0014   -0.0027   -0.0031
 AT.   2 MG X     0.0280    0.0031   -0.0103   -0.0028    0.0176    0.1581
            Y     0.0506   -0.0031   -0.0089    0.1443    0.0229   -0.0155
            Z    -0.0251   -0.0039    0.0399   -0.0035    0.1455   -0.0249
 AT.   3 C  X     0.0295   -0.0261    0.0323    0.0074    0.0046    0.0371
            Y    -0.0017   -0.0189   -0.0182    0.0204   -0.0011   -0.0084
            Z     0.0334    0.0029   -0.0051   -0.0022    0.0271   -0.0064
 AT.   4 C  X    -0.0196    0.0084   -0.0039    0.0232   -0.0167   -0.0010
            Y    -0.0159    0.0235    0.0049    0.0102    0.0167    0.0135
            Z     0.0106   -0.0275    0.0529    0.0102   -0.0236   -0.0211
 AT.   5 O  X     0.0505   -0.0140    0.0284   -0.0040    0.0240    0.0317
            Y     0.0258    0.0002   -0.0208    0.0094    0.0200   -0.0117
            Z     0.0689   -0.0608   -0.0272    0.0258    0.0253   -0.0041
 AT.   6 O  X     0.0342    0.0562    0.0323   -0.0023    0.0354   -0.0387
            Y     0.0089    0.0247   -0.0047   -0.0405   -0.0254   -0.0001
            Z    -0.0036   -0.0505   -0.0421    0.0348   -0.0343    0.0402
 AT.   7 O  X    -0.0142    0.0044   -0.0180   -0.0285    0.0094   -0.0197
            Y     0.0307    0.0580    0.0413   -0.0393    0.0044   -0.0359
            Z    -0.0829   -0.0593   -0.0267    0.0145    0.0476    0.0236
 AT.   8 O  X    -0.0363   -0.0085   -0.0302   -0.0276    0.0228   -0.0017
            Y    -0.0196    0.0036    0.0104   -0.0291   -0.0170    0.0218
            Z    -0.0101   -0.0637    0.0113   -0.0639   -0.0240    0.0004
 AT.   9 O  X    -0.0224    0.0530   -0.0419   -0.0016   -0.0077    0.0086
            Y    -0.0134    0.0224    0.0113    0.0166    0.0158    0.0106
            Z     0.0310   -0.0422    0.0552   -0.0310    0.0196   -0.0111
 AT.  10 O  X    -0.0237   -0.0017    0.0149    0.0264   -0.0225   -0.0034
            Y    -0.0079    0.0566   -0.0424    0.0078    0.0212    0.0269
            Z     0.0558   -0.0616    0.0180    0.0118   -0.0680   -0.0418

 FREQ(CM**-1)    733.69    740.06    745.97    752.26    887.81    891.95

 AT.   1 CA X    -0.0064   -0.0003   -0.0017    0.0012   -0.0001    0.0005
            Y     0.0050    0.0021   -0.0049    0.0003    0.0001   -0.0006
            Z    -0.0033    0.0003   -0.0064    0.0007    0.0000   -0.0006
 AT.   2 MG X     0.0001    0.0041   -0.0070    0.0171   -0.0017   -0.0005
            Y     0.0001    0.0121    0.0005   -0.0039   -0.0012   -0.0031
            Z     0.0000   -0.0017   -0.0013    0.0170   -0.0033    0.0013
 AT.   3 C  X     0.0305   -0.0416   -0.0187   -0.0162   -0.0019   -0.0005
            Y    -0.0066    0.0315   -0.0376   -0.0169   -0.0001    0.0029
            Z    -0.0002    0.0011   -0.0023    0.0073    0.1795   -0.0658
 AT.   4 C  X    -0.0202   -0.0412    0.0234   -0.0223   -0.0006    0.0005
            Y     0.0122    0.0320    0.0534   -0.0432    0.0041    0.0006
            Z    -0.0014    0.0011    0.0029    0.0030    0.0666    0.1776
 AT.   5 O  X     0.0226   -0.0580    0.0596    0.0248   -0.0049    0.0011
            Y    -0.0475    0.0553    0.0492    0.0476   -0.0058   -0.0005
            Z    -0.0022    0.0056    0.0089    0.0107   -0.0485    0.0206
 AT.   6 O  X     0.1097   -0.0479   -0.0070   -0.0388   -0.0007   -0.0025
            Y     0.0020   -0.0248    0.0764    0.0752   -0.0004    0.0011
            Z    -0.0155    0.0058   -0.0024    0.0090    0.0232    0.0309
 AT.   7 O  X    -0.0299   -0.0091    0.0786    0.0865   -0.0016    0.0003
            Y    -0.0890    0.0503   -0.0548   -0.0310   -0.0026   -0.0032
            Z     0.0099   -0.0038    0.0166    0.0099    0.0251    0.0332
 AT.   8 O  X     0.0383    0.0232    0.0332   -0.0457    0.0050    0.0025
            Y    -0.0777   -0.0429    0.0288   -0.0689    0.0063    0.0041
            Z    -0.0046   -0.0051    0.0039   -0.0149    0.0478    0.0226
 AT.   9 O  X     0.0490    0.1040   -0.0072    0.0314    0.0000    0.0053
            Y     0.0027    0.0260    0.0789   -0.0733    0.0007   -0.0017
            Z    -0.0085   -0.0169   -0.0027   -0.0071   -0.0173   -0.0500
 AT.  10 O  X    -0.0126   -0.0033    0.0815   -0.0820    0.0018   -0.0012
            Y    -0.0390   -0.0975   -0.0561    0.0357    0.0016    0.0059
            Z     0.0064    0.0095    0.0167   -0.0098   -0.0194   -0.0504

 FREQ(CM**-1)   1144.35   1145.76   1507.65   1526.43   1555.93   1627.08

 AT.   1 CA X    -0.0036    0.0002   -0.0001    0.0000    0.0011   -0.0008
            Y    -0.0013    0.0001    0.0021    0.0000   -0.0001    0.0001
            Z     0.0022    0.0002    0.0009    0.0000    0.0008   -0.0003
 AT.   2 MG X    -0.0006   -0.0089    0.0008    0.0007   -0.0071   -0.0049
            Y     0.0002    0.0023    0.0029    0.0061   -0.0012   -0.0016
            Z    -0.0024    0.0036   -0.0006   -0.0026   -0.0050   -0.0022
 AT.   3 C  X    -0.0020   -0.0032   -0.0280    0.0275   -0.0322    0.1686
            Y    -0.0010    0.0027    0.1713    0.0969   -0.0306    0.0061
            Z     0.0003   -0.0002    0.0027   -0.0026    0.0002    0.0018
 AT.   4 C  X     0.0014   -0.0042    0.0327    0.0229    0.1704    0.0324
            Y     0.0000    0.0022   -0.0970    0.1723   -0.0021   -0.0269
            Z    -0.0011   -0.0002   -0.0026   -0.0027    0.0008    0.0008
 AT.   5 O  X     0.0403   -0.0542    0.0382    0.0095    0.0004   -0.0507
            Y    -0.0313    0.0427   -0.0367   -0.0133    0.0004    0.0287
            Z    -0.0003    0.0015   -0.0001   -0.0015   -0.0017   -0.0003
 AT.   6 O  X    -0.0126    0.0127    0.0042    0.0092    0.0104    0.0064
            Y    -0.1016    0.0988    0.0357    0.0715   -0.0041   -0.0056
            Z     0.0024   -0.0008   -0.0007   -0.0024    0.0006    0.0007
 AT.   7 O  X     0.0926   -0.0918    0.0140    0.0319    0.0420    0.0263
            Y     0.0399   -0.0387    0.0105    0.0238    0.0136    0.0066
            Z     0.0012   -0.0018    0.0002   -0.0012   -0.0017   -0.0002
 AT.   8 O  X     0.0561    0.0387   -0.0118   -0.0078    0.0365    0.0502
            Y    -0.0437   -0.0305    0.0128    0.0113   -0.0223   -0.0286
            Z    -0.0006   -0.0011    0.0006    0.0013    0.0019    0.0009
 AT.   9 O  X    -0.0125   -0.0128    0.0035   -0.0094   -0.0147   -0.0017
            Y    -0.0987   -0.1019    0.0392   -0.0718   -0.0069    0.0097
            Z     0.0022    0.0008    0.0024    0.0025    0.0003   -0.0009
 AT.  10 O  X     0.0899    0.0945    0.0000   -0.0325   -0.0618   -0.0073
            Y     0.0391    0.0396    0.0059   -0.0240   -0.0205   -0.0006
            Z     0.0011    0.0018   -0.0002    0.0011    0.0007    0.0012

 MODES IN ANTI-PHASE

 FREQ(CM**-1)     64.16    124.39    130.65    145.69    154.57    203.83

 AT.   1 CA X    -0.0073   -0.0011   -0.0114   -0.0085    0.0307    0.0137
            Y    -0.0338    0.0031    0.0307    0.0099    0.0146    0.0113
            Z     0.0201    0.0035    0.0028   -0.0431   -0.0059    0.0227
 AT.   2 MG X     0.0008    0.0084    0.0058    0.0362    0.0198   -0.0033
            Y    -0.0113   -0.0400    0.0002    0.0060   -0.0201    0.0015
            Z     0.0171   -0.0296   -0.0131   -0.0240    0.0110   -0.0007
 AT.   3 C  X    -0.0170   -0.0151   -0.0061   -0.0315    0.0033    0.0341
            Y    -0.0155    0.0551   -0.0042   -0.0335    0.0020    0.0260
            Z     0.0099    0.0334    0.0070   -0.0098    0.0100    0.0191
 AT.   4 C  X    -0.0049   -0.0037   -0.0068    0.0282    0.0134    0.0439
            Y    -0.0257    0.0283   -0.0138    0.0148    0.0055    0.0093
            Z     0.0512    0.0061    0.0168    0.0084    0.0190    0.0214
 AT.   5 O  X    -0.0301   -0.0091   -0.0113   -0.0068   -0.0139    0.0266
            Y    -0.0332    0.0614   -0.0100   -0.0052   -0.0227    0.0200
            Z     0.0490    0.0100    0.0416   -0.0150    0.0614   -0.0333
 AT.   6 O  X     0.0200    0.0217   -0.0278    0.0437    0.0080    0.0025
            Y    -0.0207   -0.0241    0.0333    0.0087   -0.0119   -0.0315
            Z     0.0393   -0.0011   -0.0257    0.0050   -0.0152    0.0227
 AT.   7 O  X    -0.0089   -0.0106    0.0200   -0.0172   -0.0292    0.0147
            Y     0.0004    0.0045   -0.0019    0.0530    0.0161   -0.0463
            Z     0.0596    0.0120   -0.0210    0.0206   -0.0125   -0.0251
 AT.   8 O  X    -0.0211    0.0121   -0.0075   -0.0214    0.0405   -0.0217
            Y    -0.0170   -0.0588   -0.0301   -0.0159    0.0436    0.0236
            Z     0.0283   -0.0090   -0.0008   -0.0060   -0.0431    0.0138
 AT.   9 O  X     0.0223   -0.0230    0.0033    0.0075    0.0122    0.0717
            Y    -0.0288    0.0308   -0.0149    0.0169    0.0032    0.0074
            Z     0.0492    0.0057    0.0347    0.0021    0.0021    0.1068
 AT.  10 O  X    -0.0171    0.0077   -0.0085    0.0279    0.0121    0.0367
            Y     0.0004    0.0037   -0.0095    0.0106    0.0043    0.0222
            Z     0.0568   -0.0020   -0.0360   -0.0048   -0.0038   -0.0060

 FREQ(CM**-1)    214.67    232.58    238.09    263.25    295.33    317.08

 AT.   1 CA X     0.0212    0.0061    0.0503   -0.0068   -0.0034   -0.0232
            Y     0.0230   -0.0004   -0.0498   -0.0197    0.0078   -0.0312
            Z     0.0090    0.0017    0.0144   -0.0522    0.0051   -0.0032
 AT.   2 MG X    -0.0039    0.0284    0.0275    0.0041   -0.0725   -0.0328
            Y    -0.0330    0.0192    0.0258    0.0058   -0.0217    0.0767
            Z    -0.0115    0.0331    0.0024    0.0332    0.0084   -0.0548
 AT.   3 C  X     0.0264   -0.0310   -0.0061    0.0022    0.0324   -0.0033
            Y    -0.0576   -0.0015   -0.0285    0.0084   -0.0109   -0.0164
            Z    -0.0237    0.0075    0.0312   -0.0081   -0.0089   -0.0274
 AT.   4 C  X     0.0043    0.0408    0.0072    0.0073    0.0316   -0.0224
            Y     0.0121    0.0034    0.0291   -0.0009    0.0001    0.0198
            Z     0.0040    0.0198   -0.0308    0.0012   -0.0331    0.0073
 AT.   5 O  X     0.0394   -0.0396   -0.0308    0.0202    0.0239   -0.0031
            Y    -0.0375   -0.0092   -0.0648    0.0304   -0.0329   -0.0176
            Z    -0.0086    0.0008    0.0572   -0.0256    0.0516   -0.0605
 AT.   6 O  X     0.0212   -0.0586    0.0160   -0.0089   -0.0496    0.0129
            Y     0.0088    0.0015    0.0298   -0.0005   -0.0014   -0.0006
            Z     0.0273   -0.0633   -0.0387   -0.0301    0.0435    0.0210
 AT.   7 O  X    -0.0018   -0.0117    0.0301    0.0090   -0.0166    0.0443
            Y     0.0249   -0.0362    0.0217   -0.0080   -0.0212   -0.0363
            Z     0.0298   -0.0348    0.0262   -0.0040    0.0402    0.0005
 AT.   8 O  X     0.0402    0.0278    0.0021    0.0153   -0.0203    0.0389
            Y    -0.0381    0.0154   -0.0298    0.0241    0.0324   -0.0037
            Z    -0.0106    0.0139    0.0516   -0.0328   -0.0599    0.0411
 AT.   9 O  X     0.0207    0.0771   -0.0301   -0.0113    0.0502   -0.0038
            Y     0.0109   -0.0020    0.0372    0.0021   -0.0042    0.0235
            Z     0.0271    0.0783   -0.0575   -0.0122   -0.0578    0.0389
 AT.  10 O  X    -0.0031    0.0286    0.0232    0.0144    0.0228   -0.0280
            Y     0.0275    0.0341    0.0032   -0.0139    0.0144    0.0348
            Z     0.0316    0.0256    0.0250   -0.0262   -0.0323   -0.0497

 FREQ(CM**-1)    335.47    345.59    386.57    406.05    408.66    438.48

 AT.   1 CA X    -0.0335    0.0010    0.0600    0.0212   -0.0177    0.0172
            Y    -0.0312    0.0026   -0.0173    0.0172   -0.0051   -0.0073
            Z    -0.0008   -0.0089   -0.0031    0.0025   -0.0037   -0.0057
 AT.   2 MG X     0.0024   -0.0070   -0.0044   -0.0000   -0.0017    0.0034
            Y     0.0044    0.0070   -0.0038    0.0016   -0.0022   -0.0003
            Z    -0.0022    0.0090    0.0170   -0.0000   -0.0139   -0.0005
 AT.   3 C  X     0.0101    0.0006    0.0135   -0.0305    0.0182   -0.0183
            Y     0.0175    0.0187   -0.0104   -0.0228   -0.0212   -0.0108
            Z    -0.0235   -0.0279   -0.0566   -0.0104    0.0077    0.0272
 AT.   4 C  X    -0.0242   -0.0247   -0.0348   -0.0211    0.0085   -0.0413
            Y     0.0076   -0.0124    0.0204   -0.0288   -0.0130    0.0024
            Z    -0.0394   -0.0056    0.0206   -0.0031   -0.0154    0.0182
 AT.   5 O  X    -0.0051   -0.0238   -0.0110   -0.0346    0.0324    0.0181
            Y    -0.0039   -0.0158   -0.0410   -0.0284   -0.0111    0.0183
            Z     0.0446    0.0201   -0.0635   -0.0591   -0.0166   -0.0021
 AT.   6 O  X    -0.0006    0.0083   -0.0442   -0.0032    0.0042   -0.0144
            Y    -0.0101    0.0077    0.0280   -0.0052    0.0079    0.0124
            Z     0.0374   -0.0323    0.0598   -0.0152    0.0089    0.0125
 AT.   7 O  X    -0.0428    0.0272   -0.0110    0.0135   -0.0206   -0.0165
            Y     0.0154   -0.0002   -0.0096   -0.0147    0.0240    0.0091
            Z     0.0033    0.0172   -0.0335    0.0226   -0.0554   -0.0345
 AT.   8 O  X     0.0354    0.0263   -0.0039   -0.0213    0.0333    0.0365
            Y     0.0173    0.0153   -0.0448   -0.0067    0.0152   -0.0001
            Z     0.0815   -0.0063   -0.0682   -0.0086    0.0185   -0.0046
 AT.   9 O  X     0.0258   -0.0204   -0.0352   -0.0036    0.0348   -0.0404
            Y     0.0004   -0.0129    0.0261   -0.0373   -0.0214    0.0066
            Z     0.0213    0.0425    0.0481    0.0219   -0.0295    0.0406
 AT.  10 O  X    -0.0384   -0.0275   -0.0149   -0.0174    0.0021   -0.0255
            Y     0.0334   -0.0125    0.0006   -0.0412    0.0120   -0.0254
            Z    -0.0614   -0.0039   -0.0389    0.0241    0.0268    0.0014

 FREQ(CM**-1)    733.69    740.06    745.97    752.26    887.81    891.95

 AT.   1 CA X     0.0035    0.0006   -0.0003    0.0065   -0.0020    0.0011
            Y    -0.0028   -0.0040   -0.0009    0.0016    0.0008   -0.0012
            Z     0.0018   -0.0005   -0.0012    0.0038    0.0003   -0.0012
 AT.   2 MG X    -0.0050    0.0066    0.0081    0.0062   -0.0008   -0.0000
            Y    -0.0037    0.0195   -0.0005   -0.0014   -0.0006   -0.0002
            Z    -0.0019   -0.0028    0.0015    0.0061   -0.0016    0.0001
 AT.   3 C  X    -0.0385   -0.0039    0.0141    0.0198   -0.0001   -0.0003
            Y     0.0171   -0.0078    0.0385    0.0409   -0.0045   -0.0018
            Z    -0.0014   -0.0001    0.0018   -0.0018    0.0011   -0.1649
 AT.   4 C  X     0.0448    0.0067   -0.0005    0.0127    0.0017    0.0003
            Y    -0.0137    0.0057    0.0068    0.0098    0.0018   -0.0034
            Z     0.0004    0.0000   -0.0000   -0.0069   -0.1667   -0.0012
 AT.   5 O  X    -0.0310    0.0110   -0.0603   -0.0646    0.0015    0.0040
            Y     0.0619    0.0145   -0.0460   -0.0698    0.0041    0.0048
            Z     0.0041    0.0023   -0.0119   -0.0140   -0.0020    0.0447
 AT.   6 O  X     0.0120   -0.0931   -0.0017   -0.0143   -0.0053    0.0048
            Y    -0.0019   -0.0147    0.0213   -0.0080    0.0019   -0.0013
            Z     0.0002    0.0165   -0.0013    0.0039    0.0416   -0.0393
 AT.   7 O  X    -0.0042    0.0101    0.0230   -0.0024    0.0015   -0.0013
            Y    -0.0106    0.0836   -0.0142    0.0190   -0.0071    0.0050
            Z    -0.0012   -0.0089    0.0034   -0.0015    0.0402   -0.0381
 AT.   8 O  X    -0.0023    0.0542    0.0780   -0.0520    0.0008    0.0033
            Y     0.0066   -0.0378    0.0609   -0.0489    0.0033    0.0026
            Z    -0.0003   -0.0034    0.0143   -0.0094   -0.0087    0.0437
 AT.   9 O  X    -0.0988   -0.0121   -0.0010   -0.0269   -0.0054    0.0010
            Y    -0.0007    0.0124    0.0083    0.0186    0.0018    0.0001
            Z     0.0129    0.0044    0.0003    0.0068    0.0443    0.0003
 AT.  10 O  X     0.0275    0.0132    0.0075    0.0278    0.0013   -0.0006
            Y     0.0806    0.0049   -0.0070    0.0070   -0.0074    0.0005
            Z    -0.0077   -0.0018    0.0030    0.0021    0.0432    0.0028

 FREQ(CM**-1)   1144.35   1145.76   1507.65   1526.43   1555.93   1627.08

 AT.   1 CA X     0.0004   -0.0017   -0.0002   -0.0006    0.0026   -0.0055
            Y     0.0002   -0.0006    0.0033   -0.0009   -0.0004    0.0008
            Z    -0.0003   -0.0017    0.0014   -0.0005    0.0021   -0.0024
 AT.   2 MG X     0.0015   -0.0067   -0.0000    0.0004   -0.0010   -0.0020
            Y    -0.0004    0.0017   -0.0001    0.0038   -0.0002   -0.0006
            Z     0.0057    0.0027    0.0000   -0.0016   -0.0007   -0.0009
 AT.   3 C  X     0.0008    0.0028   -0.0204   -0.0089   -0.1675    0.0073
            Y    -0.0002   -0.0004   -0.0001   -0.1424    0.0095    0.0291
            Z    -0.0011    0.0001    0.0012    0.0015   -0.0009   -0.0004
 AT.   4 C  X    -0.0016    0.0004    0.0115   -0.0177   -0.0077   -0.1656
            Y    -0.0010   -0.0017   -0.1412    0.0006    0.0320   -0.0128
            Z    -0.0000    0.0001   -0.0016    0.0013   -0.0004   -0.0016
 AT.   5 O  X    -0.0701    0.0572    0.0052   -0.0216    0.0535    0.0059
            Y     0.0550   -0.0450   -0.0033    0.0255   -0.0320   -0.0036
            Z     0.0011   -0.0015    0.0006    0.0016    0.0010    0.0022
 AT.   6 O  X     0.0009    0.0019    0.0059    0.0035   -0.0104    0.0158
            Y     0.0006    0.0248    0.0605    0.0066   -0.0143    0.0155
            Z     0.0003    0.0001    0.0023   -0.0022    0.0011   -0.0009
 AT.   7 O  X    -0.0001   -0.0224    0.0067    0.0083   -0.0455    0.0632
            Y    -0.0016   -0.0085    0.0115    0.0028   -0.0154    0.0203
            Z     0.0002   -0.0003   -0.0001    0.0005   -0.0008    0.0038
 AT.   8 O  X     0.0583    0.0686    0.0367   -0.0222    0.0391   -0.0087
            Y    -0.0458   -0.0540   -0.0345    0.0264   -0.0229    0.0047
            Z    -0.0010   -0.0018    0.0001    0.0017   -0.0004    0.0021
 AT.   9 O  X     0.0022   -0.0012    0.0064    0.0028   -0.0004    0.0169
            Y     0.0240    0.0002    0.0582    0.0010   -0.0132    0.0133
            Z    -0.0009    0.0003    0.0004   -0.0020    0.0012   -0.0006
 AT.  10 O  X    -0.0223    0.0005    0.0155    0.0058   -0.0042    0.0680
            Y    -0.0081    0.0011    0.0144    0.0010   -0.0018    0.0213
            Z    -0.0004    0.0001    0.0001    0.0006   -0.0018    0.0036


  DISPERSION K POINT NUMBER    20 COORD:  C(  2  0  1 )    WEIGHT:    1.

    MODES         EIGV          FREQUENCIES     IRREP
             (HARTREE**2)   (CM**-1)     (THZ)
    1-   1    0.2140E-06    101.5241    3.0436  (  1)
    2-   2    0.3635E-06    132.3274    3.9671  (  1)
    3-   3    0.4768E-06    151.5476    4.5433  (  1)
    4-   4    0.5127E-06    157.1553    4.7114  (  1)
    5-   5    0.5476E-06    162.4110    4.8690  (  1)
    6-   6    0.7402E-06    188.8222    5.6607  (  1)
    7-   7    0.1004E-05    219.9135    6.5928  (  1)
    8-   8    0.1259E-05    246.2834    7.3834  (  1)
    9-   9    0.1287E-05    248.9489    7.4633  (  1)
   10-  10    0.1512E-05    269.8991    8.0914  (  1)
   11-  11    0.2012E-05    311.3107    9.3329  (  1)
   12-  12    0.2050E-05    314.2727    9.4217  (  1)
   13-  13    0.2391E-05    339.4037   10.1751  (  1)
   14-  14    0.2479E-05    345.5855   10.3604  (  1)
   15-  15    0.2814E-05    368.1898   11.0381  (  1)
   16-  16    0.3384E-05    403.7407   12.1038  (  1)
   17-  17    0.3558E-05    413.9672   12.4104  (  1)
   18-  18    0.3619E-05    417.4956   12.5162  (  1)
   19-  19    0.1117E-04    733.5227   21.9905  (  1)
   20-  20    0.1140E-04    740.9833   22.2141  (  1)
   21-  21    0.1141E-04    741.2695   22.2227  (  1)
   22-  22    0.1145E-04    742.6572   22.2643  (  1)
   23-  23    0.1642E-04    889.3751   26.6628  (  1)
   24-  24    0.1642E-04    889.4364   26.6646  (  1)
   25-  25    0.2719E-04   1144.3472   34.3067  (  1)
   26-  26    0.2719E-04   1144.3560   34.3069  (  1)
   27-  27    0.4793E-04   1519.4267   45.5513  (  1)
   28-  28    0.4862E-04   1530.3248   45.8780  (  1)
   29-  29    0.5134E-04   1572.5944   47.1452  (  1)
   30-  30    0.5393E-04   1611.7039   48.3177  (  1)

 MODES IN PHASE

 FREQ(CM**-1)    101.52    132.33    151.55    157.16    162.41    188.82

 AT.   1 CA X    -0.0111    0.0800   -0.0692   -0.0046   -0.0019   -0.0180
            Y    -0.0294    0.0144    0.0506    0.0871   -0.0024   -0.0009
            Z     0.0062   -0.0172   -0.0383    0.0605    0.0068   -0.0153
 AT.   2 MG X     0.0081   -0.0339   -0.0047   -0.0275    0.0022   -0.0003
            Y    -0.0063   -0.0166    0.0445    0.0181    0.0005    0.0083
            Z     0.0288   -0.0070    0.0242   -0.0200   -0.0003   -0.0227
 AT.   3 C  X     0.0016    0.0167   -0.0048    0.0308    0.0038    0.0214
            Y    -0.0122   -0.0085   -0.0247   -0.0186    0.0403    0.0119
            Z    -0.0332   -0.0198   -0.0302    0.0102   -0.0392    0.0006
 AT.   4 C  X     0.0019   -0.0191    0.0329   -0.0178   -0.0093    0.0262
            Y    -0.0117    0.0170    0.0050    0.0102    0.0138   -0.0064
            Z    -0.0325    0.0256    0.0177   -0.0408    0.0010    0.0439
 AT.   5 O  X     0.0294    0.0543   -0.0056    0.0314    0.0206    0.0198
            Y     0.0253    0.0407   -0.0241   -0.0114    0.0601    0.0055
            Z    -0.0640   -0.0185   -0.0441    0.0358   -0.0700   -0.0546
 AT.   6 O  X     0.0225    0.0212   -0.0673   -0.0090    0.0006    0.0252
            Y    -0.0101   -0.0098    0.0197    0.0117   -0.0198   -0.0097
            Z     0.0366   -0.0262   -0.0381    0.0620    0.0280    0.0650
 AT.   7 O  X    -0.0050   -0.0363    0.0113   -0.0126    0.0048   -0.0268
            Y     0.0388    0.0567    0.0517    0.0129   -0.0098   -0.0223
            Z     0.0939    0.0240    0.0193   -0.0173   -0.0129   -0.0488
 AT.   8 O  X    -0.0271    0.0549   -0.0068    0.0327   -0.0190   -0.0313
            Y    -0.0311    0.0408   -0.0184   -0.0104   -0.0602    0.0044
            Z     0.0332   -0.0192   -0.0409    0.0290    0.0718    0.0312
 AT.   9 O  X     0.0195    0.0223   -0.0611   -0.0021   -0.0051    0.0171
            Y     0.0172   -0.0096    0.0222    0.0082    0.0250    0.0097
            Z    -0.0176   -0.0255   -0.0332    0.0739   -0.0276   -0.0057
 AT.  10 O  X     0.0211   -0.0357    0.0118   -0.0198   -0.0076    0.0133
            Y    -0.0547    0.0555    0.0502    0.0170    0.0076    0.0123
            Z    -0.0300    0.0227    0.0149   -0.0076    0.0205    0.0210

 FREQ(CM**-1)    219.91    246.28    248.95    269.90    311.31    314.27

 AT.   1 CA X    -0.0042    0.0228   -0.0101   -0.0007    0.0660   -0.0065
            Y     0.0034    0.0145    0.0019   -0.0034    0.0022    0.0362
            Z     0.0426    0.0235    0.0297   -0.0034   -0.0357    0.0021
 AT.   2 MG X     0.0226   -0.0306    0.0229    0.0133    0.0691    0.0247
            Y     0.0115   -0.0290   -0.0251   -0.0096    0.0478   -0.0513
            Z    -0.0190    0.0277   -0.0226   -0.0276    0.0247    0.0127
 AT.   3 C  X    -0.0019   -0.0533   -0.0278    0.0363   -0.0157   -0.0318
            Y     0.0465   -0.0297    0.0314    0.0086    0.0326   -0.0067
            Z    -0.0167    0.0161   -0.0050    0.0116   -0.0159   -0.0213
 AT.   4 C  X     0.0131    0.0445   -0.0124    0.0369    0.0354    0.0277
            Y    -0.0383   -0.0153    0.0576    0.0029   -0.0194   -0.0077
            Z     0.0085   -0.0174    0.0101    0.0089   -0.0079    0.0048
 AT.   5 O  X     0.0133   -0.0403   -0.0334    0.0509   -0.0325   -0.0231
            Y     0.0661   -0.0066    0.0242    0.0257    0.0064    0.0011
            Z    -0.0329    0.0466    0.0148    0.0499    0.0330   -0.0948
 AT.   6 O  X     0.0025    0.0213   -0.0170    0.0249   -0.0379    0.0096
            Y    -0.0431    0.0376   -0.0558   -0.0284   -0.0147   -0.0085
            Z     0.0216    0.0096   -0.0041   -0.0581    0.0529   -0.0520
 AT.   7 O  X     0.0350    0.0454    0.0227   -0.0235    0.0296    0.0151
            Y    -0.0135   -0.0117    0.0312    0.0152    0.0000   -0.0051
            Z    -0.0269   -0.0414    0.0372    0.0371    0.0139    0.0062
 AT.   8 O  X     0.0423   -0.0432   -0.0145   -0.0456   -0.0313    0.0072
            Y     0.0769   -0.0047   -0.0380   -0.0560    0.0002    0.0293
            Z    -0.0665    0.0469    0.0367   -0.0175    0.0344    0.0351
 AT.   9 O  X    -0.0208    0.0296    0.0206   -0.0453   -0.0395    0.0038
            Y    -0.0124    0.0378   -0.0137    0.0259   -0.0094   -0.0066
            Z    -0.0148    0.0130    0.0589    0.0297    0.0547    0.0481
 AT.  10 O  X     0.0110    0.0426   -0.0177    0.0501    0.0305    0.0250
            Y    -0.0251   -0.0175    0.0762   -0.0280   -0.0077   -0.0100
            Z    -0.0383   -0.0403    0.0541   -0.0672    0.0251    0.0122

 FREQ(CM**-1)    339.40    345.59    368.19    403.74    413.97    417.50

 AT.   1 CA X    -0.0430   -0.0097   -0.0109   -0.0364   -0.0127   -0.0085
            Y    -0.0382    0.0021    0.0363    0.0113   -0.0091    0.0025
            Z    -0.0122   -0.0255   -0.0115   -0.0037    0.0032    0.0293
 AT.   2 MG X    -0.0406    0.0237    0.0187   -0.0374    0.1366    0.0408
            Y    -0.0376    0.0069   -0.0109    0.0064   -0.0459    0.1402
            Z    -0.0381    0.0001   -0.0252    0.1364    0.0369   -0.0098
 AT.   3 C  X    -0.0141    0.0340   -0.0336    0.0157    0.0017   -0.0210
            Y     0.0198   -0.0116   -0.0003    0.0131   -0.0157    0.0036
            Z     0.0427    0.0346    0.0178   -0.0023    0.0172    0.0326
 AT.   4 C  X     0.0132    0.0341   -0.0347   -0.0130   -0.0211    0.0107
            Y    -0.0222   -0.0116   -0.0142    0.0016    0.0113    0.0142
            Z    -0.0427    0.0348    0.0184    0.0074   -0.0404   -0.0009
 AT.   5 O  X     0.0049    0.0532   -0.0234    0.0193    0.0198   -0.0119
            Y     0.0483    0.0082    0.0141    0.0142    0.0012    0.0143
            Z     0.0424    0.0333   -0.0068    0.0469    0.0044    0.0105
 AT.   6 O  X     0.0008   -0.0014    0.0314    0.0179   -0.0023    0.0460
            Y    -0.0297    0.0082    0.0388   -0.0361    0.0074   -0.0287
            Z    -0.0398    0.0223   -0.0530    0.0098   -0.0103   -0.0491
 AT.   7 O  X     0.0078   -0.0394   -0.0017   -0.0040   -0.0286    0.0107
            Y     0.0341    0.0433   -0.0249   -0.0052    0.0352    0.0221
            Z    -0.0285   -0.0454    0.0583   -0.0289   -0.0685   -0.0138
 AT.   8 O  X     0.0071   -0.0071    0.0050    0.0166    0.0326   -0.0118
            Y     0.0319    0.0104    0.0195    0.0250    0.0068    0.0152
            Z     0.0498    0.0103    0.0774    0.0630    0.0111    0.0116
 AT.   9 O  X    -0.0566    0.0145    0.0153    0.0247   -0.0001    0.0453
            Y    -0.0034    0.0034   -0.0292   -0.0330    0.0105   -0.0290
            Z     0.0336    0.0334   -0.0248   -0.0118   -0.0108   -0.0477
 AT.  10 O  X    -0.0101    0.0430   -0.0237   -0.0121   -0.0291    0.0110
            Y     0.0238   -0.0366   -0.0363   -0.0183    0.0294    0.0230
            Z     0.0119    0.0981    0.0090   -0.0170   -0.0699   -0.0137

 FREQ(CM**-1)    733.52    740.98    741.27    742.66    889.38    889.44

 AT.   1 CA X    -0.0006    0.0045   -0.0013    0.0028    0.0012    0.0003
            Y     0.0003   -0.0066    0.0004    0.0022   -0.0008    0.0005
            Z     0.0047   -0.0016   -0.0044   -0.0010   -0.0002    0.0006
 AT.   2 MG X     0.0068    0.0031    0.0111    0.0029    0.0018   -0.0008
            Y    -0.0180    0.0035    0.0042    0.0010   -0.0019   -0.0008
            Z     0.0009    0.0104   -0.0045    0.0081   -0.0002    0.0006
 AT.   3 C  X     0.0344   -0.0357    0.0103   -0.0340    0.0016    0.0008
            Y     0.0055   -0.0201   -0.0337    0.0111   -0.0049   -0.0034
            Z     0.0043    0.0007    0.0017    0.0003   -0.1648    0.1788
 AT.   4 C  X     0.0284    0.0002    0.0072   -0.0257   -0.0007    0.0016
            Y    -0.0257   -0.0422   -0.0321    0.0179    0.0034   -0.0048
            Z     0.0029    0.0019    0.0022    0.0003    0.1788    0.1648
 AT.   5 O  X    -0.0030    0.0324    0.0597   -0.0121    0.0020   -0.0070
            Y    -0.0660    0.0768    0.0164    0.0666    0.0051   -0.0041
            Z    -0.0080    0.0111    0.0084    0.0089    0.0451   -0.0481
 AT.   6 O  X     0.0625    0.0051   -0.0602   -0.0653    0.0038   -0.0027
            Y     0.0356    0.0631    0.0119    0.0513   -0.0025    0.0004
            Z    -0.0088   -0.0018    0.0098    0.0119   -0.0401    0.0230
 AT.   7 O  X    -0.0575   -0.0008    0.0142   -0.0369    0.0009    0.0011
            Y     0.0403    0.0558   -0.0941    0.0396    0.0007   -0.0020
            Z    -0.0090   -0.0053    0.0154   -0.0096   -0.0074    0.0235
 AT.   8 O  X    -0.0648   -0.0146    0.0136   -0.0227    0.0012    0.0053
            Y    -0.0388    0.0514   -0.0481   -0.0906    0.0000    0.0046
            Z    -0.0089    0.0056   -0.0065   -0.0159    0.0253    0.0379
 AT.   9 O  X     0.0621   -0.0395    0.0825    0.0080   -0.0013   -0.0021
            Y    -0.0314    0.0575    0.0388   -0.0485    0.0022   -0.0007
            Z    -0.0081    0.0033   -0.0141   -0.0016    0.0237    0.0068
 AT.  10 O  X    -0.0065   -0.0498   -0.0393   -0.0175   -0.0026   -0.0007
            Y     0.0789    0.0611    0.0511   -0.0527    0.0085    0.0033
            Z    -0.0096   -0.0102   -0.0128    0.0068   -0.0471   -0.0456

 FREQ(CM**-1)   1144.35   1144.36   1519.43   1530.32   1572.59   1611.70

 AT.   1 CA X     0.0003   -0.0012    0.0002    0.0023    0.0001    0.0001
            Y    -0.0035   -0.0001   -0.0008   -0.0045    0.0001    0.0000
            Z     0.0002   -0.0001   -0.0038    0.0017   -0.0003   -0.0000
 AT.   2 MG X    -0.0080   -0.0017    0.0044   -0.0022    0.0034    0.0000
            Y     0.0050   -0.0028   -0.0053    0.0034    0.0028    0.0000
            Z    -0.0002    0.0001   -0.0023   -0.0072   -0.0001    0.0000
 AT.   3 C  X    -0.0018   -0.0005    0.0957   -0.0719    0.0919    0.0529
            Y    -0.0012    0.0006   -0.1140   -0.0965   -0.0942    0.1123
            Z    -0.0001    0.0003   -0.0048   -0.0010    0.0043   -0.0017
 AT.   4 C  X    -0.0035   -0.0018    0.0081    0.1419    0.0172    0.1278
            Y    -0.0009    0.0000   -0.1217    0.0440    0.1246    0.0291
            Z    -0.0006    0.0005   -0.0026   -0.0007   -0.0025    0.0008
 AT.   5 O  X    -0.0110    0.0410   -0.0468    0.0033   -0.0455    0.0023
            Y     0.0097   -0.0308    0.0381    0.0072    0.0338   -0.0153
            Z     0.0001   -0.0001    0.0035   -0.0002   -0.0025   -0.0006
 AT.   6 O  X     0.0114    0.0074   -0.0043    0.0012   -0.0048   -0.0001
            Y     0.0930    0.0516   -0.0547   -0.0134   -0.0525    0.0315
            Z    -0.0011   -0.0005   -0.0007   -0.0024    0.0007   -0.0024
 AT.   7 O  X     0.0746    0.0922    0.0291   -0.0618    0.0410    0.0545
            Y     0.0315    0.0392    0.0127   -0.0245    0.0182    0.0183
            Z     0.0014    0.0016    0.0018    0.0009   -0.0012    0.0030
 AT.   8 O  X     0.0406    0.0116   -0.0242    0.0084    0.0303   -0.0011
            Y    -0.0296   -0.0089    0.0141    0.0039   -0.0119    0.0144
            Z    -0.0014   -0.0004    0.0010    0.0000    0.0012    0.0006
 AT.   9 O  X     0.0063   -0.0125    0.0006   -0.0007   -0.0043   -0.0003
            Y     0.0498   -0.0948   -0.0506   -0.0191    0.0370   -0.0329
            Z    -0.0011    0.0017   -0.0022   -0.0024   -0.0014    0.0025
 AT.  10 O  X     0.0955   -0.0726    0.0123   -0.0594   -0.0229   -0.0542
            Y     0.0400   -0.0314    0.0138   -0.0229   -0.0208   -0.0180
            Z     0.0014   -0.0009    0.0024    0.0010    0.0031   -0.0030

 MODES IN ANTI-PHASE

 FREQ(CM**-1)    101.52    132.33    151.55    157.16    162.41    188.82

 AT.   1 CA X    -0.0185    0.0010   -0.0057    0.0007    0.0243    0.0458
            Y    -0.0490    0.0002    0.0042   -0.0124    0.0317    0.0024
            Z     0.0104   -0.0002   -0.0032   -0.0086   -0.0889    0.0391
 AT.   2 MG X     0.0135   -0.0004   -0.0004    0.0039   -0.0286    0.0007
            Y    -0.0105   -0.0002    0.0037   -0.0026   -0.0065   -0.0211
            Z     0.0480   -0.0001    0.0020    0.0028    0.0042    0.0579
 AT.   3 C  X    -0.0079    0.0127   -0.0334   -0.0063   -0.0114    0.0317
            Y    -0.0126   -0.0148    0.0040    0.0047   -0.0008   -0.0038
            Z    -0.0194   -0.0184   -0.0076    0.0483    0.0163    0.0451
 AT.   4 C  X     0.0079   -0.0086   -0.0072   -0.0258    0.0076    0.0279
            Y     0.0130    0.0004    0.0246    0.0162    0.0379    0.0108
            Z     0.0205    0.0086    0.0256    0.0278   -0.0425    0.0106
 AT.   5 O  X    -0.0150    0.0235   -0.0079   -0.0089   -0.0085    0.0246
            Y    -0.0217    0.0052    0.0330   -0.0019    0.0055   -0.0123
            Z     0.0035   -0.0293    0.0156    0.0193   -0.0166    0.0129
 AT.   6 O  X     0.0341    0.0430    0.0322   -0.0237    0.0294   -0.0523
            Y     0.0141    0.0071    0.0170    0.0107   -0.0356   -0.0038
            Z    -0.0004    0.0283    0.0262   -0.0513   -0.0005   -0.0616
 AT.   7 O  X     0.0212    0.0258    0.0041    0.0273    0.0185    0.0093
            Y    -0.0413   -0.0449   -0.0047   -0.0165    0.0138    0.0060
            Z     0.0160   -0.0482   -0.0250   -0.0323   -0.0505    0.0217
 AT.   8 O  X     0.0189   -0.0221    0.0068   -0.0003   -0.0115    0.0045
            Y     0.0121   -0.0042   -0.0365    0.0050   -0.0037   -0.0127
            Z    -0.0549    0.0289   -0.0226   -0.0286   -0.0057    0.0466
 AT.   9 O  X     0.0359   -0.0424   -0.0428    0.0253    0.0290   -0.0555
            Y    -0.0023   -0.0074   -0.0135   -0.0136   -0.0321    0.0038
            Z     0.0321   -0.0290   -0.0321    0.0319   -0.0048   -0.0894
 AT.  10 O  X     0.0056   -0.0267   -0.0021   -0.0227    0.0175    0.0250
            Y     0.0148    0.0464    0.0131    0.0122    0.0151    0.0195
            Z     0.0904    0.0488    0.0279    0.0358   -0.0479    0.0490

 FREQ(CM**-1)    219.91    246.28    248.95    269.90    311.31    314.27

 AT.   1 CA X     0.0016    0.0011   -0.0079   -0.0016   -0.0060    0.0095
            Y    -0.0013    0.0007    0.0015   -0.0082   -0.0002   -0.0534
            Z    -0.0160    0.0012    0.0232   -0.0080    0.0033   -0.0031
 AT.   2 MG X    -0.0085   -0.0015    0.0179    0.0316   -0.0063   -0.0364
            Y    -0.0043   -0.0015   -0.0196   -0.0229   -0.0044    0.0755
            Z     0.0071    0.0014   -0.0176   -0.0657   -0.0023   -0.0187
 AT.   3 C  X    -0.0350   -0.0247   -0.0110    0.0072   -0.0331    0.0101
            Y    -0.0175    0.0302   -0.0503   -0.0222   -0.0023   -0.0151
            Z     0.0226    0.0118   -0.0196   -0.0093    0.0240   -0.0107
 AT.   4 C  X    -0.0325    0.0384    0.0272    0.0020   -0.0095   -0.0187
            Y    -0.0316    0.0395    0.0143    0.0236   -0.0263   -0.0146
            Z     0.0268   -0.0098    0.0176    0.0119    0.0276   -0.0233
 AT.   5 O  X    -0.0492   -0.0309   -0.0066   -0.0140   -0.0037    0.0014
            Y    -0.0413    0.0191   -0.0452   -0.0532    0.0337   -0.0320
            Z     0.0635    0.0056    0.0341    0.0243   -0.0107   -0.0001
 AT.   6 O  X     0.0344    0.0843    0.0255   -0.0390    0.0122   -0.0079
            Y    -0.0305    0.0036   -0.0002    0.0084   -0.0275    0.0105
            Z     0.0473    0.0346    0.0617   -0.0153   -0.0147   -0.0311
 AT.   7 O  X     0.0233   -0.0255   -0.0240    0.0471   -0.0079   -0.0329
            Y     0.0227   -0.0584    0.0707   -0.0243    0.0427    0.0127
            Z     0.0275    0.0081    0.0464   -0.0577   -0.0629   -0.0156
 AT.   8 O  X     0.0283    0.0267   -0.0308    0.0266    0.0096    0.0220
            Y    -0.0123   -0.0196    0.0345   -0.0188   -0.0343   -0.0128
            Z    -0.0262   -0.0009    0.0061    0.0527    0.0046    0.0880
 AT.   9 O  X    -0.0275   -0.0818   -0.0226   -0.0095   -0.0051   -0.0119
            Y     0.0514    0.0002   -0.0541   -0.0144    0.0297    0.0118
            Z    -0.0498   -0.0335   -0.0190   -0.0522    0.0048    0.0369
 AT.  10 O  X    -0.0406    0.0299    0.0279    0.0161    0.0024   -0.0261
            Y    -0.0082    0.0569    0.0131   -0.0061   -0.0420    0.0094
            Z    -0.0030   -0.0122    0.0248   -0.0138    0.0593   -0.0115

 FREQ(CM**-1)    339.40    345.59    368.19    403.74    413.97    417.50

 AT.   1 CA X     0.0281   -0.0171   -0.0133    0.0084   -0.0016    0.0001
            Y     0.0250    0.0037    0.0443   -0.0026   -0.0012   -0.0000
            Z     0.0080   -0.0450   -0.0140    0.0009    0.0004   -0.0004
 AT.   2 MG X     0.0266    0.0417    0.0229    0.0086    0.0175   -0.0006
            Y     0.0246    0.0122   -0.0134   -0.0015   -0.0059   -0.0021
            Z     0.0249    0.0001   -0.0308   -0.0315    0.0047    0.0002
 AT.   3 C  X    -0.0072    0.0069    0.0090   -0.0001    0.0214    0.0004
            Y    -0.0228   -0.0028    0.0438   -0.0223   -0.0074   -0.0189
            Z    -0.0024    0.0091   -0.0049   -0.0098    0.0372   -0.0191
 AT.   4 C  X    -0.0087   -0.0064    0.0022   -0.0089    0.0040    0.0181
            Y    -0.0204    0.0026   -0.0414   -0.0258    0.0132   -0.0130
            Z     0.0024   -0.0086   -0.0010   -0.0068   -0.0068   -0.0378
 AT.   5 O  X    -0.0056    0.0236    0.0004    0.0017    0.0534   -0.0056
            Y    -0.0137    0.0170    0.0227   -0.0279    0.0222   -0.0294
            Z    -0.0358    0.0318    0.0776   -0.0475    0.0272   -0.0335
 AT.   6 O  X     0.0621    0.0160    0.0219   -0.0197    0.0082    0.0230
            Y    -0.0092    0.0089   -0.0220    0.0012    0.0131    0.0087
            Z    -0.0541    0.0522   -0.0360    0.0468   -0.0031   -0.0463
 AT.   7 O  X     0.0144    0.0265   -0.0246    0.0192   -0.0057   -0.0100
            Y    -0.0111   -0.0167   -0.0421    0.0311   -0.0187   -0.0293
            Z    -0.0254    0.0872    0.0210   -0.0205   -0.0144   -0.0035
 AT.   8 O  X    -0.0023    0.0577   -0.0229   -0.0100   -0.0467    0.0059
            Y    -0.0388    0.0157    0.0183    0.0188   -0.0211    0.0290
            Z    -0.0245    0.0449    0.0086    0.0221   -0.0252    0.0331
 AT.   9 O  X    -0.0256    0.0070    0.0351    0.0098   -0.0085   -0.0244
            Y     0.0309    0.0116    0.0337    0.0148   -0.0108   -0.0078
            Z     0.0582    0.0459   -0.0591   -0.0463    0.0004    0.0477
 AT.  10 O  X    -0.0129   -0.0203   -0.0065   -0.0155   -0.0017    0.0097
            Y    -0.0268    0.0286   -0.0327   -0.0257    0.0270    0.0286
            Z     0.0362    0.0058    0.0613    0.0310   -0.0033    0.0039

 FREQ(CM**-1)    733.52    740.98    741.27    742.66    889.38    889.44

 AT.   1 CA X    -0.0004    0.0017   -0.0020    0.0066   -0.0011    0.0010
            Y     0.0002   -0.0025    0.0006    0.0052    0.0007    0.0015
            Z     0.0033   -0.0006   -0.0068   -0.0023    0.0001    0.0018
 AT.   2 MG X     0.0048    0.0012    0.0173    0.0068   -0.0016   -0.0024
            Y    -0.0126    0.0013    0.0065    0.0024    0.0016   -0.0022
            Z     0.0006    0.0040   -0.0070    0.0191    0.0002    0.0016
 AT.   3 C  X    -0.0083   -0.0076    0.0310    0.0301    0.0021    0.0023
            Y     0.0381    0.0389   -0.0156    0.0291   -0.0027   -0.0044
            Z    -0.0002   -0.0018   -0.0046    0.0001    0.0692   -0.0001
 AT.   4 C  X    -0.0211    0.0365   -0.0318   -0.0374    0.0025   -0.0018
            Y    -0.0286    0.0117    0.0187   -0.0256   -0.0044    0.0027
            Z    -0.0032   -0.0003    0.0044   -0.0001    0.0001    0.0692
 AT.   5 O  X    -0.0679   -0.0581    0.0422   -0.0433   -0.0010   -0.0004
            Y    -0.0171   -0.0087   -0.0453   -0.0617    0.0006    0.0022
            Z    -0.0066   -0.0040   -0.0033   -0.0136   -0.0198   -0.0006
 AT.   6 O  X     0.0432   -0.0650    0.0633   -0.0519    0.0018   -0.0071
            Y    -0.0465    0.0158    0.0480   -0.0179   -0.0025   -0.0006
            Z    -0.0054    0.0070   -0.0111    0.0092   -0.0290    0.0416
 AT.   7 O  X     0.0142   -0.0738   -0.0368   -0.0600    0.0027    0.0003
            Y     0.0692    0.0292    0.0134   -0.0351   -0.0085    0.0029
            Z    -0.0069   -0.0094   -0.0071    0.0001    0.0466   -0.0445
 AT.   8 O  X     0.0206    0.0649    0.0718   -0.0387   -0.0019   -0.0045
            Y    -0.0560    0.0577   -0.0038    0.0051   -0.0051   -0.0007
            Z    -0.0052    0.0104    0.0063   -0.0031   -0.0423   -0.0295
 AT.   9 O  X     0.0437    0.0519   -0.0286   -0.0830   -0.0040   -0.0073
            Y     0.0494    0.0303    0.0307    0.0245    0.0028   -0.0002
            Z    -0.0064   -0.0065    0.0043    0.0149    0.0435    0.0470
 AT.  10 O  X    -0.0588    0.0544   -0.0024   -0.0682   -0.0012    0.0009
            Y     0.0140    0.0155   -0.0801    0.0041    0.0004    0.0011
            Z    -0.0061    0.0035    0.0110   -0.0069    0.0015   -0.0212

 FREQ(CM**-1)   1144.35   1144.36   1519.43   1530.32   1572.59   1611.70

 AT.   1 CA X     0.0001   -0.0035    0.0001    0.0002   -0.0003   -0.0051
            Y    -0.0012   -0.0003   -0.0004   -0.0003   -0.0002   -0.0025
            Z     0.0001   -0.0002   -0.0019    0.0001    0.0005    0.0001
 AT.   2 MG X    -0.0028   -0.0050    0.0021   -0.0002   -0.0062   -0.0020
            Y     0.0017   -0.0080   -0.0026    0.0002   -0.0051   -0.0009
            Z    -0.0001    0.0002   -0.0011   -0.0005    0.0003   -0.0016
 AT.   3 C  X     0.0032   -0.0038    0.0302   -0.1241    0.0681    0.1166
            Y     0.0007   -0.0015    0.0849   -0.0086    0.0911   -0.0271
            Z     0.0006    0.0005    0.0009    0.0012   -0.0005    0.0018
 AT.   4 C  X     0.0013    0.0033   -0.1000    0.0204    0.1131   -0.0084
            Y     0.0010    0.0016    0.0736    0.0863   -0.0406    0.1118
            Z    -0.0000   -0.0004    0.0041    0.0014    0.0036   -0.0024
 AT.   5 O  X     0.0797    0.0710    0.0057    0.0364   -0.0072   -0.0378
            Y    -0.0603   -0.0537   -0.0117   -0.0227   -0.0072    0.0282
            Z    -0.0024   -0.0008   -0.0014    0.0016    0.0001    0.0013
 AT.   6 O  X    -0.0042   -0.0109    0.0041   -0.0135    0.0080    0.0148
            Y    -0.0378   -0.0878   -0.0216   -0.0418   -0.0107    0.0412
            Z    -0.0005    0.0022   -0.0022   -0.0007    0.0011   -0.0028
 AT.   7 O  X     0.0596   -0.0001   -0.0070    0.0128    0.0013   -0.0078
            Y     0.0246   -0.0009    0.0076    0.0099    0.0131   -0.0110
            Z     0.0005    0.0006    0.0016    0.0007   -0.0029    0.0012
 AT.   8 O  X    -0.0695    0.0812   -0.0404   -0.0356    0.0347   -0.0379
            Y     0.0534   -0.0613    0.0373    0.0235   -0.0325    0.0286
            Z     0.0019   -0.0007    0.0036   -0.0016    0.0022    0.0013
 AT.   9 O  X     0.0104   -0.0040   -0.0059    0.0135    0.0083    0.0148
            Y     0.0872   -0.0372   -0.0299    0.0395    0.0387    0.0401
            Z    -0.0003    0.0015    0.0008    0.0003   -0.0000   -0.0027
 AT.  10 O  X    -0.0008    0.0569    0.0273   -0.0213   -0.0340   -0.0095
            Y     0.0001    0.0235    0.0054   -0.0132   -0.0085   -0.0116
            Z     0.0005    0.0014    0.0004   -0.0006   -0.0005    0.0011


  DISPERSION K POINT NUMBER    21 COORD:  C(  2  0  2 )    WEIGHT:    1.

    MODES         EIGV          FREQUENCIES     IRREP
             (HARTREE**2)   (CM**-1)     (THZ)
    1-   1    0.2110E-06    100.8076    3.0221  (  1)
    2-   2    0.2370E-06    106.8493    3.2033  (  1)
    3-   3    0.4147E-06    141.3295    4.2370  (  1)
    4-   4    0.4555E-06    148.1306    4.4408  (  1)
    5-   5    0.5758E-06    166.5361    4.9926  (  1)
    6-   6    0.6723E-06    179.9616    5.3951  (  1)
    7-   7    0.8352E-06    200.5753    6.0131  (  1)
    8-   8    0.9551E-06    214.4930    6.4303  (  1)
    9-   9    0.1309E-05    251.0723    7.5270  (  1)
   10-  10    0.1566E-05    274.6505    8.2338  (  1)
   11-  11    0.1850E-05    298.5266    8.9496  (  1)
   12-  12    0.1917E-05    303.9137    9.1111  (  1)
   13-  13    0.2321E-05    334.3781   10.0244  (  1)
   14-  14    0.2487E-05    346.1153   10.3763  (  1)
   15-  15    0.3247E-05    395.5106   11.8571  (  1)
   16-  16    0.3454E-05    407.8767   12.2278  (  1)
   17-  17    0.3505E-05    410.8694   12.3176  (  1)
   18-  18    0.4354E-05    457.9505   13.7290  (  1)
   19-  19    0.1118E-04    733.9427   22.0030  (  1)
   20-  20    0.1134E-04    739.1490   22.1591  (  1)
   21-  21    0.1159E-04    747.1081   22.3977  (  1)
   22-  22    0.1165E-04    749.1902   22.4602  (  1)
   23-  23    0.1638E-04    888.2416   26.6288  (  1)
   24-  24    0.1652E-04    892.1713   26.7466  (  1)
   25-  25    0.2719E-04   1144.3519   34.3068  (  1)
   26-  26    0.2727E-04   1146.1825   34.3617  (  1)
   27-  27    0.4624E-04   1492.4456   44.7424  (  1)
   28-  28    0.4826E-04   1524.6794   45.7087  (  1)
   29-  29    0.4968E-04   1546.8791   46.3743  (  1)
   30-  30    0.5475E-04   1623.9416   48.6845  (  1)

 MODES IN PHASE

 FREQ(CM**-1)    100.81    106.85    141.33    148.13    166.54    179.96

 AT.   1 CA X    -0.0321    0.0157    0.0362    0.0300   -0.0191   -0.0229
            Y     0.0677    0.0522    0.0011    0.0073    0.0206    0.0379
            Z     0.0045    0.0298    0.0950   -0.0081    0.0100    0.0100
 AT.   2 MG X     0.0185    0.0028    0.0158    0.0147   -0.0218   -0.0016
            Y     0.0221    0.0067   -0.0333    0.0145    0.0100   -0.0017
            Z    -0.0043   -0.0540   -0.0184   -0.0154   -0.0153    0.0002
 AT.   3 C  X     0.0327    0.0110   -0.0026   -0.0122   -0.0062    0.0223
            Y     0.0017    0.0153   -0.0019    0.0150   -0.0244    0.0158
            Z    -0.0150    0.0435    0.0060    0.0244   -0.0299   -0.0398
 AT.   4 C  X     0.0324    0.0093    0.0065    0.0319   -0.0095    0.0259
            Y     0.0015    0.0153   -0.0097   -0.0040   -0.0243    0.0386
            Z    -0.0152   -0.0060    0.0152   -0.0206   -0.0297   -0.0323
 AT.   5 O  X     0.0146   -0.0106    0.0282   -0.0058    0.0005    0.0455
            Y    -0.0195   -0.0111    0.0360    0.0205   -0.0117    0.0524
            Z    -0.0162    0.0742    0.0416    0.0026    0.0039   -0.0788
 AT.   6 O  X    -0.0930   -0.0182   -0.0060    0.0426    0.0483    0.0122
            Y    -0.0101   -0.0130    0.0135    0.0060    0.0101    0.0272
            Z    -0.0142    0.0383    0.0091   -0.0001    0.0682    0.0130
 AT.   7 O  X     0.0229   -0.0036    0.0158   -0.0112   -0.0024    0.0325
            Y     0.0252    0.0491   -0.0490    0.0072   -0.0356   -0.0048
            Z    -0.0344    0.0286    0.0017    0.0243   -0.0697   -0.0178
 AT.   8 O  X     0.0144   -0.0005    0.0272    0.0267   -0.0033    0.0502
            Y    -0.0194    0.0040    0.0167   -0.0100   -0.0124    0.0737
            Z    -0.0163    0.0442    0.0547    0.0024    0.0058   -0.0944
 AT.   9 O  X    -0.0931    0.0193   -0.0369   -0.0332    0.0486    0.0112
            Y    -0.0100   -0.0017    0.0172   -0.0160    0.0089   -0.0020
            Z    -0.0143    0.0759   -0.0131   -0.0259    0.0689    0.0200
 AT.  10 O  X     0.0228    0.0016    0.0174    0.0311   -0.0064    0.0354
            Y     0.0246    0.0295   -0.0396    0.0015   -0.0340    0.0202
            Z    -0.0350   -0.0221    0.0096   -0.0387   -0.0664    0.0121

 FREQ(CM**-1)    200.58    214.49    251.07    274.65    298.53    303.91

 AT.   1 CA X     0.0038    0.0302   -0.0036    0.0061    0.0132   -0.0322
            Y     0.0286    0.0142   -0.0246   -0.0104   -0.0318   -0.0464
            Z    -0.0247   -0.0367    0.0182    0.0016   -0.0386   -0.0250
 AT.   2 MG X     0.0230    0.0082    0.0251    0.0162   -0.0214    0.0011
            Y     0.0030    0.0039    0.0038   -0.0511   -0.0015    0.0021
            Z     0.0123   -0.0173   -0.0214    0.0147    0.0030    0.0038
 AT.   3 C  X    -0.0238   -0.0295    0.0115    0.0011    0.0218   -0.0011
            Y    -0.0182    0.0325    0.0217    0.0263   -0.0034    0.0223
            Z     0.0202   -0.0390    0.0053   -0.0154    0.0132    0.0077
 AT.   4 C  X    -0.0107   -0.0346   -0.0227    0.0189   -0.0040    0.0079
            Y     0.0284    0.0241    0.0536   -0.0408    0.0231    0.0189
            Z    -0.0183   -0.0367    0.0222    0.0052   -0.0120    0.0259
 AT.   5 O  X    -0.0491   -0.0126    0.0172   -0.0108    0.0088    0.0066
            Y    -0.0514    0.0537    0.0242    0.0053   -0.0224    0.0209
            Z     0.0585   -0.0181   -0.0284    0.0358    0.0845    0.0069
 AT.   6 O  X    -0.0351    0.0126   -0.0087    0.0165    0.0052   -0.0349
            Y     0.0283   -0.0496   -0.0508   -0.0412    0.0203    0.0025
            Z    -0.0673    0.0324    0.0245   -0.0529    0.0523   -0.0113
 AT.   7 O  X    -0.0380   -0.0151    0.0120    0.0002    0.0248    0.0099
            Y     0.0171   -0.0048    0.0273    0.0294   -0.0178    0.0128
            Z    -0.0240   -0.0419    0.0471   -0.0881   -0.0122   -0.0563
 AT.   8 O  X    -0.0016   -0.0188   -0.0389    0.0301   -0.0050    0.0295
            Y     0.0381    0.0445    0.0276   -0.0236    0.0216    0.0438
            Z    -0.0185   -0.0133   -0.0046   -0.0384   -0.0341    0.0370
 AT.   9 O  X     0.0104    0.0277    0.0080   -0.0299   -0.0168   -0.0226
            Y    -0.0032   -0.0511   -0.0188    0.0292   -0.0022   -0.0196
            Z     0.0261    0.0430    0.0121    0.0520    0.0340   -0.0664
 AT.  10 O  X    -0.0073   -0.0208   -0.0347    0.0165   -0.0020    0.0301
            Y     0.0209   -0.0120    0.0859   -0.0382    0.0242   -0.0211
            Z     0.0323   -0.0409    0.0892    0.0911   -0.0221   -0.0285

 FREQ(CM**-1)    334.38    346.12    395.51    407.88    410.87    457.95

 AT.   1 CA X     0.0348   -0.0038   -0.0305   -0.0227   -0.0028    0.0121
            Y     0.0029    0.0000    0.0547   -0.0032    0.0055   -0.0142
            Z    -0.0204   -0.0077   -0.0352   -0.0003    0.0114    0.0111
 AT.   2 MG X    -0.0021   -0.0262    0.0095   -0.0609    0.1217   -0.0435
            Y    -0.0133   -0.0117    0.0059    0.0695    0.0630    0.1299
            Z    -0.0102    0.0108   -0.0223    0.1059    0.0287   -0.0875
 AT.   3 C  X     0.0008   -0.0114    0.0037   -0.0000    0.0223   -0.0159
            Y    -0.0195   -0.0210   -0.0177    0.0189    0.0021    0.0358
            Z    -0.0221   -0.0114    0.0579    0.0163    0.0034   -0.0224
 AT.   4 C  X    -0.0101    0.0229    0.0050    0.0140   -0.0363    0.0061
            Y    -0.0029    0.0197   -0.0216    0.0204    0.0078   -0.0251
            Z     0.0508    0.0098    0.0540    0.0163   -0.0017    0.0258
 AT.   5 O  X    -0.0190   -0.0085    0.0330    0.0062    0.0303   -0.0272
            Y    -0.0478   -0.0168    0.0243    0.0246    0.0068    0.0138
            Z    -0.0460   -0.0818    0.0185    0.0352    0.0238    0.0000
 AT.   6 O  X    -0.0611    0.0123    0.0406    0.0296    0.0239    0.0101
            Y     0.0148    0.0145   -0.0148   -0.0437   -0.0142   -0.0124
            Z     0.0722   -0.0852   -0.0264    0.0054   -0.0335   -0.0245
 AT.   7 O  X    -0.0151   -0.0170    0.0168    0.0073    0.0217   -0.0146
            Y     0.0094   -0.0212   -0.0609   -0.0018    0.0114    0.0388
            Z     0.0169    0.0401    0.0708   -0.0072    0.0153   -0.0370
 AT.   8 O  X     0.0234    0.0208    0.0322    0.0207   -0.0499    0.0257
            Y     0.0454    0.0152    0.0192    0.0322   -0.0009   -0.0084
            Z     0.0078    0.0959    0.0114    0.0636   -0.0162   -0.0179
 AT.   9 O  X     0.0234   -0.0127    0.0439   -0.0166    0.0041    0.0013
            Y     0.0169   -0.0055   -0.0105    0.0132    0.0074    0.0277
            Z    -0.0212    0.0922   -0.0315    0.0120   -0.0221   -0.0034
 AT.  10 O  X     0.0065    0.0307    0.0163    0.0185   -0.0343    0.0053
            Y    -0.0505    0.0167   -0.0606    0.0168   -0.0142   -0.0340
            Z     0.0396   -0.0291    0.0706   -0.0061   -0.0531    0.0397

 FREQ(CM**-1)    733.94    739.15    747.11    749.19    888.24    892.17

 AT.   1 CA X    -0.0006   -0.0005    0.0069    0.0011    0.0005    0.0008
            Y    -0.0011   -0.0042   -0.0008   -0.0019   -0.0006    0.0018
            Z    -0.0003   -0.0037   -0.0048   -0.0003    0.0005    0.0023
 AT.   2 MG X    -0.0041    0.0081   -0.0002   -0.0012   -0.0011   -0.0029
            Y     0.0002    0.0002   -0.0011    0.0027    0.0023   -0.0017
            Z     0.0022   -0.0005   -0.0010    0.0010   -0.0041    0.0043
 AT.   3 C  X     0.0079    0.0054   -0.0528   -0.0250   -0.0021    0.0014
            Y     0.0126   -0.0302   -0.0084   -0.0034    0.0070   -0.0019
            Z     0.0045    0.0038   -0.0028    0.0035    0.1792    0.0714
 AT.   4 C  X    -0.0057    0.0041   -0.0239    0.0583    0.0018    0.0014
            Y    -0.0289   -0.0137   -0.0052    0.0032   -0.0029   -0.0050
            Z    -0.0045    0.0038   -0.0009   -0.0051   -0.0720    0.1774
 AT.   5 O  X    -0.0198    0.0473    0.0065   -0.0002   -0.0023   -0.0028
            Y    -0.0137    0.0069    0.1000    0.0430   -0.0070   -0.0006
            Z    -0.0056    0.0030    0.0087    0.0074   -0.0486   -0.0183
 AT.   6 O  X    -0.0340    0.0412   -0.0451   -0.1073   -0.0011   -0.0080
            Y    -0.0726    0.0733    0.0167    0.0279    0.0019   -0.0004
            Z     0.0032   -0.0087    0.0063    0.0193    0.0242    0.0489
 AT.   7 O  X     0.0208   -0.0327   -0.0668   -0.0248   -0.0022   -0.0010
            Y    -0.0161    0.0523   -0.0480   -0.0279    0.0103    0.0006
            Z     0.0060   -0.0080    0.0020    0.0014   -0.0478   -0.0205
 AT.   8 O  X     0.0491    0.0185    0.0050    0.0059    0.0015   -0.0071
            Y     0.0221   -0.0018    0.0456   -0.0947    0.0029   -0.0026
            Z     0.0089    0.0002    0.0040   -0.0165    0.0201   -0.0497
 AT.   9 O  X     0.0384    0.0410   -0.0995    0.0490    0.0026   -0.0037
            Y     0.0751    0.0696    0.0384   -0.0101   -0.0039   -0.0002
            Z    -0.0036   -0.0082    0.0111   -0.0079   -0.0472    0.0226
 AT.  10 O  X    -0.0400   -0.0128   -0.0314    0.0539   -0.0001   -0.0006
            Y     0.0449    0.0237   -0.0211    0.0601   -0.0048    0.0032
            Z    -0.0108   -0.0019    0.0003   -0.0021    0.0192   -0.0508

 FREQ(CM**-1)   1144.35   1146.18   1492.45   1524.68   1546.88   1623.94

 AT.   1 CA X     0.0002    0.0028   -0.0007   -0.0011   -0.0022   -0.0003
            Y    -0.0001   -0.0024   -0.0009    0.0023   -0.0022    0.0013
            Z     0.0015    0.0013    0.0002    0.0031    0.0009   -0.0009
 AT.   2 MG X     0.0001    0.0003    0.0023   -0.0028   -0.0075    0.0025
            Y    -0.0005   -0.0011   -0.0004    0.0024   -0.0019   -0.0015
            Z    -0.0025    0.0005    0.0002    0.0052   -0.0026    0.0026
 AT.   3 C  X    -0.0025   -0.0024    0.1446   -0.0421    0.0212   -0.0906
            Y     0.0012   -0.0030    0.0964    0.0663    0.0292    0.1447
            Z     0.0007   -0.0005   -0.0017    0.0019   -0.0013   -0.0049
 AT.   4 C  X     0.0015   -0.0001   -0.0211   -0.0832    0.1543    0.0327
            Y    -0.0003    0.0006   -0.0094    0.1521    0.0812   -0.0804
            Z    -0.0008    0.0005   -0.0007    0.0043    0.0012    0.0025
 AT.   5 O  X     0.0272   -0.0806   -0.0244    0.0237   -0.0039    0.0524
            Y    -0.0186    0.0615    0.0089   -0.0218   -0.0016   -0.0475
            Z    -0.0005    0.0014    0.0009   -0.0023   -0.0003    0.0016
 AT.   6 O  X    -0.0142    0.0069    0.0047    0.0016    0.0135   -0.0013
            Y    -0.0992    0.0498    0.0210    0.0614    0.0405    0.0276
            Z     0.0008   -0.0016    0.0003    0.0030   -0.0016   -0.0016
 AT.   7 O  X    -0.0300    0.0950   -0.0677    0.0066   -0.0096    0.0184
            Y    -0.0118    0.0400   -0.0304   -0.0028   -0.0066   -0.0096
            Z    -0.0004    0.0012    0.0000   -0.0003    0.0009    0.0053
 AT.   8 O  X    -0.0818   -0.0261    0.0049    0.0502   -0.0332   -0.0231
            Y     0.0608    0.0189   -0.0031   -0.0450    0.0119    0.0232
            Z     0.0014    0.0001   -0.0003   -0.0023   -0.0012   -0.0007
 AT.   9 O  X     0.0073    0.0138   -0.0105    0.0015    0.0069    0.0002
            Y     0.0512    0.0979   -0.0427    0.0324    0.0162   -0.0589
            Z    -0.0001   -0.0025    0.0005    0.0021   -0.0008    0.0036
 AT.  10 O  X     0.0937    0.0303    0.0089    0.0118   -0.0652   -0.0039
            Y     0.0396    0.0116    0.0048   -0.0078   -0.0270    0.0064
            Z     0.0019    0.0004    0.0004   -0.0021   -0.0008   -0.0023

 MODES IN ANTI-PHASE

 FREQ(CM**-1)    100.81    106.85    141.33    148.13    166.54    179.96

 AT.   1 CA X    -0.0002   -0.0081   -0.0106    0.1056    0.0006   -0.0077
            Y     0.0003   -0.0269   -0.0003    0.0257   -0.0007    0.0128
            Z     0.0000   -0.0154   -0.0278   -0.0285   -0.0003    0.0034
 AT.   2 MG X     0.0325    0.0018    0.0151   -0.0152   -0.0351   -0.0082
            Y     0.0388    0.0043   -0.0318   -0.0150    0.0161   -0.0083
            Z    -0.0074   -0.0347   -0.0176    0.0159   -0.0246    0.0009
 AT.   3 C  X    -0.0346   -0.0036   -0.0161    0.0408    0.0506    0.0135
            Y    -0.0182   -0.0078    0.0150    0.0167   -0.0007    0.0430
            Z    -0.0171    0.0382   -0.0188    0.0003   -0.0013   -0.0012
 AT.   4 C  X     0.0349   -0.0069    0.0149    0.0283   -0.0501    0.0027
            Y     0.0182   -0.0080   -0.0116    0.0222    0.0023   -0.0246
            Z     0.0170   -0.0576    0.0126    0.0131    0.0033   -0.0232
 AT.   5 O  X    -0.0116   -0.0070   -0.0065    0.0413    0.0578    0.0231
            Y     0.0126   -0.0127    0.0252    0.0142    0.0104    0.0529
            Z    -0.0076   -0.0014   -0.0365    0.0086   -0.0295   -0.0523
 AT.   6 O  X    -0.0137   -0.0367    0.0590    0.0057   -0.0068    0.0024
            Y     0.0078   -0.0071   -0.0110   -0.0206    0.0192   -0.0391
            Z    -0.0096   -0.0659    0.0383   -0.0493   -0.0130    0.0159
 AT.   7 O  X    -0.0167   -0.0045   -0.0075    0.0410    0.0616    0.0158
            Y    -0.0591   -0.0013   -0.0031    0.0144   -0.0229    0.0396
            Z    -0.0515    0.0475   -0.0152   -0.0342   -0.0481    0.0433
 AT.   8 O  X     0.0117    0.0127   -0.0097    0.0320   -0.0577    0.0092
            Y    -0.0128    0.0164   -0.0406    0.0229   -0.0096   -0.0103
            Z     0.0075   -0.0596    0.0083    0.0087    0.0291   -0.0062
 AT.   9 O  X     0.0128    0.0361   -0.0464    0.0272    0.0036    0.0055
            Y    -0.0079    0.0148    0.0020   -0.0143   -0.0198    0.0476
            Z     0.0095    0.0070   -0.0371   -0.0419    0.0085   -0.0048
 AT.  10 O  X     0.0169    0.0055   -0.0022    0.0290   -0.0613    0.0072
            Y     0.0594   -0.0393    0.0290    0.0160    0.0252   -0.0344
            Z     0.0512   -0.0508    0.0119   -0.0162    0.0526   -0.0452

 FREQ(CM**-1)    200.58    214.49    251.07    274.65    298.53    303.91

 AT.   1 CA X     0.0060    0.0032    0.0026    0.0201    0.0121   -0.0206
            Y     0.0451    0.0015    0.0179   -0.0345   -0.0292   -0.0296
            Z    -0.0389   -0.0039   -0.0132    0.0052   -0.0354   -0.0159
 AT.   2 MG X    -0.0441    0.0184    0.0111   -0.0172    0.0962   -0.0243
            Y    -0.0058    0.0088    0.0017    0.0543    0.0067   -0.0462
            Z    -0.0235   -0.0389   -0.0095   -0.0156   -0.0134   -0.0854
 AT.   3 C  X    -0.0231   -0.0274    0.0276    0.0359   -0.0059    0.0092
            Y     0.0228   -0.0359   -0.0493   -0.0343    0.0235    0.0104
            Z    -0.0107    0.0066   -0.0216   -0.0139   -0.0131    0.0250
 AT.   4 C  X    -0.0314    0.0205   -0.0194    0.0306    0.0222   -0.0049
            Y    -0.0068    0.0419   -0.0056   -0.0141   -0.0054    0.0159
            Z     0.0137   -0.0147    0.0016   -0.0201    0.0142   -0.0035
 AT.   5 O  X    -0.0248   -0.0310    0.0464    0.0382   -0.0058    0.0294
            Y     0.0179   -0.0378   -0.0212   -0.0349    0.0236    0.0386
            Z     0.0071    0.0210   -0.0043   -0.0155   -0.0415    0.0375
 AT.   6 O  X    -0.0050    0.0731   -0.0112   -0.0293   -0.0173   -0.0088
            Y     0.0098   -0.0125    0.0034   -0.0093   -0.0040   -0.0228
            Z    -0.0028    0.0536   -0.0048    0.0144    0.0296   -0.0680
 AT.   7 O  X    -0.0259   -0.0287    0.0403    0.0303   -0.0041    0.0286
            Y     0.0312   -0.0347   -0.0814   -0.0247    0.0258   -0.0292
            Z     0.0244    0.0000   -0.0786    0.0320   -0.0211   -0.0053
 AT.   8 O  X    -0.0550    0.0276   -0.0305    0.0259    0.0093   -0.0064
            Y    -0.0389    0.0483   -0.0165   -0.0262   -0.0243    0.0028
            Z     0.0560   -0.0243    0.0284    0.0068    0.0877   -0.0095
 AT.   9 O  X    -0.0339   -0.0688    0.0117   -0.0154    0.0067   -0.0280
            Y     0.0298    0.0017    0.0473   -0.0305    0.0206    0.0119
            Z    -0.0621   -0.0456   -0.0218   -0.0171    0.0495    0.0184
 AT.  10 O  X    -0.0454    0.0249   -0.0238    0.0254    0.0251   -0.0030
            Y     0.0288    0.0329   -0.0011   -0.0044   -0.0199    0.0239
            Z    -0.0114   -0.0089   -0.0207   -0.0220   -0.0103   -0.0489

 FREQ(CM**-1)    334.38    346.12    395.51    407.88    410.87    457.95

 AT.   1 CA X     0.0379   -0.0212   -0.0025    0.0279    0.0062   -0.0201
            Y     0.0032    0.0002    0.0045    0.0039   -0.0120    0.0234
            Z    -0.0222   -0.0428   -0.0029    0.0004   -0.0251   -0.0183
 AT.   2 MG X     0.0067    0.0222    0.0202   -0.0098   -0.0120   -0.0009
            Y     0.0423    0.0099    0.0125    0.0112   -0.0062    0.0026
            Z     0.0324   -0.0091   -0.0471    0.0171   -0.0028   -0.0018
 AT.   3 C  X    -0.0101    0.0350    0.0084   -0.0142    0.0287    0.0014
            Y    -0.0046    0.0002   -0.0259   -0.0248   -0.0122    0.0096
            Z     0.0491   -0.0025   -0.0195   -0.0200   -0.0007   -0.0174
 AT.   4 C  X    -0.0001    0.0288   -0.0077   -0.0029    0.0022    0.0147
            Y    -0.0198   -0.0071    0.0227   -0.0235   -0.0096   -0.0272
            Z    -0.0179   -0.0064    0.0286   -0.0201   -0.0030    0.0118
 AT.   5 O  X     0.0219    0.0367   -0.0019   -0.0224    0.0398   -0.0148
            Y     0.0415   -0.0015   -0.0297   -0.0380   -0.0047    0.0023
            Z     0.0039    0.0550   -0.0420   -0.0722    0.0006    0.0202
 AT.   6 O  X     0.0183   -0.0033    0.0236    0.0108   -0.0264   -0.0067
            Y     0.0182    0.0231    0.0255   -0.0044    0.0027   -0.0248
            Z    -0.0151    0.0355   -0.0337   -0.0134    0.0588    0.0167
 AT.   7 O  X     0.0052    0.0424   -0.0017   -0.0204    0.0265    0.0016
            Y    -0.0499   -0.0091   -0.0032   -0.0168    0.0089    0.0180
            Z     0.0412    0.0242    0.0045    0.0077    0.0572   -0.0254
 AT.   8 O  X    -0.0171    0.0315    0.0072   -0.0106    0.0034    0.0172
            Y    -0.0441   -0.0073    0.0333   -0.0318   -0.0083   -0.0111
            Z    -0.0455    0.0229    0.0445   -0.0491   -0.0175    0.0094
 AT.   9 O  X    -0.0593    0.0012   -0.0167   -0.0268   -0.0353   -0.0121
            Y     0.0162    0.0267   -0.0275    0.0419    0.0125   -0.0006
            Z     0.0707    0.0034    0.0289   -0.0080    0.0639    0.0295
 AT.  10 O  X    -0.0146    0.0338    0.0044   -0.0113    0.0011    0.0137
            Y     0.0051   -0.0160   -0.0067   -0.0016   -0.0027   -0.0261
            Z     0.0203    0.0367    0.0070    0.0086    0.0262    0.0210

 FREQ(CM**-1)    733.94    739.15    747.11    749.19    888.24    892.17

 AT.   1 CA X    -0.0033   -0.0001    0.0046    0.0017   -0.0008   -0.0005
            Y    -0.0066   -0.0007   -0.0005   -0.0029    0.0010   -0.0012
            Z    -0.0019   -0.0006   -0.0032   -0.0005   -0.0007   -0.0015
 AT.   2 MG X     0.0035    0.0221    0.0026    0.0025   -0.0001   -0.0015
            Y    -0.0001    0.0005    0.0181   -0.0054    0.0001   -0.0009
            Z    -0.0018   -0.0015    0.0163   -0.0020   -0.0002    0.0022
 AT.   3 C  X     0.0052   -0.0029   -0.0034    0.0528   -0.0010   -0.0009
            Y    -0.0502    0.0434   -0.0020    0.0021    0.0001    0.0046
            Z    -0.0007    0.0007    0.0002   -0.0041    0.0006   -0.1624
 AT.   4 C  X     0.0075    0.0045   -0.0472   -0.0023    0.0015   -0.0009
            Y    -0.0430   -0.0510   -0.0069   -0.0023   -0.0064   -0.0001
            Z     0.0009    0.0007   -0.0026    0.0016   -0.1641   -0.0008
 AT.   5 O  X     0.0900   -0.0766    0.0027    0.0063   -0.0006    0.0065
            Y     0.0272   -0.0247    0.0069   -0.0847   -0.0002    0.0026
            Z     0.0109   -0.0079    0.0006   -0.0148   -0.0008    0.0462
 AT.   6 O  X     0.0191    0.0066   -0.0889    0.0076   -0.0024    0.0006
            Y     0.0200    0.0019    0.0346    0.0008    0.0034    0.0000
            Z    -0.0015   -0.0001    0.0093   -0.0004    0.0409   -0.0033
 AT.   7 O  X    -0.0603    0.0530   -0.0056    0.0481    0.0010    0.0002
            Y     0.0877   -0.0754   -0.0024    0.0535    0.0007   -0.0033
            Z    -0.0151    0.0168   -0.0005   -0.0017   -0.0002    0.0465
 AT.   8 O  X     0.0780    0.0881    0.0050    0.0022    0.0019   -0.0000
            Y     0.0209    0.0256    0.0892    0.0064    0.0063   -0.0005
            Z     0.0083    0.0084    0.0077    0.0010    0.0443   -0.0017
 AT.   9 O  X     0.0064    0.0078   -0.0066   -0.0957    0.0001    0.0071
            Y    -0.0058    0.0231    0.0017    0.0260   -0.0004    0.0003
            Z    -0.0004   -0.0029    0.0021    0.0176   -0.0059   -0.0436
 AT.  10 O  X    -0.0497   -0.0609   -0.0592   -0.0040    0.0024    0.0008
            Y     0.0770    0.0886   -0.0432   -0.0047   -0.0092    0.0008
            Z    -0.0122   -0.0185    0.0021    0.0006    0.0437    0.0003

 FREQ(CM**-1)   1144.35   1146.18   1492.45   1524.68   1546.88   1623.94

 AT.   1 CA X     0.0003    0.0020    0.0008    0.0007    0.0018    0.0005
            Y    -0.0002   -0.0017    0.0010   -0.0015    0.0018   -0.0023
            Z     0.0021    0.0010   -0.0002   -0.0019   -0.0008    0.0016
 AT.   2 MG X    -0.0003   -0.0032    0.0005   -0.0015   -0.0028   -0.0001
            Y     0.0011    0.0116   -0.0001    0.0013   -0.0007    0.0000
            Z     0.0055   -0.0051    0.0000    0.0028   -0.0010   -0.0001
 AT.   3 C  X     0.0007    0.0007    0.0109    0.0720   -0.1530    0.0190
            Y     0.0001    0.0017    0.0026   -0.1369   -0.0771    0.0031
            Z    -0.0006    0.0007    0.0008   -0.0038   -0.0014    0.0002
 AT.   4 C  X    -0.0021   -0.0025   -0.1434    0.0066    0.0078    0.0866
            Y     0.0011   -0.0034   -0.0960   -0.0002   -0.0143   -0.1203
            Z     0.0004   -0.0007    0.0017   -0.0000    0.0015    0.0043
 AT.   5 O  X    -0.0772   -0.0003   -0.0031   -0.0443    0.0330   -0.0060
            Y     0.0579   -0.0009    0.0025    0.0394   -0.0124    0.0028
            Z     0.0013   -0.0004    0.0003    0.0015    0.0012   -0.0002
 AT.   6 O  X     0.0029    0.0122    0.0102   -0.0009   -0.0044    0.0006
            Y     0.0204    0.0865    0.0413   -0.0063   -0.0088    0.0523
            Z     0.0001   -0.0021   -0.0006   -0.0009    0.0005   -0.0033
 AT.   7 O  X     0.0888   -0.0002   -0.0041   -0.0099    0.0646   -0.0071
            Y     0.0378   -0.0013   -0.0026    0.0074    0.0263   -0.0015
            Z     0.0018    0.0000   -0.0004    0.0021    0.0010   -0.0006
 AT.   8 O  X     0.0010   -0.0762    0.0241   -0.0021   -0.0023   -0.0474
            Y     0.0010    0.0585   -0.0087    0.0025    0.0039    0.0416
            Z    -0.0001    0.0014   -0.0008    0.0014    0.0000   -0.0014
 AT.   9 O  X    -0.0125    0.0026   -0.0040   -0.0011   -0.0124    0.0014
            Y    -0.0874    0.0194   -0.0181   -0.0525   -0.0382    0.0049
            Z     0.0008   -0.0008   -0.0004   -0.0023    0.0015   -0.0004
 AT.  10 O  X     0.0001    0.0901    0.0673   -0.0017   -0.0027   -0.0193
            Y     0.0010    0.0383    0.0302   -0.0007    0.0016    0.0073
            Z     0.0002    0.0012   -0.0001   -0.0006   -0.0011   -0.0048


  DISPERSION K POINT NUMBER    22 COORD:  C(  2  1  0 )    WEIGHT:    1.

    MODES         EIGV          FREQUENCIES     IRREP
             (HARTREE**2)   (CM**-1)     (THZ)
    1-   1    0.2140E-06    101.5241    3.0436  (  1)
    2-   2    0.3635E-06    132.3274    3.9671  (  1)
    3-   3    0.4768E-06    151.5476    4.5433  (  1)
    4-   4    0.5127E-06    157.1553    4.7114  (  1)
    5-   5    0.5476E-06    162.4110    4.8690  (  1)
    6-   6    0.7402E-06    188.8222    5.6607  (  1)
    7-   7    0.1004E-05    219.9135    6.5928  (  1)
    8-   8    0.1259E-05    246.2834    7.3834  (  1)
    9-   9    0.1287E-05    248.9489    7.4633  (  1)
   10-  10    0.1512E-05    269.8991    8.0914  (  1)
   11-  11    0.2012E-05    311.3107    9.3329  (  1)
   12-  12    0.2050E-05    314.2727    9.4217  (  1)
   13-  13    0.2391E-05    339.4037   10.1751  (  1)
   14-  14    0.2479E-05    345.5855   10.3604  (  1)
   15-  15    0.2814E-05    368.1898   11.0381  (  1)
   16-  16    0.3384E-05    403.7407   12.1038  (  1)
   17-  17    0.3558E-05    413.9672   12.4104  (  1)
   18-  18    0.3619E-05    417.4956   12.5162  (  1)
   19-  19    0.1117E-04    733.5227   21.9905  (  1)
   20-  20    0.1140E-04    740.9833   22.2141  (  1)
   21-  21    0.1141E-04    741.2695   22.2227  (  1)
   22-  22    0.1145E-04    742.6572   22.2643  (  1)
   23-  23    0.1642E-04    889.3751   26.6628  (  1)
   24-  24    0.1642E-04    889.4364   26.6646  (  1)
   25-  25    0.2719E-04   1144.3472   34.3067  (  1)
   26-  26    0.2719E-04   1144.3560   34.3069  (  1)
   27-  27    0.4793E-04   1519.4267   45.5513  (  1)
   28-  28    0.4862E-04   1530.3248   45.8780  (  1)
   29-  29    0.5134E-04   1572.5944   47.1452  (  1)
   30-  30    0.5393E-04   1611.7039   48.3177  (  1)

 MODES IN PHASE

 FREQ(CM**-1)    101.52    132.33    151.55    157.16    162.41    188.82

 AT.   1 CA X     0.0439    0.0524    0.0092   -0.0487    0.0383    0.0215
            Y     0.0072   -0.0621    0.0845   -0.0316   -0.0050   -0.0331
            Z     0.0088    0.0172    0.0380    0.0403    0.0860   -0.0337
 AT.   2 MG X     0.0020   -0.0313    0.0359   -0.0013   -0.0193   -0.0155
            Y     0.0144    0.0211    0.0261   -0.0219    0.0208   -0.0096
            Z     0.0408    0.0070   -0.0240   -0.0133   -0.0041   -0.0499
 AT.   3 C  X    -0.0168    0.0052    0.0243   -0.0007    0.0373    0.0059
            Y    -0.0013    0.0250   -0.0211   -0.0355    0.0149    0.0120
            Z     0.0269   -0.0256   -0.0232   -0.0128    0.0415    0.0316
 AT.   4 C  X    -0.0172   -0.0061    0.0067   -0.0010   -0.0326   -0.0132
            Y    -0.0052   -0.0067    0.0281   -0.0365   -0.0191    0.0298
            Z     0.0376    0.0062   -0.0152    0.0064   -0.0316    0.0451
 AT.   5 O  X    -0.0231    0.0300    0.0505   -0.0032    0.0220    0.0009
            Y    -0.0122    0.0583    0.0164   -0.0362   -0.0055   -0.0017
            Z     0.0947   -0.0223   -0.0209    0.0176    0.0433   -0.0081
 AT.   6 O  X    -0.0280    0.0629   -0.0253   -0.0083   -0.0204    0.0054
            Y     0.0118   -0.0273   -0.0088    0.0236    0.0054   -0.0303
            Z    -0.0607    0.0195    0.0450    0.0034   -0.0078    0.0018
 AT.   7 O  X    -0.0104    0.0031   -0.0187   -0.0052   -0.0095   -0.0273
            Y     0.0298   -0.0244    0.0693    0.0142   -0.0373    0.0349
            Z     0.0351    0.0253    0.0398    0.0768    0.0098    0.0424
 AT.   8 O  X     0.0312    0.0312    0.0486   -0.0033    0.0197    0.0329
            Y     0.0431    0.0602    0.0143    0.0076   -0.0106   -0.0129
            Z    -0.0042   -0.0244   -0.0129   -0.0341    0.0520   -0.0528
 AT.   9 O  X     0.0335    0.0622   -0.0174   -0.0005    0.0122   -0.0116
            Y    -0.0048   -0.0266   -0.0016    0.0206    0.0122   -0.0022
            Z     0.0170    0.0182    0.0393    0.0398    0.0294   -0.0532
 AT.  10 O  X    -0.0281    0.0019   -0.0090   -0.0026   -0.0190   -0.0191
            Y     0.0168   -0.0229    0.0619   -0.0272   -0.0444    0.0456
            Z    -0.0081    0.0265    0.0310    0.0137   -0.0048    0.0877

 FREQ(CM**-1)    219.91    246.28    248.95    269.90    311.31    314.27

 AT.   1 CA X    -0.0008   -0.0120   -0.0025    0.0039    0.0343   -0.0197
            Y    -0.0055    0.0062    0.0069    0.0013   -0.0552   -0.0166
            Z     0.0436    0.0117   -0.0213   -0.0039    0.0352    0.0015
 AT.   2 MG X    -0.0218    0.0202   -0.0074    0.0020    0.0747    0.0225
            Y     0.0141   -0.0060   -0.0232    0.0191   -0.0353    0.0330
            Z    -0.0195    0.0139    0.0161   -0.0324   -0.0243    0.0089
 AT.   3 C  X    -0.0052    0.0400    0.0232   -0.0225    0.0088   -0.0029
            Y     0.0318    0.0136   -0.0189    0.0297   -0.0372    0.0256
            Z    -0.0094   -0.0011   -0.0169    0.0097    0.0156    0.0003
 AT.   4 C  X     0.0275    0.0117    0.0161    0.0273   -0.0227   -0.0082
            Y    -0.0245   -0.0468   -0.0245   -0.0009    0.0200    0.0282
            Z     0.0203    0.0178   -0.0150   -0.0142   -0.0269    0.0059
 AT.   5 O  X    -0.0037    0.0507    0.0216   -0.0010    0.0184   -0.0029
            Y     0.0364    0.0269   -0.0209    0.0585   -0.0223    0.0210
            Z    -0.0287   -0.0116   -0.0214   -0.0680   -0.0069    0.0098
 AT.   6 O  X    -0.0678    0.0108    0.0170    0.0713   -0.0076   -0.0284
            Y    -0.0200   -0.0467    0.0442   -0.0091    0.0334   -0.0035
            Z    -0.0372    0.0262   -0.0037   -0.0136   -0.0316    0.0512
 AT.   7 O  X     0.0354   -0.0600   -0.0579    0.0015   -0.0335    0.0030
            Y     0.0206    0.0632   -0.0059   -0.0521    0.0226    0.0034
            Z     0.0183    0.0352    0.0227    0.0258   -0.0510    0.0542
 AT.   8 O  X     0.0143   -0.0600    0.0467   -0.0016    0.0046   -0.0021
            Y     0.0242    0.0185    0.0562   -0.0240   -0.0327    0.0086
            Z    -0.0380   -0.0293   -0.0440    0.0328   -0.0316    0.0031
 AT.   9 O  X    -0.0874    0.0149   -0.0427   -0.0437   -0.0181    0.0155
            Y    -0.0039    0.0133   -0.0195    0.0322    0.0242   -0.0169
            Z    -0.0646    0.0206   -0.0331    0.0516   -0.0347   -0.0931
 AT.  10 O  X     0.0232    0.0146    0.0161    0.0130   -0.0252    0.0015
            Y    -0.0084   -0.0601   -0.0213    0.0329    0.0315    0.0101
            Z    -0.0114   -0.0239   -0.0619   -0.0591   -0.0549   -0.0570

 FREQ(CM**-1)    339.40    345.59    368.19    403.74    413.97    417.50

 AT.   1 CA X     0.0618    0.0039   -0.0343    0.0085    0.0143   -0.0020
            Y    -0.0205   -0.0122   -0.0364   -0.0375   -0.0065    0.0086
            Z    -0.0138   -0.0330   -0.0151   -0.0038    0.0032   -0.0293
 AT.   2 MG X     0.0598   -0.0230    0.0001    0.0133   -0.0288    0.1418
            Y    -0.0186    0.0220    0.0287   -0.0359    0.1423    0.0348
            Z    -0.0432    0.0001   -0.0333    0.1376    0.0372    0.0098
 AT.   3 C  X     0.0067    0.0033    0.0377   -0.0060   -0.0006    0.0177
            Y     0.0212   -0.0190    0.0200   -0.0131   -0.0241   -0.0011
            Z    -0.0419   -0.0204    0.0010    0.0095   -0.0409   -0.0009
 AT.   4 C  X     0.0252    0.0052    0.0016    0.0214   -0.0109   -0.0110
            Y     0.0109   -0.0280    0.0322    0.0102    0.0127   -0.0179
            Z    -0.0137   -0.0289   -0.0142   -0.0095    0.0203    0.0319
 AT.   5 O  X    -0.0225   -0.0173    0.0360    0.0080   -0.0129    0.0240
            Y    -0.0206   -0.0495    0.0104   -0.0010   -0.0412    0.0017
            Z     0.0024   -0.0296    0.0619   -0.0280   -0.0699    0.0138
 AT.   6 O  X    -0.0389   -0.0377   -0.0064   -0.0229   -0.0181    0.0059
            Y    -0.0139    0.0434   -0.0294    0.0089    0.0219    0.0173
            Z     0.0543    0.0383    0.0169    0.0489    0.0087   -0.0100
 AT.   7 O  X     0.0338   -0.0091   -0.0446    0.0219   -0.0077   -0.0015
            Y    -0.0363   -0.0036    0.0164    0.0343   -0.0055   -0.0545
            Z     0.0180    0.0310   -0.0614    0.0078   -0.0107    0.0499
 AT.   8 O  X    -0.0330    0.0075    0.0508    0.0206   -0.0143    0.0259
            Y    -0.0145    0.0491    0.0009   -0.0013   -0.0418    0.0021
            Z    -0.0212    0.0976    0.0271   -0.0183   -0.0695    0.0136
 AT.   9 O  X    -0.0466   -0.0127   -0.0198   -0.0294   -0.0152    0.0077
            Y    -0.0198   -0.0038   -0.0139    0.0026    0.0198    0.0179
            Z     0.0500    0.0179    0.0764    0.0620    0.0069   -0.0121
 AT.  10 O  X     0.0303   -0.0124    0.0028    0.0169   -0.0068   -0.0028
            Y     0.0004    0.0107    0.0306    0.0378   -0.0056   -0.0534
            Z    -0.0250    0.0408   -0.0415   -0.0098   -0.0106    0.0468

 FREQ(CM**-1)    733.52    740.98    741.27    742.66    889.38    889.44

 AT.   1 CA X    -0.0000   -0.0035    0.0005   -0.0010    0.0000   -0.0013
            Y     0.0005   -0.0072   -0.0023    0.0004    0.0004    0.0001
            Z    -0.0032    0.0016   -0.0076   -0.0003   -0.0000    0.0012
 AT.   2 MG X    -0.0084    0.0046   -0.0158   -0.0007    0.0002    0.0022
            Y    -0.0103   -0.0009    0.0129    0.0006    0.0006   -0.0006
            Z    -0.0006   -0.0105   -0.0078    0.0025   -0.0001    0.0011
 AT.   3 C  X     0.0048   -0.0360    0.0194   -0.0138   -0.0005    0.0025
            Y    -0.0365   -0.0217   -0.0034   -0.0246    0.0008    0.0024
            Z    -0.0039   -0.0019    0.0043    0.0003    0.1423    0.1787
 AT.   4 C  X     0.0248    0.0438   -0.0228   -0.0409   -0.0026   -0.0004
            Y     0.0303    0.0116   -0.0092    0.0197   -0.0023    0.0007
            Z     0.0009    0.0019   -0.0035    0.0001    0.1788   -0.1423
 AT.   5 O  X     0.0670    0.0287    0.0212    0.0439   -0.0047   -0.0029
            Y     0.0218    0.0730   -0.0263    0.0276   -0.0059   -0.0020
            Z     0.0068    0.0102   -0.0040    0.0084   -0.0366   -0.0503
 AT.   6 O  X    -0.0484    0.0386    0.0092    0.0823    0.0028   -0.0050
            Y     0.0505    0.0379    0.0665    0.0346    0.0014    0.0007
            Z     0.0065   -0.0058   -0.0016   -0.0145   -0.0055    0.0235
 AT.   7 O  X    -0.0191    0.0309   -0.0680    0.0309   -0.0013    0.0030
            Y    -0.0605    0.0625    0.0189    0.0531   -0.0047   -0.0038
            Z     0.0053   -0.0032   -0.0090   -0.0056    0.0452    0.0245
 AT.   8 O  X    -0.0178    0.0477    0.0644   -0.0318    0.0028    0.0001
            Y     0.0576    0.0299    0.0257   -0.0403    0.0043    0.0014
            Z     0.0060    0.0054    0.0083   -0.0093    0.0223    0.0045
 AT.   9 O  X    -0.0378    0.0821   -0.0252   -0.0703   -0.0043    0.0058
            Y    -0.0461    0.0111    0.0699   -0.0403   -0.0013   -0.0042
            Z     0.0051   -0.0111    0.0049    0.0123    0.0240   -0.0445
 AT.  10 O  X     0.0647    0.0569   -0.0266   -0.0227    0.0010    0.0025
            Y    -0.0127    0.0282   -0.0292   -0.0691    0.0053   -0.0047
            Z     0.0064    0.0017    0.0015    0.0089   -0.0495    0.0373

 FREQ(CM**-1)   1144.35   1144.36   1519.43   1530.32   1572.59   1611.70

 AT.   1 CA X    -0.0023    0.0014   -0.0001   -0.0017    0.0001   -0.0038
            Y    -0.0016   -0.0020   -0.0001   -0.0026   -0.0001    0.0025
            Z    -0.0001   -0.0001    0.0006   -0.0010    0.0002   -0.0001
 AT.   2 MG X     0.0002    0.0065   -0.0004    0.0011    0.0034   -0.0014
            Y     0.0075   -0.0002   -0.0010    0.0023   -0.0013    0.0011
            Z     0.0001    0.0001    0.0004    0.0045    0.0001    0.0013
 AT.   3 C  X     0.0001   -0.0031    0.0440    0.0109    0.1181    0.1273
            Y     0.0008    0.0026    0.1382   -0.0869    0.0354   -0.0053
            Z     0.0003   -0.0006   -0.0047    0.0015    0.0021    0.0015
 AT.   4 C  X     0.0019   -0.0026   -0.0315   -0.1024    0.1125   -0.1194
            Y    -0.0009    0.0025    0.0819    0.1025    0.0631   -0.0221
            Z    -0.0001   -0.0006   -0.0025   -0.0008    0.0030   -0.0019
 AT.   5 O  X     0.0409   -0.0740    0.0119   -0.0171   -0.0317   -0.0370
            Y    -0.0307    0.0561   -0.0188    0.0182    0.0119    0.0243
            Z    -0.0011    0.0017    0.0003   -0.0011   -0.0030    0.0009
 AT.   6 O  X     0.0073    0.0099    0.0115    0.0033    0.0038    0.0117
            Y     0.0503    0.0802    0.0425   -0.0350   -0.0366    0.0429
            Z    -0.0010   -0.0004   -0.0031   -0.0012   -0.0014   -0.0014
 AT.   7 O  X     0.0930   -0.0145   -0.0142   -0.0416    0.0335    0.0173
            Y     0.0397   -0.0051   -0.0015   -0.0120    0.0233   -0.0036
            Z     0.0008    0.0004   -0.0014    0.0019    0.0013    0.0007
 AT.   8 O  X     0.0765    0.0407   -0.0049   -0.0462    0.0373    0.0145
            Y    -0.0584   -0.0297    0.0152    0.0324   -0.0257   -0.0213
            Z    -0.0011   -0.0003   -0.0010   -0.0001    0.0015   -0.0027
 AT.   9 O  X    -0.0093    0.0065   -0.0099    0.0063    0.0055   -0.0027
            Y    -0.0787    0.0511   -0.0284    0.0321    0.0563    0.0323
            Z     0.0020   -0.0006    0.0024    0.0013    0.0025   -0.0007
 AT.  10 O  X     0.0129    0.0948   -0.0007    0.0243   -0.0481    0.0509
            Y     0.0051    0.0396   -0.0064    0.0016   -0.0232    0.0156
            Z     0.0009    0.0022    0.0019    0.0011   -0.0008    0.0037

 MODES IN ANTI-PHASE

 FREQ(CM**-1)    101.52    132.33    151.55    157.16    162.41    188.82

 AT.   1 CA X    -0.0412    0.0011   -0.0014    0.0556    0.0104   -0.0160
            Y    -0.0068   -0.0013   -0.0128    0.0361   -0.0014    0.0246
            Z    -0.0083    0.0004   -0.0058   -0.0460    0.0233    0.0250
 AT.   2 MG X    -0.0019   -0.0007   -0.0055    0.0015   -0.0052    0.0115
            Y    -0.0136    0.0005   -0.0040    0.0250    0.0056    0.0071
            Z    -0.0383    0.0002    0.0037    0.0152   -0.0011    0.0371
 AT.   3 C  X    -0.0058   -0.0039    0.0124   -0.0009   -0.0003   -0.0237
            Y    -0.0074    0.0079    0.0240   -0.0097   -0.0124    0.0296
            Z     0.0274   -0.0089   -0.0208    0.0477    0.0090    0.0322
 AT.   4 C  X    -0.0044    0.0023    0.0264    0.0006    0.0182    0.0206
            Y     0.0055    0.0253   -0.0153   -0.0045   -0.0034   -0.0116
            Z    -0.0080   -0.0263   -0.0272   -0.0490    0.0283    0.0009
 AT.   5 O  X    -0.0327    0.0271   -0.0014    0.0037    0.0013   -0.0341
            Y    -0.0440    0.0468    0.0047   -0.0029   -0.0116    0.0129
            Z     0.0101   -0.0490   -0.0237    0.0321    0.0291    0.0527
 AT.   6 O  X    -0.0353   -0.0142   -0.0229    0.0016    0.0589    0.0137
            Y     0.0056    0.0168   -0.0228   -0.0239    0.0149   -0.0068
            Z    -0.0208   -0.0287    0.0126   -0.0406    0.0715    0.0561
 AT.   7 O  X     0.0275   -0.0276   -0.0296    0.0033   -0.0212    0.0118
            Y    -0.0150    0.0328    0.0147    0.0256   -0.0243   -0.0371
            Z     0.0104    0.0292    0.0235   -0.0240   -0.0262   -0.0789
 AT.   8 O  X     0.0251   -0.0258   -0.0136    0.0036    0.0099    0.0090
            Y     0.0149   -0.0442   -0.0094    0.0355    0.0072   -0.0021
            Z    -0.0952    0.0480    0.0288   -0.0132   -0.0032   -0.0074
 AT.   9 O  X     0.0302    0.0168    0.0294    0.0084   -0.0611   -0.0091
            Y    -0.0121   -0.0180    0.0243   -0.0265   -0.0101    0.0309
            Z     0.0618    0.0295   -0.0254   -0.0086   -0.0657   -0.0179
 AT.  10 O  X     0.0086    0.0277    0.0338    0.0056    0.0135    0.0228
            Y    -0.0288   -0.0339   -0.0346   -0.0107    0.0021   -0.0228
            Z    -0.0357   -0.0281   -0.0343   -0.0793    0.0276   -0.0179

 FREQ(CM**-1)    219.91    246.28    248.95    269.90    311.31    314.27

 AT.   1 CA X    -0.0003   -0.0208    0.0036    0.0076    0.0071    0.0460
            Y    -0.0016    0.0108   -0.0101    0.0026   -0.0113    0.0388
            Z     0.0130    0.0203    0.0311   -0.0077    0.0072   -0.0035
 AT.   2 MG X    -0.0065    0.0351    0.0108    0.0038    0.0154   -0.0524
            Y     0.0042   -0.0104    0.0339    0.0375   -0.0073   -0.0770
            Z    -0.0058    0.0241   -0.0236   -0.0635   -0.0050   -0.0208
 AT.   3 C  X     0.0509   -0.0365   -0.0452   -0.0199   -0.0261    0.0230
            Y     0.0086    0.0461   -0.0384   -0.0123   -0.0164   -0.0140
            Z     0.0265   -0.0199    0.0112    0.0112   -0.0241   -0.0238
 AT.   4 C  X     0.0431   -0.0529    0.0482    0.0124   -0.0156   -0.0217
            Y     0.0220    0.0112    0.0351   -0.0322   -0.0354    0.0076
            Z     0.0194   -0.0089   -0.0136   -0.0043   -0.0100    0.0231
 AT.   5 O  X     0.0317   -0.0400   -0.0586   -0.0027   -0.0312    0.0056
            Y    -0.0113    0.0370   -0.0522    0.0127   -0.0308   -0.0319
            Z    -0.0256   -0.0405    0.0555   -0.0088   -0.0641   -0.0136
 AT.   6 O  X    -0.0559    0.0235    0.0392   -0.0023   -0.0283    0.0056
            Y     0.0233   -0.0116    0.0037    0.0332   -0.0165    0.0266
            Z    -0.0611    0.0390    0.0370    0.0538   -0.0143    0.0798
 AT.   7 O  X    -0.0117   -0.0179    0.0053    0.0172    0.0141   -0.0049
            Y    -0.0466   -0.0328    0.0251    0.0028    0.0270   -0.0171
            Z    -0.0486   -0.0073    0.0576   -0.0543   -0.0205    0.0271
 AT.   8 O  X    -0.0285    0.0238   -0.0414   -0.0024    0.0359    0.0059
            Y     0.0295    0.0418    0.0005    0.0548    0.0195   -0.0372
            Z     0.0056   -0.0304    0.0401   -0.0603    0.0562   -0.0165
 AT.   9 O  X     0.0094    0.0212   -0.0016    0.0564    0.0230    0.0245
            Y    -0.0305   -0.0462   -0.0399    0.0121    0.0283    0.0208
            Z     0.0306    0.0422    0.0169    0.0206    0.0007    0.0179
 AT.  10 O  X     0.0292   -0.0609    0.0559    0.0113   -0.0261   -0.0056
            Y     0.0502    0.0382    0.0146   -0.0405   -0.0159   -0.0142
            Z     0.0507    0.0268   -0.0002   -0.0109   -0.0013   -0.0206

 FREQ(CM**-1)    339.40    345.59    368.19    403.74    413.97    417.50

 AT.   1 CA X    -0.0209   -0.0047    0.0224    0.0016    0.0005   -0.0001
            Y     0.0069    0.0147    0.0238   -0.0070   -0.0002    0.0003
            Z     0.0047    0.0399    0.0099   -0.0007    0.0001   -0.0010
 AT.   2 MG X    -0.0202    0.0279   -0.0001    0.0025   -0.0009    0.0046
            Y     0.0063   -0.0266   -0.0187   -0.0067    0.0047    0.0011
            Z     0.0146   -0.0001    0.0218    0.0257    0.0012    0.0003
 AT.   3 C  X     0.0245    0.0062   -0.0258    0.0266   -0.0134   -0.0014
            Y     0.0082   -0.0306    0.0252   -0.0000   -0.0008   -0.0222
            Z    -0.0084   -0.0294   -0.0184   -0.0033   -0.0029    0.0378
 AT.   4 C  X     0.0035   -0.0048    0.0456    0.0170   -0.0079    0.0139
            Y     0.0200    0.0227    0.0012   -0.0082   -0.0205   -0.0133
            Z    -0.0405    0.0211    0.0117    0.0034   -0.0356    0.0202
 AT.   5 O  X     0.0248   -0.0043   -0.0397    0.0362   -0.0214    0.0308
            Y    -0.0030   -0.0405    0.0035   -0.0011   -0.0112    0.0060
            Z     0.0381   -0.0937   -0.0024    0.0217    0.0033   -0.0032
 AT.   6 O  X     0.0258    0.0202    0.0188   -0.0223    0.0436    0.0284
            Y     0.0144   -0.0045    0.0023   -0.0158   -0.0321    0.0102
            Z    -0.0112   -0.0256   -0.0760    0.0455   -0.0262   -0.0336
 AT.   7 O  X    -0.0057    0.0144   -0.0226   -0.0097    0.0144   -0.0191
            Y    -0.0483   -0.0102   -0.0262    0.0162   -0.0014    0.0147
            Z     0.0648   -0.0475    0.0183   -0.0472    0.0014   -0.0454
 AT.   8 O  X    -0.0060    0.0162   -0.0170   -0.0309    0.0205   -0.0292
            Y     0.0149    0.0410   -0.0109    0.0006    0.0084   -0.0059
            Z    -0.0317    0.0113   -0.0557   -0.0303   -0.0079    0.0041
 AT.   9 O  X     0.0031    0.0409   -0.0017    0.0126   -0.0447   -0.0279
            Y    -0.0030   -0.0435    0.0260    0.0180    0.0335   -0.0090
            Z    -0.0241   -0.0424    0.0151   -0.0248    0.0267    0.0329
 AT.  10 O  X    -0.0160    0.0116    0.0499    0.0170   -0.0149    0.0189
            Y     0.0605    0.0016   -0.0045   -0.0027    0.0010   -0.0182
            Z    -0.0624   -0.0394    0.0489    0.0468   -0.0021    0.0486

 FREQ(CM**-1)    733.52    740.98    741.27    742.66    889.38    889.44

 AT.   1 CA X    -0.0000   -0.0013    0.0002   -0.0084   -0.0001   -0.0015
            Y     0.0007   -0.0026   -0.0009    0.0034   -0.0019    0.0001
            Z    -0.0047    0.0006   -0.0030   -0.0025    0.0002    0.0014
 AT.   2 MG X    -0.0123    0.0017   -0.0062   -0.0059   -0.0010    0.0025
            Y    -0.0150   -0.0003    0.0051    0.0050   -0.0032   -0.0007
            Z    -0.0009   -0.0038   -0.0031    0.0206    0.0003    0.0013
 AT.   3 C  X    -0.0359    0.0290   -0.0144    0.0386    0.0036   -0.0026
            Y    -0.0095   -0.0255   -0.0430   -0.0275    0.0049   -0.0042
            Z     0.0020    0.0003    0.0023    0.0000   -0.1082    0.0001
 AT.   4 C  X    -0.0264    0.0149   -0.0081    0.0026   -0.0025   -0.0036
            Y     0.0224   -0.0314   -0.0421    0.0312   -0.0044   -0.0048
            Z     0.0042   -0.0003    0.0035   -0.0003   -0.0001   -0.1081
 AT.   5 O  X     0.0067    0.0401    0.0716    0.0444    0.0039   -0.0003
            Y     0.0701   -0.0406    0.0656   -0.0557    0.0029    0.0011
            Z     0.0091   -0.0036    0.0164   -0.0047    0.0297   -0.0019
 AT.   6 O  X    -0.0590    0.0818   -0.0468    0.0391    0.0047    0.0053
            Y    -0.0300   -0.0280    0.0312   -0.0277    0.0001   -0.0042
            Z     0.0080   -0.0103    0.0089   -0.0073   -0.0490   -0.0419
 AT.   7 O  X     0.0619    0.0517    0.0337    0.0299    0.0004    0.0029
            Y    -0.0367   -0.0308   -0.0629   -0.0723   -0.0026   -0.0052
            Z     0.0089    0.0065    0.0118    0.0139    0.0202    0.0408
 AT.   8 O  X     0.0649   -0.0124   -0.0378    0.0537    0.0054   -0.0029
            Y     0.0455    0.0780   -0.0659   -0.0473    0.0050   -0.0018
            Z     0.0096    0.0093   -0.0147   -0.0025    0.0415   -0.0501
 AT.   9 O  X    -0.0663   -0.0379    0.0404    0.0579    0.0032   -0.0043
            Y     0.0364    0.0458    0.0227   -0.0184   -0.0004    0.0002
            Z     0.0090    0.0042   -0.0076   -0.0106   -0.0430    0.0180
 AT.  10 O  X     0.0043   -0.0198   -0.0710    0.0365    0.0009    0.0033
            Y    -0.0696    0.0638    0.0589   -0.0572   -0.0005   -0.0044
            Z     0.0081   -0.0071   -0.0147    0.0121    0.0012    0.0294

 FREQ(CM**-1)   1144.35   1144.36   1519.43   1530.32   1572.59   1611.70

 AT.   1 CA X     0.0020   -0.0016    0.0006   -0.0022   -0.0003   -0.0028
            Y     0.0014    0.0023    0.0006   -0.0033    0.0001    0.0019
            Z     0.0001    0.0001   -0.0042   -0.0013   -0.0006   -0.0001
 AT.   2 MG X    -0.0002   -0.0075    0.0027    0.0014   -0.0079   -0.0011
            Y    -0.0065    0.0002    0.0071    0.0028    0.0030    0.0008
            Z    -0.0001   -0.0001   -0.0025    0.0056   -0.0003    0.0010
 AT.   3 C  X     0.0029    0.0007    0.0923    0.1379    0.0097   -0.0177
            Y    -0.0025    0.0003    0.0269   -0.0573   -0.1224    0.1149
            Z    -0.0005   -0.0002   -0.0013   -0.0004   -0.0038    0.0020
 AT.   4 C  X    -0.0022   -0.0018   -0.0973    0.0930   -0.0370   -0.0474
            Y     0.0025    0.0007   -0.1146    0.0177    0.1107    0.1129
            Z     0.0006    0.0000    0.0041   -0.0013    0.0032    0.0016
 AT.   5 O  X    -0.0715   -0.0306   -0.0229   -0.0515   -0.0213    0.0259
            Y     0.0547    0.0221    0.0100    0.0375    0.0242   -0.0293
            Z     0.0010    0.0001    0.0024   -0.0003    0.0008   -0.0031
 AT.   6 O  X     0.0104   -0.0080   -0.0038    0.0073   -0.0112   -0.0062
            Y     0.0867   -0.0630   -0.0431    0.0248   -0.0429    0.0211
            Z    -0.0021    0.0007    0.0021    0.0011   -0.0021   -0.0003
 AT.   7 O  X     0.0002   -0.0936    0.0503    0.0152    0.0345    0.0479
            Y     0.0005   -0.0392    0.0276   -0.0012    0.0099    0.0173
            Z    -0.0008   -0.0023   -0.0019    0.0016   -0.0001    0.0036
 AT.   8 O  X    -0.0305    0.0689   -0.0253   -0.0284    0.0083   -0.0428
            Y     0.0227   -0.0524    0.0149    0.0263    0.0080    0.0316
            Z     0.0009   -0.0017    0.0022   -0.0011    0.0027    0.0017
 AT.   9 O  X    -0.0087   -0.0109   -0.0069    0.0048   -0.0104    0.0130
            Y    -0.0620   -0.0883   -0.0534   -0.0284   -0.0030    0.0353
            Z     0.0013    0.0005    0.0029   -0.0009   -0.0004   -0.0012
 AT.  10 O  X    -0.0921    0.0012    0.0522   -0.0371   -0.0005    0.0032
            Y    -0.0394   -0.0004    0.0269   -0.0119   -0.0101   -0.0083
            Z    -0.0007   -0.0007   -0.0014    0.0022   -0.0011   -0.0003


  DISPERSION K POINT NUMBER    23 COORD:  C(  2  1  1 )    WEIGHT:    1.

    MODES         EIGV          FREQUENCIES     IRREP
             (HARTREE**2)   (CM**-1)     (THZ)
    1-   1    0.1422E-06     82.7490    2.4808  (  1)
    2-   2    0.3127E-06    122.7310    3.6794  (  1)
    3-   3    0.3359E-06    127.2003    3.8134  (  1)
    4-   4    0.4445E-06    146.3304    4.3869  (  1)
    5-   5    0.5868E-06    168.1293    5.0404  (  1)
    6-   6    0.8016E-06    196.5004    5.8909  (  1)
    7-   7    0.8536E-06    202.7678    6.0788  (  1)
    8-   8    0.9895E-06    218.3226    6.5451  (  1)
    9-   9    0.1218E-05    242.1935    7.2608  (  1)
   10-  10    0.1535E-05    271.8900    8.1511  (  1)
   11-  11    0.1744E-05    289.8116    8.6883  (  1)
   12-  12    0.2218E-05    326.8381    9.7984  (  1)
   13-  13    0.2381E-05    338.6361   10.1521  (  1)
   14-  14    0.2703E-05    360.8142   10.8169  (  1)
   15-  15    0.2964E-05    377.8303   11.3271  (  1)
   16-  16    0.3453E-05    407.8341   12.2266  (  1)
   17-  17    0.3585E-05    415.5506   12.4579  (  1)
   18-  18    0.3928E-05    435.0053   13.0411  (  1)
   19-  19    0.1117E-04    733.5119   21.9901  (  1)
   20-  20    0.1133E-04    738.9048   22.1518  (  1)
   21-  21    0.1152E-04    745.0742   22.3368  (  1)
   22-  22    0.1171E-04    751.0553   22.5161  (  1)
   23-  23    0.1652E-04    892.1167   26.7450  (  1)
   24-  24    0.1653E-04    892.2769   26.7498  (  1)
   25-  25    0.2719E-04   1144.3535   34.3069  (  1)
   26-  26    0.2726E-04   1145.9247   34.3540  (  1)
   27-  27    0.4647E-04   1496.1554   44.8536  (  1)
   28-  28    0.4914E-04   1538.5453   46.1244  (  1)
   29-  29    0.4939E-04   1542.4528   46.2416  (  1)
   30-  30    0.5257E-04   1591.2945   47.7058  (  1)

 MODES IN PHASE

 FREQ(CM**-1)     82.75    122.73    127.20    146.33    168.13    196.50

 AT.   1 CA X     0.0756   -0.0004   -0.0221    0.0405    0.0435   -0.0126
            Y    -0.0488    0.0002   -0.0353    0.0549    0.0763   -0.0318
            Z    -0.0200   -0.0002    0.0878    0.0385    0.0028   -0.0039
 AT.   2 MG X    -0.0110    0.0051    0.0401    0.0064   -0.0008    0.0000
            Y     0.0213   -0.0168    0.0164    0.0019   -0.0005   -0.0000
            Z     0.0185    0.0498   -0.0229    0.0053   -0.0021    0.0000
 AT.   3 C  X    -0.0041   -0.0156    0.0312    0.0441    0.0101    0.0291
            Y     0.0336   -0.0279    0.0287    0.0079   -0.0027    0.0077
            Z     0.0121    0.0265   -0.0304    0.0454   -0.0111    0.0256
 AT.   4 C  X     0.0085   -0.0216   -0.0343    0.0114   -0.0172    0.0202
            Y    -0.0553   -0.0172   -0.0346   -0.0037    0.0197    0.0115
            Z    -0.0105    0.0240    0.0366   -0.0179    0.0240    0.0432
 AT.   5 O  X     0.0060   -0.0334    0.0297    0.0403    0.0292    0.0135
            Y     0.0458   -0.0521    0.0272    0.0049    0.0241   -0.0125
            Z     0.0118    0.0783   -0.0164    0.0374    0.0097   -0.0319
 AT.   6 O  X     0.0471   -0.0303   -0.0468   -0.0373    0.0332   -0.0040
            Y    -0.0602    0.0230   -0.0269   -0.0065    0.0093    0.0054
            Z    -0.0246   -0.0307    0.0320   -0.0246    0.0406   -0.0259
 AT.   7 O  X    -0.0078    0.0370   -0.0202    0.0000   -0.0428   -0.0182
            Y    -0.0177   -0.0243   -0.0488   -0.0368    0.0688    0.0246
            Z    -0.0042   -0.0105    0.0320   -0.0692    0.0280    0.0512
 AT.   8 O  X     0.0060    0.0329    0.0244    0.0228    0.0582    0.0185
            Y     0.0458    0.0515    0.0227   -0.0004    0.0335    0.0059
            Z     0.0118   -0.0783   -0.0025    0.0432   -0.0282   -0.0247
 AT.   9 O  X     0.0471    0.0302   -0.0411   -0.0078    0.0176    0.0650
            Y    -0.0602   -0.0234   -0.0318   -0.0018    0.0126    0.0073
            Z    -0.0246    0.0314    0.0398    0.0121    0.0311    0.0717
 AT.  10 O  X    -0.0078   -0.0372   -0.0288    0.0246   -0.0302    0.0005
            Y    -0.0177    0.0239   -0.0451   -0.0277    0.0495    0.0553
            Z    -0.0042    0.0094    0.0383   -0.0498    0.0021    0.0691

 FREQ(CM**-1)    202.77    218.32    242.19    271.89    289.81    326.84

 AT.   1 CA X     0.0279   -0.0049    0.0061    0.0016   -0.0107    0.0062
            Y    -0.0178    0.0107   -0.0132   -0.0019    0.0063   -0.0119
            Z     0.0439    0.0116   -0.0216    0.0010   -0.0083   -0.0304
 AT.   2 MG X    -0.0019    0.0014   -0.0017    0.0072   -0.0568    0.0432
            Y    -0.0200   -0.0124    0.0260   -0.0750    0.0112    0.0358
            Z     0.0187   -0.0115    0.0041   -0.0277   -0.0523   -0.0364
 AT.   3 C  X    -0.0006   -0.0181   -0.0121   -0.0379    0.0242    0.0044
            Y    -0.0487    0.0475    0.0348   -0.0219   -0.0250   -0.0083
            Z     0.0248    0.0219    0.0129   -0.0237    0.0224   -0.0121
 AT.   4 C  X    -0.0093   -0.0226   -0.0224   -0.0021    0.0195   -0.0453
            Y     0.0290    0.0514    0.0336   -0.0063   -0.0278   -0.0034
            Z    -0.0031    0.0225    0.0096   -0.0075    0.0166    0.0141
 AT.   5 O  X    -0.0149   -0.0316   -0.0101   -0.0437    0.0193   -0.0006
            Y    -0.0671    0.0271    0.0345   -0.0293   -0.0250   -0.0264
            Z     0.0761    0.0059    0.0333   -0.0557    0.0064    0.0243
 AT.   6 O  X    -0.0059    0.0170   -0.0394   -0.0122    0.0237    0.0396
            Y     0.0158   -0.0454   -0.0168    0.0109    0.0230    0.0104
            Z    -0.0309    0.0477   -0.0511   -0.0052    0.0390   -0.0447
 AT.   7 O  X    -0.0119    0.0358   -0.0250    0.0078   -0.0186    0.0344
            Y     0.0165   -0.0687   -0.0260   -0.0032    0.0428    0.0272
            Z     0.0496   -0.0623   -0.0314    0.0113   -0.0831   -0.0041
 AT.   8 O  X    -0.0217    0.0046    0.0391    0.0428   -0.0079    0.0226
            Y    -0.0724   -0.0020   -0.0107    0.0297    0.0284    0.0025
            Z     0.0878    0.0227   -0.0735    0.0544   -0.0245    0.0269
 AT.   9 O  X    -0.0086   -0.0029   -0.0354    0.0162   -0.0156   -0.0569
            Y     0.0298    0.0522    0.0337   -0.0093   -0.0292   -0.0007
            Z    -0.0261   -0.0253   -0.0462    0.0097   -0.0358    0.0853
 AT.  10 O  X    -0.0067   -0.0355   -0.0146   -0.0037    0.0247   -0.0385
            Y     0.0237    0.0856    0.0206    0.0033   -0.0461   -0.0226
            Z     0.0426    0.0798    0.0248   -0.0150    0.0860    0.0111

 FREQ(CM**-1)    338.64    360.81    377.83    407.83    415.55    435.01

 AT.   1 CA X    -0.0008   -0.0765    0.0367   -0.0000   -0.0009   -0.0068
            Y     0.0525   -0.0049    0.0191   -0.0034   -0.0093   -0.0098
            Z     0.0191   -0.0053   -0.0400    0.0089    0.0024    0.0097
 AT.   2 MG X    -0.0048   -0.0076    0.0078    0.0339    0.1036   -0.1205
            Y    -0.0114   -0.0017    0.0452    0.1120    0.0286    0.0679
            Z     0.0019    0.0023    0.0044   -0.0781    0.1030    0.0876
 AT.   3 C  X     0.0098    0.0069   -0.0331   -0.0247   -0.0095    0.0097
            Y     0.0124    0.0227    0.0081   -0.0182   -0.0200   -0.0187
            Z    -0.0481    0.0322   -0.0130    0.0176    0.0011   -0.0250
 AT.   4 C  X     0.0416    0.0274    0.0283    0.0006    0.0162   -0.0212
            Y    -0.0124    0.0023   -0.0076    0.0149   -0.0057    0.0151
            Z     0.0148   -0.0014    0.0357   -0.0121    0.0204    0.0245
 AT.   5 O  X    -0.0190    0.0271   -0.0433   -0.0194    0.0074    0.0007
            Y    -0.0197    0.0456   -0.0126   -0.0093   -0.0074   -0.0250
            Z    -0.0278    0.0978   -0.0052   -0.0362   -0.0295   -0.0533
 AT.   6 O  X     0.0010    0.0376   -0.0531    0.0097   -0.0009   -0.0005
            Y    -0.0163   -0.0156    0.0071   -0.0010    0.0278    0.0110
            Z    -0.0424   -0.0339    0.0270   -0.0296    0.0065   -0.0039
 AT.   7 O  X     0.0415   -0.0012    0.0279    0.0095   -0.0106    0.0113
            Y    -0.0368    0.0184   -0.0440    0.0101    0.0338   -0.0040
            Z     0.0571    0.0143    0.0617    0.0261   -0.0853   -0.0037
 AT.   8 O  X    -0.0296    0.0127   -0.0208    0.0229   -0.0423    0.0232
            Y    -0.0123    0.0444    0.0141    0.0062   -0.0024    0.0107
            Z    -0.0384    0.0707    0.0202    0.0160    0.0234    0.0161
 AT.   9 O  X     0.0186    0.0276   -0.0253    0.0062   -0.0007   -0.0302
            Y    -0.0153   -0.0001    0.0003    0.0167   -0.0012    0.0212
            Z    -0.0558   -0.0261   -0.0046   -0.0139   -0.0122    0.0347
 AT.  10 O  X     0.0437    0.0190    0.0353    0.0018    0.0143   -0.0166
            Y    -0.0238    0.0067   -0.0308    0.0247   -0.0047   -0.0006
            Z     0.0457   -0.0061    0.0635   -0.0336    0.0423   -0.0283

 FREQ(CM**-1)    733.51    738.90    745.07    751.06    892.12    892.28

 AT.   1 CA X    -0.0002   -0.0041   -0.0035    0.0018   -0.0010    0.0001
            Y     0.0000    0.0073   -0.0046   -0.0004    0.0007   -0.0000
            Z    -0.0001   -0.0024   -0.0066    0.0013   -0.0015   -0.0002
 AT.   2 MG X    -0.0028    0.0040    0.0019   -0.0177    0.0021    0.0021
            Y    -0.0021    0.0116    0.0081    0.0046    0.0032    0.0009
            Z     0.0009    0.0011   -0.0077   -0.0170    0.0063   -0.0057
 AT.   3 C  X    -0.0190    0.0309   -0.0158   -0.0148   -0.0071    0.0036
            Y     0.0092    0.0027   -0.0537   -0.0203    0.0018    0.0014
            Z    -0.0012   -0.0019   -0.0007    0.0093    0.1778    0.0718
 AT.   4 C  X    -0.0476   -0.0509    0.0155   -0.0112    0.0036    0.0064
            Y     0.0220    0.0143    0.0540   -0.0319    0.0021   -0.0018
            Z    -0.0035    0.0052    0.0005   -0.0076   -0.0717    0.1778
 AT.   5 O  X    -0.0255    0.0019    0.0889    0.0311   -0.0042   -0.0020
            Y     0.0256   -0.0543    0.0547    0.0447   -0.0093   -0.0012
            Z    -0.0004   -0.0083    0.0128    0.0075   -0.0489   -0.0178
 AT.   6 O  X    -0.1086    0.1088    0.0062   -0.0274    0.0000   -0.0089
            Y    -0.0092    0.0001    0.0504    0.0771   -0.0011    0.0030
            Z     0.0161   -0.0170   -0.0007    0.0049    0.0245    0.0486
 AT.   7 O  X     0.0220   -0.0310    0.0470    0.0862   -0.0027    0.0043
            Y     0.0938   -0.0826   -0.0428   -0.0408   -0.0024   -0.0055
            Z    -0.0103    0.0067    0.0066    0.0129    0.0241    0.0500
 AT.   8 O  X     0.0300   -0.0023    0.0392   -0.0729    0.0036    0.0024
            Y    -0.0340   -0.0474    0.0265   -0.0801    0.0077    0.0012
            Z    -0.0002   -0.0075    0.0065   -0.0165    0.0293    0.0227
 AT.   9 O  X     0.1092    0.1085    0.0080    0.0085   -0.0018    0.0089
            Y     0.0085   -0.0020    0.0797   -0.0463    0.0015   -0.0031
            Z    -0.0164   -0.0172   -0.0040    0.0010    0.0203   -0.0489
 AT.  10 O  X    -0.0231   -0.0329    0.0775   -0.0483    0.0004   -0.0043
            Y    -0.0934   -0.0813   -0.0676    0.0327   -0.0051    0.0057
            Z     0.0103    0.0064    0.0156   -0.0110    0.0198   -0.0500

 FREQ(CM**-1)   1144.35   1145.92   1496.16   1538.55   1542.45   1591.29

 AT.   1 CA X    -0.0010   -0.0026    0.0000   -0.0012    0.0015   -0.0030
            Y    -0.0003   -0.0009    0.0000    0.0020    0.0017    0.0002
            Z    -0.0002    0.0030    0.0000   -0.0003    0.0036   -0.0028
 AT.   2 MG X     0.0018   -0.0083    0.0009    0.0009   -0.0016   -0.0007
            Y    -0.0005    0.0022   -0.0004   -0.0060   -0.0019    0.0001
            Z     0.0062    0.0041    0.0014    0.0063   -0.0015   -0.0003
 AT.   3 C  X    -0.0003   -0.0010    0.0199    0.0898   -0.0225    0.1704
            Y     0.0003   -0.0037    0.0900    0.1422    0.0101    0.0228
            Z     0.0007    0.0009   -0.0001    0.0025   -0.0016   -0.0036
 AT.   4 C  X    -0.0003   -0.0002   -0.0123   -0.0126    0.1396    0.0167
            Y    -0.0010    0.0041    0.1710   -0.0862   -0.1027   -0.0135
            Z    -0.0012   -0.0007    0.0012   -0.0035    0.0051   -0.0022
 AT.   5 O  X     0.0125    0.0397    0.0097   -0.0026    0.0079   -0.0457
            Y    -0.0095   -0.0310   -0.0120   -0.0115   -0.0074    0.0266
            Z    -0.0005   -0.0017   -0.0013   -0.0035    0.0002    0.0036
 AT.   6 O  X     0.0092   -0.0128    0.0066    0.0086   -0.0049    0.0088
            Y     0.0786   -0.1024    0.0722    0.0279    0.0313    0.0159
            Z    -0.0016    0.0009    0.0006   -0.0017   -0.0034   -0.0010
 AT.   7 O  X    -0.0734    0.0936    0.0182    0.0405   -0.0368    0.0410
            Y    -0.0307    0.0392    0.0166    0.0198   -0.0047    0.0132
            Z    -0.0015    0.0013   -0.0000   -0.0008   -0.0038    0.0015
 AT.   8 O  X     0.0400   -0.0117   -0.0078    0.0152    0.0305   -0.0336
            Y    -0.0316    0.0094    0.0101   -0.0031   -0.0237    0.0197
            Z    -0.0001   -0.0002    0.0013    0.0023    0.0011    0.0025
 AT.   9 O  X    -0.0126   -0.0093   -0.0068    0.0068   -0.0056   -0.0021
            Y    -0.1009   -0.0805   -0.0723    0.0361    0.0350    0.0052
            Z     0.0022    0.0009   -0.0006    0.0025   -0.0036    0.0017
 AT.  10 O  X     0.0934    0.0725   -0.0188    0.0162   -0.0381   -0.0015
            Y     0.0403    0.0298   -0.0168    0.0104   -0.0043   -0.0011
            Z     0.0016    0.0010   -0.0000    0.0024   -0.0031    0.0022

 MODES IN ANTI-PHASE

 FREQ(CM**-1)     82.75    122.73    127.20    146.33    168.13    196.50

 AT.   1 CA X    -0.0000   -0.0437    0.0056    0.0137    0.0181   -0.0073
            Y     0.0000    0.0248    0.0090    0.0186    0.0318   -0.0184
            Z     0.0000   -0.0258   -0.0223    0.0131    0.0012   -0.0023
 AT.   2 MG X    -0.0190   -0.0030    0.0412    0.0323   -0.0063    0.0066
            Y     0.0370    0.0099    0.0168    0.0094   -0.0040   -0.0080
            Z     0.0321   -0.0293   -0.0235    0.0267   -0.0163    0.0171
 AT.   3 C  X    -0.0075   -0.0159    0.0148   -0.0057    0.0206   -0.0066
            Y     0.0445   -0.0033    0.0195    0.0047   -0.0212   -0.0089
            Z     0.0052    0.0121   -0.0205    0.0240   -0.0279   -0.0351
 AT.   4 C  X    -0.0002   -0.0052   -0.0037   -0.0430   -0.0151   -0.0219
            Y    -0.0069   -0.0223    0.0017   -0.0084    0.0082   -0.0022
            Z    -0.0079    0.0165   -0.0015   -0.0481    0.0180   -0.0046
 AT.   5 O  X     0.0133   -0.0339    0.0034   -0.0152    0.0531    0.0136
            Y     0.0717   -0.0309    0.0024   -0.0070    0.0233    0.0141
            Z    -0.0227    0.0015   -0.0251    0.0222   -0.0493   -0.0101
 AT.   6 O  X    -0.0034   -0.0033   -0.0000    0.0359   -0.0081    0.0774
            Y     0.0068   -0.0235    0.0171    0.0054    0.0085    0.0054
            Z    -0.0125    0.0403   -0.0246    0.0520    0.0036    0.0978
 AT.   7 O  X    -0.0032   -0.0068    0.0230    0.0405   -0.0001    0.0110
            Y     0.0109   -0.0207    0.0047    0.0026    0.0015    0.0497
            Z     0.0095   -0.0605   -0.0214    0.0085   -0.0249    0.0502
 AT.   8 O  X    -0.0133   -0.0344   -0.0172    0.0366   -0.0167    0.0049
            Y    -0.0717   -0.0318   -0.0151    0.0086    0.0007   -0.0179
            Z     0.0227    0.0029    0.0299    0.0052    0.0416   -0.0226
 AT.   9 O  X     0.0033   -0.0038    0.0223   -0.0512    0.0293   -0.0422
            Y    -0.0068   -0.0231   -0.0022   -0.0082    0.0006    0.0020
            Z     0.0126    0.0398    0.0063   -0.0563    0.0263   -0.0713
 AT.  10 O  X     0.0032   -0.0062   -0.0106   -0.0321   -0.0303   -0.0212
            Y    -0.0109   -0.0211    0.0192   -0.0245    0.0478   -0.0036
            Z    -0.0095   -0.0607    0.0035   -0.0489    0.0374    0.0192

 FREQ(CM**-1)    202.77    218.32    242.19    271.89    289.81    326.84

 AT.   1 CA X    -0.0040   -0.0115    0.0079   -0.0397   -0.0400   -0.0128
            Y     0.0026    0.0249   -0.0170    0.0471    0.0237    0.0245
            Z    -0.0064    0.0270   -0.0279   -0.0252   -0.0309    0.0628
 AT.   2 MG X    -0.0024   -0.0019    0.0040   -0.0038    0.0566   -0.0031
            Y    -0.0254    0.0165   -0.0633    0.0394   -0.0112   -0.0026
            Z     0.0237    0.0153   -0.0100    0.0146    0.0522    0.0027
 AT.   3 C  X     0.0141   -0.0213    0.0404    0.0157   -0.0029   -0.0470
            Y     0.0092    0.0222    0.0001    0.0034   -0.0122   -0.0069
            Z    -0.0216    0.0054    0.0109    0.0029   -0.0056    0.0104
 AT.   4 C  X     0.0106    0.0164   -0.0357   -0.0410    0.0147   -0.0132
            Y     0.0401   -0.0104   -0.0093   -0.0212   -0.0020   -0.0102
            Z    -0.0327   -0.0001   -0.0140   -0.0227    0.0161   -0.0075
 AT.   5 O  X     0.0261   -0.0238    0.0378    0.0096    0.0178   -0.0283
            Y     0.0285    0.0231   -0.0021   -0.0062    0.0135    0.0176
            Z    -0.0523    0.0370   -0.0673    0.0139   -0.0380   -0.0536
 AT.   6 O  X     0.0104    0.0123   -0.0469   -0.0502    0.0100    0.0412
            Y    -0.0516    0.0289    0.0305   -0.0184   -0.0185   -0.0074
            Z    -0.0123    0.0104   -0.0610   -0.0564   -0.0040   -0.0734
 AT.   7 O  X    -0.0167   -0.0150   -0.0216   -0.0506    0.0174    0.0218
            Y    -0.0280    0.0528    0.0145   -0.0008   -0.0181    0.0072
            Z     0.0172    0.0509    0.0175    0.0471    0.0280   -0.0109
 AT.   8 O  X    -0.0207   -0.0393   -0.0003    0.0131    0.0251   -0.0170
            Y    -0.0083    0.0356    0.0329   -0.0038   -0.0008    0.0316
            Z     0.0285    0.0298    0.0153    0.0183   -0.0298   -0.0523
 AT.   9 O  X    -0.0083    0.0208   -0.0499   -0.0491    0.0205   -0.0055
            Y     0.0450   -0.0130   -0.0086   -0.0192   -0.0046   -0.0127
            Z     0.0206    0.0417   -0.0648   -0.0558    0.0160   -0.0104
 AT.  10 O  X     0.0194    0.0156   -0.0296   -0.0511    0.0058   -0.0134
            Y     0.0221   -0.0133   -0.0215   -0.0005    0.0056   -0.0169
            Z    -0.0306   -0.0100   -0.0260    0.0460   -0.0171   -0.0035

 FREQ(CM**-1)    338.64    360.81    377.83    407.83    415.55    435.01

 AT.   1 CA X    -0.0001   -0.0213   -0.0120    0.0001    0.0015    0.0105
            Y     0.0077   -0.0014   -0.0062    0.0104    0.0146    0.0150
            Z     0.0028   -0.0015    0.0130   -0.0272   -0.0038   -0.0149
 AT.   2 MG X    -0.0121   -0.0296    0.0070   -0.0071    0.0044   -0.0065
            Y    -0.0289   -0.0065    0.0406   -0.0236    0.0012    0.0036
            Z     0.0049    0.0089    0.0039    0.0165    0.0043    0.0047
 AT.   3 C  X    -0.0451   -0.0273    0.0048   -0.0021    0.0131   -0.0192
            Y     0.0099   -0.0018    0.0003    0.0130   -0.0208    0.0050
            Z    -0.0039    0.0020   -0.0589   -0.0102    0.0256    0.0120
 AT.   4 C  X    -0.0199   -0.0064    0.0178   -0.0247   -0.0004   -0.0035
            Y    -0.0098   -0.0227   -0.0030   -0.0167   -0.0283   -0.0121
            Z     0.0460   -0.0322   -0.0487    0.0164    0.0155   -0.0131
 AT.   5 O  X    -0.0397   -0.0203   -0.0241   -0.0123    0.0433   -0.0257
            Y     0.0228    0.0103   -0.0410    0.0022    0.0062   -0.0007
            Z    -0.0408   -0.0254   -0.0414    0.0223   -0.0120    0.0059
 AT.   6 O  X     0.0610   -0.0090   -0.0298   -0.0238    0.0012    0.0333
            Y     0.0009    0.0257    0.0092   -0.0268   -0.0117   -0.0280
            Z    -0.0525    0.0056    0.0447    0.0639    0.0104   -0.0362
 AT.   7 O  X     0.0136    0.0388   -0.0216   -0.0161   -0.0109    0.0131
            Y     0.0395   -0.0175   -0.0080   -0.0556   -0.0107    0.0024
            Z    -0.0311   -0.0356   -0.0232    0.0212   -0.0066    0.0326
 AT.   8 O  X     0.0325    0.0314    0.0450    0.0015    0.0117   -0.0110
            Y    -0.0275    0.0147    0.0405    0.0072    0.0093    0.0226
            Z     0.0310    0.0723    0.0364    0.0394    0.0216    0.0512
 AT.   9 O  X    -0.0581    0.0271    0.0554   -0.0250    0.0013    0.0139
            Y    -0.0056   -0.0301   -0.0116   -0.0210   -0.0301   -0.0214
            Z     0.0380   -0.0223   -0.0520    0.0690   -0.0015   -0.0111
 AT.  10 O  X    -0.0010   -0.0338    0.0010   -0.0186    0.0049   -0.0050
            Y    -0.0484    0.0245    0.0325   -0.0509   -0.0352    0.0046
            Z     0.0463    0.0379   -0.0177    0.0017    0.0744    0.0166

 FREQ(CM**-1)    733.51    738.90    745.07    751.06    892.12    892.28

 AT.   1 CA X     0.0039    0.0002    0.0018   -0.0033    0.0019   -0.0024
            Y    -0.0006   -0.0004    0.0024    0.0007   -0.0014    0.0006
            Z     0.0018    0.0001    0.0035   -0.0025    0.0029    0.0032
 AT.   2 MG X     0.0014    0.0060    0.0012    0.0007   -0.0001   -0.0011
            Y     0.0011    0.0177    0.0050   -0.0002   -0.0002   -0.0005
            Z    -0.0004    0.0017   -0.0048    0.0007   -0.0003    0.0029
 AT.   3 C  X    -0.0437    0.0404    0.0038   -0.0193    0.0008    0.0054
            Y     0.0199   -0.0198   -0.0064   -0.0448    0.0031   -0.0025
            Z    -0.0033   -0.0051    0.0027   -0.0040   -0.0001    0.1627
 AT.   4 C  X    -0.0006   -0.0009    0.0049   -0.0216   -0.0062    0.0011
            Y     0.0008   -0.0140   -0.0028   -0.0375    0.0029    0.0023
            Z     0.0002   -0.0015    0.0028    0.0067    0.1627    0.0004
 AT.   5 O  X    -0.0372    0.0371    0.0125    0.0672   -0.0014   -0.0037
            Y     0.0679   -0.0580    0.0048    0.0665   -0.0028   -0.0000
            Z     0.0050   -0.0064    0.0008    0.0149   -0.0005   -0.0455
 AT.   6 O  X    -0.0116   -0.0038   -0.0054    0.0087    0.0023   -0.0012
            Y     0.0052    0.0190   -0.0622    0.0028   -0.0011    0.0012
            Z     0.0034    0.0021    0.0043   -0.0047   -0.0432    0.0053
 AT.   7 O  X     0.0105    0.0185   -0.0617   -0.0011    0.0014   -0.0000
            Y     0.0025   -0.0067    0.0526   -0.0115    0.0081   -0.0018
            Z    -0.0010    0.0018   -0.0144    0.0045   -0.0423    0.0030
 AT.   8 O  X    -0.0336   -0.0371   -0.0807    0.0128    0.0026   -0.0035
            Y     0.0641    0.0637   -0.0481    0.0013    0.0058    0.0001
            Z     0.0050    0.0073   -0.0111    0.0023    0.0392   -0.0432
 AT.   9 O  X     0.0023   -0.0084   -0.0021    0.0274    0.0013   -0.0002
            Y     0.0064   -0.0189   -0.0071   -0.0617    0.0003    0.0009
            Z     0.0014   -0.0002   -0.0018   -0.0067   -0.0453   -0.0000
 AT.  10 O  X     0.0077   -0.0149   -0.0046   -0.0715    0.0030   -0.0005
            Y    -0.0094    0.0159    0.0061    0.0269    0.0068   -0.0012
            Z     0.0003   -0.0025    0.0025   -0.0080   -0.0444   -0.0025

 FREQ(CM**-1)   1144.35   1145.92   1496.16   1538.55   1542.45   1591.29

 AT.   1 CA X     0.0028    0.0009    0.0009    0.0020    0.0003   -0.0010
            Y     0.0010    0.0003    0.0009   -0.0032    0.0003    0.0001
            Z     0.0006   -0.0011    0.0012    0.0004    0.0007   -0.0010
 AT.   2 MG X    -0.0003   -0.0071   -0.0005    0.0000   -0.0046   -0.0037
            Y     0.0001    0.0019    0.0003   -0.0002   -0.0056    0.0003
            Z    -0.0012    0.0035   -0.0009    0.0002   -0.0043   -0.0017
 AT.   3 C  X    -0.0003    0.0029   -0.0278    0.0438   -0.1378    0.0064
            Y    -0.0010   -0.0017    0.1455   -0.0098    0.1022    0.0167
            Z    -0.0011   -0.0003    0.0015   -0.0025   -0.0049    0.0018
 AT.   4 C  X    -0.0004    0.0030    0.0319    0.0991    0.0039   -0.1697
            Y     0.0002   -0.0002   -0.0048    0.1135    0.0036   -0.0249
            Z     0.0005   -0.0006   -0.0009    0.0007    0.0010    0.0034
 AT.   5 O  X    -0.0797    0.0684    0.0334   -0.0157    0.0611    0.0041
            Y     0.0625   -0.0540   -0.0317    0.0093   -0.0444   -0.0021
            Z     0.0009   -0.0018   -0.0002   -0.0008    0.0026   -0.0005
 AT.   6 O  X     0.0086   -0.0011   -0.0025   -0.0119   -0.0029   -0.0148
            Y     0.0633    0.0008   -0.0038   -0.0544    0.0157   -0.0120
            Z    -0.0015   -0.0004    0.0015   -0.0019   -0.0013    0.0041
 AT.   7 O  X    -0.0577    0.0010   -0.0120   -0.0385   -0.0107   -0.0553
            Y    -0.0261    0.0013   -0.0048   -0.0217    0.0000   -0.0189
            Z    -0.0008    0.0001   -0.0004   -0.0023    0.0011    0.0017
 AT.   8 O  X    -0.0701   -0.0782    0.0339   -0.0047   -0.0535   -0.0312
            Y     0.0547    0.0615   -0.0324    0.0144    0.0382    0.0179
            Z     0.0010    0.0024   -0.0003    0.0028   -0.0023    0.0026
 AT.   9 O  X     0.0010    0.0088   -0.0021   -0.0130    0.0008    0.0170
            Y     0.0004    0.0633    0.0004   -0.0494   -0.0026    0.0192
            Z    -0.0002   -0.0003    0.0015    0.0007   -0.0000   -0.0039
 AT.  10 O  X     0.0008   -0.0593   -0.0109   -0.0535   -0.0041    0.0688
            Y    -0.0012   -0.0255   -0.0038   -0.0275   -0.0018    0.0230
            Z     0.0003   -0.0009   -0.0004   -0.0003   -0.0024   -0.0004


  DISPERSION K POINT NUMBER    24 COORD:  C(  2  1  2 )    WEIGHT:    1.

    MODES         EIGV          FREQUENCIES     IRREP
             (HARTREE**2)   (CM**-1)     (THZ)
    1-   1    0.1422E-06     82.7490    2.4808  (  1)
    2-   2    0.3127E-06    122.7310    3.6794  (  1)
    3-   3    0.3359E-06    127.2003    3.8134  (  1)
    4-   4    0.4445E-06    146.3304    4.3869  (  1)
    5-   5    0.5868E-06    168.1293    5.0404  (  1)
    6-   6    0.8016E-06    196.5004    5.8909  (  1)
    7-   7    0.8536E-06    202.7678    6.0788  (  1)
    8-   8    0.9895E-06    218.3226    6.5451  (  1)
    9-   9    0.1218E-05    242.1935    7.2608  (  1)
   10-  10    0.1535E-05    271.8900    8.1511  (  1)
   11-  11    0.1744E-05    289.8116    8.6883  (  1)
   12-  12    0.2218E-05    326.8381    9.7984  (  1)
   13-  13    0.2381E-05    338.6361   10.1521  (  1)
   14-  14    0.2703E-05    360.8142   10.8169  (  1)
   15-  15    0.2964E-05    377.8303   11.3271  (  1)
   16-  16    0.3453E-05    407.8341   12.2266  (  1)
   17-  17    0.3585E-05    415.5506   12.4579  (  1)
   18-  18    0.3928E-05    435.0053   13.0411  (  1)
   19-  19    0.1117E-04    733.5119   21.9901  (  1)
   20-  20    0.1133E-04    738.9048   22.1518  (  1)
   21-  21    0.1152E-04    745.0742   22.3368  (  1)
   22-  22    0.1171E-04    751.0553   22.5161  (  1)
   23-  23    0.1652E-04    892.1167   26.7450  (  1)
   24-  24    0.1653E-04    892.2769   26.7498  (  1)
   25-  25    0.2719E-04   1144.3535   34.3069  (  1)
   26-  26    0.2726E-04   1145.9247   34.3540  (  1)
   27-  27    0.4647E-04   1496.1554   44.8536  (  1)
   28-  28    0.4914E-04   1538.5453   46.1244  (  1)
   29-  29    0.4939E-04   1542.4528   46.2416  (  1)
   30-  30    0.5257E-04   1591.2945   47.7058  (  1)

 MODES IN PHASE

 FREQ(CM**-1)     82.75    122.73    127.20    146.33    168.13    196.50

 AT.   1 CA X     0.0044   -0.0001    0.0401    0.0338    0.0951    0.0074
            Y     0.0899    0.0129   -0.0014   -0.0038    0.0005    0.0011
            Z    -0.0200    0.0067    0.0846   -0.0192   -0.0031   -0.0009
 AT.   2 MG X    -0.0127    0.0135   -0.0077   -0.0130   -0.0032   -0.0028
            Y    -0.0197    0.0144    0.0060    0.0125    0.0017   -0.0073
            Z     0.0181    0.0558   -0.0051    0.0143    0.0078   -0.0129
 AT.   3 C  X     0.0437   -0.0304    0.0469   -0.0280    0.0075    0.0187
            Y     0.0351    0.0082   -0.0128    0.0307    0.0296   -0.0207
            Z    -0.0106   -0.0274    0.0362    0.0504   -0.0293   -0.0184
 AT.   4 C  X     0.0436    0.0190    0.0383    0.0215    0.0077   -0.0229
            Y     0.0350   -0.0115   -0.0078   -0.0311    0.0293    0.0212
            Z    -0.0104    0.0188    0.0308   -0.0198   -0.0289    0.0318
 AT.   5 O  X     0.0193   -0.0033    0.0518   -0.0387    0.0360    0.0287
            Y     0.0022    0.0415   -0.0045    0.0096    0.0670   -0.0068
            Z    -0.0043    0.0060    0.0385    0.0564   -0.0171   -0.0044
 AT.   6 O  X    -0.0418    0.0480   -0.0292    0.0272    0.0500    0.0170
            Y    -0.0174    0.0009    0.0089   -0.0303   -0.0247    0.0082
            Z     0.0121    0.0751    0.0011   -0.0122    0.0088   -0.0133
 AT.   7 O  X     0.0286   -0.0104    0.0467   -0.0332    0.0242    0.0310
            Y     0.0710   -0.0387   -0.0171    0.0406   -0.0184   -0.0527
            Z    -0.0244   -0.0403    0.0403    0.0535   -0.0391   -0.0908
 AT.   8 O  X     0.0191   -0.0077    0.0502    0.0170    0.0354   -0.0419
            Y     0.0020   -0.0439    0.0089   -0.0363    0.0656   -0.0053
            Z    -0.0041    0.0252    0.0293    0.0030   -0.0155    0.0308
 AT.   9 O  X    -0.0436   -0.0708   -0.0386   -0.0095    0.0514   -0.0193
            Y    -0.0180    0.0063    0.0122    0.0042   -0.0260   -0.0014
            Z     0.0115   -0.0762   -0.0193   -0.0280    0.0112    0.0009
 AT.  10 O  X     0.0285   -0.0009    0.0447    0.0184    0.0239   -0.0401
            Y     0.0708    0.0343   -0.0278   -0.0232   -0.0174    0.0629
            Z    -0.0248    0.0197    0.0289   -0.0472   -0.0385    0.1008

 FREQ(CM**-1)    202.77    218.32    242.19    271.89    289.81    326.84

 AT.   1 CA X     0.0014   -0.0073   -0.0131   -0.0209    0.0004   -0.0053
            Y     0.0320   -0.0103   -0.0187   -0.0578    0.0375   -0.0083
            Z     0.0425    0.0124    0.0340   -0.0252    0.0250    0.0223
 AT.   2 MG X     0.0216    0.0096   -0.0142   -0.0387   -0.0040   -0.0349
            Y     0.0099    0.0071   -0.0094   -0.0276    0.0119    0.0130
            Z     0.0220   -0.0110    0.0027    0.0175    0.0113   -0.0241
 AT.   3 C  X    -0.0015    0.0227   -0.0173    0.0391    0.0109   -0.0273
            Y    -0.0158    0.0446    0.0379   -0.0249   -0.0001    0.0381
            Z     0.0111   -0.0150    0.0093   -0.0229   -0.0080   -0.0131
 AT.   4 C  X    -0.0263   -0.0332   -0.0012    0.0379   -0.0082    0.0291
            Y    -0.0239   -0.0446    0.0447   -0.0249   -0.0329   -0.0313
            Z    -0.0080    0.0225    0.0007   -0.0217   -0.0229    0.0049
 AT.   5 O  X    -0.0033    0.0403   -0.0270    0.0259    0.0183   -0.0412
            Y    -0.0184    0.0640    0.0225   -0.0441    0.0160    0.0223
            Z     0.0516   -0.0606    0.0147    0.0456    0.0504   -0.0106
 AT.   6 O  X     0.0591   -0.0079    0.0301   -0.0046    0.0025    0.0158
            Y     0.0216   -0.0420    0.0007    0.0139   -0.0287   -0.0143
            Z     0.0673    0.0071    0.0135    0.0199    0.0173   -0.0202
 AT.   7 O  X    -0.0047    0.0298   -0.0257    0.0411    0.0191   -0.0305
            Y    -0.0076    0.0373    0.0540   -0.0323   -0.0178    0.0484
            Z    -0.0324    0.0480    0.0774   -0.0555   -0.0291   -0.0833
 AT.   8 O  X    -0.0214   -0.0562   -0.0115    0.0259   -0.0177    0.0426
            Y    -0.0166   -0.0729    0.0273   -0.0432   -0.0372   -0.0180
            Z     0.0375    0.0795   -0.0044    0.0474   -0.0592    0.0055
 AT.   9 O  X     0.0754   -0.0010    0.0252    0.0019    0.0237   -0.0229
            Y     0.0151    0.0032   -0.0215    0.0107    0.0039   -0.0084
            Z     0.0911    0.0237    0.0498    0.0123    0.0373   -0.0174
 AT.  10 O  X    -0.0265   -0.0438   -0.0101    0.0409   -0.0230    0.0304
            Y    -0.0266   -0.0278    0.0614   -0.0347   -0.0127   -0.0338
            Z    -0.0227   -0.0239    0.0758   -0.0565    0.0194    0.0536

 FREQ(CM**-1)    338.64    360.81    377.83    407.83    415.55    435.01

 AT.   1 CA X    -0.0225    0.0372   -0.0360   -0.0043    0.0080   -0.0110
            Y    -0.0135   -0.0558    0.0230   -0.0024    0.0036    0.0010
            Z     0.0096   -0.0046   -0.0413   -0.0130    0.0023   -0.0090
 AT.   2 MG X    -0.0169   -0.0010   -0.0190    0.1163   -0.0766   -0.0015
            Y    -0.0021    0.0010   -0.0070    0.0272    0.0755    0.1386
            Z    -0.0027   -0.0004    0.0019    0.0797    0.1031   -0.0877
 AT.   3 C  X     0.0135    0.0065   -0.0068    0.0097   -0.0204    0.0099
            Y     0.0038    0.0194    0.0259   -0.0141   -0.0200   -0.0089
            Z     0.0482   -0.0249    0.0416    0.0031   -0.0232   -0.0008
 AT.   4 C  X    -0.0207   -0.0217   -0.0037    0.0172   -0.0022    0.0019
            Y     0.0358    0.0199    0.0166    0.0048    0.0174    0.0257
            Z    -0.0271    0.0081    0.0548    0.0144    0.0210   -0.0238
 AT.   5 O  X     0.0391   -0.0134    0.0126    0.0221   -0.0234    0.0026
            Y     0.0398   -0.0222    0.0475   -0.0010   -0.0262   -0.0123
            Z     0.0597    0.0241    0.0652   -0.0226   -0.0855    0.0022
 AT.   6 O  X     0.0163   -0.0511    0.0055   -0.0169    0.0017   -0.0219
            Y     0.0320    0.0073   -0.0272    0.0102    0.0115   -0.0121
            Z     0.0150    0.1010    0.0155    0.0392   -0.0299    0.0530
 AT.   7 O  X     0.0330    0.0002    0.0145    0.0093   -0.0232    0.0089
            Y    -0.0357    0.0447   -0.0288   -0.0100   -0.0144    0.0039
            Z     0.0152   -0.0341    0.0020    0.0391    0.0069    0.0056
 AT.   8 O  X    -0.0342   -0.0134    0.0217    0.0302   -0.0020   -0.0087
            Y     0.0123    0.0247    0.0476    0.0120    0.0156    0.0144
            Z    -0.0083   -0.0169    0.0642    0.0335    0.0452    0.0275
 AT.   9 O  X     0.0098   -0.0345    0.0262    0.0156    0.0227    0.0215
            Y    -0.0450   -0.0165   -0.0309   -0.0169   -0.0352   -0.0137
            Z    -0.0481    0.0464    0.0001   -0.0098    0.0242   -0.0185
 AT.  10 O  X    -0.0242   -0.0168    0.0194    0.0220    0.0024    0.0027
            Y     0.0521    0.0116   -0.0453    0.0012    0.0007    0.0356
            Z    -0.0643   -0.0184    0.0211    0.0244   -0.0122   -0.0341

 FREQ(CM**-1)    733.51    738.90    745.07    751.06    892.12    892.28

 AT.   1 CA X     0.0012   -0.0023    0.0052    0.0007    0.0003   -0.0000
            Y    -0.0031   -0.0039   -0.0006   -0.0022    0.0026    0.0001
            Z    -0.0015   -0.0013   -0.0061   -0.0017    0.0032   -0.0002
 AT.   2 MG X     0.0032   -0.0219    0.0010    0.0019    0.0021   -0.0018
            Y    -0.0014   -0.0043    0.0003   -0.0071   -0.0001    0.0013
            Z     0.0009    0.0020    0.0010   -0.0068   -0.0034   -0.0057
 AT.   3 C  X    -0.0020   -0.0046   -0.0540   -0.0262    0.0020    0.0019
            Y     0.0258   -0.0304   -0.0126   -0.0062   -0.0071   -0.0064
            Z     0.0015    0.0038    0.0009    0.0086    0.1778   -0.1769
 AT.   4 C  X     0.0031    0.0178   -0.0237    0.0535    0.0023   -0.0017
            Y    -0.0298   -0.0248   -0.0110    0.0028   -0.0069    0.0064
            Z    -0.0022    0.0019   -0.0023    0.0027    0.1769    0.1778
 AT.   5 O  X    -0.0479    0.0479    0.0191    0.0061   -0.0084    0.0026
            Y    -0.0227    0.0241    0.0988    0.0460   -0.0019    0.0065
            Z    -0.0052    0.0054    0.0158    0.0097   -0.0487    0.0500
 AT.   6 O  X     0.0271    0.0525   -0.0305   -0.1058   -0.0024    0.0021
            Y     0.0332    0.0665    0.0139    0.0244   -0.0003   -0.0011
            Z    -0.0043   -0.0100    0.0048    0.0167    0.0239   -0.0180
 AT.   7 O  X     0.0354   -0.0436   -0.0712   -0.0293   -0.0007    0.0019
            Y    -0.0421    0.0444   -0.0324   -0.0218    0.0019   -0.0092
            Z     0.0066   -0.0082   -0.0042   -0.0020   -0.0496    0.0486
 AT.   8 O  X     0.0506    0.0454    0.0113    0.0093   -0.0085   -0.0028
            Y     0.0064   -0.0099    0.0502   -0.0932   -0.0022   -0.0066
            Z     0.0058    0.0017    0.0045   -0.0120   -0.0484   -0.0500
 AT.   9 O  X     0.0398   -0.0052   -0.0924    0.0396   -0.0013   -0.0022
            Y     0.0748   -0.0393    0.0503   -0.0007   -0.0002    0.0014
            Z    -0.0042    0.0015    0.0128   -0.0052    0.0194    0.0225
 AT.  10 O  X    -0.0309   -0.0139   -0.0382    0.0514   -0.0006   -0.0018
            Y     0.0538    0.0571   -0.0159    0.0624    0.0020    0.0093
            Z    -0.0107   -0.0101   -0.0001   -0.0056   -0.0494   -0.0489

 FREQ(CM**-1)   1144.35   1145.92   1496.16   1538.55   1542.45   1591.29

 AT.   1 CA X     0.0008    0.0020    0.0001   -0.0021   -0.0023   -0.0001
            Y    -0.0007   -0.0018   -0.0000   -0.0039    0.0004    0.0003
            Z    -0.0002    0.0030   -0.0001   -0.0005    0.0036    0.0003
 AT.   2 MG X    -0.0005    0.0023    0.0001    0.0022    0.0032    0.0013
            Y     0.0019   -0.0083   -0.0009    0.0017   -0.0005   -0.0028
            Z     0.0062    0.0041   -0.0014    0.0029   -0.0019   -0.0014
 AT.   3 C  X    -0.0008   -0.0018   -0.1405    0.1676    0.0169   -0.1025
            Y     0.0001   -0.0034   -0.0983   -0.0056    0.1658    0.1357
            Z     0.0006   -0.0002    0.0012   -0.0026    0.0051   -0.0038
 AT.   4 C  X     0.0010   -0.0034    0.1422    0.1686    0.0185    0.0958
            Y     0.0002   -0.0022    0.0954   -0.0102    0.1714   -0.1315
            Z    -0.0012   -0.0007   -0.0011   -0.0023    0.0051    0.0040
 AT.   5 O  X     0.0630   -0.0808    0.0232   -0.0513    0.0229    0.0531
            Y    -0.0480    0.0615   -0.0072    0.0318   -0.0304   -0.0468
            Z    -0.0015    0.0013    0.0000    0.0016   -0.0037    0.0010
 AT.   6 O  X     0.0021    0.0071   -0.0058    0.0055    0.0032   -0.0001
            Y     0.0162    0.0505   -0.0155    0.0177    0.0184    0.0257
            Z    -0.0006   -0.0017    0.0013   -0.0010    0.0004   -0.0019
 AT.   7 O  X    -0.0723    0.0951    0.0657   -0.0602   -0.0259    0.0236
            Y    -0.0312    0.0401    0.0304   -0.0180   -0.0209   -0.0061
            Z    -0.0016    0.0009   -0.0007    0.0008   -0.0035    0.0042
 AT.   8 O  X    -0.0816   -0.0617   -0.0242   -0.0526    0.0231   -0.0503
            Y     0.0607    0.0476    0.0081    0.0329   -0.0310    0.0442
            Z     0.0016    0.0010    0.0000    0.0014   -0.0034   -0.0013
 AT.   9 O  X     0.0074   -0.0024    0.0046    0.0065    0.0045    0.0002
            Y     0.0511   -0.0155    0.0107    0.0170    0.0312   -0.0171
            Z    -0.0001   -0.0002   -0.0013   -0.0013    0.0009    0.0013
 AT.  10 O  X     0.0937    0.0740   -0.0660   -0.0598   -0.0271   -0.0216
            Y     0.0396    0.0321   -0.0302   -0.0176   -0.0220    0.0065
            Z     0.0022    0.0009    0.0005    0.0006   -0.0036   -0.0042

 MODES IN ANTI-PHASE

 FREQ(CM**-1)     82.75    122.73    127.20    146.33    168.13    196.50

 AT.   1 CA X    -0.0001   -0.0004   -0.0154   -0.0630   -0.0024   -0.0384
            Y    -0.0012    0.0486    0.0005    0.0071   -0.0000   -0.0057
            Z     0.0003    0.0250   -0.0324    0.0358    0.0001    0.0044
 AT.   2 MG X     0.0227    0.0036    0.0485   -0.0210    0.0059   -0.0024
            Y     0.0352    0.0039   -0.0376    0.0202   -0.0030   -0.0064
            Z    -0.0323    0.0150    0.0323    0.0231   -0.0144   -0.0112
 AT.   3 C  X     0.0055   -0.0148   -0.0051   -0.0072   -0.0039    0.0148
            Y     0.0029   -0.0089   -0.0025    0.0170    0.0056   -0.0053
            Z    -0.0078   -0.0100   -0.0058   -0.0097   -0.0067   -0.0393
 AT.   4 C  X    -0.0066   -0.0279   -0.0275    0.0194    0.0035    0.0068
            Y    -0.0038   -0.0037    0.0104   -0.0162   -0.0071    0.0028
            Z     0.0080   -0.0223   -0.0199   -0.0473    0.0081   -0.0296
 AT.   5 O  X     0.0076   -0.0212   -0.0175    0.0053    0.0126    0.0410
            Y     0.0082   -0.0160   -0.0184    0.0373    0.0251    0.0312
            Z    -0.0094    0.0611   -0.0010   -0.0411   -0.0333   -0.0716
 AT.   6 O  X     0.0693   -0.0586    0.0253   -0.0066   -0.0307    0.0094
            Y     0.0245    0.0141   -0.0084    0.0151    0.0273   -0.0167
            Z     0.0225   -0.0222    0.0300    0.0417   -0.0495    0.0307
 AT.   7 O  X     0.0038   -0.0199   -0.0149    0.0000    0.0059    0.0304
            Y     0.0054    0.0015    0.0226    0.0009   -0.0192   -0.0375
            Z     0.0129   -0.0307    0.0016    0.0212   -0.0113   -0.0445
 AT.   8 O  X    -0.0081   -0.0200   -0.0216    0.0352   -0.0144    0.0274
            Y    -0.0082    0.0067    0.0167    0.0126   -0.0283    0.0315
            Z     0.0095    0.0560   -0.0250   -0.0697    0.0341   -0.0648
 AT.   9 O  X    -0.0682   -0.0270    0.0007   -0.0263    0.0282    0.0023
            Y    -0.0241    0.0127    0.0003    0.0336   -0.0260   -0.0185
            Z    -0.0228    0.0181   -0.0230    0.0333    0.0490    0.0334
 AT.  10 O  X    -0.0046   -0.0225   -0.0201    0.0277   -0.0070    0.0167
            Y    -0.0072   -0.0180   -0.0054   -0.0334    0.0201   -0.0152
            Z    -0.0122   -0.0467   -0.0281   -0.0329    0.0132   -0.0075

 FREQ(CM**-1)    202.77    218.32    242.19    271.89    289.81    326.84

 AT.   1 CA X     0.0004    0.0155    0.0037   -0.0014   -0.0004    0.0156
            Y     0.0097    0.0221    0.0052   -0.0040   -0.0302    0.0246
            Z     0.0129   -0.0266   -0.0095   -0.0017   -0.0201   -0.0661
 AT.   2 MG X    -0.0202    0.0137    0.0553    0.0575   -0.0261   -0.0396
            Y    -0.0092    0.0101    0.0368    0.0409    0.0765    0.0147
            Z    -0.0206   -0.0157   -0.0105   -0.0260    0.0730   -0.0274
 AT.   3 C  X    -0.0450    0.0243   -0.0263   -0.0054    0.0108   -0.0121
            Y    -0.0194    0.0208   -0.0237   -0.0020    0.0337    0.0016
            Z    -0.0309   -0.0168    0.0141    0.0068    0.0217    0.0092
 AT.   4 C  X     0.0365   -0.0019    0.0315    0.0107   -0.0130    0.0069
            Y     0.0074   -0.0209    0.0005   -0.0014   -0.0071   -0.0218
            Z     0.0319    0.0008   -0.0169   -0.0099    0.0031    0.0152
 AT.   5 O  X    -0.0335    0.0396   -0.0223    0.0018    0.0221   -0.0163
            Y    -0.0023    0.0415   -0.0157    0.0035    0.0416    0.0004
            Z    -0.0096   -0.0529    0.0328    0.0163    0.0717    0.0049
 AT.   6 O  X     0.0472    0.0079    0.0011    0.0470   -0.0237    0.0170
            Y    -0.0051    0.0308    0.0426   -0.0218   -0.0102    0.0326
            Z     0.0631   -0.0368   -0.0738   -0.0539   -0.0344    0.0553
 AT.   7 O  X    -0.0406    0.0321   -0.0228    0.0012    0.0277   -0.0100
            Y    -0.0364    0.0051   -0.0294   -0.0197    0.0091   -0.0077
            Z     0.0075   -0.0089   -0.0185   -0.0113   -0.0262    0.0210
 AT.   8 O  X     0.0260   -0.0056    0.0331    0.0018   -0.0226    0.0119
            Y    -0.0083   -0.0226    0.0018   -0.0096   -0.0245   -0.0131
            Z     0.0367    0.0126   -0.0357   -0.0099   -0.0646    0.0103
 AT.   9 O  X    -0.0063    0.0111   -0.0166   -0.0472    0.0026    0.0040
            Y     0.0163    0.0520   -0.0368    0.0235    0.0302    0.0346
            Z    -0.0150   -0.0290    0.0561    0.0561   -0.0095    0.0562
 AT.  10 O  X     0.0311   -0.0023    0.0329    0.0045   -0.0246    0.0105
            Y     0.0260   -0.0254   -0.0029    0.0150    0.0155   -0.0354
            Z    -0.0243   -0.0425   -0.0244    0.0036    0.0340    0.0672

 FREQ(CM**-1)    338.64    360.81    377.83    407.83    415.55    435.01

 AT.   1 CA X     0.0395   -0.0238    0.0069   -0.0085    0.0137   -0.0188
            Y     0.0237    0.0357   -0.0044   -0.0048    0.0062    0.0016
            Z    -0.0168    0.0030    0.0079   -0.0255    0.0039   -0.0153
 AT.   2 MG X    -0.0289   -0.0210    0.0546    0.0062    0.0002    0.0000
            Y    -0.0036    0.0231    0.0201    0.0014   -0.0002   -0.0009
            Z    -0.0046   -0.0092   -0.0056    0.0042   -0.0003    0.0006
 AT.   3 C  X     0.0161    0.0269   -0.0072    0.0283   -0.0142    0.0077
            Y    -0.0439   -0.0129    0.0203   -0.0043    0.0086    0.0245
            Z     0.0029   -0.0205   -0.0437    0.0201    0.0109   -0.0278
 AT.   4 C  X    -0.0034   -0.0172    0.0091    0.0245   -0.0248    0.0124
            Y    -0.0257   -0.0122   -0.0285   -0.0140   -0.0131    0.0042
            Z    -0.0400    0.0312    0.0254    0.0143   -0.0147   -0.0142
 AT.   5 O  X     0.0165    0.0086   -0.0273    0.0535   -0.0156   -0.0085
            Y    -0.0379   -0.0375   -0.0094    0.0141    0.0030    0.0096
            Z    -0.0257    0.0298   -0.0095    0.0250    0.0032    0.0327
 AT.   6 O  X    -0.0210    0.0144   -0.0574    0.0070    0.0270    0.0124
            Y     0.0334    0.0215    0.0154   -0.0134   -0.0340   -0.0225
            Z     0.0470   -0.0044    0.0387    0.0165    0.0108    0.0084
 AT.   7 O  X     0.0086    0.0185   -0.0159    0.0341   -0.0105    0.0081
            Y    -0.0394    0.0079    0.0506   -0.0058   -0.0075    0.0430
            Z     0.0658    0.0046   -0.0522    0.0586   -0.0101   -0.0360
 AT.   8 O  X    -0.0252    0.0086    0.0207    0.0493   -0.0281   -0.0019
            Y    -0.0535    0.0358   -0.0087    0.0075   -0.0213   -0.0060
            Z    -0.0645   -0.0344   -0.0152   -0.0035   -0.0726    0.0179
 AT.   9 O  X    -0.0247    0.0404    0.0513   -0.0095    0.0149   -0.0131
            Y    -0.0105   -0.0157   -0.0043    0.0003   -0.0069   -0.0215
            Z     0.0111   -0.0898   -0.0417    0.0414   -0.0206    0.0504
 AT.  10 O  X    -0.0240   -0.0079    0.0094    0.0276   -0.0253    0.0117
            Y     0.0107   -0.0439   -0.0364   -0.0115   -0.0162    0.0245
            Z     0.0205    0.0290    0.0478    0.0661    0.0010   -0.0127

 FREQ(CM**-1)    733.51    738.90    745.07    751.06    892.12    892.28

 AT.   1 CA X     0.0007   -0.0036   -0.0038   -0.0009    0.0000   -0.0007
            Y    -0.0020   -0.0061    0.0005    0.0030    0.0001    0.0024
            Z    -0.0010   -0.0021    0.0044    0.0023    0.0002   -0.0032
 AT.   2 MG X    -0.0017    0.0009    0.0093    0.0044   -0.0032   -0.0009
            Y     0.0007    0.0002    0.0029   -0.0162    0.0002    0.0007
            Z    -0.0005   -0.0001    0.0090   -0.0156    0.0053   -0.0029
 AT.   3 C  X     0.0044    0.0175    0.0077   -0.0479    0.0031    0.0023
            Y    -0.0454   -0.0417    0.0075   -0.0010    0.0008    0.0009
            Z    -0.0032    0.0039    0.0027   -0.0054   -0.0006    0.0184
 AT.   4 C  X    -0.0037    0.0033    0.0492    0.0109   -0.0028    0.0025
            Y     0.0429   -0.0452    0.0098    0.0057   -0.0015    0.0002
            Z     0.0028    0.0051   -0.0016   -0.0098    0.0186    0.0004
 AT.   5 O  X     0.0791    0.0728   -0.0058   -0.0116   -0.0009   -0.0016
            Y     0.0180    0.0005   -0.0213    0.0833   -0.0023   -0.0009
            Z     0.0090    0.0044    0.0003    0.0096   -0.0001   -0.0028
 AT.   6 O  X     0.0312    0.0190    0.0873   -0.0088    0.0104   -0.0019
            Y     0.0670   -0.0122   -0.0483   -0.0068    0.0009    0.0032
            Z    -0.0026   -0.0030   -0.0119    0.0002   -0.0427    0.0454
 AT.   7 O  X    -0.0512   -0.0358    0.0175   -0.0448    0.0007    0.0005
            Y     0.0799    0.0840    0.0064   -0.0586    0.0017    0.0016
            Z    -0.0151   -0.0151   -0.0012    0.0065   -0.0001   -0.0051
 AT.   8 O  X    -0.0775    0.0743   -0.0165   -0.0092    0.0000   -0.0013
            Y    -0.0283    0.0220   -0.0878   -0.0193    0.0021   -0.0002
            Z    -0.0086    0.0067   -0.0152   -0.0064   -0.0049    0.0023
 AT.   9 O  X     0.0109    0.0556    0.0027    0.0984   -0.0105   -0.0017
            Y     0.0009    0.0550    0.0013   -0.0253   -0.0010    0.0031
            Z    -0.0027   -0.0104   -0.0010   -0.0159    0.0449    0.0433
 AT.  10 O  X     0.0541   -0.0547    0.0626    0.0148   -0.0008    0.0006
            Y    -0.0726    0.0760    0.0289    0.0035   -0.0015    0.0007
            Z     0.0125   -0.0139    0.0044    0.0039   -0.0049   -0.0002

 FREQ(CM**-1)   1144.35   1145.92   1496.16   1538.55   1542.45   1591.29

 AT.   1 CA X     0.0023    0.0007   -0.0013    0.0001    0.0002    0.0014
            Y    -0.0020   -0.0006    0.0003    0.0002   -0.0000   -0.0029
            Z    -0.0006    0.0011    0.0012    0.0000   -0.0003   -0.0030
 AT.   2 MG X    -0.0001   -0.0019    0.0000   -0.0042   -0.0069    0.0009
            Y     0.0003    0.0070   -0.0006   -0.0034    0.0011   -0.0020
            Z     0.0011   -0.0035   -0.0009   -0.0056    0.0041   -0.0010
 AT.   3 C  X     0.0006   -0.0032   -0.0235   -0.0176   -0.0102    0.0285
            Y     0.0005    0.0008    0.0219    0.0430   -0.0468   -0.0114
            Z    -0.0011   -0.0009   -0.0008   -0.0025   -0.0005   -0.0014
 AT.   4 C  X    -0.0001    0.0013   -0.0082   -0.0004    0.0070    0.0463
            Y     0.0004   -0.0028    0.0324   -0.0421    0.0166   -0.0353
            Z    -0.0005    0.0006   -0.0009    0.0027   -0.0004   -0.0007
 AT.   5 O  X    -0.0519    0.0011    0.0107    0.0147   -0.0030   -0.0113
            Y     0.0373    0.0002   -0.0081   -0.0113    0.0061    0.0108
            Z     0.0008   -0.0001   -0.0004    0.0018   -0.0015    0.0021
 AT.   6 O  X     0.0142   -0.0125    0.0107   -0.0098   -0.0076   -0.0002
            Y     0.1002   -0.0858    0.0444    0.0057   -0.0736   -0.0464
            Z    -0.0009    0.0018   -0.0002    0.0034   -0.0026    0.0031
 AT.   7 O  X     0.0596    0.0008    0.0062   -0.0004    0.0095   -0.0094
            Y     0.0244    0.0016    0.0005   -0.0023    0.0082   -0.0031
            Z     0.0016    0.0004    0.0014    0.0024    0.0010    0.0007
 AT.   8 O  X    -0.0001   -0.0522    0.0081   -0.0091   -0.0012   -0.0205
            Y    -0.0017    0.0389   -0.0073    0.0079   -0.0006    0.0189
            Z    -0.0003    0.0009   -0.0004   -0.0020    0.0021    0.0019
 AT.   9 O  X     0.0123    0.0142    0.0112    0.0092    0.0069   -0.0002
            Y     0.0877    0.0984    0.0458   -0.0076    0.0691   -0.0502
            Z    -0.0010   -0.0024   -0.0003   -0.0033    0.0025    0.0034
 AT.  10 O  X     0.0002    0.0597   -0.0009    0.0069   -0.0048   -0.0134
            Y    -0.0010    0.0242   -0.0028    0.0042   -0.0043   -0.0020
            Z     0.0002    0.0003    0.0015   -0.0025   -0.0003   -0.0000


  DISPERSION K POINT NUMBER    25 COORD:  C(  2  2  0 )    WEIGHT:    1.

    MODES         EIGV          FREQUENCIES     IRREP
             (HARTREE**2)   (CM**-1)     (THZ)
    1-   1    0.2110E-06    100.8076    3.0221  (  1)
    2-   2    0.2370E-06    106.8493    3.2033  (  1)
    3-   3    0.4147E-06    141.3295    4.2370  (  1)
    4-   4    0.4555E-06    148.1306    4.4408  (  1)
    5-   5    0.5758E-06    166.5361    4.9926  (  1)
    6-   6    0.6723E-06    179.9616    5.3951  (  1)
    7-   7    0.8352E-06    200.5753    6.0131  (  1)
    8-   8    0.9551E-06    214.4930    6.4303  (  1)
    9-   9    0.1309E-05    251.0723    7.5270  (  1)
   10-  10    0.1566E-05    274.6505    8.2338  (  1)
   11-  11    0.1850E-05    298.5266    8.9496  (  1)
   12-  12    0.1917E-05    303.9137    9.1111  (  1)
   13-  13    0.2321E-05    334.3781   10.0244  (  1)
   14-  14    0.2487E-05    346.1153   10.3763  (  1)
   15-  15    0.3247E-05    395.5106   11.8571  (  1)
   16-  16    0.3454E-05    407.8767   12.2278  (  1)
   17-  17    0.3505E-05    410.8694   12.3176  (  1)
   18-  18    0.4354E-05    457.9505   13.7290  (  1)
   19-  19    0.1118E-04    733.9427   22.0030  (  1)
   20-  20    0.1134E-04    739.1490   22.1591  (  1)
   21-  21    0.1159E-04    747.1081   22.3977  (  1)
   22-  22    0.1165E-04    749.1902   22.4602  (  1)
   23-  23    0.1638E-04    888.2416   26.6288  (  1)
   24-  24    0.1652E-04    892.1713   26.7466  (  1)
   25-  25    0.2719E-04   1144.3519   34.3068  (  1)
   26-  26    0.2727E-04   1146.1825   34.3617  (  1)
   27-  27    0.4624E-04   1492.4456   44.7424  (  1)
   28-  28    0.4826E-04   1524.6794   45.7087  (  1)
   29-  29    0.4968E-04   1546.8791   46.3743  (  1)
   30-  30    0.5475E-04   1623.9416   48.6845  (  1)

 MODES IN PHASE

 FREQ(CM**-1)    100.81    106.85    141.33    148.13    166.54    179.96

 AT.   1 CA X     0.0399    0.0540    0.0187    0.0514    0.0067    0.0043
            Y     0.0577    0.0127   -0.0301   -0.0539    0.0219    0.0078
            Z    -0.0042   -0.0304   -0.0930    0.0196   -0.0082   -0.0020
 AT.   2 MG X     0.0443    0.0007   -0.0050   -0.0281   -0.0038    0.0087
            Y    -0.0078    0.0001   -0.0073    0.0077    0.0412   -0.0022
            Z     0.0066    0.0053    0.0044   -0.0217    0.0263    0.0007
 AT.   3 C  X     0.0050    0.0182   -0.0053    0.0256   -0.0067   -0.0259
            Y    -0.0183   -0.0005   -0.0117   -0.0325   -0.0300   -0.0141
            Z     0.0201    0.0039   -0.0160    0.0130    0.0256    0.0187
 AT.   4 C  X    -0.0356   -0.0164    0.0058    0.0142    0.0214   -0.0465
            Y     0.0252    0.0002    0.0171   -0.0303   -0.0447    0.0031
            Z     0.0143   -0.0134    0.0190    0.0199    0.0050   -0.0322
 AT.   5 O  X     0.0100    0.0274   -0.0240    0.0274   -0.0207   -0.0307
            Y    -0.0121    0.0142   -0.0337   -0.0310   -0.0488   -0.0205
            Z     0.0505    0.0203   -0.0103    0.0419    0.0846    0.0464
 AT.   6 O  X    -0.0072    0.0025    0.0255    0.0196    0.0126   -0.0161
            Y    -0.0151    0.0025   -0.0160   -0.0324   -0.0299   -0.0121
            Z     0.0179   -0.0463   -0.0551   -0.0059    0.0129   -0.0064
 AT.   7 O  X    -0.0517    0.0071   -0.0049   -0.0270    0.0348    0.0431
            Y     0.0762   -0.0167    0.0431    0.0056   -0.0222    0.0203
            Z     0.0167   -0.0756    0.0154    0.0413   -0.0498    0.0074
 AT.   8 O  X     0.0518    0.0408   -0.0349    0.0147   -0.0321    0.0402
            Y    -0.0016    0.0275   -0.0378   -0.0001    0.0266    0.0102
            Z     0.0145   -0.0269   -0.0007   -0.0074    0.0265   -0.0453
 AT.   9 O  X    -0.0108   -0.0144    0.0464    0.0275   -0.0308    0.0478
            Y    -0.0266    0.0037   -0.0052    0.0016    0.0221    0.0081
            Z     0.0126   -0.0742   -0.0391   -0.0060   -0.0209    0.0413
 AT.  10 O  X    -0.0518   -0.0195    0.0099    0.0175    0.0182   -0.0363
            Y     0.0654    0.0082    0.0083   -0.0371   -0.0386   -0.0218
            Z     0.0100   -0.0406   -0.0115    0.0212   -0.0622   -0.0141

 FREQ(CM**-1)    200.58    214.49    251.07    274.65    298.53    303.91

 AT.   1 CA X     0.0366   -0.0036    0.0226    0.0083    0.0192   -0.0648
            Y     0.0151    0.0025    0.0090    0.0146    0.0250    0.0055
            Z     0.0338   -0.0048    0.0178    0.0022   -0.0353    0.0288
 AT.   2 MG X     0.0067    0.0146   -0.0160    0.0311   -0.0539   -0.0361
            Y    -0.0088   -0.0100    0.0201    0.0341    0.0799   -0.0014
            Z    -0.0059    0.0338   -0.0216    0.0126   -0.0134    0.0592
 AT.   3 C  X    -0.0247   -0.0466   -0.0238   -0.0217   -0.0174    0.0229
            Y     0.0192   -0.0042    0.0005   -0.0061   -0.0169    0.0064
            Z    -0.0168   -0.0155    0.0047   -0.0170   -0.0131   -0.0234
 AT.   4 C  X     0.0158   -0.0097    0.0039   -0.0073   -0.0124   -0.0051
            Y    -0.0291    0.0394    0.0345   -0.0452   -0.0240   -0.0109
            Z     0.0084    0.0311   -0.0119    0.0165   -0.0175   -0.0107
 AT.   5 O  X    -0.0004   -0.0404   -0.0283   -0.0246   -0.0203    0.0031
            Y     0.0499    0.0048   -0.0012   -0.0096   -0.0166   -0.0300
            Z     0.0170   -0.0098    0.0449   -0.0835   -0.0211    0.0427
 AT.   6 O  X    -0.0660   -0.0563   -0.0296    0.0022   -0.0176    0.0496
            Y     0.0240   -0.0011    0.0042   -0.0057   -0.0168   -0.0012
            Z    -0.0584   -0.0246   -0.0286    0.0336   -0.0416   -0.0320
 AT.   7 O  X     0.0083    0.0336    0.0484    0.0300    0.0121   -0.0280
            Y     0.0454   -0.0592    0.0175    0.0320   -0.0130    0.0190
            Z     0.0658   -0.0445    0.0243   -0.0507    0.0295    0.0570
 AT.   8 O  X     0.0146    0.0446   -0.0566    0.0235    0.0047    0.0116
            Y     0.0300   -0.0078   -0.0735    0.0361    0.0317   -0.0148
            Z    -0.0283   -0.0010    0.0886    0.0877   -0.0103    0.0550
 AT.   9 O  X     0.0155    0.0473   -0.0036    0.0066    0.0165    0.0358
            Y     0.0270   -0.0088   -0.0479    0.0420    0.0202    0.0025
            Z     0.0035    0.0205   -0.0038   -0.0373    0.0877   -0.0186
 AT.  10 O  X     0.0046   -0.0249    0.0110   -0.0061   -0.0212   -0.0222
            Y     0.0010    0.0704    0.0159   -0.0400   -0.0045    0.0286
            Z    -0.0094    0.0544    0.0115    0.0495    0.0495    0.0325

 FREQ(CM**-1)    334.38    346.12    395.51    407.88    410.87    457.95

 AT.   1 CA X    -0.0148   -0.0052   -0.0319    0.0119    0.0034   -0.0065
            Y     0.0212    0.0092   -0.0534   -0.0153    0.0054   -0.0186
            Z    -0.0151    0.0213   -0.0350   -0.0003   -0.0118   -0.0116
 AT.   2 MG X    -0.0419    0.0304   -0.0088   -0.0301    0.1156    0.0907
            Y    -0.0161   -0.0221    0.0047   -0.0885   -0.0741    0.1025
            Z     0.0340    0.0141   -0.0197    0.1071   -0.0287    0.0874
 AT.   3 C  X     0.0037    0.0297    0.0124   -0.0128    0.0129    0.0227
            Y    -0.0092   -0.0188    0.0109   -0.0094   -0.0177    0.0315
            Z     0.0535   -0.0072    0.0589    0.0138   -0.0034    0.0218
 AT.   4 C  X     0.0036    0.0296    0.0043   -0.0104    0.0121    0.0236
            Y    -0.0092   -0.0193    0.0068   -0.0093   -0.0124    0.0318
            Z     0.0535   -0.0070   -0.0535    0.0121   -0.0034    0.0236
 AT.   5 O  X     0.0389    0.0291    0.0441    0.0010    0.0204    0.0258
            Y     0.0334   -0.0294    0.0449    0.0061   -0.0128    0.0318
            Z     0.0343    0.0155    0.0705   -0.0062   -0.0143    0.0361
 AT.   6 O  X    -0.0600    0.0254   -0.0389   -0.0189    0.0208   -0.0015
            Y    -0.0039   -0.0199    0.0157   -0.0069   -0.0222    0.0299
            Z     0.0175   -0.0981    0.0208    0.0262   -0.0238    0.0006
 AT.   7 O  X    -0.0291   -0.0028   -0.0056    0.0227   -0.0002   -0.0048
            Y     0.0244    0.0118    0.0421    0.0486   -0.0282   -0.0147
            Z    -0.0360   -0.0883   -0.0246    0.0038    0.0345    0.0251
 AT.   8 O  X    -0.0094   -0.0210    0.0441   -0.0228   -0.0294   -0.0262
            Y    -0.0237   -0.0096    0.0440    0.0064    0.0226   -0.0208
            Z     0.0076   -0.0458    0.0701   -0.0050    0.0535   -0.0390
 AT.   9 O  X     0.0599   -0.0122   -0.0309   -0.0340   -0.0257    0.0056
            Y     0.0076   -0.0116    0.0189    0.0026    0.0429   -0.0258
            Z    -0.0458    0.0594    0.0090    0.0572    0.0159    0.0182
 AT.  10 O  X     0.0227    0.0237   -0.0146   -0.0059    0.0086    0.0248
            Y    -0.0603    0.0015    0.0432   -0.0262   -0.0005    0.0124
            Z     0.0738    0.0690   -0.0331    0.0109    0.0232    0.0043

 FREQ(CM**-1)    733.94    739.15    747.11    749.19    888.24    892.17

 AT.   1 CA X     0.0069    0.0015    0.0028    0.0011    0.0003    0.0021
            Y     0.0004    0.0007   -0.0065    0.0018    0.0007    0.0002
            Z    -0.0018   -0.0014    0.0049   -0.0003    0.0005   -0.0025
 AT.   2 MG X    -0.0003    0.0075   -0.0006   -0.0018   -0.0015   -0.0002
            Y     0.0006   -0.0123   -0.0002   -0.0025   -0.0021    0.0001
            Z    -0.0004    0.0010    0.0005    0.0010   -0.0041   -0.0002
 AT.   3 C  X     0.0266    0.0431   -0.0338    0.0162   -0.0050   -0.0036
            Y     0.0252    0.0310    0.0415   -0.0212   -0.0053   -0.0038
            Z     0.0019    0.0015    0.0028    0.0036    0.1792   -0.1764
 AT.   4 C  X    -0.0167   -0.0115    0.0339    0.0140   -0.0050    0.0037
            Y    -0.0204   -0.0116   -0.0415   -0.0249   -0.0054    0.0037
            Z    -0.0029   -0.0038   -0.0028    0.0013    0.1782    0.1774
 AT.   5 O  X    -0.0367   -0.0482   -0.0751    0.0385   -0.0079    0.0024
            Y    -0.0672   -0.0997    0.0339   -0.0080   -0.0071    0.0022
            Z    -0.0096   -0.0185   -0.0020    0.0015   -0.0478    0.0505
 AT.   6 O  X    -0.0462   -0.0663    0.0900   -0.0391    0.0072   -0.0057
            Y     0.0489    0.0656    0.0444   -0.0230    0.0015    0.0048
            Z     0.0062    0.0083   -0.0087    0.0078   -0.0487    0.0492
 AT.   7 O  X     0.0201   -0.0409   -0.0085    0.0296   -0.0011   -0.0024
            Y     0.0092   -0.0045    0.0500   -0.1070   -0.0019    0.0038
            Z     0.0004   -0.0046   -0.0065    0.0193    0.0244   -0.0272
 AT.   8 O  X    -0.0455    0.0315   -0.0357   -0.0792    0.0042    0.0003
            Y    -0.0995    0.0697    0.0174    0.0167    0.0023    0.0013
            Z    -0.0161    0.0146   -0.0004   -0.0021    0.0194    0.0254
 AT.   9 O  X    -0.0717    0.0518    0.0442    0.0793   -0.0033   -0.0025
            Y     0.0651   -0.0445    0.0195    0.0525   -0.0002    0.0026
            Z     0.0118   -0.0070   -0.0042   -0.0166    0.0203    0.0232
 AT.  10 O  X    -0.0436   -0.0231   -0.0165   -0.0164    0.0020   -0.0043
            Y     0.0048    0.0044    0.1055    0.0502    0.0042    0.0067
            Z    -0.0022   -0.0020   -0.0111   -0.0084   -0.0472   -0.0490

 FREQ(CM**-1)   1144.35   1146.18   1492.45   1524.68   1546.88   1623.94

 AT.   1 CA X     0.0000   -0.0008   -0.0006    0.0014   -0.0036    0.0012
            Y     0.0002   -0.0041    0.0001    0.0020    0.0010    0.0010
            Z     0.0010   -0.0015   -0.0001   -0.0029   -0.0011    0.0010
 AT.   2 MG X    -0.0009    0.0069    0.0008   -0.0001   -0.0006   -0.0000
            Y    -0.0008    0.0069   -0.0022   -0.0006    0.0006   -0.0029
            Z     0.0061    0.0042   -0.0002    0.0008    0.0003   -0.0026
 AT.   3 C  X    -0.0005   -0.0004    0.1481    0.0900    0.1443    0.0779
            Y     0.0019    0.0005   -0.0748    0.1467   -0.0859    0.1515
            Z    -0.0009   -0.0003    0.0013   -0.0042   -0.0007    0.0049
 AT.   4 C  X    -0.0005    0.0039    0.1558   -0.0881   -0.1477    0.0807
            Y     0.0014   -0.0002   -0.0774   -0.1467    0.0919    0.1492
            Z    -0.0008   -0.0008    0.0016    0.0042    0.0011    0.0049
 AT.   5 O  X    -0.0793    0.0405   -0.0577   -0.0010   -0.0540    0.0015
            Y     0.0601   -0.0320    0.0414   -0.0139    0.0406   -0.0212
            Z     0.0018   -0.0006    0.0001    0.0021    0.0005   -0.0054
 AT.   6 O  X    -0.0113    0.0058   -0.0040   -0.0137   -0.0067   -0.0148
            Y    -0.0993    0.0508    0.0253   -0.0653    0.0324   -0.0694
            Z     0.0014   -0.0004   -0.0009    0.0022    0.0012   -0.0016
 AT.   7 O  X    -0.0636    0.0935    0.0339    0.0237    0.0273    0.0175
            Y    -0.0255    0.0378    0.0102    0.0121    0.0043    0.0117
            Z    -0.0003    0.0026   -0.0001   -0.0018    0.0011    0.0012
 AT.   8 O  X     0.0403    0.0802    0.0295    0.0011   -0.0248    0.0040
            Y    -0.0314   -0.0611   -0.0205   -0.0058    0.0162    0.0041
            Z    -0.0008   -0.0012   -0.0004    0.0001   -0.0006    0.0017
 AT.   9 O  X     0.0048    0.0125    0.0014   -0.0057   -0.0048    0.0070
            Y     0.0516    0.0984   -0.0144   -0.0251    0.0118    0.0238
            Z    -0.0008   -0.0012    0.0006    0.0021    0.0006    0.0005
 AT.  10 O  X     0.0949    0.0621   -0.0457    0.0530    0.0429   -0.0511
            Y     0.0381    0.0251   -0.0135    0.0289    0.0084   -0.0296
            Z     0.0007    0.0020   -0.0004   -0.0029    0.0017   -0.0037

 MODES IN ANTI-PHASE

 FREQ(CM**-1)    100.81    106.85    141.33    148.13    166.54    179.96

 AT.   1 CA X    -0.0149    0.0255    0.0068   -0.0587   -0.0048    0.0222
            Y    -0.0216    0.0060   -0.0110    0.0614   -0.0155    0.0401
            Z     0.0016   -0.0143   -0.0339   -0.0223    0.0058   -0.0104
 AT.   2 MG X     0.0365    0.0085   -0.0285   -0.0056   -0.0018   -0.0076
            Y    -0.0064    0.0011   -0.0413    0.0015    0.0190    0.0019
            Z     0.0055    0.0639    0.0251   -0.0043    0.0121   -0.0006
 AT.   3 C  X    -0.0372    0.0097    0.0023   -0.0248    0.0339    0.0433
            Y     0.0293   -0.0020    0.0180   -0.0006   -0.0331   -0.0051
            Z     0.0107   -0.0578    0.0116    0.0206   -0.0153    0.0351
 AT.   4 C  X     0.0120    0.0126    0.0003    0.0327   -0.0271    0.0197
            Y    -0.0235   -0.0020    0.0130   -0.0119   -0.0013    0.0147
            Z     0.0177   -0.0563    0.0054   -0.0141    0.0295   -0.0233
 AT.   5 O  X    -0.0675    0.0303   -0.0256   -0.0184    0.0268    0.0314
            Y    -0.0115    0.0239   -0.0186    0.0042   -0.0454   -0.0235
            Z     0.0359   -0.0515    0.0112    0.0019    0.0018   -0.0060
 AT.   6 O  X     0.0082   -0.0206    0.0418   -0.0303    0.0371    0.0876
            Y     0.0232    0.0027    0.0109    0.0027   -0.0340   -0.0083
            Z     0.0014   -0.0580    0.0048    0.0069    0.0268    0.0943
 AT.   7 O  X     0.0195   -0.0311    0.0212   -0.0141   -0.0071    0.0097
            Y    -0.0121    0.0245   -0.0385    0.0367    0.0331   -0.0080
            Z     0.0040    0.0097   -0.0362   -0.0268    0.0484   -0.0192
 AT.   8 O  X     0.0444    0.0019    0.0042   -0.0295    0.0106    0.0176
            Y     0.0167   -0.0042   -0.0074    0.0312    0.0611   -0.0295
            Z    -0.0602    0.0484   -0.0152   -0.0413   -0.0804    0.0118
 AT.   9 O  X    -0.0015    0.0150   -0.0156   -0.0234   -0.0242    0.0751
            Y    -0.0076    0.0002   -0.0186    0.0325    0.0396   -0.0122
            Z    -0.0128    0.0012   -0.0391    0.0067   -0.0211    0.0850
 AT.  10 O  X     0.0192    0.0252   -0.0194    0.0249   -0.0304    0.0251
            Y    -0.0409   -0.0285    0.0572   -0.0008    0.0099    0.0001
            Z    -0.0140   -0.0645    0.0376   -0.0445    0.0308   -0.0150

 FREQ(CM**-1)    200.58    214.49    251.07    274.65    298.53    303.91

 AT.   1 CA X     0.0338   -0.0273   -0.0174    0.0189   -0.0209    0.0159
            Y     0.0139    0.0190   -0.0070    0.0331   -0.0273   -0.0013
            Z     0.0313   -0.0366   -0.0137    0.0049    0.0386   -0.0071
 AT.   2 MG X    -0.0298   -0.0112   -0.0066   -0.0426   -0.0119   -0.0377
            Y     0.0388    0.0077    0.0083   -0.0466    0.0177   -0.0014
            Z     0.0259   -0.0259   -0.0089   -0.0173   -0.0030    0.0617
 AT.   3 C  X     0.0150   -0.0025    0.0296    0.0145    0.0079   -0.0042
            Y     0.0274   -0.0420    0.0485    0.0494   -0.0205   -0.0107
            Z     0.0156   -0.0364   -0.0217   -0.0119   -0.0132   -0.0117
 AT.   4 C  X     0.0242    0.0457   -0.0377    0.0251   -0.0145    0.0227
            Y     0.0164    0.0150   -0.0342    0.0208    0.0115    0.0059
            Z     0.0213    0.0245    0.0188    0.0126    0.0064   -0.0239
 AT.   5 O  X     0.0147    0.0218    0.0511    0.0094   -0.0030   -0.0192
            Y     0.0261   -0.0121    0.0757    0.0401   -0.0303   -0.0256
            Z    -0.0297   -0.0407   -0.0798    0.0425    0.0122   -0.0371
 AT.   6 O  X     0.0207   -0.0278   -0.0040    0.0109   -0.0150    0.0177
            Y     0.0252   -0.0385    0.0507    0.0516   -0.0188   -0.0077
            Z     0.0081   -0.0127   -0.0035   -0.0198   -0.0844   -0.0209
 AT.   7 O  X     0.0040    0.0296    0.0013    0.0192    0.0202   -0.0056
            Y    -0.0025    0.0510   -0.0119   -0.0249    0.0056   -0.0254
            Z    -0.0146    0.0441   -0.0055    0.0208   -0.0523    0.0387
 AT.   8 O  X    -0.0016    0.0107    0.0144   -0.0119    0.0200    0.0156
            Y     0.0477   -0.0105   -0.0181    0.0199    0.0138    0.0366
            Z     0.0193   -0.0419   -0.0232   -0.0330    0.0221    0.0131
 AT.   9 O  X    -0.0674   -0.0414    0.0297    0.0090    0.0162   -0.0387
            Y     0.0220   -0.0375   -0.0169    0.0306    0.0151    0.0074
            Z    -0.0588   -0.0186    0.0285    0.0115    0.0340    0.0333
 AT.  10 O  X     0.0080    0.0373   -0.0471    0.0351   -0.0103    0.0180
            Y     0.0455    0.0340   -0.0139    0.0069    0.0134    0.0137
            Z     0.0667    0.0311   -0.0221   -0.0234   -0.0340   -0.0607

 FREQ(CM**-1)    334.38    346.12    395.51    407.88    410.87    457.95

 AT.   1 CA X     0.0255    0.0092   -0.0044   -0.0190   -0.0072    0.0101
            Y    -0.0367   -0.0164   -0.0073    0.0242   -0.0113    0.0285
            Z     0.0261   -0.0379   -0.0048    0.0004    0.0249    0.0179
 AT.   2 MG X    -0.0000   -0.0004   -0.0214   -0.0012   -0.0094    0.0048
            Y    -0.0000    0.0003    0.0115   -0.0034    0.0060    0.0055
            Z     0.0000   -0.0002   -0.0483    0.0041    0.0023    0.0047
 AT.   3 C  X    -0.0184    0.0015    0.0189    0.0304    0.0040    0.0098
            Y    -0.0080    0.0237    0.0209    0.0012   -0.0313    0.0046
            Z     0.0064   -0.0092   -0.0163   -0.0219    0.0006    0.0181
 AT.   4 C  X     0.0184   -0.0023    0.0222   -0.0312   -0.0060   -0.0073
            Y     0.0080   -0.0232    0.0225   -0.0019    0.0337   -0.0012
            Z    -0.0063    0.0094    0.0296    0.0229   -0.0001   -0.0157
 AT.   5 O  X    -0.0116    0.0068    0.0060    0.0248    0.0213    0.0172
            Y     0.0082    0.0292    0.0026   -0.0100   -0.0187    0.0086
            Z    -0.0285    0.0442    0.0083    0.0086   -0.0574    0.0266
 AT.   6 O  X    -0.0346   -0.0012    0.0246    0.0467    0.0161   -0.0055
            Y    -0.0065    0.0258    0.0141    0.0005   -0.0372    0.0150
            Z     0.0428   -0.0097   -0.0409   -0.0760   -0.0010   -0.0202
 AT.   7 O  X    -0.0095   -0.0260   -0.0342   -0.0044   -0.0109   -0.0250
            Y     0.0555   -0.0090    0.0100    0.0058    0.0237   -0.0070
            Z    -0.0644   -0.0269   -0.0350   -0.0139   -0.0582   -0.0159
 AT.   8 O  X    -0.0395   -0.0213    0.0060    0.0099   -0.0023   -0.0166
            Y    -0.0249    0.0404    0.0095   -0.0098   -0.0020   -0.0256
            Z    -0.0439    0.0098    0.0109    0.0093   -0.0253   -0.0223
 AT.   9 O  X     0.0348   -0.0223   -0.0342    0.0372   -0.0059   -0.0008
            Y     0.0002    0.0304   -0.0094    0.0064   -0.0064   -0.0213
            Z     0.0061    0.0787    0.0450   -0.0564    0.0178   -0.0088
 AT.  10 O  X     0.0205   -0.0112    0.0314   -0.0224   -0.0067   -0.0057
            Y     0.0065   -0.0147    0.0017   -0.0413    0.0368    0.0106
            Z    -0.0009    0.0613    0.0272   -0.0094   -0.0635   -0.0293

 FREQ(CM**-1)    733.94    739.15    747.11    749.19    888.24    892.17

 AT.   1 CA X     0.0029    0.0037    0.0018    0.0017   -0.0004    0.0011
            Y     0.0002    0.0016   -0.0040    0.0029   -0.0011    0.0001
            Z    -0.0008   -0.0034    0.0030   -0.0005   -0.0007   -0.0013
 AT.   2 MG X    -0.0025   -0.0097    0.0169    0.0034   -0.0001   -0.0033
            Y     0.0047    0.0160    0.0068    0.0047   -0.0001    0.0019
            Z    -0.0028   -0.0012   -0.0163   -0.0020   -0.0002   -0.0048
 AT.   3 C  X     0.0345    0.0004   -0.0026   -0.0277    0.0004    0.0009
            Y     0.0154    0.0037    0.0008    0.0441   -0.0009   -0.0003
            Z    -0.0042    0.0036   -0.0003   -0.0040   -0.0002    0.0185
 AT.   4 C  X     0.0402   -0.0415   -0.0003   -0.0289   -0.0009    0.0005
            Y     0.0214   -0.0290   -0.0019    0.0421    0.0004   -0.0007
            Z    -0.0036   -0.0005   -0.0004   -0.0052    0.0188    0.0001
 AT.   5 O  X    -0.0276   -0.0036   -0.0028   -0.0693   -0.0011   -0.0014
            Y    -0.0735   -0.0012    0.0027    0.0147    0.0006    0.0001
            Z    -0.0132    0.0022    0.0006   -0.0017    0.0000   -0.0053
 AT.   6 O  X    -0.0551    0.0070    0.0049    0.0691    0.0004    0.0011
            Y     0.0432    0.0027   -0.0001    0.0471   -0.0005   -0.0003
            Z     0.0105   -0.0017   -0.0004   -0.0146   -0.0005   -0.0071
 AT.   7 O  X    -0.0818   -0.0737   -0.0142   -0.0037   -0.0017   -0.0036
            Y    -0.0023    0.0017    0.0930    0.0032   -0.0038    0.0056
            Z    -0.0036   -0.0074   -0.0092    0.0002    0.0408   -0.0409
 AT.   8 O  X    -0.0065   -0.0367   -0.0661    0.0039    0.0067    0.0027
            Y     0.0045   -0.0714    0.0292   -0.0006    0.0067    0.0017
            Z     0.0026   -0.0115   -0.0021    0.0006    0.0436    0.0440
 AT.   9 O  X     0.0063   -0.0419    0.0786   -0.0045   -0.0064   -0.0053
            Y     0.0040    0.0483    0.0398    0.0002   -0.0015    0.0041
            Z    -0.0031    0.0047   -0.0076    0.0005    0.0442    0.0440
 AT.  10 O  X     0.0721   -0.0810   -0.0013    0.0249    0.0003    0.0002
            Y     0.0082   -0.0020    0.0037   -0.0945    0.0002   -0.0002
            Z     0.0028   -0.0084   -0.0018    0.0173   -0.0057    0.0020

 FREQ(CM**-1)   1144.35   1146.18   1492.45   1524.68   1546.88   1623.94

 AT.   1 CA X    -0.0000    0.0004    0.0016    0.0011   -0.0016   -0.0016
            Y    -0.0004    0.0018   -0.0002    0.0015    0.0004   -0.0014
            Z    -0.0024    0.0007    0.0003   -0.0023   -0.0005   -0.0014
 AT.   2 MG X     0.0001    0.0050   -0.0001    0.0008   -0.0057   -0.0000
            Y     0.0001    0.0050    0.0003    0.0041    0.0058   -0.0003
            Z    -0.0006    0.0030    0.0000   -0.0059    0.0027   -0.0003
 AT.   3 C  X     0.0000    0.0042   -0.0488    0.0064   -0.0312    0.0218
            Y     0.0020   -0.0004    0.0202    0.0215    0.0382    0.0037
            Z    -0.0003   -0.0008   -0.0013   -0.0005    0.0018    0.0005
 AT.   4 C  X     0.0001   -0.0017    0.0055   -0.0193   -0.0011   -0.0059
            Y    -0.0024    0.0006    0.0015   -0.0209    0.0199    0.0267
            Z     0.0005   -0.0001    0.0009    0.0008    0.0016    0.0005
 AT.   5 O  X     0.0173   -0.0715    0.0176    0.0013    0.0149   -0.0047
            Y    -0.0120    0.0535   -0.0135   -0.0026   -0.0144    0.0028
            Z    -0.0006    0.0010    0.0004   -0.0004   -0.0013   -0.0000
 AT.   6 O  X     0.0037   -0.0117    0.0021   -0.0026   -0.0005   -0.0024
            Y     0.0202   -0.0868   -0.0055   -0.0101   -0.0131   -0.0019
            Z    -0.0002    0.0014    0.0001    0.0017   -0.0003   -0.0000
 AT.   7 O  X    -0.0705    0.0009    0.0307    0.0488    0.0332    0.0481
            Y    -0.0283    0.0003    0.0088    0.0268    0.0074    0.0273
            Z    -0.0008   -0.0003    0.0007   -0.0025    0.0012    0.0035
 AT.   8 O  X     0.0704    0.0179    0.0527   -0.0013   -0.0502   -0.0029
            Y    -0.0527   -0.0122   -0.0384   -0.0129    0.0399    0.0210
            Z    -0.0017   -0.0002    0.0002    0.0022    0.0012    0.0051
 AT.   9 O  X     0.0108    0.0035    0.0043   -0.0127   -0.0046    0.0133
            Y     0.0871    0.0206   -0.0215   -0.0611    0.0329    0.0652
            Z    -0.0012   -0.0007    0.0007    0.0017    0.0011    0.0015
 AT.  10 O  X    -0.0001   -0.0699   -0.0013    0.0116   -0.0017   -0.0013
            Y    -0.0001   -0.0282   -0.0008    0.0055   -0.0017   -0.0024
            Z    -0.0003   -0.0018    0.0006   -0.0012    0.0000   -0.0000


  DISPERSION K POINT NUMBER    26 COORD:  C(  2  2  1 )    WEIGHT:    1.

    MODES         EIGV          FREQUENCIES     IRREP
             (HARTREE**2)   (CM**-1)     (THZ)
    1-   1    0.1422E-06     82.7490    2.4808  (  1)
    2-   2    0.3127E-06    122.7310    3.6794  (  1)
    3-   3    0.3359E-06    127.2003    3.8134  (  1)
    4-   4    0.4445E-06    146.3304    4.3869  (  1)
    5-   5    0.5868E-06    168.1293    5.0404  (  1)
    6-   6    0.8016E-06    196.5004    5.8909  (  1)
    7-   7    0.8536E-06    202.7678    6.0788  (  1)
    8-   8    0.9895E-06    218.3226    6.5451  (  1)
    9-   9    0.1218E-05    242.1935    7.2608  (  1)
   10-  10    0.1535E-05    271.8900    8.1511  (  1)
   11-  11    0.1744E-05    289.8116    8.6883  (  1)
   12-  12    0.2218E-05    326.8381    9.7984  (  1)
   13-  13    0.2381E-05    338.6361   10.1521  (  1)
   14-  14    0.2703E-05    360.8142   10.8169  (  1)
   15-  15    0.2964E-05    377.8303   11.3271  (  1)
   16-  16    0.3453E-05    407.8341   12.2266  (  1)
   17-  17    0.3585E-05    415.5506   12.4579  (  1)
   18-  18    0.3928E-05    435.0053   13.0411  (  1)
   19-  19    0.1117E-04    733.5119   21.9901  (  1)
   20-  20    0.1133E-04    738.9048   22.1518  (  1)
   21-  21    0.1152E-04    745.0742   22.3368  (  1)
   22-  22    0.1171E-04    751.0553   22.5161  (  1)
   23-  23    0.1652E-04    892.1167   26.7450  (  1)
   24-  24    0.1653E-04    892.2769   26.7498  (  1)
   25-  25    0.2719E-04   1144.3535   34.3069  (  1)
   26-  26    0.2726E-04   1145.9247   34.3540  (  1)
   27-  27    0.4647E-04   1496.1554   44.8536  (  1)
   28-  28    0.4914E-04   1538.5453   46.1244  (  1)
   29-  29    0.4939E-04   1542.4528   46.2416  (  1)
   30-  30    0.5257E-04   1591.2945   47.7058  (  1)

 MODES IN PHASE

 FREQ(CM**-1)     82.75    122.73    127.20    146.33    168.13    196.50

 AT.   1 CA X     0.0799   -0.0409   -0.0202   -0.0240   -0.0044    0.0202
            Y     0.0410   -0.0241    0.0380    0.0551    0.0075   -0.0255
            Z     0.0200    0.0244    0.0906   -0.0340   -0.0003    0.0037
 AT.   2 MG X    -0.0219   -0.0151   -0.0042    0.0074    0.0003    0.0092
            Y     0.0010    0.0035   -0.0309    0.0298   -0.0069    0.0015
            Z    -0.0169    0.0438   -0.0165   -0.0243    0.0149   -0.0154
 AT.   3 C  X     0.0524    0.0170   -0.0132    0.0122    0.0010    0.0008
            Y    -0.0204   -0.0240    0.0449    0.0182    0.0056    0.0248
            Z     0.0109   -0.0236    0.0359    0.0051    0.0047   -0.0434
 AT.   4 C  X    -0.0333    0.0007    0.0066    0.0165   -0.0218    0.0075
            Y     0.0140   -0.0237   -0.0344    0.0414   -0.0030    0.0297
            Z    -0.0123   -0.0204   -0.0244   -0.0378   -0.0195   -0.0283
 AT.   5 O  X     0.0760    0.0289   -0.0035    0.0024   -0.0134    0.0279
            Y     0.0107   -0.0091    0.0544    0.0048   -0.0126    0.0627
            Z     0.0239   -0.0480    0.0370   -0.0259    0.0087   -0.0772
 AT.   6 O  X     0.0120    0.0010   -0.0294    0.0338    0.0229   -0.0469
            Y    -0.0157   -0.0218    0.0461    0.0174    0.0014    0.0296
            Z     0.0047    0.0539    0.0362    0.0358    0.0321   -0.0673
 AT.   7 O  X    -0.0338    0.0002    0.0084    0.0086    0.0080    0.0027
            Y     0.0257   -0.0248   -0.0371    0.0098    0.0439    0.0193
            Z    -0.0130    0.0237   -0.0098   -0.0405    0.0500    0.0228
 AT.   8 O  X     0.0752    0.0058   -0.0036   -0.0160    0.0141   -0.0094
            Y     0.0107   -0.0187    0.0544   -0.0430    0.0181   -0.0064
            Z     0.0252   -0.0276    0.0371    0.0370   -0.0158    0.0337
 AT.   9 O  X     0.0108    0.0270   -0.0293    0.0263   -0.0366   -0.0272
            Y    -0.0154   -0.0086    0.0461   -0.0270   -0.0019   -0.0062
            Z     0.0037    0.0605    0.0363    0.0691   -0.0351   -0.0470
 AT.  10 O  X    -0.0394    0.0189    0.0084    0.0158   -0.0086    0.0180
            Y     0.0305   -0.0607   -0.0370    0.0404   -0.0335    0.0039
            Z    -0.0107   -0.0278   -0.0097   -0.0306   -0.0482    0.0310

 FREQ(CM**-1)    202.77    218.32    242.19    271.89    289.81    326.84

 AT.   1 CA X    -0.0249   -0.0087   -0.0194   -0.0087    0.0142   -0.0177
            Y    -0.0130    0.0008    0.0017   -0.0015    0.0080    0.0008
            Z     0.0373   -0.0086   -0.0289    0.0036   -0.0108   -0.0403
 AT.   2 MG X    -0.0236    0.0130    0.0053    0.0608    0.0348    0.0093
            Y     0.0168   -0.0057   -0.0026   -0.0278    0.0398   -0.0552
            Z     0.0268    0.0130    0.0009    0.0246   -0.0478   -0.0364
 AT.   3 C  X     0.0031    0.0538    0.0117   -0.0046    0.0227   -0.0076
            Y     0.0144    0.0011    0.0357    0.0002   -0.0042   -0.0343
            Z     0.0191    0.0172   -0.0135   -0.0051   -0.0045   -0.0003
 AT.   4 C  X    -0.0321    0.0190   -0.0184    0.0005    0.0226   -0.0108
            Y     0.0297   -0.0109   -0.0353    0.0451    0.0119   -0.0388
            Z     0.0329    0.0133    0.0115   -0.0239   -0.0216   -0.0032
 AT.   5 O  X    -0.0056    0.0496    0.0198   -0.0169    0.0063   -0.0062
            Y     0.0044   -0.0106    0.0482   -0.0147   -0.0319   -0.0337
            Z    -0.0332   -0.0463   -0.0669    0.0154    0.0385   -0.0321
 AT.   6 O  X     0.0118    0.0827   -0.0026    0.0021    0.0442    0.0071
            Y     0.0137   -0.0048    0.0365   -0.0031   -0.0058   -0.0391
            Z     0.0522    0.0674   -0.0247   -0.0197   -0.0805   -0.0023
 AT.   7 O  X    -0.0412   -0.0356    0.0272    0.0054   -0.0309   -0.0270
            Y     0.0270   -0.0128   -0.0176   -0.0507   -0.0060    0.0110
            Z     0.0475   -0.0019    0.0117    0.0523    0.0032    0.0328
 AT.   8 O  X     0.0453   -0.0487    0.0500    0.0145   -0.0186    0.0289
            Y    -0.0131    0.0223    0.0274   -0.0003    0.0267    0.0471
            Z    -0.0152    0.0297   -0.0634    0.0006   -0.0343    0.0858
 AT.   9 O  X     0.0257   -0.0935    0.0229   -0.0092   -0.0520    0.0010
            Y    -0.0171    0.0112    0.0131   -0.0096    0.0010    0.0407
            Z     0.0260   -0.0804    0.0160    0.0064    0.0843    0.0115
 AT.  10 O  X    -0.0458    0.0094   -0.0190   -0.0025    0.0273   -0.0148
            Y     0.0592    0.0047   -0.0320    0.0527   -0.0091   -0.0204
            Z     0.0917   -0.0194   -0.0656   -0.0569   -0.0269    0.0351

 FREQ(CM**-1)    338.64    360.81    377.83    407.83    415.55    435.01

 AT.   1 CA X     0.0302   -0.0046   -0.0014    0.0028   -0.0079   -0.0046
            Y    -0.0168   -0.0093   -0.0322   -0.0016    0.0057    0.0099
            Z     0.0126    0.0007   -0.0311   -0.0084    0.0025    0.0089
 AT.   2 MG X    -0.0200   -0.0088    0.0451   -0.0797   -0.0270    0.1193
            Y     0.0264   -0.0275   -0.0375    0.0850   -0.1038    0.0705
            Z     0.0052   -0.0085    0.0056    0.0778    0.1029    0.0877
 AT.   3 C  X    -0.0248   -0.0105   -0.0002    0.0091    0.0275   -0.0030
            Y    -0.0370    0.0252    0.0018    0.0106   -0.0088   -0.0130
            Z    -0.0190   -0.0291    0.0599   -0.0004   -0.0224    0.0005
 AT.   4 C  X    -0.0160    0.0047    0.0136    0.0042    0.0275   -0.0029
            Y    -0.0335    0.0294    0.0159    0.0222   -0.0064   -0.0130
            Z    -0.0338   -0.0108    0.0448    0.0085   -0.0239    0.0006
 AT.   5 O  X    -0.0329   -0.0310    0.0392    0.0060    0.0248    0.0075
            Y    -0.0412    0.0015    0.0474    0.0073   -0.0132   -0.0058
            Z    -0.0670   -0.0103    0.0429    0.0284    0.0062   -0.0059
 AT.   6 O  X    -0.0049    0.0365   -0.0459   -0.0033    0.0347   -0.0094
            Y    -0.0360    0.0234    0.0074    0.0126   -0.0082   -0.0085
            Z     0.0041    0.0372    0.0468   -0.0265   -0.0850   -0.0019
 AT.   7 O  X     0.0294   -0.0152    0.0002   -0.0018   -0.0096   -0.0213
            Y     0.0335   -0.0188    0.0569   -0.0216   -0.0015    0.0131
            Z    -0.0493    0.0388   -0.0217    0.0358   -0.0291   -0.0529
 AT.   8 O  X     0.0085    0.0373   -0.0036   -0.0112    0.0001    0.0320
            Y     0.0405    0.0050    0.0026    0.0131    0.0008    0.0154
            Z     0.0024    0.0184   -0.0255    0.0126   -0.0121    0.0340
 AT.   9 O  X    -0.0577   -0.0382   -0.0291   -0.0198   -0.0103    0.0081
            Y     0.0074   -0.0196   -0.0208    0.0132   -0.0104    0.0147
            Z     0.0635   -0.0384    0.0507    0.0336    0.0401   -0.0273
 AT.  10 O  X    -0.0317    0.0074    0.0257    0.0059    0.0190   -0.0009
            Y     0.0048    0.0296   -0.0143    0.0230    0.0382   -0.0255
            Z     0.0058   -0.0616    0.0334   -0.0167    0.0228    0.0190

 FREQ(CM**-1)    733.51    738.90    745.07    751.06    892.12    892.28

 AT.   1 CA X    -0.0000    0.0084    0.0022    0.0012   -0.0024    0.0016
            Y    -0.0000   -0.0001   -0.0053    0.0013   -0.0010    0.0016
            Z     0.0000   -0.0024    0.0066   -0.0013    0.0032    0.0029
 AT.   2 MG X     0.0004    0.0074   -0.0003    0.0069   -0.0009    0.0002
            Y    -0.0034   -0.0085    0.0002    0.0069    0.0018    0.0021
            Z    -0.0008    0.0010    0.0003   -0.0091   -0.0034    0.0054
 AT.   3 C  X     0.0428    0.0385   -0.0390    0.0220    0.0051   -0.0006
            Y     0.0302    0.0363    0.0405   -0.0255    0.0053   -0.0038
            Z    -0.0035    0.0053   -0.0005    0.0076    0.1778    0.0722
 AT.   4 C  X     0.0200   -0.0108    0.0386    0.0101   -0.0000   -0.0047
            Y     0.0137   -0.0266   -0.0406   -0.0229   -0.0042   -0.0047
            Z    -0.0014   -0.0016    0.0007   -0.0093   -0.0720    0.1778
 AT.   5 O  X    -0.0469   -0.0552   -0.0650    0.0441   -0.0013   -0.0021
            Y    -0.0989   -0.0938    0.0468   -0.0158   -0.0015   -0.0027
            Z    -0.0163   -0.0171    0.0040   -0.0011   -0.0496   -0.0198
 AT.   6 O  X    -0.0700   -0.0551    0.0973   -0.0523    0.0059    0.0021
            Y     0.0664    0.0687    0.0333   -0.0253   -0.0064    0.0013
            Z     0.0103    0.0066   -0.0156    0.0110   -0.0487   -0.0225
 AT.   7 O  X    -0.0396   -0.0444   -0.0034    0.0329    0.0015    0.0016
            Y    -0.0092    0.0256    0.0474   -0.1033   -0.0019    0.0016
            Z     0.0001   -0.0080   -0.0065    0.0165    0.0239   -0.0304
 AT.   8 O  X     0.0469   -0.0553   -0.0406   -0.0805   -0.0015    0.0044
            Y     0.0989   -0.0937    0.0306    0.0148   -0.0015    0.0029
            Z     0.0163   -0.0171    0.0007   -0.0049   -0.0494    0.0245
 AT.   9 O  X     0.0699   -0.0550    0.0608    0.0784    0.0061   -0.0043
            Y    -0.0665    0.0688    0.0194    0.0543   -0.0063    0.0005
            Z    -0.0103    0.0066   -0.0067   -0.0129   -0.0484    0.0230
 AT.  10 O  X     0.0399   -0.0437   -0.0030   -0.0231    0.0008    0.0017
            Y     0.0092    0.0256    0.1043    0.0490   -0.0010    0.0039
            Z    -0.0001   -0.0079   -0.0128   -0.0075    0.0194   -0.0488

 FREQ(CM**-1)   1144.35   1145.92   1496.16   1538.55   1542.45   1591.29

 AT.   1 CA X    -0.0006   -0.0001   -0.0000   -0.0008    0.0003    0.0006
            Y    -0.0031   -0.0005    0.0001   -0.0000   -0.0009    0.0009
            Z     0.0006   -0.0006   -0.0001    0.0001    0.0015   -0.0010
 AT.   2 MG X     0.0009   -0.0075    0.0008   -0.0044    0.0016   -0.0014
            Y     0.0009   -0.0075    0.0005    0.0017   -0.0042   -0.0020
            Z    -0.0041   -0.0051   -0.0013    0.0048    0.0026    0.0011
 AT.   3 C  X     0.0004   -0.0012    0.1556    0.0457   -0.0353    0.0630
            Y     0.0001   -0.0028   -0.0711    0.0019   -0.0210    0.1592
            Z     0.0007   -0.0007    0.0013    0.0030    0.0021    0.0033
 AT.   4 C  X    -0.0007   -0.0033    0.0498   -0.0617    0.1578    0.0102
            Y     0.0007   -0.0012   -0.0555    0.1506    0.0697   -0.0166
            Z    -0.0011   -0.0001   -0.0003   -0.0014   -0.0051    0.0017
 AT.   5 O  X     0.0118    0.0402   -0.0589   -0.0126    0.0050    0.0082
            Y    -0.0101   -0.0317    0.0415    0.0091   -0.0023   -0.0244
            Z    -0.0005   -0.0001   -0.0007   -0.0026   -0.0009   -0.0038
 AT.   6 O  X     0.0004    0.0059   -0.0054   -0.0020    0.0040   -0.0145
            Y     0.0149    0.0519    0.0231   -0.0041    0.0124   -0.0710
            Z     0.0001   -0.0007    0.0000   -0.0021   -0.0031   -0.0004
 AT.   7 O  X     0.0885    0.0934    0.0182    0.0042    0.0500    0.0317
            Y     0.0358    0.0373    0.0033    0.0120    0.0231    0.0184
            Z     0.0010    0.0024    0.0013   -0.0031   -0.0020    0.0026
 AT.   8 O  X     0.0406   -0.0109    0.0590   -0.0034    0.0214   -0.0028
            Y    -0.0317    0.0097   -0.0420    0.0061   -0.0079    0.0185
            Z    -0.0013   -0.0002    0.0005    0.0023   -0.0021    0.0041
 AT.   9 O  X     0.0047   -0.0013    0.0050    0.0027    0.0085    0.0111
            Y     0.0507   -0.0164   -0.0255    0.0257    0.0169    0.0566
            Z    -0.0005    0.0003    0.0000    0.0016    0.0002    0.0017
 AT.  10 O  X     0.0951   -0.0869   -0.0096    0.0022   -0.0695   -0.0031
            Y     0.0383   -0.0347   -0.0008   -0.0108   -0.0306   -0.0021
            Z     0.0009   -0.0020   -0.0013    0.0035    0.0026   -0.0004

 MODES IN ANTI-PHASE

 FREQ(CM**-1)     82.75    122.73    127.20    146.33    168.13    196.50

 AT.   1 CA X    -0.0040   -0.0143   -0.0001   -0.0158   -0.0478    0.0139
            Y    -0.0021   -0.0084    0.0001    0.0363    0.0818   -0.0176
            Z    -0.0010    0.0085    0.0003   -0.0224   -0.0030    0.0026
 AT.   2 MG X     0.0427    0.0130    0.0072   -0.0037    0.0001   -0.0044
            Y    -0.0020   -0.0030    0.0532   -0.0149   -0.0032   -0.0007
            Z     0.0330   -0.0378    0.0283    0.0122    0.0069    0.0073
 AT.   3 C  X     0.0033    0.0018   -0.0000   -0.0115   -0.0295   -0.0090
            Y    -0.0026    0.0204    0.0140   -0.0381   -0.0087   -0.0181
            Z     0.0074    0.0171    0.0076    0.0511   -0.0296    0.0011
 AT.   4 C  X    -0.0406   -0.0171    0.0115   -0.0029    0.0199    0.0050
            Y     0.0151    0.0207   -0.0321    0.0082    0.0099   -0.0078
            Z    -0.0045    0.0208   -0.0274   -0.0347    0.0228    0.0329
 AT.   5 O  X     0.0037   -0.0272   -0.0144   -0.0185    0.0047   -0.0206
            Y    -0.0010   -0.0186   -0.0049   -0.0488    0.0311   -0.0306
            Z    -0.0138    0.0161    0.0161    0.0514   -0.0398    0.0653
 AT.   6 O  X     0.0104    0.0421    0.0151    0.0142   -0.0777   -0.0113
            Y    -0.0019    0.0137    0.0114   -0.0369   -0.0024   -0.0179
            Z     0.0093    0.0294    0.0130    0.0599   -0.0193   -0.0247
 AT.   7 O  X     0.0572    0.0301   -0.0025    0.0135   -0.0041    0.0182
            Y    -0.0487   -0.0665    0.0136    0.0398    0.0528   -0.0031
            Z    -0.0220   -0.0746    0.0284   -0.0159    0.0055    0.0245
 AT.   8 O  X    -0.0113    0.0393    0.0144    0.0095    0.0022    0.0334
            Y    -0.0000    0.0089    0.0052    0.0237    0.0282    0.0694
            Z     0.0113   -0.0425   -0.0158   -0.0441   -0.0376   -0.0954
 AT.   9 O  X    -0.0116   -0.0323   -0.0153    0.0255   -0.0722   -0.0398
            Y     0.0035   -0.0243   -0.0111    0.0305   -0.0021    0.0340
            Z    -0.0097    0.0105   -0.0128    0.0093   -0.0132   -0.0542
 AT.  10 O  X    -0.0535   -0.0234    0.0026    0.0026   -0.0026   -0.0040
            Y     0.0459    0.0367   -0.0138   -0.0067    0.0599    0.0192
            Z     0.0232    0.0732   -0.0284   -0.0309    0.0145    0.0126

 FREQ(CM**-1)    202.77    218.32    242.19    271.89    289.81    326.84

 AT.   1 CA X    -0.0161    0.0284    0.0135    0.0600   -0.0395   -0.0251
            Y    -0.0084   -0.0026   -0.0012    0.0107   -0.0222    0.0011
            Z     0.0241    0.0281    0.0202   -0.0250    0.0301   -0.0570
 AT.   2 MG X     0.0121    0.0140    0.0612    0.0479    0.0410   -0.0009
            Y    -0.0086   -0.0061   -0.0303   -0.0219    0.0469    0.0051
            Z    -0.0138    0.0140    0.0108    0.0194   -0.0564    0.0033
 AT.   3 C  X     0.0418    0.0229   -0.0398    0.0017    0.0267    0.0184
            Y    -0.0263   -0.0109   -0.0009    0.0464    0.0114    0.0278
            Z    -0.0267    0.0145   -0.0102   -0.0233   -0.0227    0.0160
 AT.   4 C  X    -0.0269    0.0552   -0.0372   -0.0049    0.0267   -0.0167
            Y     0.0036    0.0003    0.0052   -0.0107   -0.0023   -0.0211
            Z     0.0000    0.0182   -0.0124    0.0005   -0.0082   -0.0156
 AT.   5 O  X     0.0523    0.0136   -0.0460    0.0062    0.0216    0.0284
            Y    -0.0164   -0.0241   -0.0115    0.0508   -0.0033    0.0381
            Z    -0.0016    0.0155    0.0430   -0.0545    0.0072    0.0797
 AT.   6 O  X     0.0228    0.0446   -0.0253    0.0255    0.0281    0.0035
            Y    -0.0250   -0.0130   -0.0006    0.0444    0.0055    0.0293
            Z     0.0049    0.0439   -0.0261    0.0442   -0.0348    0.0114
 AT.   7 O  X    -0.0317    0.0360    0.0302   -0.0093   -0.0053   -0.0253
            Y     0.0528    0.0105    0.0277   -0.0147    0.0217   -0.0177
            Z     0.0792    0.0374    0.0741    0.0238    0.0384    0.0489
 AT.   8 O  X    -0.0266   -0.0165   -0.0028    0.0108    0.0127    0.0036
            Y     0.0108   -0.0140   -0.0413    0.0529    0.0177   -0.0191
            Z    -0.0296    0.0387    0.0480   -0.0566   -0.0189   -0.0037
 AT.   9 O  X     0.0013   -0.0093    0.0111    0.0238   -0.0063    0.0078
            Y     0.0228   -0.0081   -0.0341    0.0434    0.0079   -0.0271
            Z     0.0456   -0.0013    0.0322    0.0480    0.0242    0.0016
 AT.  10 O  X    -0.0245    0.0498   -0.0359   -0.0105    0.0155   -0.0339
            Y     0.0028    0.0159    0.0070    0.0002    0.0206    0.0045
            Z     0.0106    0.0320   -0.0365    0.0081    0.0276    0.0472

 FREQ(CM**-1)    338.64    360.81    377.83    407.83    415.55    435.01

 AT.   1 CA X     0.0352   -0.0350   -0.0013    0.0090   -0.0117   -0.0080
            Y    -0.0196   -0.0707   -0.0292   -0.0053    0.0084    0.0172
            Z     0.0146    0.0055   -0.0283   -0.0273    0.0037    0.0154
 AT.   2 MG X     0.0038   -0.0036   -0.0144   -0.0183    0.0019    0.0002
            Y    -0.0050   -0.0114    0.0120    0.0195    0.0074    0.0001
            Z    -0.0010   -0.0035   -0.0018    0.0179   -0.0073    0.0002
 AT.   3 C  X    -0.0196    0.0172   -0.0237   -0.0090   -0.0022    0.0251
            Y    -0.0029    0.0163   -0.0249    0.0290   -0.0160    0.0055
            Z     0.0444    0.0139    0.0069    0.0203    0.0125    0.0278
 AT.   4 C  X     0.0273   -0.0196    0.0194    0.0120   -0.0017   -0.0251
            Y     0.0161    0.0063    0.0192   -0.0214    0.0171   -0.0055
            Z    -0.0345   -0.0304   -0.0404   -0.0185   -0.0092   -0.0278
 AT.   5 O  X     0.0035    0.0283   -0.0074   -0.0112    0.0100    0.0414
            Y     0.0346    0.0252   -0.0019    0.0342   -0.0045    0.0145
            Z    -0.0079    0.0328   -0.0297    0.0644   -0.0106    0.0359
 AT.   6 O  X    -0.0591   -0.0115   -0.0248   -0.0401    0.0028    0.0040
            Y     0.0020    0.0116   -0.0216    0.0420   -0.0145    0.0121
            Z     0.0649   -0.0092    0.0464    0.0207    0.0091   -0.0327
 AT.   7 O  X    -0.0275   -0.0284    0.0258    0.0080    0.0166   -0.0135
            Y     0.0100    0.0441   -0.0198    0.0092    0.0406   -0.0219
            Z    -0.0017   -0.0933    0.0356    0.0230    0.0129   -0.0089
 AT.   8 O  X    -0.0320    0.0193    0.0398   -0.0059    0.0268    0.0273
            Y    -0.0355    0.0248    0.0474    0.0324   -0.0139    0.0022
            Z    -0.0675    0.0290    0.0456    0.0693    0.0018    0.0130
 AT.   9 O  X    -0.0138   -0.0017   -0.0433   -0.0351    0.0332   -0.0061
            Y    -0.0353    0.0173    0.0094    0.0418   -0.0130   -0.0012
            Z     0.0139    0.0007    0.0422    0.0023   -0.0755   -0.0181
 AT.  10 O  X     0.0249   -0.0313   -0.0023    0.0056   -0.0028   -0.0252
            Y     0.0346    0.0377    0.0585   -0.0045    0.0137    0.0003
            Z    -0.0490   -0.0801   -0.0249    0.0391   -0.0222   -0.0502

 FREQ(CM**-1)    733.51    738.90    745.07    751.06    892.12    892.28

 AT.   1 CA X    -0.0025    0.0000   -0.0012   -0.0023   -0.0001    0.0008
            Y    -0.0031   -0.0000    0.0028   -0.0025   -0.0001    0.0008
            Z     0.0018   -0.0000   -0.0035    0.0025    0.0002    0.0015
 AT.   2 MG X     0.0002   -0.0127    0.0072    0.0109    0.0015   -0.0001
            Y    -0.0019    0.0145   -0.0067    0.0110   -0.0028   -0.0014
            Z    -0.0005   -0.0017   -0.0091   -0.0144    0.0053   -0.0035
 AT.   3 C  X    -0.0018   -0.0093    0.0047    0.0217   -0.0022    0.0049
            Y    -0.0018    0.0100    0.0030   -0.0376    0.0022    0.0034
            Z     0.0004   -0.0011   -0.0028   -0.0067   -0.0004   -0.1625
 AT.   4 C  X     0.0379   -0.0381    0.0076    0.0292   -0.0056   -0.0014
            Y     0.0270   -0.0267   -0.0000   -0.0392   -0.0039    0.0021
            Z    -0.0033   -0.0052   -0.0027    0.0040   -0.1626    0.0001
 AT.   5 O  X     0.0074   -0.0155    0.0049    0.0673   -0.0019    0.0069
            Y     0.0013    0.0111   -0.0053   -0.0072   -0.0003    0.0056
            Z     0.0024   -0.0012    0.0018    0.0067   -0.0002    0.0447
 AT.   6 O  X    -0.0074    0.0179   -0.0074   -0.0592    0.0025   -0.0068
            Y    -0.0063    0.0091   -0.0008   -0.0485    0.0004   -0.0004
            Z    -0.0004   -0.0021   -0.0026    0.0081   -0.0001    0.0447
 AT.   7 O  X     0.0751    0.0712    0.0013    0.0054   -0.0060    0.0008
            Y    -0.0023    0.0019   -0.0939    0.0114    0.0085    0.0036
            Z     0.0050    0.0068    0.0111   -0.0023   -0.0426   -0.0383
 AT.   8 O  X     0.0073    0.0151    0.0510    0.0017    0.0017   -0.0057
            Y     0.0009   -0.0119   -0.0357    0.0089    0.0001   -0.0055
            Z     0.0024    0.0011   -0.0043    0.0047   -0.0050   -0.0423
 AT.   9 O  X    -0.0077   -0.0184   -0.0763    0.0097   -0.0018    0.0057
            Y    -0.0060   -0.0085   -0.0271   -0.0066   -0.0011    0.0013
            Z    -0.0004    0.0022    0.0144   -0.0045   -0.0049   -0.0445
 AT.  10 O  X     0.0749   -0.0715    0.0021   -0.0241    0.0061    0.0008
            Y    -0.0024   -0.0016    0.0136    0.0916   -0.0087   -0.0008
            Z     0.0050   -0.0069   -0.0008   -0.0149    0.0449   -0.0021

 FREQ(CM**-1)   1144.35   1145.92   1496.16   1538.55   1542.45   1591.29

 AT.   1 CA X    -0.0001   -0.0005    0.0003    0.0044   -0.0007   -0.0017
            Y    -0.0006   -0.0028   -0.0013    0.0001    0.0020   -0.0025
            Z     0.0001   -0.0032    0.0012   -0.0005   -0.0033    0.0028
 AT.   2 MG X    -0.0011   -0.0026    0.0006   -0.0037    0.0022   -0.0016
            Y    -0.0010   -0.0026    0.0004    0.0014   -0.0058   -0.0024
            Z     0.0048   -0.0018   -0.0010    0.0041    0.0037    0.0013
 AT.   3 C  X     0.0007   -0.0038   -0.0005   -0.0704    0.1548    0.0211
            Y    -0.0008    0.0015   -0.0344    0.1525    0.0665    0.0104
            Z     0.0011    0.0006   -0.0007   -0.0020   -0.0047    0.0023
 AT.   4 C  X    -0.0003    0.0023    0.1474    0.0569    0.0166    0.0656
            Y    -0.0002   -0.0029   -0.0562   -0.0238    0.0016    0.1587
            Z    -0.0005   -0.0009    0.0014    0.0033    0.0005    0.0037
 AT.   5 O  X     0.0803    0.0718   -0.0061    0.0439   -0.0328   -0.0054
            Y    -0.0606   -0.0536    0.0070   -0.0422    0.0124    0.0004
            Z    -0.0022   -0.0009    0.0014    0.0002    0.0035   -0.0018
 AT.   6 O  X     0.0119    0.0114    0.0015   -0.0024   -0.0148    0.0000
            Y     0.0999    0.0863    0.0143   -0.0629   -0.0332   -0.0030
            Z    -0.0017   -0.0011   -0.0004    0.0012    0.0025   -0.0022
 AT.   7 O  X     0.0347   -0.0002   -0.0430   -0.0176    0.0485   -0.0333
            Y     0.0137    0.0001   -0.0128   -0.0014    0.0205   -0.0189
            Z    -0.0000    0.0005   -0.0001   -0.0017   -0.0016   -0.0025
 AT.   8 O  X    -0.0703    0.0816    0.0054    0.0456   -0.0253   -0.0094
            Y     0.0526   -0.0615   -0.0012   -0.0427    0.0099    0.0159
            Z     0.0018   -0.0009    0.0015    0.0011    0.0030    0.0011
 AT.   9 O  X    -0.0109    0.0128    0.0025   -0.0016   -0.0127    0.0093
            Y    -0.0874    0.0994    0.0096   -0.0576   -0.0312    0.0430
            Z     0.0016   -0.0013   -0.0004    0.0018    0.0040   -0.0015
 AT.  10 O  X     0.0004    0.0343   -0.0458   -0.0180   -0.0057   -0.0459
            Y     0.0004    0.0139   -0.0133   -0.0054   -0.0040   -0.0263
            Z     0.0004    0.0014   -0.0004   -0.0006    0.0004   -0.0036


  DISPERSION K POINT NUMBER    27 COORD:  C(  2  2  2 )    WEIGHT:    1.

    MODES         EIGV          FREQUENCIES     IRREP
             (HARTREE**2)   (CM**-1)     (THZ)
    1-   2    0.1516E-06     85.4645    2.5622  (  1)
    3-   3    0.3925E-06    137.4934    4.1219  (  2)
    4-   5    0.4087E-06    140.3121    4.2065  (  1)
    6-   7    0.7331E-06    187.9219    5.6338  (  1)
    8-   8    0.7623E-06    191.6235    5.7447  (  2)
    9-   9    0.1077E-05    227.8158    6.8297  (  2)
   10-  11    0.1602E-05    277.7811    8.3277  (  1)
   12-  12    0.1756E-05    290.8313    8.7189  (  2)
   13-  14    0.2392E-05    339.4645   10.1769  (  1)
   15-  16    0.3472E-05    408.9652   12.2605  (  1)
   17-  17    0.3688E-05    421.4768   12.6356  (  2)
   18-  18    0.4810E-05    481.3631   14.4309  (  2)
   19-  20    0.1150E-04    744.4057   22.3167  (  1)
   21-  22    0.1166E-04    749.4172   22.4670  (  1)
   23-  23    0.1678E-04    899.0449   26.9527  (  2)
   24-  24    0.1723E-04    911.1406   27.3153  (  2)
   25-  25    0.2728E-04   1146.3008   34.3652  (  2)
   26-  26    0.2735E-04   1147.7008   34.4072  (  2)
   27-  28    0.4616E-04   1491.1509   44.7036  (  1)
   29-  30    0.4765E-04   1514.9741   45.4178  (  1)

 MODES IN PHASE

 FREQ(CM**-1)     85.46     85.46    137.49    140.31    140.31    187.92

 AT.   1 CA X     0.0505   -0.0505    0.0000    0.0449   -0.0449   -0.0215
            Y    -0.0015    0.0015    0.0000   -0.0308    0.0308   -0.0464
            Z     0.0000    0.0000    0.0577    0.0000    0.0000    0.0000
 AT.   2 MG X    -0.0477    0.0477    0.0000    0.0022   -0.0022    0.0047
            Y     0.0080   -0.0080    0.0000   -0.0329    0.0329    0.0001
            Z     0.0000    0.0000   -0.0600    0.0000    0.0000    0.0000
 AT.   3 C  X     0.0398   -0.0385    0.0000   -0.0430   -0.0221    0.0060
            Y     0.0232    0.0420    0.0000   -0.0242    0.0023   -0.0375
            Z     0.0000    0.0000    0.0731    0.0000    0.0000    0.0000
 AT.   4 C  X     0.0385   -0.0398    0.0000    0.0221    0.0430    0.0458
            Y    -0.0420   -0.0232    0.0000   -0.0023    0.0242    0.0093
            Z     0.0000    0.0000    0.0189    0.0000    0.0000    0.0000
 AT.   5 O  X     0.0408   -0.0382   -0.0053   -0.0467   -0.0223    0.0096
            Y     0.0239    0.0431   -0.0068   -0.0286    0.0038   -0.0335
            Z     0.0088   -0.0123    0.0737    0.0587   -0.0285   -0.0247
 AT.   6 O  X     0.0420   -0.0376    0.0085   -0.0494   -0.0197    0.0107
            Y     0.0230    0.0426   -0.0011   -0.0245    0.0037   -0.0385
            Z    -0.0061   -0.0098    0.0737   -0.0623    0.0414    0.0249
 AT.   7 O  X     0.0406   -0.0384   -0.0033   -0.0445   -0.0211    0.0058
            Y     0.0224    0.0424    0.0080   -0.0242    0.0015   -0.0370
            Z    -0.0027    0.0221    0.0737    0.0036   -0.0129   -0.0002
 AT.   8 O  X     0.0382   -0.0408    0.0063    0.0223    0.0467    0.0523
            Y    -0.0431   -0.0239    0.0054   -0.0038    0.0286    0.0169
            Z     0.0123   -0.0088    0.0195    0.0285   -0.0587   -0.0648
 AT.   9 O  X     0.0376   -0.0420   -0.0078    0.0197    0.0494    0.0574
            Y    -0.0426   -0.0230    0.0027   -0.0037    0.0245    0.0100
            Z     0.0098    0.0061    0.0195   -0.0414    0.0623    0.0582
 AT.  10 O  X     0.0384   -0.0406    0.0015    0.0211    0.0445    0.0489
            Y    -0.0424   -0.0224   -0.0081   -0.0015    0.0242    0.0090
            Z    -0.0221    0.0027    0.0195    0.0129   -0.0036    0.0066

 FREQ(CM**-1)    187.92    191.62    227.82    277.78    277.78    290.83

 AT.   1 CA X     0.0215    0.0000    0.0000    0.0052   -0.0052    0.0000
            Y     0.0464    0.0000    0.0000    0.0358   -0.0358    0.0000
            Z     0.0000    0.0740    0.0279    0.0000    0.0000   -0.0043
 AT.   2 MG X    -0.0047    0.0000    0.0000   -0.0277    0.0277    0.0000
            Y    -0.0001    0.0000    0.0000    0.0627   -0.0627    0.0000
            Z     0.0000   -0.0026    0.0032    0.0000    0.0000   -0.0066
 AT.   3 C  X    -0.0458    0.0000    0.0000    0.0024    0.0102    0.0000
            Y    -0.0093    0.0000    0.0000   -0.0124   -0.0027    0.0000
            Z     0.0000   -0.0199   -0.0143    0.0000    0.0000   -0.0400
 AT.   4 C  X    -0.0060    0.0000    0.0000   -0.0102   -0.0024    0.0000
            Y     0.0375    0.0000    0.0000    0.0027    0.0124    0.0000
            Z     0.0000   -0.0188    0.0615    0.0000    0.0000    0.0381
 AT.   5 O  X    -0.0523    0.0539    0.0250   -0.0039    0.0053   -0.0393
            Y    -0.0169    0.0673    0.0317   -0.0199   -0.0122   -0.0540
            Z     0.0648   -0.0232   -0.0163    0.0432    0.0582   -0.0341
 AT.   6 O  X    -0.0574   -0.0852   -0.0400   -0.0157    0.0038    0.0664
            Y    -0.0100    0.0130    0.0058   -0.0129   -0.0025   -0.0070
            Z    -0.0582   -0.0232   -0.0163   -0.0884   -0.0655   -0.0341
 AT.   7 O  X    -0.0489    0.0313    0.0149   -0.0038    0.0129   -0.0271
            Y    -0.0090   -0.0803   -0.0375   -0.0062   -0.0061    0.0610
            Z    -0.0066   -0.0232   -0.0163    0.0453    0.0073   -0.0341
 AT.   8 O  X    -0.0096    0.0527   -0.0375   -0.0053    0.0039    0.0399
            Y     0.0335    0.0656   -0.0504    0.0122    0.0199    0.0555
            Z     0.0247   -0.0218    0.0635   -0.0582   -0.0432    0.0320
 AT.   9 O  X    -0.0107   -0.0832    0.0624   -0.0038    0.0157   -0.0680
            Y     0.0385    0.0128   -0.0073    0.0025    0.0129    0.0068
            Z    -0.0249   -0.0218    0.0635    0.0655    0.0884    0.0320
 AT.  10 O  X    -0.0058    0.0305   -0.0249   -0.0129    0.0038    0.0281
            Y     0.0370   -0.0784    0.0577    0.0061    0.0062   -0.0623
            Z     0.0002   -0.0218    0.0635   -0.0073   -0.0453    0.0320

 FREQ(CM**-1)    339.46    339.46    408.97    408.97    421.48    481.36

 AT.   1 CA X     0.0476   -0.0476   -0.0080    0.0080    0.0000    0.0000
            Y     0.0264   -0.0264    0.0039   -0.0039    0.0000    0.0000
            Z     0.0000    0.0000    0.0000    0.0000    0.0853   -0.0340
 AT.   2 MG X     0.0029   -0.0029    0.1118   -0.1118    0.0000    0.0000
            Y     0.0014   -0.0014    0.0006   -0.0006    0.0000    0.0000
            Z     0.0000    0.0000    0.0000    0.0000    0.0492    0.1544
 AT.   3 C  X    -0.0293    0.0119    0.0198   -0.0039    0.0000    0.0000
            Y    -0.0134    0.0331    0.0163    0.0235    0.0000    0.0000
            Z     0.0000    0.0000    0.0000    0.0000   -0.0671    0.0496
 AT.   4 C  X    -0.0119    0.0293    0.0039   -0.0198    0.0000    0.0000
            Y    -0.0331    0.0134   -0.0235   -0.0163    0.0000    0.0000
            Z     0.0000    0.0000    0.0000    0.0000   -0.0556    0.0457
 AT.   5 O  X    -0.0290    0.0081    0.0180   -0.0167   -0.0287    0.0164
            Y    -0.0067    0.0249    0.0162    0.0178   -0.0388    0.0174
            Z    -0.0492    0.0728    0.0472    0.0373   -0.0449    0.0257
 AT.   6 O  X    -0.0278    0.0134    0.0063   -0.0171    0.0479   -0.0233
            Y    -0.0138    0.0341    0.0235    0.0308   -0.0055    0.0056
            Z     0.0648   -0.0124   -0.0343    0.0019   -0.0449    0.0257
 AT.   7 O  X    -0.0345    0.0186    0.0185   -0.0056   -0.0192    0.0068
            Y    -0.0113    0.0249    0.0299    0.0246    0.0442   -0.0229
            Z    -0.0156   -0.0604   -0.0129   -0.0393   -0.0449    0.0257
 AT.   8 O  X    -0.0081    0.0290    0.0167   -0.0180   -0.0242    0.0152
            Y    -0.0249    0.0067   -0.0178   -0.0162   -0.0339    0.0163
            Z    -0.0728    0.0492   -0.0373   -0.0472   -0.0373    0.0238
 AT.   9 O  X    -0.0134    0.0278    0.0171   -0.0063    0.0414   -0.0217
            Y    -0.0341    0.0138   -0.0308   -0.0235   -0.0041    0.0050
            Z     0.0124   -0.0648   -0.0019    0.0343   -0.0373    0.0238
 AT.  10 O  X    -0.0186    0.0345    0.0056   -0.0185   -0.0172    0.0065
            Y    -0.0249    0.0113   -0.0246   -0.0299    0.0379   -0.0213
            Z     0.0604    0.0156    0.0393    0.0129   -0.0373    0.0238

 FREQ(CM**-1)    744.41    744.41    749.42    749.42    899.04    911.14

 AT.   1 CA X     0.0036   -0.0036   -0.0025    0.0025    0.0000    0.0000
            Y     0.0011   -0.0011   -0.0002    0.0002    0.0000    0.0000
            Z     0.0000    0.0000    0.0000    0.0000    0.0053    0.0056
 AT.   2 MG X    -0.0010    0.0010   -0.0125    0.0125    0.0000    0.0000
            Y    -0.0001    0.0001   -0.0003    0.0003    0.0000    0.0000
            Z     0.0000    0.0000    0.0000    0.0000    0.0053   -0.0159
 AT.   3 C  X     0.0193    0.0249   -0.0386   -0.0230    0.0000    0.0000
            Y     0.0322   -0.0334   -0.0074    0.0365    0.0000    0.0000
            Z     0.0000    0.0000    0.0000    0.0000    0.1753    0.0173
 AT.   4 C  X    -0.0249   -0.0193    0.0230    0.0386    0.0000    0.0000
            Y     0.0334   -0.0322   -0.0365    0.0074    0.0000    0.0000
            Z     0.0000    0.0000    0.0000    0.0000   -0.0167    0.1729
 AT.   5 O  X    -0.0489    0.0596    0.0088   -0.0583   -0.0050   -0.0004
            Y    -0.0577   -0.0163    0.0682    0.0171   -0.0046   -0.0008
            Z    -0.0089    0.0031    0.0136    0.0001   -0.0514   -0.0049
 AT.   6 O  X    -0.0255   -0.0608    0.0658    0.0608    0.0065    0.0009
            Y     0.0543   -0.0368   -0.0292    0.0355   -0.0020    0.0001
            Z     0.0044    0.0051   -0.0114   -0.0118   -0.0514   -0.0049
 AT.   7 O  X     0.0599   -0.0184   -0.0470    0.0172   -0.0015   -0.0005
            Y    -0.0219    0.0778   -0.0299   -0.0768    0.0067    0.0007
            Z     0.0045   -0.0082   -0.0022    0.0116   -0.0514   -0.0049
 AT.   8 O  X    -0.0596    0.0489    0.0583   -0.0088    0.0008   -0.0070
            Y     0.0163    0.0577   -0.0171   -0.0682    0.0001   -0.0051
            Z    -0.0031    0.0089   -0.0001   -0.0136    0.0052   -0.0523
 AT.   9 O  X     0.0608    0.0255   -0.0608   -0.0658   -0.0005    0.0080
            Y     0.0368   -0.0543   -0.0355    0.0292    0.0007   -0.0035
            Z    -0.0051   -0.0044    0.0118    0.0114    0.0052   -0.0523
 AT.  10 O  X     0.0184   -0.0599   -0.0172    0.0470   -0.0004   -0.0009
            Y    -0.0778    0.0219    0.0768    0.0299   -0.0007    0.0086
            Z     0.0082   -0.0045   -0.0116    0.0022    0.0052   -0.0523

 FREQ(CM**-1)   1146.30   1147.70   1491.15   1491.15   1514.97   1514.97

 AT.   1 CA X     0.0000    0.0000   -0.0015    0.0015   -0.0000    0.0000
            Y     0.0000    0.0000   -0.0010    0.0010    0.0001   -0.0001
            Z    -0.0025   -0.0020    0.0000    0.0000    0.0000    0.0000
 AT.   2 MG X     0.0000    0.0000    0.0021   -0.0021    0.0021   -0.0021
            Y     0.0000    0.0000   -0.0012    0.0012    0.0040   -0.0040
            Z     0.0023   -0.0088    0.0000    0.0000    0.0000    0.0000
 AT.   3 C  X     0.0000    0.0000    0.1240   -0.1232   -0.1232   -0.1240
            Y     0.0000    0.0000   -0.0011    0.0012    0.0004    0.0014
            Z    -0.0001    0.0020    0.0000    0.0000    0.0000    0.0000
 AT.   4 C  X     0.0000    0.0000    0.1232   -0.1240    0.1240    0.1232
            Y     0.0000    0.0000   -0.0012    0.0011   -0.0014   -0.0004
            Z     0.0004   -0.0004    0.0000    0.0000    0.0000    0.0000
 AT.   5 O  X     0.0057    0.0805   -0.0355    0.0369    0.0351    0.0339
            Y    -0.0048   -0.0624    0.0218   -0.0227   -0.0229   -0.0222
            Z    -0.0002   -0.0020    0.0010   -0.0008    0.0006    0.0004
 AT.   6 O  X     0.0013    0.0138   -0.0081    0.0064    0.0064    0.0080
            Y     0.0074    0.1009   -0.0048    0.0043    0.0065    0.0065
            Z    -0.0002   -0.0020    0.0007   -0.0005   -0.0002   -0.0004
 AT.   7 O  X    -0.0070   -0.0943   -0.0448    0.0450    0.0462    0.0458
            Y    -0.0026   -0.0385   -0.0152    0.0172    0.0167    0.0146
            Z    -0.0002   -0.0020   -0.0017    0.0013   -0.0004    0.0000
 AT.   8 O  X     0.0802   -0.0060   -0.0369    0.0355   -0.0339   -0.0351
            Y    -0.0630    0.0044    0.0227   -0.0218    0.0222    0.0229
            Z    -0.0018    0.0001    0.0008   -0.0010   -0.0004   -0.0006
 AT.   9 O  X     0.0144   -0.0008   -0.0064    0.0081   -0.0080   -0.0064
            Y     0.1010   -0.0074   -0.0043    0.0048   -0.0065   -0.0065
            Z    -0.0018    0.0001    0.0005   -0.0007    0.0004    0.0002
 AT.  10 O  X    -0.0947    0.0068   -0.0450    0.0448   -0.0458   -0.0462
            Y    -0.0380    0.0030   -0.0172    0.0152   -0.0146   -0.0167
            Z    -0.0018    0.0001   -0.0013    0.0017   -0.0000    0.0004

 MODES IN ANTI-PHASE

 FREQ(CM**-1)     85.46     85.46    137.49    140.31    140.31    187.92

 AT.   1 CA X    -0.0015   -0.0015    0.0000   -0.0308   -0.0308   -0.0464
            Y    -0.0505   -0.0505    0.0000   -0.0449   -0.0449    0.0215
            Z     0.0000    0.0000   -0.0386    0.0000    0.0000    0.0000
 AT.   2 MG X     0.0080    0.0080    0.0000   -0.0329   -0.0329    0.0001
            Y     0.0477    0.0477    0.0000   -0.0022   -0.0022   -0.0047
            Z     0.0000    0.0000    0.0402    0.0000    0.0000    0.0000
 AT.   3 C  X     0.0232   -0.0420    0.0000   -0.0242   -0.0023   -0.0375
            Y    -0.0398   -0.0385    0.0000    0.0430   -0.0221   -0.0060
            Z     0.0000    0.0000    0.0097    0.0000    0.0000    0.0000
 AT.   4 C  X    -0.0420    0.0232    0.0000   -0.0023   -0.0242    0.0093
            Y    -0.0385   -0.0398    0.0000   -0.0221    0.0430   -0.0458
            Z     0.0000    0.0000   -0.0713    0.0000    0.0000    0.0000
 AT.   5 O  X     0.0223   -0.0423   -0.0089   -0.0229   -0.0022   -0.0392
            Y    -0.0415   -0.0379   -0.0087    0.0471   -0.0198   -0.0078
            Z    -0.0020    0.0184    0.0092   -0.0381   -0.0313    0.0145
 AT.   6 O  X     0.0232   -0.0428    0.0120   -0.0270   -0.0023   -0.0342
            Y    -0.0403   -0.0385   -0.0034    0.0444   -0.0224   -0.0067
            Z    -0.0066   -0.0198    0.0092   -0.0318   -0.0090    0.0142
 AT.   7 O  X     0.0238   -0.0431   -0.0030   -0.0273   -0.0045   -0.0357
            Y    -0.0416   -0.0378    0.0121    0.0493   -0.0210   -0.0116
            Z     0.0086    0.0015    0.0092    0.0699    0.0403   -0.0287
 AT.   8 O  X    -0.0423    0.0223    0.0083   -0.0022   -0.0229    0.0070
            Y    -0.0379   -0.0415    0.0096   -0.0198    0.0471   -0.0535
            Z     0.0184   -0.0020   -0.0717   -0.0313   -0.0381    0.0298
 AT.   9 O  X    -0.0428    0.0232   -0.0125   -0.0023   -0.0270    0.0139
            Y    -0.0385   -0.0403    0.0024   -0.0224    0.0444   -0.0483
            Z    -0.0198   -0.0066   -0.0717   -0.0090   -0.0318    0.0413
 AT.  10 O  X    -0.0431    0.0238    0.0042   -0.0045   -0.0273    0.0149
            Y    -0.0378   -0.0416   -0.0120   -0.0210    0.0493   -0.0568
            Z     0.0015    0.0086   -0.0717    0.0403    0.0699   -0.0710

 FREQ(CM**-1)    187.92    191.62    227.82    277.78    277.78    290.83

 AT.   1 CA X    -0.0464    0.0000    0.0000    0.0358    0.0358    0.0000
            Y     0.0215    0.0000    0.0000   -0.0052   -0.0052    0.0000
            Z     0.0000   -0.0064   -0.0369    0.0000    0.0000   -0.0619
 AT.   2 MG X     0.0001    0.0000    0.0000    0.0627    0.0627    0.0000
            Y    -0.0047    0.0000    0.0000    0.0277    0.0277    0.0000
            Z     0.0000    0.0002   -0.0043    0.0000    0.0000   -0.0967
 AT.   3 C  X     0.0093    0.0000    0.0000   -0.0124    0.0027    0.0000
            Y    -0.0458    0.0000    0.0000   -0.0024    0.0102    0.0000
            Z     0.0000   -0.0043   -0.0598    0.0000    0.0000   -0.0107
 AT.   4 C  X    -0.0375    0.0000    0.0000    0.0027   -0.0124    0.0000
            Y    -0.0060    0.0000    0.0000    0.0102   -0.0024    0.0000
            Z     0.0000    0.0076   -0.0025    0.0000    0.0000   -0.0161
 AT.   5 O  X     0.0070    0.0023    0.0319   -0.0061    0.0016    0.0072
            Y    -0.0535    0.0039    0.0435    0.0117    0.0094    0.0146
            Z     0.0298   -0.0059   -0.0614   -0.0772    0.0420   -0.0126
 AT.   6 O  X     0.0139   -0.0046   -0.0536   -0.0131    0.0113   -0.0163
            Y    -0.0483    0.0001    0.0059   -0.0001    0.0109   -0.0010
            Z     0.0413   -0.0059   -0.0614    0.0012    0.0294   -0.0126
 AT.   7 O  X     0.0149    0.0022    0.0217   -0.0198    0.0077    0.0090
            Y    -0.0568   -0.0040   -0.0494    0.0118    0.0017   -0.0136
            Z    -0.0710   -0.0059   -0.0614    0.0760   -0.0714   -0.0126
 AT.   8 O  X    -0.0392   -0.0115   -0.0154    0.0016   -0.0061    0.0018
            Y    -0.0078   -0.0153   -0.0187    0.0094    0.0117    0.0071
            Z     0.0145    0.0098   -0.0010    0.0420   -0.0772   -0.0172
 AT.   9 O  X    -0.0342    0.0190    0.0239    0.0113   -0.0131   -0.0070
            Y    -0.0067   -0.0023   -0.0040    0.0109   -0.0001   -0.0020
            Z     0.0142    0.0098   -0.0010    0.0294    0.0012   -0.0172
 AT.  10 O  X    -0.0357   -0.0075   -0.0085    0.0077   -0.0198    0.0053
            Y    -0.0116    0.0176    0.0227    0.0017    0.0118   -0.0051
            Z    -0.0287    0.0098   -0.0010   -0.0714    0.0760   -0.0172

 FREQ(CM**-1)    339.46    339.46    408.97    408.97    421.48    481.36

 AT.   1 CA X     0.0264    0.0264    0.0039    0.0039    0.0000    0.0000
            Y    -0.0476   -0.0476    0.0080    0.0080    0.0000    0.0000
            Z     0.0000    0.0000    0.0000    0.0000    0.0112    0.0011
 AT.   2 MG X     0.0014    0.0014    0.0006    0.0006    0.0000    0.0000
            Y    -0.0029   -0.0029   -0.1118   -0.1118    0.0000    0.0000
            Z     0.0000    0.0000    0.0000    0.0000    0.0064   -0.0051
 AT.   3 C  X    -0.0134   -0.0331    0.0163   -0.0235    0.0000    0.0000
            Y     0.0293    0.0119   -0.0198   -0.0039    0.0000    0.0000
            Z     0.0000    0.0000    0.0000    0.0000    0.0358    0.0559
 AT.   4 C  X    -0.0331   -0.0134   -0.0235    0.0163    0.0000    0.0000
            Y     0.0119    0.0293   -0.0039   -0.0198    0.0000    0.0000
            Z     0.0000    0.0000    0.0000    0.0000   -0.0519   -0.0590
 AT.   5 O  X    -0.0145   -0.0310    0.0302   -0.0310    0.0135    0.0179
            Y     0.0319    0.0186   -0.0106   -0.0095    0.0140    0.0157
            Z     0.0464   -0.0277   -0.0123   -0.0238    0.0236    0.0279
 AT.   6 O  X    -0.0074   -0.0219    0.0229   -0.0180   -0.0189   -0.0225
            Y     0.0331    0.0134   -0.0222   -0.0091    0.0047    0.0077
            Z     0.0194    0.0769   -0.0347    0.0442    0.0236    0.0279
 AT.   7 O  X    -0.0099   -0.0310    0.0165   -0.0242    0.0053    0.0046
            Y     0.0264    0.0081   -0.0101   -0.0206   -0.0187   -0.0234
            Z    -0.0658   -0.0492    0.0470   -0.0205    0.0236    0.0279
 AT.   8 O  X    -0.0310   -0.0145   -0.0310    0.0302   -0.0205   -0.0190
            Y     0.0186    0.0319   -0.0095   -0.0106   -0.0235   -0.0168
            Z    -0.0277    0.0464   -0.0238   -0.0123   -0.0344   -0.0296
 AT.   9 O  X    -0.0219   -0.0074   -0.0180    0.0229    0.0306    0.0240
            Y     0.0134    0.0331   -0.0091   -0.0222   -0.0060   -0.0080
            Z     0.0769    0.0194    0.0442   -0.0347   -0.0344   -0.0296
 AT.  10 O  X    -0.0310   -0.0099   -0.0242    0.0165   -0.0101   -0.0051
            Y     0.0081    0.0264   -0.0206   -0.0101    0.0295    0.0248
            Z    -0.0492   -0.0658   -0.0205    0.0470   -0.0344   -0.0296

 FREQ(CM**-1)    744.41    744.41    749.42    749.42    899.04    911.14

 AT.   1 CA X     0.0011    0.0011    0.0002    0.0002    0.0000    0.0000
            Y    -0.0036   -0.0036   -0.0025   -0.0025    0.0000    0.0000
            Z     0.0000    0.0000    0.0000    0.0000    0.0058    0.0051
 AT.   2 MG X    -0.0001   -0.0001    0.0003    0.0003    0.0000    0.0000
            Y     0.0010    0.0010   -0.0125   -0.0125    0.0000    0.0000
            Z     0.0000    0.0000    0.0000    0.0000    0.0058   -0.0145
 AT.   3 C  X     0.0322    0.0334    0.0074    0.0365    0.0000    0.0000
            Y    -0.0193    0.0249   -0.0386    0.0230    0.0000    0.0000
            Z     0.0000    0.0000    0.0000    0.0000   -0.0007    0.1720
 AT.   4 C  X     0.0334    0.0322    0.0365    0.0074    0.0000    0.0000
            Y     0.0249   -0.0193    0.0230   -0.0386    0.0000    0.0000
            Z     0.0000    0.0000    0.0000    0.0000    0.1745    0.0015
 AT.   5 O  X     0.0408   -0.0328    0.0621   -0.0332    0.0004   -0.0070
            Y    -0.0392   -0.0727    0.0096   -0.0715   -0.0004   -0.0051
            Z    -0.0001   -0.0077    0.0054   -0.0135    0.0005   -0.0520
 AT.   6 O  X    -0.0712   -0.0532   -0.0352   -0.0517    0.0001    0.0079
            Y    -0.0158    0.0478   -0.0474    0.0476    0.0005   -0.0035
            Z     0.0077    0.0065    0.0091    0.0066    0.0005   -0.0520
 AT.   7 O  X     0.0051    0.0613   -0.0360    0.0607   -0.0005   -0.0009
            Y     0.0695    0.0053    0.0654    0.0041   -0.0001    0.0086
            Z    -0.0076    0.0012   -0.0145    0.0069    0.0005   -0.0520
 AT.   8 O  X    -0.0328    0.0408   -0.0332    0.0621   -0.0050    0.0003
            Y    -0.0727   -0.0392   -0.0715    0.0096   -0.0046   -0.0003
            Z    -0.0077   -0.0001   -0.0135    0.0054   -0.0512   -0.0001
 AT.   9 O  X    -0.0532   -0.0712   -0.0517   -0.0352    0.0065    0.0001
            Y     0.0478   -0.0158    0.0476   -0.0474   -0.0020    0.0004
            Z     0.0065    0.0077    0.0066    0.0091   -0.0512   -0.0001
 AT.  10 O  X     0.0613    0.0051    0.0607   -0.0360   -0.0015   -0.0004
            Y     0.0053    0.0695    0.0041    0.0654    0.0066   -0.0001
            Z     0.0012   -0.0076    0.0069   -0.0145   -0.0512   -0.0001

 FREQ(CM**-1)   1146.30   1147.70   1491.15   1491.15   1514.97   1514.97

 AT.   1 CA X     0.0000    0.0000   -0.0010   -0.0010    0.0001    0.0001
            Y     0.0000    0.0000    0.0015    0.0015    0.0000    0.0000
            Z     0.0023    0.0021    0.0000    0.0000    0.0000    0.0000
 AT.   2 MG X     0.0000    0.0000   -0.0012   -0.0012    0.0040    0.0040
            Y     0.0000    0.0000   -0.0021   -0.0021   -0.0021   -0.0021
            Z    -0.0021    0.0095    0.0000    0.0000    0.0000    0.0000
 AT.   3 C  X     0.0000    0.0000   -0.0011   -0.0012    0.0004   -0.0014
            Y     0.0000    0.0000   -0.1240   -0.1232    0.1232   -0.1240
            Z    -0.0004    0.0003    0.0000    0.0000    0.0000    0.0000
 AT.   4 C  X     0.0000    0.0000   -0.0012   -0.0011   -0.0014    0.0004
            Y     0.0000    0.0000   -0.1232   -0.1240   -0.1240    0.1232
            Z     0.0002   -0.0019    0.0000    0.0000    0.0000    0.0000
 AT.   5 O  X    -0.0800    0.0001   -0.0206   -0.0219    0.0231   -0.0215
            Y     0.0628    0.0002    0.0234    0.0220   -0.0234    0.0246
            Z     0.0018    0.0000    0.0014    0.0010    0.0001    0.0002
 AT.   6 O  X    -0.0144   -0.0002    0.0060    0.0051   -0.0063    0.0072
            Y    -0.1007   -0.0000    0.0508    0.0525   -0.0521    0.0505
            Z     0.0018    0.0000   -0.0016   -0.0012   -0.0006    0.0002
 AT.   7 O  X     0.0944    0.0001    0.0164    0.0180   -0.0165    0.0153
            Y     0.0379   -0.0002    0.0141    0.0139   -0.0123    0.0127
            Z     0.0018    0.0000    0.0002    0.0002    0.0004   -0.0004
 AT.   8 O  X     0.0001   -0.0802   -0.0219   -0.0206   -0.0215    0.0231
            Y     0.0002    0.0623    0.0220    0.0234    0.0246   -0.0234
            Z     0.0000    0.0020    0.0010    0.0014    0.0002    0.0001
 AT.   9 O  X    -0.0002   -0.0138    0.0051    0.0060    0.0072   -0.0063
            Y     0.0000   -0.1006    0.0525    0.0508    0.0505   -0.0521
            Z     0.0000    0.0020   -0.0012   -0.0016    0.0002   -0.0006
 AT.  10 O  X     0.0001    0.0940    0.0180    0.0164    0.0153   -0.0165
            Y    -0.0002    0.0383    0.0139    0.0141    0.0127   -0.0123
            Z     0.0000    0.0020    0.0002    0.0002   -0.0004    0.0004

 TTTTTTTTTTTTTTTTTTTTTTTTTTTTTTTTTTTTTTTTTTTTTTTTTTTTTTTTTTTTTTTTTTTTTTTTTTTTTTT

  THERMODYNAMICAL PROPERTIES ARE CALCULATED AS A SUM OVER   807 MODES



 *******************************************************************************

 HARMONIC VIBRATIONAL CONTRIBUTIONS TO THERMODYNAMIC FUNCTIONS AT GIVEN
 TEMPERATURE AND PRESSURE:

 (EL = ELECTRONIC ENERGY
  E0 = ZERO-POINT ENERGY
  ET = THERMAL CONTRIBUTION TO THE VIBRATIONAL ENERGY
  PV = PRESSURE * VOLUME
  TS = TEMPERATURE * ENTROPY)

                          AU/CELL             EV/CELL                 KJ/MOL
 EL            :   -1405.086418442324  -38234.345242366915    -3689053.87173835
 E0            :       0.040867645230       1.112065162995         107.29798743


 *******************************************************************************

 THERMODYNAMIC FUNCTIONS WITH VIBRATIONAL CONTRIBUTIONS

 AT (T =  298.15 K, P =   0.10132500E+00 MPA):

                          AU/CELL             EV/CELL                 KJ/MOL
 ET            :       0.009243383756       0.251525259290          24.26850063
 PV            :       0.000002351060       0.000063975603           0.00617271
 TS            :       0.016426302706       0.446982420778          43.12725168
 ET+PV-TS      :      -0.007180567890      -0.195393185885         -18.85257834
 EL+E0+ET+PV-TS:   -1405.052731364985  -38233.428570389799    -3688965.42632926

 OTHER THERMODYNAMIC FUNCTIONS:

                      mHARTREE/(CELL*K)     mEV/(CELL*K)              J/(MOL*K)
 ENTROPY       :       0.055094089237       1.499186385301         144.64951091
 HEAT CAPACITY :       0.056467180829       1.536550107046         148.25456237

 *******************************************************************************
 TTTTTTTTTTTTTTTTTTTTTTTTTTTTTT END         TELAPSE  1169650.28 TCPU  1167051.83
 EEEEEEEEEE TERMINATION  DATE 11 12 2024 TIME 22:31:58.0
NODE    0 CPU TIME =   1167051.826
NODE    1 CPU TIME =   1169030.378
NODE    2 CPU TIME =   1169034.454
NODE    3 CPU TIME =   1168942.809
NODE    4 CPU TIME =   1169052.374
NODE    5 CPU TIME =   1169020.768
NODE    6 CPU TIME =   1169058.843
NODE    7 CPU TIME =   1168914.898
NODE    8 CPU TIME =   1169070.615
NODE    9 CPU TIME =   1169018.498
NODE   10 CPU TIME =   1169062.920
NODE   11 CPU TIME =   1169026.642
NODE   12 CPU TIME =   1169042.165
NODE   13 CPU TIME =   1168990.919
NODE   14 CPU TIME =   1169010.155
NODE   15 CPU TIME =   1169074.924
NODE   16 CPU TIME =   1168950.393
NODE   17 CPU TIME =   1168918.530
NODE   18 CPU TIME =   1168417.562
NODE   19 CPU TIME =   1168465.493
NODE   20 CPU TIME =   1168461.992
NODE   21 CPU TIME =   1168445.510
NODE   22 CPU TIME =   1168464.722
NODE   23 CPU TIME =   1168442.670
NODE   24 CPU TIME =   1168460.358
NODE   25 CPU TIME =   1168429.681
NODE   26 CPU TIME =   1168448.357
NODE   27 CPU TIME =   1168430.723
NODE   28 CPU TIME =   1168490.923
NODE   29 CPU TIME =   1168459.486
NODE   30 CPU TIME =   1168396.189
NODE   31 CPU TIME =   1168613.450
    TOTAL CPU TIME =  37398699.232
mer 11 dic 2024, 22:32:02, CET

