###################################################################
# CRYSTAL23 - Pcrystal
# Number of cores requested:  96
# Script started on:          node03
# Temporary directory:        /scratch/users/franellucci/tmp_p964572
#
# Input file:                 dol_pbe0_333scp_v7.d12
qha calculation with PBE0 - p=15 GPa
CRYSTAL
0 0 0
148
4.70466424     14.89419574
4
20  3.176325694558E-20  5.671713846907E-20  0.000000000000E+00
12  3.176325694558E-20  5.671713846907E-20 -5.000000000000E-01
6   3.333333333333E-01 -3.333333333333E-01 -8.999804262879E-02
8   -4.173800350059E-01 -3.707399356261E-01 -8.883469256126E-02
COORPRT
SCELPHONO
3 0 0
0 3 0
0 0 3
FREQCALC
DISPERSI
MODES
ENDFREQ
ENDGEOM
20 7
0 0 8 2. 1.
 191300. 0.0002204
 26970. 0.001925
 5696. 0.01109
 1489.4 0.04995
 448.3 0.17014
 154.62 0.3685
 60.37 0.4034
 25.09 0.1452
0 1 6 8. 1.
 448.6 -0.00575 0.00847
 105.7 -0.0767 0.06027
 34.69 -0.1122 0.2124
 13.50 0.2537 0.3771
 5.820 0.688 0.401
 1.819 0.349 0.198
0 1 5 8. 1.
 20.75 -0.0020 -0.0365
 8.40 -0.1255 -0.0685
 3.597 -0.6960 0.1570
 1.408 1.029 1.482
 0.726 0.944 1.025
0 1 1 2. 1.
 0.453 1. 1.
0 1 1 0. 1.
 0.295 1. 1.
0 3 2 0. 1.
 3.1910 0.160
 0.8683 0.313
0 3 1 0. 1.
 0.2891 0.406
12 5
0 0 8 2.0 1.0
 68370.0 0.0002226
 9661.0 0.001901
 2041.0 0.011042
 529.6 0.05005
 159.17 0.1690
 54.71 0.36695
 21.236 0.4008
 8.791 0.1487
0 1 5 8.0 1.0
 143.7 -0.00671 0.00807
 31.27 -0.07927 0.06401
 9.661 -0.08088 0.2092
 3.726 0.2947 0.3460
 1.598 0.5714 0.3731
0 1 1 2.0 1.0
 0.688 1.0 1.0
0 1 1 0.0 1.0
 0.28 1.0 1.0
0 3 1 0. 1.
 0.500 1.
6 6
0 0 6 2.0 1.00
 0.4563240000D+04 0.1966650000D-02
 0.6820240000D+03 0.1523060000D-01
 0.1549730000D+03 0.7612690000D-01
 0.4445530000D+02 0.2608010000D+00
 0.1302900000D+02 0.6164620000D+00
 0.1827730000D+01 0.2210060000D+00
0 1 3 4.0 1.00
 0.2096420000D+02 0.1146600000D+00 0.4024870000D-01
 0.4803310000D+01 0.9199990000D+00 0.2375940000D+00
 0.1459330000D+01 -0.3030680000D-02 0.8158540000D+00
0 1 1 0.0 1.00
 0.4834560000D+00 0.1000000000D+01 0.1000000000D+01
0 1 1 0.0 1.00
 0.1455850000D+00 0.1000000000D+01 0.1000000000D+01
0 3 1 0.0 1.0
 2.0 .1000000000D+01
0 3 1 0.0 1.0
 0.6 .1000000000D+01
8 6
0 0 8 2.0 1.0
 8020. 0.001080
 1338. 0.008040
 255.4 0.053240
 69.22 0.168100
 23.90 0.358100
 9.264 0.385500
 3.851 0.146800
 1.212 0.072800
0 1 4 6. 1.0
 49.43 -0.008830 0.009580
 10.47 -0.091500 0.069600
 3.235 -0.040200 0.206500
 1.217 0.379000 0.347000
0 1 1 0. 1.0
 0.486 1. 1.
0 1 1 0. 1.0
 0.1925 1. 1.
0 3 1 0. 1.
 2.0 1.
0 3 1 0. 1.
 0.500 1.
99 0
ENDBS
DFT
PBE0
XLGRID
ENDDFT
SCFDIR
MAXCYCLE
200
TOLDEE
10
TOLINTEG
9 9 9 9 18
BIPOSIZE
32000000
EXCHSIZE
32000000
SHRINK
3 3
END
#
###################################################################

lun 22 giu 2026, 11:03:25, CEST
          96 PROCESSORS WORKING

         
 *******************************************************************************
 *                                                                             *
 *                               CRYSTAL23                                     *
 *                      public : 1.0.1 - October 2022                          *
 *                       HTTP://WWW.CRYSTAL.UNITO.IT                           *
 *                                                                             *
 *                              MAIN AUTHORS                                   *
 *                                                                             *
 *  R. DOVESI(1,11), V.R. SAUNDERS(2), C. ROETTI(1,11), R. ORLANDO(1,11),      *
 *  C.M. ZICOVICH-WILSON(1,3), F. PASCALE(4), B. CIVALLERI(1,11),              *
 *  K. DOLL(5), N.M. HARRISON(6), I.J. BUSH(7), Ph. D'ARCO(8),                 *
 *  M. LLUNELL(9), M. CAUSA'(10), Y. NOEL(8), L. MASCHIO(1,11), A. ERBA(1,11)  *
 *  M. RE'RAT(14), S. CASASSA(1,11), B.G. SEARLE(2), J.K. DESMARAIS(1)         *
 *                                                                             *
 *        CONTRIBUTIONS TO THE CODE HAVE ALSO BEEN GIVEN BY                    *
 *                                                                             *
 *  M. FERRABONE(1,11), M. DE LA PIERRE(1,11), M. FERRERO(1,11),               *
 *  J. BAIMA(1,11), E. ALBANESE(1,11), M.F. PEINTINGER(12), R. BAST(13),       *
 *  B. KIRTMAN(15), V. LACIVITA(1,11), R. DEMICHELIS(1,16)                     *
 *  G. BRANDEBURG(17), S. SALUSTRO(1,11), G. SANSONE(1,11)                     *
 *  M.T. RUGGIERO(18), L.E. DAGA(1), L. DONA'(1), A. COSSARD(1)                *
 *                                                                             *
 * (1) THEORETICAL CHEMISTRY GROUP - UNIVERSITA' DI TORINO - TORINO (ITALY)    *
 * (2) SCIENTIFIC COMPUTING DEPARTMENT - STFC DARESBURY (UK)                   *
 * (3) UNIVERSIDAD AUTONOMA DEL ESTADO DE MORELOS - CUERNAVACA (MEXICO)        *
 * (4) UNIVERSITE' DE LORRAINE - NANCY (FRANCE)                                *
 * (5) UNIVERSITAET STUTTGART- STUTTGART (GERMANY)                             *
 * (6) IMPERIAL COLLEGE - LONDON (UK)                                          *
 * (7) SCIENTIFIC COMPUTING DEPARTMENT - STFC RAL (UK)                         *
 * (8) UPMC - SORBONNE UNIVERSITES - PARIS (FRANCE)                            *
 * (9) UNIVERSIDAD DE BARCELONA - BARCELONA (SPAIN)                            *
 *(10) UNIVERSITA' DI NAPOLI "FEDERICO II" - NAPOLI (ITALY)                    *
 *(11) NIS - NANOSTRUCTURED INTERFACES AND SURFACES - TORINO (ITALY)           *
 *(12) MPI FUER CHEMISCHE ENERGIEKONVERSION - MUELHEIM AN DER RUHR (GERMANY)   *
 *(13) UNIVERSITY OF TROMSO - TROMSO (NORWAY)                                  *
 *(14) UNIVERSITE' DE PAU ET DES PAYS DE L'ADOUR - PAU (FRANCE)                *
 *(15) UNIVERSITY OF CALIFORNIA SANTA BARBARA - SANTA BARBARA (USA)            *
 *(16) CURTIN UNIVERSITY - PERTH (AUSTRALIA)                                   *
 *(17) UNIVERSITY COLLEGE LONDON - LONDON (UK)                                 *
 *(18) UNIVERSITY OF VERMONT - BURLINGTON (USA)                                *
 *                                                                             *
 *******************************************************************************
 EEEEEEEEEE STARTING  DATE 22 06 2026 TIME 11:03:26.6
 qha calculation with PBE0 - p=15 GPa                                            

 CRYSTAL CALCULATION
 (INPUT ACCORDING TO THE INTERNATIONAL TABLES FOR X-RAY CRYSTALLOGRAPHY)
 CRYSTAL FAMILY                       :  HEXAGONAL   
 CRYSTAL CLASS  (GROTH - 1921)        :  TRIGONAL RHOMBOHEDRAL                

 SPACE GROUP (CENTROSYMMETRIC)        :  R -3            

 LATTICE PARAMETERS  (ANGSTROMS AND DEGREES) - CONVENTIONAL CELL
        A           B           C        ALPHA        BETA       GAMMA
     4.70466     4.70466    14.89420    90.00000    90.00000   120.00000


 NUMBER OF IRREDUCIBLE ATOMS IN THE CONVENTIONAL CELL:    4

 INPUT COORDINATES

 ATOM AT. N.              COORDINATES
   1  20     3.176325694558E-20  5.671713846907E-20  0.000000000000E+00
   2  12     3.176325694558E-20  5.671713846907E-20 -5.000000000000E-01
   3   6     3.333333333333E-01 -3.333333333333E-01 -8.999804262879E-02
   4   8    -4.173800350059E-01 -3.707399356261E-01 -8.883469256126E-02

 *******************************************************************************

 << INFORMATION >>: FROM NOW ON, ALL COORDINATES REFER TO THE PRIMITIVE CELL

 *******************************************************************************

 LATTICE PARAMETERS  (ANGSTROMS AND DEGREES) - PRIMITIVE CELL
       A          B          C        ALPHA      BETA     GAMMA        VOLUME
    5.65920    5.65920    5.65920    49.12244  49.12244  49.12244     95.166414

 COORDINATES OF THE EQUIVALENT ATOMS (FRACTIONAL UNITS)

 N. ATOM EQUIV AT. N.          X                  Y                  Z

   1   1   1   20 CA    3.17632569456E-20  2.49538815235E-20 -5.67171384691E-20

   2   2   1   12 MG    5.00000000000E-01  5.00000000000E-01  5.00000000000E-01

   3   3   1    6 C     2.43335290705E-01  2.43335290705E-01  2.43335290705E-01
   4   3   2    6 C    -2.43335290705E-01 -2.43335290705E-01 -2.43335290705E-01

   5   4   1    8 O     4.93785272433E-01 -4.21945931815E-02  2.81905243065E-01
   6   4   2    8 O     2.81905243065E-01  4.93785272433E-01 -4.21945931815E-02
   7   4   3    8 O    -4.21945931815E-02  2.81905243065E-01  4.93785272433E-01
   8   4   4    8 O    -4.93785272433E-01  4.21945931815E-02 -2.81905243065E-01
   9   4   5    8 O    -2.81905243065E-01 -4.93785272433E-01  4.21945931815E-02
  10   4   6    8 O     4.21945931815E-02 -2.81905243065E-01 -4.93785272433E-01

 NUMBER OF SYMMETRY OPERATORS         :    6
 *******************************************************************************
 * GEOMETRY EDITING - INPUT COORDINATES ARE GIVEN IN ANGSTROM         
 *******************************************************************************

 GEOMETRY NOW FULLY CONSISTENT WITH THE GROUP
 *******************************************************************************
 LATTICE PARAMETERS (ANGSTROMS AND DEGREES) - BOHR = 0.5291772083 ANGSTROM
 PRIMITIVE CELL - CENTRING CODE 7/0 VOLUME=    95.166414 - DENSITY  3.209 g/cm^3
         A              B              C           ALPHA      BETA       GAMMA 
     5.65919766     5.65919766     5.65919766    49.122442  49.122442  49.122442
 *******************************************************************************
 ATOMS IN THE ASYMMETRIC UNIT    4 - ATOMS IN THE UNIT CELL:   10
     ATOM                 X/A                 Y/B                 Z/C    
 *******************************************************************************
      1 T  20 CA    7.193390678900E-36 -1.448056056059E-36 -1.249031286966E-36
      2 T  12 MG    5.000000000000E-01  5.000000000000E-01  5.000000000000E-01
      3 T   6 C     2.433352907045E-01  2.433352907045E-01  2.433352907045E-01
      4 F   6 C    -2.433352907045E-01 -2.433352907045E-01 -2.433352907045E-01
      5 T   8 O     4.937852724328E-01 -4.219459318146E-02  2.819052430648E-01
      6 F   8 O     2.819052430648E-01  4.937852724328E-01 -4.219459318146E-02
      7 F   8 O    -4.219459318146E-02  2.819052430648E-01  4.937852724328E-01
      8 F   8 O    -4.937852724328E-01  4.219459318146E-02 -2.819052430648E-01
      9 F   8 O    -2.819052430648E-01 -4.937852724328E-01  4.219459318146E-02
     10 F   8 O     4.219459318146E-02 -2.819052430648E-01 -4.937852724328E-01

 TRANSFORMATION MATRIX PRIMITIVE-CRYSTALLOGRAPHIC CELL
  1.0000  0.0000  1.0000 -1.0000  1.0000  1.0000  0.0000 -1.0000  1.0000

 *******************************************************************************
 CRYSTALLOGRAPHIC CELL (VOLUME=        285.49924066)
         A              B              C           ALPHA      BETA       GAMMA 
     4.70466424     4.70466424    14.89419574    90.000000  90.000000 120.000000

 COORDINATES IN THE CRYSTALLOGRAPHIC CELL
     ATOM                 X/A                 Y/B                 Z/C    
 *******************************************************************************
      1 T  20 CA    5.694622900275E-36  2.747799065591E-36  1.498767778625E-36
      2 T  12 MG   -3.333333333333E-01  3.333333333333E-01 -1.666666666667E-01
      3 T   6 C     3.333333333333E-01 -3.333333333333E-01 -8.999804262879E-02
      4 F   6 C    -3.333333333333E-01  3.333333333333E-01  8.999804262879E-02
      5 T   8 O    -4.173800350059E-01 -3.707399356261E-01 -8.883469256126E-02
      6 F   8 O     3.707399356261E-01 -4.664009937980E-02 -8.883469256126E-02
      7 F   8 O     4.664009937980E-02  4.173800350059E-01 -8.883469256126E-02
      8 F   8 O     4.173800350059E-01  3.707399356261E-01  8.883469256126E-02
      9 F   8 O    -3.707399356261E-01  4.664009937980E-02  8.883469256126E-02
     10 F   8 O    -4.664009937980E-02 -4.173800350059E-01  8.883469256126E-02

 T = ATOM BELONGING TO THE ASYMMETRIC UNIT

 NO SYMMOPS WITH FINITE TRANSLATIONAL COMPONENT

 GCALCO - MAX INDICES DIRECT LATTICE VECTOR    14    14    14
 NO.OF VECTORS CREATED 6999 STARS  515 RMAX    54.25683 BOHR

 *******************************************************************************
 * SUPERCELL OPTION
 *******************************************************************************


        EXPANSION MATRIX OF PRIMITIVE CELL
 E1     3.000     0.000     0.000
 E2     0.000     3.000     0.000
 E3     0.000     0.000     3.000

 NUMBER OF ATOMS PER SUPERCELL   270

        DIRECT LATTICE VECTORS COMPONENTS (ANGSTROM)
 B1     8.149    -0.000    14.894
 B2    -4.074     7.057    14.894
 B3    -4.074    -7.057    14.894

 LATTICE PARAMETERS  (ANGSTROM AND DEGREES)
       A          B          C         ALPHA     BETA     GAMMA        VOLUME
   16.97759   16.97759   16.97759    49.12244  49.12244  49.12244   2569.493166


 **** ATOMS BELONGING TO THE SUPERCELL
 LABEL AT.NO.      COORDINATES (ANGSTROM AND FRACTIONAL)
     1    20     0.0000    -0.0000     0.0000     0.0000    -0.0000    -0.0000
     2    20    -1.3581    -2.3523     4.9647     0.0000     0.0000     0.3333
     3    20     1.3581     2.3523    -4.9647     0.0000     0.0000    -0.3333
     4    20    -1.3581     2.3523     4.9647     0.0000     0.3333     0.0000
     5    20    -2.7162     0.0000     9.9295     0.0000     0.3333     0.3333
     6    20     0.0000     4.7047    -0.0000    -0.0000     0.3333    -0.3333
     7    20     1.3581    -2.3523    -4.9647     0.0000    -0.3333     0.0000
     8    20     0.0000    -4.7047    -0.0000    -0.0000    -0.3333     0.3333
     9    20     2.7162    -0.0000    -9.9295     0.0000    -0.3333    -0.3333
    10    20     2.7162    -0.0000     4.9647     0.3333     0.0000     0.0000
    11    20     1.3581    -2.3523     9.9295     0.3333     0.0000     0.3333
    12    20     4.0744     2.3523    -0.0000     0.3333     0.0000    -0.3333
    13    20     1.3581     2.3523     9.9295     0.3333     0.3333     0.0000
    14    20     0.0000     0.0000    14.8942     0.3333     0.3333     0.3333
    15    20     2.7162     4.7047     4.9647     0.3333     0.3333    -0.3333
    16    20     4.0744    -2.3523    -0.0000     0.3333    -0.3333     0.0000
    17    20     2.7162    -4.7047     4.9647     0.3333    -0.3333     0.3333
    18    20     5.4325    -0.0000    -4.9647     0.3333    -0.3333    -0.3333
    19    20    -2.7162     0.0000    -4.9647    -0.3333     0.0000     0.0000
    20    20    -4.0744    -2.3523    -0.0000    -0.3333    -0.0000     0.3333
    21    20    -1.3581     2.3523    -9.9295    -0.3333     0.0000    -0.3333
    22    20    -4.0744     2.3523    -0.0000    -0.3333     0.3333    -0.0000
    23    20    -5.4325     0.0000     4.9647    -0.3333     0.3333     0.3333
    24    20    -2.7162     4.7047    -4.9647    -0.3333     0.3333    -0.3333
    25    20    -1.3581    -2.3523    -9.9295    -0.3333    -0.3333     0.0000
    26    20    -2.7162    -4.7047    -4.9647    -0.3333    -0.3333     0.3333
    27    20     0.0000     0.0000   -14.8942    -0.3333    -0.3333    -0.3333
    28    12     0.0000     0.0000     7.4471     0.1667     0.1667     0.1667
    29    12    -1.3581    -2.3523    12.4118     0.1667     0.1667     0.5000
    30    12     1.3581     2.3523     2.4824     0.1667     0.1667    -0.1667
    31    12    -1.3581     2.3523    12.4118     0.1667     0.5000     0.1667
    32    12    -2.7162    -0.0000    17.3766     0.1667     0.5000     0.5000
    33    12     0.0000     4.7047     7.4471     0.1667     0.5000    -0.1667
    34    12     1.3581    -2.3523     2.4824     0.1667    -0.1667     0.1667
    35    12     4.0744     2.3523    -7.4471     0.1667    -0.1667    -0.5000
    36    12     2.7162    -0.0000    -2.4824     0.1667    -0.1667    -0.1667
    37    12     2.7162    -0.0000    12.4118     0.5000     0.1667     0.1667
    38    12     1.3581    -2.3523    17.3766     0.5000     0.1667     0.5000
    39    12     4.0744     2.3523     7.4471     0.5000     0.1667    -0.1667
    40    12     1.3581     2.3523    17.3766     0.5000     0.5000     0.1667
    41    12     0.0000    -0.0000    22.3413     0.5000     0.5000     0.5000
    42    12     2.7162     4.7047    12.4118     0.5000     0.5000    -0.1667
    43    12     4.0744    -2.3523     7.4471     0.5000    -0.1667     0.1667
    44    12    -1.3581     2.3523   -17.3766    -0.5000    -0.1667    -0.5000
    45    12    -2.7162     0.0000   -12.4118    -0.5000    -0.1667    -0.1667
    46    12    -2.7162     0.0000     2.4824    -0.1667     0.1667     0.1667
    47    12     0.0000     4.7047    -7.4471    -0.1667     0.1667    -0.5000
    48    12    -1.3581     2.3523    -2.4824    -0.1667     0.1667    -0.1667
    49    12     0.0000    -4.7047    -7.4471    -0.1667    -0.5000     0.1667
    50    12     2.7162     0.0000   -17.3766    -0.1667    -0.5000    -0.5000
    51    12     1.3581    -2.3523   -12.4118    -0.1667    -0.5000    -0.1667
    52    12    -1.3581    -2.3523    -2.4824    -0.1667    -0.1667     0.1667
    53    12     1.3581     2.3523   -12.4118    -0.1667    -0.1667    -0.5000
    54    12     0.0000     0.0000    -7.4471    -0.1667    -0.1667    -0.1667
    55     6    -2.7162     0.0000    -1.3404    -0.2522     0.0811     0.0811
    56     6    -4.0744    -2.3523     3.6243    -0.2522     0.0811     0.4144
    57     6    -1.3581     2.3523    -6.3052    -0.2522     0.0811    -0.2522
    58     6    -4.0744     2.3523     3.6243    -0.2522     0.4144     0.0811
    59     6    -5.4325     0.0000     8.5890    -0.2522     0.4144     0.4144
    60     6    -2.7162     4.7047    -1.3404    -0.2522     0.4144    -0.2522
    61     6    -1.3581    -2.3523    -6.3052    -0.2522    -0.2522     0.0811
    62     6    -2.7162    -4.7047    -1.3404    -0.2522    -0.2522     0.4144
    63     6     0.0000    -0.0000   -11.2699    -0.2522    -0.2522    -0.2522
    64     6     0.0000     0.0000     3.6243     0.0811     0.0811     0.0811
    65     6    -1.3581    -2.3523     8.5890     0.0811     0.0811     0.4144
    66     6     1.3581     2.3523    -1.3404     0.0811     0.0811    -0.2522
    67     6    -1.3581     2.3523     8.5890     0.0811     0.4144     0.0811
    68     6    -2.7162     0.0000    13.5537     0.0811     0.4144     0.4144
    69     6     0.0000     4.7047     3.6243     0.0811     0.4144    -0.2522
    70     6     1.3581    -2.3523    -1.3404     0.0811    -0.2522     0.0811
    71     6     0.0000    -4.7047     3.6243     0.0811    -0.2522     0.4144
    72     6     2.7162    -0.0000    -6.3052     0.0811    -0.2522    -0.2522
    73     6     2.7162     0.0000     8.5890     0.4144     0.0811     0.0811
    74     6     1.3581    -2.3523    13.5537     0.4144     0.0811     0.4144
    75     6     4.0744     2.3523     3.6243     0.4144     0.0811    -0.2522
    76     6     1.3581     2.3523    13.5537     0.4144     0.4144     0.0811
    77     6    -0.0000     0.0000    18.5185     0.4144     0.4144     0.4144
    78     6     2.7162     4.7047     8.5890     0.4144     0.4144    -0.2522
    79     6     4.0744    -2.3523     3.6243     0.4144    -0.2522     0.0811
    80     6     2.7162    -4.7047     8.5890     0.4144    -0.2522     0.4144
    81     6     5.4325    -0.0000    -1.3404     0.4144    -0.2522    -0.2522
    82     6    -1.3581    -2.3523     1.3404    -0.0811    -0.0811     0.2522
    83     6     1.3581     2.3523    -8.5890    -0.0811    -0.0811    -0.4144
    84     6     0.0000     0.0000    -3.6243    -0.0811    -0.0811    -0.0811
    85     6    -2.7162    -0.0000     6.3052    -0.0811     0.2522     0.2522
    86     6     0.0000     4.7047    -3.6243    -0.0811     0.2522    -0.4144
    87     6    -1.3581     2.3523     1.3404    -0.0811     0.2522    -0.0811
    88     6     0.0000    -4.7047    -3.6243    -0.0811    -0.4144     0.2522
    89     6     2.7162     0.0000   -13.5537    -0.0811    -0.4144    -0.4144
    90     6     1.3581    -2.3523    -8.5890    -0.0811    -0.4144    -0.0811
    91     6     1.3581    -2.3523     6.3052     0.2522    -0.0811     0.2522
    92     6     4.0744     2.3523    -3.6243     0.2522    -0.0811    -0.4144
    93     6     2.7162     0.0000     1.3404     0.2522    -0.0811    -0.0811
    94     6     0.0000    -0.0000    11.2699     0.2522     0.2522     0.2522
    95     6     2.7162     4.7047     1.3404     0.2522     0.2522    -0.4144
    96     6     1.3581     2.3523     6.3052     0.2522     0.2522    -0.0811
    97     6     2.7162    -4.7047     1.3404     0.2522    -0.4144     0.2522
    98     6     5.4325    -0.0000    -8.5890     0.2522    -0.4144    -0.4144
    99     6     4.0744    -2.3523    -3.6243     0.2522    -0.4144    -0.0811
   100     6    -4.0744    -2.3523    -3.6243    -0.4144    -0.0811     0.2522
   101     6    -1.3581     2.3523   -13.5537    -0.4144    -0.0811    -0.4144
   102     6    -2.7162     0.0000    -8.5890    -0.4144    -0.0811    -0.0811
   103     6    -5.4325     0.0000     1.3404    -0.4144     0.2522     0.2522
   104     6    -2.7162     4.7047    -8.5890    -0.4144     0.2522    -0.4144
   105     6    -4.0744     2.3523    -3.6243    -0.4144     0.2522    -0.0811
   106     6    -2.7162    -4.7047    -8.5890    -0.4144    -0.4144     0.2522
   107     6     0.0000    -0.0000   -18.5185    -0.4144    -0.4144    -0.4144
   108     6    -1.3581    -2.3523   -13.5537    -0.4144    -0.4144    -0.0811
   109     8    -1.7006    -0.7624    -1.3231    -0.1687    -0.0141     0.0940
   110     8    -3.0587    -3.1147     3.6416    -0.1687    -0.0141     0.4273
   111     8    -0.3424     1.5899    -6.2879    -0.1687    -0.0141    -0.2394
   112     8    -3.0587     1.5899     3.6416    -0.1687     0.3193     0.0940
   113     8    -4.4168    -0.7624     8.6063    -0.1687     0.3193     0.4273
   114     8    -1.7006     3.9423    -1.3231    -0.1687     0.3193    -0.2394
   115     8    -0.3424    -3.1147    -6.2879    -0.1687    -0.3474     0.0940
   116     8    -1.7006    -5.4671    -1.3231    -0.1687    -0.3474     0.4273
   117     8     1.0157    -0.7624   -11.2526    -0.1687    -0.3474    -0.2394
   118     8     1.0157    -0.7624     3.6416     0.1646    -0.0141     0.0940
   119     8    -0.3424    -3.1147     8.6063     0.1646    -0.0141     0.4273
   120     8     2.3738     1.5899    -1.3231     0.1646    -0.0141    -0.2394
   121     8    -0.3424     1.5899     8.6063     0.1646     0.3193     0.0940
   122     8    -1.7006    -0.7624    13.5711     0.1646     0.3193     0.4273
   123     8     1.0157     3.9423     3.6416     0.1646     0.3193    -0.2394
   124     8     2.3738    -3.1147    -1.3231     0.1646    -0.3474     0.0940
   125     8     1.0157    -5.4671     3.6416     0.1646    -0.3474     0.4273
   126     8     3.7319    -0.7624    -6.2879     0.1646    -0.3474    -0.2394
   127     8     3.7319    -0.7624     8.6063     0.4979    -0.0141     0.0940
   128     8     2.3738    -3.1147    13.5711     0.4979    -0.0141     0.4273
   129     8     5.0900     1.5899     3.6416     0.4979    -0.0141    -0.2394
   130     8     2.3738     1.5899    13.5711     0.4979     0.3193     0.0940
   131     8     1.0157    -0.7624    18.5358     0.4979     0.3193     0.4273
   132     8     3.7319     3.9423     8.6063     0.4979     0.3193    -0.2394
   133     8     5.0900    -3.1147     3.6416     0.4979    -0.3474     0.0940
   134     8     3.7319    -5.4671     8.6063     0.4979    -0.3474     0.4273
   135     8     6.4482    -0.7624    -1.3231     0.4979    -0.3474    -0.2394
   136     8     1.5105    -1.0915    -1.3231     0.0940    -0.1687    -0.0141
   137     8     0.1524    -3.4439     3.6416     0.0940    -0.1687     0.3193
   138     8     2.8686     1.2608    -6.2879     0.0940    -0.1687    -0.3474
   139     8     0.1524     1.2608     3.6416     0.0940     0.1646    -0.0141
   140     8    -1.2057    -1.0915     8.6063     0.0940     0.1646     0.3193
   141     8     1.5105     3.6131    -1.3231     0.0940     0.1646    -0.3474
   142     8    -1.2057     3.6131     8.6063     0.0940     0.4979    -0.0141
   143     8    -2.5638     1.2608    13.5711     0.0940     0.4979     0.3193
   144     8     0.1524     5.9655     3.6416     0.0940     0.4979    -0.3474
   145     8     4.2268    -1.0915     3.6416     0.4273    -0.1687    -0.0141
   146     8     2.8686    -3.4439     8.6063     0.4273    -0.1687     0.3193
   147     8     5.5849     1.2608    -1.3231     0.4273    -0.1687    -0.3474
   148     8     2.8686     1.2608     8.6063     0.4273     0.1646    -0.0141
   149     8     1.5105    -1.0915    13.5711     0.4273     0.1646     0.3193
   150     8     4.2268     3.6131     3.6416     0.4273     0.1646    -0.3474
   151     8     1.5105     3.6131    13.5711     0.4273     0.4979    -0.0141
   152     8     0.1524     1.2608    18.5358     0.4273     0.4979     0.3193
   153     8     2.8686     5.9655     8.6063     0.4273     0.4979    -0.3474
   154     8    -1.2057    -1.0915    -6.2879    -0.2394    -0.1687    -0.0141
   155     8    -2.5638    -3.4439    -1.3231    -0.2394    -0.1687     0.3193
   156     8     0.1524     1.2608   -11.2526    -0.2394    -0.1687    -0.3474
   157     8    -2.5638     1.2608    -1.3231    -0.2394     0.1646    -0.0141
   158     8    -3.9220    -1.0915     3.6416    -0.2394     0.1646     0.3193
   159     8    -1.2057     3.6131    -6.2879    -0.2394     0.1646    -0.3474
   160     8    -3.9220     3.6131     3.6416    -0.2394     0.4979    -0.0141
   161     8    -5.2801     1.2608     8.6063    -0.2394     0.4979     0.3193
   162     8    -2.5638     5.9655    -1.3231    -0.2394     0.4979    -0.3474
   163     8     0.1900     1.8539    -1.3231    -0.0141     0.0940    -0.1687
   164     8    -1.1681    -0.4984     3.6416    -0.0141     0.0940     0.1646
   165     8    -2.5262    -2.8507     8.6063    -0.0141     0.0940     0.4979
   166     8    -1.1681     4.2063     3.6416    -0.0141     0.4273    -0.1687
   167     8    -2.5262     1.8539     8.6063    -0.0141     0.4273     0.1646
   168     8    -3.8843    -0.4984    13.5711    -0.0141     0.4273     0.4979
   169     8     1.5481    -0.4984    -6.2879    -0.0141    -0.2394    -0.1687
   170     8     0.1900    -2.8507    -1.3231    -0.0141    -0.2394     0.1646
   171     8    -1.1681    -5.2031     3.6416    -0.0141    -0.2394     0.4979
   172     8     2.9063     1.8539     3.6416     0.3193     0.0940    -0.1687
   173     8     1.5481    -0.4984     8.6063     0.3193     0.0940     0.1646
   174     8     0.1900    -2.8507    13.5711     0.3193     0.0940     0.4979
   175     8     1.5481     4.2063     8.6063     0.3193     0.4273    -0.1687
   176     8     0.1900     1.8539    13.5711     0.3193     0.4273     0.1646
   177     8    -1.1681    -0.4984    18.5358     0.3193     0.4273     0.4979
   178     8     4.2644    -0.4984    -1.3231     0.3193    -0.2394    -0.1687
   179     8     2.9063    -2.8507     3.6416     0.3193    -0.2394     0.1646
   180     8     1.5481    -5.2031     8.6063     0.3193    -0.2394     0.4979
   181     8    -2.5262     1.8539    -6.2879    -0.3474     0.0940    -0.1687
   182     8    -3.8843    -0.4984    -1.3231    -0.3474     0.0940     0.1646
   183     8    -5.2424    -2.8507     3.6416    -0.3474     0.0940     0.4979
   184     8    -3.8843     4.2063    -1.3231    -0.3474     0.4273    -0.1687
   185     8    -5.2424     1.8539     3.6416    -0.3474     0.4273     0.1646
   186     8    -6.6006    -0.4984     8.6063    -0.3474     0.4273     0.4979
   187     8    -1.1681    -0.4984   -11.2526    -0.3474    -0.2394    -0.1687
   188     8    -2.5262    -2.8507    -6.2879    -0.3474    -0.2394     0.1646
   189     8    -3.8843    -5.2031    -1.3231    -0.3474    -0.2394     0.4979
   190     8     1.7006     0.7624     1.3231     0.1687     0.0141    -0.0940
   191     8     0.3424    -1.5899     6.2879     0.1687     0.0141     0.2394
   192     8     3.0587     3.1147    -3.6416     0.1687     0.0141    -0.4273
   193     8     0.3424     3.1147     6.2879     0.1687     0.3474    -0.0940
   194     8    -1.0157     0.7624    11.2526     0.1687     0.3474     0.2394
   195     8     1.7006     5.4671     1.3231     0.1687     0.3474    -0.4273
   196     8     3.0587    -1.5899    -3.6416     0.1687    -0.3193    -0.0940
   197     8     1.7006    -3.9423     1.3231     0.1687    -0.3193     0.2394
   198     8     4.4168     0.7624    -8.6063     0.1687    -0.3193    -0.4273
   199     8    -3.7319     0.7624    -8.6063    -0.4979     0.0141    -0.0940
   200     8    -5.0900    -1.5899    -3.6416    -0.4979     0.0141     0.2394
   201     8    -2.3738     3.1147   -13.5711    -0.4979     0.0141    -0.4273
   202     8    -5.0900     3.1147    -3.6416    -0.4979     0.3474    -0.0940
   203     8    -6.4482     0.7624     1.3231    -0.4979     0.3474     0.2394
   204     8    -3.7319     5.4671    -8.6063    -0.4979     0.3474    -0.4273
   205     8    -2.3738    -1.5899   -13.5711    -0.4979    -0.3193    -0.0940
   206     8    -3.7319    -3.9423    -8.6063    -0.4979    -0.3193     0.2394
   207     8    -1.0157     0.7624   -18.5358    -0.4979    -0.3193    -0.4273
   208     8    -1.0157     0.7624    -3.6416    -0.1646     0.0141    -0.0940
   209     8    -2.3738    -1.5899     1.3231    -0.1646     0.0141     0.2394
   210     8     0.3424     3.1147    -8.6063    -0.1646     0.0141    -0.4273
   211     8    -2.3738     3.1147     1.3231    -0.1646     0.3474    -0.0940
   212     8    -3.7319     0.7624     6.2879    -0.1646     0.3474     0.2394
   213     8    -1.0157     5.4671    -3.6416    -0.1646     0.3474    -0.4273
   214     8     0.3424    -1.5899    -8.6063    -0.1646    -0.3193    -0.0940
   215     8    -1.0157    -3.9423    -3.6416    -0.1646    -0.3193     0.2394
   216     8     1.7006     0.7624   -13.5711    -0.1646    -0.3193    -0.4273
   217     8    -1.5105     1.0915     1.3231    -0.0940     0.1687     0.0141
   218     8    -2.8686    -1.2608     6.2879    -0.0940     0.1687     0.3474
   219     8    -0.1524     3.4439    -3.6416    -0.0940     0.1687    -0.3193
   220     8     1.2057    -3.6131    -8.6063    -0.0940    -0.4979     0.0141
   221     8    -0.1524    -5.9655    -3.6416    -0.0940    -0.4979     0.3474
   222     8     2.5638    -1.2608   -13.5711    -0.0940    -0.4979    -0.3193
   223     8    -0.1524    -1.2608    -3.6416    -0.0940    -0.1646     0.0141
   224     8    -1.5105    -3.6131     1.3231    -0.0940    -0.1646     0.3474
   225     8     1.2057     1.0915    -8.6063    -0.0940    -0.1646    -0.3193
   226     8     1.2057     1.0915     6.2879     0.2394     0.1687     0.0141
   227     8    -0.1524    -1.2608    11.2526     0.2394     0.1687     0.3474
   228     8     2.5638     3.4439     1.3231     0.2394     0.1687    -0.3193
   229     8     3.9220    -3.6131    -3.6416     0.2394    -0.4979     0.0141
   230     8     2.5638    -5.9655     1.3231     0.2394    -0.4979     0.3474
   231     8     5.2801    -1.2608    -8.6063     0.2394    -0.4979    -0.3193
   232     8     2.5638    -1.2608     1.3231     0.2394    -0.1646     0.0141
   233     8     1.2057    -3.6131     6.2879     0.2394    -0.1646     0.3474
   234     8     3.9220     1.0915    -3.6416     0.2394    -0.1646    -0.3193
   235     8    -4.2268     1.0915    -3.6416    -0.4273     0.1687     0.0141
   236     8    -5.5849    -1.2608     1.3231    -0.4273     0.1687     0.3474
   237     8    -2.8686     3.4439    -8.6063    -0.4273     0.1687    -0.3193
   238     8    -1.5105    -3.6131   -13.5711    -0.4273    -0.4979     0.0141
   239     8    -2.8686    -5.9655    -8.6063    -0.4273    -0.4979     0.3474
   240     8    -0.1524    -1.2608   -18.5358    -0.4273    -0.4979    -0.3193
   241     8    -2.8686    -1.2608    -8.6063    -0.4273    -0.1646     0.0141
   242     8    -4.2268    -3.6131    -3.6416    -0.4273    -0.1646     0.3474
   243     8    -1.5105     1.0915   -13.5711    -0.4273    -0.1646    -0.3193
   244     8    -0.1900    -1.8539     1.3231     0.0141    -0.0940     0.1687
   245     8     2.5262     2.8507    -8.6063     0.0141    -0.0940    -0.4979
   246     8     1.1681     0.4984    -3.6416     0.0141    -0.0940    -0.1646
   247     8    -1.5481     0.4984     6.2879     0.0141     0.2394     0.1687
   248     8     1.1681     5.2031    -3.6416     0.0141     0.2394    -0.4979
   249     8    -0.1900     2.8507     1.3231     0.0141     0.2394    -0.1646
   250     8     1.1681    -4.2063    -3.6416     0.0141    -0.4273     0.1687
   251     8     3.8843     0.4984   -13.5711     0.0141    -0.4273    -0.4979
   252     8     2.5262    -1.8539    -8.6063     0.0141    -0.4273    -0.1646
   253     8     2.5262    -1.8539     6.2879     0.3474    -0.0940     0.1687
   254     8     5.2424     2.8507    -3.6416     0.3474    -0.0940    -0.4979
   255     8     3.8843     0.4984     1.3231     0.3474    -0.0940    -0.1646
   256     8     1.1681     0.4984    11.2526     0.3474     0.2394     0.1687
   257     8     3.8843     5.2031     1.3231     0.3474     0.2394    -0.4979
   258     8     2.5262     2.8507     6.2879     0.3474     0.2394    -0.1646
   259     8     3.8843    -4.2063     1.3231     0.3474    -0.4273     0.1687
   260     8     6.6006     0.4984    -8.6063     0.3474    -0.4273    -0.4979
   261     8     5.2424    -1.8539    -3.6416     0.3474    -0.4273    -0.1646
   262     8    -2.9063    -1.8539    -3.6416    -0.3193    -0.0940     0.1687
   263     8    -0.1900     2.8507   -13.5711    -0.3193    -0.0940    -0.4979
   264     8    -1.5481     0.4984    -8.6063    -0.3193    -0.0940    -0.1646
   265     8    -4.2644     0.4984     1.3231    -0.3193     0.2394     0.1687
   266     8    -1.5481     5.2031    -8.6063    -0.3193     0.2394    -0.4979
   267     8    -2.9063     2.8507    -3.6416    -0.3193     0.2394    -0.1646
   268     8    -1.5481    -4.2063    -8.6063    -0.3193    -0.4273     0.1687
   269     8     1.1681     0.4984   -18.5358    -0.3193    -0.4273    -0.4979
   270     8    -0.1900    -1.8539   -13.5711    -0.3193    -0.4273    -0.1646

 **************************** SUPERCELL GENERATED ****************************

 **** ATOMS IN THE SUPERCELL REORDERED FOR PHONON CALCULATION
      ATOMS IN THE SMALL CELL ON TOP

 LABEL AT.NO.      COORDINATES (ANGSTROM)
     1    20     0.0000    -0.0000     0.0000
     2    12     0.0000     0.0000     7.4471
     3     6    -2.7162     0.0000    -1.3404
     4     6    -1.3581    -2.3523     1.3404
     5     8    -1.7006    -0.7624    -1.3231
     6     8     1.5105    -1.0915    -1.3231
     7     8     0.1900     1.8539    -1.3231
     8     8     1.7006     0.7624     1.3231
     9     8    -1.5105     1.0915     1.3231
    10     8    -0.1900    -1.8539     1.3231
    11    20     1.3581    -2.3523     9.9295
    12    20     4.0744     2.3523    -0.0000
    13    20     1.3581     2.3523     9.9295
    14    20     0.0000     0.0000    14.8942
    15    20     2.7162     4.7047     4.9647
    16    20     4.0744    -2.3523    -0.0000
    17    20     2.7162    -4.7047     4.9647
    18    20     5.4325    -0.0000    -4.9647
    19    20    -2.7162     0.0000    -4.9647
    20    20    -4.0744    -2.3523    -0.0000
    21    20    -1.3581     2.3523    -9.9295
    22    20    -4.0744     2.3523    -0.0000
    23    20    -5.4325     0.0000     4.9647
    24    20    -2.7162     4.7047    -4.9647
    25    20    -1.3581    -2.3523    -9.9295
    26    20    -2.7162    -4.7047    -4.9647
    27    20    -0.0000     0.0000   -14.8942
    28    20    -1.3581    -2.3523     4.9647
    29    12    -1.3581    -2.3523    12.4118
    30    12     1.3581     2.3523     2.4824
    31    12    -1.3581     2.3523    12.4118
    32    12    -2.7162    -0.0000    17.3766
    33    12     0.0000     4.7047     7.4471
    34    12     1.3581    -2.3523     2.4824
    35    12     4.0744     2.3523    -7.4471
    36    12     2.7162    -0.0000    -2.4824
    37    12     2.7162    -0.0000    12.4118
    38    12     1.3581    -2.3523    17.3766
    39    12     4.0744     2.3523     7.4471
    40    12     1.3581     2.3523    17.3766
    41    12     0.0000    -0.0000    22.3413
    42    12     2.7162     4.7047    12.4118
    43    12     4.0744    -2.3523     7.4471
    44    12    -1.3581     2.3523   -17.3766
    45    12    -2.7162     0.0000   -12.4118
    46    12    -2.7162     0.0000     2.4824
    47    12    -0.0000     4.7047    -7.4471
    48    12    -1.3581     2.3523    -2.4824
    49    12     0.0000    -4.7047    -7.4471
    50    12     2.7162     0.0000   -17.3766
    51    12     1.3581    -2.3523   -12.4118
    52    12    -1.3581    -2.3523    -2.4824
    53    12     1.3581     2.3523   -12.4118
    54    12     0.0000     0.0000    -7.4471
    55    20     1.3581     2.3523    -4.9647
    56     6    -4.0744    -2.3523     3.6243
    57     6    -1.3581     2.3523    -6.3052
    58     6    -4.0744     2.3523     3.6243
    59     6    -5.4325     0.0000     8.5890
    60     6    -2.7162     4.7047    -1.3404
    61     6    -1.3581    -2.3523    -6.3052
    62     6    -2.7162    -4.7047    -1.3404
    63     6     0.0000    -0.0000   -11.2699
    64     6     0.0000     0.0000     3.6243
    65     6    -1.3581    -2.3523     8.5890
    66     6     1.3581     2.3523    -1.3404
    67     6    -1.3581     2.3523     8.5890
    68     6    -2.7162     0.0000    13.5537
    69     6     0.0000     4.7047     3.6243
    70     6     1.3581    -2.3523    -1.3404
    71     6     0.0000    -4.7047     3.6243
    72     6     2.7162     0.0000    -6.3052
    73     6     2.7162    -0.0000     8.5890
    74     6     1.3581    -2.3523    13.5537
    75     6     4.0744     2.3523     3.6243
    76     6     1.3581     2.3523    13.5537
    77     6    -0.0000     0.0000    18.5185
    78     6     2.7162     4.7047     8.5890
    79     6     4.0744    -2.3523     3.6243
    80     6     2.7162    -4.7047     8.5890
    81     6     5.4325    -0.0000    -1.3404
    82    20    -1.3581     2.3523     4.9647
    83     6     1.3581     2.3523    -8.5890
    84     6     0.0000     0.0000    -3.6243
    85     6    -2.7162    -0.0000     6.3052
    86     6     0.0000     4.7047    -3.6243
    87     6    -1.3581     2.3523     1.3404
    88     6     0.0000    -4.7047    -3.6243
    89     6     2.7162     0.0000   -13.5537
    90     6     1.3581    -2.3523    -8.5890
    91     6     1.3581    -2.3523     6.3052
    92     6     4.0744     2.3523    -3.6243
    93     6     2.7162     0.0000     1.3404
    94     6     0.0000    -0.0000    11.2699
    95     6     2.7162     4.7047     1.3404
    96     6     1.3581     2.3523     6.3052
    97     6     2.7162    -4.7047     1.3404
    98     6     5.4325    -0.0000    -8.5890
    99     6     4.0744    -2.3523    -3.6243
   100     6    -4.0744    -2.3523    -3.6243
   101     6    -1.3581     2.3523   -13.5537
   102     6    -2.7162     0.0000    -8.5890
   103     6    -5.4325     0.0000     1.3404
   104     6    -2.7162     4.7047    -8.5890
   105     6    -4.0744     2.3523    -3.6243
   106     6    -2.7162    -4.7047    -8.5890
   107     6     0.0000    -0.0000   -18.5185
   108     6    -1.3581    -2.3523   -13.5537
   109    20    -2.7162     0.0000     9.9295
   110     8    -3.0587    -3.1147     3.6416
   111     8    -0.3424     1.5899    -6.2879
   112     8    -3.0587     1.5899     3.6416
   113     8    -4.4168    -0.7624     8.6063
   114     8    -1.7006     3.9423    -1.3231
   115     8    -0.3424    -3.1147    -6.2879
   116     8    -1.7006    -5.4671    -1.3231
   117     8     1.0157    -0.7624   -11.2526
   118     8     1.0157    -0.7624     3.6416
   119     8    -0.3424    -3.1147     8.6063
   120     8     2.3738     1.5899    -1.3231
   121     8    -0.3424     1.5899     8.6063
   122     8    -1.7006    -0.7624    13.5711
   123     8     1.0157     3.9423     3.6416
   124     8     2.3738    -3.1147    -1.3231
   125     8     1.0157    -5.4671     3.6416
   126     8     3.7319    -0.7624    -6.2879
   127     8     3.7319    -0.7624     8.6063
   128     8     2.3738    -3.1147    13.5711
   129     8     5.0900     1.5899     3.6416
   130     8     2.3738     1.5899    13.5711
   131     8     1.0157    -0.7624    18.5358
   132     8     3.7319     3.9423     8.6063
   133     8     5.0900    -3.1147     3.6416
   134     8     3.7319    -5.4671     8.6063
   135     8     6.4482    -0.7624    -1.3231
   136    20    -0.0000     4.7047     0.0000
   137     8     0.1524    -3.4439     3.6416
   138     8     2.8686     1.2608    -6.2879
   139     8     0.1524     1.2608     3.6416
   140     8    -1.2057    -1.0915     8.6063
   141     8     1.5105     3.6131    -1.3231
   142     8    -1.2057     3.6131     8.6063
   143     8    -2.5638     1.2608    13.5711
   144     8     0.1524     5.9655     3.6416
   145     8     4.2268    -1.0915     3.6416
   146     8     2.8686    -3.4439     8.6063
   147     8     5.5849     1.2608    -1.3231
   148     8     2.8686     1.2608     8.6063
   149     8     1.5105    -1.0915    13.5711
   150     8     4.2268     3.6131     3.6416
   151     8     1.5105     3.6131    13.5711
   152     8     0.1524     1.2608    18.5358
   153     8     2.8686     5.9655     8.6063
   154     8    -1.2057    -1.0915    -6.2879
   155     8    -2.5638    -3.4439    -1.3231
   156     8     0.1524     1.2608   -11.2526
   157     8    -2.5638     1.2608    -1.3231
   158     8    -3.9220    -1.0915     3.6416
   159     8    -1.2057     3.6131    -6.2879
   160     8    -3.9220     3.6131     3.6416
   161     8    -5.2801     1.2608     8.6063
   162     8    -2.5638     5.9655    -1.3231
   163    20     1.3581    -2.3523    -4.9647
   164     8    -1.1681    -0.4984     3.6416
   165     8    -2.5262    -2.8507     8.6063
   166     8    -1.1681     4.2063     3.6416
   167     8    -2.5262     1.8539     8.6063
   168     8    -3.8843    -0.4984    13.5711
   169     8     1.5481    -0.4984    -6.2879
   170     8     0.1900    -2.8507    -1.3231
   171     8    -1.1681    -5.2031     3.6416
   172     8     2.9063     1.8539     3.6416
   173     8     1.5481    -0.4984     8.6063
   174     8     0.1900    -2.8507    13.5711
   175     8     1.5481     4.2063     8.6063
   176     8     0.1900     1.8539    13.5711
   177     8    -1.1681    -0.4984    18.5358
   178     8     4.2644    -0.4984    -1.3231
   179     8     2.9063    -2.8507     3.6416
   180     8     1.5481    -5.2031     8.6063
   181     8    -2.5262     1.8539    -6.2879
   182     8    -3.8843    -0.4984    -1.3231
   183     8    -5.2424    -2.8507     3.6416
   184     8    -3.8843     4.2063    -1.3231
   185     8    -5.2424     1.8539     3.6416
   186     8    -6.6006    -0.4984     8.6063
   187     8    -1.1681    -0.4984   -11.2526
   188     8    -2.5262    -2.8507    -6.2879
   189     8    -3.8843    -5.2031    -1.3231
   190    20     0.0000    -4.7047    -0.0000
   191     8     0.3424    -1.5899     6.2879
   192     8     3.0587     3.1147    -3.6416
   193     8     0.3424     3.1147     6.2879
   194     8    -1.0157     0.7624    11.2526
   195     8     1.7006     5.4671     1.3231
   196     8     3.0587    -1.5899    -3.6416
   197     8     1.7006    -3.9423     1.3231
   198     8     4.4168     0.7624    -8.6063
   199     8    -3.7319     0.7624    -8.6063
   200     8    -5.0900    -1.5899    -3.6416
   201     8    -2.3738     3.1147   -13.5711
   202     8    -5.0900     3.1147    -3.6416
   203     8    -6.4482     0.7624     1.3231
   204     8    -3.7319     5.4671    -8.6063
   205     8    -2.3738    -1.5899   -13.5711
   206     8    -3.7319    -3.9423    -8.6063
   207     8    -1.0157     0.7624   -18.5358
   208     8    -1.0157     0.7624    -3.6416
   209     8    -2.3738    -1.5899     1.3231
   210     8     0.3424     3.1147    -8.6063
   211     8    -2.3738     3.1147     1.3231
   212     8    -3.7319     0.7624     6.2879
   213     8    -1.0157     5.4671    -3.6416
   214     8     0.3424    -1.5899    -8.6063
   215     8    -1.0157    -3.9423    -3.6416
   216     8     1.7006     0.7624   -13.5711
   217    20     2.7162    -0.0000    -9.9295
   218     8    -2.8686    -1.2608     6.2879
   219     8    -0.1524     3.4439    -3.6416
   220     8     1.2057    -3.6131    -8.6063
   221     8    -0.1524    -5.9655    -3.6416
   222     8     2.5638    -1.2608   -13.5711
   223     8    -0.1524    -1.2608    -3.6416
   224     8    -1.5105    -3.6131     1.3231
   225     8     1.2057     1.0915    -8.6063
   226     8     1.2057     1.0915     6.2879
   227     8    -0.1524    -1.2608    11.2526
   228     8     2.5638     3.4439     1.3231
   229     8     3.9220    -3.6131    -3.6416
   230     8     2.5638    -5.9655     1.3231
   231     8     5.2801    -1.2608    -8.6063
   232     8     2.5638    -1.2608     1.3231
   233     8     1.2057    -3.6131     6.2879
   234     8     3.9220     1.0915    -3.6416
   235     8    -4.2268     1.0915    -3.6416
   236     8    -5.5849    -1.2608     1.3231
   237     8    -2.8686     3.4439    -8.6063
   238     8    -1.5105    -3.6131   -13.5711
   239     8    -2.8686    -5.9655    -8.6063
   240     8    -0.1524    -1.2608   -18.5358
   241     8    -2.8686    -1.2608    -8.6063
   242     8    -4.2268    -3.6131    -3.6416
   243     8    -1.5105     1.0915   -13.5711
   244    20     2.7162    -0.0000     4.9647
   245     8     2.5262     2.8507    -8.6063
   246     8     1.1681     0.4984    -3.6416
   247     8    -1.5481     0.4984     6.2879
   248     8     1.1681     5.2031    -3.6416
   249     8    -0.1900     2.8507     1.3231
   250     8     1.1681    -4.2063    -3.6416
   251     8     3.8843     0.4984   -13.5711
   252     8     2.5262    -1.8539    -8.6063
   253     8     2.5262    -1.8539     6.2879
   254     8     5.2424     2.8507    -3.6416
   255     8     3.8843     0.4984     1.3231
   256     8     1.1681     0.4984    11.2526
   257     8     3.8843     5.2031     1.3231
   258     8     2.5262     2.8507     6.2879
   259     8     3.8843    -4.2063     1.3231
   260     8     6.6006     0.4984    -8.6063
   261     8     5.2424    -1.8539    -3.6416
   262     8    -2.9063    -1.8539    -3.6416
   263     8    -0.1900     2.8507   -13.5711
   264     8    -1.5481     0.4984    -8.6063
   265     8    -4.2644     0.4984     1.3231
   266     8    -1.5481     5.2031    -8.6063
   267     8    -2.9063     2.8507    -3.6416
   268     8    -1.5481    -4.2063    -8.6063
   269     8     1.1681     0.4984   -18.5358
   270     8    -0.1900    -1.8539   -13.5711

 FRQFRQFRQFRQFRQFRQFRQFRQFRQFRQFRQFRQFRQFRQFRQFRQFRQFRQFRQFRQFRQFRQFRQFRQFRQFRQ

                       FREQUENCY CALCULATION

 INFORMATION **** INPFREQ **** PHONON DISPERSION CALCULATION
 INFORMATION **** INPFREQ ****  PRINTING OF EIGENVECTORS
 INFORMATION **** INPFREQ **** NEW DEFAULT - IMPOSING ECKART CONDITIONS TO THE HESSIAN

 GCALCO - MAX INDICES DIRECT LATTICE VECTOR    14    14    14
 NO.OF VECTORS CREATED 6999 STARS  515 RMAX   307.59168 BOHR

 GEOMETRY FOR WAVE FUNCTION - DIMENSIONALITY OF THE SYSTEM    3
 (NON PERIODIC DIRECTION: LATTICE PARAMETER FORMALLY SET TO 500)
 *******************************************************************************
 LATTICE PARAMETERS (ANGSTROMS AND DEGREES) - BOHR = 0.5291772083 ANGSTROM
 PRIMITIVE CELL - CENTRING CODE 1/0 VOLUME=  2569.493166 - DENSITY  3.209 g/cm^3
         A              B              C           ALPHA      BETA       GAMMA 
    16.97759299    16.97759299    16.97759299    49.122442  49.122442  49.122442
 *******************************************************************************
 ATOMS IN THE ASYMMETRIC UNIT   50 - ATOMS IN THE UNIT CELL:  270
     ATOM                 X/A                 Y/B                 Z/C    
 *******************************************************************************
      1 T  20 CA    2.397796892967E-36 -4.826853520196E-37 -4.163437623219E-37
      2 T  12 MG    1.666666666667E-01  1.666666666667E-01  1.666666666667E-01
      3 T   6 C    -2.522215697652E-01  8.111176356818E-02  8.111176356818E-02
      4 F   6 C    -8.111176356818E-02 -8.111176356818E-02  2.522215697652E-01
      5 T   8 O    -1.687382425224E-01 -1.406486439382E-02  9.396841435495E-02
      6 F   8 O     9.396841435495E-02 -1.687382425224E-01 -1.406486439382E-02
      7 F   8 O    -1.406486439382E-02  9.396841435495E-02 -1.687382425224E-01
      8 F   8 O     1.687382425224E-01  1.406486439382E-02 -9.396841435495E-02
      9 F   8 O    -9.396841435495E-02  1.687382425224E-01  1.406486439382E-02
     10 F   8 O     1.406486439382E-02 -9.396841435495E-02  1.687382425224E-01
     11 T  20 CA    3.333333333333E-01  1.608392005940E-16  3.333333333333E-01
     12 T  20 CA    3.333333333333E-01 -9.846156515334E-17 -3.333333333333E-01
     13 F  20 CA    3.333333333333E-01  3.333333333333E-01  7.742004455817E-18
     14 T  20 CA    3.333333333333E-01  3.333333333333E-01  3.333333333333E-01
     15 T  20 CA    3.333333333333E-01  3.333333333333E-01 -3.333333333333E-01
     16 F  20 CA    3.333333333333E-01 -3.333333333333E-01  8.655847932133E-17
     17 F  20 CA    3.333333333333E-01 -3.333333333333E-01  3.333333333333E-01
     18 F  20 CA    3.333333333333E-01 -3.333333333333E-01 -3.333333333333E-01
     19 T  20 CA   -3.333333333333E-01 -1.819032028798E-17 -1.819032028798E-17
     20 F  20 CA   -3.333333333333E-01 -7.015758933221E-18  3.333333333333E-01
     21 F  20 CA   -3.333333333333E-01  2.001357115981E-17 -3.333333333333E-01
     22 F  20 CA   -3.333333333333E-01  3.333333333333E-01 -4.441158699530E-17
     23 F  20 CA   -3.333333333333E-01  3.333333333333E-01  3.333333333333E-01
     24 F  20 CA   -3.333333333333E-01  3.333333333333E-01 -3.333333333333E-01
     25 F  20 CA   -3.333333333333E-01 -3.333333333333E-01 -2.206132251589E-17
     26 F  20 CA   -3.333333333333E-01 -3.333333333333E-01  3.333333333333E-01
     27 F  20 CA   -3.333333333333E-01 -3.333333333333E-01 -3.333333333333E-01
     28 F  20 CA    1.058913100569E-17  5.222249442913E-17  3.333333333333E-01
     29 T  12 MG    1.666666666667E-01  1.666666666667E-01 -5.000000000000E-01
     30 T  12 MG    1.666666666667E-01  1.666666666667E-01 -1.666666666667E-01
     31 F  12 MG    1.666666666667E-01 -5.000000000000E-01  1.666666666667E-01
     32 T  12 MG    1.666666666667E-01 -5.000000000000E-01 -5.000000000000E-01
     33 T  12 MG    1.666666666667E-01 -5.000000000000E-01 -1.666666666667E-01
     34 F  12 MG    1.666666666667E-01 -1.666666666667E-01  1.666666666667E-01
     35 F  12 MG    1.666666666667E-01 -1.666666666667E-01 -5.000000000000E-01
     36 F  12 MG    1.666666666667E-01 -1.666666666667E-01 -1.666666666667E-01
     37 F  12 MG   -5.000000000000E-01  1.666666666667E-01  1.666666666667E-01
     38 F  12 MG    5.000000000000E-01  1.666666666667E-01 -5.000000000000E-01
     39 F  12 MG    5.000000000000E-01  1.666666666667E-01 -1.666666666667E-01
     40 F  12 MG   -5.000000000000E-01 -5.000000000000E-01  1.666666666667E-01
     41 T  12 MG   -5.000000000000E-01 -5.000000000000E-01 -5.000000000000E-01
     42 F  12 MG   -5.000000000000E-01 -5.000000000000E-01 -1.666666666667E-01
     43 F  12 MG   -5.000000000000E-01 -1.666666666667E-01  1.666666666667E-01
     44 F  12 MG   -5.000000000000E-01 -1.666666666667E-01 -5.000000000000E-01
     45 F  12 MG   -5.000000000000E-01 -1.666666666667E-01 -1.666666666667E-01
     46 F  12 MG   -1.666666666667E-01  1.666666666667E-01  1.666666666667E-01
     47 F  12 MG   -1.666666666667E-01  1.666666666667E-01  5.000000000000E-01
     48 F  12 MG   -1.666666666667E-01  1.666666666667E-01 -1.666666666667E-01
     49 F  12 MG   -1.666666666667E-01 -5.000000000000E-01  1.666666666667E-01
     50 F  12 MG   -1.666666666667E-01 -5.000000000000E-01 -5.000000000000E-01
     51 F  12 MG   -1.666666666667E-01 -5.000000000000E-01 -1.666666666667E-01
     52 F  12 MG   -1.666666666667E-01 -1.666666666667E-01  1.666666666667E-01
     53 F  12 MG   -1.666666666667E-01 -1.666666666667E-01 -5.000000000000E-01
     54 F  12 MG   -1.666666666667E-01 -1.666666666667E-01 -1.666666666667E-01
     55 F  20 CA    1.628338410542E-17 -6.698334274146E-17 -3.333333333333E-01
     56 T   6 C    -2.522215697652E-01  8.111176356818E-02  4.144450969015E-01
     57 T   6 C    -2.522215697652E-01  8.111176356818E-02 -2.522215697652E-01
     58 T   6 C    -2.522215697652E-01  4.144450969015E-01  8.111176356818E-02
     59 T   6 C    -2.522215697652E-01  4.144450969015E-01  4.144450969015E-01
     60 T   6 C    -2.522215697652E-01  4.144450969015E-01 -2.522215697652E-01
     61 F   6 C    -2.522215697652E-01 -2.522215697652E-01  8.111176356818E-02
     62 F   6 C    -2.522215697652E-01 -2.522215697652E-01  4.144450969015E-01
     63 T   6 C    -2.522215697652E-01 -2.522215697652E-01 -2.522215697652E-01
     64 T   6 C     8.111176356818E-02  8.111176356818E-02  8.111176356818E-02
     65 T   6 C     8.111176356818E-02  8.111176356818E-02  4.144450969015E-01
     66 F   6 C     8.111176356818E-02  8.111176356818E-02 -2.522215697652E-01
     67 F   6 C     8.111176356818E-02  4.144450969015E-01  8.111176356818E-02
     68 T   6 C     8.111176356818E-02  4.144450969015E-01  4.144450969015E-01
     69 F   6 C     8.111176356818E-02  4.144450969015E-01 -2.522215697652E-01
     70 F   6 C     8.111176356818E-02 -2.522215697652E-01  8.111176356818E-02
     71 F   6 C     8.111176356818E-02 -2.522215697652E-01  4.144450969015E-01
     72 F   6 C     8.111176356818E-02 -2.522215697652E-01 -2.522215697652E-01
     73 F   6 C     4.144450969015E-01  8.111176356818E-02  8.111176356818E-02
     74 F   6 C     4.144450969015E-01  8.111176356818E-02  4.144450969015E-01
     75 F   6 C     4.144450969015E-01  8.111176356818E-02 -2.522215697652E-01
     76 F   6 C     4.144450969015E-01  4.144450969015E-01  8.111176356818E-02
     77 T   6 C     4.144450969015E-01  4.144450969015E-01  4.144450969015E-01
     78 F   6 C     4.144450969015E-01  4.144450969015E-01 -2.522215697652E-01
     79 F   6 C     4.144450969015E-01 -2.522215697652E-01  8.111176356818E-02
     80 F   6 C     4.144450969015E-01 -2.522215697652E-01  4.144450969015E-01
     81 F   6 C     4.144450969015E-01 -2.522215697652E-01 -2.522215697652E-01
     82 F  20 CA    1.014760075342E-17  3.333333333333E-01 -3.148576267002E-17
     83 F   6 C    -8.111176356818E-02 -8.111176356818E-02 -4.144450969015E-01
     84 F   6 C    -8.111176356818E-02 -8.111176356818E-02 -8.111176356818E-02
     85 F   6 C    -8.111176356818E-02  2.522215697652E-01  2.522215697652E-01
     86 F   6 C    -8.111176356818E-02  2.522215697652E-01 -4.144450969015E-01
     87 F   6 C    -8.111176356818E-02  2.522215697652E-01 -8.111176356818E-02
     88 F   6 C    -8.111176356818E-02 -4.144450969015E-01  2.522215697652E-01
     89 F   6 C    -8.111176356818E-02 -4.144450969015E-01 -4.144450969015E-01
     90 F   6 C    -8.111176356818E-02 -4.144450969015E-01 -8.111176356818E-02
     91 F   6 C     2.522215697652E-01 -8.111176356818E-02  2.522215697652E-01
     92 F   6 C     2.522215697652E-01 -8.111176356818E-02 -4.144450969015E-01
     93 F   6 C     2.522215697652E-01 -8.111176356818E-02 -8.111176356818E-02
     94 F   6 C     2.522215697652E-01  2.522215697652E-01  2.522215697652E-01
     95 F   6 C     2.522215697652E-01  2.522215697652E-01 -4.144450969015E-01
     96 F   6 C     2.522215697652E-01  2.522215697652E-01 -8.111176356818E-02
     97 F   6 C     2.522215697652E-01 -4.144450969015E-01  2.522215697652E-01
     98 F   6 C     2.522215697652E-01 -4.144450969015E-01 -4.144450969015E-01
     99 F   6 C     2.522215697652E-01 -4.144450969015E-01 -8.111176356818E-02
    100 F   6 C    -4.144450969015E-01 -8.111176356818E-02  2.522215697652E-01
    101 F   6 C    -4.144450969015E-01 -8.111176356818E-02 -4.144450969015E-01
    102 F   6 C    -4.144450969015E-01 -8.111176356818E-02 -8.111176356818E-02
    103 F   6 C    -4.144450969015E-01  2.522215697652E-01  2.522215697652E-01
    104 F   6 C    -4.144450969015E-01  2.522215697652E-01 -4.144450969015E-01
    105 F   6 C    -4.144450969015E-01  2.522215697652E-01 -8.111176356818E-02
    106 F   6 C    -4.144450969015E-01 -4.144450969015E-01  2.522215697652E-01
    107 F   6 C    -4.144450969015E-01 -4.144450969015E-01 -4.144450969015E-01
    108 F   6 C    -4.144450969015E-01 -4.144450969015E-01 -8.111176356818E-02
    109 F  20 CA    9.100873130270E-17  3.333333333333E-01  3.333333333333E-01
    110 T   8 O    -1.687382425224E-01 -1.406486439382E-02  4.273017476883E-01
    111 T   8 O    -1.687382425224E-01 -1.406486439382E-02 -2.393649189784E-01
    112 T   8 O    -1.687382425224E-01  3.192684689395E-01  9.396841435495E-02
    113 T   8 O    -1.687382425224E-01  3.192684689395E-01  4.273017476883E-01
    114 T   8 O    -1.687382425224E-01  3.192684689395E-01 -2.393649189784E-01
    115 T   8 O    -1.687382425224E-01 -3.473981977272E-01  9.396841435495E-02
    116 T   8 O    -1.687382425224E-01 -3.473981977272E-01  4.273017476883E-01
    117 T   8 O    -1.687382425224E-01 -3.473981977272E-01 -2.393649189784E-01
    118 T   8 O     1.645950908109E-01 -1.406486439382E-02  9.396841435495E-02
    119 T   8 O     1.645950908109E-01 -1.406486439382E-02  4.273017476883E-01
    120 T   8 O     1.645950908109E-01 -1.406486439382E-02 -2.393649189784E-01
    121 T   8 O     1.645950908109E-01  3.192684689395E-01  9.396841435495E-02
    122 T   8 O     1.645950908109E-01  3.192684689395E-01  4.273017476883E-01
    123 T   8 O     1.645950908109E-01  3.192684689395E-01 -2.393649189784E-01
    124 T   8 O     1.645950908109E-01 -3.473981977272E-01  9.396841435495E-02
    125 T   8 O     1.645950908109E-01 -3.473981977272E-01  4.273017476883E-01
    126 T   8 O     1.645950908109E-01 -3.473981977272E-01 -2.393649189784E-01
    127 T   8 O     4.979284241443E-01 -1.406486439382E-02  9.396841435495E-02
    128 T   8 O     4.979284241443E-01 -1.406486439382E-02  4.273017476883E-01
    129 T   8 O     4.979284241443E-01 -1.406486439382E-02 -2.393649189784E-01
    130 T   8 O     4.979284241443E-01  3.192684689395E-01  9.396841435495E-02
    131 T   8 O     4.979284241443E-01  3.192684689395E-01  4.273017476883E-01
    132 T   8 O     4.979284241443E-01  3.192684689395E-01 -2.393649189784E-01
    133 T   8 O     4.979284241443E-01 -3.473981977272E-01  9.396841435495E-02
    134 T   8 O     4.979284241443E-01 -3.473981977272E-01  4.273017476883E-01
    135 T   8 O     4.979284241443E-01 -3.473981977272E-01 -2.393649189784E-01
    136 F  20 CA    8.693049228037E-18  3.333333333333E-01 -3.333333333333E-01
    137 F   8 O     9.396841435495E-02 -1.687382425224E-01  3.192684689395E-01
    138 F   8 O     9.396841435495E-02 -1.687382425224E-01 -3.473981977272E-01
    139 F   8 O     9.396841435495E-02  1.645950908109E-01 -1.406486439382E-02
    140 F   8 O     9.396841435495E-02  1.645950908109E-01  3.192684689395E-01
    141 F   8 O     9.396841435495E-02  1.645950908109E-01 -3.473981977272E-01
    142 F   8 O     9.396841435495E-02  4.979284241443E-01 -1.406486439382E-02
    143 F   8 O     9.396841435495E-02  4.979284241443E-01  3.192684689395E-01
    144 F   8 O     9.396841435495E-02  4.979284241443E-01 -3.473981977272E-01
    145 F   8 O     4.273017476883E-01 -1.687382425224E-01 -1.406486439382E-02
    146 F   8 O     4.273017476883E-01 -1.687382425224E-01  3.192684689395E-01
    147 F   8 O     4.273017476883E-01 -1.687382425224E-01 -3.473981977272E-01
    148 F   8 O     4.273017476883E-01  1.645950908109E-01 -1.406486439382E-02
    149 F   8 O     4.273017476883E-01  1.645950908109E-01  3.192684689395E-01
    150 F   8 O     4.273017476883E-01  1.645950908109E-01 -3.473981977272E-01
    151 F   8 O     4.273017476883E-01  4.979284241443E-01 -1.406486439382E-02
    152 F   8 O     4.273017476883E-01  4.979284241443E-01  3.192684689395E-01
    153 F   8 O     4.273017476883E-01  4.979284241443E-01 -3.473981977272E-01
    154 F   8 O    -2.393649189784E-01 -1.687382425224E-01 -1.406486439382E-02
    155 F   8 O    -2.393649189784E-01 -1.687382425224E-01  3.192684689395E-01
    156 F   8 O    -2.393649189784E-01 -1.687382425224E-01 -3.473981977272E-01
    157 F   8 O    -2.393649189784E-01  1.645950908109E-01 -1.406486439382E-02
    158 F   8 O    -2.393649189784E-01  1.645950908109E-01  3.192684689395E-01
    159 F   8 O    -2.393649189784E-01  1.645950908109E-01 -3.473981977272E-01
    160 F   8 O    -2.393649189784E-01  4.979284241443E-01 -1.406486439382E-02
    161 F   8 O    -2.393649189784E-01  4.979284241443E-01  3.192684689395E-01
    162 F   8 O    -2.393649189784E-01  4.979284241443E-01 -3.473981977272E-01
    163 F  20 CA    2.847126549868E-18 -3.333333333333E-01  2.847126549868E-18
    164 F   8 O    -1.406486439382E-02  9.396841435495E-02  1.645950908109E-01
    165 F   8 O    -1.406486439382E-02  9.396841435495E-02  4.979284241443E-01
    166 F   8 O    -1.406486439382E-02  4.273017476883E-01 -1.687382425224E-01
    167 F   8 O    -1.406486439382E-02  4.273017476883E-01  1.645950908109E-01
    168 F   8 O    -1.406486439382E-02  4.273017476883E-01  4.979284241443E-01
    169 F   8 O    -1.406486439382E-02 -2.393649189784E-01 -1.687382425224E-01
    170 F   8 O    -1.406486439382E-02 -2.393649189784E-01  1.645950908109E-01
    171 F   8 O    -1.406486439382E-02 -2.393649189784E-01  4.979284241443E-01
    172 F   8 O     3.192684689395E-01  9.396841435495E-02 -1.687382425224E-01
    173 F   8 O     3.192684689395E-01  9.396841435495E-02  1.645950908109E-01
    174 F   8 O     3.192684689395E-01  9.396841435495E-02  4.979284241443E-01
    175 F   8 O     3.192684689395E-01  4.273017476883E-01 -1.687382425224E-01
    176 F   8 O     3.192684689395E-01  4.273017476883E-01  1.645950908109E-01
    177 F   8 O     3.192684689395E-01  4.273017476883E-01  4.979284241443E-01
    178 F   8 O     3.192684689395E-01 -2.393649189784E-01 -1.687382425224E-01
    179 F   8 O     3.192684689395E-01 -2.393649189784E-01  1.645950908109E-01
    180 F   8 O     3.192684689395E-01 -2.393649189784E-01  4.979284241443E-01
    181 F   8 O    -3.473981977272E-01  9.396841435495E-02 -1.687382425224E-01
    182 F   8 O    -3.473981977272E-01  9.396841435495E-02  1.645950908109E-01
    183 F   8 O    -3.473981977272E-01  9.396841435495E-02  4.979284241443E-01
    184 F   8 O    -3.473981977272E-01  4.273017476883E-01 -1.687382425224E-01
    185 F   8 O    -3.473981977272E-01  4.273017476883E-01  1.645950908109E-01
    186 F   8 O    -3.473981977272E-01  4.273017476883E-01  4.979284241443E-01
    187 F   8 O    -3.473981977272E-01 -2.393649189784E-01 -1.687382425224E-01
    188 F   8 O    -3.473981977272E-01 -2.393649189784E-01  1.645950908109E-01
    189 F   8 O    -3.473981977272E-01 -2.393649189784E-01  4.979284241443E-01
    190 F  20 CA   -8.693049228037E-18 -3.333333333333E-01  3.333333333333E-01
    191 F   8 O     1.687382425224E-01  1.406486439382E-02  2.393649189784E-01
    192 F   8 O     1.687382425224E-01  1.406486439382E-02 -4.273017476883E-01
    193 F   8 O     1.687382425224E-01  3.473981977272E-01 -9.396841435495E-02
    194 F   8 O     1.687382425224E-01  3.473981977272E-01  2.393649189784E-01
    195 F   8 O     1.687382425224E-01  3.473981977272E-01 -4.273017476883E-01
    196 F   8 O     1.687382425224E-01 -3.192684689395E-01 -9.396841435495E-02
    197 F   8 O     1.687382425224E-01 -3.192684689395E-01  2.393649189784E-01
    198 F   8 O     1.687382425224E-01 -3.192684689395E-01 -4.273017476883E-01
    199 F   8 O    -4.979284241443E-01  1.406486439382E-02 -9.396841435495E-02
    200 F   8 O    -4.979284241443E-01  1.406486439382E-02  2.393649189784E-01
    201 F   8 O    -4.979284241443E-01  1.406486439382E-02 -4.273017476883E-01
    202 F   8 O    -4.979284241443E-01  3.473981977272E-01 -9.396841435495E-02
    203 F   8 O    -4.979284241443E-01  3.473981977272E-01  2.393649189784E-01
    204 F   8 O    -4.979284241443E-01  3.473981977272E-01 -4.273017476883E-01
    205 F   8 O    -4.979284241443E-01 -3.192684689395E-01 -9.396841435495E-02
    206 F   8 O    -4.979284241443E-01 -3.192684689395E-01  2.393649189784E-01
    207 F   8 O    -4.979284241443E-01 -3.192684689395E-01 -4.273017476883E-01
    208 F   8 O    -1.645950908109E-01  1.406486439382E-02 -9.396841435495E-02
    209 F   8 O    -1.645950908109E-01  1.406486439382E-02  2.393649189784E-01
    210 F   8 O    -1.645950908109E-01  1.406486439382E-02 -4.273017476883E-01
    211 F   8 O    -1.645950908109E-01  3.473981977272E-01 -9.396841435495E-02
    212 F   8 O    -1.645950908109E-01  3.473981977272E-01  2.393649189784E-01
    213 F   8 O    -1.645950908109E-01  3.473981977272E-01 -4.273017476883E-01
    214 F   8 O    -1.645950908109E-01 -3.192684689395E-01 -9.396841435495E-02
    215 F   8 O    -1.645950908109E-01 -3.192684689395E-01  2.393649189784E-01
    216 F   8 O    -1.645950908109E-01 -3.192684689395E-01 -4.273017476883E-01
    217 F  20 CA   -2.206132251589E-17 -3.333333333333E-01 -3.333333333333E-01
    218 F   8 O    -9.396841435495E-02  1.687382425224E-01  3.473981977272E-01
    219 F   8 O    -9.396841435495E-02  1.687382425224E-01 -3.192684689395E-01
    220 F   8 O    -9.396841435495E-02 -4.979284241443E-01  1.406486439382E-02
    221 F   8 O    -9.396841435495E-02 -4.979284241443E-01  3.473981977272E-01
    222 F   8 O    -9.396841435495E-02 -4.979284241443E-01 -3.192684689395E-01
    223 F   8 O    -9.396841435495E-02 -1.645950908109E-01  1.406486439382E-02
    224 F   8 O    -9.396841435495E-02 -1.645950908109E-01  3.473981977272E-01
    225 F   8 O    -9.396841435495E-02 -1.645950908109E-01 -3.192684689395E-01
    226 F   8 O     2.393649189784E-01  1.687382425224E-01  1.406486439382E-02
    227 F   8 O     2.393649189784E-01  1.687382425224E-01  3.473981977272E-01
    228 F   8 O     2.393649189784E-01  1.687382425224E-01 -3.192684689395E-01
    229 F   8 O     2.393649189784E-01 -4.979284241443E-01  1.406486439382E-02
    230 F   8 O     2.393649189784E-01 -4.979284241443E-01  3.473981977272E-01
    231 F   8 O     2.393649189784E-01 -4.979284241443E-01 -3.192684689395E-01
    232 F   8 O     2.393649189784E-01 -1.645950908109E-01  1.406486439382E-02
    233 F   8 O     2.393649189784E-01 -1.645950908109E-01  3.473981977272E-01
    234 F   8 O     2.393649189784E-01 -1.645950908109E-01 -3.192684689395E-01
    235 F   8 O    -4.273017476883E-01  1.687382425224E-01  1.406486439382E-02
    236 F   8 O    -4.273017476883E-01  1.687382425224E-01  3.473981977272E-01
    237 F   8 O    -4.273017476883E-01  1.687382425224E-01 -3.192684689395E-01
    238 F   8 O    -4.273017476883E-01 -4.979284241443E-01  1.406486439382E-02
    239 F   8 O    -4.273017476883E-01 -4.979284241443E-01  3.473981977272E-01
    240 F   8 O    -4.273017476883E-01 -4.979284241443E-01 -3.192684689395E-01
    241 F   8 O    -4.273017476883E-01 -1.645950908109E-01  1.406486439382E-02
    242 F   8 O    -4.273017476883E-01 -1.645950908109E-01  3.473981977272E-01
    243 F   8 O    -4.273017476883E-01 -1.645950908109E-01 -3.192684689395E-01
    244 F  20 CA    3.333333333333E-01  1.058913100569E-17  1.058913100569E-17
    245 F   8 O     1.406486439382E-02 -9.396841435495E-02 -4.979284241443E-01
    246 F   8 O     1.406486439382E-02 -9.396841435495E-02 -1.645950908109E-01
    247 F   8 O     1.406486439382E-02  2.393649189784E-01  1.687382425224E-01
    248 F   8 O     1.406486439382E-02  2.393649189784E-01 -4.979284241443E-01
    249 F   8 O     1.406486439382E-02  2.393649189784E-01 -1.645950908109E-01
    250 F   8 O     1.406486439382E-02 -4.273017476883E-01  1.687382425224E-01
    251 F   8 O     1.406486439382E-02 -4.273017476883E-01 -4.979284241443E-01
    252 F   8 O     1.406486439382E-02 -4.273017476883E-01 -1.645950908109E-01
    253 F   8 O     3.473981977272E-01 -9.396841435495E-02  1.687382425224E-01
    254 F   8 O     3.473981977272E-01 -9.396841435495E-02 -4.979284241443E-01
    255 F   8 O     3.473981977272E-01 -9.396841435495E-02 -1.645950908109E-01
    256 F   8 O     3.473981977272E-01  2.393649189784E-01  1.687382425224E-01
    257 F   8 O     3.473981977272E-01  2.393649189784E-01 -4.979284241443E-01
    258 F   8 O     3.473981977272E-01  2.393649189784E-01 -1.645950908109E-01
    259 F   8 O     3.473981977272E-01 -4.273017476883E-01  1.687382425224E-01
    260 F   8 O     3.473981977272E-01 -4.273017476883E-01 -4.979284241443E-01
    261 F   8 O     3.473981977272E-01 -4.273017476883E-01 -1.645950908109E-01
    262 F   8 O    -3.192684689395E-01 -9.396841435495E-02  1.687382425224E-01
    263 F   8 O    -3.192684689395E-01 -9.396841435495E-02 -4.979284241443E-01
    264 F   8 O    -3.192684689395E-01 -9.396841435495E-02 -1.645950908109E-01
    265 F   8 O    -3.192684689395E-01  2.393649189784E-01  1.687382425224E-01
    266 F   8 O    -3.192684689395E-01  2.393649189784E-01 -4.979284241443E-01
    267 F   8 O    -3.192684689395E-01  2.393649189784E-01 -1.645950908109E-01
    268 F   8 O    -3.192684689395E-01 -4.273017476883E-01  1.687382425224E-01
    269 F   8 O    -3.192684689395E-01 -4.273017476883E-01 -4.979284241443E-01
    270 F   8 O    -3.192684689395E-01 -4.273017476883E-01 -1.645950908109E-01

 T = ATOM BELONGING TO THE ASYMMETRIC UNIT

 ****    6 SYMMOPS - TRANSLATORS IN FRACTIONAL UNITS
 **** MATRICES AND TRANSLATORS IN THE CRYSTALLOGRAPHIC REFERENCE FRAME
   V INV                    ROTATION MATRICES                   TRANSLATORS
   1   1  1.00  0.00  0.00  0.00  1.00  0.00  0.00  0.00  1.00  0.00  0.00  0.00
   2   3 -0.00 -0.00  1.00  1.00 -0.00 -0.00 -0.00  1.00  0.00  0.00  0.00  0.00
   3   2 -0.00  1.00 -0.00 -0.00 -0.00  1.00  1.00 -0.00 -0.00  0.00  0.00  0.00
   4   4 -1.00  0.00  0.00  0.00 -1.00  0.00 -0.00  0.00 -1.00  0.00  0.00  0.00
   5   6  0.00  0.00 -1.00 -1.00  0.00  0.00  0.00 -1.00 -0.00  0.00  0.00  0.00
   6   5  0.00 -1.00  0.00  0.00  0.00 -1.00 -1.00  0.00  0.00  0.00  0.00  0.00

 DIRECT LATTICE VECTORS CARTESIAN COMPONENTS (ANGSTROM)
          X                    Y                    Z
   0.814871749623E+01  -0.261161328119E-15   0.148941957400E+02
  -0.407435874812E+01   0.705699636000E+01   0.148941957400E+02
  -0.407435874812E+01  -0.705699636000E+01   0.148941957400E+02


 CARTESIAN COORDINATES - PRIMITIVE CELL
 *******************************************************************************
 *      ATOM          X(ANGSTROM)         Y(ANGSTROM)         Z(ANGSTROM)
 *******************************************************************************
    1    20 CA    2.320193663096E-35 -4.681723570133E-37  2.232294066365E-35
    2    12 MG    7.686237215695E-17  2.219582575661E-16  7.447097870000E+00
    3     6 C    -2.716239165411E+00  4.838151736382E-16 -1.340448463130E+00
    4     6 C    -1.358119582705E+00 -2.352332120000E+00  1.340448463130E+00
    5     8 O    -1.700555996915E+00 -7.623904548889E-01 -1.323121299510E+00
    6     8 O     1.510527499994E+00 -1.091529466442E+00 -1.323121299510E+00
    7     8 O     1.900284969211E-01  1.853919921331E+00 -1.323121299510E+00
    8     8 O     1.700555996915E+00  7.623904548889E-01  1.323121299510E+00
    9     8 O    -1.510527499994E+00  1.091529466442E+00  1.323121299510E+00
   10     8 O    -1.900284969211E-01 -1.853919921331E+00  1.323121299510E+00
   11    20 CA    1.358119582705E+00 -2.352332120000E+00  9.929463826667E+00
   12    20 CA    4.074358748116E+00  2.352332120000E+00 -2.518119723582E-15
   13    20 CA    1.358119582705E+00  2.352332120000E+00  9.929463826667E+00
   14    20 CA    1.537247443139E-16  4.439165151323E-16  1.489419574000E+01
   15    20 CA    2.716239165411E+00  4.704664240000E+00  4.964731913333E+00
   16    20 CA    4.074358748116E+00 -2.352332120000E+00 -1.581008943020E-15
   17    20 CA    2.716239165411E+00 -4.704664240000E+00  4.964731913333E+00
   18    20 CA    5.432478330822E+00 -1.070443860603E-15 -4.964731913333E+00
   19    20 CA   -2.716239165411E+00  8.705377603964E-17 -4.964731913333E+00
   20    20 CA   -4.074358748116E+00 -2.352332120000E+00  3.773786700911E-17
   21    20 CA   -1.358119582705E+00  2.352332120000E+00 -9.929463826667E+00
   22    20 CA   -4.074358748116E+00  2.352332120000E+00 -2.549606207275E-16
   23    20 CA   -5.432478330822E+00  2.873929462706E-16  4.964731913333E+00
   24    20 CA   -2.716239165411E+00  4.704664240000E+00 -4.964731913333E+00
   25    20 CA   -1.358119582705E+00 -2.352332120000E+00 -9.929463826667E+00
   26    20 CA   -2.716239165411E+00 -4.704664240000E+00 -4.964731913333E+00
   27    20 CA   -1.625542879814E-16  4.178292536553E-16 -1.489419574000E+01
   28    20 CA   -1.358119582705E+00 -2.352332120000E+00  4.964731913333E+00
   29    12 MG   -1.358119582705E+00 -2.352332120000E+00  1.241182978333E+01
   30    12 MG    1.358119582705E+00  2.352332120000E+00  2.482365956667E+00
   31    12 MG   -1.358119582705E+00  2.352332120000E+00  1.241182978333E+01
   32    12 MG   -2.716239165411E+00  0.000000000000E+00  1.737656169667E+01
   33    12 MG   -6.555375492509E-16  4.704664240000E+00  7.447097870000E+00
   34    12 MG    1.358119582705E+00 -2.352332120000E+00  2.482365956667E+00
   35    12 MG    0.000000000000E+00 -4.704664240000E+00  7.447097870000E+00
   36    12 MG    2.716239165411E+00 -4.960910380862E-16 -2.482365956667E+00
   37    12 MG    2.716239165411E+00 -5.221782995631E-16  1.241182978333E+01
   38    12 MG    1.358119582705E+00 -2.352332120000E+00  1.737656169667E+01
   39    12 MG    4.074358748116E+00  2.352332120000E+00  7.447097870000E+00
   40    12 MG    1.358119582705E+00  2.352332120000E+00  1.737656169667E+01
   41    12 MG    0.000000000000E+00  0.000000000000E+00  2.234129361000E+01
   42    12 MG    2.716239165411E+00  4.704664240000E+00  1.241182978333E+01
   43    12 MG    4.074358748116E+00 -2.352332120000E+00  7.447097870000E+00
   44    12 MG    2.716239165411E+00 -4.704664240000E+00  1.241182978333E+01
   45    12 MG    5.432478330822E+00 -1.434799381232E-16  2.482365956667E+00
   46    12 MG   -2.716239165411E+00  4.960910380862E-16  2.482365956667E+00
   47    12 MG   -4.074358748116E+00 -2.352332120000E+00  7.447097870000E+00
   48    12 MG   -1.358119582705E+00  2.352332120000E+00 -2.482365956667E+00
   49    12 MG   -4.074358748116E+00  2.352332120000E+00  7.447097870000E+00
   50    12 MG   -5.432478330822E+00  0.000000000000E+00  1.241182978333E+01
   51    12 MG   -2.716239165411E+00  4.704664240000E+00  2.482365956667E+00
   52    12 MG   -1.358119582705E+00 -2.352332120000E+00 -2.482365956667E+00
   53    12 MG   -2.716239165411E+00 -4.704664240000E+00  2.482365956667E+00
   54    12 MG    3.180902832782E-17 -6.521815369235E-17 -7.447097870000E+00
   55    20 CA    1.358119582705E+00  2.352332120000E+00 -4.964731913333E+00
   56     6 C    -4.074358748116E+00 -2.352332120000E+00  3.624283450203E+00
   57     6 C    -1.358119582705E+00  2.352332120000E+00 -6.305180376463E+00
   58     6 C    -4.074358748116E+00  2.352332120000E+00  3.624283450203E+00
   59     6 C    -5.432478330822E+00  6.731643543581E-16  8.589015363537E+00
   60     6 C    -2.716239165411E+00  4.704664240000E+00 -1.340448463130E+00
   61     6 C    -1.358119582705E+00 -2.352332120000E+00 -6.305180376463E+00
   62     6 C    -2.716239165411E+00 -4.704664240000E+00 -1.340448463130E+00
   63     6 C     9.795245404836E-16  1.770733162720E-16 -1.126991228980E+01
   64     6 C     3.023463085192E-17  2.683787314413E-16  3.624283450203E+00
   65     6 C    -1.358119582705E+00 -2.352332120000E+00  8.589015363537E+00
   66     6 C     1.358119582705E+00  2.352332120000E+00 -1.340448463130E+00
   67     6 C    -1.358119582705E+00  2.352332120000E+00  8.589015363537E+00
   68     6 C    -2.716239165411E+00  9.866445621057E-16  1.355374727687E+01
   69     6 C     8.620235963313E-16  4.704664240000E+00  3.624283450203E+00
   70     6 C     1.358119582705E+00 -2.352332120000E+00 -1.340448463130E+00
   71     6 C     1.207941312559E-16 -4.704664240000E+00  3.624283450203E+00
   72     6 C     2.716239165411E+00  2.033321239819E-17 -6.305180376463E+00
   73     6 C     2.716239165411E+00 -3.192342568263E-16  8.589015363537E+00
   74     6 C     1.358119582705E+00 -2.352332120000E+00  1.355374727687E+01
   75     6 C     4.074358748116E+00  2.352332120000E+00  3.624283450203E+00
   76     6 C     1.358119582705E+00  2.352332120000E+00  1.355374727687E+01
   77     6 C    -3.492096453533E-16  2.031605777489E-16  1.851847919020E+01
   78     6 C     2.716239165411E+00  4.704664240000E+00  8.589015363537E+00
   79     6 C     4.074358748116E+00 -2.352332120000E+00  3.624283450203E+00
   80     6 C     2.716239165411E+00 -4.704664240000E+00  8.589015363537E+00
   81     6 C     5.432478330822E+00 -5.792857203263E-17 -1.340448463130E+00
   82    20 CA   -1.358119582705E+00  2.352332120000E+00  4.964731913333E+00
   83     6 C     1.358119582705E+00  2.352332120000E+00 -8.589015363537E+00
   84     6 C     8.245338192878E-16  1.494351965855E-15 -3.624283450203E+00
   85     6 C    -2.716239165411E+00  1.364068914756E-16  6.305180376463E+00
   86     6 C     1.271558111237E-15  4.704664240000E+00 -3.624283450203E+00
   87     6 C    -1.358119582705E+00  2.352332120000E+00  1.340448463130E+00
   88     6 C     5.214991024937E-16 -4.704664240000E+00 -3.624283450203E+00
   89     6 C     2.716239165411E+00  5.020616221771E-16 -1.355374727687E+01
   90     6 C     1.358119582705E+00 -2.352332120000E+00 -8.589015363537E+00
   91     6 C     1.358119582705E+00 -2.352332120000E+00  6.305180376463E+00
   92     6 C     4.074358748116E+00  2.352332120000E+00 -3.624283450203E+00
   93     6 C     2.716239165411E+00  5.739098587447E-16  1.340448463130E+00
   94     6 C     4.128277020090E-16 -9.859499682901E-17  1.126991228980E+01
   95     6 C     2.716239165411E+00  4.704664240000E+00  1.340448463130E+00
   96     6 C     1.358119582705E+00  2.352332120000E+00  6.305180376463E+00
   97     6 C     2.716239165411E+00 -4.704664240000E+00  1.340448463130E+00
   98     6 C     5.432478330822E+00 -8.296879232198E-16 -8.589015363537E+00
   99     6 C     4.074358748116E+00 -2.352332120000E+00 -3.624283450203E+00
  100     6 C    -4.074358748116E+00 -2.352332120000E+00 -3.624283450203E+00
  101     6 C    -1.358119582705E+00  2.352332120000E+00 -1.355374727687E+01
  102     6 C    -2.716239165411E+00  1.925224850249E-15 -8.589015363537E+00
  103     6 C    -5.432478330822E+00  2.148852109186E-16  1.340448463130E+00
  104     6 C    -2.716239165411E+00  4.704664240000E+00 -8.589015363537E+00
  105     6 C    -4.074358748116E+00  2.352332120000E+00 -3.624283450203E+00
  106     6 C    -2.716239165411E+00 -4.704664240000E+00 -8.589015363537E+00
  107     6 C     5.842115336579E-16  2.668431988603E-16 -1.851847919020E+01
  108     6 C    -1.358119582705E+00 -2.352332120000E+00 -1.355374727687E+01
  109    20 CA   -2.716239165411E+00  3.656547307015E-16  9.929463826667E+00
  110     8 O    -3.058675579621E+00 -3.114722574889E+00  3.641610613823E+00
  111     8 O    -3.424364142099E-01  1.589941665111E+00 -6.287853212843E+00
  112     8 O    -3.058675579621E+00  1.589941665111E+00  3.641610613823E+00
  113     8 O    -4.416795162326E+00 -7.623904548889E-01  8.606342527157E+00
  114     8 O    -1.700555996915E+00  3.942273785111E+00 -1.323121299510E+00
  115     8 O    -3.424364142099E-01 -3.114722574889E+00 -6.287853212843E+00
  116     8 O    -1.700555996915E+00 -5.467054694889E+00 -1.323121299510E+00
  117     8 O     1.015683168495E+00 -7.623904548889E-01 -1.125258512618E+01
  118     8 O     1.015683168495E+00 -7.623904548889E-01  3.641610613823E+00
  119     8 O    -3.424364142099E-01 -3.114722574889E+00  8.606342527157E+00
  120     8 O     2.373802751201E+00  1.589941665111E+00 -1.323121299510E+00
  121     8 O    -3.424364142099E-01  1.589941665111E+00  8.606342527157E+00
  122     8 O    -1.700555996915E+00 -7.623904548889E-01  1.357107444049E+01
  123     8 O     1.015683168495E+00  3.942273785111E+00  3.641610613823E+00
  124     8 O     2.373802751201E+00 -3.114722574889E+00 -1.323121299510E+00
  125     8 O     1.015683168495E+00 -5.467054694889E+00  3.641610613823E+00
  126     8 O     3.731922333906E+00 -7.623904548889E-01 -6.287853212843E+00
  127     8 O     3.731922333906E+00 -7.623904548889E-01  8.606342527157E+00
  128     8 O     2.373802751201E+00 -3.114722574889E+00  1.357107444049E+01
  129     8 O     5.090041916612E+00  1.589941665111E+00  3.641610613823E+00
  130     8 O     2.373802751201E+00  1.589941665111E+00  1.357107444049E+01
  131     8 O     1.015683168495E+00 -7.623904548889E-01  1.853580635382E+01
  132     8 O     3.731922333906E+00  3.942273785111E+00  8.606342527157E+00
  133     8 O     5.090041916612E+00 -3.114722574889E+00  3.641610613823E+00
  134     8 O     3.731922333906E+00 -5.467054694889E+00  8.606342527157E+00
  135     8 O     6.448161499317E+00 -7.623904548889E-01 -1.323121299510E+00
  136    20 CA    3.251085759629E-16  4.704664240000E+00 -1.090959021255E-15
  137     8 O     1.524079172888E-01 -3.443861586442E+00  3.641610613823E+00
  138     8 O     2.868647082700E+00  1.260802653558E+00 -6.287853212843E+00
  139     8 O     1.524079172888E-01  1.260802653558E+00  3.641610613823E+00
  140     8 O    -1.205711665417E+00 -1.091529466442E+00  8.606342527157E+00
  141     8 O     1.510527499994E+00  3.613134773558E+00 -1.323121299510E+00
  142     8 O    -1.205711665417E+00  3.613134773558E+00  8.606342527157E+00
  143     8 O    -2.563831248122E+00  1.260802653558E+00  1.357107444049E+01
  144     8 O     1.524079172888E-01  5.965466893558E+00  3.641610613823E+00
  145     8 O     4.226766665405E+00 -1.091529466442E+00  3.641610613823E+00
  146     8 O     2.868647082700E+00 -3.443861586442E+00  8.606342527157E+00
  147     8 O     5.584886248110E+00  1.260802653558E+00 -1.323121299510E+00
  148     8 O     2.868647082700E+00  1.260802653558E+00  8.606342527157E+00
  149     8 O     1.510527499994E+00 -1.091529466442E+00  1.357107444049E+01
  150     8 O     4.226766665405E+00  3.613134773558E+00  3.641610613823E+00
  151     8 O     1.510527499994E+00  3.613134773558E+00  1.357107444049E+01
  152     8 O     1.524079172888E-01  1.260802653558E+00  1.853580635382E+01
  153     8 O     2.868647082700E+00  5.965466893558E+00  8.606342527157E+00
  154     8 O    -1.205711665417E+00 -1.091529466442E+00 -6.287853212843E+00
  155     8 O    -2.563831248122E+00 -3.443861586442E+00 -1.323121299510E+00
  156     8 O     1.524079172888E-01  1.260802653558E+00 -1.125258512618E+01
  157     8 O    -2.563831248122E+00  1.260802653558E+00 -1.323121299510E+00
  158     8 O    -3.921950830827E+00 -1.091529466442E+00  3.641610613823E+00
  159     8 O    -1.205711665417E+00  3.613134773558E+00 -6.287853212843E+00
  160     8 O    -3.921950830827E+00  3.613134773558E+00  3.641610613823E+00
  161     8 O    -5.280070413533E+00  1.260802653558E+00  8.606342527157E+00
  162     8 O    -2.563831248122E+00  5.965466893558E+00 -1.323121299510E+00
  163    20 CA    1.358119582705E+00 -2.352332120000E+00 -4.964731913333E+00
  164     8 O    -1.168091085784E+00 -4.984121986689E-01  3.641610613823E+00
  165     8 O    -2.526210668490E+00 -2.850744318669E+00  8.606342527157E+00
  166     8 O    -1.168091085784E+00  4.206252041331E+00  3.641610613823E+00
  167     8 O    -2.526210668490E+00  1.853919921331E+00  8.606342527157E+00
  168     8 O    -3.884330251195E+00 -4.984121986689E-01  1.357107444049E+01
  169     8 O     1.548148079627E+00 -4.984121986689E-01 -6.287853212843E+00
  170     8 O     1.900284969211E-01 -2.850744318669E+00 -1.323121299510E+00
  171     8 O    -1.168091085784E+00 -5.203076438669E+00  3.641610613823E+00
  172     8 O     2.906267662332E+00  1.853919921331E+00  3.641610613823E+00
  173     8 O     1.548148079626E+00 -4.984121986689E-01  8.606342527157E+00
  174     8 O     1.900284969211E-01 -2.850744318669E+00  1.357107444049E+01
  175     8 O     1.548148079626E+00  4.206252041331E+00  8.606342527157E+00
  176     8 O     1.900284969211E-01  1.853919921331E+00  1.357107444049E+01
  177     8 O    -1.168091085784E+00 -4.984121986689E-01  1.853580635382E+01
  178     8 O     4.264387245037E+00 -4.984121986689E-01 -1.323121299510E+00
  179     8 O     2.906267662332E+00 -2.850744318669E+00  3.641610613823E+00
  180     8 O     1.548148079626E+00 -5.203076438669E+00  8.606342527157E+00
  181     8 O    -2.526210668490E+00  1.853919921331E+00 -6.287853212843E+00
  182     8 O    -3.884330251195E+00 -4.984121986689E-01 -1.323121299510E+00
  183     8 O    -5.242449833901E+00 -2.850744318669E+00  3.641610613823E+00
  184     8 O    -3.884330251195E+00  4.206252041331E+00 -1.323121299510E+00
  185     8 O    -5.242449833901E+00  1.853919921331E+00  3.641610613823E+00
  186     8 O    -6.600569416606E+00 -4.984121986689E-01  8.606342527157E+00
  187     8 O    -1.168091085784E+00 -4.984121986689E-01 -1.125258512618E+01
  188     8 O    -2.526210668490E+00 -2.850744318669E+00 -6.287853212843E+00
  189     8 O    -3.884330251195E+00 -5.203076438669E+00 -1.323121299510E+00
  190    20 CA   -3.251085759629E-16 -4.704664240000E+00  1.090959021255E-15
  191     8 O     3.424364142099E-01 -1.589941665111E+00  6.287853212843E+00
  192     8 O     3.058675579621E+00  3.114722574889E+00 -3.641610613823E+00
  193     8 O     3.424364142099E-01  3.114722574889E+00  6.287853212843E+00
  194     8 O    -1.015683168495E+00  7.623904548889E-01  1.125258512618E+01
  195     8 O     1.700555996915E+00  5.467054694889E+00  1.323121299510E+00
  196     8 O     3.058675579621E+00 -1.589941665111E+00 -3.641610613823E+00
  197     8 O     1.700555996915E+00 -3.942273785111E+00  1.323121299510E+00
  198     8 O     4.416795162326E+00  7.623904548889E-01 -8.606342527157E+00
  199     8 O    -3.731922333906E+00  7.623904548889E-01 -8.606342527157E+00
  200     8 O    -5.090041916612E+00 -1.589941665111E+00 -3.641610613823E+00
  201     8 O    -2.373802751201E+00  3.114722574889E+00 -1.357107444049E+01
  202     8 O    -5.090041916612E+00  3.114722574889E+00 -3.641610613823E+00
  203     8 O    -6.448161499317E+00  7.623904548889E-01  1.323121299510E+00
  204     8 O    -3.731922333906E+00  5.467054694889E+00 -8.606342527157E+00
  205     8 O    -2.373802751201E+00 -1.589941665111E+00 -1.357107444049E+01
  206     8 O    -3.731922333906E+00 -3.942273785111E+00 -8.606342527157E+00
  207     8 O    -1.015683168495E+00  7.623904548889E-01 -1.853580635382E+01
  208     8 O    -1.015683168495E+00  7.623904548889E-01 -3.641610613823E+00
  209     8 O    -2.373802751201E+00 -1.589941665111E+00  1.323121299510E+00
  210     8 O     3.424364142099E-01  3.114722574889E+00 -8.606342527157E+00
  211     8 O    -2.373802751201E+00  3.114722574889E+00  1.323121299510E+00
  212     8 O    -3.731922333906E+00  7.623904548889E-01  6.287853212843E+00
  213     8 O    -1.015683168495E+00  5.467054694889E+00 -3.641610613823E+00
  214     8 O     3.424364142099E-01 -1.589941665111E+00 -8.606342527157E+00
  215     8 O    -1.015683168495E+00 -3.942273785111E+00 -3.641610613823E+00
  216     8 O     1.700555996915E+00  7.623904548889E-01 -1.357107444049E+01
  217    20 CA    2.716239165411E+00 -4.439165151323E-16 -9.929463826667E+00
  218     8 O    -2.868647082700E+00 -1.260802653558E+00  6.287853212843E+00
  219     8 O    -1.524079172888E-01  3.443861586442E+00 -3.641610613823E+00
  220     8 O     1.205711665417E+00 -3.613134773558E+00 -8.606342527157E+00
  221     8 O    -1.524079172888E-01 -5.965466893558E+00 -3.641610613823E+00
  222     8 O     2.563831248122E+00 -1.260802653558E+00 -1.357107444049E+01
  223     8 O    -1.524079172888E-01 -1.260802653558E+00 -3.641610613823E+00
  224     8 O    -1.510527499994E+00 -3.613134773558E+00  1.323121299510E+00
  225     8 O     1.205711665417E+00  1.091529466442E+00 -8.606342527157E+00
  226     8 O     1.205711665417E+00  1.091529466442E+00  6.287853212843E+00
  227     8 O    -1.524079172888E-01 -1.260802653558E+00  1.125258512618E+01
  228     8 O     2.563831248122E+00  3.443861586442E+00  1.323121299510E+00
  229     8 O     3.921950830827E+00 -3.613134773558E+00 -3.641610613823E+00
  230     8 O     2.563831248122E+00 -5.965466893558E+00  1.323121299510E+00
  231     8 O     5.280070413533E+00 -1.260802653558E+00 -8.606342527157E+00
  232     8 O     2.563831248122E+00 -1.260802653558E+00  1.323121299510E+00
  233     8 O     1.205711665417E+00 -3.613134773558E+00  6.287853212843E+00
  234     8 O     3.921950830827E+00  1.091529466442E+00 -3.641610613823E+00
  235     8 O    -4.226766665405E+00  1.091529466442E+00 -3.641610613823E+00
  236     8 O    -5.584886248110E+00 -1.260802653558E+00  1.323121299510E+00
  237     8 O    -2.868647082700E+00  3.443861586442E+00 -8.606342527157E+00
  238     8 O    -1.510527499994E+00 -3.613134773558E+00 -1.357107444049E+01
  239     8 O    -2.868647082700E+00 -5.965466893558E+00 -8.606342527157E+00
  240     8 O    -1.524079172888E-01 -1.260802653558E+00 -1.853580635382E+01
  241     8 O    -2.868647082700E+00 -1.260802653558E+00 -8.606342527157E+00
  242     8 O    -4.226766665405E+00 -3.613134773558E+00 -3.641610613823E+00
  243     8 O    -1.510527499994E+00  1.091529466442E+00 -1.357107444049E+01
  244    20 CA    2.716239165411E+00 -8.705377603964E-17  4.964731913333E+00
  245     8 O     2.526210668490E+00  2.850744318669E+00 -8.606342527157E+00
  246     8 O     1.168091085784E+00  4.984121986689E-01 -3.641610613823E+00
  247     8 O    -1.548148079626E+00  4.984121986689E-01  6.287853212843E+00
  248     8 O     1.168091085784E+00  5.203076438669E+00 -3.641610613823E+00
  249     8 O    -1.900284969211E-01  2.850744318669E+00  1.323121299510E+00
  250     8 O     1.168091085784E+00 -4.206252041331E+00 -3.641610613823E+00
  251     8 O     3.884330251195E+00  4.984121986689E-01 -1.357107444049E+01
  252     8 O     2.526210668490E+00 -1.853919921331E+00 -8.606342527157E+00
  253     8 O     2.526210668490E+00 -1.853919921331E+00  6.287853212843E+00
  254     8 O     5.242449833901E+00  2.850744318669E+00 -3.641610613823E+00
  255     8 O     3.884330251195E+00  4.984121986689E-01  1.323121299510E+00
  256     8 O     1.168091085784E+00  4.984121986689E-01  1.125258512618E+01
  257     8 O     3.884330251195E+00  5.203076438669E+00  1.323121299510E+00
  258     8 O     2.526210668490E+00  2.850744318669E+00  6.287853212843E+00
  259     8 O     3.884330251195E+00 -4.206252041331E+00  1.323121299510E+00
  260     8 O     6.600569416606E+00  4.984121986689E-01 -8.606342527157E+00
  261     8 O     5.242449833901E+00 -1.853919921331E+00 -3.641610613823E+00
  262     8 O    -2.906267662332E+00 -1.853919921331E+00 -3.641610613823E+00
  263     8 O    -1.900284969211E-01  2.850744318669E+00 -1.357107444049E+01
  264     8 O    -1.548148079626E+00  4.984121986689E-01 -8.606342527157E+00
  265     8 O    -4.264387245037E+00  4.984121986689E-01  1.323121299510E+00
  266     8 O    -1.548148079626E+00  5.203076438669E+00 -8.606342527157E+00
  267     8 O    -2.906267662332E+00  2.850744318669E+00 -3.641610613823E+00
  268     8 O    -1.548148079626E+00 -4.206252041331E+00 -8.606342527157E+00
  269     8 O     1.168091085784E+00  4.984121986689E-01 -1.853580635382E+01
  270     8 O    -1.900284969211E-01 -1.853919921331E+00 -1.357107444049E+01

 *******************************************************************************
 LOCAL ATOMIC FUNCTIONS BASIS SET
 *******************************************************************************
   ATOM   X(AU)   Y(AU)   Z(AU)  N. TYPE  EXPONENT  S COEF   P COEF   D/F/G COEF
 *******************************************************************************
   1 CA   0.000  -0.000   0.000
                                  1 S  
                                         1.913E+05 2.204E-04 0.000E+00 0.000E+00
                                         2.697E+04 1.925E-03 0.000E+00 0.000E+00
                                         5.696E+03 1.109E-02 0.000E+00 0.000E+00
                                         1.489E+03 4.995E-02 0.000E+00 0.000E+00
                                         4.483E+02 1.701E-01 0.000E+00 0.000E+00
                                         1.546E+02 3.685E-01 0.000E+00 0.000E+00
                                         6.037E+01 4.034E-01 0.000E+00 0.000E+00
                                         2.509E+01 1.452E-01 0.000E+00 0.000E+00
                           2-     5 SP 
                                         4.486E+02-5.750E-03 8.470E-03 0.000E+00
                                         1.057E+02-7.670E-02 6.027E-02 0.000E+00
                                         3.469E+01-1.122E-01 2.124E-01 0.000E+00
                                         1.350E+01 2.537E-01 3.771E-01 0.000E+00
                                         5.820E+00 6.880E-01 4.010E-01 0.000E+00
                                         1.819E+00 3.490E-01 1.980E-01 0.000E+00
                           6-     9 SP 
                                         2.075E+01-2.000E-03-3.650E-02 0.000E+00
                                         8.400E+00-1.255E-01-6.850E-02 0.000E+00
                                         3.597E+00-6.960E-01 1.570E-01 0.000E+00
                                         1.408E+00 1.029E+00 1.482E+00 0.000E+00
                                         7.260E-01 9.440E-01 1.025E+00 0.000E+00
                          10-    13 SP 
                                         4.530E-01 1.000E+00 1.000E+00 0.000E+00
                          14-    17 SP 
                                         2.950E-01 1.000E+00 1.000E+00 0.000E+00
                          18-    22 D  
                                         3.191E+00 0.000E+00 0.000E+00 1.600E-01
                                         8.683E-01 0.000E+00 0.000E+00 3.130E-01
                          23-    27 D  
                                         2.891E-01 0.000E+00 0.000E+00 4.060E-01
   2 MG   0.000   0.000  14.073
                                 28 S  
                                         6.837E+04 2.226E-04 0.000E+00 0.000E+00
                                         9.661E+03 1.901E-03 0.000E+00 0.000E+00
                                         2.041E+03 1.104E-02 0.000E+00 0.000E+00
                                         5.296E+02 5.005E-02 0.000E+00 0.000E+00
                                         1.592E+02 1.690E-01 0.000E+00 0.000E+00
                                         5.471E+01 3.669E-01 0.000E+00 0.000E+00
                                         2.124E+01 4.008E-01 0.000E+00 0.000E+00
                                         8.791E+00 1.487E-01 0.000E+00 0.000E+00
                          29-    32 SP 
                                         1.437E+02-6.710E-03 8.070E-03 0.000E+00
                                         3.127E+01-7.927E-02 6.401E-02 0.000E+00
                                         9.661E+00-8.088E-02 2.092E-01 0.000E+00
                                         3.726E+00 2.947E-01 3.460E-01 0.000E+00
                                         1.598E+00 5.714E-01 3.731E-01 0.000E+00
                          33-    36 SP 
                                         6.880E-01 1.000E+00 1.000E+00 0.000E+00
                          37-    40 SP 
                                         2.800E-01 1.000E+00 1.000E+00 0.000E+00
                          41-    45 D  
                                         5.000E-01 0.000E+00 0.000E+00 1.000E+00
   3 C   -5.133   0.000  -2.533
                                 46 S  
                                         4.563E+03 1.967E-03 0.000E+00 0.000E+00
                                         6.820E+02 1.523E-02 0.000E+00 0.000E+00
                                         1.550E+02 7.613E-02 0.000E+00 0.000E+00
                                         4.446E+01 2.608E-01 0.000E+00 0.000E+00
                                         1.303E+01 6.165E-01 0.000E+00 0.000E+00
                                         1.828E+00 2.210E-01 0.000E+00 0.000E+00
                          47-    50 SP 
                                         2.096E+01 1.147E-01 4.025E-02 0.000E+00
                                         4.803E+00 9.200E-01 2.376E-01 0.000E+00
                                         1.459E+00-3.031E-03 8.159E-01 0.000E+00
                          51-    54 SP 
                                         4.835E-01 1.000E+00 1.000E+00 0.000E+00
                          55-    58 SP 
                                         1.456E-01 1.000E+00 1.000E+00 0.000E+00
                          59-    63 D  
                                         2.000E+00 0.000E+00 0.000E+00 1.000E+00
                          64-    68 D  
                                         6.000E-01 0.000E+00 0.000E+00 1.000E+00
   4 C   -2.566  -4.445   2.533
   5 O   -3.214  -1.441  -2.500
                                 92 S  
                                         8.020E+03 1.080E-03 0.000E+00 0.000E+00
                                         1.338E+03 8.040E-03 0.000E+00 0.000E+00
                                         2.554E+02 5.324E-02 0.000E+00 0.000E+00
                                         6.922E+01 1.681E-01 0.000E+00 0.000E+00
                                         2.390E+01 3.581E-01 0.000E+00 0.000E+00
                                         9.264E+00 3.855E-01 0.000E+00 0.000E+00
                                         3.851E+00 1.468E-01 0.000E+00 0.000E+00
                                         1.212E+00 7.280E-02 0.000E+00 0.000E+00
                          93-    96 SP 
                                         4.943E+01-8.830E-03 9.580E-03 0.000E+00
                                         1.047E+01-9.150E-02 6.960E-02 0.000E+00
                                         3.235E+00-4.020E-02 2.065E-01 0.000E+00
                                         1.217E+00 3.790E-01 3.470E-01 0.000E+00
                          97-   100 SP 
                                         4.860E-01 1.000E+00 1.000E+00 0.000E+00
                         101-   104 SP 
                                         1.925E-01 1.000E+00 1.000E+00 0.000E+00
                         105-   109 D  
                                         2.000E+00 0.000E+00 0.000E+00 1.000E+00
                         110-   114 D  
                                         5.000E-01 0.000E+00 0.000E+00 1.000E+00
   6 O    2.854  -2.063  -2.500
   7 O    0.359   3.503  -2.500
   8 O    3.214   1.441   2.500
   9 O   -2.854   2.063   2.500
  10 O   -0.359  -3.503   2.500
  11 CA   2.566  -4.445  18.764
  12 CA   7.699   4.445  -0.000
  13 CA   2.566   4.445  18.764
  14 CA   0.000   0.000  28.146
  15 CA   5.133   8.891   9.382
  16 CA   7.699  -4.445  -0.000
  17 CA   5.133  -8.891   9.382
  18 CA  10.266  -0.000  -9.382
  19 CA  -5.133   0.000  -9.382
  20 CA  -7.699  -4.445   0.000
  21 CA  -2.566   4.445 -18.764
  22 CA  -7.699   4.445  -0.000
  23 CA -10.266   0.000   9.382
  24 CA  -5.133   8.891  -9.382
  25 CA  -2.566  -4.445 -18.764
  26 CA  -5.133  -8.891  -9.382
  27 CA  -0.000   0.000 -28.146
  28 CA  -2.566  -4.445   9.382
  29 MG  -2.566  -4.445  23.455
  30 MG   2.566   4.445   4.691
  31 MG  -2.566   4.445  23.455
  32 MG  -5.133   0.000  32.837
  33 MG  -0.000   8.891  14.073
  34 MG   2.566  -4.445   4.691
  35 MG   0.000  -8.891  14.073
  36 MG   5.133  -0.000  -4.691
  37 MG   5.133  -0.000  23.455
  38 MG   2.566  -4.445  32.837
  39 MG   7.699   4.445  14.073
  40 MG   2.566   4.445  32.837
  41 MG   0.000   0.000  42.219
  42 MG   5.133   8.891  23.455
  43 MG   7.699  -4.445  14.073
  44 MG   5.133  -8.891  23.455
  45 MG  10.266  -0.000   4.691
  46 MG  -5.133   0.000   4.691
  47 MG  -7.699  -4.445  14.073
  48 MG  -2.566   4.445  -4.691
  49 MG  -7.699   4.445  14.073
  50 MG -10.266   0.000  23.455
  51 MG  -5.133   8.891   4.691
  52 MG  -2.566  -4.445  -4.691
  53 MG  -5.133  -8.891   4.691
  54 MG   0.000  -0.000 -14.073
  55 CA   2.566   4.445  -9.382
  56 C   -7.699  -4.445   6.849
  57 C   -2.566   4.445 -11.915
  58 C   -7.699   4.445   6.849
  59 C  -10.266   0.000  16.231
  60 C   -5.133   8.891  -2.533
  61 C   -2.566  -4.445 -11.915
  62 C   -5.133  -8.891  -2.533
  63 C    0.000   0.000 -21.297
  64 C    0.000   0.000   6.849
  65 C   -2.566  -4.445  16.231
  66 C    2.566   4.445  -2.533
  67 C   -2.566   4.445  16.231
  68 C   -5.133   0.000  25.613
  69 C    0.000   8.891   6.849
  70 C    2.566  -4.445  -2.533
  71 C    0.000  -8.891   6.849
  72 C    5.133   0.000 -11.915
  73 C    5.133  -0.000  16.231
  74 C    2.566  -4.445  25.613
  75 C    7.699   4.445   6.849
  76 C    2.566   4.445  25.613
  77 C   -0.000   0.000  34.995
  78 C    5.133   8.891  16.231
  79 C    7.699  -4.445   6.849
  80 C    5.133  -8.891  16.231
  81 C   10.266  -0.000  -2.533
  82 CA  -2.566   4.445   9.382
  83 C    2.566   4.445 -16.231
  84 C    0.000   0.000  -6.849
  85 C   -5.133   0.000  11.915
  86 C    0.000   8.891  -6.849
  87 C   -2.566   4.445   2.533
  88 C    0.000  -8.891  -6.849
  89 C    5.133   0.000 -25.613
  90 C    2.566  -4.445 -16.231
  91 C    2.566  -4.445  11.915
  92 C    7.699   4.445  -6.849
  93 C    5.133   0.000   2.533
  94 C    0.000  -0.000  21.297
  95 C    5.133   8.891   2.533
  96 C    2.566   4.445  11.915
  97 C    5.133  -8.891   2.533
  98 C   10.266  -0.000 -16.231
  99 C    7.699  -4.445  -6.849
 100 C   -7.699  -4.445  -6.849
 101 C   -2.566   4.445 -25.613
 102 C   -5.133   0.000 -16.231
 103 C  -10.266   0.000   2.533
 104 C   -5.133   8.891 -16.231
 105 C   -7.699   4.445  -6.849
 106 C   -5.133  -8.891 -16.231
 107 C    0.000   0.000 -34.995
 108 C   -2.566  -4.445 -25.613
 109 CA  -5.133   0.000  18.764
 110 O   -5.780  -5.886   6.882
 111 O   -0.647   3.005 -11.882
 112 O   -5.780   3.005   6.882
 113 O   -8.347  -1.441  16.264
 114 O   -3.214   7.450  -2.500
 115 O   -0.647  -5.886 -11.882
 116 O   -3.214 -10.331  -2.500
 117 O    1.919  -1.441 -21.264
 118 O    1.919  -1.441   6.882
 119 O   -0.647  -5.886  16.264
 120 O    4.486   3.005  -2.500
 121 O   -0.647   3.005  16.264
 122 O   -3.214  -1.441  25.646
 123 O    1.919   7.450   6.882
 124 O    4.486  -5.886  -2.500
 125 O    1.919 -10.331   6.882
 126 O    7.052  -1.441 -11.882
 127 O    7.052  -1.441  16.264
 128 O    4.486  -5.886  25.646
 129 O    9.619   3.005   6.882
 130 O    4.486   3.005  25.646
 131 O    1.919  -1.441  35.028
 132 O    7.052   7.450  16.264
 133 O    9.619  -5.886   6.882
 134 O    7.052 -10.331  16.264
 135 O   12.185  -1.441  -2.500
 136 CA   0.000   8.891  -0.000
 137 O    0.288  -6.508   6.882
 138 O    5.421   2.383 -11.882
 139 O    0.288   2.383   6.882
 140 O   -2.278  -2.063  16.264
 141 O    2.854   6.828  -2.500
 142 O   -2.278   6.828  16.264
 143 O   -4.845   2.383  25.646
 144 O    0.288  11.273   6.882
 145 O    7.987  -2.063   6.882
 146 O    5.421  -6.508  16.264
 147 O   10.554   2.383  -2.500
 148 O    5.421   2.383  16.264
 149 O    2.854  -2.063  25.646
 150 O    7.987   6.828   6.882
 151 O    2.854   6.828  25.646
 152 O    0.288   2.383  35.028
 153 O    5.421  11.273  16.264
 154 O   -2.278  -2.063 -11.882
 155 O   -4.845  -6.508  -2.500
 156 O    0.288   2.383 -21.264
 157 O   -4.845   2.383  -2.500
 158 O   -7.411  -2.063   6.882
 159 O   -2.278   6.828 -11.882
 160 O   -7.411   6.828   6.882
 161 O   -9.978   2.383  16.264
 162 O   -4.845  11.273  -2.500
 163 CA   2.566  -4.445  -9.382
 164 O   -2.207  -0.942   6.882
 165 O   -4.774  -5.387  16.264
 166 O   -2.207   7.949   6.882
 167 O   -4.774   3.503  16.264
 168 O   -7.340  -0.942  25.646
 169 O    2.926  -0.942 -11.882
 170 O    0.359  -5.387  -2.500
 171 O   -2.207  -9.832   6.882
 172 O    5.492   3.503   6.882
 173 O    2.926  -0.942  16.264
 174 O    0.359  -5.387  25.646
 175 O    2.926   7.949  16.264
 176 O    0.359   3.503  25.646
 177 O   -2.207  -0.942  35.028
 178 O    8.059  -0.942  -2.500
 179 O    5.492  -5.387   6.882
 180 O    2.926  -9.832  16.264
 181 O   -4.774   3.503 -11.882
 182 O   -7.340  -0.942  -2.500
 183 O   -9.907  -5.387   6.882
 184 O   -7.340   7.949  -2.500
 185 O   -9.907   3.503   6.882
 186 O  -12.473  -0.942  16.264
 187 O   -2.207  -0.942 -21.264
 188 O   -4.774  -5.387 -11.882
 189 O   -7.340  -9.832  -2.500
 190 CA  -0.000  -8.891   0.000
 191 O    0.647  -3.005  11.882
 192 O    5.780   5.886  -6.882
 193 O    0.647   5.886  11.882
 194 O   -1.919   1.441  21.264
 195 O    3.214  10.331   2.500
 196 O    5.780  -3.005  -6.882
 197 O    3.214  -7.450   2.500
 198 O    8.347   1.441 -16.264
 199 O   -7.052   1.441 -16.264
 200 O   -9.619  -3.005  -6.882
 201 O   -4.486   5.886 -25.646
 202 O   -9.619   5.886  -6.882
 203 O  -12.185   1.441   2.500
 204 O   -7.052  10.331 -16.264
 205 O   -4.486  -3.005 -25.646
 206 O   -7.052  -7.450 -16.264
 207 O   -1.919   1.441 -35.028
 208 O   -1.919   1.441  -6.882
 209 O   -4.486  -3.005   2.500
 210 O    0.647   5.886 -16.264
 211 O   -4.486   5.886   2.500
 212 O   -7.052   1.441  11.882
 213 O   -1.919  10.331  -6.882
 214 O    0.647  -3.005 -16.264
 215 O   -1.919  -7.450  -6.882
 216 O    3.214   1.441 -25.646
 217 CA   5.133  -0.000 -18.764
 218 O   -5.421  -2.383  11.882
 219 O   -0.288   6.508  -6.882
 220 O    2.278  -6.828 -16.264
 221 O   -0.288 -11.273  -6.882
 222 O    4.845  -2.383 -25.646
 223 O   -0.288  -2.383  -6.882
 224 O   -2.854  -6.828   2.500
 225 O    2.278   2.063 -16.264
 226 O    2.278   2.063  11.882
 227 O   -0.288  -2.383  21.264
 228 O    4.845   6.508   2.500
 229 O    7.411  -6.828  -6.882
 230 O    4.845 -11.273   2.500
 231 O    9.978  -2.383 -16.264
 232 O    4.845  -2.383   2.500
 233 O    2.278  -6.828  11.882
 234 O    7.411   2.063  -6.882
 235 O   -7.987   2.063  -6.882
 236 O  -10.554  -2.383   2.500
 237 O   -5.421   6.508 -16.264
 238 O   -2.854  -6.828 -25.646
 239 O   -5.421 -11.273 -16.264
 240 O   -0.288  -2.383 -35.028
 241 O   -5.421  -2.383 -16.264
 242 O   -7.987  -6.828  -6.882
 243 O   -2.854   2.063 -25.646
 244 CA   5.133  -0.000   9.382
 245 O    4.774   5.387 -16.264
 246 O    2.207   0.942  -6.882
 247 O   -2.926   0.942  11.882
 248 O    2.207   9.832  -6.882
 249 O   -0.359   5.387   2.500
 250 O    2.207  -7.949  -6.882
 251 O    7.340   0.942 -25.646
 252 O    4.774  -3.503 -16.264
 253 O    4.774  -3.503  11.882
 254 O    9.907   5.387  -6.882
 255 O    7.340   0.942   2.500
 256 O    2.207   0.942  21.264
 257 O    7.340   9.832   2.500
 258 O    4.774   5.387  11.882
 259 O    7.340  -7.949   2.500
 260 O   12.473   0.942 -16.264
 261 O    9.907  -3.503  -6.882
 262 O   -5.492  -3.503  -6.882
 263 O   -0.359   5.387 -25.646
 264 O   -2.926   0.942 -16.264
 265 O   -8.059   0.942   2.500
 266 O   -2.926   9.832 -16.264
 267 O   -5.492   5.387  -6.882
 268 O   -2.926  -7.949 -16.264
 269 O    2.207   0.942 -35.028
 270 O   -0.359  -3.503 -25.646
 INFORMATION **** SET_MPP **** PCRYSTAL CALCULATION
 INFORMATION **** READM2 **** NEW DEFAULT: FOCK/KS MATRIX MIXING SET TO 30 %
 INFORMATION **** READM2 **** NEW DEFAULT: FULL DIRECT SCF MODE
 INFORMATION **** READM2 **** NEW DEFAULT: COULOMB BIPOLAR BUFFER SET TO 32 Mb
 INFORMATION **** READM2 **** NEW DEFAULT: EXCHANGE BIPOLAR BUFFER SET TO 32 Mb

 *******************************************************************************
 NEW DEFAULT: DFT INTEGRATION GRID INCREASED TO XLGRID
 NEW DEFAULT: DIIS ACCELERATOR ACTIVE
 USE KEYWORD NODIIS TO TURN IT OFF
 *******************************************************************************

 INFORMATION **** READM2 **** FULL DIRECT SCF (MONO AND BIEL INT) SELECTED
 INFORMATION **** MAXCYCLE **** MAX NUMBER OF SCF CYCLES SET TO         200
 INFORMATION **** TOLDEE **** SCF TOL ON TOTAL ENERGY SET TO          10
 INFORMATION **** TOLINTEG **** COULOMB AND EXCHANGE SERIES TOLERANCES MODIFIED
 INFORMATION **** BIPOSIZE **** COULOMB BIPOLAR BUFFER SET TO    32000000
 INFORMATION **** EXCHSIZE **** EXCHANGE BIPOLAR BUFFER SIZE SET TO    32000000
 *******************************************************************************
 N. OF ATOMS PER CELL       270  COULOMB OVERLAP TOL         (T1) 10**   -9
 NUMBER OF SHELLS          1620  COULOMB PENETRATION TOL     (T2) 10**   -9
 NUMBER OF AO              6183  EXCHANGE OVERLAP TOL        (T3) 10**   -9
 N. OF ELECTRONS PER CELL  2484  EXCHANGE PSEUDO OVP (F(G))  (T4) 10**   -9
 CORE ELECTRONS PER CELL   1188  EXCHANGE PSEUDO OVP (P(G))  (T5) 10**  -18
 N. OF SYMMETRY OPERATORS     6  POLE ORDER IN MONO ZONE                  4
 *******************************************************************************
 TYPE OF CALCULATION :  RESTRICTED CLOSED SHELL
 KOHN-SHAM HAMILTONIAN

 (EXCHANGE)[CORRELATION] FUNCTIONAL:(PERDEW-BURKE-ERNZERHOF)[PERDEW-BURKE-ERNZERHOF]


 HYBRID EXCHANGE - PERCENTAGE OF FOCK EXCHANGE    25.0000

 CAPPA:IS1  3;IS2  3;IS3  3; K PTS MONK NET   6; SYMMOPS:K SPACE   6;G SPACE   6

 *******************************************************************************
 MAX NUMBER OF SCF CYCLES     200  CONVERGENCE ON DELTAP        10**-20
 WEIGHT OF F(I) IN F(I+1)      30% CONVERGENCE ON ENERGY        10**-10
 SHRINK. FACT.(MONKH.)    3  3  3  NUMBER OF K POINTS IN THE IBZ      6
 SHRINKING FACTOR(GILAT NET)    3  NUMBER OF K POINTS(GILAT NET)      6
 *******************************************************************************
 *** K POINTS COORDINATES (OBLIQUE COORDINATES IN UNITS OF IS =  3)
   1-R(  0  0  0)   2-C(  1  0  0)   3-C(  1  1  0)   4-C(  2  1  0)
   5-C(  1  1  1)   6-C(  2  1  1)

 DIRECT LATTICE VECTORS COMPON. (A.U.)     RECIP. LATTICE VECTORS COMPON. (A.U.) 
        X            Y            Z              X            Y            Z
   15.3988444   -0.0000000   28.1459509      0.2720198    0.0000000    0.0744120
   -7.6994222   13.3357904   28.1459509     -0.1360099    0.2355760    0.0744120
   -7.6994222  -13.3357904   28.1459509     -0.1360099   -0.2355760    0.0744120

 DISK SPACE FOR EIGENVECTORS (FTN 10)   420524379 REALS

 SYMMETRY ADAPTION OF THE BLOCH FUNCTIONS ENABLED
 TTTTTTTTTTTTTTTTTTTTTTTTTTTTTT gordsh1     TELAPSE        5.22 TCPU        0.97

 MATRIX SIZE: P(G)22265091, F(G) 3866022, P(G) IRR 1863180, F(G) IRR  649561
 MAX G-VECTOR INDEX FOR 1- AND 2-ELECTRON INTEGRALS 141

 TTTTTTTTTTTTTTTTTTTTTTTTTTTTTT INPUT       TELAPSE        6.20 TCPU        1.95

 NEIGHBORS OF THE NON-EQUIVALENT ATOMS

 N = NUMBER OF NEIGHBORS AT DISTANCE R
    ATOM  N     R/ANG      R/AU   NEIGHBORS (ATOM LABELS AND CELL INDICES)
   1 CA   6     2.2856     4.3191    5 O    0 0 0    6 O    0 0 0    7 O    0 0 0
                                     8 O    0 0 0    9 O    0 0 0   10 O    0 0 0
   1 CA   6     3.0290     5.7240    3 C    0 0 0    4 C    0 0 0   66 C    0 0 0
                                    70 C    0 0 0   87 C    0 0 0   93 C    0 0 0
   1 CA   6     3.1486     5.9499  120 O    0 0 0  157 O    0 0 0  170 O    0 0 0
                                   209 O    0 0 0  232 O    0 0 0  249 O    0 0 0
   1 CA   2     3.6243     6.8489   64 C    0 0 0   84 C    0 0 0
   1 CA   6     3.6797     6.9536   30 MG   0 0 0   34 MG   0 0 0   36 MG   0 0 0
                                    46 MG   0 0 0   48 MG   0 0 0   52 MG   0 0 0
   1 CA   6     3.8567     7.2881  118 O    0 0 0  139 O    0 0 0  164 O    0 0 0
                                   208 O    0 0 0  223 O    0 0 0  246 O    0 0 0

   2 MG   6     1.9973     3.7743  121 O    0 0 0  140 O    0 0 0  173 O    0 0 0
                                   191 O    0 0 0  226 O    0 0 0  247 O    0 0 0
   2 MG   6     2.9465     5.5681   65 C    0 0 0   67 C    0 0 0   73 C    0 0 0
                                    85 C    0 0 0   91 C    0 0 0   96 C    0 0 0
   2 MG   6     3.3410     6.3137  119 O    0 0 0  148 O    0 0 0  167 O    0 0 0
                                   193 O    0 0 0  218 O    0 0 0  253 O    0 0 0
   2 MG   6     3.6797     6.9536   11 CA   0 0 0   13 CA   0 0 0   28 CA   0 0 0
                                    82 CA   0 0 0  109 CA   0 0 0  244 CA   0 0 0
   2 MG   2     3.8228     7.2241   64 C    0 0 0   94 C    0 0 0
   2 MG   6     3.9815     7.5239  127 O    0 0 0  142 O    0 0 0  165 O    0 0 0
                                   212 O    0 0 0  233 O    0 0 0  258 O    0 0 0

   3 C    3     1.2701     2.4001    5 O    0 0 0  157 O    0 0 0  182 O    0 0 0
   3 C    3     2.9465     5.5681   37 MG  -1 0 0   48 MG   0 0 0   52 MG   0 0 0
   3 C    3     2.9612     5.5958  208 O    0 0 0  235 O    0 0 0  262 O    0 0 0
   3 C    3     3.0290     5.7240    1 CA   0 0 0   20 CA   0 0 0   22 CA   0 0 0
   3 C    3     3.1209     5.8976    9 O    0 0 0  209 O    0 0 0  265 O    0 0 0
   3 C    3     3.4473     6.5144    7 O    0 0 0  130 O   -1 0 0  155 O    0 0 0

   5 O    1     1.2701     2.4001    3 C    0 0 0
   5 O    1     1.9973     3.7743   52 MG   0 0 0
   5 O    2     2.1997     4.1568  157 O    0 0 0  182 O    0 0 0
   5 O    1     2.2856     4.3191    1 CA   0 0 0
   5 O    2     2.8170     5.3234  155 O    0 0 0  170 O    0 0 0
   5 O    2     2.8321     5.3518  223 O    0 0 0  262 O    0 0 0

  11 CA   6     2.2856     4.3191  119 O    0 0 0  146 O    0 0 0  173 O    0 0 0
                                   200 O    1 0 0  227 O    0 0 0  254 O    0 0 1
  11 CA   6     3.0290     5.7240   65 C    0 0 0   73 C    0 0 0   80 C    0 0 0
                                    92 C    0 0 1   94 C    0 0 0  100 C    1 0 0
  11 CA   6     3.1486     5.9499  127 O    0 0 0  140 O    0 0 0  180 O    0 0 0
                                   192 O    0 0 1  242 O    1 0 0  256 O    0 0 0
  11 CA   2     3.6243     6.8489   74 C    0 0 0   91 C    0 0 0
  11 CA   6     3.6797     6.9536    2 MG   0 0 0   29 MG   0 0 0   35 MG   0 0 0
                                    37 MG   0 0 0   43 MG   0 0 0   44 MG   0 0 0
  11 CA   6     3.8567     7.2881  128 O    0 0 0  149 O    0 0 0  174 O    0 0 0
                                   191 O    0 0 0  233 O    0 0 0  253 O    0 0 0

  12 CA   6     2.2856     4.3191  120 O    0 0 0  147 O    0 0 0  174 O    0 0-1
                                   201 O    1 0 0  228 O    0 0 0  255 O    0 0 0
  12 CA   6     3.0290     5.7240   66 C    0 0 0   74 C    0 0-1   81 C    0 0 0
                                    93 C    0 0 0   95 C    0 0 0  101 C    1 0 0
  12 CA   6     3.1486     5.9499    8 O    0 0 0  128 O    0 0-1  141 O    0 0 0
                                   178 O    0 0 0  243 O    1 0 0  257 O    0 0 0
  12 CA   2     3.6243     6.8489   75 C    0 0 0   92 C    0 0 0
  12 CA   6     3.6797     6.9536   29 MG   0 0-1   30 MG   0 0 0   36 MG   0 0 0
                                    38 MG   0 0-1   44 MG   0 0-1   45 MG   0 0 0
  12 CA   6     3.8567     7.2881  129 O    0 0 0  150 O    0 0 0  172 O    0 0 0
                                   192 O    0 0 0  234 O    0 0 0  254 O    0 0 0

  14 CA   6     2.2856     4.3191  122 O    0 0 0  149 O    0 0 0  176 O    0 0 0
                                   203 O    1 0 0  230 O    0 1 0  257 O    0 0 1
  14 CA   6     3.0290     5.7240   68 C    0 0 0   74 C    0 0 0   76 C    0 0 0
                                    95 C    0 0 1   97 C    0 1 0  103 C    1 0 0
  14 CA   6     3.1486     5.9499  130 O    0 0 0  143 O    0 0 0  174 O    0 0 0
                                   195 O    0 0 1  236 O    1 0 0  259 O    0 1 0
  14 CA   2     3.6243     6.8489   77 C    0 0 0   94 C    0 0 0
  14 CA   6     3.6797     6.9536   29 MG   0 0 0   31 MG   0 0 0   32 MG   0 0 0
                                    37 MG   0 0 0   38 MG   0 0 0   40 MG   0 0 0
  14 CA   6     3.8567     7.2881  131 O    0 0 0  152 O    0 0 0  177 O    0 0 0
                                   194 O    0 0 0  227 O    0 0 0  256 O    0 0 0

  15 CA   6     2.2856     4.3191  123 O    0 0 0  150 O    0 0 0  177 O    0 0-1
                                   204 O    1 0 0  231 O    0 1 0  258 O    0 0 0
  15 CA   6     3.0290     5.7240   69 C    0 0 0   75 C    0 0 0   77 C    0 0-1
                                    96 C    0 0 0   98 C    0 1 0  104 C    1 0 0
  15 CA   6     3.1486     5.9499  131 O    0 0-1  144 O    0 0 0  172 O    0 0 0
                                   193 O    0 0 0  237 O    1 0 0  260 O    0 1 0
  15 CA   2     3.6243     6.8489   78 C    0 0 0   95 C    0 0 0
  15 CA   6     3.6797     6.9536   30 MG   0 0 0   32 MG   0 0-1   33 MG   0 0 0
                                    38 MG   0 0-1   39 MG   0 0 0   41 MG   0 0-1
  15 CA   6     3.8567     7.2881  132 O    0 0 0  153 O    0 0 0  175 O    0 0 0
                                   195 O    0 0 0  228 O    0 0 0  257 O    0 0 0

  19 CA   6     2.2856     4.3191  127 O   -1 0 0  154 O    0 0 0  181 O    0 0 0
                                   208 O    0 0 0  235 O    0 0 0  262 O    0 0 0
  19 CA   6     3.0290     5.7240   57 C    0 0 0   61 C    0 0 0   73 C   -1 0 0
                                    84 C    0 0 0  100 C    0 0 0  105 C    0 0 0
  19 CA   6     3.1486     5.9499  111 O    0 0 0  148 O   -1 0 0  188 O    0 0 0
                                   200 O    0 0 0  223 O    0 0 0  267 O    0 0 0
  19 CA   2     3.6243     6.8489    3 C    0 0 0  102 C    0 0 0
  19 CA   6     3.6797     6.9536   37 MG  -1 0 0   39 MG  -1 0 0   43 MG  -1 0 0
                                    48 MG   0 0 0   52 MG   0 0 0   54 MG   0 0 0
  19 CA   6     3.8567     7.2881    5 O    0 0 0  157 O    0 0 0  182 O    0 0 0
                                   199 O    0 0 0  241 O    0 0 0  264 O    0 0 0

  29 MG   6     1.9973     3.7743  122 O    0 0 0  141 O    0 0 1  174 O    0 0 0
                                   192 O    0 0 1  227 O    0 0 0  248 O    0 0 1
  29 MG   6     2.9465     5.5681   66 C    0 0 1   68 C    0 0 0   74 C    0 0 0
                                    86 C    0 0 1   92 C    0 0 1   94 C    0 0 0
  29 MG   6     3.3410     6.3137  120 O    0 0 1  149 O    0 0 0  168 O    0 0 0
                                   194 O    0 0 0  219 O    0 0 1  254 O    0 0 1
  29 MG   6     3.6797     6.9536   11 CA   0 0 0   12 CA   0 0 1   14 CA   0 0 0
                                    55 CA   0 0 1  109 CA   0 0 0  136 CA   0 0 1
  29 MG   2     3.8228     7.2241   65 C    0 0 0   95 C    0 0 1
  29 MG   6     3.9815     7.5239    7 O    0 0 1  128 O    0 0 0  143 O    0 0 0
                                   213 O    0 0 1  234 O    0 0 1  256 O    0 0 0

  30 MG   6     1.9973     3.7743    8 O    0 0 0  123 O    0 0 0  139 O    0 0 0
                                   172 O    0 0 0  228 O    0 0 0  249 O    0 0 0
  30 MG   6     2.9465     5.5681   64 C    0 0 0   69 C    0 0 0   75 C    0 0 0
                                    87 C    0 0 0   93 C    0 0 0   95 C    0 0 0
  30 MG   6     3.3410     6.3137    9 O    0 0 0  118 O    0 0 0  150 O    0 0 0
                                   166 O    0 0 0  195 O    0 0 0  255 O    0 0 0
  30 MG   6     3.6797     6.9536    1 CA   0 0 0   12 CA   0 0 0   15 CA   0 0 0
                                    82 CA   0 0 0  136 CA   0 0 0  244 CA   0 0 0
  30 MG   2     3.8228     7.2241   66 C    0 0 0   96 C    0 0 0
  30 MG   6     3.9815     7.5239  129 O    0 0 0  144 O    0 0 0  164 O    0 0 0
                                   211 O    0 0 0  232 O    0 0 0  257 O    0 0 0

  32 MG   6     1.9973     3.7743  125 O    0 1 0  144 O    0 0 1  177 O    0 0 0
                                   195 O    0 0 1  230 O    0 1 0  251 O    0 1 1
  32 MG   6     2.9465     5.5681   69 C    0 0 1   71 C    0 1 0   77 C    0 0 0
                                    89 C    0 1 1   95 C    0 0 1   97 C    0 1 0
  32 MG   6     3.3410     6.3137  123 O    0 0 1  152 O    0 0 0  171 O    0 1 0
                                   197 O    0 1 0  222 O    0 1 1  257 O    0 0 1
  32 MG   6     3.6797     6.9536   14 CA   0 0 0   15 CA   0 0 1   17 CA   0 1 0
                                   136 CA   0 0 1  190 CA   0 1 0  217 CA   0 1 1
  32 MG   2     3.8228     7.2241   68 C    0 0 0   98 C    0 1 1
  32 MG   6     3.9815     7.5239  131 O    0 0 0  137 O    0 1 0  166 O    0 0 1
                                   216 O    0 1 1  228 O    0 0 1  259 O    0 1 0

  33 MG   6     1.9973     3.7743  126 O    0 1 0  142 O    0 0 0  175 O    0 0 0
                                   193 O    0 0 0  231 O    0 1 0  252 O    0 1 0
  33 MG   6     2.9465     5.5681   67 C    0 0 0   72 C    0 1 0   78 C    0 0 0
                                    90 C    0 1 0   96 C    0 0 0   98 C    0 1 0
  33 MG   6     3.3410     6.3137  121 O    0 0 0  153 O    0 0 0  169 O    0 1 0
                                   198 O    0 1 0  220 O    0 1 0  258 O    0 0 0
  33 MG   6     3.6797     6.9536   13 CA   0 0 0   15 CA   0 0 0   18 CA   0 1 0
                                    82 CA   0 0 0  163 CA   0 1 0  217 CA   0 1 0
  33 MG   2     3.8228     7.2241   69 C    0 0 0   99 C    0 1 0
  33 MG   6     3.9815     7.5239  132 O    0 0 0  138 O    0 1 0  167 O    0 0 0
                                   214 O    0 1 0  226 O    0 0 0  260 O    0 1 0

  41 MG   6     1.9973     3.7743  134 O    0 1 0  153 O    0 0 1  186 O    1 0 0
                                   204 O    1 0 1  239 O    1 1 0  260 O    0 1 1
  41 MG   6     2.9465     5.5681   59 C    1 0 0   78 C    0 0 1   80 C    0 1 0
                                    98 C    0 1 1  104 C    1 0 1  106 C    1 1 0
  41 MG   6     3.3410     6.3137  132 O    0 0 1  161 O    1 0 0  180 O    0 1 0
                                   206 O    1 1 0  231 O    0 1 1  266 O    1 0 1
  41 MG   6     3.6797     6.9536   15 CA   0 0 1   17 CA   0 1 0   18 CA   0 1 1
                                    23 CA   1 0 0   24 CA   1 0 1   26 CA   1 1 0
  41 MG   2     3.8228     7.2241   77 C    0 0 0  107 C    1 1 1
  41 MG   6     3.9815     7.5239  113 O    1 0 0  146 O    0 1 0  175 O    0 0 1
                                   198 O    0 1 1  237 O    1 0 1  268 O    1 1 0

  56 C    3     1.2701     2.4001  110 O    0 0 0  158 O    0 0 0  183 O    0 0 0
  56 C    3     2.9465     5.5681   38 MG  -1 0 0   46 MG   0 0 0   53 MG   0 0 0
  56 C    3     2.9612     5.5958  209 O    0 0 0  236 O    0 0 0  263 O    0 0 1
  56 C    3     3.0290     5.7240   21 CA   0 0 1   23 CA   0 0 0   28 CA   0 0 0
  56 C    3     3.1209     5.8976  210 O    0 0 1  218 O    0 0 0  266 O    0 0 1
  56 C    3     3.4473     6.5144  131 O   -1 0 0  156 O    0 0 1  164 O    0 0 0

  57 C    3     1.2701     2.4001  111 O    0 0 0  159 O    0 0 0  181 O    0 0 0
  57 C    3     2.9465     5.5681   39 MG  -1 0 0   47 MG   0 0-1   54 MG   0 0 0
  57 C    3     2.9612     5.5958  210 O    0 0 0  237 O    0 0 0  264 O    0 0 0
  57 C    3     3.0290     5.7240   19 CA   0 0 0   24 CA   0 0 0   55 CA   0 0 0
  57 C    3     3.1209     5.8976  208 O    0 0 0  219 O    0 0 0  267 O    0 0 0
  57 C    3     3.4473     6.5144  132 O   -1 0 0  154 O    0 0 0  165 O    0 0-1

  58 C    3     1.2701     2.4001  112 O    0 0 0  160 O    0 0 0  185 O    0 0 0
  58 C    3     2.9465     5.5681   40 MG  -1 0 0   46 MG   0 0 0   51 MG   0 0 0
  58 C    3     2.9612     5.5958  211 O    0 0 0  238 O    0 1 0  265 O    0 0 0
  58 C    3     3.0290     5.7240   23 CA   0 0 0   25 CA   0 1 0   82 CA   0 0 0
  58 C    3     3.1209     5.8976  212 O    0 0 0  220 O    0 1 0  268 O    0 1 0
  58 C    3     3.4473     6.5144  133 O   -1 1 0  158 O    0 0 0  166 O    0 0 0

  59 C    3     1.2701     2.4001  113 O    0 0 0  161 O    0 0 0  186 O    0 0 0
  59 C    3     2.9465     5.5681   41 MG  -1 0 0   47 MG   0 0 0   49 MG   0 0 0
  59 C    3     2.9612     5.5958  212 O    0 0 0  239 O    0 1 0  266 O    0 0 1
  59 C    3     3.0290     5.7240   24 CA   0 0 1   26 CA   0 1 0  109 CA   0 0 0
  59 C    3     3.1209     5.8976  213 O    0 0 1  221 O    0 1 0  269 O    0 1 1
  59 C    3     3.4473     6.5144  134 O   -1 1 0  159 O    0 0 1  167 O    0 0 0

  60 C    3     1.2701     2.4001  114 O    0 0 0  162 O    0 0 0  184 O    0 0 0
  60 C    3     2.9465     5.5681   42 MG  -1 0 0   48 MG   0 0 0   50 MG   0 0-1
  60 C    3     2.9612     5.5958  213 O    0 0 0  240 O    0 1 0  267 O    0 0 0
  60 C    3     3.0290     5.7240   22 CA   0 0 0   27 CA   0 1 0  136 CA   0 0 0
  60 C    3     3.1209     5.8976  211 O    0 0 0  222 O    0 1 0  270 O    0 1 0
  60 C    3     3.4473     6.5144  135 O   -1 1 0  157 O    0 0 0  168 O    0 0-1

  63 C    3     1.2701     2.4001  117 O    0 0 0  156 O    0 0 0  187 O    0 0 0
  63 C    3     2.9465     5.5681   45 MG  -1 0 0   51 MG   0-1 0   53 MG   0 0-1
  63 C    3     2.9612     5.5958  216 O    0 0 0  243 O    0 0 0  270 O    0 0 0
  63 C    3     3.0290     5.7240   21 CA   0 0 0   25 CA   0 0 0  217 CA   0 0 0
  63 C    3     3.1209     5.8976  214 O    0 0 0  225 O    0 0 0  264 O    0 0 0
  63 C    3     3.4473     6.5144  129 O   -1 0 0  160 O    0-1 0  171 O    0 0-1

  64 C    3     1.2701     2.4001  118 O    0 0 0  139 O    0 0 0  164 O    0 0 0
  64 C    3     2.9465     5.5681   30 MG   0 0 0   34 MG   0 0 0   46 MG   0 0 0
  64 C    3     2.9612     5.5958    8 O    0 0 0    9 O    0 0 0   10 O    0 0 0
  64 C    3     3.0290     5.7240   28 CA   0 0 0   82 CA   0 0 0  244 CA   0 0 0
  64 C    3     3.1209     5.8976  191 O    0 0 0  226 O    0 0 0  247 O    0 0 0
  64 C    3     3.4473     6.5144  112 O    0 0 0  137 O    0 0 0  172 O    0 0 0

  65 C    3     1.2701     2.4001  119 O    0 0 0  140 O    0 0 0  165 O    0 0 0
  65 C    3     2.9465     5.5681    2 MG   0 0 0   35 MG   0 0 0   47 MG   0 0 0
  65 C    3     2.9612     5.5958  191 O    0 0 0  218 O    0 0 0  245 O    0 0 1
  65 C    3     3.0290     5.7240   11 CA   0 0 0   55 CA   0 0 1  109 CA   0 0 0
  65 C    3     3.1209     5.8976  192 O    0 0 1  227 O    0 0 0  248 O    0 0 1
  65 C    3     3.4473     6.5144  113 O    0 0 0  138 O    0 0 1  173 O    0 0 0

  68 C    3     1.2701     2.4001  122 O    0 0 0  143 O    0 0 0  168 O    0 0 0
  68 C    3     2.9465     5.5681   29 MG   0 0 0   31 MG   0 0 0   50 MG   0 0 0
  68 C    3     2.9612     5.5958  194 O    0 0 0  221 O    0 1 0  248 O    0 0 1
  68 C    3     3.0290     5.7240   14 CA   0 0 0  136 CA   0 0 1  190 CA   0 1 0
  68 C    3     3.1209     5.8976  195 O    0 0 1  230 O    0 1 0  251 O    0 1 1
  68 C    3     3.4473     6.5144  116 O    0 1 0  141 O    0 0 1  176 O    0 0 0

  77 C    3     1.2701     2.4001  131 O    0 0 0  152 O    0 0 0  177 O    0 0 0
  77 C    3     2.9465     5.5681   32 MG   0 0 0   38 MG   0 0 0   40 MG   0 0 0
  77 C    3     2.9612     5.5958  203 O    1 0 0  230 O    0 1 0  257 O    0 0 1
  77 C    3     3.0290     5.7240   15 CA   0 0 1   17 CA   0 1 0   23 CA   1 0 0
  77 C    3     3.1209     5.8976  204 O    1 0 1  239 O    1 1 0  260 O    0 1 1
  77 C    3     3.4473     6.5144  125 O    0 1 0  150 O    0 0 1  185 O    1 0 0

 110 O    1     1.2701     2.4001   56 C    0 0 0
 110 O    1     1.9973     3.7743   53 MG   0 0 0
 110 O    2     2.1997     4.1568  158 O    0 0 0  183 O    0 0 0
 110 O    1     2.2856     4.3191   28 CA   0 0 0
 110 O    2     2.8170     5.3234  156 O    0 0 1  171 O    0 0 0
 110 O    2     2.8321     5.3518  224 O    0 0 0  263 O    0 0 1

 111 O    1     1.2701     2.4001   57 C    0 0 0
 111 O    1     1.9973     3.7743   54 MG   0 0 0
 111 O    2     2.1997     4.1568  159 O    0 0 0  181 O    0 0 0
 111 O    1     2.2856     4.3191   55 CA   0 0 0
 111 O    2     2.8170     5.3234  154 O    0 0 0  169 O    0 0 0
 111 O    2     2.8321     5.3518  225 O    0 0 0  264 O    0 0 0

 112 O    1     1.2701     2.4001   58 C    0 0 0
 112 O    1     1.9973     3.7743   46 MG   0 0 0
 112 O    2     2.1997     4.1568  160 O    0 0 0  185 O    0 0 0
 112 O    1     2.2856     4.3191   82 CA   0 0 0
 112 O    2     2.8170     5.3234  158 O    0 0 0  164 O    0 0 0
 112 O    2     2.8321     5.3518    9 O    0 0 0  265 O    0 0 0

 113 O    1     1.2701     2.4001   59 C    0 0 0
 113 O    1     1.9973     3.7743   47 MG   0 0 0
 113 O    2     2.1997     4.1568  161 O    0 0 0  186 O    0 0 0
 113 O    1     2.2856     4.3191  109 CA   0 0 0
 113 O    2     2.8170     5.3234  159 O    0 0 1  165 O    0 0 0
 113 O    2     2.8321     5.3518  218 O    0 0 0  266 O    0 0 1

 114 O    1     1.2701     2.4001   60 C    0 0 0
 114 O    1     1.9973     3.7743   48 MG   0 0 0
 114 O    2     2.1997     4.1568  162 O    0 0 0  184 O    0 0 0
 114 O    1     2.2856     4.3191  136 CA   0 0 0
 114 O    2     2.8170     5.3234    7 O    0 0 0  157 O    0 0 0
 114 O    2     2.8321     5.3518  219 O    0 0 0  267 O    0 0 0

 115 O    1     1.2701     2.4001   61 C    0 0 0
 115 O    1     1.9973     3.7743   49 MG   0-1 0
 115 O    2     2.1997     4.1568  154 O    0 0 0  188 O    0 0 0
 115 O    1     2.2856     4.3191  163 CA   0 0 0
 115 O    2     2.8170     5.3234  161 O    0-1 0  167 O    0-1 0
 115 O    2     2.8321     5.3518  220 O    0 0 0  268 O    0 0 0

 116 O    1     1.2701     2.4001   62 C    0 0 0
 116 O    1     1.9973     3.7743   50 MG   0-1 0
 116 O    2     2.1997     4.1568  155 O    0 0 0  189 O    0 0 0
 116 O    1     2.2856     4.3191  190 CA   0 0 0
 116 O    2     2.8170     5.3234  162 O    0-1 1  168 O    0-1 0
 116 O    2     2.8321     5.3518  221 O    0 0 0  269 O    0 0 1

 117 O    1     1.2701     2.4001   63 C    0 0 0
 117 O    1     1.9973     3.7743   51 MG   0-1 0
 117 O    2     2.1997     4.1568  156 O    0 0 0  187 O    0 0 0
 117 O    1     2.2856     4.3191  217 CA   0 0 0
 117 O    2     2.8170     5.3234  160 O    0-1 0  166 O    0-1 0
 117 O    2     2.8321     5.3518  222 O    0 0 0  270 O    0 0 0

 118 O    1     1.2701     2.4001   64 C    0 0 0
 118 O    1     1.9973     3.7743   34 MG   0 0 0
 118 O    2     2.1997     4.1568  139 O    0 0 0  164 O    0 0 0
 118 O    1     2.2856     4.3191  244 CA   0 0 0
 118 O    2     2.8170     5.3234  137 O    0 0 0  179 O    0 0 0
 118 O    2     2.8321     5.3518   10 O    0 0 0  232 O    0 0 0

 119 O    1     1.2701     2.4001   65 C    0 0 0
 119 O    1     1.9973     3.7743   35 MG   0 0 0
 119 O    2     2.1997     4.1568  140 O    0 0 0  165 O    0 0 0
 119 O    1     2.2856     4.3191   11 CA   0 0 0
 119 O    2     2.8170     5.3234  138 O    0 0 1  180 O    0 0 0
 119 O    2     2.8321     5.3518  233 O    0 0 0  245 O    0 0 1

 120 O    1     1.2701     2.4001   66 C    0 0 0
 120 O    1     1.9973     3.7743   36 MG   0 0 0
 120 O    2     2.1997     4.1568    7 O    0 0 0  141 O    0 0 0
 120 O    1     2.2856     4.3191   12 CA   0 0 0
 120 O    2     2.8170     5.3234    6 O    0 0 0  178 O    0 0 0
 120 O    2     2.8321     5.3518  234 O    0 0 0  246 O    0 0 0

 121 O    1     1.2701     2.4001   67 C    0 0 0
 121 O    1     1.9973     3.7743    2 MG   0 0 0
 121 O    2     2.1997     4.1568  142 O    0 0 0  167 O    0 0 0
 121 O    1     2.2856     4.3191   13 CA   0 0 0
 121 O    2     2.8170     5.3234  140 O    0 0 0  173 O    0 0 0
 121 O    2     2.8321     5.3518  226 O    0 0 0  247 O    0 0 0

 122 O    1     1.2701     2.4001   68 C    0 0 0
 122 O    1     1.9973     3.7743   29 MG   0 0 0
 122 O    2     2.1997     4.1568  143 O    0 0 0  168 O    0 0 0
 122 O    1     2.2856     4.3191   14 CA   0 0 0
 122 O    2     2.8170     5.3234  141 O    0 0 1  174 O    0 0 0
 122 O    2     2.8321     5.3518  227 O    0 0 0  248 O    0 0 1

 123 O    1     1.2701     2.4001   69 C    0 0 0
 123 O    1     1.9973     3.7743   30 MG   0 0 0
 123 O    2     2.1997     4.1568  144 O    0 0 0  166 O    0 0 0
 123 O    1     2.2856     4.3191   15 CA   0 0 0
 123 O    2     2.8170     5.3234  139 O    0 0 0  172 O    0 0 0
 123 O    2     2.8321     5.3518  228 O    0 0 0  249 O    0 0 0

 124 O    1     1.2701     2.4001   70 C    0 0 0
 124 O    1     1.9973     3.7743   31 MG   0-1 0
 124 O    2     2.1997     4.1568    6 O    0 0 0  170 O    0 0 0
 124 O    1     2.2856     4.3191   16 CA   0 0 0
 124 O    2     2.8170     5.3234  143 O    0-1 0  176 O    0-1 0
 124 O    2     2.8321     5.3518  229 O    0 0 0  250 O    0 0 0

 125 O    1     1.2701     2.4001   71 C    0 0 0
 125 O    1     1.9973     3.7743   32 MG   0-1 0
 125 O    2     2.1997     4.1568  137 O    0 0 0  171 O    0 0 0
 125 O    1     2.2856     4.3191   17 CA   0 0 0
 125 O    2     2.8170     5.3234  144 O    0-1 1  177 O    0-1 0
 125 O    2     2.8321     5.3518  230 O    0 0 0  251 O    0 0 1

 126 O    1     1.2701     2.4001   72 C    0 0 0
 126 O    1     1.9973     3.7743   33 MG   0-1 0
 126 O    2     2.1997     4.1568  138 O    0 0 0  169 O    0 0 0
 126 O    1     2.2856     4.3191   18 CA   0 0 0
 126 O    2     2.8170     5.3234  142 O    0-1 0  175 O    0-1 0
 126 O    2     2.8321     5.3518  231 O    0 0 0  252 O    0 0 0

 127 O    1     1.2701     2.4001   73 C    0 0 0
 127 O    1     1.9973     3.7743   43 MG   0 0 0
 127 O    2     2.1997     4.1568  148 O    0 0 0  173 O    0 0 0
 127 O    1     2.2856     4.3191   19 CA   1 0 0
 127 O    2     2.8170     5.3234  146 O    0 0 0  188 O    1 0 0
 127 O    2     2.8321     5.3518  241 O    1 0 0  253 O    0 0 0

 128 O    1     1.2701     2.4001   74 C    0 0 0
 128 O    1     1.9973     3.7743   44 MG   0 0 0
 128 O    2     2.1997     4.1568  149 O    0 0 0  174 O    0 0 0
 128 O    1     2.2856     4.3191   20 CA   1 0 0
 128 O    2     2.8170     5.3234  147 O    0 0 1  189 O    1 0 0
 128 O    2     2.8321     5.3518  242 O    1 0 0  254 O    0 0 1

 129 O    1     1.2701     2.4001   75 C    0 0 0
 129 O    1     1.9973     3.7743   45 MG   0 0 0
 129 O    2     2.1997     4.1568  150 O    0 0 0  172 O    0 0 0
 129 O    1     2.2856     4.3191   21 CA   1 0 0
 129 O    2     2.8170     5.3234  145 O    0 0 0  187 O    1 0 0
 129 O    2     2.8321     5.3518  243 O    1 0 0  255 O    0 0 0

 130 O    1     1.2701     2.4001   76 C    0 0 0
 130 O    1     1.9973     3.7743   37 MG   0 0 0
 130 O    2     2.1997     4.1568  151 O    0 0 0  176 O    0 0 0
 130 O    1     2.2856     4.3191   22 CA   1 0 0
 130 O    2     2.8170     5.3234  149 O    0 0 0  182 O    1 0 0
 130 O    2     2.8321     5.3518  235 O    1 0 0  256 O    0 0 0

 131 O    1     1.2701     2.4001   77 C    0 0 0
 131 O    1     1.9973     3.7743   38 MG   0 0 0
 131 O    2     2.1997     4.1568  152 O    0 0 0  177 O    0 0 0
 131 O    1     2.2856     4.3191   23 CA   1 0 0
 131 O    2     2.8170     5.3234  150 O    0 0 1  183 O    1 0 0
 131 O    2     2.8321     5.3518  236 O    1 0 0  257 O    0 0 1

 132 O    1     1.2701     2.4001   78 C    0 0 0
 132 O    1     1.9973     3.7743   39 MG   0 0 0
 132 O    2     2.1997     4.1568  153 O    0 0 0  175 O    0 0 0
 132 O    1     2.2856     4.3191   24 CA   1 0 0
 132 O    2     2.8170     5.3234  148 O    0 0 0  181 O    1 0 0
 132 O    2     2.8321     5.3518  237 O    1 0 0  258 O    0 0 0

 133 O    1     1.2701     2.4001   79 C    0 0 0
 133 O    1     1.9973     3.7743   40 MG   0-1 0
 133 O    2     2.1997     4.1568  145 O    0 0 0  179 O    0 0 0
 133 O    1     2.2856     4.3191   25 CA   1 0 0
 133 O    2     2.8170     5.3234  152 O    0-1 0  185 O    1-1 0
 133 O    2     2.8321     5.3518  238 O    1 0 0  259 O    0 0 0

 134 O    1     1.2701     2.4001   80 C    0 0 0
 134 O    1     1.9973     3.7743   41 MG   0-1 0
 134 O    2     2.1997     4.1568  146 O    0 0 0  180 O    0 0 0
 134 O    1     2.2856     4.3191   26 CA   1 0 0
 134 O    2     2.8170     5.3234  153 O    0-1 1  186 O    1-1 0
 134 O    2     2.8321     5.3518  239 O    1 0 0  260 O    0 0 1

 135 O    1     1.2701     2.4001   81 C    0 0 0
 135 O    1     1.9973     3.7743   42 MG   0-1 0
 135 O    2     2.1997     4.1568  147 O    0 0 0  178 O    0 0 0
 135 O    1     2.2856     4.3191   27 CA   1 0 0
 135 O    2     2.8170     5.3234  151 O    0-1 0  184 O    1-1 0
 135 O    2     2.8321     5.3518  240 O    1 0 0  261 O    0 0 0


 SYMMETRY ALLOWED INTERNAL DEGREE(S) OF FREEDOM: 134
 TTTTTTTTTTTTTTTTTTTTTTTTTTTTTT SYMM        TELAPSE        6.34 TCPU        2.09
 TTTTTTTTTTTTTTTTTTTTTTTTTTTTTT INT_SCREEN  TELAPSE        6.66 TCPU        2.41

 *******************************************************************************
 *                                                                             *
 *                                                                             *
 *         FFFFF  RRRR   EEEE   QQQ   U   U  EEEE  N   N   CCC  Y   Y          *
 *         F      R   R  E     Q   Q  U   U  E     NN  N  C      Y Y           *
 *         FFF    RRRR   EEEE  Q   Q  U   U  EEEE  N N N  C       Y            *
 *         F      R   R  E     Q  QQ  U   U  E     N  NN  C       Y            *
 *         F      R   R  EEEE   QQ Q   UUU   EEEE  N   N   CCC    Y            *
 *                                                                             *
 *                                                                             *
 * CALCULATION OF PHONON FREQUENCIES AT A SET OF K POINTS BY USING A SUPERCELL *
 * SCHEME. THE FOLLOWING SUPERCELL HAS BEEN USED:                              *
 *     3.000     0.000     0.000                                               *
 *     0.000     3.000     0.000                                               *
 *     0.000     0.000     3.000                                               *
 * THAT PERMITS THE CALCULATION OF MODES AT    27 K POINTS                     *
 * INTENSITIES COMPUTED VIA THE BERRY PHASE APPROACH                           *
 *                                                                             *
 * REFERENCES TO BE QUOTED WHEN USING THIS MODULE:                             *
 *                                                                             *
 * F. Pascale, C.M. Zicovich-Wilson, F. Lopez, B. Civalleri                    *
 * R. Orlando, R. Dovesi                                                       *
 * The calculation of the vibration frequencies of crystalline                 *
 * compounds and its implementation in the CRYSTAL code                        *
 * J. Comput. Chem. 25 (2004) 888-897                                          *
 *                                                                             *
 * C.M. Zicovich-Wilson, F. Pascale, C. Roetti, V.R. Saunders,                 *
 * R. Orlando, R. Dovesi                                                       *
 * The calculation of the vibration frequencies of alpha-quartz:               *
 * the effect of hamiltonian and basis set                                     *
 * J. Comput. Chem. 25 (2004) 1873-1881                                        *
 *******************************************************************************



 ATOMS ISOTOPIC MASS (AMU) FOR FREQUENCY CALCULATION 

    1 CA     39.9626    2 MG     23.9850    3 C      12.0000    4 C      12.0000
    5 O      15.9949    6 O      15.9949    7 O      15.9949    8 O      15.9949
    9 O      15.9949   10 O      15.9949   11 CA     39.9626   12 CA     39.9626
   13 CA     39.9626   14 CA     39.9626   15 CA     39.9626   16 CA     39.9626
   17 CA     39.9626   18 CA     39.9626   19 CA     39.9626   20 CA     39.9626
   21 CA     39.9626   22 CA     39.9626   23 CA     39.9626   24 CA     39.9626
   25 CA     39.9626   26 CA     39.9626   27 CA     39.9626   28 CA     39.9626
   29 MG     23.9850   30 MG     23.9850   31 MG     23.9850   32 MG     23.9850
   33 MG     23.9850   34 MG     23.9850   35 MG     23.9850   36 MG     23.9850
   37 MG     23.9850   38 MG     23.9850   39 MG     23.9850   40 MG     23.9850
   41 MG     23.9850   42 MG     23.9850   43 MG     23.9850   44 MG     23.9850
   45 MG     23.9850   46 MG     23.9850   47 MG     23.9850   48 MG     23.9850
   49 MG     23.9850   50 MG     23.9850   51 MG     23.9850   52 MG     23.9850
   53 MG     23.9850   54 MG     23.9850   55 CA     39.9626   56 C      12.0000
   57 C      12.0000   58 C      12.0000   59 C      12.0000   60 C      12.0000
   61 C      12.0000   62 C      12.0000   63 C      12.0000   64 C      12.0000
   65 C      12.0000   66 C      12.0000   67 C      12.0000   68 C      12.0000
   69 C      12.0000   70 C      12.0000   71 C      12.0000   72 C      12.0000
   73 C      12.0000   74 C      12.0000   75 C      12.0000   76 C      12.0000
   77 C      12.0000   78 C      12.0000   79 C      12.0000   80 C      12.0000
   81 C      12.0000   82 CA     39.9626   83 C      12.0000   84 C      12.0000
   85 C      12.0000   86 C      12.0000   87 C      12.0000   88 C      12.0000
   89 C      12.0000   90 C      12.0000   91 C      12.0000   92 C      12.0000
   93 C      12.0000   94 C      12.0000   95 C      12.0000   96 C      12.0000
   97 C      12.0000   98 C      12.0000   99 C      12.0000  100 C      12.0000
  101 C      12.0000  102 C      12.0000  103 C      12.0000  104 C      12.0000
  105 C      12.0000  106 C      12.0000  107 C      12.0000  108 C      12.0000
  109 CA     39.9626  110 O      15.9949  111 O      15.9949  112 O      15.9949
  113 O      15.9949  114 O      15.9949  115 O      15.9949  116 O      15.9949
  117 O      15.9949  118 O      15.9949  119 O      15.9949  120 O      15.9949
  121 O      15.9949  122 O      15.9949  123 O      15.9949  124 O      15.9949
  125 O      15.9949  126 O      15.9949  127 O      15.9949  128 O      15.9949
  129 O      15.9949  130 O      15.9949  131 O      15.9949  132 O      15.9949
  133 O      15.9949  134 O      15.9949  135 O      15.9949  136 CA     39.9626
  137 O      15.9949  138 O      15.9949  139 O      15.9949  140 O      15.9949
  141 O      15.9949  142 O      15.9949  143 O      15.9949  144 O      15.9949
  145 O      15.9949  146 O      15.9949  147 O      15.9949  148 O      15.9949
  149 O      15.9949  150 O      15.9949  151 O      15.9949  152 O      15.9949
  153 O      15.9949  154 O      15.9949  155 O      15.9949  156 O      15.9949
  157 O      15.9949  158 O      15.9949  159 O      15.9949  160 O      15.9949
  161 O      15.9949  162 O      15.9949  163 CA     39.9626  164 O      15.9949
  165 O      15.9949  166 O      15.9949  167 O      15.9949  168 O      15.9949
  169 O      15.9949  170 O      15.9949  171 O      15.9949  172 O      15.9949
  173 O      15.9949  174 O      15.9949  175 O      15.9949  176 O      15.9949
  177 O      15.9949  178 O      15.9949  179 O      15.9949  180 O      15.9949
  181 O      15.9949  182 O      15.9949  183 O      15.9949  184 O      15.9949
  185 O      15.9949  186 O      15.9949  187 O      15.9949  188 O      15.9949
  189 O      15.9949  190 CA     39.9626  191 O      15.9949  192 O      15.9949
  193 O      15.9949  194 O      15.9949  195 O      15.9949  196 O      15.9949
  197 O      15.9949  198 O      15.9949  199 O      15.9949  200 O      15.9949
  201 O      15.9949  202 O      15.9949  203 O      15.9949  204 O      15.9949
  205 O      15.9949  206 O      15.9949  207 O      15.9949  208 O      15.9949
  209 O      15.9949  210 O      15.9949  211 O      15.9949  212 O      15.9949
  213 O      15.9949  214 O      15.9949  215 O      15.9949  216 O      15.9949
  217 CA     39.9626  218 O      15.9949  219 O      15.9949  220 O      15.9949
  221 O      15.9949  222 O      15.9949  223 O      15.9949  224 O      15.9949
  225 O      15.9949  226 O      15.9949  227 O      15.9949  228 O      15.9949
  229 O      15.9949  230 O      15.9949  231 O      15.9949  232 O      15.9949
  233 O      15.9949  234 O      15.9949  235 O      15.9949  236 O      15.9949
  237 O      15.9949  238 O      15.9949  239 O      15.9949  240 O      15.9949
  241 O      15.9949  242 O      15.9949  243 O      15.9949  244 CA     39.9626
  245 O      15.9949  246 O      15.9949  247 O      15.9949  248 O      15.9949
  249 O      15.9949  250 O      15.9949  251 O      15.9949  252 O      15.9949
  253 O      15.9949  254 O      15.9949  255 O      15.9949  256 O      15.9949
  257 O      15.9949  258 O      15.9949  259 O      15.9949  260 O      15.9949
  261 O      15.9949  262 O      15.9949  263 O      15.9949  264 O      15.9949
  265 O      15.9949  266 O      15.9949  267 O      15.9949  268 O      15.9949
  269 O      15.9949  270 O      15.9949
 *******************************************************************************
 *                                                                             *
 * LIST OF THE K POINTS USED FOF PHONON DISPERSION.                            *
 * IN THESE K POINTS THE DYNAMICAL MATRIX IS DIAGONALIZED                      *
 * AND THE RESULTING FREQUENCIES ARE USED FOR THERMODYNAMICS                   *
 *  K       WEIGHT       COORD                                                 *
 *      1         1.        0  0  0                                            *
 *      2         1.        0  0  1                                            *
 *      3         1.        0  0  2                                            *
 *      4         1.        0  1  0                                            *
 *      5         1.        0  1  1                                            *
 *      6         1.        0  1  2                                            *
 *      7         1.        0  2  0                                            *
 *      8         1.        0  2  1                                            *
 *      9         1.        0  2  2                                            *
 *     10         1.        1  0  0                                            *
 *     11         1.        1  0  1                                            *
 *     12         1.        1  0  2                                            *
 *     13         1.        1  1  0                                            *
 *     14         1.        1  1  1                                            *
 *     15         1.        1  1  2                                            *
 *     16         1.        1  2  0                                            *
 *     17         1.        1  2  1                                            *
 *     18         1.        1  2  2                                            *
 *     19         1.        2  0  0                                            *
 *     20         1.        2  0  1                                            *
 *     21         1.        2  0  2                                            *
 *     22         1.        2  1  0                                            *
 *     23         1.        2  1  1                                            *
 *     24         1.        2  1  2                                            *
 *     25         1.        2  2  0                                            *
 *     26         1.        2  2  1                                            *
 *     27         1.        2  2  2                                            *
 * WITH SHRINKING FACTORS: IS1 =     3 IS2 =     3 IS3 =     3                 *
 * AND RECIPROCAL LATTICE VECTORS:                                             *
 *       1.5421286    0.0000000    0.4218546                                   *
 *      -0.7710643    1.3355226    0.4218546                                   *
 *      -0.7710643   -1.3355226    0.4218546                                   *
 *******************************************************************************

 INFORMATION CONCERNING THE SCF+GRADIENT CALCULATIONS REQUIRED FOR
 GENERATING FREQUENCIES. IN PRINCIPLE 3N+1 SCF + GRADIENT
 CALCULATIONS  ARE REQUIRED;
 FOR EACH OF THEM THE REMAINING POINT SYMMETRY IS INDICATED.
 POINT SYMMETRY PERMITS TO GENERATE GRADIENTS FOR DISPLACEMENT B 
 STARTING FROM THE GRADIENT GENERATED BY DISPLACEMENT A.

   N   LABEL SYMBOL DISPLACEMENT     SYM. 

   1     EQUILIBRIUM GEOMETRY            6

   2      1   CA           DX           1
   3      1   CA           DY        GENERATED FROM LINE X WITH OP   2
   4      1   CA           DZ           3
   5      2   MG           DX           1
   6      2   MG           DY        GENERATED FROM LINE X WITH OP   2
   7      2   MG           DZ           3
   8      3   C            DX           1
   9      3   C            DY        GENERATED FROM LINE X WITH OP   2
  10      3   C            DZ           1
  11      5   O            DX           1
  12      5   O            DY           1
  13      5   O            DZ           1
 USE OF RESIDUAL SYMMETRY AFTER DISPLACEMENT

 NUMERICAL GRADIENT COMPUTED WITH A SINGLE DISPLACEMENT (+DX) FOR EACH
 CARTESIAN COORDINATE WITH RESPECT TO THE EQUILIBRIUM CONFIGURATION
 DX=  0.003 ANGSTROM
 NUMBER OF IRREDUCIBLE ATOMS                     4
 NUMBER OF SCF+GRADIENT CALCULATIONS            10

  ATOM  SYMOP  ORDER
    1      6      6
    2      3      3
    3      1      1
    5      1      1

 ATOM  : IRREDUCIBLE ATOM
 SYMOP : NUMBER OF SYMMETRY OPERATORS THAT DOESN'T MOVE THE IRREDUCIBLE ATOM
 ORDER : MAXIMUM ORDER AMONG THE OPERATORS OF THE IRREDUCIBLE ATOM

 *******************************************************************************


 GCALCO - MAX INDICES DIRECT LATTICE VECTOR    14    14    14
 NO.OF VECTORS CREATED 6999 STARS  515 RMAX   307.59168 BOHR

 CAPPA:IS1  3;IS2  3;IS3  3; K PTS MONK NET   6; SYMMOPS:K SPACE   6;G SPACE   6

 TTTTTTTTTTTTTTTTTTTTTTTTTTTTTT gordsh1     TELAPSE       13.52 TCPU        2.97

 MATRIX SIZE: P(G)22265091, F(G) 3866022, P(G) IRR 1863180, F(G) IRR  649561
 MAX G-VECTOR INDEX FOR 1- AND 2-ELECTRON INTEGRALS 141

 TTTTTTTTTTTTTTTTTTTTTTTTTTTTTT INPUT       TELAPSE       14.50 TCPU        3.95

 SYMMETRY ALLOWED INTERNAL DEGREE(S) OF FREEDOM: 134
 TTTTTTTTTTTTTTTTTTTTTTTTTTTTTT SYMM        TELAPSE       14.59 TCPU        4.04
 TTTTTTTTTTTTTTTTTTTTTTTTTTTTTT INT_SCREEN  TELAPSE       14.90 TCPU        4.35
 WARNING **** EXCBUF **** EXCH. BIPO BUFFER TOO SMALL - TO AVOID I/O SET EXCHSIZE =    69800229

 DFT PARAMETERS

     ATOM       ELECTRONS   NET CHARGE   R(ANGSTROM)
   1  20  CA     20.0000      0.0000     1.97000000
   2  12  MG     12.0000      0.0000     1.60000000
   3   6  C       6.0000      0.0000     0.77000000
   5   8  O       8.0000      0.0000     0.74000000

 SIZE OF GRID=    1035273
 TTTTTTTTTTTTTTTTTTTTTTTTTTTTTT MAKE_GRID2  TELAPSE       30.51 TCPU       17.40
 BECKE WEIGHT FUNCTION
 RADSAFE =     2.00
 TOLERANCES - DENSITY:10**- 6; POTENTIAL:10**- 9; GRID WGT:10**-14

 RADIAL INTEGRATION  - INTERVALS (POINTS,UPPER LIMIT):            1( 75,  4.0*R)

 ANGULAR INTEGRATION - INTERVALS (ACCURACY LEVEL [N. POINTS] UPPER LIMIT):
  1(  4[  86]   0.2)  2(  8[ 194]   0.5)  3( 12[ 350]   0.9)  4( 16[ 974]   3.5)
  5( 12[ 350]9999.0)
 TTTTTTTTTTTTTTTTTTTTTTTTTTTTTT INT_CALC    TELAPSE       30.69 TCPU       17.54

 *******************************************************************************
 qha calculation with PBE0 - p=15 GPa                                            
 CRYSTAL - SCF - TYPE OF CALCULATION :  RESTRICTED CLOSED SHELL
 *******************************************************************************

 CAPPA:IS1  3;IS2  3;IS3  3; K PTS MONK NET   6; SYMMOPS:K SPACE   6;G SPACE   6

 TTTTTTTTTTTTTTTTTTTTTTTTTTTTTT SDIK        TELAPSE      616.89 TCPU      603.45

 AAAAAAAAAAAAAAAAAAAAAAAAAAAAAAAAAAAAAAAAAAAAAAAAAAAAAAAAAAAAAAAAAAAAAAAAAAAAAAA
         ATOMIC WAVEFUNCTION(S)


 NUCLEAR CHARGE 20.0  SYMMETRY SPECIES            S    P
 N. ELECTRONS   20.0  NUMBER OF PRIMITIVE GTOS   21   13
                      NUMBER OF CONTRACTED GTOS   5    4
                      NUMBER OF CLOSED SHELLS     4    2
                      OPEN SHELL OCCUPATION       0    0

  ZNUC  SCFIT    TOTAL HF ENERGY   KINETIC ENERGY   VIRIAL THEOREM ACCURACY
  20.0     7    -6.759945013E+02  6.789840598E+02 -1.995597012E+00  3.2E-06

 NUCLEAR CHARGE 12.0  SYMMETRY SPECIES            S    P
 N. ELECTRONS   12.0  NUMBER OF PRIMITIVE GTOS   15    7
                      NUMBER OF CONTRACTED GTOS   4    3
                      NUMBER OF CLOSED SHELLS     3    1
                      OPEN SHELL OCCUPATION       0    0

  ZNUC  SCFIT    TOTAL HF ENERGY   KINETIC ENERGY   VIRIAL THEOREM ACCURACY
  12.0    10    -1.991550455E+02  2.010842408E+02 -1.990406034E+00  2.1E-06

 NUCLEAR CHARGE  6.0  SYMMETRY SPECIES            S    P
 N. ELECTRONS    6.0  NUMBER OF PRIMITIVE GTOS   11    5
                      NUMBER OF CONTRACTED GTOS   4    3
                      NUMBER OF CLOSED SHELLS     2    0
                      OPEN SHELL OCCUPATION       0    2

  ZNUC  SCFIT    TOTAL HF ENERGY   KINETIC ENERGY   VIRIAL THEOREM ACCURACY
   6.0    11    -3.768480057E+01  3.769831118E+01 -1.999641612E+00  2.0E-06

 NUCLEAR CHARGE  8.0  SYMMETRY SPECIES            S    P
 N. ELECTRONS    8.0  NUMBER OF PRIMITIVE GTOS   14    6
                      NUMBER OF CONTRACTED GTOS   4    3
                      NUMBER OF CLOSED SHELLS     2    0
                      OPEN SHELL OCCUPATION       0    4

  ZNUC  SCFIT    TOTAL HF ENERGY   KINETIC ENERGY   VIRIAL THEOREM ACCURACY
   8.0    13    -7.480044816E+01  7.461868841E+01 -2.002435848E+00  2.7E-06

 AAAAAAAAAAAAAAAAAAAAAAAAAAAAAAAAAAAAAAAAAAAAAAAAAAAAAAAAAAAAAAAAAAAAAAAAAAAAAAA

 TTTTTTTTTTTTTTTTTTTTTTTTTTTTTT MOQGAD      TELAPSE      617.14 TCPU      603.70
 TTTTTTTTTTTTTTTTTTTTTTTTTTTTTT SHELLXN     TELAPSE      836.87 TCPU      823.22
 TTTTTTTTTTTTTTTTTTTTTTTTTTTTTT MONMO3      TELAPSE      840.73 TCPU      827.08
 NUMERICALLY INTEGRATED DENSITY   2484.0077187987
 TTTTTTTTTTTTTTTTTTTTTTTTTTTTTT NUMDFT      TELAPSE      847.70 TCPU      834.02
 CYC   0 ETOT(AU) -3.794044239964E+04 DETOT -3.79E+04 tst  0.00E+00 PX  1.00E+00
 TTTTTTTTTTTTTTTTTTTTTTTTTTTTTT DIIS        TELAPSE      850.73 TCPU      837.05
 TTTTTTTTTTTTTTTTTTTTTTTTTTTTTT FDIK        TELAPSE    14981.25 TCPU    14966.95
 INSULATING STATE
 TOP OF VALENCE BANDS -    BAND   1242; K    4; EIG -3.3873112E-01 AU
 TOP OF VALENCE BANDS -    BAND   1242; K    1; EIG -3.4072874E-01 AU
 BOTTOM OF VIRTUAL BANDS - BAND   1243; K    1; EIG -4.3048859E-02 AU
 INDIRECT ENERGY BAND GAP:   8.0459 eV
 TTTTTTTTTTTTTTTTTTTTTTTTTTTTTT PDIG        TELAPSE    15124.89 TCPU    15110.58
 TTTTTTTTTTTTTTTTTTTTTTTTTTTTTT MOQGAD      TELAPSE    15125.01 TCPU    15110.70
 TTTTTTTTTTTTTTTTTTTTTTTTTTTTTT SHELLXN     TELAPSE    15363.45 TCPU    15349.14
 TTTTTTTTTTTTTTTTTTTTTTTTTTTTTT MONMO3      TELAPSE    15367.32 TCPU    15353.00
 NUMERICALLY INTEGRATED DENSITY   2484.0054748081
 TTTTTTTTTTTTTTTTTTTTTTTTTTTTTT NUMDFT      TELAPSE    15374.14 TCPU    15359.82
 CYC   1 ETOT(AU) -3.792789622203E+04 DETOT  1.25E+01 tst  0.00E+00 PX  1.00E+00
 TTTTTTTTTTTTTTTTTTTTTTTTTTTTTT DIIS        TELAPSE    15382.78 TCPU    15368.45
 DIIS TEST: 0.57631E+02 AT SCF   CYCLE   1 - MIX   30 %
 TTTTTTTTTTTTTTTTTTTTTTTTTTTTTT FDIK        TELAPSE    18237.09 TCPU    18222.64
 INSULATING STATE
 TOP OF VALENCE BANDS -    BAND   1242; K    4; EIG -1.6045756E-01 AU
 TOP OF VALENCE BANDS -    BAND   1242; K    1; EIG -1.6288265E-01 AU
 BOTTOM OF VIRTUAL BANDS - BAND   1243; K    5; EIG  7.5513736E-02 AU
 INDIRECT ENERGY BAND GAP:   6.4211 eV
 BOTTOM OF VIRTUAL BANDS - BAND   1243; K    1; EIG  7.9674798E-02 AU
 TTTTTTTTTTTTTTTTTTTTTTTTTTTTTT PDIG        TELAPSE    18381.19 TCPU    18366.73
 TTTTTTTTTTTTTTTTTTTTTTTTTTTTTT MOQGAD      TELAPSE    18381.31 TCPU    18366.85
 TTTTTTTTTTTTTTTTTTTTTTTTTTTTTT SHELLXN     TELAPSE    18619.39 TCPU    18604.93
 TTTTTTTTTTTTTTTTTTTTTTTTTTTTTT MONMO3      TELAPSE    18623.26 TCPU    18608.79
 NUMERICALLY INTEGRATED DENSITY   2484.0070764057
 TTTTTTTTTTTTTTTTTTTTTTTTTTTTTT NUMDFT      TELAPSE    18629.78 TCPU    18615.31
 CYC   2 ETOT(AU) -3.793400037251E+04 DETOT -6.10E+00 tst  9.91E-03 PX  1.77E-01
 TTTTTTTTTTTTTTTTTTTTTTTTTTTTTT DIIS        TELAPSE    18638.62 TCPU    18624.15
 DIIS TEST: 0.23677E+02 AT SCF   CYCLE   2 - DIIS ACTIVE - HISTORY:     2 CYCLES
 TTTTTTTTTTTTTTTTTTTTTTTTTTTTTT FDIK        TELAPSE    21463.68 TCPU    21449.12
 INSULATING STATE
 TOP OF VALENCE BANDS -    BAND   1242; K    4; EIG -2.0851048E-01 AU
 TOP OF VALENCE BANDS -    BAND   1242; K    1; EIG -2.1057535E-01 AU
 BOTTOM OF VIRTUAL BANDS - BAND   1243; K    5; EIG  9.4954868E-02 AU
 INDIRECT ENERGY BAND GAP:   8.2577 eV
 BOTTOM OF VIRTUAL BANDS - BAND   1243; K    1; EIG  9.5820582E-02 AU
 TTTTTTTTTTTTTTTTTTTTTTTTTTTTTT PDIG        TELAPSE    21607.60 TCPU    21593.03
 TTTTTTTTTTTTTTTTTTTTTTTTTTTTTT MOQGAD      TELAPSE    21607.72 TCPU    21593.15
 TTTTTTTTTTTTTTTTTTTTTTTTTTTTTT SHELLXN     TELAPSE    21846.15 TCPU    21831.49
 TTTTTTTTTTTTTTTTTTTTTTTTTTTTTT MONMO3      TELAPSE    21850.01 TCPU    21835.35
 NUMERICALLY INTEGRATED DENSITY   2484.0064173437
 TTTTTTTTTTTTTTTTTTTTTTTTTTTTTT NUMDFT      TELAPSE    21856.50 TCPU    21841.83
 CYC   3 ETOT(AU) -3.793682977747E+04 DETOT -2.83E+00 tst  2.92E-03 PX  7.54E-02
 TTTTTTTTTTTTTTTTTTTTTTTTTTTTTT DIIS        TELAPSE    21865.11 TCPU    21850.44
 DIIS TEST: 0.96681E+00 AT SCF   CYCLE   3 - DIIS ACTIVE - HISTORY:     3 CYCLES
 TTTTTTTTTTTTTTTTTTTTTTTTTTTTTT FDIK        TELAPSE    23492.17 TCPU    23477.43
 INSULATING STATE
 TOP OF VALENCE BANDS -    BAND   1242; K    4; EIG -2.1664595E-01 AU
 TOP OF VALENCE BANDS -    BAND   1242; K    1; EIG -2.1875143E-01 AU
 BOTTOM OF VIRTUAL BANDS - BAND   1243; K    5; EIG  8.2070865E-02 AU
 INDIRECT ENERGY BAND GAP:   8.1285 eV
 BOTTOM OF VIRTUAL BANDS - BAND   1243; K    1; EIG  8.3464944E-02 AU
 TTTTTTTTTTTTTTTTTTTTTTTTTTTTTT PDIG        TELAPSE    23636.27 TCPU    23621.52
 TTTTTTTTTTTTTTTTTTTTTTTTTTTTTT MOQGAD      TELAPSE    23636.39 TCPU    23621.64
 TTTTTTTTTTTTTTTTTTTTTTTTTTTTTT SHELLXN     TELAPSE    23874.16 TCPU    23859.39
 TTTTTTTTTTTTTTTTTTTTTTTTTTTTTT MONMO3      TELAPSE    23878.03 TCPU    23863.26
 NUMERICALLY INTEGRATED DENSITY   2484.0063857808
 TTTTTTTTTTTTTTTTTTTTTTTTTTTTTT NUMDFT      TELAPSE    23884.50 TCPU    23869.73
 CYC   4 ETOT(AU) -3.793693689694E+04 DETOT -1.07E-01 tst  8.62E-05 PX  1.97E-02
 TTTTTTTTTTTTTTTTTTTTTTTTTTTTTT DIIS        TELAPSE    23893.53 TCPU    23878.76
 DIIS TEST: 0.19302E-01 AT SCF   CYCLE   4 - DIIS ACTIVE - HISTORY:     4 CYCLES
 TTTTTTTTTTTTTTTTTTTTTTTTTTTTTT FDIK        TELAPSE    25871.81 TCPU    25856.96
 INSULATING STATE
 TOP OF VALENCE BANDS -    BAND   1242; K    4; EIG -2.1571400E-01 AU
 TOP OF VALENCE BANDS -    BAND   1242; K    1; EIG -2.1781948E-01 AU
 BOTTOM OF VIRTUAL BANDS - BAND   1243; K    5; EIG  8.3771983E-02 AU
 INDIRECT ENERGY BAND GAP:   8.1494 eV
 BOTTOM OF VIRTUAL BANDS - BAND   1243; K    1; EIG  8.5066663E-02 AU
 TTTTTTTTTTTTTTTTTTTTTTTTTTTTTT PDIG        TELAPSE    26015.42 TCPU    26000.53
 TTTTTTTTTTTTTTTTTTTTTTTTTTTTTT MOQGAD      TELAPSE    26015.54 TCPU    26000.65
 TTTTTTTTTTTTTTTTTTTTTTTTTTTTTT SHELLXN     TELAPSE    26253.47 TCPU    26238.57
 TTTTTTTTTTTTTTTTTTTTTTTTTTTTTT MONMO3      TELAPSE    26257.33 TCPU    26242.44
 NUMERICALLY INTEGRATED DENSITY   2484.0063887038
 TTTTTTTTTTTTTTTTTTTTTTTTTTTTTT NUMDFT      TELAPSE    26263.67 TCPU    26248.77
 CYC   5 ETOT(AU) -3.793693894686E+04 DETOT -2.05E-03 tst  3.85E-07 PX  1.99E-03
 TTTTTTTTTTTTTTTTTTTTTTTTTTTTTT DIIS        TELAPSE    26272.55 TCPU    26257.65
 DIIS TEST: 0.70828E-03 AT SCF   CYCLE   5 - DIIS ACTIVE - HISTORY:     5 CYCLES
 TTTTTTTTTTTTTTTTTTTTTTTTTTTTTT FDIK        TELAPSE    27658.60 TCPU    27643.61
 INSULATING STATE
 TOP OF VALENCE BANDS -    BAND   1242; K    4; EIG -2.1583918E-01 AU
 TOP OF VALENCE BANDS -    BAND   1242; K    1; EIG -2.1794388E-01 AU
 BOTTOM OF VIRTUAL BANDS - BAND   1243; K    5; EIG  8.3820065E-02 AU
 INDIRECT ENERGY BAND GAP:   8.1541 eV
 BOTTOM OF VIRTUAL BANDS - BAND   1243; K    1; EIG  8.5100573E-02 AU
 TTTTTTTTTTTTTTTTTTTTTTTTTTTTTT PDIG        TELAPSE    27802.59 TCPU    27787.59
 TTTTTTTTTTTTTTTTTTTTTTTTTTTTTT MOQGAD      TELAPSE    27802.71 TCPU    27787.71
 TTTTTTTTTTTTTTTTTTTTTTTTTTTTTT SHELLXN     TELAPSE    28040.57 TCPU    28025.56
 TTTTTTTTTTTTTTTTTTTTTTTTTTTTTT MONMO3      TELAPSE    28044.43 TCPU    28029.42
 NUMERICALLY INTEGRATED DENSITY   2484.0063884391
 TTTTTTTTTTTTTTTTTTTTTTTTTTTTTT NUMDFT      TELAPSE    28050.84 TCPU    28035.83
 CYC   6 ETOT(AU) -3.793693899650E+04 DETOT -4.96E-05 tst  5.76E-08 PX  4.47E-04
 TTTTTTTTTTTTTTTTTTTTTTTTTTTTTT DIIS        TELAPSE    28059.79 TCPU    28044.78
 DIIS TEST: 0.37214E-03 AT SCF   CYCLE   6 - DIIS ACTIVE - HISTORY:     6 CYCLES
 TTTTTTTTTTTTTTTTTTTTTTTTTTTTTT FDIK        TELAPSE    30605.72 TCPU    30590.59
 INSULATING STATE
 TOP OF VALENCE BANDS -    BAND   1242; K    4; EIG -2.1580190E-01 AU
 TOP OF VALENCE BANDS -    BAND   1242; K    1; EIG -2.1790671E-01 AU
 BOTTOM OF VIRTUAL BANDS - BAND   1243; K    5; EIG  8.3845750E-02 AU
 INDIRECT ENERGY BAND GAP:   8.1538 eV
 BOTTOM OF VIRTUAL BANDS - BAND   1243; K    1; EIG  8.5128764E-02 AU
 TTTTTTTTTTTTTTTTTTTTTTTTTTTTTT PDIG        TELAPSE    30749.29 TCPU    30734.15
 TTTTTTTTTTTTTTTTTTTTTTTTTTTTTT MOQGAD      TELAPSE    30749.41 TCPU    30734.27
 TTTTTTTTTTTTTTTTTTTTTTTTTTTTTT SHELLXN     TELAPSE    30987.33 TCPU    30972.18
 TTTTTTTTTTTTTTTTTTTTTTTTTTTTTT MONMO3      TELAPSE    30991.19 TCPU    30976.04
 NUMERICALLY INTEGRATED DENSITY   2484.0063882940
 TTTTTTTTTTTTTTTTTTTTTTTTTTTTTT NUMDFT      TELAPSE    30997.56 TCPU    30982.41
 CYC   7 ETOT(AU) -3.793693904663E+04 DETOT -5.01E-05 tst  1.27E-08 PX  2.73E-04
 TTTTTTTTTTTTTTTTTTTTTTTTTTTTTT DIIS        TELAPSE    31006.38 TCPU    30991.22
 DIIS TEST: 0.20467E-04 AT SCF   CYCLE   7 - DIIS ACTIVE - HISTORY:     7 CYCLES
 TTTTTTTTTTTTTTTTTTTTTTTTTTTTTT FDIK        TELAPSE    32499.75 TCPU    32484.52
 INSULATING STATE
 TOP OF VALENCE BANDS -    BAND   1242; K    4; EIG -2.1580419E-01 AU
 TOP OF VALENCE BANDS -    BAND   1242; K    1; EIG -2.1790869E-01 AU
 BOTTOM OF VIRTUAL BANDS - BAND   1243; K    5; EIG  8.3846557E-02 AU
 INDIRECT ENERGY BAND GAP:   8.1539 eV
 BOTTOM OF VIRTUAL BANDS - BAND   1243; K    1; EIG  8.5128033E-02 AU
 TTTTTTTTTTTTTTTTTTTTTTTTTTTTTT PDIG        TELAPSE    32643.53 TCPU    32628.30
 TTTTTTTTTTTTTTTTTTTTTTTTTTTTTT MOQGAD      TELAPSE    32643.65 TCPU    32628.42
 TTTTTTTTTTTTTTTTTTTTTTTTTTTTTT SHELLXN     TELAPSE    32881.66 TCPU    32866.40
 TTTTTTTTTTTTTTTTTTTTTTTTTTTTTT MONMO3      TELAPSE    32885.52 TCPU    32870.26
 NUMERICALLY INTEGRATED DENSITY   2484.0063884190
 TTTTTTTTTTTTTTTTTTTTTTTTTTTTTT NUMDFT      TELAPSE    32891.95 TCPU    32876.69
 CYC   8 ETOT(AU) -3.793693904628E+04 DETOT  3.54E-07 tst  3.21E-10 PX  1.63E-04
 TTTTTTTTTTTTTTTTTTTTTTTTTTTTTT DIIS        TELAPSE    32900.96 TCPU    32885.70
 DIIS TEST: 0.17296E-04 AT SCF   CYCLE   8 - DIIS ACTIVE - HISTORY:     8 CYCLES
 TTTTTTTTTTTTTTTTTTTTTTTTTTTTTT FDIK        TELAPSE    35069.74 TCPU    35054.38
 INSULATING STATE
 TOP OF VALENCE BANDS -    BAND   1242; K    4; EIG -2.1580579E-01 AU
 TOP OF VALENCE BANDS -    BAND   1242; K    1; EIG -2.1791031E-01 AU
 BOTTOM OF VIRTUAL BANDS - BAND   1243; K    5; EIG  8.3845284E-02 AU
 INDIRECT ENERGY BAND GAP:   8.1539 eV
 BOTTOM OF VIRTUAL BANDS - BAND   1243; K    1; EIG  8.5126686E-02 AU
 TTTTTTTTTTTTTTTTTTTTTTTTTTTTTT PDIG        TELAPSE    35213.58 TCPU    35198.22
 TTTTTTTTTTTTTTTTTTTTTTTTTTTTTT MOQGAD      TELAPSE    35213.70 TCPU    35198.34
 TTTTTTTTTTTTTTTTTTTTTTTTTTTTTT SHELLXN     TELAPSE    35451.63 TCPU    35436.26
 TTTTTTTTTTTTTTTTTTTTTTTTTTTTTT MONMO3      TELAPSE    35455.49 TCPU    35440.12
 NUMERICALLY INTEGRATED DENSITY   2484.0063884410
 TTTTTTTTTTTTTTTTTTTTTTTTTTTTTT NUMDFT      TELAPSE    35461.97 TCPU    35446.57
 CYC   9 ETOT(AU) -3.793693904864E+04 DETOT -2.37E-06 tst  1.00E-10 PX  1.33E-04
 TTTTTTTTTTTTTTTTTTTTTTTTTTTTTT DIIS        TELAPSE    35471.10 TCPU    35455.69
 DIIS TEST: 0.49218E-05 AT SCF   CYCLE   9 - DIIS ACTIVE - HISTORY:     9 CYCLES
 TTTTTTTTTTTTTTTTTTTTTTTTTTTTTT FDIK        TELAPSE    36865.49 TCPU    36850.02
 INSULATING STATE
 TOP OF VALENCE BANDS -    BAND   1242; K    4; EIG -2.1580620E-01 AU
 TOP OF VALENCE BANDS -    BAND   1242; K    1; EIG -2.1791061E-01 AU
 BOTTOM OF VIRTUAL BANDS - BAND   1243; K    5; EIG  8.3844886E-02 AU
 INDIRECT ENERGY BAND GAP:   8.1539 eV
 BOTTOM OF VIRTUAL BANDS - BAND   1243; K    1; EIG  8.5126535E-02 AU
 TTTTTTTTTTTTTTTTTTTTTTTTTTTTTT PDIG        TELAPSE    37009.33 TCPU    36993.85
 TTTTTTTTTTTTTTTTTTTTTTTTTTTTTT MOQGAD      TELAPSE    37009.45 TCPU    36993.97
 TTTTTTTTTTTTTTTTTTTTTTTTTTTTTT SHELLXN     TELAPSE    37247.44 TCPU    37231.96
 TTTTTTTTTTTTTTTTTTTTTTTTTTTTTT MONMO3      TELAPSE    37251.31 TCPU    37235.83
 NUMERICALLY INTEGRATED DENSITY   2484.0063884400
 TTTTTTTTTTTTTTTTTTTTTTTTTTTTTT NUMDFT      TELAPSE    37257.72 TCPU    37242.24
 CYC  10 ETOT(AU) -3.793693904849E+04 DETOT  1.51E-07 tst  3.57E-11 PX  5.29E-05
 TTTTTTTTTTTTTTTTTTTTTTTTTTTTTT DIIS        TELAPSE    37266.95 TCPU    37251.46
 DIIS TEST: 0.49418E-05 AT SCF   CYCLE  10 - DIIS ACTIVE - HISTORY:    10 CYCLES
 TTTTTTTTTTTTTTTTTTTTTTTTTTTTTT FDIK        TELAPSE    41185.26 TCPU    41169.58
 INSULATING STATE
 TOP OF VALENCE BANDS -    BAND   1242; K    4; EIG -2.1580620E-01 AU
 TOP OF VALENCE BANDS -    BAND   1242; K    1; EIG -2.1791061E-01 AU
 BOTTOM OF VIRTUAL BANDS - BAND   1243; K    5; EIG  8.3844881E-02 AU
 INDIRECT ENERGY BAND GAP:   8.1539 eV
 BOTTOM OF VIRTUAL BANDS - BAND   1243; K    1; EIG  8.5126532E-02 AU
 TTTTTTTTTTTTTTTTTTTTTTTTTTTTTT PDIG        TELAPSE    41329.03 TCPU    41313.35
 TTTTTTTTTTTTTTTTTTTTTTTTTTTTTT MOQGAD      TELAPSE    41329.15 TCPU    41313.47
 TTTTTTTTTTTTTTTTTTTTTTTTTTTTTT SHELLXN     TELAPSE    41567.13 TCPU    41551.45
 TTTTTTTTTTTTTTTTTTTTTTTTTTTTTT MONMO3      TELAPSE    41571.00 TCPU    41555.31
 NUMERICALLY INTEGRATED DENSITY   2484.0063884892
 TTTTTTTTTTTTTTTTTTTTTTTTTTTTTT NUMDFT      TELAPSE    41577.37 TCPU    41561.68
 CYC  11 ETOT(AU) -3.793693905005E+04 DETOT -1.56E-06 tst  4.85E-11 PX  7.90E-05
 TTTTTTTTTTTTTTTTTTTTTTTTTTTTTT DIIS        TELAPSE    41586.44 TCPU    41570.75
 DIIS TEST: 0.66661E-08 AT SCF   CYCLE  11 - DIIS ACTIVE - HISTORY:    11 CYCLES
 TTTTTTTTTTTTTTTTTTTTTTTTTTTTTT FDIK        TELAPSE    42992.88 TCPU    42977.08
 INSULATING STATE
 TOP OF VALENCE BANDS -    BAND   1242; K    4; EIG -2.1580617E-01 AU
 TOP OF VALENCE BANDS -    BAND   1242; K    1; EIG -2.1791043E-01 AU
 BOTTOM OF VIRTUAL BANDS - BAND   1243; K    5; EIG  8.3845033E-02 AU
 INDIRECT ENERGY BAND GAP:   8.1539 eV
 BOTTOM OF VIRTUAL BANDS - BAND   1243; K    1; EIG  8.5126885E-02 AU
 TTTTTTTTTTTTTTTTTTTTTTTTTTTTTT PDIG        TELAPSE    43136.72 TCPU    43120.92
 TTTTTTTTTTTTTTTTTTTTTTTTTTTTTT MOQGAD      TELAPSE    43136.84 TCPU    43121.04
 TTTTTTTTTTTTTTTTTTTTTTTTTTTTTT SHELLXN     TELAPSE    43374.91 TCPU    43359.07
 TTTTTTTTTTTTTTTTTTTTTTTTTTTTTT MONMO3      TELAPSE    43378.78 TCPU    43362.93
 NUMERICALLY INTEGRATED DENSITY   2484.0063884891
 TTTTTTTTTTTTTTTTTTTTTTTTTTTTTT NUMDFT      TELAPSE    43385.13 TCPU    43369.26
 CYC  12 ETOT(AU) -3.793693904998E+04 DETOT  6.55E-08 tst  3.15E-11 PX  3.43E-05
 TTTTTTTTTTTTTTTTTTTTTTTTTTTTTT DIIS        TELAPSE    43394.57 TCPU    43378.70
 DIIS TEST: 0.30463E-07 AT SCF   CYCLE  12 - DIIS ACTIVE - HISTORY:    12 CYCLES
 TTTTTTTTTTTTTTTTTTTTTTTTTTTTTT FDIK        TELAPSE    46624.66 TCPU    46608.67
 INSULATING STATE
 TOP OF VALENCE BANDS -    BAND   1242; K    4; EIG -2.1580616E-01 AU
 TOP OF VALENCE BANDS -    BAND   1242; K    1; EIG -2.1791043E-01 AU
 BOTTOM OF VIRTUAL BANDS - BAND   1243; K    5; EIG  8.3845033E-02 AU
 INDIRECT ENERGY BAND GAP:   8.1539 eV
 BOTTOM OF VIRTUAL BANDS - BAND   1243; K    1; EIG  8.5126886E-02 AU
 TTTTTTTTTTTTTTTTTTTTTTTTTTTTTT PDIG        TELAPSE    46768.44 TCPU    46752.43
 TTTTTTTTTTTTTTTTTTTTTTTTTTTTTT MOQGAD      TELAPSE    46768.56 TCPU    46752.55
 TTTTTTTTTTTTTTTTTTTTTTTTTTTTTT SHELLXN     TELAPSE    47006.59 TCPU    46990.56
 TTTTTTTTTTTTTTTTTTTTTTTTTTTTTT MONMO3      TELAPSE    47010.45 TCPU    46994.42
 NUMERICALLY INTEGRATED DENSITY   2484.0063884847
 TTTTTTTTTTTTTTTTTTTTTTTTTTTTTT NUMDFT      TELAPSE    47016.77 TCPU    47000.74
 CYC  13 ETOT(AU) -3.793693904996E+04 DETOT  2.25E-08 tst  6.63E-12 PX  7.00E-05
 TTTTTTTTTTTTTTTTTTTTTTTTTTTTTT DIIS        TELAPSE    47026.22 TCPU    47010.18
 DIIS TEST: 0.89357E-08 AT SCF   CYCLE  13 - DIIS ACTIVE - HISTORY:    13 CYCLES
 TTTTTTTTTTTTTTTTTTTTTTTTTTTTTT FDIK        TELAPSE    48371.70 TCPU    48355.59
 INSULATING STATE
 TOP OF VALENCE BANDS -    BAND   1242; K    4; EIG -2.1580615E-01 AU
 TOP OF VALENCE BANDS -    BAND   1242; K    1; EIG -2.1791045E-01 AU
 BOTTOM OF VIRTUAL BANDS - BAND   1243; K    5; EIG  8.3845051E-02 AU
 INDIRECT ENERGY BAND GAP:   8.1539 eV
 BOTTOM OF VIRTUAL BANDS - BAND   1243; K    1; EIG  8.5126768E-02 AU
 TTTTTTTTTTTTTTTTTTTTTTTTTTTTTT PDIG        TELAPSE    48515.55 TCPU    48499.44
 TTTTTTTTTTTTTTTTTTTTTTTTTTTTTT MOQGAD      TELAPSE    48515.67 TCPU    48499.56
 TTTTTTTTTTTTTTTTTTTTTTTTTTTTTT SHELLXN     TELAPSE    48753.44 TCPU    48737.30
 TTTTTTTTTTTTTTTTTTTTTTTTTTTTTT MONMO3      TELAPSE    48757.30 TCPU    48741.16
 NUMERICALLY INTEGRATED DENSITY   2484.0063884845
 TTTTTTTTTTTTTTTTTTTTTTTTTTTTTT NUMDFT      TELAPSE    48763.59 TCPU    48747.45
 CYC  14 ETOT(AU) -3.793693904995E+04 DETOT  8.99E-09 tst  3.48E-12 PX  1.56E-05
 TTTTTTTTTTTTTTTTTTTTTTTTTTTTTT DIIS        TELAPSE    48773.14 TCPU    48756.99
 DIIS TEST: 0.11494E-07 AT SCF   CYCLE  14 - DIIS ACTIVE - HISTORY:    13 CYCLES
 TTTTTTTTTTTTTTTTTTTTTTTTTTTTTT FDIK        TELAPSE    51267.81 TCPU    51251.53
 INSULATING STATE
 TOP OF VALENCE BANDS -    BAND   1242; K    4; EIG -2.1580615E-01 AU
 TOP OF VALENCE BANDS -    BAND   1242; K    1; EIG -2.1791045E-01 AU
 BOTTOM OF VIRTUAL BANDS - BAND   1243; K    5; EIG  8.3845051E-02 AU
 INDIRECT ENERGY BAND GAP:   8.1539 eV
 BOTTOM OF VIRTUAL BANDS - BAND   1243; K    1; EIG  8.5126768E-02 AU
 TTTTTTTTTTTTTTTTTTTTTTTTTTTTTT PDIG        TELAPSE    51411.40 TCPU    51395.11
 TTTTTTTTTTTTTTTTTTTTTTTTTTTTTT MOQGAD      TELAPSE    51411.52 TCPU    51395.23
 TTTTTTTTTTTTTTTTTTTTTTTTTTTTTT SHELLXN     TELAPSE    51649.18 TCPU    51632.86
 TTTTTTTTTTTTTTTTTTTTTTTTTTTTTT MONMO3      TELAPSE    51653.05 TCPU    51636.72
 NUMERICALLY INTEGRATED DENSITY   2484.0063884904
 TTTTTTTTTTTTTTTTTTTTTTTTTTTTTT NUMDFT      TELAPSE    51659.31 TCPU    51642.95
 CYC  15 ETOT(AU) -3.793693904994E+04 DETOT  1.22E-08 tst  8.86E-13 PX  2.32E-05
 TTTTTTTTTTTTTTTTTTTTTTTTTTTTTT DIIS        TELAPSE    51668.65 TCPU    51652.29
 DIIS TEST: 0.26128E-08 AT SCF   CYCLE  15 - DIIS ACTIVE - HISTORY:    14 CYCLES
 TTTTTTTTTTTTTTTTTTTTTTTTTTTTTT FDIK        TELAPSE    53003.82 TCPU    52987.39
 INSULATING STATE
 TOP OF VALENCE BANDS -    BAND   1242; K    4; EIG -2.1580613E-01 AU
 TOP OF VALENCE BANDS -    BAND   1242; K    1; EIG -2.1791043E-01 AU
 BOTTOM OF VIRTUAL BANDS - BAND   1243; K    5; EIG  8.3845064E-02 AU
 INDIRECT ENERGY BAND GAP:   8.1539 eV
 BOTTOM OF VIRTUAL BANDS - BAND   1243; K    1; EIG  8.5126749E-02 AU
 TTTTTTTTTTTTTTTTTTTTTTTTTTTTTT PDIG        TELAPSE    53147.65 TCPU    53131.22
 TTTTTTTTTTTTTTTTTTTTTTTTTTTTTT MOQGAD      TELAPSE    53147.78 TCPU    53131.34
 TTTTTTTTTTTTTTTTTTTTTTTTTTTTTT SHELLXN     TELAPSE    53385.79 TCPU    53369.35
 TTTTTTTTTTTTTTTTTTTTTTTTTTTTTT MONMO3      TELAPSE    53389.65 TCPU    53373.21
 NUMERICALLY INTEGRATED DENSITY   2484.0063884904
 TTTTTTTTTTTTTTTTTTTTTTTTTTTTTT NUMDFT      TELAPSE    53396.01 TCPU    53379.57
 CYC  16 ETOT(AU) -3.793693904991E+04 DETOT  2.25E-08 tst  3.48E-12 PX  1.39E-05
 TTTTTTTTTTTTTTTTTTTTTTTTTTTTTT DIIS        TELAPSE    53405.66 TCPU    53389.22
 DIIS TEST: 0.55023E-08 AT SCF   CYCLE  16 - DIIS ACTIVE - HISTORY:    15 CYCLES
 TTTTTTTTTTTTTTTTTTTTTTTTTTTTTT FDIK        TELAPSE    55580.06 TCPU    55563.52
 INSULATING STATE
 TOP OF VALENCE BANDS -    BAND   1242; K    4; EIG -2.1580613E-01 AU
 TOP OF VALENCE BANDS -    BAND   1242; K    1; EIG -2.1791043E-01 AU
 BOTTOM OF VIRTUAL BANDS - BAND   1243; K    5; EIG  8.3845065E-02 AU
 INDIRECT ENERGY BAND GAP:   8.1539 eV
 BOTTOM OF VIRTUAL BANDS - BAND   1243; K    1; EIG  8.5126749E-02 AU
 TTTTTTTTTTTTTTTTTTTTTTTTTTTTTT PDIG        TELAPSE    55724.04 TCPU    55707.50
 TTTTTTTTTTTTTTTTTTTTTTTTTTTTTT MOQGAD      TELAPSE    55724.16 TCPU    55707.62
 TTTTTTTTTTTTTTTTTTTTTTTTTTTTTT SHELLXN     TELAPSE    55962.25 TCPU    55945.69
 TTTTTTTTTTTTTTTTTTTTTTTTTTTTTT MONMO3      TELAPSE    55966.11 TCPU    55949.56
 NUMERICALLY INTEGRATED DENSITY   2484.0063884911
 TTTTTTTTTTTTTTTTTTTTTTTTTTTTTT NUMDFT      TELAPSE    55972.48 TCPU    55955.93
 CYC  17 ETOT(AU) -3.793693904992E+04 DETOT -5.33E-09 tst  8.89E-13 PX  2.53E-05
 TTTTTTTTTTTTTTTTTTTTTTTTTTTTTT DIIS        TELAPSE    55982.18 TCPU    55965.62
 DIIS TEST: 0.23507E-08 AT SCF   CYCLE  17 - DIIS ACTIVE - HISTORY:    16 CYCLES
 TTTTTTTTTTTTTTTTTTTTTTTTTTTTTT FDIK        TELAPSE    57326.89 TCPU    57310.27
 INSULATING STATE
 TOP OF VALENCE BANDS -    BAND   1242; K    4; EIG -2.1580612E-01 AU
 TOP OF VALENCE BANDS -    BAND   1242; K    1; EIG -2.1791042E-01 AU
 BOTTOM OF VIRTUAL BANDS - BAND   1243; K    5; EIG  8.3845068E-02 AU
 INDIRECT ENERGY BAND GAP:   8.1539 eV
 BOTTOM OF VIRTUAL BANDS - BAND   1243; K    1; EIG  8.5126753E-02 AU
 TTTTTTTTTTTTTTTTTTTTTTTTTTTTTT PDIG        TELAPSE    57470.77 TCPU    57454.15
 TTTTTTTTTTTTTTTTTTTTTTTTTTTTTT MOQGAD      TELAPSE    57470.89 TCPU    57454.27
 TTTTTTTTTTTTTTTTTTTTTTTTTTTTTT SHELLXN     TELAPSE    57708.95 TCPU    57692.31
 TTTTTTTTTTTTTTTTTTTTTTTTTTTTTT MONMO3      TELAPSE    57712.81 TCPU    57696.17
 NUMERICALLY INTEGRATED DENSITY   2484.0063884910
 TTTTTTTTTTTTTTTTTTTTTTTTTTTTTT NUMDFT      TELAPSE    57719.07 TCPU    57702.43
 CYC  18 ETOT(AU) -3.793693904992E+04 DETOT -3.64E-10 tst  3.98E-13 PX  3.52E-06
 TTTTTTTTTTTTTTTTTTTTTTTTTTTTTT DIIS        TELAPSE    57728.96 TCPU    57712.32
 DIIS TEST: 0.26896E-08 AT SCF   CYCLE  18 - DIIS ACTIVE - HISTORY:    17 CYCLES
 TTTTTTTTTTTTTTTTTTTTTTTTTTTTTT FDIK        TELAPSE    59373.86 TCPU    59357.14
 INSULATING STATE
 TOP OF VALENCE BANDS -    BAND   1242; K    4; EIG -2.1580612E-01 AU
 TOP OF VALENCE BANDS -    BAND   1242; K    1; EIG -2.1791042E-01 AU
 BOTTOM OF VIRTUAL BANDS - BAND   1243; K    5; EIG  8.3845068E-02 AU
 INDIRECT ENERGY BAND GAP:   8.1539 eV
 BOTTOM OF VIRTUAL BANDS - BAND   1243; K    1; EIG  8.5126753E-02 AU
 TTTTTTTTTTTTTTTTTTTTTTTTTTTTTT PDIG        TELAPSE    59517.59 TCPU    59500.87
 TTTTTTTTTTTTTTTTTTTTTTTTTTTTTT MOQGAD      TELAPSE    59517.71 TCPU    59500.99
 TTTTTTTTTTTTTTTTTTTTTTTTTTTTTT SHELLXN     TELAPSE    59755.72 TCPU    59738.99
 TTTTTTTTTTTTTTTTTTTTTTTTTTTTTT MONMO3      TELAPSE    59759.59 TCPU    59742.85
 NUMERICALLY INTEGRATED DENSITY   2484.0063884910
 TTTTTTTTTTTTTTTTTTTTTTTTTTTTTT NUMDFT      TELAPSE    59765.84 TCPU    59749.10
 CYC  19 ETOT(AU) -3.793693904992E+04 DETOT  3.56E-09 tst  1.07E-13 PX  9.94E-06
 TTTTTTTTTTTTTTTTTTTTTTTTTTTTTT DIIS        TELAPSE    59775.80 TCPU    59759.05
 DIIS TEST: 0.23743E-08 AT SCF   CYCLE  19 - DIIS ACTIVE - HISTORY:    18 CYCLES
 TTTTTTTTTTTTTTTTTTTTTTTTTTTTTT FDIK        TELAPSE    61153.43 TCPU    61136.63
 INSULATING STATE
 TOP OF VALENCE BANDS -    BAND   1242; K    4; EIG -2.1580612E-01 AU
 TOP OF VALENCE BANDS -    BAND   1242; K    1; EIG -2.1791042E-01 AU
 BOTTOM OF VIRTUAL BANDS - BAND   1243; K    5; EIG  8.3845069E-02 AU
 INDIRECT ENERGY BAND GAP:   8.1539 eV
 BOTTOM OF VIRTUAL BANDS - BAND   1243; K    1; EIG  8.5126754E-02 AU
 TTTTTTTTTTTTTTTTTTTTTTTTTTTTTT PDIG        TELAPSE    61297.23 TCPU    61280.43
 TTTTTTTTTTTTTTTTTTTTTTTTTTTTTT MOQGAD      TELAPSE    61297.35 TCPU    61280.55
 TTTTTTTTTTTTTTTTTTTTTTTTTTTTTT SHELLXN     TELAPSE    61535.19 TCPU    61518.37
 TTTTTTTTTTTTTTTTTTTTTTTTTTTTTT MONMO3      TELAPSE    61539.05 TCPU    61522.23
 NUMERICALLY INTEGRATED DENSITY   2484.0063884910
 TTTTTTTTTTTTTTTTTTTTTTTTTTTTTT NUMDFT      TELAPSE    61545.32 TCPU    61528.51
 CYC  20 ETOT(AU) -3.793693904992E+04 DETOT  4.95E-10 tst  2.35E-14 PX  8.53E-07
 TTTTTTTTTTTTTTTTTTTTTTTTTTTTTT DIIS        TELAPSE    61555.39 TCPU    61538.57
 DIIS TEST: 0.24024E-08 AT SCF   CYCLE  20 - DIIS ACTIVE - HISTORY:    19 CYCLES
 TTTTTTTTTTTTTTTTTTTTTTTTTTTTTT FDIK        TELAPSE    62909.08 TCPU    62892.20
 INSULATING STATE
 TOP OF VALENCE BANDS -    BAND   1242; K    4; EIG -2.1580612E-01 AU
 TOP OF VALENCE BANDS -    BAND   1242; K    1; EIG -2.1791042E-01 AU
 BOTTOM OF VIRTUAL BANDS - BAND   1243; K    5; EIG  8.3845069E-02 AU
 INDIRECT ENERGY BAND GAP:   8.1539 eV
 BOTTOM OF VIRTUAL BANDS - BAND   1243; K    1; EIG  8.5126754E-02 AU
 TTTTTTTTTTTTTTTTTTTTTTTTTTTTTT PDIG        TELAPSE    63052.75 TCPU    63035.87
 TTTTTTTTTTTTTTTTTTTTTTTTTTTTTT MOQGAD      TELAPSE    63052.87 TCPU    63035.99
 TTTTTTTTTTTTTTTTTTTTTTTTTTTTTT SHELLXN     TELAPSE    63290.85 TCPU    63273.96
 TTTTTTTTTTTTTTTTTTTTTTTTTTTTTT MONMO3      TELAPSE    63294.71 TCPU    63277.83
 NUMERICALLY INTEGRATED DENSITY   2484.0063884910
 TTTTTTTTTTTTTTTTTTTTTTTTTTTTTT NUMDFT      TELAPSE    63301.02 TCPU    63284.13
 CYC  21 ETOT(AU) -3.793693904992E+04 DETOT -1.16E-09 tst  6.75E-15 PX  2.24E-06
 TTTTTTTTTTTTTTTTTTTTTTTTTTTTTT DIIS        TELAPSE    63311.19 TCPU    63294.30
 DIIS TEST: 0.22819E-08 AT SCF   CYCLE  21 - DIIS ACTIVE - HISTORY:    20 CYCLES
 TTTTTTTTTTTTTTTTTTTTTTTTTTTTTT FDIK        TELAPSE    64691.54 TCPU    64674.60
 INSULATING STATE
 TOP OF VALENCE BANDS -    BAND   1242; K    4; EIG -2.1580611E-01 AU
 TOP OF VALENCE BANDS -    BAND   1242; K    1; EIG -2.1791041E-01 AU
 BOTTOM OF VIRTUAL BANDS - BAND   1243; K    5; EIG  8.3845074E-02 AU
 INDIRECT ENERGY BAND GAP:   8.1539 eV
 BOTTOM OF VIRTUAL BANDS - BAND   1243; K    1; EIG  8.5126759E-02 AU
 TTTTTTTTTTTTTTTTTTTTTTTTTTTTTT PDIG        TELAPSE    64835.15 TCPU    64818.20
 TTTTTTTTTTTTTTTTTTTTTTTTTTTTTT MOQGAD      TELAPSE    64835.27 TCPU    64818.32
 TTTTTTTTTTTTTTTTTTTTTTTTTTTTTT SHELLXN     TELAPSE    65072.93 TCPU    65055.97
 TTTTTTTTTTTTTTTTTTTTTTTTTTTTTT MONMO3      TELAPSE    65076.80 TCPU    65059.84
 NUMERICALLY INTEGRATED DENSITY   2484.0063884910
 TTTTTTTTTTTTTTTTTTTTTTTTTTTTTT NUMDFT      TELAPSE    65083.15 TCPU    65066.19
 CYC  22 ETOT(AU) -3.793693904992E+04 DETOT -2.26E-10 tst  1.95E-13 PX  3.22E-06
 TTTTTTTTTTTTTTTTTTTTTTTTTTTTTT DIIS        TELAPSE    65093.37 TCPU    65076.40
 DIIS TEST: 0.24750E-08 AT SCF   CYCLE  22 - DIIS ACTIVE - HISTORY:    21 CYCLES
 TTTTTTTTTTTTTTTTTTTTTTTTTTTTTT FDIK        TELAPSE    66676.41 TCPU    66659.39
 INSULATING STATE
 TOP OF VALENCE BANDS -    BAND   1242; K    4; EIG -2.1580611E-01 AU
 TOP OF VALENCE BANDS -    BAND   1242; K    1; EIG -2.1791041E-01 AU
 BOTTOM OF VIRTUAL BANDS - BAND   1243; K    5; EIG  8.3845073E-02 AU
 INDIRECT ENERGY BAND GAP:   8.1539 eV
 BOTTOM OF VIRTUAL BANDS - BAND   1243; K    1; EIG  8.5126758E-02 AU
 TTTTTTTTTTTTTTTTTTTTTTTTTTTTTT PDIG        TELAPSE    66819.97 TCPU    66802.94
 TTTTTTTTTTTTTTTTTTTTTTTTTTTTTT MOQGAD      TELAPSE    66820.09 TCPU    66803.06
 TTTTTTTTTTTTTTTTTTTTTTTTTTTTTT SHELLXN     TELAPSE    67058.10 TCPU    67041.02
 TTTTTTTTTTTTTTTTTTTTTTTTTTTTTT MONMO3      TELAPSE    67061.97 TCPU    67044.89
 NUMERICALLY INTEGRATED DENSITY   2484.0063884910
 TTTTTTTTTTTTTTTTTTTTTTTTTTTTTT NUMDFT      TELAPSE    67068.32 TCPU    67051.24
 CYC  23 ETOT(AU) -3.793693904992E+04 DETOT  2.35E-09 tst  4.94E-14 PX  6.53E-06
 TTTTTTTTTTTTTTTTTTTTTTTTTTTTTT DIIS        TELAPSE    67078.69 TCPU    67061.61
 DIIS TEST: 0.23117E-08 AT SCF   CYCLE  23 - DIIS ACTIVE - HISTORY:    22 CYCLES
 TTTTTTTTTTTTTTTTTTTTTTTTTTTTTT FDIK        TELAPSE    68521.36 TCPU    68504.21
 INSULATING STATE
 TOP OF VALENCE BANDS -    BAND   1242; K    4; EIG -2.1580611E-01 AU
 TOP OF VALENCE BANDS -    BAND   1242; K    1; EIG -2.1791041E-01 AU
 BOTTOM OF VIRTUAL BANDS - BAND   1243; K    5; EIG  8.3845074E-02 AU
 INDIRECT ENERGY BAND GAP:   8.1539 eV
 BOTTOM OF VIRTUAL BANDS - BAND   1243; K    1; EIG  8.5126758E-02 AU
 TTTTTTTTTTTTTTTTTTTTTTTTTTTTTT PDIG        TELAPSE    68665.14 TCPU    68647.99
 TTTTTTTTTTTTTTTTTTTTTTTTTTTTTT MOQGAD      TELAPSE    68665.26 TCPU    68648.11
 TTTTTTTTTTTTTTTTTTTTTTTTTTTTTT SHELLXN     TELAPSE    68903.33 TCPU    68886.15
 TTTTTTTTTTTTTTTTTTTTTTTTTTTTTT MONMO3      TELAPSE    68907.19 TCPU    68890.01
 NUMERICALLY INTEGRATED DENSITY   2484.0063884910
 TTTTTTTTTTTTTTTTTTTTTTTTTTTTTT NUMDFT      TELAPSE    68913.56 TCPU    68896.38
 CYC  24 ETOT(AU) -3.793693904992E+04 DETOT  4.29E-10 tst  3.80E-15 PX  3.76E-07
 TTTTTTTTTTTTTTTTTTTTTTTTTTTTTT DIIS        TELAPSE    68923.95 TCPU    68906.76
 DIIS TEST: 0.22906E-08 AT SCF   CYCLE  24 - DIIS ACTIVE - HISTORY:    23 CYCLES
 TTTTTTTTTTTTTTTTTTTTTTTTTTTTTT FDIK        TELAPSE    70404.94 TCPU    70387.55
 INSULATING STATE
 TOP OF VALENCE BANDS -    BAND   1242; K    4; EIG -2.1580611E-01 AU
 TOP OF VALENCE BANDS -    BAND   1242; K    1; EIG -2.1791041E-01 AU
 BOTTOM OF VIRTUAL BANDS - BAND   1243; K    5; EIG  8.3845075E-02 AU
 INDIRECT ENERGY BAND GAP:   8.1539 eV
 BOTTOM OF VIRTUAL BANDS - BAND   1243; K    1; EIG  8.5126759E-02 AU
 TTTTTTTTTTTTTTTTTTTTTTTTTTTTTT PDIG        TELAPSE    70548.72 TCPU    70531.33
 TTTTTTTTTTTTTTTTTTTTTTTTTTTTTT MOQGAD      TELAPSE    70548.84 TCPU    70531.45
 TTTTTTTTTTTTTTTTTTTTTTTTTTTTTT SHELLXN     TELAPSE    70786.91 TCPU    70769.52
 TTTTTTTTTTTTTTTTTTTTTTTTTTTTTT MONMO3      TELAPSE    70790.78 TCPU    70773.38
 NUMERICALLY INTEGRATED DENSITY   2484.0063884910
 TTTTTTTTTTTTTTTTTTTTTTTTTTTTTT NUMDFT      TELAPSE    70797.13 TCPU    70779.73
 CYC  25 ETOT(AU) -3.793693904992E+04 DETOT -1.38E-09 tst  1.29E-14 PX  1.64E-06
 TTTTTTTTTTTTTTTTTTTTTTTTTTTTTT DIIS        TELAPSE    70807.59 TCPU    70790.19
 DIIS TEST: 0.23205E-08 AT SCF   CYCLE  25 - DIIS ACTIVE - HISTORY:    24 CYCLES
 TTTTTTTTTTTTTTTTTTTTTTTTTTTTTT FDIK        TELAPSE    72344.91 TCPU    72327.44
 INSULATING STATE
 TOP OF VALENCE BANDS -    BAND   1242; K    4; EIG -2.1580611E-01 AU
 TOP OF VALENCE BANDS -    BAND   1242; K    1; EIG -2.1791041E-01 AU
 BOTTOM OF VIRTUAL BANDS - BAND   1243; K    5; EIG  8.3845075E-02 AU
 INDIRECT ENERGY BAND GAP:   8.1539 eV
 BOTTOM OF VIRTUAL BANDS - BAND   1243; K    1; EIG  8.5126759E-02 AU
 TTTTTTTTTTTTTTTTTTTTTTTTTTTTTT PDIG        TELAPSE    72488.80 TCPU    72471.33
 TTTTTTTTTTTTTTTTTTTTTTTTTTTTTT MOQGAD      TELAPSE    72488.92 TCPU    72471.45
 TTTTTTTTTTTTTTTTTTTTTTTTTTTTTT SHELLXN     TELAPSE    72726.90 TCPU    72709.42
 TTTTTTTTTTTTTTTTTTTTTTTTTTTTTT MONMO3      TELAPSE    72730.77 TCPU    72713.28
 NUMERICALLY INTEGRATED DENSITY   2484.0063884910
 TTTTTTTTTTTTTTTTTTTTTTTTTTTTTT NUMDFT      TELAPSE    72737.13 TCPU    72719.64
 CYC  26 ETOT(AU) -3.793693904992E+04 DETOT  1.03E-09 tst  3.80E-15 PX  1.47E-06
 TTTTTTTTTTTTTTTTTTTTTTTTTTTTTT DIIS        TELAPSE    72747.64 TCPU    72730.15
 DIIS TEST: 0.23257E-08 AT SCF   CYCLE  26 - DIIS ACTIVE - HISTORY:    25 CYCLES
 TTTTTTTTTTTTTTTTTTTTTTTTTTTTTT FDIK        TELAPSE    74185.27 TCPU    74167.71
 INSULATING STATE
 TOP OF VALENCE BANDS -    BAND   1242; K    4; EIG -2.1580611E-01 AU
 TOP OF VALENCE BANDS -    BAND   1242; K    1; EIG -2.1791041E-01 AU
 BOTTOM OF VIRTUAL BANDS - BAND   1243; K    5; EIG  8.3845074E-02 AU
 INDIRECT ENERGY BAND GAP:   8.1539 eV
 BOTTOM OF VIRTUAL BANDS - BAND   1243; K    1; EIG  8.5126759E-02 AU
 TTTTTTTTTTTTTTTTTTTTTTTTTTTTTT PDIG        TELAPSE    74329.08 TCPU    74311.52
 TTTTTTTTTTTTTTTTTTTTTTTTTTTTTT MOQGAD      TELAPSE    74329.20 TCPU    74311.64
 TTTTTTTTTTTTTTTTTTTTTTTTTTTTTT SHELLXN     TELAPSE    74567.25 TCPU    74549.69
 TTTTTTTTTTTTTTTTTTTTTTTTTTTTTT MONMO3      TELAPSE    74571.12 TCPU    74553.55
 NUMERICALLY INTEGRATED DENSITY   2484.0063884910
 TTTTTTTTTTTTTTTTTTTTTTTTTTTTTT NUMDFT      TELAPSE    74577.37 TCPU    74559.80
 CYC  27 ETOT(AU) -3.793693904992E+04 DETOT -8.73E-11 tst  3.80E-15 PX  4.41E-08
 TTTTTTTTTTTTTTTTTTTTTTTTTTTTTT DIIS        TELAPSE    74588.01 TCPU    74570.45
 DIIS TEST: 0.23246E-08 AT SCF   CYCLE  27 - DIIS ACTIVE - HISTORY:    26 CYCLES
 TTTTTTTTTTTTTTTTTTTTTTTTTTTTTT FDIK        TELAPSE    76146.56 TCPU    76128.94
 INSULATING STATE
 TOP OF VALENCE BANDS -    BAND   1242; K    4; EIG -2.1580611E-01 AU
 TOP OF VALENCE BANDS -    BAND   1242; K    1; EIG -2.1791041E-01 AU
 BOTTOM OF VIRTUAL BANDS - BAND   1243; K    5; EIG  8.3845074E-02 AU
 INDIRECT ENERGY BAND GAP:   8.1539 eV
 BOTTOM OF VIRTUAL BANDS - BAND   1243; K    1; EIG  8.5126759E-02 AU
 TTTTTTTTTTTTTTTTTTTTTTTTTTTTTT PDIG        TELAPSE    76290.49 TCPU    76272.86
 TTTTTTTTTTTTTTTTTTTTTTTTTTTTTT MOQGAD      TELAPSE    76290.61 TCPU    76272.98
 TTTTTTTTTTTTTTTTTTTTTTTTTTTTTT SHELLXN     TELAPSE    76528.52 TCPU    76510.88
 ::: PSEUDO TOTAL   ENERGY                        -3.5586915333366E+04
 ::: VIRIAL COEFFICIENT                            1.0307341988967E+00
 TTTTTTTTTTTTTTTTTTTTTTTTTTTTTT MONMO3      TELAPSE    76532.38 TCPU    76514.74
 NUMERICALLY INTEGRATED DENSITY   2484.0063884910
 EXCHANGE ENERGY: -0.225824856701E+04  CORRELATION ENERGY: -0.917751495408E+02
 TTTTTTTTTTTTTTTTTTTTTTTTTTTTTT NUMDFT      TELAPSE    76538.65 TCPU    76521.01
 CYC  28 ETOT(AU) -3.793693904991E+04 DETOT  7.57E-10 tst  3.80E-15 PX  4.41E-08

 == SCF ENDED - CONVERGENCE ON ENERGY      E(AU) -3.7936939049915E+04 CYCLES  28


 ENERGY EXPRESSION=HARTREE+FOCK EXCH*0.25000+(PBE        EXCH)*0.75000+PBE        CORR


 TOTAL ENERGY(DFT)(AU)( 28) -3.7936939049915E+04 DE 7.6E-10 tester 3.8E-15
 TTTTTTTTTTTTTTTTTTTTTTTTTTTTTT EDFT        TELAPSE    76538.79 TCPU    76521.14

 *******************************************************************************
 *                             FORCE CALCULATION                               *
 *******************************************************************************

 TTTTTTTTTTTTTTTTTTTTTTTTTTTTTT NUMDFG      TELAPSE    76578.17 TCPU    76560.52
 INFORMATION **** EXCPOG **** EXCH. BIPO BUFFER LENGTH (WORDS) =   128000000
 WARNING **** EXCPOG **** EXCH. BIPO BUFFER TOO SMALL - TO AVOID I/O SET EXCHSIZE =    69800229
 INFORMATION **** GENPOG **** BIPO BUFFER LENGTH (WORDS) =    24516000
 TTTTTTTTTTTTTTTTTTTTTTTTTTTTTT SHELXG      TELAPSE    78127.88 TCPU    78075.69

 CARTESIAN FORCES IN HARTREE/BOHR (ANALYTICAL)
   ATOM                     X                   Y                   Z
   1  20             1.258287386035E-14  7.401486830834E-16 -2.895226124936E-14
   2  12            -8.777033414926E-15 -3.178013407990E-15 -7.249826890417E-05
   3   6            -1.045994652191E-04  7.291202194248E-05  1.752198305396E-04
   4   6            -1.154433958943E-04 -5.412978310383E-05 -1.752198305230E-04
   5   8            -8.641397772671E-05 -1.026505109162E-04  2.418662279674E-04
   6   8             1.321049390313E-04 -2.351144453617E-05  2.418662279808E-04
   7   8            -4.569096129445E-05  1.261619554005E-04  2.418662279698E-04
   8   8             8.641397775425E-05  1.026505109024E-04 -2.418662279888E-04
   9   8            -1.321049390458E-04  2.351144453380E-05 -2.418662279851E-04
  10   8             4.569096130837E-05 -1.261619554108E-04 -2.418662279947E-04
  11  20            -1.324398844524E-05  7.798697706354E-06 -3.289067902198E-05
  12  20            -1.829281306733E-05  7.070793738469E-06 -3.677343857413E-05
  13  20            -1.318761617590E-07 -1.536897931835E-05 -3.289067899161E-05
  14  20            -1.943428940457E-14  4.810966440042E-16 -3.089336338524E-05
  15  20            -2.932093916648E-05 -2.431035930695E-06 -1.032132155476E-05
  16  20            -3.022919481844E-06  1.937743773291E-05  3.677343857914E-05
  17  20             1.255513072864E-05  2.660819616664E-05 -1.032132160722E-05
  18  20            -1.676580852107E-05  2.417716025321E-05  1.032132164822E-05
  19  20             9.644079194494E-06 -1.733321094985E-05 -1.107892067845E-05
  20  20             1.829281301746E-05 -7.070793768482E-06  3.677343854758E-05
  21  20             1.324398843897E-05 -7.798697802737E-06  3.289067896200E-05
  22  20             3.022919483287E-06 -1.937743762100E-05 -3.677343859687E-05
  23  20             1.676580844231E-05 -2.417716021828E-05 -1.032132156564E-05
  24  20            -1.255513072918E-05 -2.660819618446E-05  1.032132167267E-05
  25  20             1.318761662646E-07  1.536897935195E-05  3.289067901515E-05
  26  20             2.932093919017E-05  2.431035927838E-06  1.032132161610E-05
  27  20             1.947129683873E-14 -7.412589061081E-14  3.089336333834E-05
  28  20             1.983304058873E-05 -3.145879513370E-07  1.107892070216E-05
  29  12             1.295596313087E-04  2.773749205281E-05 -5.386441340018E-05
  30  12             5.132867845642E-05  6.642899824273E-05 -1.390521256789E-05
  31  12            -4.075844289692E-05 -1.260706780726E-04 -5.386441337611E-05
  32  12             1.130855305871E-04  3.744915139140E-05 -5.677460913627E-05
  33  12             1.030312594923E-04 -3.030831690603E-05  4.101796001469E-06
  34  12             3.186486083838E-05 -7.766643859946E-05 -1.390521255942E-05
  35  12             2.526785734620E-05 -1.043818465975E-04 -4.101796038754E-06
  36  12             8.319353924866E-05 -1.123744035437E-05  1.390521253945E-05
  37  12            -8.880118842870E-05  9.833318600774E-05 -5.386441335903E-05
  38  12            -8.897468172133E-05  7.921036659355E-05 -5.677460907845E-05
  39  12             7.776340214152E-05  7.407352963606E-05 -4.101796029553E-06
  40  12            -2.411084879901E-05 -1.166595179782E-04 -5.677460910987E-05
  41  12            -2.587900024590E-14 -3.649858193455E-15  3.090158266669E-14
  42  12             2.411084884397E-05  1.166595179362E-04  5.677460909859E-05
  43  12            -7.776340214623E-05 -7.407352964305E-05  4.101796009407E-06
  44  12             8.897468176390E-05 -7.921036655573E-05  5.677460908304E-05
  45  12             8.880118840467E-05 -9.833318597366E-05  5.386441338425E-05
  46  12            -8.319353925739E-05  1.123744033258E-05 -1.390521257824E-05
  47  12            -2.526785735749E-05  1.043818465759E-04  4.101796040710E-06
  48  12            -3.186486081201E-05  7.766643858118E-05  1.390521255038E-05
  49  12            -1.030312594800E-04  3.030831690819E-05 -4.101796029340E-06
  50  12            -1.130855305815E-04 -3.744915140610E-05  5.677460913076E-05
  51  12             4.075844287861E-05  1.260706780770E-04  5.386441330839E-05
  52  12            -5.132867840943E-05 -6.642899826072E-05  1.390521254364E-05
  53  12            -1.295596313220E-04 -2.773749207423E-05  5.386441341488E-05
  54  12             2.009957354263E-14 -1.312838726619E-14  7.249826892859E-05
  55  20            -1.983304062617E-05  3.145878735659E-07 -1.107892064231E-05
  56   6            -7.066109613743E-05  1.204458250300E-04  1.146126152358E-04
  57   6             4.655329518580E-05  4.489719339361E-05  8.205548636331E-05
  58   6            -1.713126541148E-04  3.516711173471E-05  9.538072281981E-05
  59   6            -2.043518331893E-05 -1.157600228183E-04  8.489091432381E-05
  60   6             5.341952761534E-05 -2.660524806549E-05  1.362490707499E-04
  61   6            -6.215875764092E-05  1.786773958605E-05  8.205548638913E-05
  62   6            -3.668943132500E-06  5.956529196993E-05  1.362490707258E-04
  63   6            -2.506265256582E-14 -5.625129991434E-15  1.327519780310E-04
  64   6             8.621351423283E-15 -8.215650382226E-15  2.479530073378E-04
  65   6             1.139751008804E-04 -1.038255864928E-04  1.272811596671E-04
  66   6             1.154433958768E-04  5.412978309356E-05  1.752198305289E-04
  67   6            -1.469031459038E-04 -4.679253949956E-05  1.272811596757E-04
  68   6             2.272106247997E-05 -1.975137807111E-04  1.708322962635E-04
  69   6             1.396396923359E-04  9.713918128801E-07  1.146126152172E-04
  70   6            -1.084393064205E-05 -1.270418050353E-04  1.752198305024E-04
  71   6             5.520071493156E-05 -1.659446663268E-04  9.538072277551E-05
  72   6             1.560546244938E-05 -6.276493295830E-05  8.205548636668E-05
  73   6             3.292804503637E-05  1.506181260024E-04  1.272811596725E-04
  74   6             1.596914204486E-04  1.184339076276E-04  1.708322962591E-04
  75   6             1.161119392072E-04  1.307775545972E-04  9.538072277984E-05
  76   6            -1.824124828874E-04  7.907987305068E-05  1.708322962302E-04
  77   6             9.617352892189E-15 -1.258715354169E-14  1.324482184856E-04
  78   6            -9.003352883746E-05  7.557739928905E-05  8.489091426140E-05
  79   6            -6.897859619522E-05 -1.214172168266E-04  1.146126152022E-04
  80   6             1.104687121682E-04  4.018262352970E-05  8.489091428001E-05
  81   6            -4.975058449547E-05 -3.296004394573E-05  1.362490707111E-04
  82  20            -1.018896145922E-05 -1.701862300413E-05  1.107892076813E-05
  83   6            -1.139751008868E-04  1.038255864476E-04 -1.272811596316E-04
  84   6            -1.464662429651E-14 -2.329039738846E-14 -2.479530073521E-04
  85   6            -1.560546245510E-05  6.276493298081E-05 -8.205548632921E-05
  86   6            -5.520071494978E-05  1.659446663411E-04 -9.538072280443E-05
  87   6             1.084393063946E-05  1.270418050606E-04 -1.752198305627E-04
  88   6            -1.396396923820E-04 -9.713918120174E-07 -1.146126152077E-04
  89   6            -2.272106251963E-05  1.975137807086E-04 -1.708322963174E-04
  90   6             1.469031458686E-04  4.679253951111E-05 -1.272811596692E-04
  91   6            -4.655329521267E-05 -4.489719340343E-05 -8.205548631998E-05
  92   6             7.066109612768E-05 -1.204458250855E-04 -1.146126152260E-04
  93   6             1.045994651596E-04 -7.291202200272E-05 -1.752198305447E-04
  94   6            -9.666511423240E-15  1.071365218763E-14 -1.327519780555E-04
  95   6             3.668943107178E-06 -5.956529197499E-05 -1.362490707776E-04
  96   6             6.215875763590E-05 -1.786773957214E-05 -8.205548634442E-05
  97   6            -5.341952761476E-05  2.660524805761E-05 -1.362490707588E-04
  98   6             2.043518329162E-05  1.157600228230E-04 -8.489091427385E-05
  99   6             1.713126541263E-04 -3.516711177447E-05 -9.538072284101E-05
 100   6            -1.161119392369E-04 -1.307775546404E-04 -9.538072279033E-05
 101   6            -1.596914204421E-04 -1.184339076457E-04 -1.708322962632E-04
 102   6            -3.292804502522E-05 -1.506181260398E-04 -1.272811596439E-04
 103   6             4.975058443554E-05  3.296004398690E-05 -1.362490707533E-04
 104   6            -1.104687121748E-04 -4.018262352425E-05 -8.489091431676E-05
 105   6             6.897859617101E-05  1.214172168529E-04 -1.146126152623E-04
 106   6             9.003352883284E-05 -7.557739930741E-05 -8.489091427083E-05
 107   6            -1.339789358750E-14  6.124730352515E-15 -1.324482184837E-04
 108   6             1.824124829091E-04 -7.907987304816E-05 -1.708322962793E-04
 109  20             1.337586453524E-05  7.570281576733E-06 -3.289067897833E-05
 110   8            -5.440446890244E-05 -4.750776659908E-05  1.753915178893E-04
 111   8            -5.486243088958E-05 -4.954365030589E-05  1.819502258316E-04
 112   8            -2.447720667671E-05 -4.662079098524E-05  1.408498384365E-04
 113   8            -2.013756066854E-05 -1.124002964301E-04  1.815340850743E-04
 114   8             1.842848855405E-05 -2.363556443100E-05  1.731122378832E-04
 115   8            -8.995947660461E-05 -4.557181641418E-05  1.755621063472E-04
 116   8            -6.567238567837E-05 -6.718737535916E-05  2.521314699033E-04
 117   8             1.265640725135E-05  4.015347115953E-06  1.278056744289E-04
 118   8            -5.852908716271E-05 -4.799456359528E-05  1.246795315294E-04
 119   8            -7.067401686847E-05 -1.647618523961E-04  2.269127019643E-04
 120   8            -1.139513571796E-04 -1.653325034175E-04  2.840449265713E-04
 121   8            -4.769491880411E-05 -4.221007240479E-05  1.549420719563E-04
 122   8            -4.948677923481E-05 -1.345456869027E-04  2.605490270654E-04
 123   8            -3.538052349205E-05 -9.218124771049E-05  2.069547687510E-04
 124   8            -3.035109477914E-05  1.577565969187E-05  7.788431826411E-05
 125   8            -2.847574277508E-05 -8.612503601494E-05  2.166107021911E-04
 126   8            -1.002293515095E-05 -3.049351318463E-05  1.532169519561E-04
 127   8            -9.894810973783E-05 -3.820354012374E-05  1.412374517932E-04
 128   8            -1.005308995248E-04 -1.193907245503E-04  1.664628816967E-04
 129   8            -9.990626416770E-05 -1.228986886083E-04  1.619082971218E-04
 130   8            -1.013957766559E-04 -7.576597854904E-05  2.171369828436E-04
 131   8            -1.007070035202E-04 -7.732970484919E-05  1.549553263193E-04
 132   8             7.243683498279E-07  1.426680617759E-05  1.530668077972E-04
 133   8            -2.479545406515E-05  1.100197986370E-05  7.311405605169E-05
 134   8            -3.531403282663E-05 -9.343896514158E-05  2.067988433601E-04
 135   8             1.222697021785E-06 -2.919557456804E-05  1.550297087184E-04
 136  20            -1.526989361002E-05 -1.230664387130E-05  3.677343856290E-05
 137   8             5.261339268385E-05  2.112512696027E-06  1.408498384613E-04
 138   8             8.444608901856E-05 -5.512128388871E-05  1.755621063532E-04
 139   8             7.082905492140E-05 -2.669039454429E-05  1.246795315184E-04
 140   8             6.040245441808E-05 -2.019997509677E-05  1.549420719575E-04
 141   8             1.513425344425E-06 -3.417264893606E-05  7.788431824957E-05
 142   8             8.255929112989E-05 -6.658980663144E-05  1.412374517941E-04
 143   8             1.163131504891E-04 -4.992832908831E-05  2.171369828322E-04
 144   8             2.869732950059E-06 -2.697448306233E-05  7.311405605854E-05
 145   8             6.834516717555E-05 -2.336176885898E-05  1.753915179105E-04
 146   8             1.074102924317E-04  3.876050907021E-05  1.815340850919E-04
 147   8             9.102216669377E-05 -2.328026669959E-05  2.521314699303E-04
 148   8             1.780249582026E-04  2.117543219467E-05  2.269127019660E-04
 149   8             1.412633724515E-04  2.441603551013E-05  2.605490270630E-04
 150   8             8.882434048390E-05  1.840180134227E-05  2.166107022012E-04
 151   8             1.536608502291E-04 -2.736695059014E-05  1.664628817075E-04
 152   8             1.173229906087E-04 -4.854997095313E-05  1.549553263410E-04
 153   8             9.857753395856E-05  1.613663304370E-05  2.067988433755E-04
 154   8             7.033727517659E-05 -2.274043371979E-05  1.819502257980E-04
 155   8             1.125475496567E-05  2.777732150901E-05  1.731122378464E-04
 156   8            -9.805596250773E-06  8.953096658117E-06  1.278056744218E-04
 157   8             2.001578266063E-04 -1.601851837249E-05  2.840449265583E-04
 158   8             9.752156401552E-05  1.545019171533E-05  2.069547687129E-04
 159   8             3.141962464997E-05  6.566640141568E-06  1.532169519645E-04
 160   8             1.563865184788E-04 -2.507201846196E-05  1.619082971118E-04
 161   8            -1.271760075889E-05 -6.506081659794E-06  1.530668077641E-04
 162   8             2.467276072527E-05  1.565667397714E-05  1.550297087051E-04
 163  20             1.018896142889E-05  1.701862305985E-05 -1.107892068844E-05
 164   8            -1.229996773349E-05  7.468495814045E-05  1.246795315339E-04
 165   8             1.638881861246E-05  1.047933467680E-04  1.412374517962E-04
 166   8            -1.394069824317E-05  7.086953543497E-05  1.753915179297E-04
 167   8            -1.073509413073E-04  1.435864202232E-04  2.269127019709E-04
 168   8            -5.312995070973E-05  1.467576751228E-04  1.664628817296E-04
 169   8            -1.547484429455E-05  7.228408400888E-05  1.819502258243E-04
 170   8            -8.620646945769E-05  1.813510218014E-04  2.840449265745E-04
 171   8            -5.648025434070E-05  1.479707070507E-04  1.619082971246E-04
 172   8            -2.813618600770E-05  4.450827827537E-05  1.408498384710E-04
 173   8            -1.270753558852E-05  6.241004751281E-05  1.549420719655E-04
 174   8            -1.491737385260E-05  1.256943076977E-04  2.171369828251E-04
 175   8            -8.727273171780E-05  7.363978733825E-05  1.815340850739E-04
 176   8            -9.177659320778E-05  1.101296514195E-04  2.605490270688E-04
 177   8            -1.661598709170E-05  1.258796758014E-04  1.549553263349E-04
 178   8            -2.968324353956E-05 -4.141757043584E-06  1.731122378911E-04
 179   8            -6.214104051769E-05  7.673105599649E-05  2.069547687414E-04
 180   8             1.199323238945E-05 -7.760724485823E-06  1.530668077881E-04
 181   8             5.513387616399E-06  1.006931002597E-04  1.755621063717E-04
 182   8             2.883766946780E-05  1.839698926365E-05  7.788431827067E-05
 183   8             2.192572109059E-05  1.597250317768E-05  7.311405601145E-05
 184   8            -2.534978098721E-05  9.046764199731E-05  2.521314699236E-04
 185   8            -6.034859771581E-05  6.772323464218E-05  2.166107021755E-04
 186   8            -6.326350112660E-05  7.730233210313E-05  2.067988433492E-04
 187   8            -2.850810972747E-06 -1.296844375749E-05  1.278056744366E-04
 188   8            -2.139668950609E-05  2.392687305668E-05  1.532169519590E-04
 189   8            -2.589545771975E-05  1.353890060511E-05  1.550297086992E-04
 190  20             1.526989356095E-05  1.230664386076E-05 -3.677343863404E-05
 191   8             5.486243090883E-05  4.954365025792E-05 -1.819502258170E-04
 192   8             5.440446888882E-05  4.750776654757E-05 -1.753915179030E-04
 193   8             8.995947658507E-05  4.557181643298E-05 -1.755621063542E-04
 194   8            -1.265640726112E-05 -4.015347099522E-06 -1.278056744001E-04
 195   8             6.567238569436E-05  6.718737533355E-05 -2.521314699026E-04
 196   8             2.447720661098E-05  4.662079103808E-05 -1.408498384398E-04
 197   8            -1.842848856205E-05  2.363556447186E-05 -1.731122378690E-04
 198   8             2.013756068630E-05  1.124002964274E-04 -1.815340850380E-04
 199   8             9.894810974671E-05  3.820354012152E-05 -1.412374518124E-04
 200   8             9.990626420412E-05  1.228986885471E-04 -1.619082971187E-04
 201   8             1.005308995591E-04  1.193907245134E-04 -1.664628817093E-04
 202   8             2.479545411400E-05 -1.100197985985E-05 -7.311405601083E-05
 203   8            -1.222696950731E-06  2.919557453666E-05 -1.550297086734E-04
 204   8             3.531403277630E-05  9.343896511952E-05 -2.067988433265E-04
 205   8             1.013957766571E-04  7.576597854416E-05 -2.171369828466E-04
 206   8            -7.243683669994E-07 -1.426680616753E-05 -1.530668077859E-04
 207   8             1.007070035350E-04  7.732970480464E-05 -1.549553263434E-04
 208   8             5.852908717899E-05  4.799456356952E-05 -1.246795315414E-04
 209   8             1.139513571822E-04  1.653325034035E-04 -2.840449265789E-04
 210   8             7.067401690134E-05  1.647618523762E-04 -2.269127019658E-04
 211   8             3.035109475072E-05 -1.577565964569E-05 -7.788431826634E-05
 212   8             1.002293513407E-05  3.049351322015E-05 -1.532169519473E-04
 213   8             2.847574274400E-05  8.612503602693E-05 -2.166107021723E-04
 214   8             4.769491881595E-05  4.221007239058E-05 -1.549420719425E-04
 215   8             3.538052350004E-05  9.218124770960E-05 -2.069547687392E-04
 216   8             4.948677925109E-05  1.345456868477E-04 -2.605490270514E-04
 217  20            -1.337586461040E-05 -7.570281559029E-06  3.289067900042E-05
 218   8            -8.444608902122E-05  5.512128385347E-05 -1.755621063506E-04
 219   8            -5.261339269074E-05 -2.112512755831E-06 -1.408498384554E-04
 220   8            -8.255929112615E-05  6.658980665631E-05 -1.412374517928E-04
 221   8            -2.869732985808E-06  2.697448308483E-05 -7.311405604838E-05
 222   8            -1.163131505523E-04  4.992832910993E-05 -2.171369828401E-04
 223   8            -7.082905488950E-05  2.669039459195E-05 -1.246795315463E-04
 224   8            -1.513425345091E-06  3.417264896389E-05 -7.788431826400E-05
 225   8            -6.040245441520E-05  2.019997513289E-05 -1.549420719586E-04
 226   8            -7.033727517292E-05  2.274043373815E-05 -1.819502258106E-04
 227   8             9.805596226237E-06 -8.953096660782E-06 -1.278056743962E-04
 228   8            -1.125475497377E-05 -2.777732154542E-05 -1.731122378614E-04
 229   8            -1.563865184855E-04  2.507201850133E-05 -1.619082971076E-04
 230   8            -2.467276074326E-05 -1.565667395582E-05 -1.550297086893E-04
 231   8             1.271760074457E-05  6.506081635517E-06 -1.530668077543E-04
 232   8            -2.001578265932E-04  1.601851842548E-05 -2.840449266015E-04
 233   8            -3.141962466085E-05 -6.566640160812E-06 -1.532169519531E-04
 234   8            -9.752156399923E-05 -1.545019173221E-05 -2.069547687523E-04
 235   8            -6.834516715479E-05  2.336176891109E-05 -1.753915178975E-04
 236   8            -9.102216669418E-05  2.328026667561E-05 -2.521314699088E-04
 237   8            -1.074102924622E-04 -3.876050907466E-05 -1.815340850421E-04
 238   8            -1.536608501965E-04  2.736695059636E-05 -1.664628817323E-04
 239   8            -9.857753391608E-05 -1.613663302416E-05 -2.067988433932E-04
 240   8            -1.173229905795E-04  4.854997095846E-05 -1.549553263326E-04
 241   8            -1.780249581858E-04 -2.117543214404E-05 -2.269127019689E-04
 242   8            -8.882434048649E-05 -1.840180132983E-05 -2.166107021702E-04
 243   8            -1.412633724424E-04 -2.441603548171E-05 -2.605490270523E-04
 244  20            -9.644079106106E-06  1.733321093368E-05  1.107892069748E-05
 245   8            -1.638881858433E-05 -1.047933467755E-04 -1.412374518071E-04
 246   8             1.229996772876E-05 -7.468495813823E-05 -1.246795315543E-04
 247   8             1.547484429100E-05 -7.228408396846E-05 -1.819502258198E-04
 248   8             5.648025433152E-05 -1.479707070489E-04 -1.619082971145E-04
 249   8             8.620646944762E-05 -1.813510217940E-04 -2.840449265794E-04
 250   8             1.394069828965E-05 -7.086953540381E-05 -1.753915179142E-04
 251   8             5.312995068338E-05 -1.467576751181E-04 -1.664628817302E-04
 252   8             1.073509413206E-04 -1.435864202064E-04 -2.269127019759E-04
 253   8            -5.513387571398E-06 -1.006931002617E-04 -1.755621063608E-04
 254   8            -2.192572105744E-05 -1.597250318775E-05 -7.311405603563E-05
 255   8            -2.883766939941E-05 -1.839698925218E-05 -7.788431827855E-05
 256   8             2.850811001169E-06  1.296844380279E-05 -1.278056744158E-04
 257   8             2.589545773692E-05 -1.353890059016E-05 -1.550297086872E-04
 258   8             2.139668952089E-05 -2.392687303736E-05 -1.532169519555E-04
 259   8             2.534978098987E-05 -9.046764198947E-05 -2.521314699173E-04
 260   8             6.326350113666E-05 -7.730233209055E-05 -2.067988433508E-04
 261   8             6.034859772439E-05 -6.772323461487E-05 -2.166107021815E-04
 262   8             2.813618605063E-05 -4.450827826989E-05 -1.408498384527E-04
 263   8             1.491737382950E-05 -1.256943077092E-04 -2.171369828207E-04
 264   8             1.270753560273E-05 -6.241004754560E-05 -1.549420719763E-04
 265   8             2.968324356680E-05  4.141757056240E-06 -1.731122378754E-04
 266   8            -1.199323239330E-05  7.760724517871E-06 -1.530668077596E-04
 267   8             6.214104053635E-05 -7.673105595008E-05 -2.069547687428E-04
 268   8             8.727273175303E-05 -7.363978731686E-05 -1.815340850919E-04
 269   8             1.661598709170E-05 -1.258796758062E-04 -1.549553263232E-04
 270   8             9.177659326255E-05 -1.101296514074E-04 -2.605490270844E-04

 RESULTANT FORCE    -7.690435744820E-15 -7.599648720654E-14  3.989495366008E-14

 SYMMETRY ALLOWED FORCES (ANALYTICAL) (DIRECTION, FORCE)

    1 -1.0252804E-04    2 -2.5621532E-04    3  1.7859725E-04    4  4.2919918E-04
    5 -2.1167015E-04    6 -2.5144137E-04    7  5.9244884E-04    8 -3.2441014E-05
    9  1.9102830E-05   10 -8.0565381E-05   11 -4.4808058E-05   12  1.7319837E-05
   13 -9.0076161E-05   14 -4.3689813E-05   15 -7.1821340E-05   16 -5.9547976E-06
   17 -2.5281971E-05   18  2.3623073E-05   19 -4.2457522E-05   20 -2.7137703E-05
   21  3.1735499E-04   22  6.7942702E-05   23 -1.3194033E-04   24  1.2572907E-04
   25  1.6271715E-04   26 -3.4060676E-05   27  2.7700185E-04   28  9.1731312E-05
   29 -1.3906882E-04   30  2.5237401E-04   31 -7.4239911E-05   32  1.0047307E-05
   33 -1.7308363E-04   34  2.9503081E-04   35  2.8074243E-04   36  1.1403182E-04
   37  1.0997521E-04   38  2.0099407E-04   39 -4.1962859E-04   40  8.6141479E-05
   41  2.3363410E-04   42 -5.0055772E-05   43 -2.8355299E-04   44  2.0793942E-04
   45  1.3085058E-04   46 -6.5169282E-05   47  3.3374070E-04   48  1.8773965E-04
   49  3.5065851E-04   50  2.7918084E-04   51 -2.5431971E-04   52  3.1177390E-04
   53  5.5655009E-05   54 -4.8380798E-04   55  4.1845196E-04   56  1.8731007E-04
   57 -1.3326319E-04   58 -1.1636979E-04   59  4.2961972E-04   60 -1.3438496E-04
   61 -1.2135666E-04   62  4.4568521E-04   63 -5.9956667E-05   64 -1.1419715E-04
   65  3.4501023E-04   66 -4.9326748E-05   67 -2.7532337E-04   68  4.4466588E-04
   69  4.5140394E-05   70 -5.7895073E-05   71  4.2403665E-04   72 -2.2035482E-04
   73 -1.1162770E-04   74  4.3003758E-04   75 -1.6086384E-04   76 -1.6457479E-04
   77  6.1759345E-04   78  3.1001740E-05   79  9.8355516E-06   80  3.1305869E-04
   81 -1.4336640E-04   82 -1.1756219E-04   83  3.0540123E-04   84 -1.7311528E-04
   85 -4.0358247E-04   86  5.5582034E-04   87 -2.7912268E-04   88 -4.0498027E-04
   89  6.9576513E-04   90 -1.1682821E-04   91 -1.0339314E-04   92  3.7952902E-04
   93 -1.2121736E-04   94 -3.2956828E-04   95  6.3821217E-04   96 -8.6664229E-05
   97 -2.2579702E-04   98  5.0693358E-04   99 -7.4344695E-05  100  3.8642317E-05
  101  1.9077684E-04  102 -6.9751040E-05  103 -2.1096239E-04  104  5.3058569E-04
  105 -2.4551077E-05  106 -7.4693548E-05  107  3.7530335E-04  108 -2.4237238E-04
  109 -9.3579180E-05  110  3.4595969E-04  111 -2.4624941E-04  112 -2.9244636E-04
  113  4.0774912E-04  114 -2.4471937E-04  115 -3.0103908E-04  116  3.9659271E-04
  117 -2.4836791E-04  118 -1.8558799E-04  119  5.3187481E-04  120 -2.4668077E-04
  121 -1.8941832E-04  122  3.7956148E-04  123  1.7743329E-06  124  3.4946395E-05
  125  3.7493558E-04  126 -6.0736210E-05  127  2.6949237E-05  128  1.7909213E-04
  129 -8.6501361E-05  130 -2.2887779E-04  131  5.0655165E-04  132  2.9949838E-06
  133 -7.1514260E-05  134  3.7974368E-04
 TTTTTTTTTTTTTTTTTTTTTTTTTTTTTT TOTGRA      TELAPSE    78197.83 TCPU    78144.34

 HHHHHHHHHHHHHHHHHHHHHHHHHHHHHHHHHHHHHHHHHHHHHHHHHHHHHHHHHHHHHHHHHHHHHHHHHHHHHHH
                   FORCE CONSTANT MATRIX - NUMERICAL ESTIMATE
 HHHHHHHHHHHHHHHHHHHHHHHHHHHHHHHHHHHHHHHHHHHHHHHHHHHHHHHHHHHHHHHHHHHHHHHHHHHHHHH
 MAX ABS(DGRAD): MAXIMUM ABSOLUTE GRADIENT DIFFERENCE WITH RESPECT TO
                 THE CENTRAL POINT
 DE:             ENERGY DIFFERENCE WITH RESPECT TO THE CENTRAL POINT
                 (DE IS EXPECTED TO BE POSITIVE FOR ALL DISPLACEMENTS)

   ATOM      MAX ABS(DGRAD)       TOTAL ENERGY (AU)  N.CYC      DE       SYM
    CENTRAL POINT             -3.793693904991E+04    28     0.0000E+00     6
    1 CA DX   6.4516E-04      -3.793693904639E+04    31     3.5240E-06     1
    1 CA DY                   GENERATED FROM A PREVIOUS LINE
    1 CA DZ   6.8447E-04      -3.793693904680E+04    16     3.1192E-06     3
    2 MG DX   8.9067E-04      -3.793693904561E+04    12     4.3062E-06     1
    2 MG DY                   GENERATED FROM A PREVIOUS LINE
    2 MG DZ   8.2893E-04      -3.793693904584E+04    18     4.0762E-06     3
    3 C  DX   4.7689E-03      -3.793693903402E+04    15     1.5897E-05     1
    3 C  DY                   GENERATED FROM A PREVIOUS LINE
    3 C  DZ   1.6060E-03      -3.793693904381E+04    22     6.1012E-06     1
    5 O  DX   2.5938E-03      -3.793693904018E+04    16     9.7329E-06     1
    5 O  DY   1.9867E-03      -3.793693904190E+04    16     8.0120E-06     1
    5 O  DZ   5.3830E-04      -3.793693904831E+04    17     1.6098E-06     1

 GCALCO - MAX INDICES DIRECT LATTICE VECTOR    14    14    14
 NO.OF VECTORS CREATED 6999 STARS  515 RMAX   307.59168 BOHR

 CAPPA:IS1  3;IS2  3;IS3  3; K PTS MONK NET   6; SYMMOPS:K SPACE   6;G SPACE   6

 TTTTTTTTTTTTTTTTTTTTTTTTTTTTTT gordsh1     TELAPSE  1358924.84 TCPU  1358001.45

 MATRIX SIZE: P(G)22265091, F(G) 3866022, P(G) IRR 1863180, F(G) IRR  649561
 MAX G-VECTOR INDEX FOR 1- AND 2-ELECTRON INTEGRALS 141

 TTTTTTTTTTTTTTTTTTTTTTTTTTTTTT INPUT       TELAPSE  1358926.34 TCPU  1358002.61

 SYMMETRY ALLOWED INTERNAL DEGREE(S) OF FREEDOM: 134
 TTTTTTTTTTTTTTTTTTTTTTTTTTTTTT SYMM        TELAPSE  1358926.57 TCPU  1358002.78
 TTTTTTTTTTTTTTTTTTTTTTTTTTTTTT INT_SCREEN  TELAPSE  1358927.02 TCPU  1358003.22

 GCALCO - MAX INDICES DIRECT LATTICE VECTOR    14    14    14
 NO.OF VECTORS CREATED 6999 STARS  515 RMAX   102.53056 BOHR
 TTTTTTTTTTTTTTTTTTTTTTTTTTTTTT gordsh1     TELAPSE  1358927.03 TCPU  1358003.22

 MATRIX SIZE: P(G)  824633, F(G)  143837, P(G) IRR   72869, F(G) IRR   26028
 MAX G-VECTOR INDEX FOR 1- AND 2-ELECTRON INTEGRALS 261

 TTTTTTTTTTTTTTTTTTTTTTTTTTTTTT INPUT       TELAPSE  1358927.03 TCPU  1358003.23

 SYMMETRY ALLOWED INTERNAL DEGREE(S) OF FREEDOM:   4
 TTTTTTTTTTTTTTTTTTTTTTTTTTTTTT SYMM        TELAPSE  1358927.04 TCPU  1358003.23
 TTTTTTTTTTTTTTTTTTTTTTTTTTTTTT INT_SCREEN  TELAPSE  1358927.10 TCPU  1358003.29

 +++ SYMMETRY ADAPTION OF VIBRATIONAL MODES +++


 CLASS  | GROUP OPERATORS (SEE SYMMOPS KEYWORD)
 --------------------------------------------------------------------
 C3     |   2;
 C3'    |   3;
 I      |   4;
 S6     |   5;
 S6'    |   6;

 IRREP/CLA      E     C3      I     S6
 -------------------------------------
  MULTIP |      1      1      1      1
 -------------------------------------
    Ag   |   1.00   1.00   1.00   1.00
 RP Eg   |   2.00  -1.00   2.00  -1.00
    Au   |   1.00   1.00  -1.00  -1.00
 RP Eu   |   2.00  -1.00  -2.00   1.00
 
 Ag -(1,   4); Eg -(1,   8);
 Au -(1,   6); Eu -(1,  12);


  DISPERSION K POINT NUMBER     1 COORD:  R(  0  0  0 )    WEIGHT:    1.


 HHHHHHHHHHHHHHHHHHHHHHHHHHHHHHHHHHHHHHHHHHHHHHHHHHHHHHHHHHHHHHHHHHHHHHHHHHHHHH
 EIGENVALUES (EIGV) OF THE MASS WEIGHTED HESSIAN MATRIX AND HARMONIC TRANSVERSE
 OPTICAL (TO) FREQUENCIES. IRREP LABELS REFER TO SYMMETRY REPRESENTATION
 ANALYSIS; A AND I INDICATE WHETHER THE MODE IS ACTIVE OR INACTIVE,
 RESPECTIVELY, FOR IR AND RAMAN; INTEGRATED IR INTENSITIES IN BRACKETS.

 CONVERSION FACTORS FOR FREQUENCIES:
      1 CM**(-1) =   0.4556335E-05 HARTREE
      1 THZ      =   0.3335641E+02 CM**(-1)

 HHHHHHHHHHHHHHHHHHHHHHHHHHHHHHHHHHHHHHHHHHHHHHHHHHHHHHHHHHHHHHHHHHHHHHHHHHHHHH

    MODES         EIGV          FREQUENCIES     IRREP  IR   INTENS    RAMAN
             (HARTREE**2)   (CM**-1)     (THZ)             (KM/MOL)
    1-   1    0.2974E-20      0.0000    0.0000  (Au )   A (     0.00)   I
    2-   3    0.1512E-18      0.0000    0.0000  (Eu )   A (     0.00)   I
    4-   4    0.2145E-06    101.6410    3.0471  (Au )   A (     0.00)   I
    5-   6    0.3776E-06    134.8714    4.0433  (Eu )   A (     0.00)   I
    7-   8    0.9528E-06    214.2309    6.4225  (Eg )   I (     0.00)   A
    9-   9    0.1391E-05    258.8399    7.7598  (Ag )   I (     0.00)   A
   10-  11    0.2122E-05    319.7069    9.5846  (Eu )   A (     0.00)   I
   12-  13    0.2873E-05    372.0295   11.1532  (Eg )   I (     0.00)   A
   14-  14    0.2964E-05    377.8718   11.3283  (Au )   A (     0.00)   I
   15-  15    0.3635E-05    418.4686   12.5454  (Ag )   I (     0.00)   A
   16-  17    0.4325E-05    456.4193   13.6831  (Eu )   A (     0.00)   I
   18-  18    0.4383E-05    459.5021   13.7755  (Au )   A (     0.00)   I
   19-  20    0.1193E-04    758.1806   22.7297  (Eg )   I (     0.00)   A
   21-  22    0.1227E-04    768.6983   23.0450  (Eu )   A (     0.00)   I
   23-  23    0.1614E-04    881.8367   26.4368  (Au )   A (     0.00)   I
   24-  24    0.1650E-04    891.4273   26.7243  (Ag )   I (     0.00)   A
   25-  25    0.2852E-04   1171.9836   35.1352  (Ag )   I (     0.00)   A
   26-  26    0.2865E-04   1174.7069   35.2168  (Au )   A (     0.00)   I
   27-  28    0.4819E-04   1523.5636   45.6753  (Eu )   A (     0.00)   I
   29-  30    0.4992E-04   1550.6635   46.4877  (Eg )   I (     0.00)   A

 NORMAL MODES NORMALIZED TO CLASSICAL AMPLITUDES (IN BOHR)

 FREQ(CM**-1)      0.00      0.00      0.00    101.64    134.87    134.87

 AT.   1 CA X     0.0000    0.0727   -0.0126    0.0000   -0.0798   -0.0017
            Y     0.0000    0.0126    0.0727    0.0000    0.0017   -0.0798
            Z     0.0737    0.0000    0.0000    0.0796    0.0000    0.0000
 AT.   2 MG X     0.0000    0.0727   -0.0126    0.0000    0.0004    0.0418
            Y     0.0000    0.0126    0.0727    0.0000   -0.0418    0.0004
            Z     0.0737    0.0000    0.0000    0.0355    0.0000    0.0000
 AT.   3 C  X     0.0000    0.0727   -0.0126    0.0000    0.0205   -0.0048
            Y     0.0000    0.0126    0.0727    0.0000    0.0048    0.0205
            Z     0.0737    0.0000    0.0000   -0.0251    0.0000    0.0000
 AT.   4 C  X     0.0000    0.0727   -0.0126    0.0000    0.0205   -0.0048
            Y     0.0000    0.0126    0.0727    0.0000    0.0048    0.0205
            Z     0.0737    0.0000    0.0000   -0.0251    0.0000    0.0000
 AT.   5 O  X    -0.0000    0.0727   -0.0126    0.0478    0.0261   -0.0003
            Y    -0.0000    0.0126    0.0727    0.0612    0.0168    0.0299
            Z     0.0737   -0.0000   -0.0000   -0.0358   -0.0985   -0.0536
 AT.   6 O  X     0.0000    0.0727   -0.0126   -0.0769    0.0360   -0.0110
            Y    -0.0000    0.0126    0.0727    0.0108    0.0061    0.0199
            Z     0.0737    0.0000   -0.0000   -0.0358    0.0957   -0.0585
 AT.   7 O  X    -0.0000    0.0727   -0.0126    0.0291    0.0218   -0.0143
            Y     0.0000    0.0126    0.0727   -0.0720    0.0028    0.0341
            Z     0.0737   -0.0000    0.0000   -0.0358    0.0028    0.1122
 AT.   8 O  X    -0.0000    0.0727   -0.0126    0.0478    0.0261   -0.0003
            Y    -0.0000    0.0126    0.0727    0.0612    0.0168    0.0299
            Z     0.0737   -0.0000   -0.0000   -0.0358   -0.0985   -0.0536
 AT.   9 O  X     0.0000    0.0727   -0.0126   -0.0769    0.0360   -0.0110
            Y    -0.0000    0.0126    0.0727    0.0108    0.0061    0.0199
            Z     0.0737    0.0000   -0.0000   -0.0358    0.0957   -0.0585
 AT.  10 O  X    -0.0000    0.0727   -0.0126    0.0291    0.0218   -0.0143
            Y     0.0000    0.0126    0.0727   -0.0720    0.0028    0.0341
            Z     0.0737   -0.0000    0.0000   -0.0358    0.0028    0.1122

 FREQ(CM**-1)    214.23    214.23    258.84    319.71    319.71    372.03

 AT.   1 CA X     0.0000    0.0000    0.0000   -0.1104    0.0082    0.0000
            Y     0.0000    0.0000    0.0000    0.0082    0.1104    0.0000
            Z     0.0000    0.0000    0.0000    0.0000    0.0000    0.0000
 AT.   2 MG X     0.0000    0.0000    0.0000    0.0874    0.0418    0.0000
            Y     0.0000    0.0000    0.0000    0.0418   -0.0874    0.0000
            Z     0.0000    0.0000    0.0000    0.0000    0.0000    0.0000
 AT.   3 C  X     0.0717   -0.0277    0.0000    0.0239   -0.0004    0.0226
            Y     0.0277    0.0717    0.0000   -0.0004   -0.0239   -0.0395
            Z     0.0000    0.0000   -0.0531    0.0000    0.0000    0.0000
 AT.   4 C  X    -0.0717    0.0277    0.0000    0.0239   -0.0004   -0.0226
            Y    -0.0277   -0.0717    0.0000   -0.0004   -0.0239    0.0395
            Z     0.0000    0.0000    0.0531    0.0000    0.0000    0.0000
 AT.   5 O  X     0.0774   -0.0264    0.0498    0.0116   -0.0029    0.0306
            Y     0.0308    0.0776    0.0646   -0.0247   -0.0247   -0.0337
            Z    -0.0450   -0.0470   -0.0553    0.0582   -0.0302   -0.0716
 AT.   6 O  X     0.0794   -0.0296   -0.0808    0.0119   -0.0250    0.0178
            Y     0.0275    0.0756    0.0109   -0.0026   -0.0243   -0.0407
            Z     0.0632   -0.0155   -0.0553   -0.0552   -0.0353   -0.0563
 AT.   7 O  X     0.0756   -0.0297    0.0310    0.0309   -0.0136    0.0181
            Y     0.0274    0.0794   -0.0754   -0.0140   -0.0054   -0.0261
            Z    -0.0182    0.0625   -0.0553   -0.0030    0.0655    0.1279
 AT.   8 O  X    -0.0774    0.0264   -0.0498    0.0116   -0.0029   -0.0306
            Y    -0.0308   -0.0776   -0.0646   -0.0247   -0.0247    0.0337
            Z     0.0450    0.0470    0.0553    0.0582   -0.0302    0.0716
 AT.   9 O  X    -0.0794    0.0296    0.0808    0.0119   -0.0250   -0.0178
            Y    -0.0275   -0.0756   -0.0109   -0.0026   -0.0243    0.0407
            Z    -0.0632    0.0155    0.0553   -0.0552   -0.0353    0.0563
 AT.  10 O  X    -0.0756    0.0297   -0.0310    0.0309   -0.0136   -0.0181
            Y    -0.0274   -0.0794    0.0754   -0.0140   -0.0054    0.0261
            Z     0.0182   -0.0625    0.0553   -0.0030    0.0655   -0.1279

 FREQ(CM**-1)    372.03    377.87    418.47    456.42    456.42    459.50

 AT.   1 CA X     0.0000    0.0000    0.0000    0.0122    0.0270    0.0000
            Y     0.0000    0.0000    0.0000    0.0270   -0.0122    0.0000
            Z     0.0000   -0.1120    0.0000    0.0000    0.0000    0.0259
 AT.   2 MG X     0.0000    0.0000    0.0000   -0.0015    0.1561    0.0000
            Y     0.0000    0.0000    0.0000    0.1561    0.0015    0.0000
            Z     0.0000    0.1081    0.0000    0.0000    0.0000    0.1516
 AT.   3 C  X    -0.0395    0.0000    0.0000   -0.0129   -0.0377    0.0000
            Y    -0.0226    0.0000    0.0000   -0.0377    0.0129    0.0000
            Z     0.0000    0.0188    0.0902    0.0000    0.0000   -0.0535
 AT.   4 C  X     0.0395    0.0000    0.0000   -0.0129   -0.0377    0.0000
            Y     0.0226    0.0000    0.0000   -0.0377    0.0129    0.0000
            Z     0.0000    0.0188   -0.0902    0.0000    0.0000   -0.0535
 AT.   5 O  X    -0.0333    0.0222    0.0391   -0.0005   -0.0559   -0.0348
            Y    -0.0138    0.0383    0.0469   -0.0258    0.0024   -0.0350
            Z    -0.1064    0.0149    0.0683   -0.0561   -0.0137   -0.0353
 AT.   6 O  X    -0.0263   -0.0443   -0.0601    0.0111   -0.0325    0.0477
            Y    -0.0265    0.0001    0.0104   -0.0492    0.0140   -0.0126
            Z     0.1152    0.0149    0.0683    0.0162    0.0554   -0.0353
 AT.   7 O  X    -0.0409    0.0221    0.0211   -0.0150   -0.0342   -0.0129
            Y    -0.0262   -0.0384   -0.0573   -0.0475   -0.0121    0.0476
            Z    -0.0088    0.0149    0.0683    0.0399   -0.0417   -0.0353
 AT.   8 O  X     0.0333    0.0222   -0.0391   -0.0005   -0.0559   -0.0348
            Y     0.0138    0.0383   -0.0469   -0.0258    0.0024   -0.0350
            Z     0.1064    0.0149   -0.0683   -0.0561   -0.0137   -0.0353
 AT.   9 O  X     0.0263   -0.0443    0.0601    0.0111   -0.0325    0.0477
            Y     0.0265    0.0001   -0.0104   -0.0492    0.0140   -0.0126
            Z    -0.1152    0.0149   -0.0683    0.0162    0.0554   -0.0353
 AT.  10 O  X     0.0409    0.0221   -0.0211   -0.0150   -0.0342   -0.0129
            Y     0.0262   -0.0384    0.0573   -0.0475   -0.0121    0.0476
            Z     0.0088    0.0149   -0.0683    0.0399   -0.0417   -0.0353

 FREQ(CM**-1)    758.18    758.18    768.70    768.70    881.84    891.43

 AT.   1 CA X     0.0000    0.0000    0.0089   -0.0035    0.0000    0.0000
            Y     0.0000    0.0000   -0.0035   -0.0089    0.0000    0.0000
            Z     0.0000    0.0000    0.0000    0.0000    0.0004    0.0000
 AT.   2 MG X     0.0000    0.0000   -0.0207    0.0165    0.0000    0.0000
            Y     0.0000    0.0000    0.0165    0.0207    0.0000    0.0000
            Z     0.0000    0.0000    0.0000    0.0000    0.0084    0.0000
 AT.   3 C  X     0.0338    0.0446    0.0502    0.0319    0.0000    0.0000
            Y    -0.0446    0.0338    0.0319   -0.0502    0.0000    0.0000
            Z     0.0000    0.0000    0.0000    0.0000    0.1799    0.1752
 AT.   4 C  X    -0.0338   -0.0446    0.0502    0.0319    0.0000    0.0000
            Y     0.0446   -0.0338    0.0319   -0.0502    0.0000    0.0000
            Z     0.0000    0.0000    0.0000    0.0000    0.1799   -0.1752
 AT.   5 O  X     0.0796   -0.0476   -0.0463    0.0762   -0.0067   -0.0054
            Y    -0.0242   -0.0996   -0.0975   -0.0241   -0.0053   -0.0043
            Z     0.0030   -0.0126   -0.0248    0.0001   -0.0472   -0.0519
 AT.   6 O  X    -0.0859   -0.0714   -0.0687   -0.0846    0.0080    0.0064
            Y    -0.0479    0.0659    0.0632   -0.0465   -0.0031   -0.0025
            Z     0.0094    0.0089    0.0125    0.0214   -0.0472   -0.0519
 AT.   7 O  X    -0.0237    0.0838    0.0817   -0.0236   -0.0013   -0.0011
            Y     0.1072    0.0037    0.0023    0.1039    0.0085    0.0068
            Z    -0.0124    0.0037    0.0123   -0.0215   -0.0472   -0.0519
 AT.   8 O  X    -0.0796    0.0476   -0.0463    0.0762   -0.0067    0.0054
            Y     0.0242    0.0996   -0.0975   -0.0241   -0.0053    0.0043
            Z    -0.0030    0.0126   -0.0248    0.0001   -0.0472    0.0519
 AT.   9 O  X     0.0859    0.0714   -0.0687   -0.0846    0.0080   -0.0064
            Y     0.0479   -0.0659    0.0632   -0.0465   -0.0031    0.0025
            Z    -0.0094   -0.0089    0.0125    0.0214   -0.0472    0.0519
 AT.  10 O  X     0.0237   -0.0838    0.0817   -0.0236   -0.0013    0.0011
            Y    -0.1072   -0.0037    0.0023    0.1039    0.0085   -0.0068
            Z     0.0124   -0.0037    0.0123   -0.0215   -0.0472    0.0519

 FREQ(CM**-1)   1171.98   1174.71   1523.56   1523.56   1550.66   1550.66

 AT.   1 CA X     0.0000    0.0000   -0.0019    0.0012    0.0000    0.0000
            Y     0.0000    0.0000   -0.0012   -0.0019    0.0000    0.0000
            Z     0.0000   -0.0052    0.0000    0.0000    0.0000    0.0000
 AT.   2 MG X     0.0000    0.0000   -0.0054   -0.0025    0.0000    0.0000
            Y     0.0000    0.0000    0.0025   -0.0054    0.0000    0.0000
            Z     0.0000    0.0154    0.0000    0.0000    0.0000    0.0000
 AT.   3 C  X     0.0000    0.0000    0.1733    0.0070    0.1747    0.0062
            Y     0.0000    0.0000   -0.0070    0.1733   -0.0062    0.1747
            Z     0.0007    0.0016    0.0000    0.0000    0.0000    0.0000
 AT.   4 C  X     0.0000    0.0000    0.1733    0.0070   -0.1747   -0.0062
            Y     0.0000    0.0000   -0.0070    0.1733    0.0062   -0.1747
            Z    -0.0007    0.0016    0.0000    0.0000    0.0000    0.0000
 AT.   5 O  X     0.0799    0.0799   -0.0502    0.0316   -0.0517    0.0289
            Y    -0.0635   -0.0629    0.0348   -0.0322    0.0321   -0.0319
            Z    -0.0024   -0.0021    0.0021   -0.0015   -0.0012   -0.0004
 AT.   6 O  X     0.0150    0.0145   -0.0080   -0.0105   -0.0104   -0.0083
            Y     0.1009    0.1007   -0.0072   -0.0744   -0.0050   -0.0732
            Z    -0.0024   -0.0021    0.0002    0.0026    0.0009   -0.0008
 AT.   7 O  X    -0.0949   -0.0944   -0.0654   -0.0260   -0.0632   -0.0255
            Y    -0.0374   -0.0378   -0.0227   -0.0169   -0.0222   -0.0203
            Z    -0.0024   -0.0021   -0.0024   -0.0011    0.0003    0.0012
 AT.   8 O  X    -0.0799    0.0799   -0.0502    0.0316    0.0517   -0.0289
            Y     0.0635   -0.0629    0.0348   -0.0322   -0.0321    0.0319
            Z     0.0024   -0.0021    0.0021   -0.0015    0.0012    0.0004
 AT.   9 O  X    -0.0150    0.0145   -0.0080   -0.0105    0.0104    0.0083
            Y    -0.1009    0.1007   -0.0072   -0.0744    0.0050    0.0732
            Z     0.0024   -0.0021    0.0002    0.0026   -0.0009    0.0008
 AT.  10 O  X     0.0949   -0.0944   -0.0654   -0.0260    0.0632    0.0255
            Y     0.0374   -0.0378   -0.0227   -0.0169    0.0222    0.0203
            Z     0.0024   -0.0021   -0.0024   -0.0011   -0.0003   -0.0012

 *******************************************************************************

 VIBRATIONAL TEMPERATURES (K) OF THE MODES AT THE GAMMA POINT

 TO MODES
   146.2 [   4;]   194.0 [   5;]   194.0 [   6;]   308.2 [   7;]
   308.2 [   8;]   372.4 [   9;]   460.0 [  10;]   460.0 [  11;]
   535.3 [  12;]   535.3 [  13;]   543.7 [  14;]   602.1 [  15;]
   656.7 [  16;]   656.7 [  17;]   661.1 [  18;]  1090.9 [  19;]
  1090.9 [  20;]  1106.0 [  21;]  1106.0 [  22;]  1268.8 [  23;]
  1282.6 [  24;]  1686.2 [  25;]  1690.1 [  26;]  2192.1 [  27;]
  2192.1 [  28;]  2231.1 [  29;]  2231.1 [  30;]


  DISPERSION K POINT NUMBER     2 COORD:  C(  0  0  1 )    WEIGHT:    1.

    MODES         EIGV          FREQUENCIES     IRREP
             (HARTREE**2)   (CM**-1)     (THZ)
    1-   1    0.4408E-07     46.0784    1.3814  (  1)
    2-   2    0.3298E-06    126.0420    3.7786  (  1)
    3-   3    0.3544E-06    130.6530    3.9169  (  1)
    4-   4    0.4344E-06    144.6588    4.3368  (  1)
    5-   5    0.4946E-06    154.3536    4.6274  (  1)
    6-   6    0.9367E-06    212.4182    6.3681  (  1)
    7-   7    0.1059E-05    225.8713    6.7714  (  1)
    8-   8    0.1268E-05    247.1430    7.4092  (  1)
    9-   9    0.1384E-05    258.1649    7.7396  (  1)
   10-  10    0.1703E-05    286.4442    8.5874  (  1)
   11-  11    0.2100E-05    318.0295    9.5343  (  1)
   12-  12    0.2399E-05    339.9565   10.1916  (  1)
   13-  13    0.2871E-05    371.8556   11.1479  (  1)
   14-  14    0.3104E-05    386.6574   11.5917  (  1)
   15-  15    0.3814E-05    428.6233   12.8498  (  1)
   16-  16    0.4287E-05    454.4484   13.6240  (  1)
   17-  17    0.4381E-05    459.4024   13.7725  (  1)
   18-  18    0.4916E-05    486.6346   14.5889  (  1)
   19-  19    0.1164E-04    748.6852   22.4450  (  1)
   20-  20    0.1196E-04    758.9880   22.7539  (  1)
   21-  21    0.1207E-04    762.4279   22.8570  (  1)
   22-  22    0.1234E-04    770.9978   23.1139  (  1)
   23-  23    0.1628E-04    885.6109   26.5499  (  1)
   24-  24    0.1644E-04    889.8646   26.6775  (  1)
   25-  25    0.2841E-04   1169.9147   35.0732  (  1)
   26-  26    0.2852E-04   1172.0161   35.1362  (  1)
   27-  27    0.4931E-04   1541.0992   46.2010  (  1)
   28-  28    0.5054E-04   1560.2053   46.7738  (  1)
   29-  29    0.5245E-04   1589.5121   47.6524  (  1)
   30-  30    0.5733E-04   1661.8266   49.8203  (  1)

 MODES IN PHASE

 FREQ(CM**-1)     46.08    126.04    130.65    144.66    154.35    212.42

 AT.   1 CA X    -0.0244    0.0195    0.0937   -0.0338   -0.0074   -0.0021
            Y     0.0198   -0.0013   -0.0125   -0.0372    0.1010    0.0074
            Z     0.0081   -0.0087    0.0420    0.0865    0.0503   -0.0100
 AT.   2 MG X    -0.0073   -0.0250    0.0187    0.0139   -0.0183   -0.0207
            Y     0.0027    0.0197   -0.0025    0.0179    0.0014    0.0130
            Z     0.0115   -0.0034    0.0214    0.0105    0.0149   -0.0066
 AT.   3 C  X    -0.0142   -0.0340    0.0519   -0.0068   -0.0094   -0.0112
            Y     0.0027    0.0150   -0.0146    0.0517    0.0002   -0.0338
            Z     0.0366   -0.0079    0.0171   -0.0066    0.0147    0.0051
 AT.   4 C  X     0.0032   -0.0334   -0.0201   -0.0044    0.0078   -0.0222
            Y     0.0152    0.0160    0.0115   -0.0411    0.0147   -0.0213
            Z    -0.0099   -0.0027    0.0084    0.0147   -0.0245    0.0185
 AT.   5 O  X    -0.0255   -0.0353    0.0621   -0.0022    0.0242   -0.0125
            Y    -0.0129    0.0126   -0.0007    0.0568    0.0398   -0.0422
            Z     0.0297    0.0152    0.0381   -0.0185    0.0190    0.0476
 AT.   6 O  X     0.0082   -0.0338    0.0330   -0.0329   -0.0552    0.0065
            Y     0.0008    0.0146   -0.0126    0.0502    0.0105   -0.0343
            Z     0.0579   -0.0639    0.0049   -0.0100    0.0294   -0.0027
 AT.   7 O  X    -0.0182    0.0091   -0.0188    0.0040   -0.0005    0.0245
            Y     0.0525    0.0245    0.0133   -0.0572    0.0339    0.0316
            Z     0.0570    0.0125    0.0427    0.0320   -0.0242    0.0555
 AT.   8 O  X    -0.0408    0.0350    0.0620   -0.0023    0.0242    0.0327
            Y    -0.0095    0.0185   -0.0008    0.0567    0.0399    0.0615
            Z     0.0467   -0.0209    0.0378   -0.0185    0.0190   -0.0993
 AT.   9 O  X     0.0167   -0.0410    0.0330   -0.0327   -0.0552    0.0008
            Y     0.0143   -0.0092   -0.0126    0.0503    0.0106    0.0420
            Z     0.0530   -0.0593    0.0050   -0.0099    0.0293    0.0037
 AT.  10 O  X    -0.0004   -0.0397   -0.0181    0.0040   -0.0006   -0.0240
            Y     0.0224    0.0338    0.0131   -0.0571    0.0341   -0.0123
            Z     0.0186    0.0281    0.0430    0.0322   -0.0238   -0.0418

 FREQ(CM**-1)    225.87    247.14    258.16    286.44    318.03    339.96

 AT.   1 CA X     0.0016    0.0011   -0.0602   -0.0015   -0.0146   -0.0024
            Y    -0.0015    0.0084   -0.0250    0.0016   -0.0025    0.0042
            Z    -0.0008   -0.0023    0.0172   -0.0070   -0.0084   -0.0006
 AT.   2 MG X    -0.0432    0.0075   -0.0001    0.0043   -0.0103   -0.0746
            Y     0.0424    0.0193    0.0032   -0.0057   -0.0667   -0.0067
            Z    -0.0270   -0.0415   -0.0006    0.0769   -0.0154    0.0413
 AT.   3 C  X    -0.0655   -0.0025    0.0157    0.0050   -0.0075    0.0283
            Y     0.0170   -0.0166   -0.0271   -0.0069   -0.0282    0.0226
            Z    -0.0281    0.0219   -0.0251   -0.0054   -0.0449   -0.0162
 AT.   4 C  X    -0.0266    0.0106   -0.0151    0.0028   -0.0230    0.0034
            Y     0.0124    0.0036    0.0307   -0.0056   -0.0136    0.0280
            Z    -0.0194    0.0128    0.0250   -0.0041    0.0105   -0.0317
 AT.   5 O  X    -0.0508   -0.0258    0.0376    0.0136   -0.0206    0.0140
            Y     0.0373   -0.0466   -0.0014    0.0030   -0.0443   -0.0041
            Z    -0.0182    0.0383   -0.0347    0.0788   -0.0377    0.0084
 AT.   6 O  X    -0.0797    0.0391   -0.0149   -0.0305    0.0036    0.0652
            Y     0.0206   -0.0226   -0.0276   -0.0054   -0.0270    0.0154
            Z    -0.0411    0.0468    0.0316   -0.0916   -0.0531   -0.0280
 AT.   7 O  X     0.0068   -0.0221   -0.0230   -0.0160    0.0402   -0.0021
            Y    -0.0067   -0.0289    0.0039    0.0227    0.0034   -0.0314
            Z     0.0392   -0.0064    0.0526   -0.0315   -0.0486    0.0594
 AT.   8 O  X     0.0542    0.0478    0.0074   -0.0109    0.0287   -0.0121
            Y    -0.0381    0.0716   -0.0342   -0.0001    0.0416    0.0012
            Z     0.0162   -0.0737   -0.0297   -0.0868    0.0536   -0.0024
 AT.   9 O  X     0.0882   -0.0230   -0.0077    0.0287    0.0094   -0.0657
            Y    -0.0202    0.0401   -0.0397    0.0046    0.0295   -0.0173
            Z     0.0493   -0.0311    0.0134    0.0889    0.0457    0.0230
 AT.  10 O  X    -0.0206    0.0006   -0.0321    0.0192   -0.0358   -0.0014
            Y     0.0052    0.0301    0.0664   -0.0294    0.0062    0.0298
            Z    -0.0404   -0.0054    0.0674    0.0233    0.0635   -0.0604

 FREQ(CM**-1)    371.86    386.66    428.62    454.45    459.40    486.63

 AT.   1 CA X     0.0160   -0.0214   -0.0455    0.0052    0.0005    0.0068
            Y    -0.0446    0.0191   -0.0421    0.0066   -0.0162    0.0010
            Z     0.0152    0.0770   -0.0066    0.0004    0.0014    0.0059
 AT.   2 MG X    -0.0179   -0.0027   -0.0017    0.0700    0.0993    0.0931
            Y     0.0242   -0.0020    0.0008   -0.0538   -0.0612    0.1236
            Z     0.0162   -0.0032    0.0097    0.1233   -0.0675    0.0189
 AT.   3 C  X    -0.0201    0.0193    0.0385   -0.0299    0.0034   -0.0092
            Y    -0.0298   -0.0260    0.0193    0.0126    0.0433   -0.0259
            Z     0.0341   -0.0266    0.0429   -0.0105   -0.0040   -0.0358
 AT.   4 C  X    -0.0109   -0.0123   -0.0332   -0.0297    0.0010   -0.0093
            Y     0.0221    0.0318   -0.0142    0.0126    0.0421   -0.0260
            Z     0.0141    0.0159   -0.0534   -0.0108   -0.0000   -0.0357
 AT.   5 O  X     0.0072   -0.0010    0.0517   -0.0592   -0.0131   -0.0182
            Y     0.0064   -0.0606    0.0267   -0.0118    0.0262   -0.0281
            Z    -0.0398   -0.0492    0.0695   -0.0179    0.0507   -0.0388
 AT.   6 O  X    -0.0406    0.0463   -0.0117   -0.0117   -0.0215    0.0297
            Y    -0.0305   -0.0345    0.0162    0.0084    0.0507   -0.0309
            Z     0.0451   -0.0560   -0.0294    0.0475   -0.0096   -0.0322
 AT.   7 O  X     0.0021    0.0073   -0.0262    0.0136   -0.0001    0.0237
            Y     0.0260    0.0185    0.0245   -0.0276    0.0078    0.0231
            Z    -0.0826   -0.0465   -0.0579    0.0375    0.0122    0.0035
 AT.   8 O  X     0.0087   -0.0019    0.0332    0.0281    0.0072   -0.0044
            Y    -0.0056   -0.0513    0.0114   -0.0012   -0.0089    0.0132
            Z    -0.0466   -0.0281    0.0396    0.0048   -0.0392    0.0110
 AT.   9 O  X    -0.0341    0.0533    0.0125    0.0241   -0.0077   -0.0308
            Y    -0.0360   -0.0173    0.0124   -0.0029   -0.0339    0.0089
            Z     0.0130   -0.0673   -0.0361   -0.0517    0.0333    0.0511
 AT.  10 O  X    -0.0031    0.0046   -0.0447   -0.0291    0.0059   -0.0168
            Y     0.0036   -0.0037    0.0151    0.0072    0.0318    0.0200
            Z    -0.0611   -0.0510   -0.0698   -0.0491   -0.0434   -0.0083

 FREQ(CM**-1)    748.69    758.99    762.43    771.00    885.61    889.86

 AT.   1 CA X     0.0090    0.0035    0.0037    0.0001   -0.0016    0.0016
            Y     0.0027   -0.0015   -0.0028    0.0001   -0.0008   -0.0005
            Z    -0.0031    0.0006    0.0084   -0.0001   -0.0002    0.0014
 AT.   2 MG X     0.0011   -0.0222   -0.0048    0.0098    0.0005    0.0023
            Y    -0.0065    0.0234   -0.0051    0.0177   -0.0019   -0.0007
            Z     0.0020    0.0077    0.0003   -0.0210    0.0039   -0.0008
 AT.   3 C  X     0.0155    0.0504   -0.0327   -0.0214    0.0006    0.0027
            Y     0.0055    0.0141    0.0493    0.0441    0.0016   -0.0011
            Z    -0.0017    0.0010   -0.0022    0.0049    0.1787   -0.0530
 AT.   4 C  X    -0.0172    0.0510    0.0156   -0.0044    0.0039    0.0005
            Y    -0.0205    0.0123   -0.0253    0.0271   -0.0022   -0.0009
            Z    -0.0004    0.0011    0.0025    0.0101    0.0538    0.1765
 AT.   5 O  X    -0.0141   -0.0236   -0.0726   -0.0820   -0.0042    0.0020
            Y    -0.0303   -0.1030    0.0278   -0.0010   -0.0038    0.0024
            Z    -0.0075   -0.0209    0.0020   -0.0101   -0.0478    0.0155
 AT.   6 O  X    -0.0196   -0.0870    0.0871    0.0669    0.0077   -0.0026
            Y     0.0194    0.0444    0.0447    0.0583   -0.0043    0.0003
            Z     0.0063    0.0122   -0.0203   -0.0124   -0.0476    0.0130
 AT.   7 O  X    -0.0831   -0.0380   -0.0090   -0.0380   -0.0014   -0.0014
            Y     0.0064    0.0022    0.0554    0.0501   -0.0005    0.0064
            Z    -0.0059   -0.0050   -0.0067   -0.0140    0.0266   -0.0491
 AT.   8 O  X    -0.0544   -0.0065   -0.0725    0.0816   -0.0049    0.0029
            Y    -0.0967    0.0399    0.0281    0.0002   -0.0036    0.0031
            Z    -0.0185    0.0040    0.0021    0.0098   -0.0328    0.0251
 AT.   9 O  X    -0.0625    0.0396    0.0872   -0.0675    0.0071   -0.0038
            Y     0.0696   -0.0057    0.0446   -0.0577   -0.0015    0.0008
            Z     0.0111   -0.0031   -0.0203    0.0124   -0.0307    0.0231
 AT.  10 O  X    -0.0440    0.0688   -0.0083    0.0389   -0.0041   -0.0018
            Y     0.0050    0.0333    0.0520   -0.0530    0.0068    0.0069
            Z    -0.0027    0.0050   -0.0060    0.0146   -0.0133   -0.0497

 FREQ(CM**-1)   1169.91   1172.02   1541.10   1560.21   1589.51   1661.83

 AT.   1 CA X    -0.0003   -0.0002   -0.0032    0.0005   -0.0017    0.0033
            Y    -0.0027   -0.0015    0.0017   -0.0008   -0.0021    0.0044
            Z    -0.0015    0.0016   -0.0014    0.0004    0.0020   -0.0023
 AT.   2 MG X     0.0006    0.0014   -0.0009   -0.0048    0.0017    0.0011
            Y     0.0006    0.0013    0.0009    0.0034    0.0043    0.0038
            Z    -0.0028    0.0008    0.0003    0.0023   -0.0029   -0.0016
 AT.   3 C  X     0.0003   -0.0006    0.1612    0.0733    0.0169    0.0765
            Y     0.0023   -0.0018   -0.0619   -0.0750   -0.0323    0.1496
            Z     0.0007    0.0000    0.0027   -0.0028   -0.0002   -0.0018
 AT.   4 C  X    -0.0007   -0.0006   -0.0986    0.1367    0.0883    0.0308
            Y    -0.0017    0.0012    0.0191   -0.1052    0.1454   -0.0032
            Z    -0.0012    0.0000   -0.0027   -0.0028   -0.0008   -0.0005
 AT.   5 O  X     0.0583    0.0399   -0.0574   -0.0340   -0.0109    0.0022
            Y    -0.0439   -0.0320    0.0425    0.0288    0.0095   -0.0203
            Z    -0.0023   -0.0009   -0.0016    0.0034    0.0013   -0.0005
 AT.   6 O  X     0.0098    0.0063   -0.0057   -0.0005    0.0028   -0.0161
            Y     0.0713    0.0516    0.0188    0.0286    0.0147   -0.0704
            Z    -0.0013   -0.0015   -0.0003    0.0002   -0.0018    0.0036
 AT.   7 O  X    -0.0237    0.0933    0.0285   -0.0203   -0.0455    0.0145
            Y    -0.0091    0.0364    0.0095   -0.0048   -0.0249    0.0082
            Z    -0.0007    0.0028   -0.0005   -0.0006   -0.0002    0.0020
 AT.   8 O  X     0.0407   -0.0591   -0.0573    0.0338   -0.0088    0.0067
            Y    -0.0320    0.0442    0.0426   -0.0233    0.0148   -0.0207
            Z    -0.0012    0.0007   -0.0013    0.0003    0.0012   -0.0009
 AT.   9 O  X     0.0047   -0.0103   -0.0056    0.0041    0.0080   -0.0134
            Y     0.0507   -0.0722    0.0199   -0.0175    0.0400   -0.0618
            Z    -0.0006    0.0016   -0.0003   -0.0012   -0.0012    0.0040
 AT.  10 O  X     0.0955    0.0235    0.0333   -0.0364   -0.0544   -0.0121
            Y     0.0378    0.0093    0.0108   -0.0064   -0.0296   -0.0070
            Z     0.0015    0.0006   -0.0005   -0.0023    0.0007    0.0023

 MODES IN ANTI-PHASE

 FREQ(CM**-1)     46.08    126.04    130.65    144.66    154.35    212.42

 AT.   1 CA X    -0.0060   -0.0294   -0.0006    0.0001   -0.0000   -0.0065
            Y     0.0049    0.0020    0.0001    0.0001    0.0004    0.0231
            Z     0.0020    0.0131   -0.0003   -0.0003    0.0002   -0.0312
 AT.   2 MG X    -0.0254   -0.0016    0.0320    0.0239   -0.0319    0.0229
            Y     0.0093    0.0012   -0.0042    0.0307    0.0025   -0.0144
            Z     0.0399   -0.0002    0.0365    0.0180    0.0260    0.0072
 AT.   3 C  X    -0.0164    0.0025    0.0060   -0.0090    0.0036    0.0234
            Y     0.0328    0.0091    0.0050   -0.0179    0.0171    0.0248
            Z     0.0396    0.0413    0.0192    0.0132   -0.0198   -0.0191
 AT.   4 C  X    -0.0215   -0.0067    0.0482   -0.0103   -0.0063    0.0135
            Y     0.0292   -0.0072   -0.0103    0.0361    0.0088    0.0361
            Z     0.0530   -0.0420    0.0243    0.0007    0.0027   -0.0070
 AT.   5 O  X    -0.0392   -0.0231    0.0052    0.0143    0.0025    0.0387
            Y     0.0041   -0.0254    0.0035    0.0152    0.0130    0.0467
            Z     0.0438    0.0163    0.0217    0.0018   -0.0055   -0.1041
 AT.   6 O  X     0.0203    0.0588   -0.0003   -0.0378    0.0063    0.0105
            Y     0.0291    0.0039    0.0051   -0.0127    0.0133    0.0243
            Z     0.0038    0.0912   -0.0100   -0.0134   -0.0088    0.0027
 AT.   7 O  X     0.0335    0.0393   -0.0499    0.0015   -0.0149   -0.0071
            Y    -0.0516   -0.0470    0.0162   -0.0097    0.0392    0.0231
            Z    -0.0682   -0.0358   -0.0214   -0.0225    0.0481    0.0058
 AT.   8 O  X     0.0227    0.0236   -0.0061   -0.0143   -0.0024    0.0241
            Y    -0.0096   -0.0215   -0.0035   -0.0156   -0.0128    0.0134
            Z    -0.0249   -0.0077   -0.0222   -0.0017    0.0056   -0.0569
 AT.   9 O  X    -0.0142    0.0539   -0.0001    0.0380   -0.0067    0.0123
            Y    -0.0254   -0.0119   -0.0050    0.0124   -0.0132   -0.0002
            Z     0.0236    0.0943    0.0099    0.0134    0.0090    0.0006
 AT.  10 O  X    -0.0381    0.0069    0.0502   -0.0015    0.0149    0.0084
            Y     0.0702   -0.0408   -0.0164    0.0101   -0.0389    0.0372
            Z     0.0869   -0.0254    0.0208    0.0223   -0.0482    0.0370

 FREQ(CM**-1)    225.87    247.14    258.16    286.44    318.03    339.96

 AT.   1 CA X    -0.0132   -0.0038   -0.0397    0.0121   -0.0507   -0.0345
            Y     0.0123   -0.0292   -0.0165   -0.0126   -0.0087    0.0610
            Z     0.0070    0.0081    0.0113    0.0561   -0.0290   -0.0090
 AT.   2 MG X     0.0185   -0.0019    0.0016   -0.0018    0.0107    0.0502
            Y    -0.0182   -0.0048   -0.0546    0.0024    0.0693    0.0045
            Z     0.0116    0.0103    0.0096   -0.0324    0.0160   -0.0278
 AT.   3 C  X    -0.0255   -0.0275   -0.0046    0.0009    0.0233    0.0078
            Y    -0.0010   -0.0391   -0.0324    0.0012    0.0147   -0.0211
            Z     0.0000    0.0140   -0.0006    0.0005   -0.0088    0.0277
 AT.   4 C  X     0.0651    0.0255   -0.0064   -0.0042    0.0084   -0.0292
            Y    -0.0116    0.0423   -0.0290    0.0041    0.0287   -0.0130
            Z     0.0204   -0.0226    0.0024    0.0035    0.0445    0.0045
 AT.   5 O  X    -0.0206   -0.0488   -0.0081   -0.0091    0.0212    0.0126
            Y     0.0079   -0.0606   -0.0366   -0.0112    0.0078   -0.0212
            Z     0.0063    0.0778   -0.0174    0.0423    0.0407    0.0429
 AT.   6 O  X    -0.0461   -0.0192   -0.0020    0.0032    0.0233   -0.0078
            Y     0.0010   -0.0394   -0.0313    0.0026    0.0126   -0.0145
            Z    -0.0401   -0.0162    0.0010   -0.0006    0.0014   -0.0346
 AT.   7 O  X     0.0599    0.0341   -0.0251   -0.0150   -0.0035   -0.0259
            Y     0.0055   -0.0104    0.0705    0.0300    0.0171   -0.0095
            Z     0.0101    0.0203    0.0507    0.0293    0.0419   -0.0118
 AT.   8 O  X    -0.0081   -0.0276    0.0377   -0.0122    0.0070    0.0144
            Y    -0.0010   -0.0266    0.0132   -0.0116   -0.0170   -0.0215
            Z     0.0104    0.0456   -0.0251    0.0216    0.0143    0.0437
 AT.   9 O  X    -0.0262   -0.0370   -0.0129    0.0106    0.0217    0.0012
            Y    -0.0038   -0.0214   -0.0130    0.0038   -0.0038   -0.0123
            Z    -0.0294   -0.0385    0.0287    0.0220   -0.0272   -0.0381
 AT.  10 O  X     0.0567    0.0406   -0.0112   -0.0106    0.0185   -0.0259
            Y     0.0069    0.0065   -0.0242    0.0235    0.0163   -0.0137
            Z     0.0007    0.0206    0.0283    0.0361    0.0095   -0.0035

 FREQ(CM**-1)    371.86    386.66    428.62    454.45    459.40    486.63

 AT.   1 CA X    -0.0035   -0.0068   -0.0150   -0.0092   -0.0012   -0.0119
            Y     0.0098    0.0061   -0.0138   -0.0117    0.0357   -0.0017
            Z    -0.0033    0.0246   -0.0022   -0.0008   -0.0030   -0.0103
 AT.   2 MG X    -0.0196   -0.0123   -0.0080   -0.0005   -0.0097   -0.0003
            Y     0.0265   -0.0091    0.0040    0.0004    0.0060   -0.0004
            Z     0.0178   -0.0149    0.0466   -0.0009    0.0066   -0.0001
 AT.   3 C  X    -0.0128    0.0126    0.0052   -0.0080    0.0121    0.0229
            Y     0.0194    0.0196    0.0086   -0.0023    0.0020    0.0115
            Z     0.0173   -0.0199   -0.0351    0.0245   -0.0201   -0.0152
 AT.   4 C  X    -0.0212    0.0195    0.0202    0.0084   -0.0125   -0.0229
            Y    -0.0279    0.0070    0.0156    0.0022   -0.0103   -0.0113
            Z     0.0356   -0.0291   -0.0150   -0.0244    0.0205    0.0154
 AT.   5 O  X    -0.0051   -0.0019   -0.0143    0.0025    0.0019    0.0157
            Y     0.0273   -0.0033   -0.0171    0.0084   -0.0111    0.0012
            Z     0.0250    0.0206   -0.0275    0.0051    0.0077    0.0099
 AT.   6 O  X    -0.0067    0.0269    0.0369   -0.0211    0.0290    0.0183
            Y     0.0200    0.0186   -0.0011   -0.0016    0.0007    0.0078
            Z     0.0668   -0.0374   -0.0209    0.0319   -0.0358   -0.0404
 AT.   7 O  X     0.0118   -0.0023   -0.0398    0.0258   -0.0078    0.0056
            Y     0.0477   -0.0323   -0.0077    0.0081   -0.0489   -0.0367
            Z    -0.0332   -0.0226   -0.0390    0.0348    0.0469    0.0076
 AT.   8 O  X     0.0016    0.0009    0.0422    0.0521    0.0111    0.0237
            Y    -0.0274   -0.0325    0.0296    0.0144   -0.0270    0.0249
            Z    -0.0060   -0.0453    0.0633    0.0180   -0.0331    0.0385
 AT.   9 O  X     0.0231    0.0050   -0.0366   -0.0008    0.0352   -0.0164
            Y    -0.0054   -0.0352    0.0105   -0.0080   -0.0378    0.0306
            Z    -0.0796   -0.0020   -0.0006   -0.0244   -0.0163    0.0074
 AT.  10 O  X    -0.0116    0.0062    0.0165    0.0015   -0.0050   -0.0176
            Y    -0.0542    0.0370    0.0207    0.0279   -0.0380   -0.0385
            Z     0.0648   -0.0085   -0.0029   -0.0144    0.0216    0.0008

 FREQ(CM**-1)    748.69    758.99    762.43    771.00    885.61    889.86

 AT.   1 CA X    -0.0066   -0.0048   -0.0001   -0.0032    0.0007   -0.0002
            Y    -0.0020    0.0021    0.0001   -0.0083    0.0004    0.0001
            Z     0.0022   -0.0008   -0.0002    0.0056    0.0001   -0.0002
 AT.   2 MG X     0.0005   -0.0025   -0.0080   -0.0054    0.0004    0.0031
            Y    -0.0029    0.0026   -0.0085   -0.0098   -0.0014   -0.0010
            Z     0.0009    0.0009    0.0004    0.0116    0.0028   -0.0012
 AT.   3 C  X    -0.0376    0.0083    0.0003   -0.0082    0.0040    0.0014
            Y    -0.0329   -0.0065   -0.0026   -0.0044   -0.0028   -0.0013
            Z     0.0010    0.0005    0.0016   -0.0088   -0.0015    0.1684
 AT.   4 C  X     0.0368    0.0030   -0.0288    0.0225   -0.0007    0.0030
            Y     0.0264    0.0095    0.0424   -0.0351    0.0024   -0.0015
            Z    -0.0020   -0.0003   -0.0012    0.0005    0.1704    0.0017
 AT.   5 O  X     0.0526    0.0142   -0.0005    0.0100    0.0029   -0.0046
            Y     0.0919   -0.0099   -0.0066    0.0242    0.0014   -0.0035
            Z     0.0170    0.0023   -0.0023    0.0084    0.0011   -0.0482
 AT.   6 O  X     0.0594   -0.0145   -0.0056    0.0182   -0.0026    0.0063
            Y    -0.0669   -0.0078    0.0009   -0.0166   -0.0019   -0.0024
            Z    -0.0097   -0.0006    0.0004   -0.0024   -0.0015   -0.0499
 AT.   7 O  X     0.0201   -0.0602   -0.0186   -0.0264    0.0043    0.0023
            Y    -0.0033   -0.0356    0.0917    0.0839   -0.0096   -0.0032
            Z     0.0010   -0.0037   -0.0171   -0.0152    0.0418    0.0082
 AT.   8 O  X    -0.0023    0.0267    0.0032    0.0128    0.0012    0.0041
            Y     0.0014    0.0954    0.0056    0.0242    0.0019    0.0029
            Z     0.0021    0.0207    0.0022    0.0087    0.0348    0.0439
 AT.   9 O  X     0.0010    0.0788    0.0024    0.0158   -0.0040   -0.0056
            Y     0.0015   -0.0447   -0.0026   -0.0187    0.0044    0.0023
            Z    -0.0031   -0.0118    0.0003   -0.0020    0.0363    0.0461
 AT.  10 O  X     0.0733    0.0185    0.0190   -0.0250   -0.0018   -0.0020
            Y    -0.0051   -0.0126   -0.0937    0.0821    0.0068    0.0018
            Z     0.0054    0.0036    0.0173   -0.0147   -0.0477    0.0022

 FREQ(CM**-1)   1169.91   1172.02   1541.10   1560.21   1589.51   1661.83

 AT.   1 CA X    -0.0004   -0.0002   -0.0002   -0.0003    0.0004   -0.0009
            Y    -0.0034   -0.0012    0.0001    0.0006    0.0005   -0.0012
            Z    -0.0019    0.0012   -0.0001   -0.0003   -0.0004    0.0006
 AT.   2 MG X    -0.0015   -0.0099   -0.0019   -0.0022    0.0019    0.0011
            Y    -0.0014   -0.0095    0.0017    0.0015    0.0047    0.0038
            Z     0.0069   -0.0055    0.0005    0.0010   -0.0031   -0.0016
 AT.   3 C  X     0.0007    0.0043   -0.0030    0.1176    0.0900    0.0307
            Y    -0.0000    0.0022   -0.0223   -0.0740    0.1431   -0.0034
            Z     0.0011   -0.0003   -0.0013   -0.0013   -0.0008   -0.0005
 AT.   4 C  X     0.0003    0.0043    0.1275   -0.0231    0.0246    0.0764
            Y    -0.0016    0.0026   -0.0630   -0.0071   -0.0199    0.1496
            Z     0.0003   -0.0003    0.0014   -0.0013   -0.0003   -0.0018
 AT.   5 O  X     0.0566   -0.0709   -0.0031   -0.0470   -0.0023   -0.0096
            Y    -0.0440    0.0536    0.0032    0.0342   -0.0146    0.0061
            Z    -0.0018    0.0009    0.0019    0.0008   -0.0000    0.0011
 AT.   6 O  X     0.0074   -0.0122    0.0013   -0.0045   -0.0129   -0.0011
            Y     0.0701   -0.0875    0.0110    0.0280   -0.0631    0.0018
            Z    -0.0010    0.0020   -0.0002    0.0013   -0.0010   -0.0018
 AT.   7 O  X     0.0925    0.0008    0.0425    0.0316    0.0312    0.0493
            Y     0.0367    0.0005    0.0120    0.0051    0.0167    0.0281
            Z     0.0013   -0.0001    0.0004    0.0022   -0.0019   -0.0010
 AT.   8 O  X     0.0703    0.0560   -0.0035    0.0471    0.0067    0.0072
            Y    -0.0533   -0.0441    0.0018   -0.0382    0.0093    0.0049
            Z    -0.0027   -0.0011   -0.0021   -0.0034   -0.0005   -0.0007
 AT.   9 O  X     0.0113    0.0091   -0.0020    0.0019    0.0105    0.0090
            Y     0.0863    0.0714   -0.0088   -0.0360    0.0509    0.0337
            Z    -0.0015   -0.0019    0.0002   -0.0006    0.0017   -0.0003
 AT.  10 O  X    -0.0005    0.0903   -0.0389    0.0093   -0.0090   -0.0500
            Y     0.0001    0.0352   -0.0108    0.0029   -0.0045   -0.0284
            Z    -0.0003    0.0028   -0.0005   -0.0001    0.0018   -0.0001


  DISPERSION K POINT NUMBER     3 COORD:  C(  0  0  2 )    WEIGHT:    1.

    MODES         EIGV          FREQUENCIES     IRREP
             (HARTREE**2)   (CM**-1)     (THZ)
    1-   1    0.4408E-07     46.0784    1.3814  (  1)
    2-   2    0.3298E-06    126.0420    3.7786  (  1)
    3-   3    0.3544E-06    130.6530    3.9169  (  1)
    4-   4    0.4344E-06    144.6588    4.3368  (  1)
    5-   5    0.4946E-06    154.3536    4.6274  (  1)
    6-   6    0.9367E-06    212.4182    6.3681  (  1)
    7-   7    0.1059E-05    225.8713    6.7714  (  1)
    8-   8    0.1268E-05    247.1430    7.4092  (  1)
    9-   9    0.1384E-05    258.1649    7.7396  (  1)
   10-  10    0.1703E-05    286.4442    8.5874  (  1)
   11-  11    0.2100E-05    318.0295    9.5343  (  1)
   12-  12    0.2399E-05    339.9565   10.1916  (  1)
   13-  13    0.2871E-05    371.8556   11.1479  (  1)
   14-  14    0.3104E-05    386.6574   11.5917  (  1)
   15-  15    0.3814E-05    428.6233   12.8498  (  1)
   16-  16    0.4287E-05    454.4484   13.6240  (  1)
   17-  17    0.4381E-05    459.4024   13.7725  (  1)
   18-  18    0.4916E-05    486.6346   14.5889  (  1)
   19-  19    0.1164E-04    748.6852   22.4450  (  1)
   20-  20    0.1196E-04    758.9880   22.7539  (  1)
   21-  21    0.1207E-04    762.4279   22.8570  (  1)
   22-  22    0.1234E-04    770.9978   23.1139  (  1)
   23-  23    0.1628E-04    885.6109   26.5499  (  1)
   24-  24    0.1644E-04    889.8646   26.6775  (  1)
   25-  25    0.2841E-04   1169.9147   35.0732  (  1)
   26-  26    0.2852E-04   1172.0161   35.1362  (  1)
   27-  27    0.4931E-04   1541.0992   46.2010  (  1)
   28-  28    0.5054E-04   1560.2053   46.7738  (  1)
   29-  29    0.5245E-04   1589.5121   47.6524  (  1)
   30-  30    0.5733E-04   1661.8266   49.8203  (  1)

 MODES IN PHASE

 FREQ(CM**-1)     46.08    126.04    130.65    144.66    154.35    212.42

 AT.   1 CA X    -0.0244    0.0195    0.0937   -0.0338   -0.0074   -0.0021
            Y     0.0198   -0.0013   -0.0125   -0.0372    0.1010    0.0074
            Z     0.0081   -0.0087    0.0420    0.0865    0.0503   -0.0100
 AT.   2 MG X    -0.0073   -0.0250    0.0187    0.0139   -0.0183   -0.0207
            Y     0.0027    0.0197   -0.0025    0.0179    0.0014    0.0130
            Z     0.0115   -0.0034    0.0214    0.0105    0.0149   -0.0066
 AT.   3 C  X    -0.0142   -0.0340    0.0519   -0.0068   -0.0094   -0.0112
            Y     0.0027    0.0150   -0.0146    0.0517    0.0002   -0.0338
            Z     0.0366   -0.0079    0.0171   -0.0066    0.0147    0.0051
 AT.   4 C  X     0.0032   -0.0334   -0.0201   -0.0044    0.0078   -0.0222
            Y     0.0152    0.0160    0.0115   -0.0411    0.0147   -0.0213
            Z    -0.0099   -0.0027    0.0084    0.0147   -0.0245    0.0185
 AT.   5 O  X    -0.0255   -0.0353    0.0621   -0.0022    0.0242   -0.0125
            Y    -0.0129    0.0126   -0.0007    0.0568    0.0398   -0.0422
            Z     0.0297    0.0152    0.0381   -0.0185    0.0190    0.0476
 AT.   6 O  X     0.0082   -0.0338    0.0330   -0.0329   -0.0552    0.0065
            Y     0.0008    0.0146   -0.0126    0.0502    0.0105   -0.0343
            Z     0.0579   -0.0639    0.0049   -0.0100    0.0294   -0.0027
 AT.   7 O  X    -0.0182    0.0091   -0.0188    0.0040   -0.0005    0.0245
            Y     0.0525    0.0245    0.0133   -0.0572    0.0339    0.0316
            Z     0.0570    0.0125    0.0427    0.0320   -0.0242    0.0555
 AT.   8 O  X    -0.0408    0.0350    0.0620   -0.0023    0.0242    0.0327
            Y    -0.0095    0.0185   -0.0008    0.0567    0.0399    0.0615
            Z     0.0467   -0.0209    0.0378   -0.0185    0.0190   -0.0993
 AT.   9 O  X     0.0167   -0.0410    0.0330   -0.0327   -0.0552    0.0008
            Y     0.0143   -0.0092   -0.0126    0.0503    0.0106    0.0420
            Z     0.0530   -0.0593    0.0050   -0.0099    0.0293    0.0037
 AT.  10 O  X    -0.0004   -0.0397   -0.0181    0.0040   -0.0006   -0.0240
            Y     0.0224    0.0338    0.0131   -0.0571    0.0341   -0.0123
            Z     0.0186    0.0281    0.0430    0.0322   -0.0238   -0.0418

 FREQ(CM**-1)    225.87    247.14    258.16    286.44    318.03    339.96

 AT.   1 CA X     0.0016    0.0011   -0.0602   -0.0015   -0.0146   -0.0024
            Y    -0.0015    0.0084   -0.0250    0.0016   -0.0025    0.0042
            Z    -0.0008   -0.0023    0.0172   -0.0070   -0.0084   -0.0006
 AT.   2 MG X    -0.0432    0.0075   -0.0001    0.0043   -0.0103   -0.0746
            Y     0.0424    0.0193    0.0032   -0.0057   -0.0667   -0.0067
            Z    -0.0270   -0.0415   -0.0006    0.0769   -0.0154    0.0413
 AT.   3 C  X    -0.0655   -0.0025    0.0157    0.0050   -0.0075    0.0283
            Y     0.0170   -0.0166   -0.0271   -0.0069   -0.0282    0.0226
            Z    -0.0281    0.0219   -0.0251   -0.0054   -0.0449   -0.0162
 AT.   4 C  X    -0.0266    0.0106   -0.0151    0.0028   -0.0230    0.0034
            Y     0.0124    0.0036    0.0307   -0.0056   -0.0136    0.0280
            Z    -0.0194    0.0128    0.0250   -0.0041    0.0105   -0.0317
 AT.   5 O  X    -0.0508   -0.0258    0.0376    0.0136   -0.0206    0.0140
            Y     0.0373   -0.0466   -0.0014    0.0030   -0.0443   -0.0041
            Z    -0.0182    0.0383   -0.0347    0.0788   -0.0377    0.0084
 AT.   6 O  X    -0.0797    0.0391   -0.0149   -0.0305    0.0036    0.0652
            Y     0.0206   -0.0226   -0.0276   -0.0054   -0.0270    0.0154
            Z    -0.0411    0.0468    0.0316   -0.0916   -0.0531   -0.0280
 AT.   7 O  X     0.0068   -0.0221   -0.0230   -0.0160    0.0402   -0.0021
            Y    -0.0067   -0.0289    0.0039    0.0227    0.0034   -0.0314
            Z     0.0392   -0.0064    0.0526   -0.0315   -0.0486    0.0594
 AT.   8 O  X     0.0542    0.0478    0.0074   -0.0109    0.0287   -0.0121
            Y    -0.0381    0.0716   -0.0342   -0.0001    0.0416    0.0012
            Z     0.0162   -0.0737   -0.0297   -0.0868    0.0536   -0.0024
 AT.   9 O  X     0.0882   -0.0230   -0.0077    0.0287    0.0094   -0.0657
            Y    -0.0202    0.0401   -0.0397    0.0046    0.0295   -0.0173
            Z     0.0493   -0.0311    0.0134    0.0889    0.0457    0.0230
 AT.  10 O  X    -0.0206    0.0006   -0.0321    0.0192   -0.0358   -0.0014
            Y     0.0052    0.0301    0.0664   -0.0294    0.0062    0.0298
            Z    -0.0404   -0.0054    0.0674    0.0233    0.0635   -0.0604

 FREQ(CM**-1)    371.86    386.66    428.62    454.45    459.40    486.63

 AT.   1 CA X     0.0160   -0.0214   -0.0455    0.0052    0.0005    0.0068
            Y    -0.0446    0.0191   -0.0421    0.0066   -0.0162    0.0010
            Z     0.0152    0.0770   -0.0066    0.0004    0.0014    0.0059
 AT.   2 MG X    -0.0179   -0.0027   -0.0017    0.0700    0.0993    0.0931
            Y     0.0242   -0.0020    0.0008   -0.0538   -0.0612    0.1236
            Z     0.0162   -0.0032    0.0097    0.1233   -0.0675    0.0189
 AT.   3 C  X    -0.0201    0.0193    0.0385   -0.0299    0.0034   -0.0092
            Y    -0.0298   -0.0260    0.0193    0.0126    0.0433   -0.0259
            Z     0.0341   -0.0266    0.0429   -0.0105   -0.0040   -0.0358
 AT.   4 C  X    -0.0109   -0.0123   -0.0332   -0.0297    0.0010   -0.0093
            Y     0.0221    0.0318   -0.0142    0.0126    0.0421   -0.0260
            Z     0.0141    0.0159   -0.0534   -0.0108   -0.0000   -0.0357
 AT.   5 O  X     0.0072   -0.0010    0.0517   -0.0592   -0.0131   -0.0182
            Y     0.0064   -0.0606    0.0267   -0.0118    0.0262   -0.0281
            Z    -0.0398   -0.0492    0.0695   -0.0179    0.0507   -0.0388
 AT.   6 O  X    -0.0406    0.0463   -0.0117   -0.0117   -0.0215    0.0297
            Y    -0.0305   -0.0345    0.0162    0.0084    0.0507   -0.0309
            Z     0.0451   -0.0560   -0.0294    0.0475   -0.0096   -0.0322
 AT.   7 O  X     0.0021    0.0073   -0.0262    0.0136   -0.0001    0.0237
            Y     0.0260    0.0185    0.0245   -0.0276    0.0078    0.0231
            Z    -0.0826   -0.0465   -0.0579    0.0375    0.0122    0.0035
 AT.   8 O  X     0.0087   -0.0019    0.0332    0.0281    0.0072   -0.0044
            Y    -0.0056   -0.0513    0.0114   -0.0012   -0.0089    0.0132
            Z    -0.0466   -0.0281    0.0396    0.0048   -0.0392    0.0110
 AT.   9 O  X    -0.0341    0.0533    0.0125    0.0241   -0.0077   -0.0308
            Y    -0.0360   -0.0173    0.0124   -0.0029   -0.0339    0.0089
            Z     0.0130   -0.0673   -0.0361   -0.0517    0.0333    0.0511
 AT.  10 O  X    -0.0031    0.0046   -0.0447   -0.0291    0.0059   -0.0168
            Y     0.0036   -0.0037    0.0151    0.0072    0.0318    0.0200
            Z    -0.0611   -0.0510   -0.0698   -0.0491   -0.0434   -0.0083

 FREQ(CM**-1)    748.69    758.99    762.43    771.00    885.61    889.86

 AT.   1 CA X     0.0090    0.0035    0.0037    0.0001   -0.0016    0.0016
            Y     0.0027   -0.0015   -0.0028    0.0001   -0.0008   -0.0005
            Z    -0.0031    0.0006    0.0084   -0.0001   -0.0002    0.0014
 AT.   2 MG X     0.0011   -0.0222   -0.0048    0.0098    0.0005    0.0023
            Y    -0.0065    0.0234   -0.0051    0.0177   -0.0019   -0.0007
            Z     0.0020    0.0077    0.0003   -0.0210    0.0039   -0.0008
 AT.   3 C  X     0.0155    0.0504   -0.0327   -0.0214    0.0006    0.0027
            Y     0.0055    0.0141    0.0493    0.0441    0.0016   -0.0011
            Z    -0.0017    0.0010   -0.0022    0.0049    0.1787   -0.0530
 AT.   4 C  X    -0.0172    0.0510    0.0156   -0.0044    0.0039    0.0005
            Y    -0.0205    0.0123   -0.0253    0.0271   -0.0022   -0.0009
            Z    -0.0004    0.0011    0.0025    0.0101    0.0538    0.1765
 AT.   5 O  X    -0.0141   -0.0236   -0.0726   -0.0820   -0.0042    0.0020
            Y    -0.0303   -0.1030    0.0278   -0.0010   -0.0038    0.0024
            Z    -0.0075   -0.0209    0.0020   -0.0101   -0.0478    0.0155
 AT.   6 O  X    -0.0196   -0.0870    0.0871    0.0669    0.0077   -0.0026
            Y     0.0194    0.0444    0.0447    0.0583   -0.0043    0.0003
            Z     0.0063    0.0122   -0.0203   -0.0124   -0.0476    0.0130
 AT.   7 O  X    -0.0831   -0.0380   -0.0090   -0.0380   -0.0014   -0.0014
            Y     0.0064    0.0022    0.0554    0.0501   -0.0005    0.0064
            Z    -0.0059   -0.0050   -0.0067   -0.0140    0.0266   -0.0491
 AT.   8 O  X    -0.0544   -0.0065   -0.0725    0.0816   -0.0049    0.0029
            Y    -0.0967    0.0399    0.0281    0.0002   -0.0036    0.0031
            Z    -0.0185    0.0040    0.0021    0.0098   -0.0328    0.0251
 AT.   9 O  X    -0.0625    0.0396    0.0872   -0.0675    0.0071   -0.0038
            Y     0.0696   -0.0057    0.0446   -0.0577   -0.0015    0.0008
            Z     0.0111   -0.0031   -0.0203    0.0124   -0.0307    0.0231
 AT.  10 O  X    -0.0440    0.0688   -0.0083    0.0389   -0.0041   -0.0018
            Y     0.0050    0.0333    0.0520   -0.0530    0.0068    0.0069
            Z    -0.0027    0.0050   -0.0060    0.0146   -0.0133   -0.0497

 FREQ(CM**-1)   1169.91   1172.02   1541.10   1560.21   1589.51   1661.83

 AT.   1 CA X    -0.0003   -0.0002   -0.0032    0.0005   -0.0017    0.0033
            Y    -0.0027   -0.0015    0.0017   -0.0008   -0.0021    0.0044
            Z    -0.0015    0.0016   -0.0014    0.0004    0.0020   -0.0023
 AT.   2 MG X     0.0006    0.0014   -0.0009   -0.0048    0.0017    0.0011
            Y     0.0006    0.0013    0.0009    0.0034    0.0043    0.0038
            Z    -0.0028    0.0008    0.0003    0.0023   -0.0029   -0.0016
 AT.   3 C  X     0.0003   -0.0006    0.1612    0.0733    0.0169    0.0765
            Y     0.0023   -0.0018   -0.0619   -0.0750   -0.0323    0.1496
            Z     0.0007    0.0000    0.0027   -0.0028   -0.0002   -0.0018
 AT.   4 C  X    -0.0007   -0.0006   -0.0986    0.1367    0.0883    0.0308
            Y    -0.0017    0.0012    0.0191   -0.1052    0.1454   -0.0032
            Z    -0.0012    0.0000   -0.0027   -0.0028   -0.0008   -0.0005
 AT.   5 O  X     0.0583    0.0399   -0.0574   -0.0340   -0.0109    0.0022
            Y    -0.0439   -0.0320    0.0425    0.0288    0.0095   -0.0203
            Z    -0.0023   -0.0009   -0.0016    0.0034    0.0013   -0.0005
 AT.   6 O  X     0.0098    0.0063   -0.0057   -0.0005    0.0028   -0.0161
            Y     0.0713    0.0516    0.0188    0.0286    0.0147   -0.0704
            Z    -0.0013   -0.0015   -0.0003    0.0002   -0.0018    0.0036
 AT.   7 O  X    -0.0237    0.0933    0.0285   -0.0203   -0.0455    0.0145
            Y    -0.0091    0.0364    0.0095   -0.0048   -0.0249    0.0082
            Z    -0.0007    0.0028   -0.0005   -0.0006   -0.0002    0.0020
 AT.   8 O  X     0.0407   -0.0591   -0.0573    0.0338   -0.0088    0.0067
            Y    -0.0320    0.0442    0.0426   -0.0233    0.0148   -0.0207
            Z    -0.0012    0.0007   -0.0013    0.0003    0.0012   -0.0009
 AT.   9 O  X     0.0047   -0.0103   -0.0056    0.0041    0.0080   -0.0134
            Y     0.0507   -0.0722    0.0199   -0.0175    0.0400   -0.0618
            Z    -0.0006    0.0016   -0.0003   -0.0012   -0.0012    0.0040
 AT.  10 O  X     0.0955    0.0235    0.0333   -0.0364   -0.0544   -0.0121
            Y     0.0378    0.0093    0.0108   -0.0064   -0.0296   -0.0070
            Z     0.0015    0.0006   -0.0005   -0.0023    0.0007    0.0023

 MODES IN ANTI-PHASE

 FREQ(CM**-1)     46.08    126.04    130.65    144.66    154.35    212.42

 AT.   1 CA X     0.0060    0.0294    0.0006   -0.0001    0.0000    0.0065
            Y    -0.0049   -0.0020   -0.0001   -0.0001   -0.0004   -0.0231
            Z    -0.0020   -0.0131    0.0003    0.0003   -0.0002    0.0312
 AT.   2 MG X     0.0254    0.0016   -0.0320   -0.0239    0.0319   -0.0229
            Y    -0.0093   -0.0012    0.0042   -0.0307   -0.0025    0.0144
            Z    -0.0399    0.0002   -0.0365   -0.0180   -0.0260   -0.0072
 AT.   3 C  X     0.0164   -0.0025   -0.0060    0.0090   -0.0036   -0.0234
            Y    -0.0328   -0.0091   -0.0050    0.0179   -0.0171   -0.0248
            Z    -0.0396   -0.0413   -0.0192   -0.0132    0.0198    0.0191
 AT.   4 C  X     0.0215    0.0067   -0.0482    0.0103    0.0063   -0.0135
            Y    -0.0292    0.0072    0.0103   -0.0361   -0.0088   -0.0361
            Z    -0.0530    0.0420   -0.0243   -0.0007   -0.0027    0.0070
 AT.   5 O  X     0.0392    0.0231   -0.0052   -0.0143   -0.0025   -0.0387
            Y    -0.0041    0.0254   -0.0035   -0.0152   -0.0130   -0.0467
            Z    -0.0438   -0.0163   -0.0217   -0.0018    0.0055    0.1041
 AT.   6 O  X    -0.0203   -0.0588    0.0003    0.0378   -0.0063   -0.0105
            Y    -0.0291   -0.0039   -0.0051    0.0127   -0.0133   -0.0243
            Z    -0.0038   -0.0912    0.0100    0.0134    0.0088   -0.0027
 AT.   7 O  X    -0.0335   -0.0393    0.0499   -0.0015    0.0149    0.0071
            Y     0.0516    0.0470   -0.0162    0.0097   -0.0392   -0.0231
            Z     0.0682    0.0358    0.0214    0.0225   -0.0481   -0.0058
 AT.   8 O  X    -0.0227   -0.0236    0.0061    0.0143    0.0024   -0.0241
            Y     0.0096    0.0215    0.0035    0.0156    0.0128   -0.0134
            Z     0.0249    0.0077    0.0222    0.0017   -0.0056    0.0569
 AT.   9 O  X     0.0142   -0.0539    0.0001   -0.0380    0.0067   -0.0123
            Y     0.0254    0.0119    0.0050   -0.0124    0.0132    0.0002
            Z    -0.0236   -0.0943   -0.0099   -0.0134   -0.0090   -0.0006
 AT.  10 O  X     0.0381   -0.0069   -0.0502    0.0015   -0.0149   -0.0084
            Y    -0.0702    0.0408    0.0164   -0.0101    0.0389   -0.0372
            Z    -0.0869    0.0254   -0.0208   -0.0223    0.0482   -0.0370

 FREQ(CM**-1)    225.87    247.14    258.16    286.44    318.03    339.96

 AT.   1 CA X     0.0132    0.0038    0.0397   -0.0121    0.0507    0.0345
            Y    -0.0123    0.0292    0.0165    0.0126    0.0087   -0.0610
            Z    -0.0070   -0.0081   -0.0113   -0.0561    0.0290    0.0090
 AT.   2 MG X    -0.0185    0.0019   -0.0016    0.0018   -0.0107   -0.0502
            Y     0.0182    0.0048    0.0546   -0.0024   -0.0693   -0.0045
            Z    -0.0116   -0.0103   -0.0096    0.0324   -0.0160    0.0278
 AT.   3 C  X     0.0255    0.0275    0.0046   -0.0009   -0.0233   -0.0078
            Y     0.0010    0.0391    0.0324   -0.0012   -0.0147    0.0211
            Z    -0.0000   -0.0140    0.0006   -0.0005    0.0088   -0.0277
 AT.   4 C  X    -0.0651   -0.0255    0.0064    0.0042   -0.0084    0.0292
            Y     0.0116   -0.0423    0.0290   -0.0041   -0.0287    0.0130
            Z    -0.0204    0.0226   -0.0024   -0.0035   -0.0445   -0.0045
 AT.   5 O  X     0.0206    0.0488    0.0081    0.0091   -0.0212   -0.0126
            Y    -0.0079    0.0606    0.0366    0.0112   -0.0078    0.0212
            Z    -0.0063   -0.0778    0.0174   -0.0423   -0.0407   -0.0429
 AT.   6 O  X     0.0461    0.0192    0.0020   -0.0032   -0.0233    0.0078
            Y    -0.0010    0.0394    0.0313   -0.0026   -0.0126    0.0145
            Z     0.0401    0.0162   -0.0010    0.0006   -0.0014    0.0346
 AT.   7 O  X    -0.0599   -0.0341    0.0251    0.0150    0.0035    0.0259
            Y    -0.0055    0.0104   -0.0705   -0.0300   -0.0171    0.0095
            Z    -0.0101   -0.0203   -0.0507   -0.0293   -0.0419    0.0118
 AT.   8 O  X     0.0081    0.0276   -0.0377    0.0122   -0.0070   -0.0144
            Y     0.0010    0.0266   -0.0132    0.0116    0.0170    0.0215
            Z    -0.0104   -0.0456    0.0251   -0.0216   -0.0143   -0.0437
 AT.   9 O  X     0.0262    0.0370    0.0129   -0.0106   -0.0217   -0.0012
            Y     0.0038    0.0214    0.0130   -0.0038    0.0038    0.0123
            Z     0.0294    0.0385   -0.0287   -0.0220    0.0272    0.0381
 AT.  10 O  X    -0.0567   -0.0406    0.0112    0.0106   -0.0185    0.0259
            Y    -0.0069   -0.0065    0.0242   -0.0235   -0.0163    0.0137
            Z    -0.0007   -0.0206   -0.0283   -0.0361   -0.0095    0.0035

 FREQ(CM**-1)    371.86    386.66    428.62    454.45    459.40    486.63

 AT.   1 CA X     0.0035    0.0068    0.0150    0.0092    0.0012    0.0119
            Y    -0.0098   -0.0061    0.0138    0.0117   -0.0357    0.0017
            Z     0.0033   -0.0246    0.0022    0.0008    0.0030    0.0103
 AT.   2 MG X     0.0196    0.0123    0.0080    0.0005    0.0097    0.0003
            Y    -0.0265    0.0091   -0.0040   -0.0004   -0.0060    0.0004
            Z    -0.0178    0.0149   -0.0466    0.0009   -0.0066    0.0001
 AT.   3 C  X     0.0128   -0.0126   -0.0052    0.0080   -0.0121   -0.0229
            Y    -0.0194   -0.0196   -0.0086    0.0023   -0.0020   -0.0115
            Z    -0.0173    0.0199    0.0351   -0.0245    0.0201    0.0152
 AT.   4 C  X     0.0212   -0.0195   -0.0202   -0.0084    0.0125    0.0229
            Y     0.0279   -0.0070   -0.0156   -0.0022    0.0103    0.0113
            Z    -0.0356    0.0291    0.0150    0.0244   -0.0205   -0.0154
 AT.   5 O  X     0.0051    0.0019    0.0143   -0.0025   -0.0019   -0.0157
            Y    -0.0273    0.0033    0.0171   -0.0084    0.0111   -0.0012
            Z    -0.0250   -0.0206    0.0275   -0.0051   -0.0077   -0.0099
 AT.   6 O  X     0.0067   -0.0269   -0.0369    0.0211   -0.0290   -0.0183
            Y    -0.0200   -0.0186    0.0011    0.0016   -0.0007   -0.0078
            Z    -0.0668    0.0374    0.0209   -0.0319    0.0358    0.0404
 AT.   7 O  X    -0.0118    0.0023    0.0398   -0.0258    0.0078   -0.0056
            Y    -0.0477    0.0323    0.0077   -0.0081    0.0489    0.0367
            Z     0.0332    0.0226    0.0390   -0.0348   -0.0469   -0.0076
 AT.   8 O  X    -0.0016   -0.0009   -0.0422   -0.0521   -0.0111   -0.0237
            Y     0.0274    0.0325   -0.0296   -0.0144    0.0270   -0.0249
            Z     0.0060    0.0453   -0.0633   -0.0180    0.0331   -0.0385
 AT.   9 O  X    -0.0231   -0.0050    0.0366    0.0008   -0.0352    0.0164
            Y     0.0054    0.0352   -0.0105    0.0080    0.0378   -0.0306
            Z     0.0796    0.0020    0.0006    0.0244    0.0163   -0.0074
 AT.  10 O  X     0.0116   -0.0062   -0.0165   -0.0015    0.0050    0.0176
            Y     0.0542   -0.0370   -0.0207   -0.0279    0.0380    0.0385
            Z    -0.0648    0.0085    0.0029    0.0144   -0.0216   -0.0008

 FREQ(CM**-1)    748.69    758.99    762.43    771.00    885.61    889.86

 AT.   1 CA X     0.0066    0.0048    0.0001    0.0032   -0.0007    0.0002
            Y     0.0020   -0.0021   -0.0001    0.0083   -0.0004   -0.0001
            Z    -0.0022    0.0008    0.0002   -0.0056   -0.0001    0.0002
 AT.   2 MG X    -0.0005    0.0025    0.0080    0.0054   -0.0004   -0.0031
            Y     0.0029   -0.0026    0.0085    0.0098    0.0014    0.0010
            Z    -0.0009   -0.0009   -0.0004   -0.0116   -0.0028    0.0012
 AT.   3 C  X     0.0376   -0.0083   -0.0003    0.0082   -0.0040   -0.0014
            Y     0.0329    0.0065    0.0026    0.0044    0.0028    0.0013
            Z    -0.0010   -0.0005   -0.0016    0.0088    0.0015   -0.1684
 AT.   4 C  X    -0.0368   -0.0030    0.0288   -0.0225    0.0007   -0.0030
            Y    -0.0264   -0.0095   -0.0424    0.0351   -0.0024    0.0015
            Z     0.0020    0.0003    0.0012   -0.0005   -0.1704   -0.0017
 AT.   5 O  X    -0.0526   -0.0142    0.0005   -0.0100   -0.0029    0.0046
            Y    -0.0919    0.0099    0.0066   -0.0242   -0.0014    0.0035
            Z    -0.0170   -0.0023    0.0023   -0.0084   -0.0011    0.0482
 AT.   6 O  X    -0.0594    0.0145    0.0056   -0.0182    0.0026   -0.0063
            Y     0.0669    0.0078   -0.0009    0.0166    0.0019    0.0024
            Z     0.0097    0.0006   -0.0004    0.0024    0.0015    0.0499
 AT.   7 O  X    -0.0201    0.0602    0.0186    0.0264   -0.0043   -0.0023
            Y     0.0033    0.0356   -0.0917   -0.0839    0.0096    0.0032
            Z    -0.0010    0.0037    0.0171    0.0152   -0.0418   -0.0082
 AT.   8 O  X     0.0023   -0.0267   -0.0032   -0.0128   -0.0012   -0.0041
            Y    -0.0014   -0.0954   -0.0056   -0.0242   -0.0019   -0.0029
            Z    -0.0021   -0.0207   -0.0022   -0.0087   -0.0348   -0.0439
 AT.   9 O  X    -0.0010   -0.0788   -0.0024   -0.0158    0.0040    0.0056
            Y    -0.0015    0.0447    0.0026    0.0187   -0.0044   -0.0023
            Z     0.0031    0.0118   -0.0003    0.0020   -0.0363   -0.0461
 AT.  10 O  X    -0.0733   -0.0185   -0.0190    0.0250    0.0018    0.0020
            Y     0.0051    0.0126    0.0937   -0.0821   -0.0068   -0.0018
            Z    -0.0054   -0.0036   -0.0173    0.0147    0.0477   -0.0022

 FREQ(CM**-1)   1169.91   1172.02   1541.10   1560.21   1589.51   1661.83

 AT.   1 CA X     0.0004    0.0002    0.0002    0.0003   -0.0004    0.0009
            Y     0.0034    0.0012   -0.0001   -0.0006   -0.0005    0.0012
            Z     0.0019   -0.0012    0.0001    0.0003    0.0004   -0.0006
 AT.   2 MG X     0.0015    0.0099    0.0019    0.0022   -0.0019   -0.0011
            Y     0.0014    0.0095   -0.0017   -0.0015   -0.0047   -0.0038
            Z    -0.0069    0.0055   -0.0005   -0.0010    0.0031    0.0016
 AT.   3 C  X    -0.0007   -0.0043    0.0030   -0.1176   -0.0900   -0.0307
            Y     0.0000   -0.0022    0.0223    0.0740   -0.1431    0.0034
            Z    -0.0011    0.0003    0.0013    0.0013    0.0008    0.0005
 AT.   4 C  X    -0.0003   -0.0043   -0.1275    0.0231   -0.0246   -0.0764
            Y     0.0016   -0.0026    0.0630    0.0071    0.0199   -0.1496
            Z    -0.0003    0.0003   -0.0014    0.0013    0.0003    0.0018
 AT.   5 O  X    -0.0566    0.0709    0.0031    0.0470    0.0023    0.0096
            Y     0.0440   -0.0536   -0.0032   -0.0342    0.0146   -0.0061
            Z     0.0018   -0.0009   -0.0019   -0.0008    0.0000   -0.0011
 AT.   6 O  X    -0.0074    0.0122   -0.0013    0.0045    0.0129    0.0011
            Y    -0.0701    0.0875   -0.0110   -0.0280    0.0631   -0.0018
            Z     0.0010   -0.0020    0.0002   -0.0013    0.0010    0.0018
 AT.   7 O  X    -0.0925   -0.0008   -0.0425   -0.0316   -0.0312   -0.0493
            Y    -0.0367   -0.0005   -0.0120   -0.0051   -0.0167   -0.0281
            Z    -0.0013    0.0001   -0.0004   -0.0022    0.0019    0.0010
 AT.   8 O  X    -0.0703   -0.0560    0.0035   -0.0471   -0.0067   -0.0072
            Y     0.0533    0.0441   -0.0018    0.0382   -0.0093   -0.0049
            Z     0.0027    0.0011    0.0021    0.0034    0.0005    0.0007
 AT.   9 O  X    -0.0113   -0.0091    0.0020   -0.0019   -0.0105   -0.0090
            Y    -0.0863   -0.0714    0.0088    0.0360   -0.0509   -0.0337
            Z     0.0015    0.0019   -0.0002    0.0006   -0.0017    0.0003
 AT.  10 O  X     0.0005   -0.0903    0.0389   -0.0093    0.0090    0.0500
            Y    -0.0001   -0.0352    0.0108   -0.0029    0.0045    0.0284
            Z     0.0003   -0.0028    0.0005    0.0001   -0.0018    0.0001


  DISPERSION K POINT NUMBER     4 COORD:  C(  0  1  0 )    WEIGHT:    1.

    MODES         EIGV          FREQUENCIES     IRREP
             (HARTREE**2)   (CM**-1)     (THZ)
    1-   1    0.4408E-07     46.0784    1.3814  (  1)
    2-   2    0.3298E-06    126.0420    3.7786  (  1)
    3-   3    0.3544E-06    130.6530    3.9169  (  1)
    4-   4    0.4344E-06    144.6588    4.3368  (  1)
    5-   5    0.4946E-06    154.3536    4.6274  (  1)
    6-   6    0.9367E-06    212.4182    6.3681  (  1)
    7-   7    0.1059E-05    225.8713    6.7714  (  1)
    8-   8    0.1268E-05    247.1430    7.4092  (  1)
    9-   9    0.1384E-05    258.1649    7.7396  (  1)
   10-  10    0.1703E-05    286.4442    8.5874  (  1)
   11-  11    0.2100E-05    318.0295    9.5343  (  1)
   12-  12    0.2399E-05    339.9565   10.1916  (  1)
   13-  13    0.2871E-05    371.8556   11.1479  (  1)
   14-  14    0.3104E-05    386.6574   11.5917  (  1)
   15-  15    0.3814E-05    428.6233   12.8498  (  1)
   16-  16    0.4287E-05    454.4484   13.6240  (  1)
   17-  17    0.4381E-05    459.4024   13.7725  (  1)
   18-  18    0.4916E-05    486.6346   14.5889  (  1)
   19-  19    0.1164E-04    748.6852   22.4450  (  1)
   20-  20    0.1196E-04    758.9880   22.7539  (  1)
   21-  21    0.1207E-04    762.4279   22.8570  (  1)
   22-  22    0.1234E-04    770.9978   23.1139  (  1)
   23-  23    0.1628E-04    885.6109   26.5499  (  1)
   24-  24    0.1644E-04    889.8646   26.6775  (  1)
   25-  25    0.2841E-04   1169.9147   35.0732  (  1)
   26-  26    0.2852E-04   1172.0161   35.1362  (  1)
   27-  27    0.4931E-04   1541.0992   46.2010  (  1)
   28-  28    0.5054E-04   1560.2053   46.7738  (  1)
   29-  29    0.5245E-04   1589.5121   47.6524  (  1)
   30-  30    0.5733E-04   1661.8266   49.8203  (  1)

 MODES IN PHASE

 FREQ(CM**-1)     46.08    126.04    130.65    144.66    154.35    212.42

 AT.   1 CA X     0.0274   -0.0153    0.0492    0.0148    0.0858   -0.0163
            Y     0.0105   -0.0228    0.0639   -0.0462   -0.0415    0.0042
            Z     0.0075   -0.0122   -0.0358   -0.0834    0.0474    0.0218
 AT.   2 MG X     0.0019   -0.0048   -0.0006   -0.0121    0.0159    0.0316
            Y     0.0016   -0.0019   -0.0008    0.0297    0.0232    0.0167
            Z     0.0036    0.0005    0.0011   -0.0148    0.0229   -0.0096
 AT.   3 C  X     0.0022   -0.0096    0.0335   -0.0436    0.0090   -0.0204
            Y     0.0111    0.0045    0.0278    0.0149    0.0036    0.0416
            Z     0.0283   -0.0404   -0.0043    0.0030    0.0071    0.0191
 AT.   4 C  X     0.0303    0.0267    0.0324   -0.0494    0.0002    0.0177
            Y     0.0071    0.0230    0.0362    0.0238    0.0115   -0.0110
            Z     0.0534   -0.0197   -0.0245    0.0099    0.0205    0.0031
 AT.   5 O  X    -0.0062    0.0230    0.0257   -0.0599    0.0374   -0.0303
            Y    -0.0011    0.0504    0.0177   -0.0135    0.0359    0.0241
            Z     0.0561   -0.0845   -0.0094    0.0132    0.0246   -0.0036
 AT.   6 O  X     0.0654    0.0584    0.0029    0.0522    0.0419   -0.0127
            Y    -0.0097    0.0125    0.0104   -0.0252   -0.0178   -0.0141
            Z     0.0690    0.0344   -0.0476   -0.0250   -0.0064    0.0231
 AT.   7 O  X    -0.0029    0.0075    0.0271   -0.0501    0.0244   -0.0335
            Y     0.0219   -0.0350    0.0420    0.0308   -0.0414    0.0652
            Z     0.0208   -0.0177   -0.0209    0.0173    0.0160    0.1139
 AT.   8 O  X     0.0068    0.0359    0.0210   -0.0556    0.0318    0.0237
            Y    -0.0260    0.0366    0.0203    0.0072    0.0442   -0.0018
            Z     0.0475   -0.0880    0.0010    0.0061    0.0306    0.0013
 AT.   9 O  X     0.0039    0.0337   -0.0381    0.0472    0.0141   -0.0235
            Y    -0.0102   -0.0161   -0.0264   -0.0233   -0.0133    0.0360
            Z     0.0016    0.0225   -0.0255   -0.0369   -0.0388   -0.0531
 AT.  10 O  X     0.0158    0.0304    0.0269   -0.0468    0.0177    0.0191
            Y     0.0422    0.0135    0.0489    0.0201   -0.0356   -0.0060
            Z     0.0507    0.0097   -0.0438    0.0183    0.0197   -0.0011

 FREQ(CM**-1)    225.87    247.14    258.16    286.44    318.03    339.96

 AT.   1 CA X    -0.0009   -0.0195   -0.0102   -0.0065    0.0098   -0.0337
            Y    -0.0003    0.0150   -0.0774   -0.0016    0.0267    0.0003
            Z    -0.0004    0.0068   -0.0206    0.0216   -0.0160    0.0043
 AT.   2 MG X    -0.0531   -0.0123    0.0254   -0.0047   -0.0355    0.0379
            Y    -0.0148    0.0152   -0.0137   -0.0006    0.0285    0.0819
            Z     0.0246    0.0392   -0.0051    0.0509   -0.0104    0.0498
 AT.   3 C  X    -0.0488   -0.0018    0.0404   -0.0070   -0.0195    0.0165
            Y    -0.0514    0.0180   -0.0116   -0.0014    0.0122   -0.0322
            Z     0.0277   -0.0089    0.0209   -0.0045   -0.0455   -0.0285
 AT.   4 C  X     0.0481   -0.0234    0.0402    0.0083    0.0145    0.0044
            Y     0.0496    0.0443   -0.0105    0.0005   -0.0342    0.0309
            Z    -0.0281    0.0208    0.0217    0.0053    0.0234    0.0031
 AT.   5 O  X    -0.0609    0.0161    0.0285    0.0095   -0.0244   -0.0115
            Y    -0.0646    0.0400   -0.0318    0.0233    0.0027   -0.0617
            Z     0.0474   -0.0470   -0.0264   -0.0800   -0.0507   -0.0050
 AT.   6 O  X     0.0134   -0.0047   -0.0547    0.0406   -0.0119   -0.0245
            Y     0.0119   -0.0414   -0.0068    0.0012   -0.0366    0.0001
            Z    -0.0403    0.0174   -0.0722   -0.0129   -0.0352    0.0563
 AT.   7 O  X    -0.0598    0.0047    0.0323   -0.0062   -0.0280    0.0044
            Y    -0.0274    0.0079    0.0114   -0.0049    0.0323   -0.0083
            Z     0.0168    0.0169    0.0384    0.0895   -0.0250   -0.0161
 AT.   8 O  X     0.0590   -0.0367    0.0277   -0.0100    0.0162    0.0211
            Y     0.0611    0.0261   -0.0318   -0.0292   -0.0266    0.0524
            Z    -0.0436    0.0012   -0.0275    0.0882    0.0364    0.0399
 AT.   9 O  X    -0.0108   -0.0293   -0.0512   -0.0179    0.0238    0.0218
            Y    -0.0060   -0.0110   -0.0082   -0.0030    0.0202   -0.0273
            Z     0.0397    0.0168   -0.0713    0.0381    0.0637   -0.0490
 AT.  10 O  X     0.0587   -0.0359    0.0315    0.0027    0.0159    0.0199
            Y     0.0262    0.0839    0.0139    0.0163   -0.0433    0.0093
            Z    -0.0177    0.0863    0.0387   -0.0649    0.0555   -0.0256

 FREQ(CM**-1)    371.86    386.66    428.62    454.45    459.40    486.63

 AT.   1 CA X    -0.0476    0.0235    0.0140    0.0043    0.0151    0.0027
            Y     0.0086    0.0077   -0.0617   -0.0110   -0.0081    0.0066
            Z     0.0155    0.0664    0.0068    0.0006   -0.0015   -0.0061
 AT.   2 MG X     0.0252    0.0001   -0.0021   -0.0793    0.1029   -0.0605
            Y     0.0029   -0.0013   -0.0014   -0.0328    0.0555    0.1425
            Z     0.0137    0.0013   -0.0130    0.1198    0.0676   -0.0189
 AT.   3 C  X    -0.0187   -0.0339    0.0022    0.0246   -0.0359    0.0178
            Y     0.0319    0.0026    0.0435    0.0170    0.0243   -0.0214
            Z     0.0315   -0.0196   -0.0404   -0.0161    0.0035    0.0355
 AT.   4 C  X    -0.0219   -0.0111   -0.0005   -0.0093    0.0195   -0.0100
            Y     0.0305   -0.0187    0.0410   -0.0134   -0.0245   -0.0121
            Z     0.0275   -0.0320   -0.0174   -0.0204   -0.0181   -0.0307
 AT.   5 O  X    -0.0088   -0.0515   -0.0185    0.0105   -0.0550    0.0416
            Y     0.0505   -0.0123    0.0002    0.0011    0.0061    0.0099
            Z     0.0358   -0.0426    0.0308    0.0383    0.0087    0.0314
 AT.   6 O  X     0.0165    0.0197   -0.0351   -0.0284   -0.0077   -0.0088
            Y    -0.0101   -0.0202   -0.0131    0.0083    0.0046    0.0323
            Z    -0.0774   -0.0378    0.0605    0.0279   -0.0110   -0.0034
 AT.   7 O  X    -0.0016   -0.0491    0.0032    0.0174   -0.0295    0.0151
            Y    -0.0081    0.0289    0.0566    0.0570    0.0018   -0.0301
            Z    -0.0428   -0.0530   -0.0674   -0.0186   -0.0505    0.0389
 AT.   8 O  X    -0.0119   -0.0301   -0.0064   -0.0126    0.0242   -0.0224
            Y     0.0494   -0.0398    0.0152   -0.0199   -0.0239   -0.0223
            Z     0.0235   -0.0637    0.0360   -0.0442   -0.0337   -0.0509
 AT.   9 O  X     0.0101   -0.0137   -0.0360    0.0145   -0.0253   -0.0262
            Y    -0.0041    0.0049   -0.0293    0.0247    0.0216   -0.0038
            Z    -0.0692   -0.0463    0.0698   -0.0442    0.0439    0.0084
 AT.  10 O  X    -0.0058   -0.0332    0.0064   -0.0113    0.0105   -0.0134
            Y    -0.0063    0.0216    0.0379   -0.0104    0.0019    0.0022
            Z    -0.0454   -0.0136   -0.0439    0.0003    0.0383   -0.0103

 FREQ(CM**-1)    748.69    758.99    762.43    771.00    885.61    889.86

 AT.   1 CA X    -0.0025    0.0016    0.0019    0.0051    0.0001    0.0005
            Y    -0.0107    0.0012    0.0008   -0.0064    0.0018    0.0004
            Z    -0.0036   -0.0003   -0.0037   -0.0051   -0.0002   -0.0006
 AT.   2 MG X    -0.0052   -0.0308    0.0039    0.0096   -0.0019    0.0030
            Y     0.0019   -0.0074   -0.0131   -0.0160    0.0005    0.0027
            Z     0.0017   -0.0076   -0.0005   -0.0193    0.0039    0.0014
 AT.   3 C  X    -0.0001    0.0155   -0.0245    0.0201    0.0011    0.0027
            Y    -0.0292    0.0494   -0.0026   -0.0099   -0.0013    0.0014
            Z    -0.0019   -0.0011   -0.0005    0.0101    0.1787   -0.1206
 AT.   4 C  X     0.0065   -0.0156   -0.0268   -0.0191    0.0040   -0.0010
            Y    -0.0498   -0.0327   -0.0006   -0.0073    0.0006   -0.0000
            Z    -0.0018    0.0010    0.0024    0.0062    0.1220    0.1765
 AT.   5 O  X     0.0500   -0.0779   -0.0010    0.0285   -0.0075    0.0038
            Y     0.0120   -0.0556    0.0401   -0.0296   -0.0046    0.0027
            Z     0.0087   -0.0114    0.0087   -0.0029   -0.0475    0.0371
 AT.   6 O  X     0.0488   -0.0196   -0.1029   -0.0520    0.0004    0.0004
            Y     0.0704   -0.0522    0.0355    0.0206    0.0015    0.0013
            Z    -0.0060    0.0059    0.0182    0.0080    0.0261    0.0170
 AT.   7 O  X    -0.0333    0.0784   -0.0223    0.0022   -0.0012    0.0001
            Y     0.0518   -0.0659   -0.0254    0.0487    0.0055   -0.0035
            Z    -0.0120    0.0191    0.0011   -0.0118   -0.0478    0.0344
 AT.   8 O  X     0.0877    0.0481    0.0053    0.0151   -0.0049   -0.0055
            Y     0.0190    0.0443    0.0448    0.0404   -0.0054   -0.0047
            Z     0.0115    0.0066    0.0089    0.0070   -0.0311   -0.0515
 AT.   9 O  X     0.0368    0.0116    0.0587   -0.1033    0.0079   -0.0056
            Y     0.0512    0.0754   -0.0187    0.0146    0.0002    0.0003
            Z    -0.0041   -0.0059   -0.0127    0.0194   -0.0128    0.0225
 AT.  10 O  X    -0.0549   -0.0577   -0.0302   -0.0302   -0.0007   -0.0010
            Y     0.0913    0.0359   -0.0170   -0.0084    0.0061    0.0064
            Z    -0.0183   -0.0103   -0.0029   -0.0038   -0.0331   -0.0506

 FREQ(CM**-1)   1169.91   1172.02   1541.10   1560.21   1589.51   1661.83

 AT.   1 CA X     0.0034   -0.0002   -0.0031   -0.0002   -0.0002   -0.0021
            Y    -0.0026    0.0002   -0.0019   -0.0000    0.0006    0.0049
            Z     0.0024    0.0003    0.0014    0.0001    0.0005    0.0022
 AT.   2 MG X     0.0003   -0.0030   -0.0015    0.0055    0.0041   -0.0030
            Y    -0.0013    0.0124   -0.0005    0.0025   -0.0051    0.0031
            Z    -0.0045   -0.0051   -0.0003    0.0023   -0.0041    0.0017
 AT.   3 C  X    -0.0006    0.0004    0.1353   -0.1586    0.0552   -0.0892
            Y     0.0013   -0.0049    0.1066   -0.0639   -0.1340    0.1428
            Z    -0.0013   -0.0003   -0.0026   -0.0029   -0.0008    0.0018
 AT.   4 C  X    -0.0011   -0.0007    0.1344    0.1549   -0.0794   -0.0849
            Y     0.0015    0.0044    0.1085    0.0697    0.1496    0.1003
            Z    -0.0012    0.0002   -0.0027    0.0024    0.0008    0.0011
 AT.   5 O  X    -0.0780   -0.0811   -0.0200    0.0364   -0.0385    0.0525
            Y     0.0581    0.0626    0.0051   -0.0170    0.0342   -0.0489
            Z     0.0015    0.0025    0.0003    0.0011   -0.0017   -0.0035
 AT.   6 O  X     0.0104    0.0077    0.0072   -0.0036   -0.0005    0.0002
            Y     0.0721    0.0494    0.0338   -0.0066   -0.0092    0.0220
            Z    -0.0008   -0.0015    0.0005    0.0011   -0.0018   -0.0019
 AT.   7 O  X     0.0913    0.0947   -0.0656    0.0671   -0.0044    0.0177
            Y     0.0377    0.0393   -0.0284    0.0272    0.0104   -0.0087
            Z     0.0028    0.0013    0.0014    0.0029    0.0006    0.0003
 AT.   8 O  X    -0.0805    0.0785   -0.0192   -0.0348    0.0483    0.0442
            Y     0.0606   -0.0603    0.0045    0.0152   -0.0428   -0.0399
            Z     0.0016   -0.0025    0.0003   -0.0013    0.0010   -0.0040
 AT.   9 O  X     0.0073   -0.0108    0.0062    0.0076    0.0012   -0.0001
            Y     0.0513   -0.0699    0.0299    0.0183    0.0360   -0.0194
            Z    -0.0005    0.0021    0.0005   -0.0017    0.0019   -0.0023
 AT.  10 O  X     0.0944   -0.0914   -0.0655   -0.0661    0.0117    0.0211
            Y     0.0393   -0.0375   -0.0284   -0.0278   -0.0093   -0.0037
            Z     0.0029   -0.0013    0.0015   -0.0021    0.0001    0.0010

 MODES IN ANTI-PHASE

 FREQ(CM**-1)     46.08    126.04    130.65    144.66    154.35    212.42

 AT.   1 CA X     0.0127   -0.0125    0.0302   -0.0041   -0.0307    0.0182
            Y     0.0049   -0.0186    0.0392    0.0127    0.0149   -0.0046
            Z     0.0035   -0.0100   -0.0219    0.0229   -0.0169   -0.0244
 AT.   2 MG X     0.0215    0.0292    0.0228   -0.0119    0.0135    0.0066
            Y     0.0179    0.0117    0.0296    0.0293    0.0197    0.0035
            Z     0.0414   -0.0033   -0.0423   -0.0146    0.0194   -0.0020
 AT.   3 C  X     0.0377    0.0292    0.0193    0.0233    0.0106   -0.0155
            Y    -0.0000    0.0225    0.0264   -0.0214   -0.0137    0.0065
            Z     0.0459   -0.0119   -0.0253   -0.0144   -0.0236   -0.0052
 AT.   4 C  X    -0.0226   -0.0152    0.0211    0.0023   -0.0139    0.0186
            Y     0.0085   -0.0000    0.0128    0.0107    0.0083   -0.0406
            Z    -0.0079   -0.0372    0.0076    0.0109    0.0138   -0.0196
 AT.   5 O  X     0.0141    0.0319    0.0106    0.0081   -0.0046   -0.0205
            Y    -0.0330    0.0271    0.0137   -0.0368   -0.0259   -0.0008
            Z     0.0149   -0.0726    0.0059    0.0103   -0.0183   -0.0009
 AT.   6 O  X    -0.0499    0.0225   -0.0442   -0.0047    0.0288    0.0250
            Y    -0.0052   -0.0190   -0.0349    0.0032   -0.0007   -0.0347
            Z    -0.0560    0.0160   -0.0044    0.0301    0.0534    0.0508
 AT.   7 O  X     0.0230    0.0294    0.0164    0.0074    0.0018   -0.0154
            Y     0.0368    0.0209    0.0336    0.0124    0.0057   -0.0012
            Z     0.0487    0.0135   -0.0385   -0.0066   -0.0116   -0.0116
 AT.   8 O  X    -0.0139    0.0162    0.0181    0.0237   -0.0201    0.0278
            Y     0.0203    0.0440    0.0096    0.0386   -0.0027   -0.0240
            Z     0.0334   -0.0683   -0.0110   -0.0156   -0.0015    0.0035
 AT.   9 O  X     0.0821    0.0528    0.0226   -0.0227   -0.0489    0.0154
            Y    -0.0041    0.0160    0.0251    0.0102    0.0118    0.0101
            Z     0.0888    0.0305   -0.0404   -0.0131   -0.0372   -0.0173
 AT.  10 O  X    -0.0170    0.0015    0.0167    0.0193   -0.0169    0.0316
            Y    -0.0069   -0.0385    0.0222   -0.0264    0.0218   -0.0649
            Z    -0.0155   -0.0201   -0.0012   -0.0032   -0.0012   -0.1144

 FREQ(CM**-1)    225.87    247.14    258.16    286.44    318.03    339.96

 AT.   1 CA X    -0.0173    0.0144    0.0003   -0.0158    0.0157    0.0617
            Y    -0.0053   -0.0111    0.0025   -0.0039    0.0426   -0.0006
            Z    -0.0070   -0.0050    0.0007    0.0523   -0.0256   -0.0079
 AT.   2 MG X     0.0346   -0.0053    0.0409    0.0061    0.0671   -0.0009
            Y     0.0096    0.0066   -0.0220    0.0007   -0.0538   -0.0019
            Z    -0.0161    0.0170   -0.0082   -0.0662    0.0197   -0.0012
 AT.   3 C  X    -0.0036    0.0239    0.0030    0.0046    0.0067   -0.0157
            Y    -0.0140   -0.0408   -0.0165   -0.0007   -0.0321   -0.0161
            Z    -0.0048   -0.0244   -0.0140    0.0031    0.0039    0.0146
 AT.   4 C  X    -0.0088   -0.0052   -0.0056   -0.0017   -0.0147   -0.0224
            Y    -0.0195   -0.0053    0.0172   -0.0015   -0.0030    0.0184
            Z    -0.0018    0.0156    0.0127   -0.0010   -0.0393    0.0319
 AT.   5 O  X    -0.0137    0.0433    0.0118   -0.0047    0.0062   -0.0177
            Y    -0.0288   -0.0151    0.0012   -0.0179   -0.0283   -0.0228
            Z     0.0325   -0.0156    0.0174    0.0447    0.0159   -0.0442
 AT.   6 O  X     0.0233    0.0292   -0.0515    0.0155    0.0206   -0.0101
            Y     0.0534   -0.0011    0.0214   -0.0030    0.0047    0.0323
            Z    -0.0032   -0.0122   -0.0111    0.0410    0.0537    0.0221
 AT.   7 O  X    -0.0070    0.0390    0.0110   -0.0024    0.0041   -0.0264
            Y    -0.0093   -0.0853   -0.0391    0.0183   -0.0324   -0.0057
            Z    -0.0093   -0.0850   -0.0059   -0.0021    0.0495    0.0407
 AT.   8 O  X    -0.0202   -0.0280   -0.0137    0.0034   -0.0193    0.0002
            Y    -0.0356   -0.0338    0.0009    0.0038   -0.0099    0.0396
            Z     0.0374    0.0495   -0.0157   -0.0248   -0.0387   -0.0197
 AT.   9 O  X     0.0246   -0.0040    0.0550    0.0396   -0.0018    0.0152
            Y     0.0544    0.0400   -0.0209   -0.0013   -0.0309    0.0173
            Z    -0.0076   -0.0131    0.0158    0.0199   -0.0083   -0.0355
 AT.  10 O  X    -0.0134   -0.0158   -0.0131   -0.0060   -0.0235   -0.0180
            Y    -0.0122    0.0174    0.0382    0.0095    0.0149    0.0039
            Z    -0.0075    0.0087    0.0034    0.0616   -0.0010    0.0355

 FREQ(CM**-1)    371.86    386.66    428.62    454.45    459.40    486.63

 AT.   1 CA X     0.0039    0.0163    0.0035   -0.0046   -0.0311   -0.0044
            Y    -0.0007    0.0054   -0.0156    0.0115    0.0166   -0.0110
            Z    -0.0013    0.0461    0.0017   -0.0006    0.0030    0.0102
 AT.   2 MG X     0.0364   -0.0018   -0.0073   -0.0192   -0.0074   -0.0010
            Y     0.0042    0.0155   -0.0048   -0.0080   -0.0040    0.0023
            Z     0.0198   -0.0152   -0.0458    0.0291   -0.0048   -0.0003
 AT.   3 C  X     0.0209    0.0008   -0.0050    0.0082    0.0034    0.0019
            Y     0.0057   -0.0209    0.0058    0.0126    0.0121    0.0252
            Z     0.0217   -0.0268    0.0380    0.0212    0.0202    0.0159
 AT.   4 C  X    -0.0176   -0.0320    0.0055   -0.0241    0.0303   -0.0148
            Y    -0.0108    0.0097    0.0156   -0.0164   -0.0116    0.0307
            Z    -0.0266   -0.0090   -0.0526    0.0171    0.0098   -0.0238
 AT.   5 O  X     0.0197   -0.0130    0.0207    0.0121    0.0125    0.0032
            Y     0.0026   -0.0378    0.0315    0.0199    0.0256    0.0199
            Z     0.0723   -0.0522    0.0188    0.0424    0.0360    0.0410
 AT.   6 O  X     0.0380   -0.0220   -0.0108   -0.0131    0.0383    0.0344
            Y    -0.0358    0.0128   -0.0375   -0.0251   -0.0311   -0.0129
            Z    -0.0440   -0.0353    0.0349    0.0429   -0.0472   -0.0077
 AT.   7 O  X     0.0262   -0.0171    0.0075    0.0105    0.0098    0.0071
            Y    -0.0104    0.0123   -0.0249    0.0077   -0.0038    0.0136
            Z     0.0195    0.0053    0.0322    0.0006   -0.0090   -0.0092
 AT.   8 O  X    -0.0180   -0.0437   -0.0270   -0.0099    0.0510   -0.0352
            Y    -0.0108    0.0017   -0.0276   -0.0002    0.0110    0.0007
            Z    -0.0771   -0.0217   -0.0019   -0.0362    0.0154   -0.0084
 AT.   9 O  X    -0.0402    0.0261   -0.0072    0.0277    0.0298    0.0240
            Y     0.0369   -0.0234    0.0268   -0.0095   -0.0228   -0.0346
            Z     0.0560   -0.0231   -0.0019   -0.0259   -0.0205   -0.0006
 AT.  10 O  X    -0.0256   -0.0401   -0.0050   -0.0168    0.0292   -0.0099
            Y     0.0115    0.0228    0.0488   -0.0565   -0.0038    0.0330
            Z    -0.0122   -0.0515   -0.0604    0.0186    0.0341   -0.0387

 FREQ(CM**-1)    748.69    758.99    762.43    771.00    885.61    889.86

 AT.   1 CA X     0.0009   -0.0049   -0.0039   -0.0022   -0.0000   -0.0011
            Y     0.0039   -0.0037   -0.0016    0.0028   -0.0008   -0.0010
            Z     0.0013    0.0010    0.0076    0.0022    0.0001    0.0013
 AT.   2 MG X    -0.0044    0.0065   -0.0003    0.0071   -0.0014   -0.0003
            Y     0.0016    0.0016    0.0010   -0.0118    0.0004   -0.0003
            Z     0.0014    0.0016    0.0000   -0.0142    0.0029   -0.0002
 AT.   3 C  X    -0.0102    0.0052    0.0538    0.0446   -0.0044   -0.0012
            Y     0.0426   -0.0122    0.0028    0.0007   -0.0020   -0.0013
            Z     0.0005   -0.0002   -0.0027    0.0008    0.0003   -0.1289
 AT.   4 C  X     0.0078   -0.0049    0.0527   -0.0450    0.0022   -0.0028
            Y    -0.0137   -0.0390    0.0038    0.0068    0.0023   -0.0019
            Z     0.0009    0.0005   -0.0013   -0.0079   -0.1306   -0.0001
 AT.   5 O  X    -0.0767    0.0253   -0.0059    0.0057   -0.0004    0.0039
            Y    -0.0152    0.0011   -0.0893   -0.0822    0.0032    0.0039
            Z    -0.0076    0.0044   -0.0183   -0.0123   -0.0020    0.0358
 AT.   6 O  X     0.0008    0.0072    0.0070    0.0925   -0.0105    0.0074
            Y     0.0041   -0.0563   -0.0044   -0.0009    0.0011   -0.0016
            Z    -0.0007    0.0020    0.0017   -0.0191    0.0421   -0.0467
 AT.   7 O  X     0.0458   -0.0095    0.0564    0.0431   -0.0002    0.0013
            Y    -0.0802    0.0296    0.0420    0.0564   -0.0032   -0.0054
            Z     0.0142   -0.0087    0.0028   -0.0057    0.0006    0.0371
 AT.   8 O  X     0.0263    0.0663   -0.0029   -0.0248    0.0057   -0.0001
            Y     0.0039    0.0336   -0.0870    0.0775    0.0012    0.0007
            Z     0.0002    0.0102   -0.0183    0.0105    0.0360   -0.0025
 AT.   9 O  X    -0.0321    0.0174    0.0847   -0.0246    0.0069    0.0048
            Y    -0.0485   -0.0148   -0.0305   -0.0146   -0.0018   -0.0021
            Z     0.0044   -0.0019   -0.0132    0.0071   -0.0479   -0.0444
 AT.  10 O  X    -0.0136   -0.0538    0.0526   -0.0308    0.0010    0.0008
            Y     0.0279    0.0628    0.0460   -0.0740   -0.0019   -0.0011
            Z    -0.0032   -0.0183    0.0009    0.0125    0.0345    0.0003

 FREQ(CM**-1)   1169.91   1172.02   1541.10   1560.21   1589.51   1661.83

 AT.   1 CA X    -0.0005    0.0015    0.0002    0.0011    0.0010    0.0008
            Y     0.0003   -0.0012    0.0001    0.0000   -0.0025   -0.0018
            Z    -0.0003   -0.0020   -0.0001   -0.0005   -0.0020   -0.0008
 AT.   2 MG X     0.0004    0.0013   -0.0023   -0.0020   -0.0012   -0.0024
            Y    -0.0017   -0.0051   -0.0007   -0.0009    0.0015    0.0026
            Z    -0.0059    0.0021   -0.0005   -0.0009    0.0012    0.0014
 AT.   3 C  X     0.0018    0.0012    0.0034   -0.0171    0.0672    0.0269
            Y    -0.0009    0.0012   -0.0252   -0.0284   -0.0665    0.0113
            Z     0.0000    0.0001    0.0016    0.0010   -0.0002    0.0004
 AT.   4 C  X    -0.0016    0.0011   -0.0165    0.0381    0.0354    0.0383
            Y     0.0006    0.0024    0.0148   -0.0048    0.0004   -0.1022
            Z     0.0003    0.0002   -0.0013    0.0020    0.0002   -0.0015
 AT.   5 O  X     0.0200   -0.0005   -0.0068    0.0015   -0.0312   -0.0071
            Y    -0.0170   -0.0006    0.0062    0.0024    0.0274    0.0046
            Z    -0.0007    0.0002    0.0002    0.0008    0.0012    0.0021
 AT.   6 O  X     0.0108    0.0130    0.0102   -0.0123   -0.0016    0.0003
            Y     0.0716    0.0858    0.0394   -0.0354   -0.0620    0.0549
            Z    -0.0013   -0.0024   -0.0005    0.0020   -0.0007    0.0012
 AT.   7 O  X    -0.0241   -0.0004    0.0026    0.0088   -0.0173   -0.0119
            Y    -0.0109   -0.0016    0.0019    0.0064   -0.0001   -0.0044
            Z    -0.0011    0.0003   -0.0021   -0.0018   -0.0012   -0.0011
 AT.   8 O  X     0.0007    0.0205    0.0087   -0.0110   -0.0107   -0.0291
            Y     0.0015   -0.0167   -0.0066    0.0081    0.0092    0.0286
            Z     0.0003   -0.0004   -0.0002    0.0004    0.0018    0.0007
 AT.   9 O  X    -0.0131    0.0106   -0.0108   -0.0103   -0.0012   -0.0004
            Y    -0.0877    0.0701   -0.0425   -0.0310   -0.0513   -0.0559
            Z     0.0014   -0.0019    0.0004    0.0015    0.0002    0.0003
 AT.  10 O  X    -0.0002   -0.0249    0.0037   -0.0147   -0.0135   -0.0027
            Y     0.0008   -0.0117    0.0009   -0.0033   -0.0048    0.0090
            Z     0.0003   -0.0000    0.0019   -0.0027   -0.0013    0.0006


  DISPERSION K POINT NUMBER     5 COORD:  C(  0  1  1 )    WEIGHT:    1.

    MODES         EIGV          FREQUENCIES     IRREP
             (HARTREE**2)   (CM**-1)     (THZ)
    1-   1    0.1637E-06     88.7954    2.6620  (  1)
    2-   2    0.2280E-06    104.8084    3.1421  (  1)
    3-   3    0.4141E-06    141.2340    4.2341  (  1)
    4-   4    0.4883E-06    153.3687    4.5979  (  1)
    5-   5    0.6153E-06    172.1584    5.1612  (  1)
    6-   6    0.7424E-06    189.1089    5.6693  (  1)
    7-   7    0.9050E-06    208.7912    6.2594  (  1)
    8-   8    0.1071E-05    227.1761    6.8106  (  1)
    9-   9    0.1487E-05    267.6525    8.0240  (  1)
   10-  10    0.1840E-05    297.7024    8.9249  (  1)
   11-  11    0.2185E-05    324.4285    9.7261  (  1)
   12-  12    0.2298E-05    332.7123    9.9745  (  1)
   13-  13    0.2889E-05    373.0313   11.1832  (  1)
   14-  14    0.3004E-05    380.3925   11.4039  (  1)
   15-  15    0.4006E-05    439.2982   13.1698  (  1)
   16-  16    0.4390E-05    459.8648   13.7864  (  1)
   17-  17    0.4483E-05    464.6985   13.9313  (  1)
   18-  18    0.5137E-05    497.4497   14.9132  (  1)
   19-  19    0.1165E-04    749.1361   22.4585  (  1)
   20-  20    0.1192E-04    757.6143   22.7127  (  1)
   21-  21    0.1212E-04    764.0496   22.9056  (  1)
   22-  22    0.1218E-04    766.0688   22.9662  (  1)
   23-  23    0.1631E-04    886.3517   26.5722  (  1)
   24-  24    0.1646E-04    890.3211   26.6912  (  1)
   25-  25    0.2842E-04   1169.9442   35.0740  (  1)
   26-  26    0.2855E-04   1172.6325   35.1546  (  1)
   27-  27    0.4825E-04   1524.4707   45.7025  (  1)
   28-  28    0.5026E-04   1555.9187   46.6453  (  1)
   29-  29    0.5199E-04   1582.4768   47.4415  (  1)
   30-  30    0.5709E-04   1658.2871   49.7142  (  1)

 MODES IN PHASE

 FREQ(CM**-1)     88.80    104.81    141.23    153.37    172.16    189.11

 AT.   1 CA X     0.0782    0.0218   -0.0259    0.0339    0.0092   -0.0382
            Y    -0.0217   -0.0368   -0.0585    0.0892    0.0086    0.0040
            Z     0.0148    0.0091    0.0800    0.0529    0.0115   -0.0177
 AT.   2 MG X     0.0047    0.0002   -0.0432   -0.0014   -0.0122    0.0010
            Y    -0.0127    0.0004    0.0100   -0.0127   -0.0104   -0.0056
            Z    -0.0063   -0.0025   -0.0214   -0.0126    0.0117    0.0001
 AT.   3 C  X     0.0025   -0.0052    0.0112    0.0266   -0.0315   -0.0123
            Y     0.0403   -0.0115    0.0088    0.0002   -0.0289   -0.0043
            Z    -0.0016    0.0532   -0.0225    0.0209   -0.0078   -0.0349
 AT.   4 C  X    -0.0138    0.0110   -0.0081    0.0022   -0.0324   -0.0046
            Y    -0.0240   -0.0160   -0.0088    0.0356   -0.0191    0.0325
            Z    -0.0121    0.0460    0.0222    0.0003   -0.0118    0.0398
 AT.   5 O  X     0.0278   -0.0234    0.0022    0.0367   -0.0258    0.0074
            Y     0.0717   -0.0370   -0.0056    0.0168   -0.0221    0.0211
            Z     0.0118    0.0723    0.0023    0.0448    0.0531   -0.0289
 AT.   6 O  X     0.0241    0.0258   -0.0424   -0.0017    0.0216    0.0155
            Y    -0.0464   -0.0049    0.0021    0.0322    0.0505    0.0382
            Z    -0.0267   -0.0220   -0.0013    0.0324    0.0049    0.0044
 AT.   7 O  X    -0.0265    0.0116    0.0174    0.0019    0.0090   -0.0346
            Y    -0.0064    0.0049   -0.0461    0.0304    0.0507    0.0873
            Z     0.0036    0.0411    0.0571    0.0060    0.0320    0.0925
 AT.   8 O  X     0.0364   -0.0127    0.0247    0.0340    0.0089   -0.0042
            Y     0.0815    0.0062    0.0173    0.0108   -0.0386    0.0292
            Z     0.0010    0.0329   -0.0212    0.0482    0.0322   -0.0287
 AT.   9 O  X     0.0013    0.0571   -0.0375    0.0010   -0.0601    0.0247
            Y    -0.0262   -0.0218   -0.0023    0.0351   -0.0163    0.0294
            Z    -0.0500    0.0394    0.0039    0.0382   -0.0747    0.0173
 AT.  10 O  X    -0.0196   -0.0043    0.0024    0.0067   -0.0234   -0.0281
            Y    -0.0054    0.0228   -0.0376    0.0309   -0.0342    0.0795
            Z     0.0022    0.0718    0.0669    0.0052   -0.0087    0.0844

 FREQ(CM**-1)    208.79    227.18    267.65    297.70    324.43    332.71

 AT.   1 CA X     0.0074    0.0003    0.0238   -0.0071   -0.0158    0.0455
            Y    -0.0054    0.0013   -0.0227   -0.0003   -0.0122   -0.0586
            Z    -0.0078    0.0020   -0.0225    0.0031   -0.0179    0.0431
 AT.   2 MG X     0.0196   -0.0048    0.0036   -0.0636   -0.0118    0.0104
            Y     0.0505   -0.0227    0.0032    0.0066   -0.0980   -0.0013
            Z    -0.0288   -0.0447    0.0035    0.0180    0.0236    0.0226
 AT.   3 C  X    -0.0307   -0.0224    0.0333   -0.0546    0.0066   -0.0009
            Y    -0.0088   -0.0309    0.0151   -0.0078    0.0087   -0.0077
            Z     0.0141    0.0226    0.0198   -0.0019    0.0095   -0.0009
 AT.   4 C  X    -0.0124    0.0261   -0.0270   -0.0487   -0.0224   -0.0148
            Y     0.0266   -0.0377    0.0245    0.0045   -0.0146    0.0168
            Z     0.0220   -0.0079   -0.0199    0.0115    0.0168   -0.0177
 AT.   5 O  X    -0.0283   -0.0383    0.0163   -0.0435    0.0089   -0.0157
            Y    -0.0116   -0.0541   -0.0059    0.0057    0.0076   -0.0281
            Z     0.0493    0.0441   -0.0183   -0.0502    0.0476    0.0076
 AT.   6 O  X    -0.0050   -0.0273   -0.0792    0.0419    0.0356    0.0210
            Y    -0.0173    0.0357    0.0173   -0.0114    0.0022    0.0192
            Z     0.0329   -0.0032   -0.0981   -0.0840   -0.0026    0.0680
 AT.   7 O  X     0.0323   -0.0315   -0.0348    0.0236    0.0153   -0.0097
            Y    -0.0499    0.0406   -0.0119    0.0134    0.0060    0.0239
            Z    -0.0444    0.0255    0.0057    0.0219   -0.0761   -0.0375
 AT.   8 O  X     0.0378    0.0458    0.0278    0.0388   -0.0041   -0.0087
            Y     0.0144    0.0530   -0.0313    0.0058   -0.0169   -0.0335
            Z    -0.0622   -0.0495   -0.0108    0.0479    0.0162    0.0357
 AT.   9 O  X     0.0218    0.0263   -0.0380   -0.0485   -0.0370    0.0256
            Y     0.0218   -0.0379    0.0290    0.0057   -0.0084    0.0168
            Z    -0.0335    0.0069   -0.0644    0.0901    0.0067    0.0530
 AT.  10 O  X    -0.0263    0.0247   -0.0231   -0.0375   -0.0302   -0.0191
            Y     0.0618   -0.0392    0.0239   -0.0184    0.0062    0.0333
            Z     0.0524   -0.0232    0.0215   -0.0267    0.0945   -0.0261

 FREQ(CM**-1)    373.03    380.39    439.30    459.86    464.70    497.45

 AT.   1 CA X     0.0148   -0.0031   -0.0461    0.0157   -0.0082   -0.0118
            Y     0.0321    0.0038    0.0039    0.0223    0.0018   -0.0015
            Z     0.0068   -0.0426    0.0285   -0.0030   -0.0130    0.0087
 AT.   2 MG X    -0.0373    0.0039    0.0211    0.0738    0.0168    0.1385
            Y     0.0078   -0.0403    0.0148    0.0046    0.1383   -0.0293
            Z    -0.0299   -0.0055    0.0527    0.1062   -0.0153   -0.0827
 AT.   3 C  X    -0.0022    0.0236   -0.0198   -0.0222    0.0174   -0.0126
            Y     0.0238    0.0127    0.0079    0.0264    0.0124   -0.0011
            Z     0.0169    0.0065    0.0571   -0.0341    0.0022   -0.0136
 AT.   4 C  X     0.0098   -0.0247    0.0002    0.0191   -0.0279   -0.0233
            Y    -0.0069   -0.0000   -0.0032   -0.0213   -0.0295    0.0073
            Z     0.0186   -0.0177   -0.0523    0.0207   -0.0003    0.0368
 AT.   5 O  X     0.0070    0.0170    0.0003   -0.0596    0.0207   -0.0208
            Y     0.0337   -0.0031    0.0408   -0.0110    0.0149   -0.0057
            Z     0.0598    0.0560    0.0358   -0.0033    0.0414   -0.0251
 AT.   6 O  X     0.0355   -0.0345    0.0431   -0.0160   -0.0036    0.0373
            Y    -0.0365   -0.0351   -0.0143   -0.0062    0.0211   -0.0096
            Z    -0.0325    0.0133   -0.0542    0.0032   -0.0118   -0.0363
 AT.   7 O  X    -0.0336   -0.0008    0.0215    0.0103    0.0105    0.0218
            Y     0.0261   -0.0501    0.0139   -0.0213    0.0265    0.0200
            Z     0.0172    0.0864    0.0218    0.0334   -0.0167    0.0034
 AT.   8 O  X    -0.0360    0.0386    0.0339    0.0151    0.0024    0.0229
            Y    -0.0512   -0.0011   -0.0037    0.0099    0.0066   -0.0154
            Z    -0.0880   -0.0151   -0.0002    0.0090    0.0255   -0.0051
 AT.   9 O  X    -0.0248   -0.0190    0.0440    0.0084    0.0026   -0.0358
            Y    -0.0043    0.0018   -0.0121   -0.0229   -0.0399    0.0155
            Z     0.0021    0.0378   -0.0509   -0.0099    0.0515    0.0450
 AT.  10 O  X     0.0245   -0.0305   -0.0143    0.0236   -0.0259   -0.0149
            Y    -0.0377    0.0083    0.0358   -0.0294   -0.0497   -0.0290
            Z     0.0300   -0.0418   -0.0304    0.0660    0.0161   -0.0073

 FREQ(CM**-1)    749.14    757.61    764.05    766.07    886.35    890.32

 AT.   1 CA X    -0.0047   -0.0014   -0.0047    0.0031   -0.0010   -0.0005
            Y     0.0080    0.0016   -0.0048   -0.0008   -0.0001    0.0022
            Z    -0.0016   -0.0014   -0.0060   -0.0011    0.0006   -0.0028
 AT.   2 MG X    -0.0013   -0.0159    0.0114    0.0134   -0.0013    0.0013
            Y    -0.0044   -0.0284   -0.0120   -0.0058   -0.0000   -0.0039
            Z    -0.0025   -0.0024    0.0209    0.0078    0.0023   -0.0052
 AT.   3 C  X     0.0290    0.0202   -0.0149   -0.0137    0.0071   -0.0046
            Y    -0.0069   -0.0034   -0.0441   -0.0247   -0.0018    0.0013
            Z    -0.0034   -0.0054    0.0029   -0.0000    0.1772    0.1762
 AT.   4 C  X    -0.0321   -0.0486    0.0183    0.0001    0.0070    0.0046
            Y     0.0092    0.0212    0.0505   -0.0002   -0.0019   -0.0013
            Z     0.0029    0.0022   -0.0028   -0.0035    0.1783   -0.1752
 AT.   5 O  X     0.0202    0.0061    0.0736    0.0364   -0.0052   -0.0048
            Y    -0.0440   -0.0303    0.0551    0.0374    0.0002   -0.0084
            Z    -0.0033   -0.0039    0.0107    0.0072   -0.0474   -0.0499
 AT.   6 O  X     0.1089   -0.0703    0.0030   -0.0258   -0.0052   -0.0013
            Y     0.0115   -0.0079    0.0037    0.0748    0.0029   -0.0004
            Z    -0.0196    0.0166    0.0001    0.0020    0.0197    0.0255
 AT.   7 O  X    -0.0172    0.0094    0.0008    0.0843    0.0020   -0.0014
            Y    -0.0949    0.0617   -0.0053   -0.0421   -0.0031   -0.0041
            Z     0.0144   -0.0078   -0.0015    0.0190    0.0203    0.0231
 AT.   8 O  X    -0.0218    0.0261    0.0423   -0.0658    0.0025   -0.0027
            Y     0.0181   -0.0356    0.0349   -0.0712   -0.0002   -0.0046
            Z     0.0010   -0.0066    0.0102   -0.0204    0.0249   -0.0277
 AT.   9 O  X     0.0695    0.1110   -0.0037    0.0064    0.0124   -0.0032
            Y     0.0007    0.0052    0.0799    0.0006   -0.0042    0.0013
            Z    -0.0104   -0.0229    0.0008   -0.0006   -0.0485    0.0511
 AT.  10 O  X    -0.0170   -0.0255    0.0819    0.0004   -0.0056   -0.0018
            Y    -0.0580   -0.0850   -0.0597   -0.0024    0.0062   -0.0090
            Z     0.0061    0.0085    0.0126   -0.0014   -0.0492    0.0499

 FREQ(CM**-1)   1169.94   1172.63   1524.47   1555.92   1582.48   1658.29

 AT.   1 CA X    -0.0003   -0.0038    0.0003    0.0025   -0.0009    0.0013
            Y    -0.0001   -0.0015   -0.0010   -0.0002    0.0036   -0.0004
            Z     0.0017    0.0015   -0.0001    0.0029    0.0010   -0.0009
 AT.   2 MG X    -0.0006   -0.0016   -0.0005    0.0030    0.0016    0.0014
            Y     0.0002    0.0005   -0.0006    0.0010    0.0056    0.0006
            Z    -0.0029    0.0007    0.0001    0.0043   -0.0018   -0.0013
 AT.   3 C  X    -0.0016    0.0018   -0.0090   -0.1728    0.0054    0.1703
            Y    -0.0016   -0.0029    0.1645    0.0028    0.1737    0.0063
            Z    -0.0009    0.0009    0.0012   -0.0043   -0.0011   -0.0052
 AT.   4 C  X    -0.0011    0.0007   -0.0104    0.1729   -0.0002    0.1702
            Y    -0.0013   -0.0002    0.1730   -0.0028   -0.1652    0.0061
            Z    -0.0009    0.0005    0.0016    0.0043    0.0006   -0.0052
 AT.   5 O  X    -0.0779    0.0388    0.0335    0.0522    0.0296   -0.0512
            Y     0.0619   -0.0307   -0.0313   -0.0331   -0.0333    0.0302
            Z     0.0012   -0.0020   -0.0006    0.0030   -0.0017    0.0039
 AT.   6 O  X     0.0047   -0.0135    0.0010   -0.0057    0.0025    0.0069
            Y     0.0290   -0.1022    0.0159   -0.0044    0.0332    0.0001
            Z    -0.0005    0.0017   -0.0005   -0.0004    0.0005   -0.0023
 AT.   7 O  X    -0.0271    0.0937    0.0063   -0.0329    0.0091    0.0310
            Y    -0.0131    0.0384    0.0036   -0.0103    0.0108    0.0083
            Z    -0.0006    0.0020    0.0004   -0.0025   -0.0006   -0.0007
 AT.   8 O  X     0.0399    0.0768   -0.0180    0.0282    0.0192    0.0237
            Y    -0.0316   -0.0611    0.0165   -0.0186   -0.0229   -0.0127
            Z    -0.0003   -0.0032   -0.0003    0.0022   -0.0012   -0.0016
 AT.   9 O  X    -0.0131   -0.0050   -0.0081   -0.0119    0.0084   -0.0170
            Y    -0.1007   -0.0291   -0.0750   -0.0071    0.0666   -0.0115
            Z     0.0025    0.0005    0.0002   -0.0021   -0.0005    0.0054
 AT.  10 O  X     0.0939    0.0269   -0.0208   -0.0651    0.0240   -0.0680
            Y     0.0400    0.0119   -0.0159   -0.0214    0.0210   -0.0218
            Z     0.0018    0.0003   -0.0011   -0.0024   -0.0011    0.0015

 MODES IN ANTI-PHASE

 FREQ(CM**-1)     88.80    104.81    141.23    153.37    172.16    189.11

 AT.   1 CA X    -0.0224   -0.0113   -0.0106   -0.0025   -0.0124   -0.0065
            Y     0.0062    0.0191   -0.0239   -0.0066   -0.0117    0.0007
            Z    -0.0043   -0.0047    0.0327   -0.0039   -0.0157   -0.0030
 AT.   2 MG X    -0.0188   -0.0052    0.0335    0.0030   -0.0279   -0.0012
            Y     0.0508   -0.0078   -0.0077    0.0262   -0.0237    0.0068
            Z     0.0254    0.0545    0.0166    0.0260    0.0268   -0.0001
 AT.   3 C  X    -0.0139    0.0146    0.0101    0.0129   -0.0078   -0.0213
            Y    -0.0254   -0.0124   -0.0015    0.0384    0.0411    0.0448
            Z    -0.0121    0.0261    0.0021    0.0085   -0.0192    0.0205
 AT.   4 C  X     0.0030   -0.0109    0.0127    0.0295    0.0007   -0.0242
            Y     0.0411   -0.0052    0.0009    0.0143   -0.0465    0.0311
            Z    -0.0011    0.0373   -0.0040    0.0226    0.0170   -0.0073
 AT.   5 O  X    -0.0242   -0.0010    0.0330    0.0155   -0.0013   -0.0342
            Y    -0.0389   -0.0336    0.0304    0.0394    0.0473    0.0280
            Z     0.0170    0.0107   -0.0326   -0.0266   -0.0502   -0.0043
 AT.   6 O  X     0.0360   -0.0516   -0.0102   -0.0181    0.0562    0.0307
            Y    -0.0248    0.0232   -0.0055   -0.0223    0.0014   -0.0202
            Z     0.0515   -0.0637    0.0069   -0.0418    0.0767    0.0400
 AT.   7 O  X    -0.0054    0.0134   -0.0143   -0.0329    0.0217    0.0140
            Y    -0.0001   -0.0245   -0.0067   -0.0060    0.0201   -0.0089
            Z     0.0016   -0.0588    0.0374    0.0052   -0.0008   -0.0090
 AT.   8 O  X     0.0057    0.0197   -0.0220   -0.0208    0.0243    0.0347
            Y    -0.0050    0.0496   -0.0256   -0.0414    0.0351   -0.0195
            Z    -0.0207   -0.0653    0.0249    0.0197   -0.0656   -0.0055
 AT.   9 O  X    -0.0433    0.0086   -0.0224    0.0181   -0.0040   -0.0239
            Y     0.0456   -0.0093    0.0054    0.0173   -0.0478    0.0316
            Z    -0.0295    0.0546   -0.0059    0.0365    0.0180   -0.0363
 AT.  10 O  X     0.0186   -0.0172    0.0224    0.0323   -0.0021   -0.0246
            Y     0.0035    0.0101   -0.0275    0.0015   -0.0424    0.0371
            Z    -0.0032    0.0002    0.0133   -0.0060   -0.0308    0.0389

 FREQ(CM**-1)    208.79    227.18    267.65    297.70    324.43    332.71

 AT.   1 CA X     0.0433   -0.0050   -0.0096    0.0399   -0.0311   -0.0114
            Y    -0.0316   -0.0202    0.0092    0.0020   -0.0240    0.0147
            Z    -0.0454   -0.0326    0.0091   -0.0173   -0.0353   -0.0108
 AT.   2 MG X     0.0072   -0.0032   -0.0253   -0.0534   -0.0006   -0.0364
            Y     0.0187   -0.0151   -0.0227    0.0055   -0.0053    0.0045
            Z    -0.0106   -0.0296   -0.0247    0.0151    0.0013   -0.0793
 AT.   3 C  X     0.0069   -0.0497   -0.0361    0.0107    0.0216   -0.0149
            Y    -0.0287    0.0240    0.0214   -0.0163    0.0121    0.0166
            Z    -0.0198    0.0270   -0.0255   -0.0202   -0.0226   -0.0177
 AT.   4 C  X     0.0289    0.0479    0.0411    0.0268    0.0026   -0.0014
            Y     0.0139    0.0102    0.0095    0.0175   -0.0031   -0.0071
            Z    -0.0102   -0.0343    0.0254    0.0167   -0.0179   -0.0014
 AT.   5 O  X     0.0336   -0.0630   -0.0232    0.0059    0.0015   -0.0109
            Y     0.0105    0.0060    0.0388   -0.0325   -0.0154    0.0184
            Z    -0.0473    0.0464   -0.0034   -0.0024    0.0550   -0.0613
 AT.   6 O  X     0.0515    0.0068   -0.0273    0.0267   -0.0199   -0.0150
            Y     0.0166    0.0199   -0.0238    0.0147   -0.0088    0.0002
            Z    -0.0073   -0.0300   -0.0089   -0.0325    0.0064    0.0147
 AT.   7 O  X     0.0125    0.0532   -0.0028    0.0447   -0.0262    0.0222
            Y     0.0443   -0.0086   -0.0468    0.0170    0.0121   -0.0259
            Z     0.0315   -0.0166   -0.0251    0.0179    0.0615   -0.0147
 AT.   8 O  X     0.0222   -0.0578    0.0054    0.0205    0.0081    0.0170
            Y     0.0061    0.0126   -0.0238   -0.0325   -0.0030   -0.0030
            Z    -0.0282    0.0406    0.0151    0.0150    0.0709    0.0505
 AT.   9 O  X     0.0469    0.0101    0.0747    0.0107    0.0170    0.0033
            Y     0.0099    0.0153    0.0051    0.0178   -0.0034   -0.0092
            Z     0.0041   -0.0294    0.0746   -0.0017    0.0017   -0.0450
 AT.  10 O  X     0.0226    0.0567    0.0262    0.0339   -0.0031   -0.0150
            Y     0.0252   -0.0136    0.0419    0.0114    0.0119    0.0115
            Z     0.0149   -0.0196    0.0140    0.0093   -0.0251    0.0306

 FREQ(CM**-1)    373.03    380.39    439.30    459.86    464.70    497.45

 AT.   1 CA X     0.0185   -0.0027   -0.0464    0.0198   -0.0146   -0.0198
            Y     0.0400    0.0033    0.0039    0.0281    0.0032   -0.0025
            Z     0.0085   -0.0367    0.0287   -0.0038   -0.0232    0.0146
 AT.   2 MG X     0.0058   -0.0014   -0.0056   -0.0110    0.0002   -0.0019
            Y    -0.0012    0.0141   -0.0039   -0.0007    0.0018    0.0004
            Z     0.0046    0.0019   -0.0139   -0.0158   -0.0002    0.0011
 AT.   3 C  X    -0.0121    0.0074    0.0335   -0.0042    0.0223    0.0351
            Y    -0.0158   -0.0324   -0.0073    0.0029    0.0269   -0.0079
            Z    -0.0461    0.0317    0.0060    0.0061   -0.0009   -0.0348
 AT.   4 C  X    -0.0074   -0.0018    0.0389    0.0121   -0.0046    0.0291
            Y    -0.0277   -0.0348   -0.0103   -0.0160    0.0020   -0.0032
            Z    -0.0455    0.0272   -0.0237    0.0278   -0.0023   -0.0066
 AT.   5 O  X    -0.0353    0.0364    0.0339    0.0016    0.0155    0.0148
            Y    -0.0450   -0.0007   -0.0034    0.0076    0.0168   -0.0206
            Z    -0.0770   -0.0237    0.0000    0.0085    0.0553   -0.0194
 AT.   6 O  X    -0.0176   -0.0141    0.0443    0.0049    0.0009   -0.0205
            Y    -0.0124    0.0071   -0.0122   -0.0249   -0.0338    0.0124
            Z    -0.0050    0.0363   -0.0512   -0.0094    0.0532    0.0316
 AT.   7 O  X     0.0177   -0.0307   -0.0142    0.0266   -0.0239   -0.0051
            Y    -0.0329    0.0159    0.0359   -0.0351   -0.0420   -0.0221
            Z     0.0345   -0.0553   -0.0303    0.0755    0.0087   -0.0065
 AT.   8 O  X    -0.0008    0.0114    0.0005   -0.0577    0.0258   -0.0112
            Y     0.0233   -0.0029    0.0408   -0.0090    0.0215   -0.0148
            Z     0.0419    0.0589    0.0358   -0.0013    0.0642   -0.0313
 AT.   9 O  X     0.0309   -0.0320    0.0434   -0.0144   -0.0026    0.0230
            Y    -0.0383   -0.0357   -0.0144   -0.0117    0.0003   -0.0025
            Z    -0.0328    0.0078   -0.0545    0.0010    0.0177   -0.0169
 AT.  10 O  X    -0.0290    0.0037    0.0214    0.0161   -0.0035    0.0167
            Y     0.0184   -0.0519    0.0141   -0.0287    0.0007    0.0070
            Z     0.0242    0.0936    0.0216    0.0496   -0.0097   -0.0001

 FREQ(CM**-1)    749.14    757.61    764.05    766.07    886.35    890.32

 AT.   1 CA X    -0.0024   -0.0029   -0.0046    0.0030    0.0015   -0.0002
            Y     0.0042    0.0032   -0.0047   -0.0008    0.0002    0.0011
            Z    -0.0008   -0.0029   -0.0058   -0.0010   -0.0010   -0.0015
 AT.   2 MG X     0.0008   -0.0011   -0.0032   -0.0037   -0.0026   -0.0008
            Y     0.0028   -0.0019    0.0034    0.0016   -0.0000    0.0025
            Z     0.0016   -0.0002   -0.0059   -0.0022    0.0045    0.0034
 AT.   3 C  X    -0.0352    0.0443   -0.0109    0.0247   -0.0001    0.0004
            Y     0.0254   -0.0215   -0.0246    0.0453   -0.0011    0.0007
            Z    -0.0051   -0.0002    0.0004    0.0072    0.0195    0.0013
 AT.   4 C  X    -0.0324   -0.0018   -0.0024    0.0282    0.0008   -0.0001
            Y     0.0246   -0.0050   -0.0004    0.0516    0.0009    0.0009
            Z    -0.0054    0.0049   -0.0011    0.0063   -0.0016    0.0190
 AT.   5 O  X    -0.0410    0.0376    0.0408   -0.0666   -0.0004    0.0001
            Y     0.0533   -0.0682    0.0338   -0.0719    0.0001    0.0004
            Z     0.0035   -0.0114    0.0100   -0.0205   -0.0060    0.0018
 AT.   6 O  X     0.0081    0.0859   -0.0038    0.0069   -0.0112   -0.0030
            Y    -0.0073    0.0005    0.0798   -0.0010    0.0033    0.0019
            Z     0.0012   -0.0161    0.0008   -0.0007    0.0443    0.0447
 AT.   7 O  X    -0.0086   -0.0250    0.0819   -0.0014    0.0053   -0.0013
            Y    -0.0039   -0.0597   -0.0596   -0.0015   -0.0054   -0.0081
            Z    -0.0028    0.0047    0.0126   -0.0018    0.0449    0.0449
 AT.   8 O  X     0.0402    0.0278    0.0727    0.0378    0.0046   -0.0040
            Y    -0.0667   -0.0656    0.0543    0.0389   -0.0002   -0.0071
            Z    -0.0047   -0.0101    0.0104    0.0077    0.0408   -0.0416
 AT.   9 O  X     0.0842   -0.0033    0.0031   -0.0260    0.0002    0.0007
            Y     0.0136   -0.0060    0.0020    0.0748   -0.0013   -0.0014
            Z    -0.0167    0.0034    0.0000    0.0020    0.0003   -0.0055
 AT.  10 O  X    -0.0090   -0.0078   -0.0010    0.0844    0.0004   -0.0004
            Y    -0.0752    0.0125   -0.0040   -0.0421    0.0006    0.0014
            Z     0.0134   -0.0033   -0.0018    0.0191   -0.0001   -0.0075

 FREQ(CM**-1)   1169.94   1172.63   1524.47   1555.92   1582.48   1658.29

 AT.   1 CA X     0.0004    0.0028   -0.0004    0.0014   -0.0003   -0.0022
            Y     0.0002    0.0011    0.0012   -0.0001    0.0014    0.0006
            Z    -0.0023   -0.0011    0.0002    0.0017    0.0004    0.0015
 AT.   2 MG X    -0.0014   -0.0137   -0.0012   -0.0017   -0.0012    0.0024
            Y     0.0005    0.0040   -0.0015   -0.0005   -0.0045    0.0009
            Z    -0.0068    0.0063    0.0002   -0.0025    0.0014   -0.0022
 AT.   3 C  X     0.0018   -0.0006   -0.0060   -0.0038    0.0163    0.0017
            Y     0.0011    0.0024    0.0536    0.0046    0.0018    0.0175
            Z     0.0003   -0.0002    0.0014   -0.0001   -0.0016    0.0000
 AT.   4 C  X    -0.0022    0.0017    0.0030   -0.0017    0.0172   -0.0038
            Y    -0.0014   -0.0038   -0.0016    0.0045    0.0539   -0.0176
            Z    -0.0005    0.0008   -0.0009   -0.0001   -0.0019    0.0000
 AT.   5 O  X    -0.0184   -0.0686    0.0111    0.0031   -0.0039    0.0028
            Y     0.0145    0.0546   -0.0099   -0.0028    0.0024   -0.0032
            Z    -0.0001    0.0028    0.0004    0.0008    0.0000   -0.0004
 AT.   6 O  X     0.0123    0.0012    0.0081   -0.0105    0.0097    0.0157
            Y     0.0965    0.0000    0.0733   -0.0057    0.0624    0.0133
            Z    -0.0024   -0.0000   -0.0001   -0.0022   -0.0013   -0.0049
 AT.   7 O  X    -0.0899   -0.0002    0.0199   -0.0562    0.0257    0.0607
            Y    -0.0378   -0.0010    0.0155   -0.0188    0.0192    0.0205
            Z    -0.0018    0.0003    0.0010   -0.0014   -0.0010   -0.0014
 AT.   8 O  X     0.0694   -0.0176   -0.0303    0.0441    0.0228    0.0454
            Y    -0.0552    0.0139    0.0284   -0.0275   -0.0243   -0.0276
            Z    -0.0011    0.0011    0.0007    0.0022   -0.0012   -0.0036
 AT.   9 O  X    -0.0010    0.0126    0.0008    0.0002   -0.0055    0.0021
            Y    -0.0003    0.0979    0.0004   -0.0010   -0.0236    0.0067
            Z    -0.0002   -0.0017    0.0005    0.0008    0.0013   -0.0006
 AT.  10 O  X     0.0003   -0.0897   -0.0019   -0.0012   -0.0128    0.0043
            Y     0.0018   -0.0365   -0.0001    0.0002   -0.0069    0.0033
            Z     0.0000   -0.0020   -0.0002   -0.0015    0.0004   -0.0000


  DISPERSION K POINT NUMBER     6 COORD:  C(  0  1  2 )    WEIGHT:    1.

    MODES         EIGV          FREQUENCIES     IRREP
             (HARTREE**2)   (CM**-1)     (THZ)
    1-   1    0.1549E-06     86.3786    2.5896  (  1)
    2-   2    0.3290E-06    125.8911    3.7741  (  1)
    3-   3    0.4931E-06    154.1162    4.6203  (  1)
    4-   4    0.5573E-06    163.8442    4.9119  (  1)
    5-   5    0.5766E-06    166.6517    4.9961  (  1)
    6-   6    0.8447E-06    201.7136    6.0472  (  1)
    7-   7    0.1092E-05    229.3136    6.8746  (  1)
    8-   8    0.1428E-05    262.2959    7.8634  (  1)
    9-   9    0.1482E-05    267.2236    8.0112  (  1)
   10-  10    0.1765E-05    291.6204    8.7426  (  1)
   11-  11    0.2317E-05    334.0761   10.0153  (  1)
   12-  12    0.2394E-05    339.5521   10.1795  (  1)
   13-  13    0.2873E-05    372.0041   11.1524  (  1)
   14-  14    0.3063E-05    384.1404   11.5162  (  1)
   15-  15    0.3430E-05    406.4563   12.1853  (  1)
   16-  16    0.4210E-05    450.2999   13.4997  (  1)
   17-  17    0.4570E-05    469.1682   14.0653  (  1)
   18-  18    0.4647E-05    473.1087   14.1834  (  1)
   19-  19    0.1167E-04    749.6415   22.4737  (  1)
   20-  20    0.1190E-04    757.1277   22.6981  (  1)
   21-  21    0.1197E-04    759.4336   22.7672  (  1)
   22-  22    0.1203E-04    761.1732   22.8194  (  1)
   23-  23    0.1634E-04    887.2732   26.5998  (  1)
   24-  24    0.1635E-04    887.3474   26.6020  (  1)
   25-  25    0.2842E-04   1170.0668   35.0777  (  1)
   26-  26    0.2842E-04   1170.0952   35.0786  (  1)
   27-  27    0.4992E-04   1550.7090   46.4891  (  1)
   28-  28    0.5063E-04   1561.6539   46.8172  (  1)
   29-  29    0.5362E-04   1607.1382   48.1808  (  1)
   30-  30    0.5628E-04   1646.5647   49.3628  (  1)

 MODES IN PHASE

 FREQ(CM**-1)     86.38    125.89    154.12    163.84    166.65    201.71

 AT.   1 CA X    -0.0329    0.0213    0.0802    0.0504    0.0439    0.0164
            Y     0.0343    0.0828    0.0282   -0.0114   -0.0339    0.0289
            Z     0.0071    0.0094   -0.0183    0.0925   -0.0367   -0.0323
 AT.   2 MG X    -0.0152   -0.0012    0.0417    0.0172    0.0181    0.0133
            Y    -0.0058   -0.0408   -0.0158   -0.0024    0.0223   -0.0028
            Z     0.0445    0.0124    0.0293   -0.0217   -0.0042   -0.0377
 AT.   3 C  X     0.0044    0.0092    0.0351    0.0288   -0.0293   -0.0044
            Y     0.0044   -0.0050    0.0143   -0.0049    0.0225   -0.0249
            Z     0.0091    0.0046    0.0118    0.0252    0.0582    0.0001
 AT.   4 C  X    -0.0045    0.0200   -0.0216   -0.0265   -0.0281    0.0028
            Y     0.0118    0.0137    0.0182   -0.0256    0.0164   -0.0111
            Z    -0.0150    0.0139   -0.0302    0.0013    0.0473   -0.0174
 AT.   5 O  X    -0.0202    0.0197    0.0585    0.0264   -0.0452   -0.0110
            Y    -0.0261    0.0106    0.0471   -0.0083   -0.0049   -0.0304
            Z     0.0316    0.0241   -0.0309    0.0716    0.0500    0.0243
 AT.   6 O  X     0.0202   -0.0702    0.0404    0.0051    0.0097    0.0118
            Y    -0.0134   -0.0035   -0.0358    0.0269   -0.0122   -0.0108
            Z     0.0950   -0.0210    0.0195    0.0103   -0.0384    0.0074
 AT.   7 O  X     0.0033   -0.0036   -0.0204   -0.0291    0.0150    0.0226
            Y    -0.0283    0.0694    0.0128   -0.0186   -0.0272    0.0274
            Z    -0.0576    0.0067   -0.0345    0.0407   -0.0434    0.0117
 AT.   8 O  X    -0.0028    0.0200    0.0580    0.0293   -0.0056   -0.0271
            Y    -0.0355    0.0115    0.0441   -0.0025   -0.0037   -0.0389
            Z    -0.0096    0.0236   -0.0288    0.0654   -0.0009    0.0785
 AT.   9 O  X    -0.0526   -0.0689    0.0391    0.0006    0.0102   -0.0016
            Y     0.0054   -0.0034   -0.0357    0.0246   -0.0197    0.0379
            Z     0.0044   -0.0197    0.0172    0.0041   -0.0385   -0.0483
 AT.  10 O  X    -0.0109   -0.0034   -0.0175   -0.0263   -0.0311    0.0024
            Y     0.0282    0.0699    0.0119   -0.0212    0.0310   -0.0151
            Z     0.0117    0.0073   -0.0333    0.0375    0.0506   -0.0575

 FREQ(CM**-1)    229.31    262.30    267.22    291.62    334.08    339.55

 AT.   1 CA X    -0.0040   -0.0009   -0.0094   -0.0047    0.0257   -0.0124
            Y    -0.0021   -0.0328   -0.0039    0.0030   -0.0117   -0.0225
            Z    -0.0271    0.0244   -0.0331   -0.0119   -0.0059   -0.0153
 AT.   2 MG X    -0.0036   -0.0078    0.0398   -0.0190   -0.0480    0.0118
            Y     0.0255    0.0395    0.0092   -0.0139   -0.0021   -0.0353
            Z     0.0187    0.0342    0.0214   -0.0353    0.0141    0.0115
 AT.   3 C  X     0.0326    0.0329    0.0183   -0.0034   -0.0305   -0.0286
            Y    -0.0454   -0.0299    0.0247    0.0234   -0.0118    0.0055
            Z    -0.0311    0.0005   -0.0102   -0.0136   -0.0004    0.0139
 AT.   4 C  X    -0.0119   -0.0031   -0.0360   -0.0052    0.0124   -0.0078
            Y     0.0459    0.0487   -0.0036    0.0210   -0.0235   -0.0183
            Z     0.0306    0.0155    0.0009   -0.0133    0.0116   -0.0262
 AT.   5 O  X     0.0520    0.0120    0.0160   -0.0273   -0.0208   -0.0210
            Y    -0.0178   -0.0539    0.0237   -0.0091    0.0033    0.0201
            Z    -0.0436    0.0140   -0.0697   -0.0523   -0.0579    0.0295
 AT.   6 O  X     0.0223   -0.0557   -0.0519    0.0114   -0.0023    0.0242
            Y     0.0335   -0.0151    0.0201    0.0103   -0.0215   -0.0160
            Z     0.0147   -0.0556   -0.0428    0.0319   -0.0038   -0.0301
 AT.   7 O  X    -0.0349    0.0246    0.0248   -0.0125    0.0265    0.0339
            Y     0.0148    0.0253   -0.0385   -0.0430    0.0096   -0.0101
            Z     0.0049    0.0370   -0.0426    0.0575   -0.0857    0.0259
 AT.   8 O  X    -0.0235    0.0261    0.0272    0.0398    0.0063    0.0257
            Y    -0.0111   -0.0342   -0.0462    0.0351    0.0087   -0.0040
            Z     0.0313    0.0050    0.0162    0.0126    0.0702    0.0128
 AT.   9 O  X     0.0152   -0.0420   -0.0056   -0.0552   -0.0219   -0.0333
            Y    -0.0292   -0.0294    0.0381   -0.0286   -0.0103    0.0068
            Z     0.0263   -0.0585   -0.0290   -0.0777    0.0222    0.0489
 AT.  10 O  X    -0.0270    0.0131   -0.0366   -0.0235    0.0137   -0.0277
            Y     0.0755    0.0191   -0.0052    0.0608   -0.0181    0.0289
            Z     0.0706    0.0370   -0.0241   -0.0145    0.0467    0.0045

 FREQ(CM**-1)    372.00    384.14    406.46    450.30    469.17    473.11

 AT.   1 CA X    -0.0090    0.0019   -0.0446    0.0282    0.0128   -0.0083
            Y     0.0151   -0.0449    0.0099    0.0327   -0.0119   -0.0142
            Z     0.0033    0.0498    0.0122   -0.0065    0.0011   -0.0300
 AT.   2 MG X     0.0031    0.0083    0.0244    0.0004    0.1228   -0.0776
            Y     0.0228    0.0051    0.0131    0.0220    0.0756    0.1165
            Z    -0.0141    0.0251    0.0253    0.1391   -0.0146   -0.0027
 AT.   3 C  X     0.0218   -0.0221    0.0299   -0.0200   -0.0008    0.0236
            Y     0.0023   -0.0211    0.0086    0.0164    0.0183    0.0028
            Z     0.0398    0.0139    0.0138   -0.0040   -0.0312    0.0328
 AT.   4 C  X     0.0087   -0.0026   -0.0157    0.0055    0.0214   -0.0115
            Y     0.0033    0.0114   -0.0315   -0.0267   -0.0046   -0.0170
            Z     0.0415   -0.0367   -0.0203    0.0021   -0.0173   -0.0412
 AT.   5 O  X     0.0432   -0.0192    0.0278   -0.0403   -0.0256    0.0489
            Y     0.0378   -0.0094    0.0038   -0.0008   -0.0062    0.0246
            Z     0.0402   -0.0475    0.0342    0.0020    0.0007    0.0494
 AT.   6 O  X    -0.0264   -0.0425    0.0256   -0.0006   -0.0374   -0.0240
            Y     0.0049   -0.0020   -0.0457    0.0165   -0.0082    0.0193
            Z     0.0649   -0.0097   -0.0182   -0.0317    0.0646    0.0270
 AT.   7 O  X     0.0066    0.0045   -0.0142    0.0020    0.0147   -0.0160
            Y     0.0233    0.0606    0.0129   -0.0339    0.0193    0.0023
            Z    -0.0021   -0.0625   -0.0703    0.0545    0.0080   -0.0147
 AT.   8 O  X    -0.0430    0.0036   -0.0180   -0.0406   -0.0263    0.0487
            Y    -0.0056    0.0057    0.0495   -0.0029   -0.0054    0.0230
            Z    -0.0548   -0.0312    0.0539   -0.0047    0.0009    0.0466
 AT.   9 O  X     0.0415    0.0028    0.0170   -0.0028   -0.0363   -0.0256
            Y    -0.0113    0.0178   -0.0150    0.0210   -0.0092    0.0209
            Z    -0.0840   -0.0547   -0.0507   -0.0282    0.0647    0.0269
 AT.  10 O  X     0.0205   -0.0159   -0.0248    0.0052    0.0147   -0.0174
            Y    -0.0182    0.0448   -0.0128   -0.0329    0.0235    0.0027
            Z     0.0300   -0.0607    0.0073    0.0578    0.0054   -0.0165

 FREQ(CM**-1)    749.64    757.13    759.43    761.17    887.27    887.35

 AT.   1 CA X     0.0007   -0.0030    0.0015   -0.0022    0.0018   -0.0001
            Y     0.0006    0.0014    0.0010   -0.0067    0.0000    0.0019
            Z     0.0072   -0.0003   -0.0072   -0.0022    0.0002   -0.0021
 AT.   2 MG X    -0.0276    0.0010   -0.0002    0.0001    0.0037    0.0023
            Y     0.0004   -0.0005   -0.0199   -0.0068    0.0022   -0.0039
            Z     0.0012    0.0017   -0.0071    0.0219    0.0004   -0.0023
 AT.   3 C  X     0.0377    0.0342    0.0436   -0.0264    0.0055   -0.0029
            Y     0.0112    0.0193    0.0026    0.0030   -0.0002    0.0009
            Z    -0.0029   -0.0012    0.0012   -0.0003    0.0173    0.1778
 AT.   4 C  X     0.0199    0.0395   -0.0372    0.0237    0.0031    0.0052
            Y    -0.0304    0.0031    0.0080    0.0221   -0.0010   -0.0004
            Z     0.0032   -0.0016    0.0018    0.0005    0.1779   -0.0173
 AT.   5 O  X    -0.0115   -0.0312    0.0055    0.0046   -0.0004   -0.0044
            Y    -0.0737   -0.0662   -0.0817    0.0501    0.0013   -0.0074
            Z    -0.0121   -0.0124   -0.0151    0.0079   -0.0036   -0.0480
 AT.   6 O  X     0.0726   -0.0343    0.0435    0.0058   -0.0092   -0.0015
            Y     0.0193   -0.0536    0.0233    0.0657    0.0028    0.0018
            Z    -0.0126    0.0086   -0.0118   -0.0006    0.0442    0.0273
 AT.   7 O  X    -0.0511   -0.0075   -0.0562   -0.0343   -0.0007   -0.0021
            Y     0.0470   -0.0674   -0.0035    0.0740    0.0030   -0.0044
            Z    -0.0114    0.0070   -0.0059   -0.0170   -0.0408    0.0249
 AT.   8 O  X    -0.0465    0.0603    0.0440    0.0765    0.0032   -0.0041
            Y    -0.0576    0.0428    0.0344    0.0251    0.0024   -0.0077
            Z    -0.0118    0.0092    0.0100    0.0128    0.0263   -0.0442
 AT.   9 O  X     0.0826    0.0701   -0.0809    0.0550   -0.0046   -0.0026
            Y    -0.0173    0.0327    0.0347    0.0142    0.0023    0.0022
            Z    -0.0139   -0.0135    0.0156   -0.0112    0.0253    0.0426
 AT.  10 O  X    -0.0214    0.0425   -0.0200    0.0596   -0.0027   -0.0025
            Y     0.0731    0.0278   -0.0642   -0.0264    0.0047   -0.0004
            Z    -0.0122    0.0024    0.0094    0.0096   -0.0498    0.0054

 FREQ(CM**-1)   1170.07   1170.10   1550.71   1561.65   1607.14   1646.56

 AT.   1 CA X    -0.0023    0.0016    0.0006   -0.0037   -0.0000    0.0003
            Y    -0.0014   -0.0027   -0.0002    0.0002    0.0001    0.0055
            Z     0.0002   -0.0000    0.0026    0.0013    0.0001    0.0001
 AT.   2 MG X     0.0071   -0.0040    0.0045    0.0031   -0.0003    0.0003
            Y    -0.0035   -0.0082    0.0007    0.0001    0.0018    0.0022
            Z    -0.0002    0.0000    0.0015   -0.0045    0.0001   -0.0014
 AT.   3 C  X     0.0008    0.0006   -0.1291    0.0449    0.1359    0.0038
            Y     0.0018    0.0037   -0.0387    0.1264   -0.0027    0.1350
            Z     0.0005    0.0004   -0.0044    0.0010   -0.0043    0.0001
 AT.   4 C  X    -0.0003   -0.0009    0.1595    0.0061    0.1093   -0.0666
            Y     0.0008   -0.0039   -0.0013    0.1589    0.0606   -0.1051
            Z    -0.0007   -0.0001    0.0048    0.0001   -0.0041    0.0015
 AT.   5 O  X     0.0640    0.0411    0.0331    0.0100   -0.0415    0.0221
            Y    -0.0498   -0.0314   -0.0171   -0.0159    0.0226   -0.0294
            Z    -0.0028   -0.0010    0.0024   -0.0015    0.0015   -0.0023
 AT.   6 O  X    -0.0118    0.0078   -0.0082    0.0072    0.0031   -0.0023
            Y    -0.0941    0.0521    0.0054    0.0636   -0.0382    0.0246
            Z     0.0012   -0.0012   -0.0021    0.0001   -0.0028    0.0004
 AT.   7 O  X    -0.0115    0.0935   -0.0021    0.0250    0.0379    0.0455
            Y    -0.0051    0.0393   -0.0057    0.0069    0.0231    0.0166
            Z    -0.0010    0.0025    0.0003   -0.0013   -0.0017    0.0015
 AT.   8 O  X     0.0400   -0.0638    0.0343   -0.0288    0.0455    0.0331
            Y    -0.0292    0.0491   -0.0262    0.0270   -0.0293   -0.0361
            Z    -0.0009    0.0005   -0.0003   -0.0021   -0.0011   -0.0033
 AT.   9 O  X     0.0066    0.0120    0.0067    0.0080    0.0017   -0.0070
            Y     0.0490    0.0925    0.0288    0.0349    0.0446    0.0016
            Z    -0.0010   -0.0025   -0.0011    0.0011    0.0020    0.0017
 AT.  10 O  X     0.0946    0.0126   -0.0589   -0.0248   -0.0499    0.0403
            Y     0.0387    0.0064   -0.0202   -0.0185   -0.0244    0.0190
            Z     0.0017   -0.0005   -0.0039    0.0010    0.0023    0.0013

 MODES IN ANTI-PHASE

 FREQ(CM**-1)     86.38    125.89    154.12    163.84    166.65    201.71

 AT.   1 CA X    -0.0277    0.0003    0.0029    0.0044    0.0327    0.0184
            Y     0.0288    0.0011    0.0010   -0.0010   -0.0252    0.0324
            Z     0.0060    0.0001   -0.0007    0.0082   -0.0273   -0.0363
 AT.   2 MG X    -0.0128   -0.0000    0.0015    0.0015    0.0135    0.0149
            Y    -0.0049   -0.0005   -0.0006   -0.0002    0.0166   -0.0031
            Z     0.0374    0.0002    0.0011   -0.0019   -0.0031   -0.0423
 AT.   3 C  X     0.0122   -0.0277    0.0070    0.0178    0.0111   -0.0172
            Y    -0.0131   -0.0129   -0.0271    0.0290   -0.0013   -0.0296
            Z     0.0343   -0.0183    0.0279   -0.0105   -0.0102    0.0440
 AT.   4 C  X    -0.0122   -0.0213   -0.0285   -0.0210    0.0137    0.0175
            Y     0.0072   -0.0018   -0.0247    0.0145   -0.0155    0.0371
            Z    -0.0322   -0.0128    0.0016   -0.0273   -0.0353   -0.0404
 AT.   5 O  X     0.0007    0.0101   -0.0046    0.0187    0.0077   -0.0285
            Y    -0.0315    0.0371   -0.0402    0.0323   -0.0024   -0.0426
            Z    -0.0153   -0.0207    0.0288   -0.0290   -0.0160    0.0818
 AT.   6 O  X    -0.0570    0.0519   -0.0166   -0.0254    0.0078   -0.0002
            Y     0.0079    0.0035   -0.0003   -0.0107   -0.0169    0.0370
            Z    -0.0121    0.0500   -0.0308   -0.0347   -0.0286   -0.0477
 AT.   7 O  X    -0.0117    0.0101    0.0396    0.0136   -0.0370    0.0050
            Y     0.0336    0.0208   -0.0115   -0.0168    0.0405   -0.0121
            Z     0.0219    0.0248    0.0159   -0.0145    0.0659   -0.0565
 AT.   8 O  X    -0.0200   -0.0096    0.0088   -0.0138   -0.0455   -0.0142
            Y    -0.0203   -0.0368    0.0435   -0.0333   -0.0040   -0.0351
            Z     0.0337    0.0213   -0.0310    0.0411    0.0525    0.0335
 AT.   9 O  X     0.0298   -0.0537    0.0195    0.0259    0.0070    0.0117
            Y    -0.0145   -0.0036   -0.0023    0.0153   -0.0068   -0.0065
            Z     0.0956   -0.0505    0.0321    0.0360   -0.0285    0.0018
 AT.  10 O  X     0.0052   -0.0102   -0.0409   -0.0185    0.0250    0.0230
            Y    -0.0337   -0.0190    0.0124    0.0133   -0.0377    0.0258
            Z    -0.0605   -0.0246   -0.0183    0.0214   -0.0605    0.0051

 FREQ(CM**-1)    229.31    262.30    267.22    291.62    334.08    339.55

 AT.   1 CA X     0.0046    0.0001    0.0096   -0.0072   -0.0442    0.0315
            Y     0.0025    0.0053    0.0040    0.0047    0.0201    0.0574
            Z     0.0315   -0.0040    0.0338   -0.0186    0.0101    0.0391
 AT.   2 MG X     0.0042    0.0013   -0.0406   -0.0297    0.0825   -0.0300
            Y    -0.0297   -0.0064   -0.0094   -0.0216    0.0036    0.0899
            Z    -0.0218   -0.0055   -0.0218   -0.0550   -0.0242   -0.0292
 AT.   3 C  X     0.0216   -0.0325   -0.0393    0.0198   -0.0035   -0.0145
            Y     0.0168   -0.0396    0.0339    0.0251   -0.0341   -0.0175
            Z     0.0101   -0.0239   -0.0151   -0.0022    0.0132   -0.0238
 AT.   4 C  X     0.0372   -0.0461   -0.0241   -0.0194   -0.0281   -0.0311
            Y    -0.0153   -0.0098    0.0418   -0.0272   -0.0274    0.0014
            Z    -0.0115   -0.0182   -0.0182    0.0035    0.0063    0.0082
 AT.   5 O  X     0.0158   -0.0466   -0.0276    0.0313    0.0046   -0.0151
            Y     0.0140   -0.0533    0.0457    0.0345   -0.0119   -0.0158
            Z    -0.0250    0.0263   -0.0148   -0.0102   -0.0478   -0.0506
 AT.   6 O  X    -0.0188   -0.0343    0.0067   -0.0556    0.0265    0.0228
            Y     0.0244    0.0477   -0.0385   -0.0268    0.0241    0.0073
            Z    -0.0289    0.0182    0.0299   -0.0708   -0.0233   -0.0394
 AT.   7 O  X     0.0327    0.0323    0.0361   -0.0315   -0.0308    0.0042
            Y    -0.0787    0.0156    0.0060    0.0472    0.0154   -0.0316
            Z    -0.0722   -0.0058    0.0250    0.0104   -0.0050   -0.0346
 AT.   8 O  X    -0.0490    0.0405   -0.0165   -0.0118    0.0203    0.0032
            Y     0.0197    0.0676   -0.0228    0.0061   -0.0087   -0.0253
            Z     0.0393   -0.0293    0.0694   -0.0518    0.0267   -0.0571
 AT.   9 O  X    -0.0249    0.0502    0.0520   -0.0128    0.0151    0.0003
            Y    -0.0294   -0.0404   -0.0209   -0.0018    0.0306    0.0162
            Z    -0.0189    0.0003    0.0434   -0.0005   -0.0082   -0.0085
 AT.  10 O  X     0.0395   -0.0384   -0.0240   -0.0245   -0.0383   -0.0200
            Y    -0.0265   -0.0228    0.0386   -0.0194   -0.0007   -0.0163
            Z    -0.0158   -0.0062    0.0431    0.0566    0.0720   -0.0430

 FREQ(CM**-1)    372.00    384.14    406.46    450.30    469.17    473.11

 AT.   1 CA X    -0.0242    0.0008    0.0470   -0.0019    0.0004    0.0003
            Y     0.0406   -0.0191   -0.0104   -0.0022   -0.0004    0.0004
            Z     0.0090    0.0211   -0.0129    0.0004    0.0000    0.0009
 AT.   2 MG X     0.0084    0.0035   -0.0257   -0.0000    0.0043    0.0024
            Y     0.0614    0.0022   -0.0138   -0.0015    0.0026   -0.0036
            Z    -0.0381    0.0106   -0.0267   -0.0095   -0.0005    0.0001
 AT.   3 C  X    -0.0360   -0.0036    0.0173    0.0085   -0.0235   -0.0018
            Y     0.0035   -0.0179   -0.0446    0.0211   -0.0039    0.0185
            Z     0.0121    0.0421   -0.0160    0.0004    0.0345    0.0276
 AT.   4 C  X     0.0412    0.0222    0.0308    0.0210   -0.0096   -0.0206
            Y    -0.0026    0.0252   -0.0327   -0.0000   -0.0181    0.0078
            Z     0.0017   -0.0250   -0.0059    0.0034    0.0432   -0.0121
 AT.   5 O  X    -0.0158    0.0236    0.0166    0.0050   -0.0103    0.0012
            Y     0.0352    0.0171   -0.0498    0.0156    0.0104    0.0246
            Z    -0.0373    0.0026   -0.0557    0.0488    0.0028    0.0443
 AT.   6 O  X     0.0330    0.0449   -0.0184    0.0160    0.0144    0.0268
            Y    -0.0116    0.0267    0.0174   -0.0346   -0.0143   -0.0257
            Z    -0.0534   -0.0667    0.0518   -0.0231    0.0038    0.0016
 AT.   7 O  X     0.0391   -0.0265    0.0256   -0.0235    0.0005    0.0229
            Y    -0.0009    0.0036    0.0122   -0.0052    0.0612   -0.0061
            Z     0.0435   -0.0240   -0.0037   -0.0281   -0.0377    0.0302
 AT.   8 O  X     0.0163   -0.0302   -0.0269    0.0005    0.0085   -0.0043
            Y     0.0514   -0.0187   -0.0064   -0.0153   -0.0108   -0.0261
            Z    -0.0020   -0.0360   -0.0370   -0.0486   -0.0027   -0.0473
 AT.   9 O  X     0.0078   -0.0618   -0.0265   -0.0158   -0.0170   -0.0253
            Y    -0.0056   -0.0200    0.0466    0.0321    0.0137    0.0245
            Z     0.0020    0.0394    0.0209    0.0272    0.0007   -0.0033
 AT.  10 O  X     0.0339    0.0216    0.0155    0.0231    0.0006   -0.0218
            Y     0.0146    0.0410   -0.0122    0.0098   -0.0598    0.0059
            Z     0.0316   -0.0283    0.0701    0.0205    0.0381   -0.0292

 FREQ(CM**-1)    749.64    757.13    759.43    761.17    887.27    887.35

 AT.   1 CA X     0.0003   -0.0088   -0.0015    0.0023    0.0006   -0.0000
            Y     0.0002    0.0040   -0.0010    0.0070    0.0000    0.0004
            Z     0.0026   -0.0009    0.0071    0.0023    0.0001   -0.0005
 AT.   2 MG X    -0.0100    0.0028    0.0002   -0.0002    0.0012    0.0005
            Y     0.0002   -0.0016    0.0196    0.0071    0.0007   -0.0008
            Z     0.0004    0.0050    0.0070   -0.0229    0.0001   -0.0005
 AT.   3 C  X    -0.0137    0.0208    0.0018    0.0027   -0.0026   -0.0050
            Y     0.0328   -0.0396    0.0211    0.0459    0.0010    0.0003
            Z    -0.0037   -0.0012    0.0058    0.0004   -0.1770   -0.0002
 AT.   4 C  X    -0.0348   -0.0066    0.0228   -0.0119   -0.0052    0.0024
            Y    -0.0166    0.0440    0.0197    0.0403    0.0001   -0.0009
            Z     0.0035    0.0007    0.0056    0.0001    0.0002   -0.1770
 AT.   5 O  X    -0.0588    0.0579   -0.0439   -0.0768    0.0060   -0.0002
            Y    -0.0015   -0.0149   -0.0357   -0.0273    0.0022   -0.0021
            Z    -0.0039   -0.0009   -0.0102   -0.0132    0.0501   -0.0012
 AT.   6 O  X     0.0419    0.0699    0.0815   -0.0554    0.0049   -0.0031
            Y    -0.0502   -0.0153   -0.0344   -0.0171   -0.0001    0.0013
            Z    -0.0065   -0.0108   -0.0158    0.0113   -0.0182    0.0430
 AT.   7 O  X     0.0278    0.0592    0.0191   -0.0582   -0.0038   -0.0014
            Y     0.0579   -0.0409    0.0642    0.0232    0.0039    0.0087
            Z    -0.0054    0.0127   -0.0095   -0.0088   -0.0285   -0.0419
 AT.   8 O  X     0.0378    0.0263   -0.0048   -0.0079   -0.0051   -0.0016
            Y    -0.0461   -0.0526    0.0822   -0.0513   -0.0010   -0.0011
            Z    -0.0047   -0.0083    0.0153   -0.0085   -0.0428   -0.0188
 AT.   9 O  X     0.0143    0.0338   -0.0448   -0.0082   -0.0093    0.0022
            Y     0.0510   -0.0452   -0.0228   -0.0664    0.0017   -0.0004
            Z    -0.0031   -0.0032    0.0121    0.0011    0.0405   -0.0279
 AT.  10 O  X    -0.0541    0.0420    0.0559    0.0317    0.0027    0.0004
            Y    -0.0144   -0.0738    0.0025   -0.0729   -0.0014   -0.0098
            Z    -0.0032    0.0143    0.0060    0.0166   -0.0006    0.0484

 FREQ(CM**-1)   1170.07   1170.10   1550.71   1561.65   1607.14   1646.56

 AT.   1 CA X     0.0027   -0.0014   -0.0007   -0.0033   -0.0001   -0.0001
            Y     0.0016    0.0023    0.0002    0.0002    0.0004   -0.0011
            Z    -0.0002    0.0000   -0.0029    0.0011    0.0004   -0.0000
 AT.   2 MG X    -0.0082    0.0035   -0.0050    0.0027   -0.0013   -0.0001
            Y     0.0040    0.0071   -0.0008    0.0001    0.0083   -0.0005
            Z     0.0003   -0.0000   -0.0017   -0.0040    0.0003    0.0003
 AT.   3 C  X     0.0005   -0.0009    0.0936    0.0500   -0.0018    0.1064
            Y     0.0037   -0.0011   -0.0561   -0.0963    0.1077   -0.0052
            Z    -0.0005    0.0006    0.0020    0.0011   -0.0009   -0.0026
 AT.   4 C  X     0.0009   -0.0006    0.0008   -0.0669    0.0807    0.0830
            Y     0.0040    0.0004   -0.0682    0.0016   -0.0891   -0.0849
            Z    -0.0000    0.0007   -0.0010   -0.0015   -0.0018   -0.0021
 AT.   5 O  X    -0.0490    0.0699   -0.0377   -0.0302    0.0186   -0.0325
            Y     0.0362   -0.0538    0.0280    0.0291   -0.0210    0.0230
            Z     0.0013   -0.0007    0.0000   -0.0019    0.0005    0.0031
 AT.   6 O  X    -0.0051   -0.0111   -0.0059    0.0072    0.0110    0.0125
            Y    -0.0367   -0.0863   -0.0295    0.0277    0.0238    0.0532
            Z     0.0008    0.0024    0.0013    0.0011   -0.0013   -0.0033
 AT.   7 O  X    -0.0939   -0.0001    0.0594   -0.0279   -0.0372    0.0039
            Y    -0.0384   -0.0011    0.0208   -0.0195   -0.0080   -0.0094
            Z    -0.0016    0.0009    0.0039    0.0011    0.0018    0.0003
 AT.   8 O  X    -0.0700   -0.0501   -0.0366    0.0135   -0.0001    0.0211
            Y     0.0542    0.0384    0.0198   -0.0192   -0.0098   -0.0095
            Z     0.0030    0.0011   -0.0024   -0.0012    0.0011   -0.0020
 AT.   9 O  X     0.0110   -0.0063    0.0075    0.0063    0.0113   -0.0106
            Y     0.0883   -0.0401   -0.0083    0.0599    0.0059   -0.0586
            Z    -0.0011    0.0009    0.0022   -0.0000   -0.0024    0.0028
 AT.  10 O  X    -0.0012   -0.0926    0.0080    0.0281   -0.0182   -0.0216
            Y    -0.0000   -0.0388    0.0077    0.0091    0.0022    0.0021
            Z     0.0008   -0.0026    0.0001   -0.0014    0.0009   -0.0008


  DISPERSION K POINT NUMBER     7 COORD:  C(  0  2  0 )    WEIGHT:    1.

    MODES         EIGV          FREQUENCIES     IRREP
             (HARTREE**2)   (CM**-1)     (THZ)
    1-   1    0.4408E-07     46.0784    1.3814  (  1)
    2-   2    0.3298E-06    126.0420    3.7786  (  1)
    3-   3    0.3544E-06    130.6530    3.9169  (  1)
    4-   4    0.4344E-06    144.6588    4.3368  (  1)
    5-   5    0.4946E-06    154.3536    4.6274  (  1)
    6-   6    0.9367E-06    212.4182    6.3681  (  1)
    7-   7    0.1059E-05    225.8713    6.7714  (  1)
    8-   8    0.1268E-05    247.1430    7.4092  (  1)
    9-   9    0.1384E-05    258.1649    7.7396  (  1)
   10-  10    0.1703E-05    286.4442    8.5874  (  1)
   11-  11    0.2100E-05    318.0295    9.5343  (  1)
   12-  12    0.2399E-05    339.9565   10.1916  (  1)
   13-  13    0.2871E-05    371.8556   11.1479  (  1)
   14-  14    0.3104E-05    386.6574   11.5917  (  1)
   15-  15    0.3814E-05    428.6233   12.8498  (  1)
   16-  16    0.4287E-05    454.4484   13.6240  (  1)
   17-  17    0.4381E-05    459.4024   13.7725  (  1)
   18-  18    0.4916E-05    486.6346   14.5889  (  1)
   19-  19    0.1164E-04    748.6852   22.4450  (  1)
   20-  20    0.1196E-04    758.9880   22.7539  (  1)
   21-  21    0.1207E-04    762.4279   22.8570  (  1)
   22-  22    0.1234E-04    770.9978   23.1139  (  1)
   23-  23    0.1628E-04    885.6109   26.5499  (  1)
   24-  24    0.1644E-04    889.8646   26.6775  (  1)
   25-  25    0.2841E-04   1169.9147   35.0732  (  1)
   26-  26    0.2852E-04   1172.0161   35.1362  (  1)
   27-  27    0.4931E-04   1541.0992   46.2010  (  1)
   28-  28    0.5054E-04   1560.2053   46.7738  (  1)
   29-  29    0.5245E-04   1589.5121   47.6524  (  1)
   30-  30    0.5733E-04   1661.8266   49.8203  (  1)

 MODES IN PHASE

 FREQ(CM**-1)     46.08    126.04    130.65    144.66    154.35    212.42

 AT.   1 CA X     0.0274   -0.0153    0.0492    0.0148    0.0858   -0.0163
            Y     0.0105   -0.0228    0.0639   -0.0462   -0.0415    0.0042
            Z     0.0075   -0.0122   -0.0358   -0.0834    0.0474    0.0218
 AT.   2 MG X     0.0019   -0.0048   -0.0006   -0.0121    0.0159    0.0316
            Y     0.0016   -0.0019   -0.0008    0.0297    0.0232    0.0167
            Z     0.0036    0.0005    0.0011   -0.0148    0.0229   -0.0096
 AT.   3 C  X     0.0022   -0.0096    0.0335   -0.0436    0.0090   -0.0204
            Y     0.0111    0.0045    0.0278    0.0149    0.0036    0.0416
            Z     0.0283   -0.0404   -0.0043    0.0030    0.0071    0.0191
 AT.   4 C  X     0.0303    0.0267    0.0324   -0.0494    0.0002    0.0177
            Y     0.0071    0.0230    0.0362    0.0238    0.0115   -0.0110
            Z     0.0534   -0.0197   -0.0245    0.0099    0.0205    0.0031
 AT.   5 O  X    -0.0062    0.0230    0.0257   -0.0599    0.0374   -0.0303
            Y    -0.0011    0.0504    0.0177   -0.0135    0.0359    0.0241
            Z     0.0561   -0.0845   -0.0094    0.0132    0.0246   -0.0036
 AT.   6 O  X     0.0654    0.0584    0.0029    0.0522    0.0419   -0.0127
            Y    -0.0097    0.0125    0.0104   -0.0252   -0.0178   -0.0141
            Z     0.0690    0.0344   -0.0476   -0.0250   -0.0064    0.0231
 AT.   7 O  X    -0.0029    0.0075    0.0271   -0.0501    0.0244   -0.0335
            Y     0.0219   -0.0350    0.0420    0.0308   -0.0414    0.0652
            Z     0.0208   -0.0177   -0.0209    0.0173    0.0160    0.1139
 AT.   8 O  X     0.0068    0.0359    0.0210   -0.0556    0.0318    0.0237
            Y    -0.0260    0.0366    0.0203    0.0072    0.0442   -0.0018
            Z     0.0475   -0.0880    0.0010    0.0061    0.0306    0.0013
 AT.   9 O  X     0.0039    0.0337   -0.0381    0.0472    0.0141   -0.0235
            Y    -0.0102   -0.0161   -0.0264   -0.0233   -0.0133    0.0360
            Z     0.0016    0.0225   -0.0255   -0.0369   -0.0388   -0.0531
 AT.  10 O  X     0.0158    0.0304    0.0269   -0.0468    0.0177    0.0191
            Y     0.0422    0.0135    0.0489    0.0201   -0.0356   -0.0060
            Z     0.0507    0.0097   -0.0438    0.0183    0.0197   -0.0011

 FREQ(CM**-1)    225.87    247.14    258.16    286.44    318.03    339.96

 AT.   1 CA X    -0.0009   -0.0195   -0.0102   -0.0065    0.0098   -0.0337
            Y    -0.0003    0.0150   -0.0774   -0.0016    0.0267    0.0003
            Z    -0.0004    0.0068   -0.0206    0.0216   -0.0160    0.0043
 AT.   2 MG X    -0.0531   -0.0123    0.0254   -0.0047   -0.0355    0.0379
            Y    -0.0148    0.0152   -0.0137   -0.0006    0.0285    0.0819
            Z     0.0246    0.0392   -0.0051    0.0509   -0.0104    0.0498
 AT.   3 C  X    -0.0488   -0.0018    0.0404   -0.0070   -0.0195    0.0165
            Y    -0.0514    0.0180   -0.0116   -0.0014    0.0122   -0.0322
            Z     0.0277   -0.0089    0.0209   -0.0045   -0.0455   -0.0285
 AT.   4 C  X     0.0481   -0.0234    0.0402    0.0083    0.0145    0.0044
            Y     0.0496    0.0443   -0.0105    0.0005   -0.0342    0.0309
            Z    -0.0281    0.0208    0.0217    0.0053    0.0234    0.0031
 AT.   5 O  X    -0.0609    0.0161    0.0285    0.0095   -0.0244   -0.0115
            Y    -0.0646    0.0400   -0.0318    0.0233    0.0027   -0.0617
            Z     0.0474   -0.0470   -0.0264   -0.0800   -0.0507   -0.0050
 AT.   6 O  X     0.0134   -0.0047   -0.0547    0.0406   -0.0119   -0.0245
            Y     0.0119   -0.0414   -0.0068    0.0012   -0.0366    0.0001
            Z    -0.0403    0.0174   -0.0722   -0.0129   -0.0352    0.0563
 AT.   7 O  X    -0.0598    0.0047    0.0323   -0.0062   -0.0280    0.0044
            Y    -0.0274    0.0079    0.0114   -0.0049    0.0323   -0.0083
            Z     0.0168    0.0169    0.0384    0.0895   -0.0250   -0.0161
 AT.   8 O  X     0.0590   -0.0367    0.0277   -0.0100    0.0162    0.0211
            Y     0.0611    0.0261   -0.0318   -0.0292   -0.0266    0.0524
            Z    -0.0436    0.0012   -0.0275    0.0882    0.0364    0.0399
 AT.   9 O  X    -0.0108   -0.0293   -0.0512   -0.0179    0.0238    0.0218
            Y    -0.0060   -0.0110   -0.0082   -0.0030    0.0202   -0.0273
            Z     0.0397    0.0168   -0.0713    0.0381    0.0637   -0.0490
 AT.  10 O  X     0.0587   -0.0359    0.0315    0.0027    0.0159    0.0199
            Y     0.0262    0.0839    0.0139    0.0163   -0.0433    0.0093
            Z    -0.0177    0.0863    0.0387   -0.0649    0.0555   -0.0256

 FREQ(CM**-1)    371.86    386.66    428.62    454.45    459.40    486.63

 AT.   1 CA X    -0.0476    0.0235    0.0140    0.0043    0.0151    0.0027
            Y     0.0086    0.0077   -0.0617   -0.0110   -0.0081    0.0066
            Z     0.0155    0.0664    0.0068    0.0006   -0.0015   -0.0061
 AT.   2 MG X     0.0252    0.0001   -0.0021   -0.0793    0.1029   -0.0605
            Y     0.0029   -0.0013   -0.0014   -0.0328    0.0555    0.1425
            Z     0.0137    0.0013   -0.0130    0.1198    0.0676   -0.0189
 AT.   3 C  X    -0.0187   -0.0339    0.0022    0.0246   -0.0359    0.0178
            Y     0.0319    0.0026    0.0435    0.0170    0.0243   -0.0214
            Z     0.0315   -0.0196   -0.0404   -0.0161    0.0035    0.0355
 AT.   4 C  X    -0.0219   -0.0111   -0.0005   -0.0093    0.0195   -0.0100
            Y     0.0305   -0.0187    0.0410   -0.0134   -0.0245   -0.0121
            Z     0.0275   -0.0320   -0.0174   -0.0204   -0.0181   -0.0307
 AT.   5 O  X    -0.0088   -0.0515   -0.0185    0.0105   -0.0550    0.0416
            Y     0.0505   -0.0123    0.0002    0.0011    0.0061    0.0099
            Z     0.0358   -0.0426    0.0308    0.0383    0.0087    0.0314
 AT.   6 O  X     0.0165    0.0197   -0.0351   -0.0284   -0.0077   -0.0088
            Y    -0.0101   -0.0202   -0.0131    0.0083    0.0046    0.0323
            Z    -0.0774   -0.0378    0.0605    0.0279   -0.0110   -0.0034
 AT.   7 O  X    -0.0016   -0.0491    0.0032    0.0174   -0.0295    0.0151
            Y    -0.0081    0.0289    0.0566    0.0570    0.0018   -0.0301
            Z    -0.0428   -0.0530   -0.0674   -0.0186   -0.0505    0.0389
 AT.   8 O  X    -0.0119   -0.0301   -0.0064   -0.0126    0.0242   -0.0224
            Y     0.0494   -0.0398    0.0152   -0.0199   -0.0239   -0.0223
            Z     0.0235   -0.0637    0.0360   -0.0442   -0.0337   -0.0509
 AT.   9 O  X     0.0101   -0.0137   -0.0360    0.0145   -0.0253   -0.0262
            Y    -0.0041    0.0049   -0.0293    0.0247    0.0216   -0.0038
            Z    -0.0692   -0.0463    0.0698   -0.0442    0.0439    0.0084
 AT.  10 O  X    -0.0058   -0.0332    0.0064   -0.0113    0.0105   -0.0134
            Y    -0.0063    0.0216    0.0379   -0.0104    0.0019    0.0022
            Z    -0.0454   -0.0136   -0.0439    0.0003    0.0383   -0.0103

 FREQ(CM**-1)    748.69    758.99    762.43    771.00    885.61    889.86

 AT.   1 CA X    -0.0025    0.0016    0.0019    0.0051    0.0001    0.0005
            Y    -0.0107    0.0012    0.0008   -0.0064    0.0018    0.0004
            Z    -0.0036   -0.0003   -0.0037   -0.0051   -0.0002   -0.0006
 AT.   2 MG X    -0.0052   -0.0308    0.0039    0.0096   -0.0019    0.0030
            Y     0.0019   -0.0074   -0.0131   -0.0160    0.0005    0.0027
            Z     0.0017   -0.0076   -0.0005   -0.0193    0.0039    0.0014
 AT.   3 C  X    -0.0001    0.0155   -0.0245    0.0201    0.0011    0.0027
            Y    -0.0292    0.0494   -0.0026   -0.0099   -0.0013    0.0014
            Z    -0.0019   -0.0011   -0.0005    0.0101    0.1787   -0.1206
 AT.   4 C  X     0.0065   -0.0156   -0.0268   -0.0191    0.0040   -0.0010
            Y    -0.0498   -0.0327   -0.0006   -0.0073    0.0006   -0.0000
            Z    -0.0018    0.0010    0.0024    0.0062    0.1220    0.1765
 AT.   5 O  X     0.0500   -0.0779   -0.0010    0.0285   -0.0075    0.0038
            Y     0.0120   -0.0556    0.0401   -0.0296   -0.0046    0.0027
            Z     0.0087   -0.0114    0.0087   -0.0029   -0.0475    0.0371
 AT.   6 O  X     0.0488   -0.0196   -0.1029   -0.0520    0.0004    0.0004
            Y     0.0704   -0.0522    0.0355    0.0206    0.0015    0.0013
            Z    -0.0060    0.0059    0.0182    0.0080    0.0261    0.0170
 AT.   7 O  X    -0.0333    0.0784   -0.0223    0.0022   -0.0012    0.0001
            Y     0.0518   -0.0659   -0.0254    0.0487    0.0055   -0.0035
            Z    -0.0120    0.0191    0.0011   -0.0118   -0.0478    0.0344
 AT.   8 O  X     0.0877    0.0481    0.0053    0.0151   -0.0049   -0.0055
            Y     0.0190    0.0443    0.0448    0.0404   -0.0054   -0.0047
            Z     0.0115    0.0066    0.0089    0.0070   -0.0311   -0.0515
 AT.   9 O  X     0.0368    0.0116    0.0587   -0.1033    0.0079   -0.0056
            Y     0.0512    0.0754   -0.0187    0.0146    0.0002    0.0003
            Z    -0.0041   -0.0059   -0.0127    0.0194   -0.0128    0.0225
 AT.  10 O  X    -0.0549   -0.0577   -0.0302   -0.0302   -0.0007   -0.0010
            Y     0.0913    0.0359   -0.0170   -0.0084    0.0061    0.0064
            Z    -0.0183   -0.0103   -0.0029   -0.0038   -0.0331   -0.0506

 FREQ(CM**-1)   1169.91   1172.02   1541.10   1560.21   1589.51   1661.83

 AT.   1 CA X     0.0034   -0.0002   -0.0031   -0.0002   -0.0002   -0.0021
            Y    -0.0026    0.0002   -0.0019   -0.0000    0.0006    0.0049
            Z     0.0024    0.0003    0.0014    0.0001    0.0005    0.0022
 AT.   2 MG X     0.0003   -0.0030   -0.0015    0.0055    0.0041   -0.0030
            Y    -0.0013    0.0124   -0.0005    0.0025   -0.0051    0.0031
            Z    -0.0045   -0.0051   -0.0003    0.0023   -0.0041    0.0017
 AT.   3 C  X    -0.0006    0.0004    0.1353   -0.1586    0.0552   -0.0892
            Y     0.0013   -0.0049    0.1066   -0.0639   -0.1340    0.1428
            Z    -0.0013   -0.0003   -0.0026   -0.0029   -0.0008    0.0018
 AT.   4 C  X    -0.0011   -0.0007    0.1344    0.1549   -0.0794   -0.0849
            Y     0.0015    0.0044    0.1085    0.0697    0.1496    0.1003
            Z    -0.0012    0.0002   -0.0027    0.0024    0.0008    0.0011
 AT.   5 O  X    -0.0780   -0.0811   -0.0200    0.0364   -0.0385    0.0525
            Y     0.0581    0.0626    0.0051   -0.0170    0.0342   -0.0489
            Z     0.0015    0.0025    0.0003    0.0011   -0.0017   -0.0035
 AT.   6 O  X     0.0104    0.0077    0.0072   -0.0036   -0.0005    0.0002
            Y     0.0721    0.0494    0.0338   -0.0066   -0.0092    0.0220
            Z    -0.0008   -0.0015    0.0005    0.0011   -0.0018   -0.0019
 AT.   7 O  X     0.0913    0.0947   -0.0656    0.0671   -0.0044    0.0177
            Y     0.0377    0.0393   -0.0284    0.0272    0.0104   -0.0087
            Z     0.0028    0.0013    0.0014    0.0029    0.0006    0.0003
 AT.   8 O  X    -0.0805    0.0785   -0.0192   -0.0348    0.0483    0.0442
            Y     0.0606   -0.0603    0.0045    0.0152   -0.0428   -0.0399
            Z     0.0016   -0.0025    0.0003   -0.0013    0.0010   -0.0040
 AT.   9 O  X     0.0073   -0.0108    0.0062    0.0076    0.0012   -0.0001
            Y     0.0513   -0.0699    0.0299    0.0183    0.0360   -0.0194
            Z    -0.0005    0.0021    0.0005   -0.0017    0.0019   -0.0023
 AT.  10 O  X     0.0944   -0.0914   -0.0655   -0.0661    0.0117    0.0211
            Y     0.0393   -0.0375   -0.0284   -0.0278   -0.0093   -0.0037
            Z     0.0029   -0.0013    0.0015   -0.0021    0.0001    0.0010

 MODES IN ANTI-PHASE

 FREQ(CM**-1)     46.08    126.04    130.65    144.66    154.35    212.42

 AT.   1 CA X    -0.0127    0.0125   -0.0302    0.0041    0.0307   -0.0182
            Y    -0.0049    0.0186   -0.0392   -0.0127   -0.0149    0.0046
            Z    -0.0035    0.0100    0.0219   -0.0229    0.0169    0.0244
 AT.   2 MG X    -0.0215   -0.0292   -0.0228    0.0119   -0.0135   -0.0066
            Y    -0.0179   -0.0117   -0.0296   -0.0293   -0.0197   -0.0035
            Z    -0.0414    0.0033    0.0423    0.0146   -0.0194    0.0020
 AT.   3 C  X    -0.0377   -0.0292   -0.0193   -0.0233   -0.0106    0.0155
            Y     0.0000   -0.0225   -0.0264    0.0214    0.0137   -0.0065
            Z    -0.0459    0.0119    0.0253    0.0144    0.0236    0.0052
 AT.   4 C  X     0.0226    0.0152   -0.0211   -0.0023    0.0139   -0.0186
            Y    -0.0085    0.0000   -0.0128   -0.0107   -0.0083    0.0406
            Z     0.0079    0.0372   -0.0076   -0.0109   -0.0138    0.0196
 AT.   5 O  X    -0.0141   -0.0319   -0.0106   -0.0081    0.0046    0.0205
            Y     0.0330   -0.0271   -0.0137    0.0368    0.0259    0.0008
            Z    -0.0149    0.0726   -0.0059   -0.0103    0.0183    0.0009
 AT.   6 O  X     0.0499   -0.0225    0.0442    0.0047   -0.0288   -0.0250
            Y     0.0052    0.0190    0.0349   -0.0032    0.0007    0.0347
            Z     0.0560   -0.0160    0.0044   -0.0301   -0.0534   -0.0508
 AT.   7 O  X    -0.0230   -0.0294   -0.0164   -0.0074   -0.0018    0.0154
            Y    -0.0368   -0.0209   -0.0336   -0.0124   -0.0057    0.0012
            Z    -0.0487   -0.0135    0.0385    0.0066    0.0116    0.0116
 AT.   8 O  X     0.0139   -0.0162   -0.0181   -0.0237    0.0201   -0.0278
            Y    -0.0203   -0.0440   -0.0096   -0.0386    0.0027    0.0240
            Z    -0.0334    0.0683    0.0110    0.0156    0.0015   -0.0035
 AT.   9 O  X    -0.0821   -0.0528   -0.0226    0.0227    0.0489   -0.0154
            Y     0.0041   -0.0160   -0.0251   -0.0102   -0.0118   -0.0101
            Z    -0.0888   -0.0305    0.0404    0.0131    0.0372    0.0173
 AT.  10 O  X     0.0170   -0.0015   -0.0167   -0.0193    0.0169   -0.0316
            Y     0.0069    0.0385   -0.0222    0.0264   -0.0218    0.0649
            Z     0.0155    0.0201    0.0012    0.0032    0.0012    0.1144

 FREQ(CM**-1)    225.87    247.14    258.16    286.44    318.03    339.96

 AT.   1 CA X     0.0173   -0.0144   -0.0003    0.0158   -0.0157   -0.0617
            Y     0.0053    0.0111   -0.0025    0.0039   -0.0426    0.0006
            Z     0.0070    0.0050   -0.0007   -0.0523    0.0256    0.0079
 AT.   2 MG X    -0.0346    0.0053   -0.0409   -0.0061   -0.0671    0.0009
            Y    -0.0096   -0.0066    0.0220   -0.0007    0.0538    0.0019
            Z     0.0161   -0.0170    0.0082    0.0662   -0.0197    0.0012
 AT.   3 C  X     0.0036   -0.0239   -0.0030   -0.0046   -0.0067    0.0157
            Y     0.0140    0.0408    0.0165    0.0007    0.0321    0.0161
            Z     0.0048    0.0244    0.0140   -0.0031   -0.0039   -0.0146
 AT.   4 C  X     0.0088    0.0052    0.0056    0.0017    0.0147    0.0224
            Y     0.0195    0.0053   -0.0172    0.0015    0.0030   -0.0184
            Z     0.0018   -0.0156   -0.0127    0.0010    0.0393   -0.0319
 AT.   5 O  X     0.0137   -0.0433   -0.0118    0.0047   -0.0062    0.0177
            Y     0.0288    0.0151   -0.0012    0.0179    0.0283    0.0228
            Z    -0.0325    0.0156   -0.0174   -0.0447   -0.0159    0.0442
 AT.   6 O  X    -0.0233   -0.0292    0.0515   -0.0155   -0.0206    0.0101
            Y    -0.0534    0.0011   -0.0214    0.0030   -0.0047   -0.0323
            Z     0.0032    0.0122    0.0111   -0.0410   -0.0537   -0.0221
 AT.   7 O  X     0.0070   -0.0390   -0.0110    0.0024   -0.0041    0.0264
            Y     0.0093    0.0853    0.0391   -0.0183    0.0324    0.0057
            Z     0.0093    0.0850    0.0059    0.0021   -0.0495   -0.0407
 AT.   8 O  X     0.0202    0.0280    0.0137   -0.0034    0.0193   -0.0002
            Y     0.0356    0.0338   -0.0009   -0.0038    0.0099   -0.0396
            Z    -0.0374   -0.0495    0.0157    0.0248    0.0387    0.0197
 AT.   9 O  X    -0.0246    0.0040   -0.0550   -0.0396    0.0018   -0.0152
            Y    -0.0544   -0.0400    0.0209    0.0013    0.0309   -0.0173
            Z     0.0076    0.0131   -0.0158   -0.0199    0.0083    0.0355
 AT.  10 O  X     0.0134    0.0158    0.0131    0.0060    0.0235    0.0180
            Y     0.0122   -0.0174   -0.0382   -0.0095   -0.0149   -0.0039
            Z     0.0075   -0.0087   -0.0034   -0.0616    0.0010   -0.0355

 FREQ(CM**-1)    371.86    386.66    428.62    454.45    459.40    486.63

 AT.   1 CA X    -0.0039   -0.0163   -0.0035    0.0046    0.0311    0.0044
            Y     0.0007   -0.0054    0.0156   -0.0115   -0.0166    0.0110
            Z     0.0013   -0.0461   -0.0017    0.0006   -0.0030   -0.0102
 AT.   2 MG X    -0.0364    0.0018    0.0073    0.0192    0.0074    0.0010
            Y    -0.0042   -0.0155    0.0048    0.0080    0.0040   -0.0023
            Z    -0.0198    0.0152    0.0458   -0.0291    0.0048    0.0003
 AT.   3 C  X    -0.0209   -0.0008    0.0050   -0.0082   -0.0034   -0.0019
            Y    -0.0057    0.0209   -0.0058   -0.0126   -0.0121   -0.0252
            Z    -0.0217    0.0268   -0.0380   -0.0212   -0.0202   -0.0159
 AT.   4 C  X     0.0176    0.0320   -0.0055    0.0241   -0.0303    0.0148
            Y     0.0108   -0.0097   -0.0156    0.0164    0.0116   -0.0307
            Z     0.0266    0.0090    0.0526   -0.0171   -0.0098    0.0238
 AT.   5 O  X    -0.0197    0.0130   -0.0207   -0.0121   -0.0125   -0.0032
            Y    -0.0026    0.0378   -0.0315   -0.0199   -0.0256   -0.0199
            Z    -0.0723    0.0522   -0.0188   -0.0424   -0.0360   -0.0410
 AT.   6 O  X    -0.0380    0.0220    0.0108    0.0131   -0.0383   -0.0344
            Y     0.0358   -0.0128    0.0375    0.0251    0.0311    0.0129
            Z     0.0440    0.0353   -0.0349   -0.0429    0.0472    0.0077
 AT.   7 O  X    -0.0262    0.0171   -0.0075   -0.0105   -0.0098   -0.0071
            Y     0.0104   -0.0123    0.0249   -0.0077    0.0038   -0.0136
            Z    -0.0195   -0.0053   -0.0322   -0.0006    0.0090    0.0092
 AT.   8 O  X     0.0180    0.0437    0.0270    0.0099   -0.0510    0.0352
            Y     0.0108   -0.0017    0.0276    0.0002   -0.0110   -0.0007
            Z     0.0771    0.0217    0.0019    0.0362   -0.0154    0.0084
 AT.   9 O  X     0.0402   -0.0261    0.0072   -0.0277   -0.0298   -0.0240
            Y    -0.0369    0.0234   -0.0268    0.0095    0.0228    0.0346
            Z    -0.0560    0.0231    0.0019    0.0259    0.0205    0.0006
 AT.  10 O  X     0.0256    0.0401    0.0050    0.0168   -0.0292    0.0099
            Y    -0.0115   -0.0228   -0.0488    0.0565    0.0038   -0.0330
            Z     0.0122    0.0515    0.0604   -0.0186   -0.0341    0.0387

 FREQ(CM**-1)    748.69    758.99    762.43    771.00    885.61    889.86

 AT.   1 CA X    -0.0009    0.0049    0.0039    0.0022    0.0000    0.0011
            Y    -0.0039    0.0037    0.0016   -0.0028    0.0008    0.0010
            Z    -0.0013   -0.0010   -0.0076   -0.0022   -0.0001   -0.0013
 AT.   2 MG X     0.0044   -0.0065    0.0003   -0.0071    0.0014    0.0003
            Y    -0.0016   -0.0016   -0.0010    0.0118   -0.0004    0.0003
            Z    -0.0014   -0.0016   -0.0000    0.0142   -0.0029    0.0002
 AT.   3 C  X     0.0102   -0.0052   -0.0538   -0.0446    0.0044    0.0012
            Y    -0.0426    0.0122   -0.0028   -0.0007    0.0020    0.0013
            Z    -0.0005    0.0002    0.0027   -0.0008   -0.0003    0.1289
 AT.   4 C  X    -0.0078    0.0049   -0.0527    0.0450   -0.0022    0.0028
            Y     0.0137    0.0390   -0.0038   -0.0068   -0.0023    0.0019
            Z    -0.0009   -0.0005    0.0013    0.0079    0.1306    0.0001
 AT.   5 O  X     0.0767   -0.0253    0.0059   -0.0057    0.0004   -0.0039
            Y     0.0152   -0.0011    0.0893    0.0822   -0.0032   -0.0039
            Z     0.0076   -0.0044    0.0183    0.0123    0.0020   -0.0358
 AT.   6 O  X    -0.0008   -0.0072   -0.0070   -0.0925    0.0105   -0.0074
            Y    -0.0041    0.0563    0.0044    0.0009   -0.0011    0.0016
            Z     0.0007   -0.0020   -0.0017    0.0191   -0.0421    0.0467
 AT.   7 O  X    -0.0458    0.0095   -0.0564   -0.0431    0.0002   -0.0013
            Y     0.0802   -0.0296   -0.0420   -0.0564    0.0032    0.0054
            Z    -0.0142    0.0087   -0.0028    0.0057   -0.0006   -0.0371
 AT.   8 O  X    -0.0263   -0.0663    0.0029    0.0248   -0.0057    0.0001
            Y    -0.0039   -0.0336    0.0870   -0.0775   -0.0012   -0.0007
            Z    -0.0002   -0.0102    0.0183   -0.0105   -0.0360    0.0025
 AT.   9 O  X     0.0321   -0.0174   -0.0847    0.0246   -0.0069   -0.0048
            Y     0.0485    0.0148    0.0305    0.0146    0.0018    0.0021
            Z    -0.0044    0.0019    0.0132   -0.0071    0.0479    0.0444
 AT.  10 O  X     0.0136    0.0538   -0.0526    0.0308   -0.0010   -0.0008
            Y    -0.0279   -0.0628   -0.0460    0.0740    0.0019    0.0011
            Z     0.0032    0.0183   -0.0009   -0.0125   -0.0345   -0.0003

 FREQ(CM**-1)   1169.91   1172.02   1541.10   1560.21   1589.51   1661.83

 AT.   1 CA X     0.0005   -0.0015   -0.0002   -0.0011   -0.0010   -0.0008
            Y    -0.0003    0.0012   -0.0001   -0.0000    0.0025    0.0018
            Z     0.0003    0.0020    0.0001    0.0005    0.0020    0.0008
 AT.   2 MG X    -0.0004   -0.0013    0.0023    0.0020    0.0012    0.0024
            Y     0.0017    0.0051    0.0007    0.0009   -0.0015   -0.0026
            Z     0.0059   -0.0021    0.0005    0.0009   -0.0012   -0.0014
 AT.   3 C  X    -0.0018   -0.0012   -0.0034    0.0171   -0.0672   -0.0269
            Y     0.0009   -0.0012    0.0252    0.0284    0.0665   -0.0113
            Z    -0.0000   -0.0001   -0.0016   -0.0010    0.0002   -0.0004
 AT.   4 C  X     0.0016   -0.0011    0.0165   -0.0381   -0.0354   -0.0383
            Y    -0.0006   -0.0024   -0.0148    0.0048   -0.0004    0.1022
            Z    -0.0003   -0.0002    0.0013   -0.0020   -0.0002    0.0015
 AT.   5 O  X    -0.0200    0.0005    0.0068   -0.0015    0.0312    0.0071
            Y     0.0170    0.0006   -0.0062   -0.0024   -0.0274   -0.0046
            Z     0.0007   -0.0002   -0.0002   -0.0008   -0.0012   -0.0021
 AT.   6 O  X    -0.0108   -0.0130   -0.0102    0.0123    0.0016   -0.0003
            Y    -0.0716   -0.0858   -0.0394    0.0354    0.0620   -0.0549
            Z     0.0013    0.0024    0.0005   -0.0020    0.0007   -0.0012
 AT.   7 O  X     0.0241    0.0004   -0.0026   -0.0088    0.0173    0.0119
            Y     0.0109    0.0016   -0.0019   -0.0064    0.0001    0.0044
            Z     0.0011   -0.0003    0.0021    0.0018    0.0012    0.0011
 AT.   8 O  X    -0.0007   -0.0205   -0.0087    0.0110    0.0107    0.0291
            Y    -0.0015    0.0167    0.0066   -0.0081   -0.0092   -0.0286
            Z    -0.0003    0.0004    0.0002   -0.0004   -0.0018   -0.0007
 AT.   9 O  X     0.0131   -0.0106    0.0108    0.0103    0.0012    0.0004
            Y     0.0877   -0.0701    0.0425    0.0310    0.0513    0.0559
            Z    -0.0014    0.0019   -0.0004   -0.0015   -0.0002   -0.0003
 AT.  10 O  X     0.0002    0.0249   -0.0037    0.0147    0.0135    0.0027
            Y    -0.0008    0.0117   -0.0009    0.0033    0.0048   -0.0090
            Z    -0.0003    0.0000   -0.0019    0.0027    0.0013   -0.0006


  DISPERSION K POINT NUMBER     8 COORD:  C(  0  2  1 )    WEIGHT:    1.

    MODES         EIGV          FREQUENCIES     IRREP
             (HARTREE**2)   (CM**-1)     (THZ)
    1-   1    0.1549E-06     86.3786    2.5896  (  1)
    2-   2    0.3290E-06    125.8911    3.7741  (  1)
    3-   3    0.4931E-06    154.1162    4.6203  (  1)
    4-   4    0.5573E-06    163.8442    4.9119  (  1)
    5-   5    0.5766E-06    166.6517    4.9961  (  1)
    6-   6    0.8447E-06    201.7136    6.0472  (  1)
    7-   7    0.1092E-05    229.3136    6.8746  (  1)
    8-   8    0.1428E-05    262.2959    7.8634  (  1)
    9-   9    0.1482E-05    267.2236    8.0112  (  1)
   10-  10    0.1765E-05    291.6204    8.7426  (  1)
   11-  11    0.2317E-05    334.0761   10.0153  (  1)
   12-  12    0.2394E-05    339.5521   10.1795  (  1)
   13-  13    0.2873E-05    372.0041   11.1524  (  1)
   14-  14    0.3063E-05    384.1404   11.5162  (  1)
   15-  15    0.3430E-05    406.4563   12.1853  (  1)
   16-  16    0.4210E-05    450.2999   13.4997  (  1)
   17-  17    0.4570E-05    469.1682   14.0653  (  1)
   18-  18    0.4647E-05    473.1087   14.1834  (  1)
   19-  19    0.1167E-04    749.6415   22.4737  (  1)
   20-  20    0.1190E-04    757.1277   22.6981  (  1)
   21-  21    0.1197E-04    759.4336   22.7672  (  1)
   22-  22    0.1203E-04    761.1732   22.8194  (  1)
   23-  23    0.1634E-04    887.2732   26.5998  (  1)
   24-  24    0.1635E-04    887.3474   26.6020  (  1)
   25-  25    0.2842E-04   1170.0668   35.0777  (  1)
   26-  26    0.2842E-04   1170.0952   35.0786  (  1)
   27-  27    0.4992E-04   1550.7090   46.4891  (  1)
   28-  28    0.5063E-04   1561.6539   46.8172  (  1)
   29-  29    0.5362E-04   1607.1382   48.1808  (  1)
   30-  30    0.5628E-04   1646.5647   49.3628  (  1)

 MODES IN PHASE

 FREQ(CM**-1)     86.38    125.89    154.12    163.84    166.65    201.71

 AT.   1 CA X    -0.0329    0.0213    0.0802    0.0504    0.0439    0.0164
            Y     0.0343    0.0828    0.0282   -0.0114   -0.0339    0.0289
            Z     0.0071    0.0094   -0.0183    0.0925   -0.0367   -0.0323
 AT.   2 MG X    -0.0152   -0.0012    0.0417    0.0172    0.0181    0.0133
            Y    -0.0058   -0.0408   -0.0158   -0.0024    0.0223   -0.0028
            Z     0.0445    0.0124    0.0293   -0.0217   -0.0042   -0.0377
 AT.   3 C  X     0.0044    0.0092    0.0351    0.0288   -0.0293   -0.0044
            Y     0.0044   -0.0050    0.0143   -0.0049    0.0225   -0.0249
            Z     0.0091    0.0046    0.0118    0.0252    0.0582    0.0001
 AT.   4 C  X    -0.0045    0.0200   -0.0216   -0.0265   -0.0281    0.0028
            Y     0.0118    0.0137    0.0182   -0.0256    0.0164   -0.0111
            Z    -0.0150    0.0139   -0.0302    0.0013    0.0473   -0.0174
 AT.   5 O  X    -0.0202    0.0197    0.0585    0.0264   -0.0452   -0.0110
            Y    -0.0261    0.0106    0.0471   -0.0083   -0.0049   -0.0304
            Z     0.0316    0.0241   -0.0309    0.0716    0.0500    0.0243
 AT.   6 O  X     0.0202   -0.0702    0.0404    0.0051    0.0097    0.0118
            Y    -0.0134   -0.0035   -0.0358    0.0269   -0.0122   -0.0108
            Z     0.0950   -0.0210    0.0195    0.0103   -0.0384    0.0074
 AT.   7 O  X     0.0033   -0.0036   -0.0204   -0.0291    0.0150    0.0226
            Y    -0.0283    0.0694    0.0128   -0.0186   -0.0272    0.0274
            Z    -0.0576    0.0067   -0.0345    0.0407   -0.0434    0.0117
 AT.   8 O  X    -0.0028    0.0200    0.0580    0.0293   -0.0056   -0.0271
            Y    -0.0355    0.0115    0.0441   -0.0025   -0.0037   -0.0389
            Z    -0.0096    0.0236   -0.0288    0.0654   -0.0009    0.0785
 AT.   9 O  X    -0.0526   -0.0689    0.0391    0.0006    0.0102   -0.0016
            Y     0.0054   -0.0034   -0.0357    0.0246   -0.0197    0.0379
            Z     0.0044   -0.0197    0.0172    0.0041   -0.0385   -0.0483
 AT.  10 O  X    -0.0109   -0.0034   -0.0175   -0.0263   -0.0311    0.0024
            Y     0.0282    0.0699    0.0119   -0.0212    0.0310   -0.0151
            Z     0.0117    0.0073   -0.0333    0.0375    0.0506   -0.0575

 FREQ(CM**-1)    229.31    262.30    267.22    291.62    334.08    339.55

 AT.   1 CA X    -0.0040   -0.0009   -0.0094   -0.0047    0.0257   -0.0124
            Y    -0.0021   -0.0328   -0.0039    0.0030   -0.0117   -0.0225
            Z    -0.0271    0.0244   -0.0331   -0.0119   -0.0059   -0.0153
 AT.   2 MG X    -0.0036   -0.0078    0.0398   -0.0190   -0.0480    0.0118
            Y     0.0255    0.0395    0.0092   -0.0139   -0.0021   -0.0353
            Z     0.0187    0.0342    0.0214   -0.0353    0.0141    0.0115
 AT.   3 C  X     0.0326    0.0329    0.0183   -0.0034   -0.0305   -0.0286
            Y    -0.0454   -0.0299    0.0247    0.0234   -0.0118    0.0055
            Z    -0.0311    0.0005   -0.0102   -0.0136   -0.0004    0.0139
 AT.   4 C  X    -0.0119   -0.0031   -0.0360   -0.0052    0.0124   -0.0078
            Y     0.0459    0.0487   -0.0036    0.0210   -0.0235   -0.0183
            Z     0.0306    0.0155    0.0009   -0.0133    0.0116   -0.0262
 AT.   5 O  X     0.0520    0.0120    0.0160   -0.0273   -0.0208   -0.0210
            Y    -0.0178   -0.0539    0.0237   -0.0091    0.0033    0.0201
            Z    -0.0436    0.0140   -0.0697   -0.0523   -0.0579    0.0295
 AT.   6 O  X     0.0223   -0.0557   -0.0519    0.0114   -0.0023    0.0242
            Y     0.0335   -0.0151    0.0201    0.0103   -0.0215   -0.0160
            Z     0.0147   -0.0556   -0.0428    0.0319   -0.0038   -0.0301
 AT.   7 O  X    -0.0349    0.0246    0.0248   -0.0125    0.0265    0.0339
            Y     0.0148    0.0253   -0.0385   -0.0430    0.0096   -0.0101
            Z     0.0049    0.0370   -0.0426    0.0575   -0.0857    0.0259
 AT.   8 O  X    -0.0235    0.0261    0.0272    0.0398    0.0063    0.0257
            Y    -0.0111   -0.0342   -0.0462    0.0351    0.0087   -0.0040
            Z     0.0313    0.0050    0.0162    0.0126    0.0702    0.0128
 AT.   9 O  X     0.0152   -0.0420   -0.0056   -0.0552   -0.0219   -0.0333
            Y    -0.0292   -0.0294    0.0381   -0.0286   -0.0103    0.0068
            Z     0.0263   -0.0585   -0.0290   -0.0777    0.0222    0.0489
 AT.  10 O  X    -0.0270    0.0131   -0.0366   -0.0235    0.0137   -0.0277
            Y     0.0755    0.0191   -0.0052    0.0608   -0.0181    0.0289
            Z     0.0706    0.0370   -0.0241   -0.0145    0.0467    0.0045

 FREQ(CM**-1)    372.00    384.14    406.46    450.30    469.17    473.11

 AT.   1 CA X    -0.0090    0.0019   -0.0446    0.0282    0.0128   -0.0083
            Y     0.0151   -0.0449    0.0099    0.0327   -0.0119   -0.0142
            Z     0.0033    0.0498    0.0122   -0.0065    0.0011   -0.0300
 AT.   2 MG X     0.0031    0.0083    0.0244    0.0004    0.1228   -0.0776
            Y     0.0228    0.0051    0.0131    0.0220    0.0756    0.1165
            Z    -0.0141    0.0251    0.0253    0.1391   -0.0146   -0.0027
 AT.   3 C  X     0.0218   -0.0221    0.0299   -0.0200   -0.0008    0.0236
            Y     0.0023   -0.0211    0.0086    0.0164    0.0183    0.0028
            Z     0.0398    0.0139    0.0138   -0.0040   -0.0312    0.0328
 AT.   4 C  X     0.0087   -0.0026   -0.0157    0.0055    0.0214   -0.0115
            Y     0.0033    0.0114   -0.0315   -0.0267   -0.0046   -0.0170
            Z     0.0415   -0.0367   -0.0203    0.0021   -0.0173   -0.0412
 AT.   5 O  X     0.0432   -0.0192    0.0278   -0.0403   -0.0256    0.0489
            Y     0.0378   -0.0094    0.0038   -0.0008   -0.0062    0.0246
            Z     0.0402   -0.0475    0.0342    0.0020    0.0007    0.0494
 AT.   6 O  X    -0.0264   -0.0425    0.0256   -0.0006   -0.0374   -0.0240
            Y     0.0049   -0.0020   -0.0457    0.0165   -0.0082    0.0193
            Z     0.0649   -0.0097   -0.0182   -0.0317    0.0646    0.0270
 AT.   7 O  X     0.0066    0.0045   -0.0142    0.0020    0.0147   -0.0160
            Y     0.0233    0.0606    0.0129   -0.0339    0.0193    0.0023
            Z    -0.0021   -0.0625   -0.0703    0.0545    0.0080   -0.0147
 AT.   8 O  X    -0.0430    0.0036   -0.0180   -0.0406   -0.0263    0.0487
            Y    -0.0056    0.0057    0.0495   -0.0029   -0.0054    0.0230
            Z    -0.0548   -0.0312    0.0539   -0.0047    0.0009    0.0466
 AT.   9 O  X     0.0415    0.0028    0.0170   -0.0028   -0.0363   -0.0256
            Y    -0.0113    0.0178   -0.0150    0.0210   -0.0092    0.0209
            Z    -0.0840   -0.0547   -0.0507   -0.0282    0.0647    0.0269
 AT.  10 O  X     0.0205   -0.0159   -0.0248    0.0052    0.0147   -0.0174
            Y    -0.0182    0.0448   -0.0128   -0.0329    0.0235    0.0027
            Z     0.0300   -0.0607    0.0073    0.0578    0.0054   -0.0165

 FREQ(CM**-1)    749.64    757.13    759.43    761.17    887.27    887.35

 AT.   1 CA X     0.0007   -0.0030    0.0015   -0.0022    0.0018   -0.0001
            Y     0.0006    0.0014    0.0010   -0.0067    0.0000    0.0019
            Z     0.0072   -0.0003   -0.0072   -0.0022    0.0002   -0.0021
 AT.   2 MG X    -0.0276    0.0010   -0.0002    0.0001    0.0037    0.0023
            Y     0.0004   -0.0005   -0.0199   -0.0068    0.0022   -0.0039
            Z     0.0012    0.0017   -0.0071    0.0219    0.0004   -0.0023
 AT.   3 C  X     0.0377    0.0342    0.0436   -0.0264    0.0055   -0.0029
            Y     0.0112    0.0193    0.0026    0.0030   -0.0002    0.0009
            Z    -0.0029   -0.0012    0.0012   -0.0003    0.0173    0.1778
 AT.   4 C  X     0.0199    0.0395   -0.0372    0.0237    0.0031    0.0052
            Y    -0.0304    0.0031    0.0080    0.0221   -0.0010   -0.0004
            Z     0.0032   -0.0016    0.0018    0.0005    0.1779   -0.0173
 AT.   5 O  X    -0.0115   -0.0312    0.0055    0.0046   -0.0004   -0.0044
            Y    -0.0737   -0.0662   -0.0817    0.0501    0.0013   -0.0074
            Z    -0.0121   -0.0124   -0.0151    0.0079   -0.0036   -0.0480
 AT.   6 O  X     0.0726   -0.0343    0.0435    0.0058   -0.0092   -0.0015
            Y     0.0193   -0.0536    0.0233    0.0657    0.0028    0.0018
            Z    -0.0126    0.0086   -0.0118   -0.0006    0.0442    0.0273
 AT.   7 O  X    -0.0511   -0.0075   -0.0562   -0.0343   -0.0007   -0.0021
            Y     0.0470   -0.0674   -0.0035    0.0740    0.0030   -0.0044
            Z    -0.0114    0.0070   -0.0059   -0.0170   -0.0408    0.0249
 AT.   8 O  X    -0.0465    0.0603    0.0440    0.0765    0.0032   -0.0041
            Y    -0.0576    0.0428    0.0344    0.0251    0.0024   -0.0077
            Z    -0.0118    0.0092    0.0100    0.0128    0.0263   -0.0442
 AT.   9 O  X     0.0826    0.0701   -0.0809    0.0550   -0.0046   -0.0026
            Y    -0.0173    0.0327    0.0347    0.0142    0.0023    0.0022
            Z    -0.0139   -0.0135    0.0156   -0.0112    0.0253    0.0426
 AT.  10 O  X    -0.0214    0.0425   -0.0200    0.0596   -0.0027   -0.0025
            Y     0.0731    0.0278   -0.0642   -0.0264    0.0047   -0.0004
            Z    -0.0122    0.0024    0.0094    0.0096   -0.0498    0.0054

 FREQ(CM**-1)   1170.07   1170.10   1550.71   1561.65   1607.14   1646.56

 AT.   1 CA X    -0.0023    0.0016    0.0006   -0.0037   -0.0000    0.0003
            Y    -0.0014   -0.0027   -0.0002    0.0002    0.0001    0.0055
            Z     0.0002   -0.0000    0.0026    0.0013    0.0001    0.0001
 AT.   2 MG X     0.0071   -0.0040    0.0045    0.0031   -0.0003    0.0003
            Y    -0.0035   -0.0082    0.0007    0.0001    0.0018    0.0022
            Z    -0.0002    0.0000    0.0015   -0.0045    0.0001   -0.0014
 AT.   3 C  X     0.0008    0.0006   -0.1291    0.0449    0.1359    0.0038
            Y     0.0018    0.0037   -0.0387    0.1264   -0.0027    0.1350
            Z     0.0005    0.0004   -0.0044    0.0010   -0.0043    0.0001
 AT.   4 C  X    -0.0003   -0.0009    0.1595    0.0061    0.1093   -0.0666
            Y     0.0008   -0.0039   -0.0013    0.1589    0.0606   -0.1051
            Z    -0.0007   -0.0001    0.0048    0.0001   -0.0041    0.0015
 AT.   5 O  X     0.0640    0.0411    0.0331    0.0100   -0.0415    0.0221
            Y    -0.0498   -0.0314   -0.0171   -0.0159    0.0226   -0.0294
            Z    -0.0028   -0.0010    0.0024   -0.0015    0.0015   -0.0023
 AT.   6 O  X    -0.0118    0.0078   -0.0082    0.0072    0.0031   -0.0023
            Y    -0.0941    0.0521    0.0054    0.0636   -0.0382    0.0246
            Z     0.0012   -0.0012   -0.0021    0.0001   -0.0028    0.0004
 AT.   7 O  X    -0.0115    0.0935   -0.0021    0.0250    0.0379    0.0455
            Y    -0.0051    0.0393   -0.0057    0.0069    0.0231    0.0166
            Z    -0.0010    0.0025    0.0003   -0.0013   -0.0017    0.0015
 AT.   8 O  X     0.0400   -0.0638    0.0343   -0.0288    0.0455    0.0331
            Y    -0.0292    0.0491   -0.0262    0.0270   -0.0293   -0.0361
            Z    -0.0009    0.0005   -0.0003   -0.0021   -0.0011   -0.0033
 AT.   9 O  X     0.0066    0.0120    0.0067    0.0080    0.0017   -0.0070
            Y     0.0490    0.0925    0.0288    0.0349    0.0446    0.0016
            Z    -0.0010   -0.0025   -0.0011    0.0011    0.0020    0.0017
 AT.  10 O  X     0.0946    0.0126   -0.0589   -0.0248   -0.0499    0.0403
            Y     0.0387    0.0064   -0.0202   -0.0185   -0.0244    0.0190
            Z     0.0017   -0.0005   -0.0039    0.0010    0.0023    0.0013

 MODES IN ANTI-PHASE

 FREQ(CM**-1)     86.38    125.89    154.12    163.84    166.65    201.71

 AT.   1 CA X     0.0277   -0.0003   -0.0029   -0.0044   -0.0327   -0.0184
            Y    -0.0288   -0.0011   -0.0010    0.0010    0.0252   -0.0324
            Z    -0.0060   -0.0001    0.0007   -0.0082    0.0273    0.0363
 AT.   2 MG X     0.0128    0.0000   -0.0015   -0.0015   -0.0135   -0.0149
            Y     0.0049    0.0005    0.0006    0.0002   -0.0166    0.0031
            Z    -0.0374   -0.0002   -0.0011    0.0019    0.0031    0.0423
 AT.   3 C  X    -0.0122    0.0277   -0.0070   -0.0178   -0.0111    0.0172
            Y     0.0131    0.0129    0.0271   -0.0290    0.0013    0.0296
            Z    -0.0343    0.0183   -0.0279    0.0105    0.0102   -0.0440
 AT.   4 C  X     0.0122    0.0213    0.0285    0.0210   -0.0137   -0.0175
            Y    -0.0072    0.0018    0.0247   -0.0145    0.0155   -0.0371
            Z     0.0322    0.0128   -0.0016    0.0273    0.0353    0.0404
 AT.   5 O  X    -0.0007   -0.0101    0.0046   -0.0187   -0.0077    0.0285
            Y     0.0315   -0.0371    0.0402   -0.0323    0.0024    0.0426
            Z     0.0153    0.0207   -0.0288    0.0290    0.0160   -0.0818
 AT.   6 O  X     0.0570   -0.0519    0.0166    0.0254   -0.0078    0.0002
            Y    -0.0079   -0.0035    0.0003    0.0107    0.0169   -0.0370
            Z     0.0121   -0.0500    0.0308    0.0347    0.0286    0.0477
 AT.   7 O  X     0.0117   -0.0101   -0.0396   -0.0136    0.0370   -0.0050
            Y    -0.0336   -0.0208    0.0115    0.0168   -0.0405    0.0121
            Z    -0.0219   -0.0248   -0.0159    0.0145   -0.0659    0.0565
 AT.   8 O  X     0.0200    0.0096   -0.0088    0.0138    0.0455    0.0142
            Y     0.0203    0.0368   -0.0435    0.0333    0.0040    0.0351
            Z    -0.0337   -0.0213    0.0310   -0.0411   -0.0525   -0.0335
 AT.   9 O  X    -0.0298    0.0537   -0.0195   -0.0259   -0.0070   -0.0117
            Y     0.0145    0.0036    0.0023   -0.0153    0.0068    0.0065
            Z    -0.0956    0.0505   -0.0321   -0.0360    0.0285   -0.0018
 AT.  10 O  X    -0.0052    0.0102    0.0409    0.0185   -0.0250   -0.0230
            Y     0.0337    0.0190   -0.0124   -0.0133    0.0377   -0.0258
            Z     0.0605    0.0246    0.0183   -0.0214    0.0605   -0.0051

 FREQ(CM**-1)    229.31    262.30    267.22    291.62    334.08    339.55

 AT.   1 CA X    -0.0046   -0.0001   -0.0096    0.0072    0.0442   -0.0315
            Y    -0.0025   -0.0053   -0.0040   -0.0047   -0.0201   -0.0574
            Z    -0.0315    0.0040   -0.0338    0.0186   -0.0101   -0.0391
 AT.   2 MG X    -0.0042   -0.0013    0.0406    0.0297   -0.0825    0.0300
            Y     0.0297    0.0064    0.0094    0.0216   -0.0036   -0.0899
            Z     0.0218    0.0055    0.0218    0.0550    0.0242    0.0292
 AT.   3 C  X    -0.0216    0.0325    0.0393   -0.0198    0.0035    0.0145
            Y    -0.0168    0.0396   -0.0339   -0.0251    0.0341    0.0175
            Z    -0.0101    0.0239    0.0151    0.0022   -0.0132    0.0238
 AT.   4 C  X    -0.0372    0.0461    0.0241    0.0194    0.0281    0.0311
            Y     0.0153    0.0098   -0.0418    0.0272    0.0274   -0.0014
            Z     0.0115    0.0182    0.0182   -0.0035   -0.0063   -0.0082
 AT.   5 O  X    -0.0158    0.0466    0.0276   -0.0313   -0.0046    0.0151
            Y    -0.0140    0.0533   -0.0457   -0.0345    0.0119    0.0158
            Z     0.0250   -0.0263    0.0148    0.0102    0.0478    0.0506
 AT.   6 O  X     0.0188    0.0343   -0.0067    0.0556   -0.0265   -0.0228
            Y    -0.0244   -0.0477    0.0385    0.0268   -0.0241   -0.0073
            Z     0.0289   -0.0182   -0.0299    0.0708    0.0233    0.0394
 AT.   7 O  X    -0.0327   -0.0323   -0.0361    0.0315    0.0308   -0.0042
            Y     0.0787   -0.0156   -0.0060   -0.0472   -0.0154    0.0316
            Z     0.0722    0.0058   -0.0250   -0.0104    0.0050    0.0346
 AT.   8 O  X     0.0490   -0.0405    0.0165    0.0118   -0.0203   -0.0032
            Y    -0.0197   -0.0676    0.0228   -0.0061    0.0087    0.0253
            Z    -0.0393    0.0293   -0.0694    0.0518   -0.0267    0.0571
 AT.   9 O  X     0.0249   -0.0502   -0.0520    0.0128   -0.0151   -0.0003
            Y     0.0294    0.0404    0.0209    0.0018   -0.0306   -0.0162
            Z     0.0189   -0.0003   -0.0434    0.0005    0.0082    0.0085
 AT.  10 O  X    -0.0395    0.0384    0.0240    0.0245    0.0383    0.0200
            Y     0.0265    0.0228   -0.0386    0.0194    0.0007    0.0163
            Z     0.0158    0.0062   -0.0431   -0.0566   -0.0720    0.0430

 FREQ(CM**-1)    372.00    384.14    406.46    450.30    469.17    473.11

 AT.   1 CA X     0.0242   -0.0008   -0.0470    0.0019   -0.0004   -0.0003
            Y    -0.0406    0.0191    0.0104    0.0022    0.0004   -0.0004
            Z    -0.0090   -0.0211    0.0129   -0.0004   -0.0000   -0.0009
 AT.   2 MG X    -0.0084   -0.0035    0.0257    0.0000   -0.0043   -0.0024
            Y    -0.0614   -0.0022    0.0138    0.0015   -0.0026    0.0036
            Z     0.0381   -0.0106    0.0267    0.0095    0.0005   -0.0001
 AT.   3 C  X     0.0360    0.0036   -0.0173   -0.0085    0.0235    0.0018
            Y    -0.0035    0.0179    0.0446   -0.0211    0.0039   -0.0185
            Z    -0.0121   -0.0421    0.0160   -0.0004   -0.0345   -0.0276
 AT.   4 C  X    -0.0412   -0.0222   -0.0308   -0.0210    0.0096    0.0206
            Y     0.0026   -0.0252    0.0327    0.0000    0.0181   -0.0078
            Z    -0.0017    0.0250    0.0059   -0.0034   -0.0432    0.0121
 AT.   5 O  X     0.0158   -0.0236   -0.0166   -0.0050    0.0103   -0.0012
            Y    -0.0352   -0.0171    0.0498   -0.0156   -0.0104   -0.0246
            Z     0.0373   -0.0026    0.0557   -0.0488   -0.0028   -0.0443
 AT.   6 O  X    -0.0330   -0.0449    0.0184   -0.0160   -0.0144   -0.0268
            Y     0.0116   -0.0267   -0.0174    0.0346    0.0143    0.0257
            Z     0.0534    0.0667   -0.0518    0.0231   -0.0038   -0.0016
 AT.   7 O  X    -0.0391    0.0265   -0.0256    0.0235   -0.0005   -0.0229
            Y     0.0009   -0.0036   -0.0122    0.0052   -0.0612    0.0061
            Z    -0.0435    0.0240    0.0037    0.0281    0.0377   -0.0302
 AT.   8 O  X    -0.0163    0.0302    0.0269   -0.0005   -0.0085    0.0043
            Y    -0.0514    0.0187    0.0064    0.0153    0.0108    0.0261
            Z     0.0020    0.0360    0.0370    0.0486    0.0027    0.0473
 AT.   9 O  X    -0.0078    0.0618    0.0265    0.0158    0.0170    0.0253
            Y     0.0056    0.0200   -0.0466   -0.0321   -0.0137   -0.0245
            Z    -0.0020   -0.0394   -0.0209   -0.0272   -0.0007    0.0033
 AT.  10 O  X    -0.0339   -0.0216   -0.0155   -0.0231   -0.0006    0.0218
            Y    -0.0146   -0.0410    0.0122   -0.0098    0.0598   -0.0059
            Z    -0.0316    0.0283   -0.0701   -0.0205   -0.0381    0.0292

 FREQ(CM**-1)    749.64    757.13    759.43    761.17    887.27    887.35

 AT.   1 CA X    -0.0003    0.0088    0.0015   -0.0023   -0.0006    0.0000
            Y    -0.0002   -0.0040    0.0010   -0.0070   -0.0000   -0.0004
            Z    -0.0026    0.0009   -0.0071   -0.0023   -0.0001    0.0005
 AT.   2 MG X     0.0100   -0.0028   -0.0002    0.0002   -0.0012   -0.0005
            Y    -0.0002    0.0016   -0.0196   -0.0071   -0.0007    0.0008
            Z    -0.0004   -0.0050   -0.0070    0.0229   -0.0001    0.0005
 AT.   3 C  X     0.0137   -0.0208   -0.0018   -0.0027    0.0026    0.0050
            Y    -0.0328    0.0396   -0.0211   -0.0459   -0.0010   -0.0003
            Z     0.0037    0.0012   -0.0058   -0.0004    0.1770    0.0002
 AT.   4 C  X     0.0348    0.0066   -0.0228    0.0119    0.0052   -0.0024
            Y     0.0166   -0.0440   -0.0197   -0.0403   -0.0001    0.0009
            Z    -0.0035   -0.0007   -0.0056   -0.0001   -0.0002    0.1770
 AT.   5 O  X     0.0588   -0.0579    0.0439    0.0768   -0.0060    0.0002
            Y     0.0015    0.0149    0.0357    0.0273   -0.0022    0.0021
            Z     0.0039    0.0009    0.0102    0.0132   -0.0501    0.0012
 AT.   6 O  X    -0.0419   -0.0699   -0.0815    0.0554   -0.0049    0.0031
            Y     0.0502    0.0153    0.0344    0.0171    0.0001   -0.0013
            Z     0.0065    0.0108    0.0158   -0.0113    0.0182   -0.0430
 AT.   7 O  X    -0.0278   -0.0592   -0.0191    0.0582    0.0038    0.0014
            Y    -0.0579    0.0409   -0.0642   -0.0232   -0.0039   -0.0087
            Z     0.0054   -0.0127    0.0095    0.0088    0.0285    0.0419
 AT.   8 O  X    -0.0378   -0.0263    0.0048    0.0079    0.0051    0.0016
            Y     0.0461    0.0526   -0.0822    0.0513    0.0010    0.0011
            Z     0.0047    0.0083   -0.0153    0.0085    0.0428    0.0188
 AT.   9 O  X    -0.0143   -0.0338    0.0448    0.0082    0.0093   -0.0022
            Y    -0.0510    0.0452    0.0228    0.0664   -0.0017    0.0004
            Z     0.0031    0.0032   -0.0121   -0.0011   -0.0405    0.0279
 AT.  10 O  X     0.0541   -0.0420   -0.0559   -0.0317   -0.0027   -0.0004
            Y     0.0144    0.0738   -0.0025    0.0729    0.0014    0.0098
            Z     0.0032   -0.0143   -0.0060   -0.0166    0.0006   -0.0484

 FREQ(CM**-1)   1170.07   1170.10   1550.71   1561.65   1607.14   1646.56

 AT.   1 CA X    -0.0027    0.0014    0.0007    0.0033    0.0001    0.0001
            Y    -0.0016   -0.0023   -0.0002   -0.0002   -0.0004    0.0011
            Z     0.0002   -0.0000    0.0029   -0.0011   -0.0004    0.0000
 AT.   2 MG X     0.0082   -0.0035    0.0050   -0.0027    0.0013    0.0001
            Y    -0.0040   -0.0071    0.0008   -0.0001   -0.0083    0.0005
            Z    -0.0003    0.0000    0.0017    0.0040   -0.0003   -0.0003
 AT.   3 C  X    -0.0005    0.0009   -0.0936   -0.0500    0.0018   -0.1064
            Y    -0.0037    0.0011    0.0561    0.0963   -0.1077    0.0052
            Z     0.0005   -0.0006   -0.0020   -0.0011    0.0009    0.0026
 AT.   4 C  X    -0.0009    0.0006   -0.0008    0.0669   -0.0807   -0.0830
            Y    -0.0040   -0.0004    0.0682   -0.0016    0.0891    0.0849
            Z     0.0000   -0.0007    0.0010    0.0015    0.0018    0.0021
 AT.   5 O  X     0.0490   -0.0699    0.0377    0.0302   -0.0186    0.0325
            Y    -0.0362    0.0538   -0.0280   -0.0291    0.0210   -0.0230
            Z    -0.0013    0.0007   -0.0000    0.0019   -0.0005   -0.0031
 AT.   6 O  X     0.0051    0.0111    0.0059   -0.0072   -0.0110   -0.0125
            Y     0.0367    0.0863    0.0295   -0.0277   -0.0238   -0.0532
            Z    -0.0008   -0.0024   -0.0013   -0.0011    0.0013    0.0033
 AT.   7 O  X     0.0939    0.0001   -0.0594    0.0279    0.0372   -0.0039
            Y     0.0384    0.0011   -0.0208    0.0195    0.0080    0.0094
            Z     0.0016   -0.0009   -0.0039   -0.0011   -0.0018   -0.0003
 AT.   8 O  X     0.0700    0.0501    0.0366   -0.0135    0.0001   -0.0211
            Y    -0.0542   -0.0384   -0.0198    0.0192    0.0098    0.0095
            Z    -0.0030   -0.0011    0.0024    0.0012   -0.0011    0.0020
 AT.   9 O  X    -0.0110    0.0063   -0.0075   -0.0063   -0.0113    0.0106
            Y    -0.0883    0.0401    0.0083   -0.0599   -0.0059    0.0586
            Z     0.0011   -0.0009   -0.0022    0.0000    0.0024   -0.0028
 AT.  10 O  X     0.0012    0.0926   -0.0080   -0.0281    0.0182    0.0216
            Y     0.0000    0.0388   -0.0077   -0.0091   -0.0022   -0.0021
            Z    -0.0008    0.0026   -0.0001    0.0014   -0.0009    0.0008


  DISPERSION K POINT NUMBER     9 COORD:  C(  0  2  2 )    WEIGHT:    1.

    MODES         EIGV          FREQUENCIES     IRREP
             (HARTREE**2)   (CM**-1)     (THZ)
    1-   1    0.1637E-06     88.7954    2.6620  (  1)
    2-   2    0.2280E-06    104.8084    3.1421  (  1)
    3-   3    0.4141E-06    141.2340    4.2341  (  1)
    4-   4    0.4883E-06    153.3687    4.5979  (  1)
    5-   5    0.6153E-06    172.1584    5.1612  (  1)
    6-   6    0.7424E-06    189.1089    5.6693  (  1)
    7-   7    0.9050E-06    208.7912    6.2594  (  1)
    8-   8    0.1071E-05    227.1761    6.8106  (  1)
    9-   9    0.1487E-05    267.6525    8.0240  (  1)
   10-  10    0.1840E-05    297.7024    8.9249  (  1)
   11-  11    0.2185E-05    324.4285    9.7261  (  1)
   12-  12    0.2298E-05    332.7123    9.9745  (  1)
   13-  13    0.2889E-05    373.0313   11.1832  (  1)
   14-  14    0.3004E-05    380.3925   11.4039  (  1)
   15-  15    0.4006E-05    439.2982   13.1698  (  1)
   16-  16    0.4390E-05    459.8648   13.7864  (  1)
   17-  17    0.4483E-05    464.6985   13.9313  (  1)
   18-  18    0.5137E-05    497.4497   14.9132  (  1)
   19-  19    0.1165E-04    749.1361   22.4585  (  1)
   20-  20    0.1192E-04    757.6143   22.7127  (  1)
   21-  21    0.1212E-04    764.0496   22.9056  (  1)
   22-  22    0.1218E-04    766.0688   22.9662  (  1)
   23-  23    0.1631E-04    886.3517   26.5722  (  1)
   24-  24    0.1646E-04    890.3211   26.6912  (  1)
   25-  25    0.2842E-04   1169.9442   35.0740  (  1)
   26-  26    0.2855E-04   1172.6325   35.1546  (  1)
   27-  27    0.4825E-04   1524.4707   45.7025  (  1)
   28-  28    0.5026E-04   1555.9187   46.6453  (  1)
   29-  29    0.5199E-04   1582.4768   47.4415  (  1)
   30-  30    0.5709E-04   1658.2871   49.7142  (  1)

 MODES IN PHASE

 FREQ(CM**-1)     88.80    104.81    141.23    153.37    172.16    189.11

 AT.   1 CA X     0.0782    0.0218   -0.0259    0.0339    0.0092   -0.0382
            Y    -0.0217   -0.0368   -0.0585    0.0892    0.0086    0.0040
            Z     0.0148    0.0091    0.0800    0.0529    0.0115   -0.0177
 AT.   2 MG X     0.0047    0.0002   -0.0432   -0.0014   -0.0122    0.0010
            Y    -0.0127    0.0004    0.0100   -0.0127   -0.0104   -0.0056
            Z    -0.0063   -0.0025   -0.0214   -0.0126    0.0117    0.0001
 AT.   3 C  X     0.0025   -0.0052    0.0112    0.0266   -0.0315   -0.0123
            Y     0.0403   -0.0115    0.0088    0.0002   -0.0289   -0.0043
            Z    -0.0016    0.0532   -0.0225    0.0209   -0.0078   -0.0349
 AT.   4 C  X    -0.0138    0.0110   -0.0081    0.0022   -0.0324   -0.0046
            Y    -0.0240   -0.0160   -0.0088    0.0356   -0.0191    0.0325
            Z    -0.0121    0.0460    0.0222    0.0003   -0.0118    0.0398
 AT.   5 O  X     0.0278   -0.0234    0.0022    0.0367   -0.0258    0.0074
            Y     0.0717   -0.0370   -0.0056    0.0168   -0.0221    0.0211
            Z     0.0118    0.0723    0.0023    0.0448    0.0531   -0.0289
 AT.   6 O  X     0.0241    0.0258   -0.0424   -0.0017    0.0216    0.0155
            Y    -0.0464   -0.0049    0.0021    0.0322    0.0505    0.0382
            Z    -0.0267   -0.0220   -0.0013    0.0324    0.0049    0.0044
 AT.   7 O  X    -0.0265    0.0116    0.0174    0.0019    0.0090   -0.0346
            Y    -0.0064    0.0049   -0.0461    0.0304    0.0507    0.0873
            Z     0.0036    0.0411    0.0571    0.0060    0.0320    0.0925
 AT.   8 O  X     0.0364   -0.0127    0.0247    0.0340    0.0089   -0.0042
            Y     0.0815    0.0062    0.0173    0.0108   -0.0386    0.0292
            Z     0.0010    0.0329   -0.0212    0.0482    0.0322   -0.0287
 AT.   9 O  X     0.0013    0.0571   -0.0375    0.0010   -0.0601    0.0247
            Y    -0.0262   -0.0218   -0.0023    0.0351   -0.0163    0.0294
            Z    -0.0500    0.0394    0.0039    0.0382   -0.0747    0.0173
 AT.  10 O  X    -0.0196   -0.0043    0.0024    0.0067   -0.0234   -0.0281
            Y    -0.0054    0.0228   -0.0376    0.0309   -0.0342    0.0795
            Z     0.0022    0.0718    0.0669    0.0052   -0.0087    0.0844

 FREQ(CM**-1)    208.79    227.18    267.65    297.70    324.43    332.71

 AT.   1 CA X     0.0074    0.0003    0.0238   -0.0071   -0.0158    0.0455
            Y    -0.0054    0.0013   -0.0227   -0.0003   -0.0122   -0.0586
            Z    -0.0078    0.0020   -0.0225    0.0031   -0.0179    0.0431
 AT.   2 MG X     0.0196   -0.0048    0.0036   -0.0636   -0.0118    0.0104
            Y     0.0505   -0.0227    0.0032    0.0066   -0.0980   -0.0013
            Z    -0.0288   -0.0447    0.0035    0.0180    0.0236    0.0226
 AT.   3 C  X    -0.0307   -0.0224    0.0333   -0.0546    0.0066   -0.0009
            Y    -0.0088   -0.0309    0.0151   -0.0078    0.0087   -0.0077
            Z     0.0141    0.0226    0.0198   -0.0019    0.0095   -0.0009
 AT.   4 C  X    -0.0124    0.0261   -0.0270   -0.0487   -0.0224   -0.0148
            Y     0.0266   -0.0377    0.0245    0.0045   -0.0146    0.0168
            Z     0.0220   -0.0079   -0.0199    0.0115    0.0168   -0.0177
 AT.   5 O  X    -0.0283   -0.0383    0.0163   -0.0435    0.0089   -0.0157
            Y    -0.0116   -0.0541   -0.0059    0.0057    0.0076   -0.0281
            Z     0.0493    0.0441   -0.0183   -0.0502    0.0476    0.0076
 AT.   6 O  X    -0.0050   -0.0273   -0.0792    0.0419    0.0356    0.0210
            Y    -0.0173    0.0357    0.0173   -0.0114    0.0022    0.0192
            Z     0.0329   -0.0032   -0.0981   -0.0840   -0.0026    0.0680
 AT.   7 O  X     0.0323   -0.0315   -0.0348    0.0236    0.0153   -0.0097
            Y    -0.0499    0.0406   -0.0119    0.0134    0.0060    0.0239
            Z    -0.0444    0.0255    0.0057    0.0219   -0.0761   -0.0375
 AT.   8 O  X     0.0378    0.0458    0.0278    0.0388   -0.0041   -0.0087
            Y     0.0144    0.0530   -0.0313    0.0058   -0.0169   -0.0335
            Z    -0.0622   -0.0495   -0.0108    0.0479    0.0162    0.0357
 AT.   9 O  X     0.0218    0.0263   -0.0380   -0.0485   -0.0370    0.0256
            Y     0.0218   -0.0379    0.0290    0.0057   -0.0084    0.0168
            Z    -0.0335    0.0069   -0.0644    0.0901    0.0067    0.0530
 AT.  10 O  X    -0.0263    0.0247   -0.0231   -0.0375   -0.0302   -0.0191
            Y     0.0618   -0.0392    0.0239   -0.0184    0.0062    0.0333
            Z     0.0524   -0.0232    0.0215   -0.0267    0.0945   -0.0261

 FREQ(CM**-1)    373.03    380.39    439.30    459.86    464.70    497.45

 AT.   1 CA X     0.0148   -0.0031   -0.0461    0.0157   -0.0082   -0.0118
            Y     0.0321    0.0038    0.0039    0.0223    0.0018   -0.0015
            Z     0.0068   -0.0426    0.0285   -0.0030   -0.0130    0.0087
 AT.   2 MG X    -0.0373    0.0039    0.0211    0.0738    0.0168    0.1385
            Y     0.0078   -0.0403    0.0148    0.0046    0.1383   -0.0293
            Z    -0.0299   -0.0055    0.0527    0.1062   -0.0153   -0.0827
 AT.   3 C  X    -0.0022    0.0236   -0.0198   -0.0222    0.0174   -0.0126
            Y     0.0238    0.0127    0.0079    0.0264    0.0124   -0.0011
            Z     0.0169    0.0065    0.0571   -0.0341    0.0022   -0.0136
 AT.   4 C  X     0.0098   -0.0247    0.0002    0.0191   -0.0279   -0.0233
            Y    -0.0069   -0.0000   -0.0032   -0.0213   -0.0295    0.0073
            Z     0.0186   -0.0177   -0.0523    0.0207   -0.0003    0.0368
 AT.   5 O  X     0.0070    0.0170    0.0003   -0.0596    0.0207   -0.0208
            Y     0.0337   -0.0031    0.0408   -0.0110    0.0149   -0.0057
            Z     0.0598    0.0560    0.0358   -0.0033    0.0414   -0.0251
 AT.   6 O  X     0.0355   -0.0345    0.0431   -0.0160   -0.0036    0.0373
            Y    -0.0365   -0.0351   -0.0143   -0.0062    0.0211   -0.0096
            Z    -0.0325    0.0133   -0.0542    0.0032   -0.0118   -0.0363
 AT.   7 O  X    -0.0336   -0.0008    0.0215    0.0103    0.0105    0.0218
            Y     0.0261   -0.0501    0.0139   -0.0213    0.0265    0.0200
            Z     0.0172    0.0864    0.0218    0.0334   -0.0167    0.0034
 AT.   8 O  X    -0.0360    0.0386    0.0339    0.0151    0.0024    0.0229
            Y    -0.0512   -0.0011   -0.0037    0.0099    0.0066   -0.0154
            Z    -0.0880   -0.0151   -0.0002    0.0090    0.0255   -0.0051
 AT.   9 O  X    -0.0248   -0.0190    0.0440    0.0084    0.0026   -0.0358
            Y    -0.0043    0.0018   -0.0121   -0.0229   -0.0399    0.0155
            Z     0.0021    0.0378   -0.0509   -0.0099    0.0515    0.0450
 AT.  10 O  X     0.0245   -0.0305   -0.0143    0.0236   -0.0259   -0.0149
            Y    -0.0377    0.0083    0.0358   -0.0294   -0.0497   -0.0290
            Z     0.0300   -0.0418   -0.0304    0.0660    0.0161   -0.0073

 FREQ(CM**-1)    749.14    757.61    764.05    766.07    886.35    890.32

 AT.   1 CA X    -0.0047   -0.0014   -0.0047    0.0031   -0.0010   -0.0005
            Y     0.0080    0.0016   -0.0048   -0.0008   -0.0001    0.0022
            Z    -0.0016   -0.0014   -0.0060   -0.0011    0.0006   -0.0028
 AT.   2 MG X    -0.0013   -0.0159    0.0114    0.0134   -0.0013    0.0013
            Y    -0.0044   -0.0284   -0.0120   -0.0058   -0.0000   -0.0039
            Z    -0.0025   -0.0024    0.0209    0.0078    0.0023   -0.0052
 AT.   3 C  X     0.0290    0.0202   -0.0149   -0.0137    0.0071   -0.0046
            Y    -0.0069   -0.0034   -0.0441   -0.0247   -0.0018    0.0013
            Z    -0.0034   -0.0054    0.0029   -0.0000    0.1772    0.1762
 AT.   4 C  X    -0.0321   -0.0486    0.0183    0.0001    0.0070    0.0046
            Y     0.0092    0.0212    0.0505   -0.0002   -0.0019   -0.0013
            Z     0.0029    0.0022   -0.0028   -0.0035    0.1783   -0.1752
 AT.   5 O  X     0.0202    0.0061    0.0736    0.0364   -0.0052   -0.0048
            Y    -0.0440   -0.0303    0.0551    0.0374    0.0002   -0.0084
            Z    -0.0033   -0.0039    0.0107    0.0072   -0.0474   -0.0499
 AT.   6 O  X     0.1089   -0.0703    0.0030   -0.0258   -0.0052   -0.0013
            Y     0.0115   -0.0079    0.0037    0.0748    0.0029   -0.0004
            Z    -0.0196    0.0166    0.0001    0.0020    0.0197    0.0255
 AT.   7 O  X    -0.0172    0.0094    0.0008    0.0843    0.0020   -0.0014
            Y    -0.0949    0.0617   -0.0053   -0.0421   -0.0031   -0.0041
            Z     0.0144   -0.0078   -0.0015    0.0190    0.0203    0.0231
 AT.   8 O  X    -0.0218    0.0261    0.0423   -0.0658    0.0025   -0.0027
            Y     0.0181   -0.0356    0.0349   -0.0712   -0.0002   -0.0046
            Z     0.0010   -0.0066    0.0102   -0.0204    0.0249   -0.0277
 AT.   9 O  X     0.0695    0.1110   -0.0037    0.0064    0.0124   -0.0032
            Y     0.0007    0.0052    0.0799    0.0006   -0.0042    0.0013
            Z    -0.0104   -0.0229    0.0008   -0.0006   -0.0485    0.0511
 AT.  10 O  X    -0.0170   -0.0255    0.0819    0.0004   -0.0056   -0.0018
            Y    -0.0580   -0.0850   -0.0597   -0.0024    0.0062   -0.0090
            Z     0.0061    0.0085    0.0126   -0.0014   -0.0492    0.0499

 FREQ(CM**-1)   1169.94   1172.63   1524.47   1555.92   1582.48   1658.29

 AT.   1 CA X    -0.0003   -0.0038    0.0003    0.0025   -0.0009    0.0013
            Y    -0.0001   -0.0015   -0.0010   -0.0002    0.0036   -0.0004
            Z     0.0017    0.0015   -0.0001    0.0029    0.0010   -0.0009
 AT.   2 MG X    -0.0006   -0.0016   -0.0005    0.0030    0.0016    0.0014
            Y     0.0002    0.0005   -0.0006    0.0010    0.0056    0.0006
            Z    -0.0029    0.0007    0.0001    0.0043   -0.0018   -0.0013
 AT.   3 C  X    -0.0016    0.0018   -0.0090   -0.1728    0.0054    0.1703
            Y    -0.0016   -0.0029    0.1645    0.0028    0.1737    0.0063
            Z    -0.0009    0.0009    0.0012   -0.0043   -0.0011   -0.0052
 AT.   4 C  X    -0.0011    0.0007   -0.0104    0.1729   -0.0002    0.1702
            Y    -0.0013   -0.0002    0.1730   -0.0028   -0.1652    0.0061
            Z    -0.0009    0.0005    0.0016    0.0043    0.0006   -0.0052
 AT.   5 O  X    -0.0779    0.0388    0.0335    0.0522    0.0296   -0.0512
            Y     0.0619   -0.0307   -0.0313   -0.0331   -0.0333    0.0302
            Z     0.0012   -0.0020   -0.0006    0.0030   -0.0017    0.0039
 AT.   6 O  X     0.0047   -0.0135    0.0010   -0.0057    0.0025    0.0069
            Y     0.0290   -0.1022    0.0159   -0.0044    0.0332    0.0001
            Z    -0.0005    0.0017   -0.0005   -0.0004    0.0005   -0.0023
 AT.   7 O  X    -0.0271    0.0937    0.0063   -0.0329    0.0091    0.0310
            Y    -0.0131    0.0384    0.0036   -0.0103    0.0108    0.0083
            Z    -0.0006    0.0020    0.0004   -0.0025   -0.0006   -0.0007
 AT.   8 O  X     0.0399    0.0768   -0.0180    0.0282    0.0192    0.0237
            Y    -0.0316   -0.0611    0.0165   -0.0186   -0.0229   -0.0127
            Z    -0.0003   -0.0032   -0.0003    0.0022   -0.0012   -0.0016
 AT.   9 O  X    -0.0131   -0.0050   -0.0081   -0.0119    0.0084   -0.0170
            Y    -0.1007   -0.0291   -0.0750   -0.0071    0.0666   -0.0115
            Z     0.0025    0.0005    0.0002   -0.0021   -0.0005    0.0054
 AT.  10 O  X     0.0939    0.0269   -0.0208   -0.0651    0.0240   -0.0680
            Y     0.0400    0.0119   -0.0159   -0.0214    0.0210   -0.0218
            Z     0.0018    0.0003   -0.0011   -0.0024   -0.0011    0.0015

 MODES IN ANTI-PHASE

 FREQ(CM**-1)     88.80    104.81    141.23    153.37    172.16    189.11

 AT.   1 CA X     0.0224    0.0113    0.0106    0.0025    0.0124    0.0065
            Y    -0.0062   -0.0191    0.0239    0.0066    0.0117   -0.0007
            Z     0.0043    0.0047   -0.0327    0.0039    0.0157    0.0030
 AT.   2 MG X     0.0188    0.0052   -0.0335   -0.0030    0.0279    0.0012
            Y    -0.0508    0.0078    0.0077   -0.0262    0.0237   -0.0068
            Z    -0.0254   -0.0545   -0.0166   -0.0260   -0.0268    0.0001
 AT.   3 C  X     0.0139   -0.0146   -0.0101   -0.0129    0.0078    0.0213
            Y     0.0254    0.0124    0.0015   -0.0384   -0.0411   -0.0448
            Z     0.0121   -0.0261   -0.0021   -0.0085    0.0192   -0.0205
 AT.   4 C  X    -0.0030    0.0109   -0.0127   -0.0295   -0.0007    0.0242
            Y    -0.0411    0.0052   -0.0009   -0.0143    0.0465   -0.0311
            Z     0.0011   -0.0373    0.0040   -0.0226   -0.0170    0.0073
 AT.   5 O  X     0.0242    0.0010   -0.0330   -0.0155    0.0013    0.0342
            Y     0.0389    0.0336   -0.0304   -0.0394   -0.0473   -0.0280
            Z    -0.0170   -0.0107    0.0326    0.0266    0.0502    0.0043
 AT.   6 O  X    -0.0360    0.0516    0.0102    0.0181   -0.0562   -0.0307
            Y     0.0248   -0.0232    0.0055    0.0223   -0.0014    0.0202
            Z    -0.0515    0.0637   -0.0069    0.0418   -0.0767   -0.0400
 AT.   7 O  X     0.0054   -0.0134    0.0143    0.0329   -0.0217   -0.0140
            Y     0.0001    0.0245    0.0067    0.0060   -0.0201    0.0089
            Z    -0.0016    0.0588   -0.0374   -0.0052    0.0008    0.0090
 AT.   8 O  X    -0.0057   -0.0197    0.0220    0.0208   -0.0243   -0.0347
            Y     0.0050   -0.0496    0.0256    0.0414   -0.0351    0.0195
            Z     0.0207    0.0653   -0.0249   -0.0197    0.0656    0.0055
 AT.   9 O  X     0.0433   -0.0086    0.0224   -0.0181    0.0040    0.0239
            Y    -0.0456    0.0093   -0.0054   -0.0173    0.0478   -0.0316
            Z     0.0295   -0.0546    0.0059   -0.0365   -0.0180    0.0363
 AT.  10 O  X    -0.0186    0.0172   -0.0224   -0.0323    0.0021    0.0246
            Y    -0.0035   -0.0101    0.0275   -0.0015    0.0424   -0.0371
            Z     0.0032   -0.0002   -0.0133    0.0060    0.0308   -0.0389

 FREQ(CM**-1)    208.79    227.18    267.65    297.70    324.43    332.71

 AT.   1 CA X    -0.0433    0.0050    0.0096   -0.0399    0.0311    0.0114
            Y     0.0316    0.0202   -0.0092   -0.0020    0.0240   -0.0147
            Z     0.0454    0.0326   -0.0091    0.0173    0.0353    0.0108
 AT.   2 MG X    -0.0072    0.0032    0.0253    0.0534    0.0006    0.0364
            Y    -0.0187    0.0151    0.0227   -0.0055    0.0053   -0.0045
            Z     0.0106    0.0296    0.0247   -0.0151   -0.0013    0.0793
 AT.   3 C  X    -0.0069    0.0497    0.0361   -0.0107   -0.0216    0.0149
            Y     0.0287   -0.0240   -0.0214    0.0163   -0.0121   -0.0166
            Z     0.0198   -0.0270    0.0255    0.0202    0.0226    0.0177
 AT.   4 C  X    -0.0289   -0.0479   -0.0411   -0.0268   -0.0026    0.0014
            Y    -0.0139   -0.0102   -0.0095   -0.0175    0.0031    0.0071
            Z     0.0102    0.0343   -0.0254   -0.0167    0.0179    0.0014
 AT.   5 O  X    -0.0336    0.0630    0.0232   -0.0059   -0.0015    0.0109
            Y    -0.0105   -0.0060   -0.0388    0.0325    0.0154   -0.0184
            Z     0.0473   -0.0464    0.0034    0.0024   -0.0550    0.0613
 AT.   6 O  X    -0.0515   -0.0068    0.0273   -0.0267    0.0199    0.0150
            Y    -0.0166   -0.0199    0.0238   -0.0147    0.0088   -0.0002
            Z     0.0073    0.0300    0.0089    0.0325   -0.0064   -0.0147
 AT.   7 O  X    -0.0125   -0.0532    0.0028   -0.0447    0.0262   -0.0222
            Y    -0.0443    0.0086    0.0468   -0.0170   -0.0121    0.0259
            Z    -0.0315    0.0166    0.0251   -0.0179   -0.0615    0.0147
 AT.   8 O  X    -0.0222    0.0578   -0.0054   -0.0205   -0.0081   -0.0170
            Y    -0.0061   -0.0126    0.0238    0.0325    0.0030    0.0030
            Z     0.0282   -0.0406   -0.0151   -0.0150   -0.0709   -0.0505
 AT.   9 O  X    -0.0469   -0.0101   -0.0747   -0.0107   -0.0170   -0.0033
            Y    -0.0099   -0.0153   -0.0051   -0.0178    0.0034    0.0092
            Z    -0.0041    0.0294   -0.0746    0.0017   -0.0017    0.0450
 AT.  10 O  X    -0.0226   -0.0567   -0.0262   -0.0339    0.0031    0.0150
            Y    -0.0252    0.0136   -0.0419   -0.0114   -0.0119   -0.0115
            Z    -0.0149    0.0196   -0.0140   -0.0093    0.0251   -0.0306

 FREQ(CM**-1)    373.03    380.39    439.30    459.86    464.70    497.45

 AT.   1 CA X    -0.0185    0.0027    0.0464   -0.0198    0.0146    0.0198
            Y    -0.0400   -0.0033   -0.0039   -0.0281   -0.0032    0.0025
            Z    -0.0085    0.0367   -0.0287    0.0038    0.0232   -0.0146
 AT.   2 MG X    -0.0058    0.0014    0.0056    0.0110   -0.0002    0.0019
            Y     0.0012   -0.0141    0.0039    0.0007   -0.0018   -0.0004
            Z    -0.0046   -0.0019    0.0139    0.0158    0.0002   -0.0011
 AT.   3 C  X     0.0121   -0.0074   -0.0335    0.0042   -0.0223   -0.0351
            Y     0.0158    0.0324    0.0073   -0.0029   -0.0269    0.0079
            Z     0.0461   -0.0317   -0.0060   -0.0061    0.0009    0.0348
 AT.   4 C  X     0.0074    0.0018   -0.0389   -0.0121    0.0046   -0.0291
            Y     0.0277    0.0348    0.0103    0.0160   -0.0020    0.0032
            Z     0.0455   -0.0272    0.0237   -0.0278    0.0023    0.0066
 AT.   5 O  X     0.0353   -0.0364   -0.0339   -0.0016   -0.0155   -0.0148
            Y     0.0450    0.0007    0.0034   -0.0076   -0.0168    0.0206
            Z     0.0770    0.0237   -0.0000   -0.0085   -0.0553    0.0194
 AT.   6 O  X     0.0176    0.0141   -0.0443   -0.0049   -0.0009    0.0205
            Y     0.0124   -0.0071    0.0122    0.0249    0.0338   -0.0124
            Z     0.0050   -0.0363    0.0512    0.0094   -0.0532   -0.0316
 AT.   7 O  X    -0.0177    0.0307    0.0142   -0.0266    0.0239    0.0051
            Y     0.0329   -0.0159   -0.0359    0.0351    0.0420    0.0221
            Z    -0.0345    0.0553    0.0303   -0.0755   -0.0087    0.0065
 AT.   8 O  X     0.0008   -0.0114   -0.0005    0.0577   -0.0258    0.0112
            Y    -0.0233    0.0029   -0.0408    0.0090   -0.0215    0.0148
            Z    -0.0419   -0.0589   -0.0358    0.0013   -0.0642    0.0313
 AT.   9 O  X    -0.0309    0.0320   -0.0434    0.0144    0.0026   -0.0230
            Y     0.0383    0.0357    0.0144    0.0117   -0.0003    0.0025
            Z     0.0328   -0.0078    0.0545   -0.0010   -0.0177    0.0169
 AT.  10 O  X     0.0290   -0.0037   -0.0214   -0.0161    0.0035   -0.0167
            Y    -0.0184    0.0519   -0.0141    0.0287   -0.0007   -0.0070
            Z    -0.0242   -0.0936   -0.0216   -0.0496    0.0097    0.0001

 FREQ(CM**-1)    749.14    757.61    764.05    766.07    886.35    890.32

 AT.   1 CA X     0.0024    0.0029    0.0046   -0.0030   -0.0015    0.0002
            Y    -0.0042   -0.0032    0.0047    0.0008   -0.0002   -0.0011
            Z     0.0008    0.0029    0.0058    0.0010    0.0010    0.0015
 AT.   2 MG X    -0.0008    0.0011    0.0032    0.0037    0.0026    0.0008
            Y    -0.0028    0.0019   -0.0034   -0.0016    0.0000   -0.0025
            Z    -0.0016    0.0002    0.0059    0.0022   -0.0045   -0.0034
 AT.   3 C  X     0.0352   -0.0443    0.0109   -0.0247    0.0001   -0.0004
            Y    -0.0254    0.0215    0.0246   -0.0453    0.0011   -0.0007
            Z     0.0051    0.0002   -0.0004   -0.0072   -0.0195   -0.0013
 AT.   4 C  X     0.0324    0.0018    0.0024   -0.0282   -0.0008    0.0001
            Y    -0.0246    0.0050    0.0004   -0.0516   -0.0009   -0.0009
            Z     0.0054   -0.0049    0.0011   -0.0063    0.0016   -0.0190
 AT.   5 O  X     0.0410   -0.0376   -0.0408    0.0666    0.0004   -0.0001
            Y    -0.0533    0.0682   -0.0338    0.0719   -0.0001   -0.0004
            Z    -0.0035    0.0114   -0.0100    0.0205    0.0060   -0.0018
 AT.   6 O  X    -0.0081   -0.0859    0.0038   -0.0069    0.0112    0.0030
            Y     0.0073   -0.0005   -0.0798    0.0010   -0.0033   -0.0019
            Z    -0.0012    0.0161   -0.0008    0.0007   -0.0443   -0.0447
 AT.   7 O  X     0.0086    0.0250   -0.0819    0.0014   -0.0053    0.0013
            Y     0.0039    0.0597    0.0596    0.0015    0.0054    0.0081
            Z     0.0028   -0.0047   -0.0126    0.0018   -0.0449   -0.0449
 AT.   8 O  X    -0.0402   -0.0278   -0.0727   -0.0378   -0.0046    0.0040
            Y     0.0667    0.0656   -0.0543   -0.0389    0.0002    0.0071
            Z     0.0047    0.0101   -0.0104   -0.0077   -0.0408    0.0416
 AT.   9 O  X    -0.0842    0.0033   -0.0031    0.0260   -0.0002   -0.0007
            Y    -0.0136    0.0060   -0.0020   -0.0748    0.0013    0.0014
            Z     0.0167   -0.0034   -0.0000   -0.0020   -0.0003    0.0055
 AT.  10 O  X     0.0090    0.0078    0.0010   -0.0844   -0.0004    0.0004
            Y     0.0752   -0.0125    0.0040    0.0421   -0.0006   -0.0014
            Z    -0.0134    0.0033    0.0018   -0.0191    0.0001    0.0075

 FREQ(CM**-1)   1169.94   1172.63   1524.47   1555.92   1582.48   1658.29

 AT.   1 CA X    -0.0004   -0.0028    0.0004   -0.0014    0.0003    0.0022
            Y    -0.0002   -0.0011   -0.0012    0.0001   -0.0014   -0.0006
            Z     0.0023    0.0011   -0.0002   -0.0017   -0.0004   -0.0015
 AT.   2 MG X     0.0014    0.0137    0.0012    0.0017    0.0012   -0.0024
            Y    -0.0005   -0.0040    0.0015    0.0005    0.0045   -0.0009
            Z     0.0068   -0.0063   -0.0002    0.0025   -0.0014    0.0022
 AT.   3 C  X    -0.0018    0.0006    0.0060    0.0038   -0.0163   -0.0017
            Y    -0.0011   -0.0024   -0.0536   -0.0046   -0.0018   -0.0175
            Z    -0.0003    0.0002   -0.0014    0.0001    0.0016   -0.0000
 AT.   4 C  X     0.0022   -0.0017   -0.0030    0.0017   -0.0172    0.0038
            Y     0.0014    0.0038    0.0016   -0.0045   -0.0539    0.0176
            Z     0.0005   -0.0008    0.0009    0.0001    0.0019   -0.0000
 AT.   5 O  X     0.0184    0.0686   -0.0111   -0.0031    0.0039   -0.0028
            Y    -0.0145   -0.0546    0.0099    0.0028   -0.0024    0.0032
            Z     0.0001   -0.0028   -0.0004   -0.0008   -0.0000    0.0004
 AT.   6 O  X    -0.0123   -0.0012   -0.0081    0.0105   -0.0097   -0.0157
            Y    -0.0965   -0.0000   -0.0733    0.0057   -0.0624   -0.0133
            Z     0.0024    0.0000    0.0001    0.0022    0.0013    0.0049
 AT.   7 O  X     0.0899    0.0002   -0.0199    0.0562   -0.0257   -0.0607
            Y     0.0378    0.0010   -0.0155    0.0188   -0.0192   -0.0205
            Z     0.0018   -0.0003   -0.0010    0.0014    0.0010    0.0014
 AT.   8 O  X    -0.0694    0.0176    0.0303   -0.0441   -0.0228   -0.0454
            Y     0.0552   -0.0139   -0.0284    0.0275    0.0243    0.0276
            Z     0.0011   -0.0011   -0.0007   -0.0022    0.0012    0.0036
 AT.   9 O  X     0.0010   -0.0126   -0.0008   -0.0002    0.0055   -0.0021
            Y     0.0003   -0.0979   -0.0004    0.0010    0.0236   -0.0067
            Z     0.0002    0.0017   -0.0005   -0.0008   -0.0013    0.0006
 AT.  10 O  X    -0.0003    0.0897    0.0019    0.0012    0.0128   -0.0043
            Y    -0.0018    0.0365    0.0001   -0.0002    0.0069   -0.0033
            Z    -0.0000    0.0020    0.0002    0.0015   -0.0004    0.0000


  DISPERSION K POINT NUMBER    10 COORD:  C(  1  0  0 )    WEIGHT:    1.

    MODES         EIGV          FREQUENCIES     IRREP
             (HARTREE**2)   (CM**-1)     (THZ)
    1-   1    0.4408E-07     46.0784    1.3814  (  1)
    2-   2    0.3298E-06    126.0420    3.7786  (  1)
    3-   3    0.3544E-06    130.6530    3.9169  (  1)
    4-   4    0.4344E-06    144.6588    4.3368  (  1)
    5-   5    0.4946E-06    154.3536    4.6274  (  1)
    6-   6    0.9367E-06    212.4182    6.3681  (  1)
    7-   7    0.1059E-05    225.8713    6.7714  (  1)
    8-   8    0.1268E-05    247.1430    7.4092  (  1)
    9-   9    0.1384E-05    258.1649    7.7396  (  1)
   10-  10    0.1703E-05    286.4442    8.5874  (  1)
   11-  11    0.2100E-05    318.0295    9.5343  (  1)
   12-  12    0.2399E-05    339.9565   10.1916  (  1)
   13-  13    0.2871E-05    371.8556   11.1479  (  1)
   14-  14    0.3104E-05    386.6574   11.5917  (  1)
   15-  15    0.3814E-05    428.6233   12.8498  (  1)
   16-  16    0.4287E-05    454.4484   13.6240  (  1)
   17-  17    0.4381E-05    459.4024   13.7725  (  1)
   18-  18    0.4916E-05    486.6346   14.5889  (  1)
   19-  19    0.1164E-04    748.6852   22.4450  (  1)
   20-  20    0.1196E-04    758.9880   22.7539  (  1)
   21-  21    0.1207E-04    762.4279   22.8570  (  1)
   22-  22    0.1234E-04    770.9978   23.1139  (  1)
   23-  23    0.1628E-04    885.6109   26.5499  (  1)
   24-  24    0.1644E-04    889.8646   26.6775  (  1)
   25-  25    0.2841E-04   1169.9147   35.0732  (  1)
   26-  26    0.2852E-04   1172.0161   35.1362  (  1)
   27-  27    0.4931E-04   1541.0992   46.2010  (  1)
   28-  28    0.5054E-04   1560.2053   46.7738  (  1)
   29-  29    0.5245E-04   1589.5121   47.6524  (  1)
   30-  30    0.5733E-04   1661.8266   49.8203  (  1)

 MODES IN PHASE

 FREQ(CM**-1)     46.08    126.04    130.65    144.66    154.35    212.42

 AT.   1 CA X    -0.0003    0.0156   -0.0359    0.0486   -0.0754    0.0026
            Y    -0.0019   -0.0318    0.0871   -0.0106   -0.0512    0.0027
            Z     0.0005    0.0158    0.0418    0.0857    0.0453    0.0048
 AT.   2 MG X     0.0043    0.0024   -0.0081   -0.0274    0.0012   -0.0013
            Y    -0.0248    0.0163    0.0197    0.0038   -0.0024   -0.0339
            Z     0.0372    0.0017    0.0241    0.0128    0.0022   -0.0091
 AT.   3 C  X     0.0095    0.0066    0.0014    0.0411   -0.0169   -0.0353
            Y     0.0302    0.0179   -0.0272    0.0203   -0.0048    0.0074
            Z    -0.0536   -0.0340    0.0062    0.0145   -0.0209   -0.0194
 AT.   4 C  X     0.0207   -0.0099   -0.0126   -0.0438   -0.0032   -0.0398
            Y     0.0252    0.0178    0.0518   -0.0316   -0.0098   -0.0058
            Z    -0.0269    0.0391    0.0153   -0.0084    0.0046   -0.0082
 AT.   5 O  X     0.0341    0.0320   -0.0013    0.0481   -0.0148   -0.0283
            Y     0.0615    0.0498   -0.0268    0.0326   -0.0017    0.0127
            Z    -0.0773   -0.0366    0.0410    0.0287   -0.0426    0.0473
 AT.   6 O  X     0.0115    0.0237   -0.0307   -0.0503   -0.0366    0.0648
            Y    -0.0325    0.0150    0.0542   -0.0294    0.0028    0.0047
            Z     0.0377    0.0047    0.0397   -0.0181    0.0195    0.0887
 AT.   7 O  X    -0.0339   -0.0293   -0.0059   -0.0228    0.0230    0.0353
            Y     0.0018    0.0610    0.0345   -0.0566   -0.0474    0.0218
            Z    -0.0067    0.1114    0.0041   -0.0117    0.0303   -0.0036
 AT.   8 O  X    -0.0376    0.0316   -0.0031    0.0460   -0.0377    0.0364
            Y    -0.0649    0.0509   -0.0182    0.0309   -0.0299   -0.0082
            Z     0.0821   -0.0369    0.0445    0.0349   -0.0007   -0.0538
 AT.   9 O  X    -0.0082    0.0247   -0.0298   -0.0447   -0.0473   -0.0519
            Y     0.0296    0.0136    0.0536   -0.0307   -0.0009   -0.0084
            Z    -0.0329    0.0056    0.0360   -0.0185    0.0147   -0.0639
 AT.  10 O  X     0.0323   -0.0299   -0.0052   -0.0309    0.0102   -0.0303
            Y    -0.0009    0.0609    0.0350   -0.0494   -0.0482   -0.0230
            Z     0.0137    0.1113    0.0057   -0.0081    0.0225    0.0031

 FREQ(CM**-1)    225.87    247.14    258.16    286.44    318.03    339.96

 AT.   1 CA X     0.0002    0.0192    0.0418    0.0012   -0.0251    0.0073
            Y     0.0010    0.0080   -0.0320    0.0041    0.0301    0.0124
            Z    -0.0004    0.0057    0.0139    0.0135    0.0221    0.0018
 AT.   2 MG X    -0.0147    0.0206   -0.0141    0.0022    0.0867    0.0494
            Y    -0.0569    0.0032   -0.0087    0.0051    0.0337   -0.0701
            Z    -0.0263    0.0417   -0.0029    0.0602   -0.0213    0.0473
 AT.   3 C  X     0.0014   -0.0466    0.0250   -0.0036   -0.0050    0.0222
            Y     0.0180    0.0046    0.0044   -0.0059    0.0149    0.0135
            Z     0.0155   -0.0127    0.0063    0.0045   -0.0319    0.0308
 AT.   4 C  X    -0.0201    0.0488    0.0324   -0.0036   -0.0116    0.0314
            Y     0.0680   -0.0005    0.0163   -0.0076   -0.0131   -0.0155
            Z     0.0277    0.0233   -0.0045    0.0054    0.0430    0.0122
 AT.   5 O  X     0.0003   -0.0358    0.0198   -0.0175    0.0013    0.0214
            Y     0.0122    0.0197   -0.0072   -0.0336    0.0252    0.0181
            Z     0.0397    0.0148    0.0385   -0.0189   -0.0593    0.0603
 AT.   6 O  X    -0.0067   -0.0130   -0.0258   -0.0037    0.0375   -0.0066
            Y    -0.0639   -0.0062    0.0294    0.0088   -0.0109    0.0078
            Z    -0.0178    0.0008   -0.0294    0.0888   -0.0533   -0.0036
 AT.   7 O  X     0.0234    0.0196    0.0235    0.0173    0.0298   -0.0487
            Y    -0.0816   -0.0389   -0.0025   -0.0216   -0.0049    0.0468
            Z    -0.0435   -0.0491    0.0304   -0.0858   -0.0252   -0.0176
 AT.   8 O  X     0.0037    0.0118   -0.0467    0.0094    0.0264   -0.0309
            Y    -0.0176    0.0273   -0.0597    0.0218   -0.0224   -0.0113
            Z    -0.0403    0.0140    0.0583    0.0347    0.0201   -0.0572
 AT.   9 O  X     0.0062    0.0933    0.0325    0.0110   -0.0327    0.0018
            Y     0.0655   -0.0097    0.0164   -0.0105   -0.0112   -0.0170
            Z     0.0168    0.0864   -0.0226   -0.0734    0.0114   -0.0142
 AT.  10 O  X    -0.0256    0.0374    0.0327   -0.0203   -0.0069    0.0433
            Y     0.0851    0.0261    0.0139    0.0237   -0.0214   -0.0484
            Z     0.0475    0.0104    0.0059    0.0909    0.0448    0.0325

 FREQ(CM**-1)    371.86    386.66    428.62    454.45    459.40    486.63

 AT.   1 CA X    -0.0305    0.0062    0.0204   -0.0108    0.0159    0.0042
            Y    -0.0361    0.0295   -0.0063    0.0016    0.0099   -0.0054
            Z    -0.0152   -0.0807   -0.0023    0.0006    0.0016   -0.0059
 AT.   2 MG X     0.0121   -0.0064    0.0006    0.0114    0.0034    0.1537
            Y     0.0278    0.0028   -0.0089    0.0863    0.1171   -0.0188
            Z    -0.0163    0.0068    0.0467    0.1216   -0.0677   -0.0189
 AT.   3 C  X     0.0272    0.0257    0.0363    0.0043    0.0102    0.0321
            Y     0.0167    0.0199   -0.0208    0.0056    0.0167   -0.0097
            Z     0.0024   -0.0043   -0.0204    0.0266   -0.0164   -0.0049
 AT.   4 C  X    -0.0369   -0.0036   -0.0138   -0.0071    0.0298   -0.0047
            Y    -0.0066   -0.0281    0.0142    0.0168    0.0037    0.0147
            Z    -0.0235    0.0320    0.0539   -0.0192    0.0185   -0.0313
 AT.   5 O  X     0.0239    0.0119    0.0265    0.0203   -0.0099    0.0317
            Y     0.0113   -0.0007   -0.0311    0.0221   -0.0052   -0.0091
            Z     0.0828    0.0506   -0.0400    0.0309    0.0089   -0.0036
 AT.   6 O  X     0.0093   -0.0523    0.0212    0.0407   -0.0167   -0.0334
            Y    -0.0029   -0.0285   -0.0033   -0.0443   -0.0249    0.0017
            Z     0.0396    0.0426   -0.0263   -0.0185    0.0501    0.0387
 AT.   7 O  X    -0.0466    0.0008   -0.0177   -0.0034   -0.0321   -0.0118
            Y     0.0201   -0.0590    0.0322   -0.0111   -0.0456   -0.0412
            Z    -0.0456    0.0635   -0.0214    0.0412   -0.0071    0.0324
 AT.   8 O  X     0.0012    0.0078   -0.0261    0.0125   -0.0329    0.0088
            Y     0.0043   -0.0024    0.0032   -0.0262   -0.0117    0.0245
            Z     0.0605    0.0515   -0.0041   -0.0459   -0.0448    0.0083
 AT.   9 O  X    -0.0007   -0.0508   -0.0472   -0.0062    0.0028    0.0094
            Y    -0.0104   -0.0274    0.0221    0.0180    0.0090    0.0103
            Z     0.0467    0.0384    0.0639    0.0016   -0.0368   -0.0112
 AT.  10 O  X    -0.0482    0.0044    0.0090   -0.0106    0.0321   -0.0076
            Y     0.0113   -0.0585   -0.0369    0.0214    0.0068    0.0312
            Z    -0.0123    0.0657   -0.0012   -0.0467    0.0344   -0.0511

 FREQ(CM**-1)    748.69    758.99    762.43    771.00    885.61    889.86

 AT.   1 CA X    -0.0071   -0.0004   -0.0006    0.0007   -0.0002    0.0001
            Y     0.0066    0.0036   -0.0046    0.0001    0.0001   -0.0006
            Z    -0.0032    0.0006   -0.0084    0.0004    0.0000   -0.0006
 AT.   2 MG X    -0.0003    0.0041   -0.0075    0.0209   -0.0016    0.0008
            Y    -0.0003    0.0138    0.0018    0.0004   -0.0016   -0.0039
            Z    -0.0001   -0.0035   -0.0003    0.0216   -0.0044    0.0014
 AT.   3 C  X     0.0283   -0.0366   -0.0162   -0.0193   -0.0017   -0.0004
            Y    -0.0055    0.0379   -0.0305   -0.0137   -0.0003    0.0029
            Z    -0.0003    0.0010   -0.0026    0.0101    0.1787   -0.0517
 AT.   4 C  X    -0.0147   -0.0373    0.0264   -0.0266   -0.0000    0.0005
            Y     0.0114    0.0371    0.0529   -0.0409    0.0045    0.0009
            Z    -0.0018    0.0010    0.0023    0.0040    0.0525    0.1765
 AT.   5 O  X     0.0192   -0.0631    0.0477    0.0207   -0.0059    0.0010
            Y    -0.0437    0.0440    0.0392    0.0539   -0.0068   -0.0010
            Z    -0.0030    0.0052    0.0077    0.0131   -0.0495    0.0171
 AT.   6 O  X     0.1108   -0.0360   -0.0125   -0.0434   -0.0004   -0.0031
            Y     0.0013   -0.0268    0.0764    0.0701   -0.0007    0.0017
            Z    -0.0186    0.0051   -0.0019    0.0106    0.0233    0.0343
 AT.   7 O  X    -0.0289   -0.0149    0.0820    0.0841   -0.0024    0.0004
            Y    -0.0888    0.0416   -0.0527   -0.0272   -0.0033   -0.0046
            Z     0.0113   -0.0036    0.0202    0.0122    0.0254    0.0370
 AT.   8 O  X     0.0363    0.0201    0.0365   -0.0301    0.0062    0.0030
            Y    -0.0760   -0.0357    0.0293   -0.0640    0.0078    0.0048
            Z    -0.0060   -0.0051    0.0050   -0.0154    0.0479    0.0226
 AT.   9 O  X     0.0383    0.1009   -0.0115    0.0392   -0.0009    0.0060
            Y     0.0029    0.0319    0.0767   -0.0705    0.0012   -0.0023
            Z    -0.0083   -0.0208   -0.0022   -0.0093   -0.0134   -0.0506
 AT.  10 O  X    -0.0083    0.0058    0.0821   -0.0831    0.0027   -0.0013
            Y    -0.0307   -0.0978   -0.0533    0.0309    0.0014    0.0071
            Z     0.0067    0.0121    0.0202   -0.0125   -0.0158   -0.0515

 FREQ(CM**-1)   1169.91   1172.02   1541.10   1560.21   1589.51   1661.83

 AT.   1 CA X    -0.0040    0.0002   -0.0001    0.0000    0.0010   -0.0008
            Y    -0.0017    0.0001    0.0019    0.0000   -0.0002    0.0001
            Z     0.0024    0.0003    0.0007    0.0000    0.0008   -0.0003
 AT.   2 MG X    -0.0013    0.0123    0.0006    0.0005   -0.0067   -0.0050
            Y     0.0004   -0.0036    0.0028    0.0056   -0.0010   -0.0012
            Z    -0.0046   -0.0051   -0.0006   -0.0021   -0.0042   -0.0021
 AT.   3 C  X    -0.0022    0.0026   -0.0259    0.0277   -0.0324    0.1681
            Y    -0.0009   -0.0025    0.1707    0.0875   -0.0302    0.0052
            Z     0.0007    0.0002    0.0027   -0.0027    0.0001    0.0018
 AT.   4 C  X     0.0018    0.0042    0.0323    0.0210    0.1699    0.0324
            Y     0.0002   -0.0015   -0.0876    0.1717   -0.0013   -0.0270
            Z    -0.0012    0.0002   -0.0026   -0.0027    0.0008    0.0007
 AT.   5 O  X     0.0578    0.0383    0.0384    0.0082    0.0002   -0.0507
            Y    -0.0455   -0.0309   -0.0365   -0.0114    0.0002    0.0297
            Z    -0.0008   -0.0015   -0.0001   -0.0015   -0.0017   -0.0002
 AT.   6 O  X    -0.0129   -0.0133    0.0048    0.0096    0.0099    0.0060
            Y    -0.0977   -0.1017    0.0361    0.0725   -0.0036   -0.0057
            Z     0.0027    0.0013   -0.0010   -0.0026    0.0007    0.0008
 AT.   7 O  X     0.0891    0.0948    0.0152    0.0322    0.0424    0.0263
            Y     0.0384    0.0389    0.0104    0.0231    0.0141    0.0067
            Z     0.0015    0.0025    0.0003   -0.0012   -0.0018   -0.0002
 AT.   8 O  X     0.0401   -0.0556   -0.0138   -0.0079    0.0368    0.0504
            Y    -0.0315    0.0447    0.0145    0.0111   -0.0228   -0.0295
            Z    -0.0005    0.0021    0.0006    0.0014    0.0019    0.0008
 AT.   9 O  X    -0.0132    0.0132    0.0035   -0.0096   -0.0141   -0.0015
            Y    -0.1014    0.0977    0.0358   -0.0725   -0.0075    0.0098
            Z     0.0029   -0.0013    0.0025    0.0026    0.0002   -0.0010
 AT.  10 O  X     0.0927   -0.0913   -0.0011   -0.0323   -0.0626   -0.0073
            Y     0.0395   -0.0377    0.0043   -0.0231   -0.0209   -0.0007
            Z     0.0016   -0.0025   -0.0000    0.0012    0.0007    0.0013

 MODES IN ANTI-PHASE

 FREQ(CM**-1)     46.08    126.04    130.65    144.66    154.35    212.42

 AT.   1 CA X     0.0051   -0.0003    0.0030   -0.0067   -0.0364   -0.0174
            Y     0.0319    0.0006   -0.0072    0.0015   -0.0247   -0.0179
            Z    -0.0083   -0.0003   -0.0035   -0.0118    0.0219   -0.0324
 AT.   2 MG X    -0.0021    0.0039   -0.0117   -0.0352    0.0159    0.0005
            Y     0.0124    0.0270    0.0284    0.0049   -0.0331    0.0134
            Z    -0.0186    0.0029    0.0348    0.0164    0.0299    0.0036
 AT.   3 C  X     0.0185    0.0076    0.0151    0.0206   -0.0033   -0.0327
            Y     0.0145   -0.0324   -0.0447    0.0244    0.0086   -0.0077
            Z    -0.0064   -0.0248   -0.0249   -0.0028   -0.0132   -0.0039
 AT.   4 C  X     0.0015   -0.0015    0.0085   -0.0140    0.0169   -0.0270
            Y     0.0221   -0.0324   -0.0074    0.0033    0.0013    0.0089
            Z    -0.0468    0.0155   -0.0206   -0.0121    0.0243   -0.0180
 AT.   5 O  X     0.0308    0.0092    0.0110    0.0012   -0.0364   -0.0323
            Y     0.0314   -0.0292   -0.0495    0.0018   -0.0368   -0.0135
            Z    -0.0437    0.0101   -0.0246   -0.0266    0.0329    0.0297
 AT.   6 O  X    -0.0264   -0.0247   -0.0033   -0.0138   -0.0314   -0.0347
            Y     0.0219    0.0345   -0.0013    0.0088   -0.0034    0.0136
            Z    -0.0372   -0.0218    0.0187    0.0043    0.0033   -0.0723
 AT.   7 O  X     0.0111    0.0151   -0.0038    0.0332   -0.0053   -0.0119
            Y    -0.0071    0.0021   -0.0055   -0.0190   -0.0240    0.0073
            Z    -0.0576    0.0005   -0.0103   -0.0119    0.0047    0.0012
 AT.   8 O  X     0.0264   -0.0104   -0.0107   -0.0143    0.0111   -0.0227
            Y     0.0237    0.0272    0.0532   -0.0106    0.0216   -0.0166
            Z    -0.0339   -0.0086    0.0175    0.0178   -0.0538    0.0147
 AT.   9 O  X    -0.0276    0.0237    0.0083    0.0269   -0.0091   -0.0520
            Y     0.0257   -0.0351   -0.0076   -0.0005    0.0044    0.0117
            Z    -0.0415    0.0216   -0.0250    0.0008    0.0132   -0.0950
 AT.  10 O  X     0.0151   -0.0139    0.0048   -0.0258    0.0213   -0.0216
            Y    -0.0073   -0.0046   -0.0003    0.0337   -0.0222    0.0007
            Z    -0.0564   -0.0050    0.0095    0.0146    0.0208    0.0022

 FREQ(CM**-1)    225.87    247.14    258.16    286.44    318.03    339.96

 AT.   1 CA X    -0.0041   -0.0208    0.0458    0.0048    0.0233   -0.0349
            Y    -0.0177   -0.0086   -0.0351    0.0165   -0.0280   -0.0593
            Z     0.0070   -0.0062    0.0152    0.0549   -0.0206   -0.0088
 AT.   2 MG X     0.0074    0.0046    0.0444   -0.0021    0.0266   -0.0163
            Y     0.0287    0.0007    0.0274   -0.0049    0.0104    0.0231
            Z     0.0132    0.0094    0.0092   -0.0578   -0.0065   -0.0156
 AT.   3 C  X    -0.0226    0.0183   -0.0232   -0.0011   -0.0369    0.0291
            Y     0.0663    0.0058   -0.0295   -0.0050    0.0007   -0.0171
            Z     0.0234    0.0227    0.0243    0.0030    0.0327    0.0088
 AT.   4 C  X     0.0103   -0.0113    0.0106   -0.0010   -0.0354    0.0188
            Y    -0.0099    0.0074    0.0249    0.0011    0.0071    0.0153
            Z     0.0049    0.0115   -0.0247   -0.0002    0.0156    0.0296
 AT.   5 O  X    -0.0348   -0.0090   -0.0451   -0.0131   -0.0264    0.0280
            Y     0.0485   -0.0290   -0.0606   -0.0171    0.0243   -0.0132
            Z     0.0077   -0.0152    0.0621    0.0386   -0.0245    0.0047
 AT.   6 O  X     0.0039   -0.0926    0.0303    0.0166    0.0355    0.0106
            Y    -0.0179    0.0103    0.0191   -0.0058    0.0104    0.0245
            Z     0.0074   -0.0867   -0.0254    0.0113   -0.0153    0.0436
 AT.   7 O  X     0.0208   -0.0390    0.0350   -0.0107    0.0091    0.0034
            Y    -0.0355   -0.0231    0.0137    0.0099    0.0211    0.0137
            Z    -0.0375   -0.0066    0.0088    0.0322   -0.0468   -0.0408
 AT.   8 O  X    -0.0346    0.0350    0.0156   -0.0198    0.0006    0.0171
            Y     0.0468   -0.0220   -0.0127   -0.0308   -0.0269   -0.0194
            Z     0.0031   -0.0160    0.0440    0.0254    0.0610   -0.0198
 AT.   9 O  X     0.0046    0.0057   -0.0230    0.0130   -0.0399    0.0124
            Y    -0.0105    0.0070    0.0311   -0.0011    0.0102    0.0194
            Z     0.0094   -0.0076   -0.0316    0.0512    0.0543    0.0414
 AT.  10 O  X     0.0180   -0.0227    0.0266   -0.0015   -0.0304    0.0226
            Y    -0.0260    0.0370   -0.0013   -0.0013    0.0034   -0.0062
            Z    -0.0323    0.0484    0.0311   -0.0113    0.0285   -0.0304

 FREQ(CM**-1)    371.86    386.66    428.62    454.45    459.40    486.63

 AT.   1 CA X     0.0069    0.0004   -0.0589    0.0130   -0.0293   -0.0074
            Y     0.0082    0.0018    0.0183   -0.0019   -0.0182    0.0095
            Z     0.0035   -0.0049    0.0066   -0.0007   -0.0029    0.0103
 AT.   2 MG X     0.0130   -0.0128   -0.0001    0.0019   -0.0001   -0.0011
            Y     0.0300    0.0056    0.0017    0.0145   -0.0031    0.0001
            Z    -0.0176    0.0136   -0.0090    0.0205    0.0018    0.0001
 AT.   3 C  X     0.0257   -0.0070   -0.0087   -0.0059    0.0386    0.0126
            Y    -0.0127    0.0220    0.0113    0.0322    0.0127    0.0114
            Z     0.0382   -0.0329    0.0515    0.0015    0.0124   -0.0386
 AT.   4 C  X     0.0058   -0.0264    0.0347   -0.0017    0.0266    0.0342
            Y    -0.0199   -0.0097   -0.0190    0.0280    0.0207   -0.0029
            Z     0.0302   -0.0089   -0.0129    0.0185   -0.0090   -0.0231
 AT.   5 O  X     0.0471   -0.0331    0.0085   -0.0167    0.0457   -0.0292
            Y     0.0135   -0.0144    0.0344    0.0224    0.0174   -0.0232
            Z     0.0326    0.0105    0.0573    0.0408    0.0476   -0.0076
 AT.   6 O  X     0.0210    0.0094    0.0494   -0.0015    0.0075    0.0090
            Y     0.0181    0.0072   -0.0315   -0.0098    0.0055   -0.0130
            Z    -0.0253   -0.0321   -0.0699    0.0020    0.0113   -0.0101
 AT.   7 O  X     0.0144    0.0303    0.0079    0.0115   -0.0174    0.0160
            Y     0.0157    0.0006    0.0187   -0.0197    0.0216   -0.0117
            Z    -0.0665    0.0224    0.0291    0.0396   -0.0364    0.0402
 AT.   8 O  X    -0.0528    0.0343   -0.0097   -0.0231    0.0332   -0.0422
            Y    -0.0171    0.0142    0.0463   -0.0174    0.0138   -0.0041
            Z    -0.0653   -0.0043    0.0697   -0.0227    0.0185   -0.0008
 AT.   9 O  X    -0.0229   -0.0156    0.0257   -0.0402    0.0181    0.0333
            Y    -0.0151   -0.0106   -0.0227    0.0417    0.0239   -0.0081
            Z     0.0057    0.0370   -0.0386    0.0186   -0.0358   -0.0384
 AT.  10 O  X     0.0072   -0.0300    0.0172    0.0056    0.0174    0.0184
            Y    -0.0228   -0.0077   -0.0052    0.0071    0.0500    0.0294
            Z     0.0797   -0.0146    0.0361   -0.0330   -0.0139   -0.0072

 FREQ(CM**-1)    748.69    758.99    762.43    771.00    885.61    889.86

 AT.   1 CA X    -0.0047   -0.0006    0.0000   -0.0088    0.0017   -0.0003
            Y     0.0044    0.0054    0.0004   -0.0013   -0.0011    0.0015
            Z    -0.0021    0.0008    0.0007   -0.0056   -0.0002    0.0013
 AT.   2 MG X     0.0055   -0.0083   -0.0110   -0.0100    0.0007   -0.0001
            Y     0.0046   -0.0278    0.0026   -0.0002    0.0007    0.0004
            Z     0.0022    0.0070   -0.0004   -0.0103    0.0019   -0.0002
 AT.   3 C  X     0.0399    0.0079   -0.0208   -0.0211    0.0005    0.0004
            Y    -0.0185    0.0040   -0.0434   -0.0385    0.0048    0.0018
            Z     0.0020    0.0003   -0.0009    0.0005   -0.0001    0.1688
 AT.   4 C  X    -0.0467   -0.0033   -0.0005   -0.0105   -0.0017   -0.0003
            Y     0.0156   -0.0086   -0.0036    0.0010   -0.0017    0.0034
            Z    -0.0009   -0.0005    0.0014    0.0092    0.1708    0.0003
 AT.   5 O  X     0.0313   -0.0048    0.0673    0.0609   -0.0021   -0.0051
            Y    -0.0640   -0.0202    0.0597    0.0683   -0.0052   -0.0056
            Z    -0.0052   -0.0034    0.0166    0.0160    0.0017   -0.0467
 AT.   6 O  X    -0.0052    0.0943   -0.0052    0.0233    0.0060   -0.0053
            Y     0.0026    0.0233   -0.0075    0.0078   -0.0024    0.0016
            Z    -0.0012   -0.0204    0.0024   -0.0077   -0.0418    0.0372
 AT.   7 O  X     0.0031   -0.0000   -0.0070   -0.0001   -0.0016    0.0014
            Y     0.0041   -0.0886    0.0085   -0.0258    0.0083   -0.0053
            Z     0.0025    0.0116   -0.0017    0.0032   -0.0402    0.0359
 AT.   8 O  X     0.0055   -0.0600   -0.0740    0.0568   -0.0008   -0.0042
            Y    -0.0155    0.0326   -0.0651    0.0589   -0.0035   -0.0031
            Z    -0.0007    0.0035   -0.0176    0.0138    0.0127   -0.0443
 AT.   9 O  X     0.1042    0.0036    0.0071    0.0299    0.0059   -0.0014
            Y     0.0002   -0.0156   -0.0046   -0.0033   -0.0022   -0.0002
            Z    -0.0166   -0.0033   -0.0021   -0.0093   -0.0459    0.0002
 AT.  10 O  X    -0.0279   -0.0137   -0.0060   -0.0134   -0.0010    0.0007
            Y    -0.0835    0.0038   -0.0001   -0.0212    0.0088   -0.0002
            Z     0.0094    0.0012   -0.0015    0.0012   -0.0449   -0.0027

 FREQ(CM**-1)   1169.91   1172.02   1541.10   1560.21   1589.51   1661.83

 AT.   1 CA X     0.0006   -0.0017    0.0001    0.0006   -0.0026    0.0056
            Y     0.0002   -0.0007   -0.0032    0.0010    0.0004   -0.0007
            Z    -0.0003   -0.0020   -0.0012    0.0005   -0.0019    0.0024
 AT.   2 MG X    -0.0017   -0.0050    0.0000   -0.0003    0.0010    0.0020
            Y     0.0005    0.0014    0.0000   -0.0033    0.0001    0.0005
            Z    -0.0059    0.0021   -0.0000    0.0013    0.0006    0.0008
 AT.   3 C  X    -0.0003    0.0037    0.0221    0.0079    0.1670   -0.0076
            Y     0.0006   -0.0010   -0.0002    0.1477   -0.0087   -0.0291
            Z     0.0011    0.0002   -0.0014   -0.0015    0.0008    0.0003
 AT.   4 C  X     0.0013    0.0016   -0.0109    0.0198    0.0080    0.1651
            Y     0.0011   -0.0022    0.1466   -0.0003   -0.0314    0.0119
            Z     0.0003    0.0002    0.0016   -0.0015    0.0003    0.0017
 AT.   5 O  X     0.0561    0.0681   -0.0056    0.0234   -0.0535   -0.0061
            Y    -0.0447   -0.0545    0.0038   -0.0267    0.0328    0.0035
            Z    -0.0013   -0.0024   -0.0007   -0.0017   -0.0010   -0.0023
 AT.   6 O  X     0.0027   -0.0013   -0.0067   -0.0029    0.0101   -0.0154
            Y     0.0272    0.0003   -0.0612   -0.0022    0.0147   -0.0156
            Z    -0.0011    0.0003   -0.0023    0.0023   -0.0011    0.0008
 AT.   7 O  X    -0.0256    0.0006   -0.0073   -0.0072    0.0462   -0.0638
            Y    -0.0092    0.0010   -0.0108   -0.0017    0.0155   -0.0203
            Z    -0.0007    0.0003   -0.0001   -0.0006    0.0009   -0.0040
 AT.   8 O  X    -0.0698    0.0549   -0.0362    0.0235   -0.0389    0.0084
            Y     0.0555   -0.0439    0.0337   -0.0269    0.0236   -0.0050
            Z     0.0014   -0.0019   -0.0002   -0.0018    0.0005   -0.0021
 AT.   9 O  X     0.0009    0.0025   -0.0074   -0.0028    0.0005   -0.0164
            Y     0.0006    0.0282   -0.0614   -0.0013    0.0131   -0.0134
            Z     0.0003   -0.0000   -0.0002    0.0023   -0.0013    0.0006
 AT.  10 O  X     0.0001   -0.0255   -0.0168   -0.0068    0.0041   -0.0686
            Y    -0.0017   -0.0097   -0.0144   -0.0014    0.0015   -0.0213
            Z     0.0002   -0.0004   -0.0003   -0.0006    0.0019   -0.0038


  DISPERSION K POINT NUMBER    11 COORD:  C(  1  0  1 )    WEIGHT:    1.

    MODES         EIGV          FREQUENCIES     IRREP
             (HARTREE**2)   (CM**-1)     (THZ)
    1-   1    0.1637E-06     88.7954    2.6620  (  1)
    2-   2    0.2280E-06    104.8084    3.1421  (  1)
    3-   3    0.4141E-06    141.2340    4.2341  (  1)
    4-   4    0.4883E-06    153.3687    4.5979  (  1)
    5-   5    0.6153E-06    172.1584    5.1612  (  1)
    6-   6    0.7424E-06    189.1089    5.6693  (  1)
    7-   7    0.9050E-06    208.7912    6.2594  (  1)
    8-   8    0.1071E-05    227.1761    6.8106  (  1)
    9-   9    0.1487E-05    267.6525    8.0240  (  1)
   10-  10    0.1840E-05    297.7024    8.9249  (  1)
   11-  11    0.2185E-05    324.4285    9.7261  (  1)
   12-  12    0.2298E-05    332.7123    9.9745  (  1)
   13-  13    0.2889E-05    373.0313   11.1832  (  1)
   14-  14    0.3004E-05    380.3925   11.4039  (  1)
   15-  15    0.4006E-05    439.2982   13.1698  (  1)
   16-  16    0.4390E-05    459.8648   13.7864  (  1)
   17-  17    0.4483E-05    464.6985   13.9313  (  1)
   18-  18    0.5137E-05    497.4497   14.9132  (  1)
   19-  19    0.1165E-04    749.1361   22.4585  (  1)
   20-  20    0.1192E-04    757.6143   22.7127  (  1)
   21-  21    0.1212E-04    764.0496   22.9056  (  1)
   22-  22    0.1218E-04    766.0688   22.9662  (  1)
   23-  23    0.1631E-04    886.3517   26.5722  (  1)
   24-  24    0.1646E-04    890.3211   26.6912  (  1)
   25-  25    0.2842E-04   1169.9442   35.0740  (  1)
   26-  26    0.2855E-04   1172.6325   35.1546  (  1)
   27-  27    0.4825E-04   1524.4707   45.7025  (  1)
   28-  28    0.5026E-04   1555.9187   46.6453  (  1)
   29-  29    0.5199E-04   1582.4768   47.4415  (  1)
   30-  30    0.5709E-04   1658.2871   49.7142  (  1)

 MODES IN PHASE

 FREQ(CM**-1)     88.80    104.81    141.23    153.37    172.16    189.11

 AT.   1 CA X    -0.0212   -0.0040    0.0687    0.0886   -0.0093   -0.0113
            Y     0.0817   -0.0071    0.0073    0.0143    0.0028    0.0254
            Z     0.0154   -0.0017    0.0864   -0.0498    0.0090    0.0128
 AT.   2 MG X     0.0181   -0.0072    0.0077   -0.0206   -0.0376   -0.0065
            Y     0.0219    0.0005   -0.0252   -0.0090    0.0134   -0.0056
            Z    -0.0133   -0.0420   -0.0127    0.0222   -0.0293   -0.0001
 AT.   3 C  X     0.0366    0.0120    0.0085    0.0382    0.0386    0.0272
            Y     0.0048   -0.0011    0.0012    0.0102   -0.0146    0.0414
            Z    -0.0114    0.0495    0.0194   -0.0065   -0.0090   -0.0174
 AT.   4 C  X     0.0371   -0.0130    0.0078    0.0179   -0.0503    0.0127
            Y     0.0052   -0.0052    0.0020    0.0220   -0.0132   -0.0043
            Z    -0.0113   -0.0575    0.0186    0.0091   -0.0101   -0.0368
 AT.   5 O  X     0.0172   -0.0055    0.0338    0.0338    0.0467    0.0482
            Y    -0.0176   -0.0236    0.0310    0.0018   -0.0001    0.0699
            Z     0.0030    0.0221    0.0674   -0.0033   -0.0134   -0.0810
 AT.   6 O  X    -0.0860   -0.0500   -0.0142    0.0126    0.0220    0.0140
            Y    -0.0108   -0.0117    0.0098   -0.0238    0.0272   -0.0216
            Z     0.0065   -0.0522   -0.0112   -0.0518    0.0216    0.0212
 AT.   7 O  X     0.0260    0.0006    0.0217    0.0363    0.0504    0.0347
            Y     0.0298    0.0298   -0.0370    0.0141   -0.0402    0.0257
            Z    -0.0403    0.0640    0.0016   -0.0468   -0.0710    0.0192
 AT.   8 O  X     0.0174    0.0108    0.0338    0.0202   -0.0522    0.0336
            Y    -0.0178    0.0250    0.0326    0.0201   -0.0160    0.0297
            Z     0.0030   -0.0435    0.0665   -0.0072    0.0315   -0.0469
 AT.   9 O  X    -0.0855    0.0415   -0.0114    0.0431    0.0254    0.0187
            Y    -0.0109    0.0147    0.0091   -0.0207   -0.0150    0.0377
            Z     0.0069    0.0322   -0.0091   -0.0358    0.0447    0.0204
 AT.  10 O  X     0.0262    0.0028    0.0216    0.0182   -0.0585    0.0222
            Y     0.0309   -0.0460   -0.0376    0.0181    0.0010   -0.0264
            Z    -0.0395   -0.0673    0.0011   -0.0197    0.0168   -0.0350

 FREQ(CM**-1)    208.79    227.18    267.65    297.70    324.43    332.71

 AT.   1 CA X     0.0014    0.0028   -0.0079   -0.0013    0.0086   -0.0004
            Y     0.0133    0.0008   -0.0325    0.0021   -0.0035   -0.0010
            Z    -0.0113   -0.0045    0.0229   -0.0011   -0.0084   -0.0006
 AT.   2 MG X     0.0409   -0.0209    0.0248   -0.0284    0.0865    0.0130
            Y     0.0063   -0.0068   -0.0081    0.0636    0.0370   -0.0306
            Z     0.0220    0.0423   -0.0190   -0.0196    0.0226   -0.0719
 AT.   3 C  X    -0.0189    0.0127    0.0064    0.0133   -0.0177   -0.0048
            Y    -0.0225    0.0479    0.0369   -0.0398    0.0118    0.0032
            Z     0.0212   -0.0146    0.0211    0.0151   -0.0243    0.0059
 AT.   4 C  X     0.0046   -0.0220   -0.0132   -0.0171    0.0227    0.0050
            Y     0.0293   -0.0386    0.0471    0.0425   -0.0127   -0.0026
            Z    -0.0243    0.0052    0.0318   -0.0133    0.0208   -0.0055
 AT.   5 O  X    -0.0428    0.0179    0.0069    0.0275   -0.0131    0.0074
            Y    -0.0530    0.0512    0.0320   -0.0171    0.0172    0.0267
            Z     0.0534   -0.0266   -0.0209   -0.0238   -0.0892   -0.0229
 AT.   6 O  X    -0.0326   -0.0638   -0.0123   -0.0196   -0.0139   -0.0028
            Y     0.0268    0.0017   -0.0389    0.0378    0.0015   -0.0181
            Z    -0.0643   -0.0404    0.0114    0.0501    0.0321   -0.0580
 AT.   7 O  X    -0.0322    0.0157    0.0042    0.0140   -0.0235    0.0009
            Y     0.0108    0.0411    0.0502   -0.0435    0.0320   -0.0107
            Z    -0.0330    0.0009    0.0677    0.0872   -0.0041    0.0299
 AT.   8 O  X     0.0234   -0.0228   -0.0258   -0.0314    0.0116   -0.0069
            Y     0.0519   -0.0366    0.0251    0.0204   -0.0261   -0.0259
            Z    -0.0418    0.0217   -0.0068    0.0255    0.0978    0.0238
 AT.   9 O  X     0.0220    0.0699    0.0020    0.0223    0.0165    0.0019
            Y    -0.0168   -0.0174   -0.0188   -0.0344    0.0026    0.0179
            Z     0.0454    0.0525    0.0181   -0.0493   -0.0023    0.0573
 AT.  10 O  X     0.0142   -0.0210   -0.0231   -0.0169    0.0264   -0.0001
            Y     0.0072   -0.0415    0.0766    0.0445   -0.0311    0.0104
            Z     0.0322   -0.0091    0.0976   -0.0893    0.0060   -0.0317

 FREQ(CM**-1)    373.03    380.39    439.30    459.86    464.70    497.45

 AT.   1 CA X    -0.0541   -0.0018   -0.0277   -0.0277   -0.0025    0.0062
            Y    -0.0049   -0.0047    0.0590    0.0025    0.0077   -0.0081
            Z     0.0105   -0.0437   -0.0401   -0.0031    0.0126    0.0074
 AT.   2 MG X     0.0029    0.0325    0.0093   -0.0408    0.1281   -0.0438
            Y    -0.0088    0.0233   -0.0043    0.0615    0.0546    0.1342
            Z    -0.0073   -0.0054   -0.0211    0.1059    0.0153   -0.0825
 AT.   3 C  X     0.0169    0.0328    0.0044    0.0057    0.0207   -0.0127
            Y     0.0140    0.0118   -0.0252    0.0123   -0.0008    0.0355
            Z    -0.0110    0.0235    0.0558    0.0227    0.0018   -0.0258
 AT.   4 C  X     0.0260    0.0133    0.0067    0.0090   -0.0395    0.0063
            Y     0.0115   -0.0209   -0.0318    0.0274    0.0093   -0.0260
            Z    -0.0347   -0.0168    0.0507    0.0211    0.0002    0.0372
 AT.   5 O  X     0.0159    0.0438    0.0329    0.0136    0.0291   -0.0300
            Y     0.0129    0.0232    0.0169    0.0202    0.0041    0.0083
            Z     0.0385    0.0846    0.0107    0.0345    0.0169    0.0039
 AT.   6 O  X     0.0396   -0.0064    0.0327    0.0392    0.0229    0.0144
            Y    -0.0117    0.0172   -0.0124   -0.0462   -0.0104   -0.0171
            Z    -0.0478    0.0552   -0.0219   -0.0032   -0.0404   -0.0234
 AT.   7 O  X     0.0234    0.0476    0.0147    0.0136    0.0170   -0.0103
            Y     0.0107   -0.0128   -0.0624   -0.0105    0.0140    0.0390
            Z    -0.0172    0.0145    0.0736    0.0030    0.0128   -0.0389
 AT.   8 O  X     0.0066    0.0094    0.0327    0.0139   -0.0559    0.0337
            Y    -0.0162   -0.0296    0.0094    0.0355   -0.0025    0.0007
            Z     0.0339   -0.0388    0.0015    0.0667   -0.0163   -0.0073
 AT.   9 O  X     0.0059   -0.0184    0.0366   -0.0155    0.0063    0.0003
            Y    -0.0135    0.0343   -0.0032    0.0074    0.0015    0.0277
            Z     0.0045   -0.0132   -0.0282    0.0090   -0.0243   -0.0024
 AT.  10 O  X     0.0226    0.0095    0.0143    0.0159   -0.0332    0.0052
            Y     0.0349   -0.0177   -0.0624    0.0186   -0.0222   -0.0404
            Z    -0.0295    0.0381    0.0742   -0.0098   -0.0512    0.0463

 FREQ(CM**-1)    749.14    757.61    764.05    766.07    886.35    890.32

 AT.   1 CA X    -0.0011   -0.0014    0.0086    0.0003    0.0006    0.0015
            Y    -0.0020   -0.0045   -0.0023   -0.0013   -0.0008    0.0014
            Z    -0.0004   -0.0032   -0.0079    0.0004    0.0006    0.0027
 AT.   2 MG X     0.0051    0.0215    0.0037    0.0017    0.0007    0.0002
            Y     0.0012    0.0003    0.0124   -0.0147   -0.0011    0.0002
            Z    -0.0028   -0.0016    0.0163   -0.0079    0.0023   -0.0003
 AT.   3 C  X    -0.0070    0.0066   -0.0228    0.0522    0.0018    0.0012
            Y    -0.0308   -0.0128   -0.0060    0.0013   -0.0031   -0.0047
            Z    -0.0060    0.0053   -0.0022   -0.0072   -0.0723    0.1762
 AT.   4 C  X     0.0091    0.0078   -0.0469   -0.0283   -0.0019    0.0012
            Y     0.0101   -0.0312   -0.0093   -0.0008    0.0070   -0.0019
            Z     0.0060    0.0052   -0.0030    0.0060    0.1783    0.0717
 AT.   5 O  X     0.0524    0.0158    0.0084    0.0060    0.0017   -0.0087
            Y     0.0252   -0.0073    0.0470   -0.0828    0.0033   -0.0030
            Z     0.0114   -0.0010    0.0041   -0.0175    0.0205   -0.0504
 AT.   6 O  X     0.0376    0.0461   -0.0977    0.0902    0.0024   -0.0045
            Y     0.0730    0.0654    0.0406   -0.0217   -0.0046    0.0001
            Z    -0.0048   -0.0115    0.0140   -0.0162   -0.0474    0.0236
 AT.   7 O  X    -0.0431   -0.0090   -0.0337    0.0443    0.0001   -0.0004
            Y     0.0487    0.0244   -0.0182    0.0556   -0.0060    0.0035
            Z    -0.0135   -0.0027    0.0004   -0.0021    0.0198   -0.0514
 AT.   8 O  X    -0.0157    0.0469    0.0114   -0.0044   -0.0026   -0.0035
            Y    -0.0137    0.0020    0.0911    0.0438   -0.0080   -0.0006
            Z    -0.0064    0.0025    0.0105    0.0103   -0.0492   -0.0186
 AT.   9 O  X    -0.0319    0.0449   -0.0827   -0.1082   -0.0011   -0.0097
            Y    -0.0702    0.0697    0.0329    0.0252    0.0023   -0.0000
            Z     0.0042   -0.0120    0.0138    0.0216    0.0250    0.0499
 AT.  10 O  X     0.0186   -0.0310   -0.0620   -0.0216   -0.0025   -0.0010
            Y    -0.0123    0.0568   -0.0381   -0.0333    0.0128    0.0005
            Z     0.0061   -0.0112    0.0007    0.0015   -0.0485   -0.0210

 FREQ(CM**-1)   1169.94   1172.63   1524.47   1555.92   1582.48   1658.29

 AT.   1 CA X     0.0002    0.0032   -0.0007   -0.0010   -0.0022   -0.0003
            Y    -0.0002   -0.0025   -0.0007    0.0022   -0.0021    0.0012
            Z     0.0017    0.0015    0.0001    0.0028    0.0008   -0.0009
 AT.   2 MG X     0.0001    0.0004   -0.0008   -0.0024    0.0013    0.0023
            Y    -0.0006   -0.0015    0.0001    0.0022    0.0003   -0.0018
            Z    -0.0030    0.0007   -0.0001    0.0044    0.0004    0.0026
 AT.   3 C  X    -0.0027   -0.0024   -0.0364   -0.0417    0.1533   -0.0900
            Y     0.0012   -0.0030   -0.0207    0.0667    0.0818    0.1445
            Z     0.0007   -0.0006   -0.0005    0.0019    0.0012   -0.0052
 AT.   4 C  X     0.0017   -0.0002    0.1445   -0.0839    0.0199    0.0330
            Y    -0.0004    0.0007    0.0953    0.1512    0.0288   -0.0807
            Z    -0.0009    0.0005   -0.0016    0.0043   -0.0013    0.0027
 AT.   5 O  X     0.0256   -0.0801    0.0071    0.0240   -0.0326    0.0528
            Y    -0.0174    0.0619   -0.0040   -0.0222    0.0123   -0.0480
            Z    -0.0006    0.0020   -0.0004   -0.0025   -0.0012    0.0015
 AT.   6 O  X    -0.0147    0.0074   -0.0105    0.0025    0.0065   -0.0009
            Y    -0.0987    0.0497   -0.0452    0.0616    0.0162    0.0279
            Z     0.0012   -0.0020    0.0006    0.0030   -0.0008   -0.0017
 AT.   7 O  X    -0.0283    0.0952    0.0166    0.0063   -0.0660    0.0184
            Y    -0.0108    0.0393    0.0081   -0.0025   -0.0269   -0.0090
            Z    -0.0005    0.0017    0.0005   -0.0003   -0.0009    0.0054
 AT.   8 O  X    -0.0815   -0.0245   -0.0241    0.0511   -0.0036   -0.0236
            Y     0.0613    0.0179    0.0101   -0.0456   -0.0018    0.0235
            Z     0.0018    0.0003    0.0011   -0.0024   -0.0002   -0.0008
 AT.   9 O  X     0.0075    0.0145    0.0056    0.0019    0.0133   -0.0006
            Y     0.0511    0.0973    0.0253    0.0322    0.0414   -0.0594
            Z    -0.0003   -0.0032    0.0003    0.0021   -0.0016    0.0039
 AT.  10 O  X     0.0938    0.0285   -0.0690    0.0121   -0.0092   -0.0039
            Y     0.0390    0.0106   -0.0304   -0.0068   -0.0063    0.0060
            Z     0.0025    0.0005   -0.0002   -0.0021    0.0009   -0.0024

 MODES IN ANTI-PHASE

 FREQ(CM**-1)     88.80    104.81    141.23    153.37    172.16    189.11

 AT.   1 CA X    -0.0002    0.0233   -0.0023    0.0326   -0.0180   -0.0111
            Y     0.0008    0.0414   -0.0002    0.0053    0.0054    0.0249
            Z     0.0002    0.0101   -0.0030   -0.0183    0.0173    0.0126
 AT.   2 MG X    -0.0307   -0.0060   -0.0145    0.0172   -0.0017    0.0018
            Y    -0.0370    0.0004    0.0474    0.0075    0.0006    0.0015
            Z     0.0225   -0.0349    0.0239   -0.0185   -0.0013    0.0000
 AT.   3 C  X     0.0284    0.0050    0.0107   -0.0173   -0.0344    0.0122
            Y     0.0173    0.0188   -0.0108    0.0220   -0.0264   -0.0050
            Z     0.0043    0.0325    0.0115    0.0216   -0.0186   -0.0366
 AT.   4 C  X    -0.0277    0.0007   -0.0113    0.0379    0.0118    0.0270
            Y    -0.0172    0.0181    0.0107   -0.0101   -0.0271    0.0415
            Z    -0.0045    0.0142   -0.0128   -0.0207   -0.0181   -0.0168
 AT.   5 O  X     0.0080   -0.0168   -0.0009   -0.0085   -0.0309    0.0328
            Y    -0.0101   -0.0083   -0.0238    0.0288   -0.0196    0.0286
            Z     0.0025    0.0683    0.0107   -0.0072    0.0291   -0.0456
 AT.   6 O  X     0.0222    0.0170   -0.0406    0.0517    0.0465    0.0185
            Y    -0.0048   -0.0111    0.0103   -0.0040    0.0008    0.0381
            Z     0.0196    0.0512   -0.0307    0.0057    0.0698    0.0200
 AT.   7 O  X     0.0113   -0.0103    0.0011   -0.0146   -0.0360    0.0216
            Y     0.0543    0.0538    0.0099    0.0114   -0.0270   -0.0268
            Z     0.0417    0.0209    0.0068    0.0246   -0.0294   -0.0353
 AT.   8 O  X    -0.0077   -0.0140   -0.0014    0.0283    0.0204    0.0476
            Y     0.0097   -0.0000    0.0216   -0.0207   -0.0114    0.0694
            Z    -0.0025    0.0571   -0.0153    0.0033    0.0058   -0.0802
 AT.   9 O  X    -0.0239    0.0327    0.0414   -0.0312    0.0448    0.0136
            Y     0.0046   -0.0066   -0.0110   -0.0124    0.0227   -0.0222
            Z    -0.0195    0.0656    0.0314   -0.0379    0.0578    0.0209
 AT.  10 O  X    -0.0108   -0.0100   -0.0025    0.0347    0.0205    0.0343
            Y    -0.0537    0.0408   -0.0074    0.0005   -0.0484    0.0261
            Z    -0.0425   -0.0016   -0.0069   -0.0491   -0.0750    0.0198

 FREQ(CM**-1)    208.79    227.18    267.65    297.70    324.43    332.71

 AT.   1 CA X    -0.0056   -0.0199   -0.0028    0.0219    0.0399   -0.0289
            Y    -0.0524   -0.0058   -0.0114   -0.0340   -0.0164   -0.0709
            Z     0.0446    0.0323    0.0081    0.0176   -0.0387   -0.0445
 AT.   2 MG X     0.0399   -0.0163   -0.0212   -0.0188    0.0278    0.0072
            Y     0.0062   -0.0053    0.0070    0.0420    0.0119   -0.0171
            Z     0.0214    0.0329    0.0162   -0.0130    0.0072   -0.0402
 AT.   3 C  X     0.0251    0.0360   -0.0290    0.0326    0.0161    0.0087
            Y    -0.0199   -0.0274    0.0292   -0.0244   -0.0047    0.0212
            Z     0.0119    0.0321    0.0245   -0.0136   -0.0032    0.0167
 AT.   4 C  X     0.0311    0.0312    0.0266    0.0307    0.0073    0.0086
            Y    -0.0068   -0.0394    0.0004   -0.0194    0.0006    0.0212
            Z     0.0004    0.0348   -0.0059   -0.0153   -0.0130    0.0169
 AT.   5 O  X     0.0298    0.0206   -0.0498    0.0342   -0.0007    0.0180
            Y    -0.0112   -0.0466    0.0003   -0.0284   -0.0252    0.0272
            Z    -0.0107    0.0146    0.0150   -0.0153    0.0401    0.0331
 AT.   6 O  X     0.0138   -0.0313    0.0185   -0.0231    0.0094   -0.0337
            Y    -0.0141    0.0578    0.0183   -0.0259    0.0097   -0.0047
            Z     0.0232   -0.0496    0.0146   -0.0034    0.0653   -0.0215
 AT.   7 O  X     0.0296    0.0219   -0.0420    0.0247    0.0120    0.0281
            Y    -0.0349    0.0072    0.0599   -0.0109   -0.0049   -0.0114
            Z    -0.0067    0.0302    0.0716    0.0227    0.0055   -0.0628
 AT.   8 O  X     0.0466    0.0149    0.0431    0.0306   -0.0060    0.0182
            Y     0.0155   -0.0588    0.0198   -0.0261   -0.0158    0.0280
            Z    -0.0349    0.0213   -0.0248   -0.0123   -0.0003    0.0325
 AT.   9 O  X     0.0277   -0.0127   -0.0222   -0.0206    0.0028   -0.0338
            Y    -0.0252    0.0552   -0.0387   -0.0303    0.0095   -0.0052
            Z     0.0511   -0.0367   -0.0042   -0.0094    0.0727   -0.0231
 AT.  10 O  X     0.0414    0.0168    0.0354    0.0228    0.0012    0.0281
            Y    -0.0358   -0.0043   -0.0152   -0.0055    0.0088   -0.0117
            Z     0.0099    0.0288   -0.0133    0.0120    0.0033   -0.0619

 FREQ(CM**-1)    373.03    380.39    439.30    459.86    464.70    497.45

 AT.   1 CA X     0.0155   -0.0014    0.0035   -0.0338   -0.0046    0.0127
            Y     0.0014   -0.0038   -0.0075    0.0030    0.0144   -0.0167
            Z    -0.0030   -0.0353    0.0051   -0.0037    0.0234    0.0153
 AT.   2 MG X    -0.0117   -0.0125   -0.0223    0.0067    0.0041   -0.0031
            Y     0.0355   -0.0090    0.0104   -0.0101    0.0017    0.0096
            Z     0.0293    0.0021    0.0502   -0.0174    0.0005   -0.0059
 AT.   3 C  X    -0.0220    0.0066   -0.0099    0.0103   -0.0336   -0.0020
            Y     0.0008   -0.0239    0.0296    0.0304    0.0106   -0.0052
            Z     0.0479   -0.0223    0.0134    0.0261    0.0015    0.0271
 AT.   4 C  X     0.0097    0.0306    0.0085    0.0077   -0.0014   -0.0113
            Y    -0.0081    0.0166   -0.0223    0.0180    0.0052    0.0247
            Z    -0.0348    0.0277   -0.0270    0.0274    0.0023   -0.0035
 AT.   5 O  X     0.0129    0.0001   -0.0034    0.0169   -0.0478    0.0193
            Y     0.0511   -0.0353    0.0277    0.0403   -0.0002    0.0074
            Z    -0.0025   -0.0580    0.0357    0.0750   -0.0084   -0.0062
 AT.   6 O  X     0.0521   -0.0174   -0.0196   -0.0079    0.0227    0.0117
            Y     0.0069    0.0314   -0.0350   -0.0017   -0.0052    0.0218
            Z    -0.0850   -0.0254    0.0283    0.0085   -0.0561   -0.0215
 AT.   7 O  X    -0.0052   -0.0006   -0.0002    0.0189   -0.0286   -0.0014
            Y    -0.0487   -0.0153    0.0082    0.0169   -0.0174   -0.0207
            Z     0.0281    0.0358   -0.0117   -0.0094   -0.0529    0.0283
 AT.   8 O  X    -0.0194    0.0428   -0.0050    0.0166   -0.0022   -0.0116
            Y    -0.0502    0.0301   -0.0310    0.0278    0.0033    0.0111
            Z    -0.0183    0.0949   -0.0373    0.0486    0.0094   -0.0008
 AT.   9 O  X    -0.0652   -0.0025    0.0108    0.0369    0.0316    0.0185
            Y     0.0004    0.0102    0.0370   -0.0456   -0.0115    0.0000
            Z     0.0974    0.0593   -0.0220   -0.0014   -0.0647   -0.0317
 AT.  10 O  X    -0.0080    0.0467   -0.0035    0.0171   -0.0016   -0.0089
            Y     0.0356   -0.0093    0.0077   -0.0070    0.0020    0.0178
            Z    -0.0147    0.0066   -0.0071    0.0011   -0.0187   -0.0130

 FREQ(CM**-1)    749.14    757.61    764.05    766.07    886.35    890.32

 AT.   1 CA X    -0.0051   -0.0003    0.0029    0.0011   -0.0009   -0.0010
            Y    -0.0089   -0.0009   -0.0008   -0.0041    0.0012   -0.0009
            Z    -0.0018   -0.0006   -0.0026    0.0014   -0.0010   -0.0017
 AT.   2 MG X     0.0016   -0.0246   -0.0032    0.0004    0.0013    0.0033
            Y     0.0004   -0.0003   -0.0110   -0.0034   -0.0022    0.0036
            Z    -0.0009    0.0018   -0.0144   -0.0018    0.0045   -0.0062
 AT.   3 C  X     0.0065    0.0044   -0.0477    0.0270    0.0013   -0.0008
            Y    -0.0417   -0.0511   -0.0075    0.0004   -0.0063   -0.0000
            Z     0.0014    0.0008   -0.0020    0.0002   -0.1630    0.0019
 AT.   4 C  X     0.0029   -0.0016    0.0245    0.0515   -0.0012   -0.0007
            Y    -0.0508    0.0425    0.0024    0.0011    0.0002    0.0043
            Z    -0.0012    0.0012    0.0003   -0.0039   -0.0022   -0.1610
 AT.   5 O  X     0.0745    0.0852    0.0078    0.0010    0.0021   -0.0002
            Y     0.0214    0.0231    0.0891   -0.0447    0.0073   -0.0007
            Z     0.0093    0.0091    0.0120   -0.0076    0.0448   -0.0026
 AT.   6 O  X     0.0050    0.0060   -0.0077   -0.0597    0.0001    0.0086
            Y    -0.0096    0.0242    0.0007    0.0129   -0.0004    0.0001
            Z    -0.0002   -0.0038    0.0043    0.0146   -0.0058   -0.0441
 AT.   7 O  X    -0.0479   -0.0597   -0.0584    0.0271    0.0027    0.0009
            Y     0.0748    0.0903   -0.0392    0.0230   -0.0114    0.0010
            Z    -0.0143   -0.0229    0.0007   -0.0004    0.0443   -0.0005
 AT.   8 O  X     0.0897   -0.0728   -0.0012    0.0041   -0.0007    0.0080
            Y     0.0301   -0.0241   -0.0431   -0.0833    0.0001    0.0030
            Z     0.0132   -0.0088   -0.0071   -0.0161    0.0001    0.0469
 AT.   9 O  X     0.0205    0.0119   -0.0525    0.0008   -0.0022    0.0005
            Y     0.0224    0.0024    0.0238   -0.0014    0.0041   -0.0001
            Z    -0.0022   -0.0008    0.0049    0.0030    0.0407   -0.0031
 AT.  10 O  X    -0.0617    0.0518    0.0265    0.0472    0.0010   -0.0000
            Y     0.0884   -0.0743    0.0204    0.0501    0.0007   -0.0036
            Z    -0.0186    0.0202   -0.0003   -0.0015    0.0004    0.0470

 FREQ(CM**-1)   1169.94   1172.63   1524.47   1555.92   1582.48   1658.29

 AT.   1 CA X    -0.0003   -0.0023    0.0009   -0.0006    0.0019   -0.0006
            Y     0.0002    0.0019    0.0010    0.0014    0.0018    0.0023
            Z    -0.0024   -0.0011   -0.0002    0.0018   -0.0007   -0.0016
 AT.   2 MG X     0.0003    0.0034   -0.0019    0.0013    0.0071    0.0001
            Y    -0.0015   -0.0139    0.0003   -0.0011    0.0019   -0.0000
            Z    -0.0068    0.0063   -0.0001   -0.0023    0.0023    0.0001
 AT.   3 C  X    -0.0009   -0.0006   -0.1400   -0.0730    0.0058   -0.0188
            Y    -0.0000   -0.0017   -0.0933    0.1356   -0.0153   -0.0028
            Z     0.0007   -0.0007    0.0018    0.0038    0.0016   -0.0001
 AT.   4 C  X     0.0023    0.0024   -0.0050   -0.0056   -0.1521   -0.0858
            Y    -0.0012    0.0034   -0.0068    0.0007   -0.0781    0.1198
            Z    -0.0005    0.0008    0.0010    0.0001   -0.0014   -0.0044
 AT.   5 O  X     0.0774    0.0003    0.0231    0.0451   -0.0019    0.0060
            Y    -0.0588    0.0008   -0.0094   -0.0399    0.0039   -0.0030
            Z    -0.0018    0.0003   -0.0010   -0.0015    0.0000    0.0001
 AT.   6 O  X    -0.0033   -0.0129   -0.0027    0.0009   -0.0124   -0.0012
            Y    -0.0223   -0.0863   -0.0130    0.0059   -0.0393   -0.0527
            Z    -0.0001    0.0027   -0.0004    0.0009    0.0015    0.0035
 AT.   7 O  X    -0.0894    0.0003    0.0670    0.0104   -0.0018    0.0072
            Y    -0.0375    0.0014    0.0293   -0.0063    0.0018    0.0013
            Z    -0.0024    0.0000    0.0001   -0.0022   -0.0011    0.0007
 AT.   8 O  X    -0.0010    0.0763   -0.0002    0.0019    0.0324    0.0476
            Y    -0.0012   -0.0593    0.0012   -0.0025   -0.0127   -0.0419
            Z     0.0000   -0.0020    0.0001   -0.0016    0.0012    0.0013
 AT.   9 O  X     0.0130   -0.0031    0.0093    0.0018   -0.0044   -0.0014
            Y     0.0873   -0.0213    0.0396    0.0529   -0.0094   -0.0051
            Z    -0.0011    0.0011   -0.0007    0.0023    0.0005    0.0005
 AT.  10 O  X    -0.0001   -0.0909    0.0032    0.0011    0.0654    0.0194
            Y    -0.0010   -0.0379    0.0005    0.0005    0.0262   -0.0068
            Z    -0.0002   -0.0017   -0.0005    0.0007    0.0011    0.0049


  DISPERSION K POINT NUMBER    12 COORD:  C(  1  0  2 )    WEIGHT:    1.

    MODES         EIGV          FREQUENCIES     IRREP
             (HARTREE**2)   (CM**-1)     (THZ)
    1-   1    0.1549E-06     86.3786    2.5896  (  1)
    2-   2    0.3290E-06    125.8911    3.7741  (  1)
    3-   3    0.4931E-06    154.1162    4.6203  (  1)
    4-   4    0.5573E-06    163.8442    4.9119  (  1)
    5-   5    0.5766E-06    166.6517    4.9961  (  1)
    6-   6    0.8447E-06    201.7136    6.0472  (  1)
    7-   7    0.1092E-05    229.3136    6.8746  (  1)
    8-   8    0.1428E-05    262.2959    7.8634  (  1)
    9-   9    0.1482E-05    267.2236    8.0112  (  1)
   10-  10    0.1765E-05    291.6204    8.7426  (  1)
   11-  11    0.2317E-05    334.0761   10.0153  (  1)
   12-  12    0.2394E-05    339.5521   10.1795  (  1)
   13-  13    0.2873E-05    372.0041   11.1524  (  1)
   14-  14    0.3063E-05    384.1404   11.5162  (  1)
   15-  15    0.3430E-05    406.4563   12.1853  (  1)
   16-  16    0.4210E-05    450.2999   13.4997  (  1)
   17-  17    0.4570E-05    469.1682   14.0653  (  1)
   18-  18    0.4647E-05    473.1087   14.1834  (  1)
   19-  19    0.1167E-04    749.6415   22.4737  (  1)
   20-  20    0.1190E-04    757.1277   22.6981  (  1)
   21-  21    0.1197E-04    759.4336   22.7672  (  1)
   22-  22    0.1203E-04    761.1732   22.8194  (  1)
   23-  23    0.1634E-04    887.2732   26.5998  (  1)
   24-  24    0.1635E-04    887.3474   26.6020  (  1)
   25-  25    0.2842E-04   1170.0668   35.0777  (  1)
   26-  26    0.2842E-04   1170.0952   35.0786  (  1)
   27-  27    0.4992E-04   1550.7090   46.4891  (  1)
   28-  28    0.5063E-04   1561.6539   46.8172  (  1)
   29-  29    0.5362E-04   1607.1382   48.1808  (  1)
   30-  30    0.5628E-04   1646.5647   49.3628  (  1)

 MODES IN PHASE

 FREQ(CM**-1)     86.38    125.89    154.12    163.84    166.65    201.71

 AT.   1 CA X    -0.0103    0.0819   -0.0644   -0.0012    0.0078   -0.0094
            Y    -0.0355    0.0228    0.0552    0.0038    0.0581   -0.0001
            Z     0.0055   -0.0093   -0.0182    0.0072   -0.0388   -0.0092
 AT.   2 MG X     0.0098   -0.0358   -0.0071   -0.0005   -0.0299   -0.0012
            Y    -0.0080   -0.0193    0.0439    0.0012    0.0048    0.0037
            Z     0.0346   -0.0123    0.0292   -0.0017   -0.0045   -0.0107
 AT.   3 C  X     0.0004    0.0203   -0.0066    0.0079    0.0061   -0.0375
            Y    -0.0135   -0.0083   -0.0272    0.0234    0.0065   -0.0076
            Z    -0.0312   -0.0122   -0.0303    0.0271   -0.0157   -0.0215
 AT.   4 C  X     0.0021   -0.0202    0.0315   -0.0294    0.0055   -0.0408
            Y    -0.0108    0.0203    0.0068    0.0217    0.0347   -0.0033
            Z    -0.0266    0.0174    0.0194    0.0128   -0.0560   -0.0406
 AT.   5 O  X     0.0277    0.0559   -0.0020    0.0074    0.0147   -0.0341
            Y     0.0228    0.0375   -0.0192    0.0204    0.0223   -0.0003
            Z    -0.0611   -0.0043   -0.0324   -0.0150   -0.0380    0.0390
 AT.   6 O  X     0.0255    0.0155   -0.0652   -0.0373    0.0266    0.0011
            Y    -0.0081   -0.0127    0.0289   -0.0002   -0.0359    0.0066
            Z     0.0343   -0.0260   -0.0273   -0.0298    0.0485   -0.0211
 AT.   7 O  X    -0.0036   -0.0407    0.0117    0.0223    0.0065    0.0193
            Y     0.0360    0.0629    0.0508   -0.0165    0.0156    0.0230
            Z     0.0952    0.0256    0.0157   -0.0348   -0.0405    0.0308
 AT.   8 O  X    -0.0246    0.0606   -0.0004   -0.0026   -0.0096    0.0276
            Y    -0.0279    0.0378   -0.0259   -0.0225   -0.0390    0.0047
            Z     0.0254   -0.0096   -0.0352    0.0210    0.0456   -0.0520
 AT.   9 O  X     0.0248    0.0233   -0.0717    0.0359    0.0081    0.0213
            Y     0.0165   -0.0106    0.0264    0.0044   -0.0060   -0.0062
            Z    -0.0172   -0.0215   -0.0322    0.0404    0.0033    0.0502
 AT.  10 O  X     0.0215   -0.0344    0.0104   -0.0260    0.0121   -0.0274
            Y    -0.0547    0.0535    0.0535    0.0149    0.0194   -0.0243
            Z    -0.0180    0.0148    0.0209    0.0360   -0.0406   -0.0424

 FREQ(CM**-1)    229.31    262.30    267.22    291.62    334.08    339.55

 AT.   1 CA X    -0.0059    0.0276   -0.0114   -0.0002   -0.0043   -0.0406
            Y     0.0037    0.0149    0.0087   -0.0038    0.0445   -0.0009
            Z     0.0415    0.0234    0.0469   -0.0082   -0.0093    0.0242
 AT.   2 MG X     0.0311   -0.0290    0.0395    0.0148    0.0409   -0.0389
            Y     0.0244   -0.0254   -0.0422   -0.0065   -0.0642   -0.0440
            Z    -0.0288    0.0328   -0.0303   -0.0242    0.0223   -0.0181
 AT.   3 C  X     0.0191   -0.0348   -0.0315   -0.0216   -0.0392    0.0228
            Y     0.0519   -0.0325   -0.0024   -0.0141    0.0078   -0.0217
            Z    -0.0293    0.0123   -0.0119   -0.0137   -0.0077   -0.0075
 AT.   4 C  X     0.0174    0.0329    0.0138   -0.0238    0.0357   -0.0082
            Y    -0.0249   -0.0341    0.0500    0.0091   -0.0134    0.0272
            Z    -0.0005   -0.0188    0.0163    0.0023    0.0048   -0.0152
 AT.   5 O  X     0.0377   -0.0163   -0.0312   -0.0457   -0.0207    0.0140
            Y     0.0764   -0.0019   -0.0016   -0.0476    0.0300   -0.0288
            Z    -0.0596    0.0354    0.0455   -0.0250   -0.0771   -0.0334
 AT.   6 O  X    -0.0091    0.0032   -0.0037   -0.0496    0.0039    0.0118
            Y    -0.0283    0.0394   -0.0387    0.0191   -0.0219    0.0262
            Z     0.0076    0.0000    0.0297    0.0222   -0.0350   -0.0407
 AT.   7 O  X     0.0159    0.0475    0.0190    0.0499    0.0314   -0.0059
            Y    -0.0239   -0.0108    0.0529   -0.0310    0.0039   -0.0242
            Z    -0.0318   -0.0576    0.0495   -0.0762    0.0055    0.0198
 AT.   8 O  X     0.0349   -0.0387   -0.0308    0.0475    0.0006    0.0166
            Y     0.0752    0.0119   -0.0148    0.0202    0.0319    0.0352
            Z    -0.0563    0.0355    0.0490    0.0545    0.0154   -0.0147
 AT.   9 O  X    -0.0075    0.0517    0.0067    0.0298   -0.0089    0.0140
            Y    -0.0317    0.0345   -0.0302   -0.0206   -0.0075   -0.0199
            Z     0.0113    0.0182    0.0459   -0.0494    0.0545   -0.0260
 AT.  10 O  X     0.0187    0.0364    0.0117   -0.0240    0.0315   -0.0139
            Y    -0.0227   -0.0491    0.0588    0.0112   -0.0119    0.0294
            Z    -0.0312   -0.0517    0.0521    0.0448    0.0236   -0.0495

 FREQ(CM**-1)    372.00    384.14    406.46    450.30    469.17    473.11

 AT.   1 CA X    -0.0245   -0.0184   -0.0116   -0.0424   -0.0039   -0.0164
            Y    -0.0440   -0.0116    0.0368    0.0081   -0.0169    0.0001
            Z     0.0096   -0.0241   -0.0103   -0.0065   -0.0011    0.0300
 AT.   2 MG X    -0.0612    0.0041    0.0199   -0.0193    0.1264    0.0622
            Y    -0.0249   -0.0023   -0.0123   -0.0107   -0.0683    0.1255
            Z    -0.0406   -0.0121   -0.0214    0.1391    0.0145    0.0027
 AT.   3 C  X    -0.0197   -0.0149    0.0193    0.0216    0.0079   -0.0204
            Y     0.0364    0.0104    0.0427    0.0154   -0.0208    0.0010
            Z     0.0176    0.0116   -0.0097    0.0016    0.0196    0.0408
 AT.   4 C  X     0.0108   -0.0224    0.0114   -0.0193   -0.0204    0.0065
            Y    -0.0133   -0.0042   -0.0326    0.0067    0.0120    0.0185
            Z    -0.0410   -0.0440   -0.0078    0.0019   -0.0449   -0.0086
 AT.   5 O  X    -0.0252   -0.0068    0.0072    0.0284    0.0305   -0.0062
            Y     0.0307    0.0263    0.0163    0.0187    0.0007    0.0158
            Z     0.0407    0.0277    0.0702    0.0544   -0.0033    0.0158
 AT.   6 O  X    -0.0384    0.0255    0.0122    0.0208   -0.0175    0.0449
            Y    -0.0240   -0.0111   -0.0274   -0.0345    0.0207   -0.0304
            Z    -0.0230    0.0003   -0.0262    0.0020   -0.0011   -0.0478
 AT.   7 O  X    -0.0033    0.0441   -0.0258   -0.0139   -0.0263    0.0051
            Y     0.0248   -0.0234   -0.0412   -0.0088    0.0257    0.0318
            Z    -0.0306    0.0672    0.0109   -0.0317   -0.0646   -0.0269
 AT.   8 O  X    -0.0264    0.0481   -0.0237    0.0259    0.0212   -0.0062
            Y     0.0293    0.0040    0.0122    0.0209   -0.0047    0.0156
            Z     0.0394    0.0319   -0.0169    0.0578   -0.0101    0.0154
 AT.   9 O  X    -0.0418   -0.0308    0.0310    0.0228   -0.0183    0.0451
            Y    -0.0217    0.0168    0.0428   -0.0337    0.0183   -0.0303
            Z    -0.0189    0.0378   -0.0483   -0.0047   -0.0006   -0.0482
 AT.  10 O  X    -0.0025   -0.0471   -0.0007   -0.0168   -0.0255    0.0050
            Y     0.0220    0.0438   -0.0156   -0.0130    0.0293    0.0314
            Z    -0.0242   -0.0361    0.0474   -0.0282   -0.0643   -0.0270

 FREQ(CM**-1)    749.64    757.13    759.43    761.17    887.27    887.35

 AT.   1 CA X    -0.0008    0.0006   -0.0012    0.0080   -0.0009    0.0011
            Y     0.0003   -0.0062    0.0006    0.0017    0.0016    0.0007
            Z     0.0066   -0.0006   -0.0053   -0.0025    0.0002    0.0015
 AT.   2 MG X     0.0122   -0.0000    0.0126    0.0066   -0.0037   -0.0015
            Y    -0.0220    0.0021    0.0071    0.0040    0.0022   -0.0027
            Z     0.0011    0.0033   -0.0051    0.0252    0.0004    0.0016
 AT.   3 C  X     0.0100   -0.0167    0.0249   -0.0262   -0.0007    0.0015
            Y     0.0360   -0.0410   -0.0012    0.0141    0.0032   -0.0046
            Z     0.0025    0.0015   -0.0059    0.0005    0.1779    0.1619
 AT.   4 C  X    -0.0111   -0.0063   -0.0284   -0.0422    0.0016    0.0007
            Y    -0.0355   -0.0427    0.0324   -0.0104   -0.0048   -0.0030
            Z    -0.0026    0.0016    0.0028    0.0005   -0.1619    0.1779
 AT.   5 O  X    -0.0592    0.0607    0.0140   -0.0142   -0.0027   -0.0079
            Y    -0.0466    0.0485   -0.0493    0.0542   -0.0047   -0.0036
            Z    -0.0114    0.0106   -0.0080    0.0069   -0.0498   -0.0447
 AT.   6 O  X     0.0678    0.0641    0.0790   -0.0667   -0.0036   -0.0059
            Y    -0.0219    0.0240    0.0391    0.0502    0.0016    0.0006
            Z    -0.0107   -0.0120   -0.0172    0.0140    0.0263    0.0383
 AT.   7 O  X    -0.0161    0.0535   -0.0434   -0.0489    0.0004    0.0010
            Y     0.0812    0.0189    0.0470    0.0361   -0.0051   -0.0002
            Z    -0.0130    0.0048   -0.0154   -0.0113    0.0253    0.0029
 AT.   8 O  X    -0.0026   -0.0294    0.0561   -0.0478   -0.0023    0.0035
            Y    -0.0656    0.0449    0.0260   -0.0563   -0.0021    0.0047
            Z    -0.0102    0.0068    0.0106   -0.0154   -0.0408    0.0238
 AT.   9 O  X     0.0625   -0.0535   -0.0673   -0.0547   -0.0010   -0.0060
            Y     0.0359    0.0448    0.0090   -0.0127   -0.0010   -0.0007
            Z    -0.0111    0.0061    0.0135    0.0099   -0.0036    0.0250
 AT.  10 O  X    -0.0564   -0.0531    0.0205   -0.0656    0.0021    0.0000
            Y     0.0405    0.0585   -0.0915   -0.0214   -0.0094    0.0040
            Z    -0.0112   -0.0138    0.0182   -0.0023    0.0442   -0.0509

 FREQ(CM**-1)   1170.07   1170.10   1550.71   1561.65   1607.14   1646.56

 AT.   1 CA X     0.0012   -0.0019   -0.0000    0.0014   -0.0003   -0.0049
            Y    -0.0007   -0.0034    0.0002   -0.0028   -0.0002   -0.0024
            Z     0.0001    0.0000    0.0007    0.0011    0.0004    0.0001
 AT.   2 MG X    -0.0003   -0.0114   -0.0007   -0.0014   -0.0064   -0.0021
            Y     0.0039   -0.0008    0.0009    0.0022   -0.0051   -0.0009
            Z    -0.0001   -0.0000    0.0004   -0.0039    0.0003   -0.0014
 AT.   3 C  X    -0.0020   -0.0035   -0.0352   -0.1439    0.0445    0.1255
            Y    -0.0011   -0.0013    0.1359   -0.0645    0.1095   -0.0006
            Z    -0.0007    0.0004    0.0035    0.0003   -0.0015    0.0014
 AT.   4 C  X    -0.0005   -0.0018   -0.0859    0.1024    0.1062    0.0222
            Y    -0.0007    0.0000    0.1327    0.0940   -0.0674    0.1144
            Z    -0.0007   -0.0005    0.0049    0.0007    0.0041   -0.0022
 AT.   5 O  X    -0.0745    0.0413    0.0340    0.0314    0.0038   -0.0362
            Y     0.0575   -0.0302   -0.0330   -0.0151   -0.0146    0.0246
            Z     0.0019   -0.0005   -0.0032    0.0012    0.0007    0.0012
 AT.   6 O  X     0.0003    0.0068    0.0053   -0.0104    0.0084    0.0146
            Y     0.0123    0.0501    0.0140   -0.0412    0.0009    0.0476
            Z     0.0003   -0.0001   -0.0015   -0.0019    0.0012   -0.0034
 AT.   7 O  X    -0.0734    0.0941   -0.0221   -0.0255   -0.0079    0.0043
            Y    -0.0305    0.0387   -0.0016   -0.0067    0.0083   -0.0061
            Z    -0.0013    0.0027    0.0003    0.0011   -0.0025    0.0018
 AT.   8 O  X     0.0398    0.0751   -0.0204   -0.0229    0.0283   -0.0369
            Y    -0.0304   -0.0565    0.0227    0.0202   -0.0296    0.0314
            Z    -0.0016   -0.0020    0.0023   -0.0015    0.0019    0.0015
 AT.   9 O  X     0.0077   -0.0018   -0.0043    0.0102    0.0088    0.0143
            Y     0.0513   -0.0143    0.0065    0.0225    0.0300    0.0323
            Z    -0.0021    0.0007    0.0021   -0.0012    0.0004   -0.0021
 AT.  10 O  X     0.0939    0.0759    0.0147   -0.0538   -0.0283   -0.0222
            Y     0.0394    0.0306   -0.0031   -0.0242   -0.0039   -0.0149
            Z     0.0014    0.0020   -0.0011   -0.0001   -0.0011    0.0003

 MODES IN ANTI-PHASE

 FREQ(CM**-1)     86.38    125.89    154.12    163.84    166.65    201.71

 AT.   1 CA X     0.0139   -0.0088   -0.0053   -0.0154   -0.0049    0.0491
            Y     0.0480   -0.0024    0.0046    0.0494   -0.0364    0.0004
            Z    -0.0075    0.0010   -0.0015    0.0925    0.0243    0.0477
 AT.   2 MG X    -0.0133    0.0038   -0.0006   -0.0066    0.0187    0.0063
            Y     0.0108    0.0021    0.0036    0.0161   -0.0030   -0.0190
            Z    -0.0467    0.0013    0.0024   -0.0218    0.0028    0.0556
 AT.   3 C  X     0.0080   -0.0148    0.0354    0.0346    0.0025    0.0183
            Y     0.0106    0.0187   -0.0136   -0.0142    0.0375   -0.0043
            Z     0.0170    0.0144    0.0002   -0.0033   -0.0569    0.0384
 AT.   4 C  X    -0.0077    0.0148    0.0174   -0.0198    0.0036    0.0088
            Y    -0.0134   -0.0022   -0.0296   -0.0167   -0.0156    0.0080
            Z    -0.0235   -0.0073   -0.0233   -0.0241    0.0188   -0.0168
 AT.   5 O  X     0.0172   -0.0284    0.0096    0.0307    0.0178    0.0111
            Y     0.0222   -0.0051   -0.0426   -0.0157    0.0542   -0.0119
            Z    -0.0079    0.0253   -0.0198    0.0405   -0.0692    0.0425
 AT.   6 O  X    -0.0338   -0.0388   -0.0452   -0.0065    0.0040   -0.0603
            Y    -0.0148   -0.0086   -0.0128    0.0270   -0.0108   -0.0000
            Z     0.0075   -0.0183   -0.0323    0.0713    0.0199   -0.0827
 AT.   7 O  X    -0.0214   -0.0253   -0.0072   -0.0256   -0.0103    0.0256
            Y     0.0462    0.0375    0.0204   -0.0092   -0.0140    0.0080
            Z    -0.0103    0.0478    0.0329    0.0100    0.0255    0.0372
 AT.   8 O  X    -0.0214    0.0159   -0.0098    0.0315   -0.0210    0.0230
            Y    -0.0153   -0.0029    0.0389   -0.0124   -0.0438   -0.0110
            Z     0.0561   -0.0238    0.0143    0.0377    0.0644    0.0251
 AT.   9 O  X    -0.0343    0.0346    0.0338   -0.0121   -0.0256   -0.0564
            Y     0.0034    0.0111    0.0174    0.0267    0.0370   -0.0025
            Z    -0.0306    0.0234    0.0273    0.0658   -0.0524   -0.0690
 AT.  10 O  X    -0.0028    0.0334    0.0091   -0.0219   -0.0014    0.0166
            Y    -0.0209   -0.0499   -0.0117   -0.0116   -0.0079   -0.0010
            Z    -0.0940   -0.0522   -0.0298    0.0045    0.0253    0.0232

 FREQ(CM**-1)    229.31    262.30    267.22    291.62    334.08    339.55

 AT.   1 CA X     0.0002   -0.0094    0.0016   -0.0005   -0.0033   -0.0575
            Y    -0.0001   -0.0051   -0.0012   -0.0095    0.0338   -0.0012
            Z    -0.0016   -0.0080   -0.0064   -0.0205   -0.0070    0.0343
 AT.   2 MG X    -0.0012    0.0099   -0.0054    0.0371    0.0310   -0.0551
            Y    -0.0009    0.0087    0.0058   -0.0164   -0.0487   -0.0622
            Z     0.0011   -0.0112    0.0041   -0.0607    0.0169   -0.0256
 AT.   3 C  X     0.0284    0.0379    0.0061    0.0297    0.0094   -0.0086
            Y    -0.0027   -0.0301    0.0510   -0.0060    0.0236   -0.0172
            Z    -0.0146   -0.0206    0.0138    0.0009    0.0107    0.0265
 AT.   4 C  X     0.0295   -0.0395   -0.0289    0.0279    0.0188   -0.0229
            Y     0.0456   -0.0282    0.0104    0.0123    0.0210    0.0054
            Z    -0.0327    0.0149   -0.0081    0.0136    0.0123    0.0229
 AT.   5 O  X     0.0359    0.0423    0.0030    0.0208    0.0064    0.0226
            Y     0.0126   -0.0219    0.0496   -0.0209    0.0247    0.0271
            Z    -0.0410   -0.0123   -0.0193    0.0529    0.0376   -0.0274
 AT.   6 O  X    -0.0207   -0.0804   -0.0383   -0.0090   -0.0103    0.0190
            Y     0.0464   -0.0054   -0.0263   -0.0098   -0.0016   -0.0118
            Z    -0.0497   -0.0298   -0.0648   -0.0484    0.0664   -0.0421
 AT.   7 O  X    -0.0388    0.0020    0.0248    0.0178    0.0239   -0.0168
            Y    -0.0157    0.0664   -0.0291   -0.0164   -0.0135    0.0226
            Z    -0.0065    0.0100   -0.0165   -0.0153    0.0230   -0.0455
 AT.   8 O  X    -0.0386   -0.0236    0.0055   -0.0164   -0.0217    0.0207
            Y    -0.0183    0.0185   -0.0473   -0.0479    0.0222   -0.0181
            Z     0.0454   -0.0119    0.0064    0.0212   -0.0844   -0.0407
 AT.   9 O  X     0.0213    0.0617    0.0379   -0.0406    0.0065    0.0175
            Y    -0.0441   -0.0198    0.0357    0.0061   -0.0207    0.0208
            Z     0.0490    0.0236    0.0545   -0.0199   -0.0517   -0.0524
 AT.  10 O  X     0.0375   -0.0306   -0.0289    0.0472    0.0237   -0.0112
            Y     0.0175   -0.0460    0.0139   -0.0332    0.0074   -0.0153
            Z     0.0089    0.0272    0.0026   -0.0635   -0.0009    0.0035

 FREQ(CM**-1)    372.00    384.14    406.46    450.30    469.17    473.11

 AT.   1 CA X    -0.0010   -0.0369   -0.0163   -0.0029   -0.0004    0.0001
            Y    -0.0018   -0.0234    0.0515    0.0006   -0.0015   -0.0000
            Z     0.0004   -0.0485   -0.0144   -0.0004   -0.0001   -0.0002
 AT.   2 MG X    -0.0024    0.0083    0.0279   -0.0013    0.0113   -0.0003
            Y    -0.0010   -0.0046   -0.0172   -0.0007   -0.0061   -0.0006
            Z    -0.0016   -0.0244   -0.0299    0.0096    0.0013   -0.0000
 AT.   3 C  X    -0.0004    0.0306   -0.0320   -0.0076   -0.0201   -0.0041
            Y     0.0088    0.0001    0.0060    0.0205   -0.0019    0.0218
            Z    -0.0377    0.0428    0.0188    0.0036   -0.0422    0.0131
 AT.   4 C  X    -0.0165    0.0256   -0.0356    0.0123   -0.0069   -0.0197
            Y     0.0350   -0.0095   -0.0282    0.0248   -0.0171    0.0115
            Z    -0.0069    0.0060    0.0196    0.0035   -0.0123    0.0420
 AT.   5 O  X    -0.0165    0.0552   -0.0226   -0.0163   -0.0499   -0.0059
            Y    -0.0163    0.0249    0.0185    0.0178   -0.0304    0.0223
            Z    -0.0155    0.0610    0.0061    0.0282   -0.0384    0.0297
 AT.   6 O  X    -0.0446   -0.0193    0.0369    0.0160   -0.0061   -0.0236
            Y     0.0273    0.0126    0.0358    0.0034   -0.0116   -0.0101
            Z     0.0498    0.0476   -0.0599   -0.0488    0.0027    0.0461
 AT.   7 O  X     0.0105   -0.0257   -0.0095   -0.0220    0.0020    0.0087
            Y    -0.0347    0.0373   -0.0306   -0.0312    0.0230    0.0350
            Z     0.0783    0.0056    0.0538    0.0230   -0.0042    0.0026
 AT.   8 O  X     0.0144    0.0279   -0.0005    0.0200    0.0545    0.0060
            Y     0.0187    0.0360    0.0214   -0.0151    0.0300   -0.0225
            Z     0.0187    0.0589    0.0684   -0.0204    0.0372   -0.0298
 AT.   9 O  X     0.0414    0.0086    0.0235   -0.0130    0.0029    0.0231
            Y    -0.0291   -0.0012   -0.0144   -0.0081    0.0151    0.0105
            Z    -0.0515    0.0290   -0.0441    0.0486   -0.0028   -0.0456
 AT.  10 O  X    -0.0108    0.0197   -0.0274    0.0199   -0.0066   -0.0088
            Y     0.0366    0.0039   -0.0488    0.0297   -0.0181   -0.0353
            Z    -0.0805    0.0570    0.0277   -0.0272   -0.0073   -0.0023

 FREQ(CM**-1)    749.64    757.13    759.43    761.17    887.27    887.35

 AT.   1 CA X    -0.0005   -0.0008   -0.0020   -0.0061   -0.0003   -0.0012
            Y     0.0002    0.0081    0.0009   -0.0013    0.0005   -0.0008
            Z     0.0039    0.0007   -0.0087    0.0019    0.0001   -0.0016
 AT.   2 MG X     0.0073    0.0000    0.0208   -0.0051   -0.0012    0.0017
            Y    -0.0132   -0.0027    0.0117   -0.0031    0.0007    0.0029
            Z     0.0007   -0.0042   -0.0085   -0.0192    0.0001   -0.0018
 AT.   3 C  X     0.0343    0.0379    0.0179   -0.0334    0.0025   -0.0017
            Y    -0.0152   -0.0120   -0.0375   -0.0286   -0.0046    0.0028
            Z     0.0041    0.0009    0.0004    0.0002    0.0003    0.0734
 AT.   4 C  X     0.0340   -0.0409   -0.0115    0.0049    0.0020    0.0022
            Y    -0.0163    0.0009   -0.0190    0.0301   -0.0028   -0.0044
            Z     0.0040   -0.0005    0.0052    0.0002    0.0735   -0.0003
 AT.   5 O  X     0.0288    0.0142    0.0708    0.0457   -0.0001   -0.0027
            Y    -0.0494   -0.0594    0.0034    0.0731    0.0030   -0.0044
            Z    -0.0054   -0.0099    0.0077    0.0179   -0.0007   -0.0195
 AT.   6 O  X     0.0345    0.0383   -0.0343    0.0385    0.0034    0.0066
            Y     0.0526   -0.0527    0.0309    0.0268   -0.0039    0.0007
            Z    -0.0069   -0.0031    0.0062   -0.0064   -0.0428   -0.0289
 AT.   7 O  X    -0.0553    0.0407    0.0002    0.0547    0.0032   -0.0001
            Y     0.0024   -0.0656   -0.0786    0.0320   -0.0089   -0.0040
            Z    -0.0057    0.0130    0.0124   -0.0007    0.0405    0.0509
 AT.   8 O  X    -0.0657   -0.0550    0.0454    0.0017   -0.0015    0.0076
            Y    -0.0176   -0.0622   -0.0420   -0.0715   -0.0052    0.0031
            Z    -0.0075   -0.0128   -0.0035   -0.0114   -0.0285    0.0425
 AT.   9 O  X     0.0434   -0.0520    0.0538    0.0542   -0.0049    0.0065
            Y    -0.0442   -0.0368    0.0490   -0.0555    0.0041   -0.0005
            Z    -0.0061    0.0108   -0.0123   -0.0118    0.0500   -0.0410
 AT.  10 O  X     0.0120   -0.0412   -0.0383    0.0328   -0.0024   -0.0010
            Y     0.0704   -0.0351    0.0048   -0.0432    0.0042   -0.0002
            Z    -0.0088   -0.0013   -0.0078    0.0111   -0.0181    0.0022

 FREQ(CM**-1)   1170.07   1170.10   1550.71   1561.65   1607.14   1646.56

 AT.   1 CA X    -0.0034    0.0007    0.0002    0.0017    0.0001    0.0012
            Y     0.0019    0.0012   -0.0009   -0.0034    0.0001    0.0006
            Z    -0.0003   -0.0000   -0.0038    0.0013   -0.0001   -0.0000
 AT.   2 MG X     0.0008    0.0039    0.0042   -0.0017    0.0019    0.0005
            Y    -0.0114    0.0003   -0.0052    0.0027    0.0015    0.0002
            Z     0.0003    0.0000   -0.0022   -0.0047   -0.0001    0.0003
 AT.   3 C  X    -0.0034   -0.0014    0.0916    0.0105    0.1042    0.0271
            Y    -0.0009    0.0002   -0.0447   -0.0692   -0.0725    0.1145
            Z     0.0002   -0.0006   -0.0034   -0.0015    0.0042   -0.0022
 AT.   4 C  X     0.0039   -0.0033   -0.0473    0.1016    0.0396    0.1264
            Y     0.0012   -0.0013   -0.0535   -0.0106    0.1127    0.0038
            Z     0.0000    0.0005    0.0003   -0.0013   -0.0017    0.0013
 AT.   5 O  X     0.0313   -0.0694   -0.0340   -0.0174   -0.0465    0.0104
            Y    -0.0247    0.0533    0.0244    0.0177    0.0322   -0.0208
            Z     0.0001    0.0026    0.0021   -0.0013   -0.0024   -0.0009
 AT.   6 O  X    -0.0131    0.0116   -0.0020    0.0084   -0.0032   -0.0029
            Y    -0.0998    0.0882   -0.0580    0.0152   -0.0542    0.0212
            Z     0.0031   -0.0012   -0.0019   -0.0015    0.0010   -0.0018
 AT.   7 O  X    -0.0585   -0.0023    0.0180   -0.0595    0.0402    0.0559
            Y    -0.0249    0.0001    0.0136   -0.0258    0.0203    0.0204
            Z    -0.0006    0.0002    0.0025    0.0001   -0.0018    0.0028
 AT.   8 O  X     0.0703    0.0297   -0.0435    0.0277    0.0371    0.0077
            Y    -0.0547   -0.0237    0.0342   -0.0116   -0.0192    0.0069
            Z    -0.0011   -0.0017    0.0031    0.0009    0.0016    0.0002
 AT.   9 O  X    -0.0105   -0.0133   -0.0037   -0.0087   -0.0018   -0.0042
            Y    -0.0865   -0.1004   -0.0593   -0.0377    0.0452   -0.0410
            Z     0.0023    0.0010   -0.0013   -0.0021   -0.0015    0.0032
 AT.  10 O  X    -0.0014   -0.0557    0.0244   -0.0361   -0.0296   -0.0515
            Y    -0.0011   -0.0237    0.0133   -0.0114   -0.0216   -0.0152
            Z     0.0003   -0.0017    0.0022    0.0011    0.0029   -0.0033


  DISPERSION K POINT NUMBER    13 COORD:  C(  1  1  0 )    WEIGHT:    1.

    MODES         EIGV          FREQUENCIES     IRREP
             (HARTREE**2)   (CM**-1)     (THZ)
    1-   1    0.1637E-06     88.7954    2.6620  (  1)
    2-   2    0.2280E-06    104.8084    3.1421  (  1)
    3-   3    0.4141E-06    141.2340    4.2341  (  1)
    4-   4    0.4883E-06    153.3687    4.5979  (  1)
    5-   5    0.6153E-06    172.1584    5.1612  (  1)
    6-   6    0.7424E-06    189.1089    5.6693  (  1)
    7-   7    0.9050E-06    208.7912    6.2594  (  1)
    8-   8    0.1071E-05    227.1761    6.8106  (  1)
    9-   9    0.1487E-05    267.6525    8.0240  (  1)
   10-  10    0.1840E-05    297.7024    8.9249  (  1)
   11-  11    0.2185E-05    324.4285    9.7261  (  1)
   12-  12    0.2298E-05    332.7123    9.9745  (  1)
   13-  13    0.2889E-05    373.0313   11.1832  (  1)
   14-  14    0.3004E-05    380.3925   11.4039  (  1)
   15-  15    0.4006E-05    439.2982   13.1698  (  1)
   16-  16    0.4390E-05    459.8648   13.7864  (  1)
   17-  17    0.4483E-05    464.6985   13.9313  (  1)
   18-  18    0.5137E-05    497.4497   14.9132  (  1)
   19-  19    0.1165E-04    749.1361   22.4585  (  1)
   20-  20    0.1192E-04    757.6143   22.7127  (  1)
   21-  21    0.1212E-04    764.0496   22.9056  (  1)
   22-  22    0.1218E-04    766.0688   22.9662  (  1)
   23-  23    0.1631E-04    886.3517   26.5722  (  1)
   24-  24    0.1646E-04    890.3211   26.6912  (  1)
   25-  25    0.2842E-04   1169.9442   35.0740  (  1)
   26-  26    0.2855E-04   1172.6325   35.1546  (  1)
   27-  27    0.4825E-04   1524.4707   45.7025  (  1)
   28-  28    0.5026E-04   1555.9187   46.6453  (  1)
   29-  29    0.5199E-04   1582.4768   47.4415  (  1)
   30-  30    0.5709E-04   1658.2871   49.7142  (  1)

 MODES IN PHASE

 FREQ(CM**-1)     88.80    104.81    141.23    153.37    172.16    189.11

 AT.   1 CA X     0.0594   -0.0419   -0.0404    0.0583   -0.0018   -0.0008
            Y     0.0584   -0.0005    0.0555   -0.0715    0.0076   -0.0011
            Z    -0.0152    0.0089    0.0859    0.0512   -0.0071    0.0006
 AT.   2 MG X     0.0349    0.0036    0.0152   -0.0059   -0.0071    0.0074
            Y    -0.0059   -0.0073    0.0163    0.0044    0.0389   -0.0026
            Z     0.0166   -0.0471   -0.0107   -0.0073    0.0290   -0.0001
 AT.   3 C  X     0.0177   -0.0194   -0.0050    0.0288    0.0107   -0.0346
            Y    -0.0265   -0.0011    0.0080   -0.0076   -0.0422   -0.0070
            Z     0.0119    0.0474    0.0203   -0.0073    0.0071    0.0125
 AT.   4 C  X    -0.0351   -0.0080    0.0002   -0.0213   -0.0011   -0.0487
            Y     0.0251    0.0100   -0.0157   -0.0116   -0.0368    0.0056
            Z     0.0002    0.0542   -0.0211    0.0168    0.0124   -0.0250
 AT.   5 O  X     0.0303   -0.0478    0.0204    0.0262   -0.0053   -0.0373
            Y    -0.0102   -0.0386    0.0369   -0.0091   -0.0652   -0.0097
            Z     0.0462    0.0415    0.0022    0.0237    0.0676    0.0383
 AT.   6 O  X    -0.0058    0.0226   -0.0419    0.0271    0.0264   -0.0331
            Y    -0.0216   -0.0073    0.0146   -0.0104   -0.0421   -0.0048
            Z    -0.0026    0.0717    0.0681    0.0069    0.0163   -0.0274
 AT.   7 O  X    -0.0528    0.0130   -0.0005    0.0014    0.0319    0.0376
            Y     0.0715    0.0063   -0.0204   -0.0458   -0.0014    0.0187
            Z    -0.0034    0.0304   -0.0137    0.0389   -0.0143    0.0016
 AT.   8 O  X     0.0473   -0.0154    0.0223    0.0305   -0.0250    0.0359
            Y    -0.0045   -0.0186    0.0375   -0.0227    0.0551    0.0121
            Z     0.0325   -0.0244    0.0006    0.0446   -0.0244   -0.0390
 AT.   9 O  X    -0.0073   -0.0026   -0.0464    0.0202   -0.0397    0.0269
            Y    -0.0254   -0.0124    0.0119   -0.0264    0.0394    0.0058
            Z    -0.0034    0.0388    0.0650    0.0039   -0.0308    0.0212
 AT.  10 O  X    -0.0504   -0.0214   -0.0031   -0.0124   -0.0046   -0.0391
            Y     0.0643    0.0394   -0.0109   -0.0267   -0.0265   -0.0177
            Z    -0.0098    0.0727   -0.0065    0.0511   -0.0385    0.0004

 FREQ(CM**-1)    208.79    227.18    267.65    297.70    324.43    332.71

 AT.   1 CA X     0.0148   -0.0141   -0.0338    0.0071   -0.0039   -0.0758
            Y     0.0066    0.0135   -0.0099    0.0137    0.0288   -0.0104
            Z     0.0137   -0.0306   -0.0241    0.0067   -0.0261    0.0445
 AT.   2 MG X     0.0246   -0.0035    0.0028    0.0299   -0.0776   -0.0108
            Y    -0.0305    0.0031   -0.0135    0.0413    0.0581   -0.0143
            Z    -0.0208   -0.0090    0.0100    0.0144    0.0232    0.0387
 AT.   3 C  X    -0.0287   -0.0277    0.0364   -0.0248   -0.0031    0.0227
            Y     0.0068   -0.0457    0.0289   -0.0166   -0.0106    0.0029
            Z    -0.0205   -0.0352   -0.0296   -0.0187   -0.0228   -0.0166
 AT.   4 C  X    -0.0039    0.0392   -0.0205   -0.0069   -0.0018   -0.0120
            Y    -0.0319    0.0398   -0.0418   -0.0426   -0.0192    0.0032
            Z    -0.0113    0.0324    0.0296    0.0125   -0.0245    0.0041
 AT.   5 O  X    -0.0059   -0.0054    0.0544   -0.0300   -0.0148    0.0044
            Y     0.0356   -0.0168    0.0481   -0.0234   -0.0256   -0.0299
            Z     0.0326   -0.0261   -0.0921   -0.0751   -0.0009    0.0634
 AT.   6 O  X    -0.0675   -0.0517    0.0174    0.0014    0.0034    0.0320
            Y     0.0123   -0.0410    0.0278   -0.0164   -0.0116   -0.0021
            Z    -0.0539   -0.0255    0.0123    0.0176   -0.0585   -0.0336
 AT.   7 O  X     0.0071    0.0448   -0.0250    0.0327   -0.0014   -0.0206
            Y     0.0426    0.0228   -0.0109    0.0316   -0.0096    0.0270
            Z     0.0654    0.0246   -0.0167   -0.0485    0.0598    0.0203
 AT.   8 O  X     0.0138    0.0261    0.0514    0.0264    0.0081    0.0038
            Y    -0.0058   -0.0135    0.0360    0.0422    0.0319   -0.0303
            Z    -0.0317   -0.0297   -0.0822    0.0884    0.0069    0.0613
 AT.   9 O  X     0.0546   -0.0179    0.0248    0.0042    0.0228    0.0338
            Y     0.0074   -0.0380    0.0196    0.0482    0.0215   -0.0016
            Z     0.0399   -0.0085    0.0169   -0.0281    0.0853   -0.0320
 AT.  10 O  X    -0.0031    0.0271   -0.0331   -0.0058   -0.0139   -0.0218
            Y    -0.0255    0.0668   -0.0101   -0.0354    0.0102    0.0265
            Z    -0.0426    0.0572   -0.0145    0.0436    0.0333    0.0243

 FREQ(CM**-1)    373.03    380.39    439.30    459.86    464.70    497.45

 AT.   1 CA X    -0.0123    0.0027   -0.0373    0.0097    0.0043   -0.0053
            Y     0.0175    0.0004   -0.0535   -0.0209    0.0047   -0.0126
            Z    -0.0041   -0.0235   -0.0402   -0.0025   -0.0099   -0.0100
 AT.   2 MG X    -0.0254   -0.0389   -0.0009   -0.0333    0.1102    0.0941
            Y    -0.0284    0.0177    0.0105   -0.0669   -0.0828    0.1047
            Z     0.0299   -0.0058   -0.0215    0.1073   -0.0152    0.0823
 AT.   3 C  X     0.0124   -0.0315    0.0198   -0.0092    0.0104    0.0230
            Y    -0.0202    0.0123    0.0166   -0.0003   -0.0220    0.0282
            Z     0.0488    0.0310    0.0557    0.0191   -0.0017    0.0206
 AT.   4 C  X     0.0172   -0.0303    0.0012   -0.0072    0.0082    0.0246
            Y    -0.0209    0.0168    0.0054    0.0001   -0.0122    0.0288
            Z     0.0485    0.0287   -0.0484    0.0173   -0.0021    0.0266
 AT.   5 O  X     0.0468   -0.0174    0.0467    0.0055    0.0237    0.0249
            Y     0.0181    0.0395    0.0439    0.0158   -0.0095    0.0263
            Z     0.0297   -0.0029    0.0738    0.0042   -0.0185    0.0333
 AT.   6 O  X    -0.0484   -0.0512   -0.0308   -0.0183    0.0207   -0.0048
            Y    -0.0151    0.0157    0.0202    0.0024   -0.0275    0.0274
            Z    -0.0067    0.1015    0.0104    0.0243   -0.0177   -0.0028
 AT.   7 O  X    -0.0307   -0.0024   -0.0060    0.0195    0.0016   -0.0032
            Y     0.0371    0.0010    0.0345    0.0574   -0.0224   -0.0205
            Z    -0.0793    0.0608   -0.0221   -0.0043    0.0340    0.0268
 AT.   8 O  X    -0.0222    0.0163    0.0469   -0.0235   -0.0358   -0.0299
            Y    -0.0248   -0.0047    0.0436    0.0020    0.0173   -0.0214
            Z    -0.0114    0.0312    0.0743   -0.0099    0.0488   -0.0433
 AT.   9 O  X     0.0517    0.0398   -0.0248   -0.0331   -0.0301    0.0178
            Y     0.0068    0.0108    0.0235   -0.0058    0.0465   -0.0256
            Z    -0.0218   -0.0769    0.0018    0.0597    0.0172    0.0073
 AT.  10 O  X     0.0311   -0.0150   -0.0152   -0.0015    0.0037    0.0253
            Y    -0.0576   -0.0264    0.0334   -0.0243   -0.0010    0.0106
            Z     0.0963   -0.0382   -0.0280    0.0091    0.0171    0.0079

 FREQ(CM**-1)    749.14    757.61    764.05    766.07    886.35    890.32

 AT.   1 CA X     0.0097    0.0018    0.0017    0.0023    0.0004    0.0021
            Y     0.0000    0.0004   -0.0062    0.0023    0.0009   -0.0007
            Z    -0.0017   -0.0012    0.0057    0.0011    0.0006   -0.0028
 AT.   2 MG X    -0.0005    0.0101   -0.0049   -0.0028   -0.0014   -0.0002
            Y     0.0005   -0.0170   -0.0012   -0.0020   -0.0025    0.0001
            Z    -0.0004    0.0014    0.0064    0.0018   -0.0051   -0.0003
 AT.   3 C  X     0.0271    0.0428   -0.0345   -0.0005   -0.0051   -0.0034
            Y     0.0245    0.0312    0.0412    0.0012   -0.0052   -0.0034
            Z     0.0025    0.0019    0.0027    0.0033    0.1783   -0.1751
 AT.   4 C  X    -0.0171   -0.0105    0.0300    0.0139   -0.0051    0.0035
            Y    -0.0201   -0.0140   -0.0339   -0.0231   -0.0053    0.0033
            Z    -0.0038   -0.0053   -0.0029   -0.0002    0.1772    0.1762
 AT.   5 O  X    -0.0366   -0.0507   -0.0709    0.0008   -0.0099    0.0027
            Y    -0.0670   -0.0989    0.0365    0.0062   -0.0086    0.0021
            Z    -0.0117   -0.0230   -0.0008    0.0006   -0.0485    0.0511
 AT.   6 O  X    -0.0466   -0.0616    0.0924    0.0041    0.0082   -0.0068
            Y     0.0473    0.0644    0.0412    0.0003    0.0018    0.0061
            Z     0.0072    0.0087   -0.0126    0.0009   -0.0492    0.0499
 AT.   7 O  X     0.0199   -0.0394   -0.0086    0.0284   -0.0014   -0.0026
            Y     0.0097   -0.0053    0.0499   -0.0913   -0.0020    0.0047
            Z     0.0006   -0.0060   -0.0097    0.0202    0.0249   -0.0278
 AT.   8 O  X    -0.0452    0.0309    0.0015   -0.0776    0.0051    0.0003
            Y    -0.1000    0.0693    0.0028    0.0152    0.0031    0.0013
            Z    -0.0194    0.0176   -0.0000   -0.0020    0.0196    0.0255
 AT.   9 O  X    -0.0732    0.0511    0.0007    0.0786   -0.0036   -0.0029
            Y     0.0629   -0.0421   -0.0039    0.0519   -0.0002    0.0033
            Z     0.0141   -0.0081    0.0021   -0.0190    0.0202    0.0232
 AT.  10 O  X    -0.0425   -0.0245   -0.0105   -0.0135    0.0028   -0.0049
            Y     0.0052    0.0097    0.0887    0.0480    0.0044    0.0084
            Z    -0.0029   -0.0032   -0.0102   -0.0068   -0.0474   -0.0499

 FREQ(CM**-1)   1169.94   1172.63   1524.47   1555.92   1582.48   1658.29

 AT.   1 CA X     0.0000   -0.0007   -0.0006    0.0013   -0.0035    0.0011
            Y     0.0002   -0.0046    0.0001    0.0019    0.0010    0.0011
            Z     0.0012   -0.0017   -0.0001   -0.0027   -0.0010    0.0010
 AT.   2 MG X    -0.0012    0.0083    0.0008   -0.0001   -0.0005   -0.0004
            Y    -0.0011    0.0080   -0.0019   -0.0005    0.0006   -0.0029
            Z     0.0073    0.0051   -0.0002    0.0007    0.0002   -0.0026
 AT.   3 C  X    -0.0005   -0.0004    0.1480    0.0888    0.1446    0.0779
            Y     0.0022    0.0006   -0.0749    0.1470   -0.0847    0.1509
            Z    -0.0009   -0.0003    0.0013   -0.0042   -0.0007    0.0051
 AT.   4 C  X    -0.0005    0.0039    0.1549   -0.0874   -0.1479    0.0808
            Y     0.0016   -0.0001   -0.0775   -0.1470    0.0907    0.1486
            Z    -0.0009   -0.0010    0.0016    0.0042    0.0011    0.0051
 AT.   5 O  X    -0.0784    0.0404   -0.0585    0.0001   -0.0543    0.0020
            Y     0.0602   -0.0323    0.0425   -0.0137    0.0413   -0.0210
            Z     0.0023   -0.0009    0.0003    0.0022    0.0006   -0.0054
 AT.   6 O  X    -0.0117    0.0061   -0.0030   -0.0138   -0.0061   -0.0150
            Y    -0.0988    0.0508    0.0254   -0.0664    0.0320   -0.0700
            Z     0.0018   -0.0007   -0.0011    0.0022    0.0011   -0.0015
 AT.   7 O  X    -0.0652    0.0936    0.0335    0.0242    0.0278    0.0177
            Y    -0.0258    0.0369    0.0105    0.0119    0.0048    0.0114
            Z    -0.0005    0.0034   -0.0001   -0.0019    0.0011    0.0013
 AT.   8 O  X     0.0402    0.0793    0.0294    0.0010   -0.0251    0.0037
            Y    -0.0317   -0.0613   -0.0207   -0.0055    0.0168    0.0038
            Z    -0.0010   -0.0017   -0.0005    0.0001   -0.0006    0.0017
 AT.   9 O  X     0.0050    0.0130    0.0009   -0.0060   -0.0046    0.0069
            Y     0.0517    0.0977   -0.0140   -0.0260    0.0117    0.0240
            Z    -0.0009   -0.0019    0.0006    0.0023    0.0005    0.0006
 AT.  10 O  X     0.0951    0.0637   -0.0461    0.0538    0.0437   -0.0519
            Y     0.0375    0.0252   -0.0141    0.0283    0.0091   -0.0291
            Z     0.0011    0.0025   -0.0004   -0.0029    0.0017   -0.0039

 MODES IN ANTI-PHASE

 FREQ(CM**-1)     88.80    104.81    141.23    153.37    172.16    189.11

 AT.   1 CA X     0.0098   -0.0238    0.0047   -0.0160   -0.0045   -0.0229
            Y     0.0096   -0.0003   -0.0065    0.0197    0.0192   -0.0315
            Z    -0.0025    0.0051   -0.0100   -0.0141   -0.0181    0.0180
 AT.   2 MG X    -0.0426   -0.0021   -0.0352    0.0228   -0.0011    0.0040
            Y     0.0072    0.0043   -0.0377   -0.0168    0.0058   -0.0014
            Z    -0.0202    0.0276    0.0248    0.0280    0.0043   -0.0001
 AT.   3 C  X     0.0323   -0.0017    0.0044   -0.0078   -0.0392   -0.0353
            Y    -0.0203   -0.0121    0.0141    0.0374    0.0123    0.0114
            Z    -0.0025   -0.0355    0.0098   -0.0213    0.0195   -0.0385
 AT.   4 C  X    -0.0111    0.0177    0.0066   -0.0209    0.0406   -0.0090
            Y     0.0220    0.0068    0.0039    0.0364   -0.0240   -0.0122
            Z    -0.0122   -0.0240   -0.0080   -0.0151   -0.0166    0.0319
 AT.   5 O  X     0.0580    0.0105   -0.0108   -0.0156   -0.0422   -0.0182
            Y     0.0160    0.0013   -0.0071    0.0291    0.0111    0.0352
            Z    -0.0351   -0.0531    0.0067   -0.0472    0.0365   -0.0124
 AT.   6 O  X    -0.0057   -0.0165    0.0246    0.0061   -0.0299   -0.0880
            Y    -0.0155   -0.0101    0.0099    0.0341    0.0127    0.0149
            Z    -0.0030    0.0025    0.0051    0.0039   -0.0276   -0.0888
 AT.   7 O  X    -0.0011   -0.0326    0.0114    0.0266    0.0274   -0.0226
            Y    -0.0108    0.0421   -0.0387   -0.0248   -0.0403    0.0135
            Z    -0.0204    0.0665   -0.0297   -0.0347   -0.0717    0.0291
 AT.   8 O  X    -0.0452   -0.0465    0.0058    0.0000   -0.0344   -0.0208
            Y    -0.0184   -0.0338   -0.0016   -0.0203   -0.0365    0.0344
            Z     0.0481    0.0628   -0.0070    0.0285    0.0729   -0.0097
 AT.   9 O  X     0.0035    0.0278   -0.0143   -0.0191   -0.0038   -0.0901
            Y     0.0077   -0.0011   -0.0130   -0.0240   -0.0195    0.0145
            Z     0.0020    0.0604   -0.0207   -0.0069   -0.0090   -0.0905
 AT.  10 O  X    -0.0159    0.0278   -0.0110   -0.0235    0.0418   -0.0199
            Y     0.0332   -0.0161    0.0424    0.0447   -0.0303    0.0148
            Z     0.0182   -0.0079    0.0320    0.0100   -0.0621    0.0292

 FREQ(CM**-1)    208.79    227.18    267.65    297.70    324.43    332.71

 AT.   1 CA X    -0.0475    0.0052    0.0037   -0.0171   -0.0044    0.0026
            Y    -0.0210   -0.0050    0.0011   -0.0334    0.0329    0.0004
            Z    -0.0439    0.0113    0.0026   -0.0163   -0.0298   -0.0015
 AT.   2 MG X     0.0266    0.0204   -0.0065    0.0388    0.0154    0.0203
            Y    -0.0331   -0.0183    0.0307    0.0536   -0.0116    0.0268
            Z    -0.0225    0.0528   -0.0228    0.0186   -0.0046   -0.0727
 AT.   3 C  X    -0.0062   -0.0394   -0.0056   -0.0136   -0.0028   -0.0008
            Y    -0.0314    0.0098    0.0302   -0.0484    0.0245   -0.0058
            Z    -0.0130    0.0024   -0.0130    0.0080    0.0090    0.0063
 AT.   4 C  X    -0.0291   -0.0280   -0.0306   -0.0275    0.0038   -0.0192
            Y     0.0042    0.0244   -0.0008   -0.0284   -0.0186   -0.0057
            Z    -0.0215    0.0139    0.0131   -0.0160    0.0005    0.0173
 AT.   5 O  X    -0.0158   -0.0464    0.0081   -0.0072    0.0062    0.0087
            Y    -0.0412    0.0011    0.0505   -0.0364    0.0288    0.0068
            Z     0.0085    0.0151   -0.0351   -0.0498    0.0068    0.0286
 AT.   6 O  X     0.0016   -0.0327   -0.0357   -0.0074    0.0234   -0.0274
            Y    -0.0308    0.0105    0.0347   -0.0519    0.0202   -0.0069
            Z     0.0079   -0.0166   -0.0226    0.0222    0.0784   -0.0222
 AT.   7 O  X    -0.0049    0.0105    0.0399   -0.0247   -0.0142    0.0175
            Y    -0.0168   -0.0759   -0.0024    0.0183    0.0091    0.0060
            Z    -0.0198   -0.0591   -0.0082   -0.0131    0.0414   -0.0584
 AT.   8 O  X    -0.0096    0.0387   -0.0197    0.0160   -0.0138   -0.0090
            Y    -0.0541    0.0101   -0.0597   -0.0093   -0.0216   -0.0047
            Z    -0.0116    0.0056    0.0543    0.0176   -0.0000   -0.0329
 AT.   9 O  X     0.0397    0.0585    0.0311   -0.0063    0.0065    0.0252
            Y    -0.0323    0.0188   -0.0399   -0.0253   -0.0089    0.0070
            Z     0.0371    0.0292    0.0194    0.0034   -0.0478    0.0244
 AT.  10 O  X    -0.0081   -0.0371   -0.0335   -0.0406   -0.0033   -0.0160
            Y    -0.0380    0.0427    0.0047   -0.0093   -0.0083   -0.0079
            Z    -0.0534    0.0288    0.0116    0.0249    0.0647    0.0568

 FREQ(CM**-1)    373.03    380.39    439.30    459.86    464.70    497.45

 AT.   1 CA X    -0.0302    0.0058    0.0044    0.0157    0.0107   -0.0073
            Y     0.0427    0.0010    0.0063   -0.0339    0.0118   -0.0174
            Z    -0.0101   -0.0510    0.0047   -0.0041   -0.0247   -0.0138
 AT.   2 MG X    -0.0035   -0.0036    0.0021    0.0010    0.0157   -0.0099
            Y    -0.0039    0.0016   -0.0244    0.0020   -0.0118   -0.0110
            Z     0.0041   -0.0005    0.0501   -0.0032   -0.0022   -0.0087
 AT.   3 C  X     0.0194    0.0038   -0.0205   -0.0330   -0.0065   -0.0097
            Y    -0.0054    0.0258   -0.0232   -0.0064    0.0322   -0.0059
            Z     0.0057   -0.0095    0.0139    0.0289   -0.0017   -0.0312
 AT.   4 C  X    -0.0153   -0.0095   -0.0285    0.0335    0.0092    0.0047
            Y    -0.0002   -0.0231   -0.0280    0.0064   -0.0371   -0.0001
            Z     0.0076    0.0150   -0.0308   -0.0300    0.0012    0.0262
 AT.   5 O  X     0.0160    0.0065   -0.0065   -0.0236   -0.0269   -0.0234
            Y    -0.0169    0.0275   -0.0038    0.0101    0.0151   -0.0140
            Z     0.0141    0.0385   -0.0111   -0.0090    0.0512   -0.0347
 AT.   6 O  X     0.0245    0.0087   -0.0226   -0.0462   -0.0220    0.0171
            Y    -0.0057    0.0276   -0.0166   -0.0053    0.0385   -0.0181
            Z    -0.0380   -0.0145    0.0358    0.0789    0.0065    0.0068
 AT.   7 O  X     0.0131   -0.0217    0.0400    0.0081    0.0071    0.0256
            Y    -0.0444   -0.0339    0.0008    0.0016   -0.0249    0.0045
            Z     0.0567    0.0017    0.0281    0.0080    0.0602    0.0170
 AT.   8 O  X     0.0441   -0.0090   -0.0045   -0.0057   -0.0030    0.0165
            Y     0.0006    0.0479   -0.0065    0.0187    0.0043    0.0207
            Z     0.0309    0.0228   -0.0064   -0.0002    0.0242    0.0210
 AT.   9 O  X    -0.0164   -0.0333    0.0291   -0.0371   -0.0015    0.0007
            Y    -0.0146    0.0299    0.0114   -0.0003    0.0087    0.0204
            Z    -0.0318    0.0679   -0.0372    0.0570   -0.0076   -0.0005
 AT.  10 O  X    -0.0122   -0.0159   -0.0375    0.0210    0.0063    0.0049
            Y    -0.0057   -0.0212   -0.0088    0.0520   -0.0335   -0.0181
            Z    -0.0151    0.0473   -0.0222   -0.0002    0.0670    0.0307

 FREQ(CM**-1)    749.14    757.61    764.05    766.07    886.35    890.32

 AT.   1 CA X    -0.0040   -0.0043   -0.0018   -0.0021    0.0006   -0.0011
            Y    -0.0000   -0.0010    0.0066   -0.0021    0.0014    0.0003
            Z     0.0007    0.0030   -0.0061   -0.0010    0.0010    0.0015
 AT.   2 MG X     0.0037    0.0132   -0.0160   -0.0119    0.0001    0.0048
            Y    -0.0039   -0.0223   -0.0039   -0.0088    0.0001   -0.0010
            Z     0.0029    0.0019    0.0208    0.0079    0.0003    0.0062
 AT.   3 C  X    -0.0354    0.0008    0.0025    0.0305   -0.0004   -0.0008
            Y    -0.0138   -0.0060    0.0003   -0.0502    0.0011    0.0004
            Z     0.0056   -0.0050   -0.0012    0.0064    0.0014   -0.0192
 AT.   4 C  X    -0.0412    0.0415   -0.0173    0.0272    0.0009   -0.0004
            Y    -0.0196    0.0285    0.0233   -0.0446   -0.0006    0.0007
            Z     0.0048    0.0005    0.0005    0.0072   -0.0197   -0.0011
 AT.   5 O  X     0.0274    0.0066    0.0035    0.0778    0.0012    0.0016
            Y     0.0744    0.0002   -0.0054   -0.0148   -0.0005   -0.0001
            Z     0.0158   -0.0019    0.0001    0.0020   -0.0002    0.0055
 AT.   6 O  X     0.0569   -0.0110   -0.0072   -0.0785   -0.0003   -0.0014
            Y    -0.0416   -0.0045    0.0010   -0.0520    0.0006    0.0004
            Z    -0.0128    0.0028   -0.0012    0.0191    0.0002    0.0075
 AT.   7 O  X     0.0798    0.0733    0.0111    0.0154    0.0025    0.0041
            Y     0.0023   -0.0084   -0.0925   -0.0544    0.0039   -0.0070
            Z     0.0048    0.0105    0.0109    0.0081   -0.0408    0.0415
 AT.   8 O  X     0.0066    0.0407    0.0710   -0.0061   -0.0085   -0.0031
            Y    -0.0050    0.0705   -0.0368   -0.0051   -0.0080   -0.0017
            Z    -0.0028    0.0150    0.0008   -0.0007   -0.0444   -0.0447
 AT.   9 O  X    -0.0071    0.0361   -0.0927    0.0012    0.0073    0.0063
            Y    -0.0042   -0.0490   -0.0410    0.0032    0.0019   -0.0051
            Z     0.0040   -0.0042    0.0125   -0.0022   -0.0449   -0.0448
 AT.  10 O  X    -0.0704    0.0796    0.0094   -0.0293   -0.0003   -0.0003
            Y    -0.0085   -0.0021   -0.0563    0.0948   -0.0003    0.0003
            Z    -0.0038    0.0116    0.0105   -0.0207    0.0060   -0.0018

 FREQ(CM**-1)   1169.94   1172.63   1524.47   1555.92   1582.48   1658.29

 AT.   1 CA X     0.0000   -0.0003   -0.0015   -0.0010    0.0016    0.0015
            Y     0.0005   -0.0020    0.0003   -0.0014   -0.0005    0.0015
            Z     0.0027   -0.0007   -0.0002    0.0020    0.0004    0.0014
 AT.   2 MG X    -0.0001   -0.0062    0.0001   -0.0008    0.0052    0.0000
            Y    -0.0001   -0.0060   -0.0002   -0.0035   -0.0053    0.0003
            Z     0.0009   -0.0038   -0.0000    0.0049   -0.0023    0.0003
 AT.   3 C  X     0.0000   -0.0041    0.0462   -0.0065    0.0311   -0.0219
            Y    -0.0021    0.0003   -0.0200   -0.0196   -0.0378   -0.0042
            Z     0.0003    0.0009    0.0014    0.0005   -0.0018   -0.0005
 AT.   4 C  X    -0.0001    0.0016   -0.0062    0.0171    0.0005    0.0056
            Y     0.0026   -0.0007   -0.0001    0.0198   -0.0195   -0.0265
            Z    -0.0005    0.0000   -0.0010   -0.0006   -0.0016   -0.0005
 AT.   5 O  X    -0.0190    0.0710   -0.0170   -0.0010   -0.0150    0.0045
            Y     0.0134   -0.0539    0.0133    0.0021    0.0146   -0.0029
            Z     0.0008   -0.0015   -0.0004    0.0005    0.0013    0.0000
 AT.   6 O  X    -0.0042    0.0121   -0.0017    0.0026    0.0007    0.0024
            Y    -0.0224    0.0865    0.0056    0.0094    0.0130    0.0022
            Z     0.0004   -0.0019   -0.0001   -0.0018    0.0003    0.0001
 AT.   7 O  X     0.0693   -0.0010   -0.0317   -0.0493   -0.0338   -0.0489
            Y     0.0273   -0.0003   -0.0095   -0.0261   -0.0079   -0.0269
            Z     0.0010    0.0003   -0.0007    0.0025   -0.0012   -0.0037
 AT.   8 O  X    -0.0700   -0.0196   -0.0533    0.0002    0.0504    0.0033
            Y     0.0529    0.0136    0.0395    0.0127   -0.0405   -0.0208
            Z     0.0022    0.0004   -0.0001   -0.0022   -0.0013   -0.0051
 AT.   9 O  X    -0.0114   -0.0039   -0.0033    0.0127    0.0041   -0.0135
            Y    -0.0871   -0.0226    0.0219    0.0618   -0.0325   -0.0658
            Z     0.0016    0.0007   -0.0009   -0.0017   -0.0010   -0.0014
 AT.  10 O  X     0.0003    0.0686    0.0013   -0.0108    0.0019    0.0015
            Y     0.0000    0.0270    0.0007   -0.0049    0.0017    0.0024
            Z     0.0003    0.0022   -0.0006    0.0012   -0.0000    0.0000


  DISPERSION K POINT NUMBER    14 COORD:  C(  1  1  1 )    WEIGHT:    1.

    MODES         EIGV          FREQUENCIES     IRREP
             (HARTREE**2)   (CM**-1)     (THZ)
    1-   2    0.1657E-06     89.3310    2.6781  (  1)
    3-   4    0.4012E-06    139.0150    4.1676  (  1)
    5-   5    0.4856E-06    152.9422    4.5851  (  2)
    6-   6    0.7217E-06    186.4438    5.5894  (  2)
    7-   8    0.8854E-06    206.5123    6.1911  (  1)
    9-   9    0.1243E-05    244.6820    7.3354  (  2)
   10-  11    0.1843E-05    297.9176    8.9313  (  1)
   12-  12    0.2002E-05    310.5337    9.3096  (  2)
   13-  14    0.2991E-05    379.5664   11.3791  (  1)
   15-  16    0.4401E-05    460.4183   13.8030  (  1)
   17-  17    0.4403E-05    460.5543   13.8071  (  2)
   18-  18    0.5590E-05    518.9061   15.5564  (  2)
   19-  20    0.1197E-04    759.3016   22.7633  (  1)
   21-  22    0.1224E-04    767.7769   23.0174  (  1)
   23-  23    0.1676E-04    898.4441   26.9347  (  2)
   24-  24    0.1730E-04    912.9099   27.3683  (  2)
   25-  25    0.2852E-04   1172.1690   35.1407  (  2)
   26-  26    0.2863E-04   1174.4087   35.2079  (  2)
   27-  28    0.4823E-04   1524.1923   45.6941  (  1)
   29-  30    0.4991E-04   1550.5790   46.4852  (  1)

 MODES IN PHASE

 FREQ(CM**-1)     89.33     89.33    139.02    139.02    152.94    186.44

 AT.   1 CA X     0.0356   -0.0356   -0.0352    0.0352    0.0000    0.0000
            Y     0.0422   -0.0422    0.0317   -0.0317    0.0000    0.0000
            Z     0.0000    0.0000    0.0000    0.0000    0.0609    0.0718
 AT.   2 MG X    -0.0342    0.0342    0.0112   -0.0112    0.0000    0.0000
            Y    -0.0263    0.0263    0.0398   -0.0398    0.0000    0.0000
            Z     0.0000    0.0000    0.0000    0.0000   -0.0605   -0.0063
 AT.   3 C  X     0.0564   -0.0150   -0.0217   -0.0487    0.0000    0.0000
            Y     0.0012   -0.0394    0.0005   -0.0020    0.0000    0.0000
            Z     0.0000    0.0000    0.0000    0.0000    0.0724   -0.0233
 AT.   4 C  X     0.0150   -0.0564    0.0487    0.0217    0.0000    0.0000
            Y     0.0394   -0.0012    0.0020   -0.0005    0.0000    0.0000
            Z     0.0000    0.0000    0.0000    0.0000    0.0219   -0.0223
 AT.   5 O  X     0.0564   -0.0166   -0.0215   -0.0515   -0.0042    0.0540
            Y    -0.0007   -0.0411    0.0015   -0.0047   -0.0056    0.0666
            Z    -0.0037   -0.0101   -0.0174    0.0478    0.0730   -0.0268
 AT.   6 O  X     0.0561   -0.0176   -0.0182   -0.0557    0.0069   -0.0847
            Y     0.0009   -0.0392    0.0020   -0.0022   -0.0008    0.0134
            Z     0.0278   -0.0089    0.0469   -0.0716    0.0730   -0.0268
 AT.   7 O  X     0.0576   -0.0154   -0.0194   -0.0514   -0.0027    0.0307
            Y     0.0004   -0.0393   -0.0012    0.0002    0.0064   -0.0801
            Z    -0.0241    0.0190   -0.0296    0.0238    0.0730   -0.0268
 AT.   8 O  X     0.0166   -0.0564    0.0515    0.0215    0.0070    0.0527
            Y     0.0411    0.0007    0.0047   -0.0015    0.0057    0.0649
            Z     0.0101    0.0037   -0.0478    0.0174    0.0224   -0.0255
 AT.   9 O  X     0.0176   -0.0561    0.0557    0.0182   -0.0084   -0.0826
            Y     0.0392   -0.0009    0.0022   -0.0020    0.0032    0.0132
            Z     0.0089   -0.0278    0.0716   -0.0469    0.0224   -0.0255
 AT.  10 O  X     0.0154   -0.0576    0.0514    0.0194    0.0014    0.0298
            Y     0.0393   -0.0004   -0.0002    0.0012   -0.0089   -0.0781
            Z    -0.0190    0.0241   -0.0238    0.0296    0.0224   -0.0255

 FREQ(CM**-1)    206.51    206.51    244.68    297.92    297.92    310.53

 AT.   1 CA X     0.0350   -0.0350    0.0000   -0.0148    0.0148    0.0000
            Y     0.0366   -0.0366    0.0000    0.0352   -0.0352    0.0000
            Z     0.0000    0.0000    0.0241    0.0000    0.0000   -0.0046
 AT.   2 MG X    -0.0048    0.0048    0.0000   -0.0563    0.0563    0.0000
            Y     0.0020   -0.0020    0.0000    0.0394   -0.0394    0.0000
            Z     0.0000    0.0000   -0.0039    0.0000    0.0000   -0.0072
 AT.   3 C  X    -0.0450   -0.0167    0.0000    0.0091    0.0128    0.0000
            Y     0.0113   -0.0389    0.0000   -0.0093    0.0033    0.0000
            Z     0.0000    0.0000   -0.0152    0.0000    0.0000   -0.0424
 AT.   4 C  X     0.0167    0.0450    0.0000   -0.0128   -0.0091    0.0000
            Y     0.0389   -0.0113    0.0000   -0.0033    0.0093    0.0000
            Z     0.0000    0.0000    0.0575    0.0000    0.0000    0.0401
 AT.   5 O  X    -0.0492   -0.0146    0.0297   -0.0010    0.0074   -0.0336
            Y     0.0075   -0.0357    0.0380   -0.0249   -0.0049   -0.0470
            Z     0.0425   -0.0098   -0.0177    0.0778    0.0677   -0.0375
 AT.   6 O  X    -0.0585   -0.0110   -0.0478   -0.0079    0.0124    0.0575
            Y     0.0116   -0.0398    0.0067   -0.0101    0.0041   -0.0056
            Z    -0.0691    0.0192   -0.0177   -0.0748   -0.0430   -0.0375
 AT.   7 O  X    -0.0503   -0.0164    0.0181    0.0083    0.0177   -0.0239
            Y     0.0176   -0.0409   -0.0447   -0.0115   -0.0047    0.0526
            Z     0.0266   -0.0094   -0.0177   -0.0030   -0.0247   -0.0375
 AT.   8 O  X     0.0146    0.0492   -0.0398   -0.0074    0.0010    0.0341
            Y     0.0357   -0.0075   -0.0532    0.0049    0.0249    0.0485
            Z     0.0098   -0.0425    0.0601   -0.0677   -0.0778    0.0351
 AT.   9 O  X     0.0110    0.0585    0.0660   -0.0124    0.0079   -0.0591
            Y     0.0398   -0.0116   -0.0078   -0.0041    0.0101    0.0053
            Z    -0.0192    0.0691    0.0601    0.0430    0.0748    0.0351
 AT.  10 O  X     0.0164    0.0503   -0.0262   -0.0177   -0.0083    0.0250
            Y     0.0409   -0.0176    0.0610    0.0047    0.0115   -0.0538
            Z     0.0094   -0.0266    0.0601    0.0247    0.0030    0.0351

 FREQ(CM**-1)    379.57    379.57    460.42    460.42    460.55    518.91

 AT.   1 CA X     0.0551   -0.0551    0.0090   -0.0090    0.0000    0.0000
            Y    -0.0037    0.0037   -0.0039    0.0039    0.0000    0.0000
            Z     0.0000    0.0000    0.0000    0.0000    0.0813   -0.0379
 AT.   2 MG X     0.0050   -0.0050   -0.1101    0.1101    0.0000    0.0000
            Y     0.0003   -0.0003    0.0014   -0.0014    0.0000    0.0000
            Z     0.0000    0.0000    0.0000    0.0000    0.0528    0.1466
 AT.   3 C  X    -0.0298    0.0341   -0.0225    0.0024    0.0000    0.0000
            Y    -0.0234   -0.0045   -0.0153   -0.0246    0.0000    0.0000
            Z     0.0000    0.0000    0.0000    0.0000   -0.0682    0.0552
 AT.   4 C  X    -0.0341    0.0298   -0.0024    0.0225    0.0000    0.0000
            Y     0.0045    0.0234    0.0246    0.0153    0.0000    0.0000
            Z     0.0000    0.0000    0.0000    0.0000   -0.0549    0.0505
 AT.   5 O  X    -0.0233    0.0335   -0.0204    0.0180   -0.0289    0.0196
            Y    -0.0100   -0.0130   -0.0128   -0.0140   -0.0385    0.0204
            Z    -0.0739    0.0145   -0.0470   -0.0378   -0.0432    0.0260
 AT.   6 O  X    -0.0217    0.0276   -0.0022    0.0199    0.0478   -0.0274
            Y    -0.0240   -0.0061   -0.0227   -0.0332   -0.0057    0.0068
            Z     0.0521   -0.0620    0.0364   -0.0006   -0.0432    0.0260
 AT.   7 O  X    -0.0347    0.0365   -0.0199    0.0024   -0.0189    0.0078
            Y    -0.0184   -0.0045   -0.0335   -0.0252    0.0442   -0.0271
            Z     0.0218    0.0474    0.0106    0.0384   -0.0432    0.0260
 AT.   8 O  X    -0.0335    0.0233   -0.0180    0.0204   -0.0236    0.0179
            Y     0.0130    0.0100    0.0140    0.0128   -0.0330    0.0190
            Z    -0.0145    0.0739    0.0378    0.0470   -0.0350    0.0239
 AT.   9 O  X    -0.0276    0.0217   -0.0199    0.0022    0.0404   -0.0254
            Y     0.0061    0.0240    0.0332    0.0227   -0.0040    0.0060
            Z     0.0620   -0.0521    0.0006   -0.0364   -0.0350    0.0239
 AT.  10 O  X    -0.0365    0.0347   -0.0024    0.0199   -0.0168    0.0075
            Y     0.0045    0.0184    0.0252    0.0335    0.0370   -0.0250
            Z    -0.0474   -0.0218   -0.0384   -0.0106   -0.0350    0.0239

 FREQ(CM**-1)    759.30    759.30    767.78    767.78    898.44    912.91

 AT.   1 CA X     0.0051   -0.0051    0.0037   -0.0037    0.0000    0.0000
            Y     0.0023   -0.0023    0.0009   -0.0009    0.0000    0.0000
            Z     0.0000    0.0000    0.0000    0.0000    0.0058    0.0067
 AT.   2 MG X    -0.0015    0.0015    0.0189   -0.0189    0.0000    0.0000
            Y    -0.0001    0.0001   -0.0012    0.0012    0.0000    0.0000
            Z     0.0000    0.0000    0.0000    0.0000    0.0065   -0.0186
 AT.   3 C  X    -0.0247   -0.0198    0.0390    0.0225    0.0000    0.0000
            Y     0.0339   -0.0323    0.0068   -0.0371    0.0000    0.0000
            Z     0.0000    0.0000    0.0000    0.0000    0.1738    0.0255
 AT.   4 C  X     0.0198    0.0247   -0.0225   -0.0390    0.0000    0.0000
            Y     0.0323   -0.0339    0.0371   -0.0068    0.0000    0.0000
            Z     0.0000    0.0000    0.0000    0.0000   -0.0247    0.1708
 AT.   5 O  X    -0.0585    0.0493   -0.0098    0.0561   -0.0061   -0.0007
            Y     0.0158    0.0583   -0.0685   -0.0174   -0.0054   -0.0013
            Z    -0.0033    0.0108   -0.0170   -0.0012   -0.0523   -0.0075
 AT.   6 O  X     0.0612    0.0256   -0.0653   -0.0614    0.0077    0.0015
            Y     0.0357   -0.0533    0.0283   -0.0344   -0.0026    0.0000
            Z    -0.0064   -0.0050    0.0135    0.0147   -0.0523   -0.0075
 AT.   7 O  X     0.0186   -0.0593    0.0462   -0.0174   -0.0016   -0.0008
            Y    -0.0778    0.0230    0.0279    0.0758    0.0080    0.0013
            Z     0.0097   -0.0059    0.0035   -0.0135   -0.0523   -0.0075
 AT.   8 O  X    -0.0493    0.0585   -0.0561    0.0098    0.0014   -0.0086
            Y    -0.0583   -0.0158    0.0174    0.0685    0.0002   -0.0059
            Z    -0.0108    0.0033    0.0012    0.0170    0.0078   -0.0532
 AT.   9 O  X    -0.0256   -0.0612    0.0614    0.0653   -0.0009    0.0094
            Y     0.0533   -0.0357    0.0344   -0.0283    0.0011   -0.0045
            Z     0.0050    0.0064   -0.0147   -0.0135    0.0078   -0.0532
 AT.  10 O  X     0.0593   -0.0186    0.0174   -0.0462   -0.0005   -0.0008
            Y    -0.0230    0.0778   -0.0758   -0.0279   -0.0014    0.0104
            Z     0.0059   -0.0097    0.0135   -0.0035    0.0078   -0.0532

 FREQ(CM**-1)   1172.17   1174.41   1524.19   1524.19   1550.58   1550.58

 AT.   1 CA X     0.0000    0.0000   -0.0015    0.0015    0.0000   -0.0000
            Y     0.0000    0.0000   -0.0008    0.0008   -0.0001    0.0001
            Z    -0.0033   -0.0017    0.0000    0.0000    0.0000    0.0000
 AT.   2 MG X     0.0000    0.0000    0.0019   -0.0019   -0.0017    0.0017
            Y     0.0000    0.0000   -0.0009    0.0009   -0.0036    0.0036
            Z     0.0018   -0.0098    0.0000    0.0000    0.0000    0.0000
 AT.   3 C  X     0.0000    0.0000    0.1227   -0.1235    0.1227    0.1236
            Y     0.0000    0.0000   -0.0014    0.0010   -0.0001   -0.0015
            Z    -0.0000    0.0024    0.0000    0.0000    0.0000    0.0000
 AT.   4 C  X     0.0000    0.0000    0.1235   -0.1227   -0.1236   -0.1227
            Y     0.0000    0.0000   -0.0010    0.0014    0.0015    0.0001
            Z     0.0004   -0.0009    0.0000    0.0000    0.0000    0.0000
 AT.   5 O  X     0.0216    0.0799   -0.0371    0.0354   -0.0350   -0.0338
            Y    -0.0174   -0.0629    0.0235   -0.0225    0.0235    0.0228
            Z    -0.0007   -0.0026    0.0010   -0.0012   -0.0005   -0.0003
 AT.   6 O  X     0.0043    0.0145   -0.0058    0.0076   -0.0059   -0.0076
            Y     0.0274    0.1007   -0.0044    0.0051   -0.0070   -0.0068
            Z    -0.0007   -0.0026    0.0004   -0.0007    0.0001    0.0003
 AT.   7 O  X    -0.0259   -0.0944   -0.0456    0.0454   -0.0469   -0.0464
            Y    -0.0100   -0.0378   -0.0175    0.0154   -0.0170   -0.0147
            Z    -0.0007   -0.0026   -0.0014    0.0020    0.0005   -0.0001
 AT.   8 O  X     0.0797   -0.0218   -0.0354    0.0371    0.0338    0.0350
            Y    -0.0636    0.0169    0.0225   -0.0235   -0.0228   -0.0235
            Z    -0.0024    0.0007    0.0012   -0.0010    0.0003    0.0005
 AT.   9 O  X     0.0152   -0.0038   -0.0076    0.0058    0.0076    0.0059
            Y     0.1009   -0.0273   -0.0051    0.0044    0.0068    0.0070
            Z    -0.0024    0.0007    0.0007   -0.0004   -0.0003   -0.0001
 AT.  10 O  X    -0.0950    0.0256   -0.0454    0.0456    0.0464    0.0469
            Y    -0.0372    0.0104   -0.0154    0.0175    0.0147    0.0170
            Z    -0.0024    0.0007   -0.0020    0.0014    0.0001   -0.0005

 MODES IN ANTI-PHASE

 FREQ(CM**-1)     89.33     89.33    139.02    139.02    152.94    186.44

 AT.   1 CA X     0.0422    0.0422    0.0317    0.0317    0.0000    0.0000
            Y    -0.0356   -0.0356    0.0352    0.0352    0.0000    0.0000
            Z     0.0000    0.0000    0.0000    0.0000    0.0385    0.0067
 AT.   2 MG X    -0.0263   -0.0263    0.0398    0.0398    0.0000    0.0000
            Y     0.0342    0.0342   -0.0112   -0.0112    0.0000    0.0000
            Z     0.0000    0.0000    0.0000    0.0000   -0.0381   -0.0006
 AT.   3 C  X     0.0012    0.0394    0.0005    0.0020    0.0000    0.0000
            Y    -0.0564   -0.0150    0.0217   -0.0487    0.0000    0.0000
            Z     0.0000    0.0000    0.0000    0.0000   -0.0102    0.0034
 AT.   4 C  X     0.0394    0.0012    0.0020    0.0005    0.0000    0.0000
            Y    -0.0150   -0.0564   -0.0487    0.0217    0.0000    0.0000
            Z     0.0000    0.0000    0.0000    0.0000    0.0697   -0.0076
 AT.   5 O  X     0.0011    0.0386    0.0001   -0.0003    0.0097   -0.0015
            Y    -0.0570   -0.0165    0.0179   -0.0543    0.0089   -0.0032
            Z     0.0300    0.0161    0.0442    0.0550   -0.0100    0.0047
 AT.   6 O  X    -0.0005    0.0405   -0.0005    0.0023   -0.0126    0.0035
            Y    -0.0573   -0.0155    0.0212   -0.0501    0.0040    0.0002
            Z    -0.0118   -0.0168   -0.0071    0.0139   -0.0100    0.0047
 AT.   7 O  X    -0.0000    0.0404    0.0027    0.0046    0.0029   -0.0020
            Y    -0.0558   -0.0176    0.0200   -0.0544   -0.0129    0.0029
            Z    -0.0182    0.0007   -0.0371   -0.0689   -0.0100    0.0047
 AT.   8 O  X     0.0386    0.0011   -0.0003    0.0001   -0.0079    0.0115
            Y    -0.0165   -0.0570   -0.0543    0.0179   -0.0089    0.0155
            Z     0.0161    0.0300    0.0550    0.0442    0.0702   -0.0096
 AT.   9 O  X     0.0405   -0.0005    0.0023   -0.0005    0.0116   -0.0191
            Y    -0.0155   -0.0573   -0.0501    0.0212   -0.0024    0.0022
            Z    -0.0168   -0.0118    0.0139   -0.0071    0.0702   -0.0096
 AT.  10 O  X     0.0404   -0.0000    0.0046    0.0027   -0.0037    0.0076
            Y    -0.0176   -0.0558   -0.0544    0.0200    0.0113   -0.0177
            Z     0.0007   -0.0182   -0.0689   -0.0371    0.0702   -0.0096

 FREQ(CM**-1)    206.51    206.51    244.68    297.92    297.92    310.53

 AT.   1 CA X     0.0366    0.0366    0.0000   -0.0352   -0.0352    0.0000
            Y    -0.0350   -0.0350    0.0000   -0.0148   -0.0148    0.0000
            Z     0.0000    0.0000    0.0331    0.0000    0.0000    0.0676
 AT.   2 MG X     0.0020    0.0020    0.0000   -0.0394   -0.0394    0.0000
            Y     0.0048    0.0048    0.0000   -0.0563   -0.0563    0.0000
            Z     0.0000    0.0000   -0.0053    0.0000    0.0000    0.1054
 AT.   3 C  X     0.0113    0.0389    0.0000    0.0093    0.0033    0.0000
            Y     0.0450   -0.0167    0.0000    0.0091   -0.0128    0.0000
            Z     0.0000    0.0000    0.0555    0.0000    0.0000    0.0135
 AT.   4 C  X     0.0389    0.0113    0.0000    0.0033    0.0093    0.0000
            Y    -0.0167    0.0450    0.0000   -0.0128    0.0091    0.0000
            Z     0.0000    0.0000    0.0025    0.0000    0.0000    0.0192
 AT.   5 O  X     0.0170    0.0419   -0.0322    0.0061    0.0012   -0.0062
            Y     0.0561   -0.0134   -0.0437    0.0006   -0.0176   -0.0147
            Z    -0.0553   -0.0166    0.0574    0.0415   -0.0105    0.0150
 AT.   6 O  X     0.0129    0.0378    0.0539    0.0209   -0.0077    0.0158
            Y     0.0468   -0.0170   -0.0061    0.0075   -0.0126    0.0020
            Z    -0.0092   -0.0002    0.0574    0.0466   -0.0534    0.0150
 AT.   7 O  X     0.0069    0.0367   -0.0217    0.0195    0.0010   -0.0096
            Y     0.0550   -0.0116    0.0497   -0.0088   -0.0073    0.0127
            Z     0.0645    0.0168    0.0574   -0.0881    0.0639    0.0150
 AT.   8 O  X     0.0419    0.0170    0.0184    0.0012    0.0061   -0.0016
            Y    -0.0134    0.0561    0.0228   -0.0176    0.0006   -0.0081
            Z    -0.0166   -0.0553    0.0007   -0.0105    0.0415    0.0200
 AT.   9 O  X     0.0378    0.0129   -0.0290   -0.0077    0.0209    0.0078
            Y    -0.0170    0.0468    0.0045   -0.0126    0.0075    0.0027
            Z    -0.0002   -0.0092    0.0007   -0.0534    0.0466    0.0200
 AT.  10 O  X     0.0367    0.0069    0.0106    0.0010    0.0195   -0.0063
            Y    -0.0116    0.0550   -0.0274   -0.0073   -0.0088    0.0054
            Z     0.0168    0.0645    0.0007    0.0639   -0.0881    0.0200

 FREQ(CM**-1)    379.57    379.57    460.42    460.42    460.55    518.91

 AT.   1 CA X    -0.0037   -0.0037    0.0039    0.0039    0.0000    0.0000
            Y    -0.0551   -0.0551    0.0090    0.0090    0.0000    0.0000
            Z     0.0000    0.0000    0.0000    0.0000   -0.0110   -0.0015
 AT.   2 MG X     0.0003    0.0003   -0.0014   -0.0014    0.0000    0.0000
            Y    -0.0050   -0.0050   -0.1101   -0.1101    0.0000    0.0000
            Z     0.0000    0.0000    0.0000    0.0000   -0.0071    0.0058
 AT.   3 C  X    -0.0234    0.0045    0.0153   -0.0246    0.0000    0.0000
            Y     0.0298    0.0341   -0.0225   -0.0024    0.0000    0.0000
            Z     0.0000    0.0000    0.0000    0.0000   -0.0412   -0.0580
 AT.   4 C  X     0.0045   -0.0234   -0.0246    0.0153    0.0000    0.0000
            Y     0.0341    0.0298   -0.0024   -0.0225    0.0000    0.0000
            Z     0.0000    0.0000    0.0000    0.0000    0.0578    0.0621
 AT.   5 O  X    -0.0249    0.0027    0.0332   -0.0342   -0.0159   -0.0201
            Y     0.0299    0.0316   -0.0079   -0.0088   -0.0157   -0.0170
            Z     0.0175    0.0632   -0.0148   -0.0225   -0.0252   -0.0259
 AT.   6 O  X    -0.0109    0.0096    0.0233   -0.0151    0.0216    0.0248
            Y     0.0315    0.0375   -0.0261   -0.0070   -0.0059   -0.0090
            Z     0.0552   -0.0190   -0.0333    0.0439   -0.0252   -0.0259
 AT.   7 O  X    -0.0165    0.0113    0.0124   -0.0230   -0.0057   -0.0046
            Y     0.0185    0.0286   -0.0085   -0.0245    0.0216    0.0259
            Z    -0.0727   -0.0442    0.0481   -0.0214   -0.0252   -0.0259
 AT.   8 O  X     0.0027   -0.0249   -0.0342    0.0332    0.0230    0.0216
            Y     0.0316    0.0299   -0.0088   -0.0079    0.0254    0.0185
            Z     0.0632    0.0175   -0.0225   -0.0148    0.0357    0.0279
 AT.   9 O  X     0.0096   -0.0109   -0.0151    0.0233   -0.0334   -0.0268
            Y     0.0375    0.0315   -0.0070   -0.0261    0.0072    0.0095
            Z    -0.0190    0.0552    0.0439   -0.0333    0.0357    0.0279
 AT.  10 O  X     0.0113   -0.0165   -0.0230    0.0124    0.0105    0.0052
            Y     0.0286    0.0185   -0.0245   -0.0085   -0.0326   -0.0280
            Z    -0.0442   -0.0727   -0.0214    0.0481    0.0357    0.0279

 FREQ(CM**-1)    759.30    759.30    767.78    767.78    898.44    912.91

 AT.   1 CA X     0.0023    0.0023    0.0009    0.0009    0.0000    0.0000
            Y    -0.0051   -0.0051   -0.0037   -0.0037    0.0000    0.0000
            Z     0.0000    0.0000    0.0000    0.0000   -0.0067   -0.0059
 AT.   2 MG X    -0.0001   -0.0001   -0.0012   -0.0012    0.0000    0.0000
            Y     0.0015    0.0015   -0.0189   -0.0189    0.0000    0.0000
            Z     0.0000    0.0000    0.0000    0.0000   -0.0075    0.0162
 AT.   3 C  X     0.0339    0.0323    0.0068    0.0371    0.0000    0.0000
            Y     0.0247   -0.0198   -0.0390    0.0225    0.0000    0.0000
            Z     0.0000    0.0000    0.0000    0.0000    0.0010   -0.1689
 AT.   4 C  X     0.0323    0.0339    0.0371    0.0068    0.0000    0.0000
            Y    -0.0198    0.0247    0.0225   -0.0390    0.0000    0.0000
            Z     0.0000    0.0000    0.0000    0.0000   -0.1721   -0.0022
 AT.   5 O  X    -0.0333    0.0396    0.0603   -0.0334   -0.0006    0.0086
            Y    -0.0727   -0.0389    0.0095   -0.0712    0.0005    0.0057
            Z    -0.0093   -0.0005    0.0057   -0.0163   -0.0007    0.0527
 AT.   6 O  X    -0.0533   -0.0720   -0.0364   -0.0504   -0.0001   -0.0093
            Y     0.0470   -0.0152   -0.0460    0.0463   -0.0008    0.0045
            Z     0.0075    0.0096    0.0118    0.0071   -0.0007    0.0527
 AT.   7 O  X     0.0603    0.0043   -0.0361    0.0598    0.0007    0.0007
            Y     0.0044    0.0696    0.0655    0.0023    0.0003   -0.0103
            Z     0.0018   -0.0091   -0.0176    0.0092   -0.0007    0.0527
 AT.   8 O  X     0.0396   -0.0333   -0.0334    0.0603    0.0060   -0.0005
            Y    -0.0389   -0.0727   -0.0712    0.0095    0.0054    0.0005
            Z    -0.0005   -0.0093   -0.0163    0.0057    0.0518    0.0003
 AT.   9 O  X    -0.0720   -0.0533   -0.0504   -0.0364   -0.0077   -0.0002
            Y    -0.0152    0.0470    0.0463   -0.0460    0.0025   -0.0007
            Z     0.0096    0.0075    0.0071    0.0118    0.0518    0.0003
 AT.  10 O  X     0.0043    0.0603    0.0598   -0.0361    0.0017    0.0007
            Y     0.0696    0.0044    0.0023    0.0655   -0.0079    0.0002
            Z    -0.0091    0.0018    0.0092   -0.0176    0.0518    0.0003

 FREQ(CM**-1)   1172.17   1174.41   1524.19   1524.19   1550.58   1550.58

 AT.   1 CA X     0.0000    0.0000   -0.0008   -0.0008    0.0001    0.0001
            Y     0.0000    0.0000    0.0015    0.0015    0.0000    0.0000
            Z    -0.0025   -0.0023    0.0000    0.0000    0.0000    0.0000
 AT.   2 MG X     0.0000    0.0000   -0.0009   -0.0009    0.0036    0.0036
            Y     0.0000    0.0000   -0.0019   -0.0019   -0.0017   -0.0017
            Z     0.0014   -0.0130    0.0000    0.0000    0.0000    0.0000
 AT.   3 C  X     0.0000    0.0000   -0.0014   -0.0010    0.0001   -0.0015
            Y     0.0000    0.0000   -0.1227   -0.1235    0.1227   -0.1236
            Z     0.0004   -0.0002    0.0000    0.0000    0.0000    0.0000
 AT.   4 C  X     0.0000    0.0000   -0.0010   -0.0014   -0.0015    0.0001
            Y     0.0000    0.0000   -0.1235   -0.1227   -0.1236    0.1227
            Z    -0.0002    0.0023    0.0000    0.0000    0.0000    0.0000
 AT.   5 O  X     0.0768   -0.0001   -0.0224   -0.0211    0.0239   -0.0220
            Y    -0.0612   -0.0002    0.0219    0.0235   -0.0235    0.0247
            Z    -0.0023   -0.0000    0.0011    0.0016    0.0002    0.0002
 AT.   6 O  X     0.0146    0.0002    0.0054    0.0064   -0.0067    0.0077
            Y     0.0971    0.0000    0.0532    0.0513   -0.0526    0.0509
            Z    -0.0023   -0.0000   -0.0014   -0.0018   -0.0006    0.0001
 AT.   7 O  X    -0.0914   -0.0001    0.0186    0.0167   -0.0167    0.0156
            Y    -0.0359    0.0001    0.0134    0.0136   -0.0116    0.0121
            Z    -0.0023   -0.0000    0.0003    0.0003    0.0004   -0.0004
 AT.   8 O  X    -0.0001    0.0769   -0.0211   -0.0224   -0.0220    0.0239
            Y    -0.0001   -0.0606    0.0235    0.0219    0.0247   -0.0235
            Z    -0.0000   -0.0025    0.0016    0.0011    0.0002    0.0002
 AT.   9 O  X     0.0002    0.0140    0.0064    0.0054    0.0077   -0.0067
            Y    -0.0000    0.0969    0.0513    0.0532    0.0509   -0.0526
            Z    -0.0000   -0.0025   -0.0018   -0.0014    0.0001   -0.0006
 AT.  10 O  X    -0.0001   -0.0909    0.0167    0.0186    0.0156   -0.0167
            Y     0.0002   -0.0363    0.0136    0.0134    0.0121   -0.0116
            Z    -0.0000   -0.0025    0.0003    0.0003   -0.0004    0.0004


  DISPERSION K POINT NUMBER    15 COORD:  C(  1  1  2 )    WEIGHT:    1.

    MODES         EIGV          FREQUENCIES     IRREP
             (HARTREE**2)   (CM**-1)     (THZ)
    1-   1    0.8974E-07     65.7487    1.9711  (  1)
    2-   2    0.2880E-06    117.7896    3.5312  (  1)
    3-   3    0.3319E-06    126.4317    3.7903  (  1)
    4-   4    0.4527E-06    147.6625    4.4268  (  1)
    5-   5    0.6395E-06    175.5114    5.2617  (  1)
    6-   6    0.8538E-06    202.7919    6.0795  (  1)
    7-   7    0.9694E-06    216.0950    6.4784  (  1)
    8-   8    0.1191E-05    239.4977    7.1800  (  1)
    9-   9    0.1377E-05    257.5457    7.7210  (  1)
   10-  10    0.1800E-05    294.4905    8.8286  (  1)
   11-  11    0.2010E-05    311.1853    9.3291  (  1)
   12-  12    0.2675E-05    358.9930   10.7623  (  1)
   13-  13    0.2899E-05    373.7050   11.2034  (  1)
   14-  14    0.3314E-05    399.5234   11.9774  (  1)
   15-  15    0.3610E-05    417.0013   12.5014  (  1)
   16-  16    0.4347E-05    457.6190   13.7191  (  1)
   17-  17    0.4521E-05    466.6546   13.9900  (  1)
   18-  18    0.4778E-05    479.7188   14.3816  (  1)
   19-  19    0.1162E-04    748.3021   22.4335  (  1)
   20-  20    0.1190E-04    757.0570   22.6960  (  1)
   21-  21    0.1204E-04    761.5884   22.8318  (  1)
   22-  22    0.1229E-04    769.3922   23.0658  (  1)
   23-  23    0.1647E-04    890.6546   26.7012  (  1)
   24-  24    0.1647E-04    890.7430   26.7038  (  1)
   25-  25    0.2841E-04   1169.8726   35.0719  (  1)
   26-  26    0.2853E-04   1172.1915   35.1414  (  1)
   27-  27    0.4851E-04   1528.6857   45.8288  (  1)
   28-  28    0.5121E-04   1570.6081   47.0856  (  1)
   29-  29    0.5154E-04   1575.6615   47.2371  (  1)
   30-  30    0.5485E-04   1625.4513   48.7298  (  1)

 MODES IN PHASE

 FREQ(CM**-1)     65.75    117.79    126.43    147.66    175.51    202.79

 AT.   1 CA X     0.0824    0.0361   -0.0123    0.0265   -0.0309   -0.0227
            Y     0.0432    0.0172    0.0305   -0.0609    0.0535    0.0357
            Z     0.0190   -0.0373    0.0868    0.0177   -0.0078   -0.0035
 AT.   2 MG X    -0.0237    0.0176   -0.0015   -0.0032    0.0033   -0.0103
            Y     0.0002    0.0043   -0.0284   -0.0202   -0.0078   -0.0039
            Z    -0.0225   -0.0368   -0.0151    0.0276    0.0180    0.0132
 AT.   3 C  X     0.0502   -0.0180   -0.0181   -0.0120   -0.0166   -0.0016
            Y    -0.0181    0.0173    0.0507   -0.0259   -0.0054   -0.0199
            Z     0.0113    0.0154    0.0277   -0.0096   -0.0204    0.0437
 AT.   4 C  X    -0.0272    0.0022    0.0073   -0.0176    0.0001   -0.0060
            Y     0.0124    0.0281   -0.0415   -0.0419    0.0008   -0.0256
            Z    -0.0109    0.0211   -0.0135    0.0353   -0.0053    0.0212
 AT.   5 O  X     0.0743   -0.0312   -0.0045   -0.0063   -0.0033   -0.0264
            Y     0.0130    0.0013    0.0650   -0.0176    0.0087   -0.0553
            Z     0.0300    0.0386    0.0342    0.0298   -0.0206    0.0657
 AT.   6 O  X     0.0083    0.0008   -0.0427   -0.0273   -0.0342    0.0458
            Y    -0.0137    0.0148    0.0523   -0.0261   -0.0040   -0.0244
            Z    -0.0017   -0.0607    0.0123   -0.0430    0.0062    0.0716
 AT.   7 O  X    -0.0373    0.0012    0.0025   -0.0084    0.0079   -0.0028
            Y     0.0318    0.0351   -0.0314   -0.0068    0.0699   -0.0146
            Z    -0.0119   -0.0140    0.0012    0.0415    0.0400   -0.0286
 AT.   8 O  X     0.0749   -0.0106   -0.0036    0.0158    0.0049    0.0020
            Y     0.0131    0.0093    0.0643    0.0328    0.0289   -0.0029
            Z     0.0290    0.0229    0.0340   -0.0386   -0.0340   -0.0158
 AT.   9 O  X     0.0088   -0.0251   -0.0445   -0.0210   -0.0776    0.0282
            Y    -0.0139    0.0012    0.0498    0.0178   -0.0034    0.0008
            Z    -0.0012   -0.0675    0.0116   -0.0708   -0.0415    0.0558
 AT.  10 O  X    -0.0333   -0.0163    0.0040   -0.0177   -0.0013   -0.0157
            Y     0.0285    0.0662   -0.0341   -0.0401    0.0042   -0.0014
            Z    -0.0134    0.0286   -0.0050    0.0222   -0.0391   -0.0329

 FREQ(CM**-1)    216.09    239.50    257.55    294.49    311.19    358.99

 AT.   1 CA X    -0.0316   -0.0149    0.0023   -0.0120    0.0006   -0.0123
            Y    -0.0086    0.0047    0.0005   -0.0000    0.0002   -0.0012
            Z     0.0357   -0.0187    0.0036    0.0047   -0.0004   -0.0282
 AT.   2 MG X    -0.0269   -0.0177    0.0546    0.0598    0.0172    0.0029
            Y     0.0163    0.0137   -0.0359   -0.0005    0.0595   -0.0580
            Z     0.0228   -0.0233    0.0194   -0.0047   -0.0675   -0.0417
 AT.   3 C  X     0.0112   -0.0483   -0.0358    0.0058    0.0284   -0.0093
            Y     0.0090    0.0054    0.0200   -0.0111   -0.0014   -0.0399
            Z     0.0078   -0.0239   -0.0114    0.0012   -0.0070   -0.0051
 AT.   4 C  X    -0.0373   -0.0503   -0.0429    0.0113    0.0250   -0.0052
            Y     0.0235    0.0047   -0.0073    0.0486   -0.0101   -0.0330
            Z     0.0349   -0.0244   -0.0011   -0.0320   -0.0095   -0.0003
 AT.   5 O  X     0.0106   -0.0392   -0.0361   -0.0136    0.0187   -0.0097
            Y     0.0084    0.0214    0.0192   -0.0375   -0.0223   -0.0395
            Z    -0.0468    0.0191    0.0002    0.0440    0.0297   -0.0498
 AT.   6 O  X     0.0058   -0.0841   -0.0323    0.0143    0.0419    0.0100
            Y     0.0094    0.0110    0.0207   -0.0136   -0.0022   -0.0455
            Z     0.0485   -0.0823   -0.0302   -0.0530   -0.0714   -0.0043
 AT.   7 O  X    -0.0512   -0.0047    0.0385   -0.0086   -0.0286   -0.0213
            Y     0.0395    0.0034    0.0119   -0.0421    0.0260    0.0169
            Z     0.0611   -0.0322    0.0664    0.0479   -0.0021    0.0182
 AT.   8 O  X     0.0473    0.0407    0.0276    0.0015   -0.0188    0.0235
            Y     0.0023   -0.0018   -0.0284   -0.0009    0.0227    0.0507
            Z    -0.0396   -0.0508    0.0175   -0.0068   -0.0302    0.0809
 AT.   9 O  X     0.0143    0.0645    0.0303   -0.0361   -0.0419   -0.0056
            Y    -0.0066   -0.0012   -0.0267   -0.0186    0.0024    0.0470
            Z     0.0295    0.0559    0.0334    0.0274    0.0718    0.0136
 AT.  10 O  X    -0.0521   -0.0392   -0.0415    0.0126    0.0284   -0.0053
            Y     0.0558   -0.0176   -0.0045    0.0405   -0.0265   -0.0202
            Z     0.0905   -0.0135   -0.0564   -0.0671    0.0016    0.0212

 FREQ(CM**-1)    373.71    399.52    417.00    457.62    466.65    479.72

 AT.   1 CA X    -0.0565   -0.0207    0.0017   -0.0032   -0.0107   -0.0061
            Y     0.0059   -0.0676   -0.0530   -0.0019    0.0052    0.0044
            Z    -0.0233    0.0156   -0.0389   -0.0085    0.0116    0.0033
 AT.   2 MG X     0.0052   -0.0018    0.0156   -0.0628    0.0416    0.1295
            Y    -0.0176   -0.0017   -0.0333    0.0229   -0.1219    0.0754
            Z    -0.0092   -0.0029   -0.0033    0.1299    0.0493    0.0586
 AT.   3 C  X     0.0326    0.0140   -0.0162    0.0237    0.0206   -0.0068
            Y     0.0297    0.0039   -0.0129    0.0119   -0.0150   -0.0105
            Z    -0.0151    0.0245    0.0512   -0.0131   -0.0246    0.0183
 AT.   4 C  X    -0.0152   -0.0174    0.0268    0.0235    0.0212   -0.0093
            Y     0.0136    0.0015    0.0272    0.0142   -0.0165   -0.0108
            Z     0.0452   -0.0320    0.0138   -0.0089   -0.0246    0.0150
 AT.   5 O  X     0.0217    0.0280    0.0235    0.0187    0.0209    0.0112
            Y     0.0063    0.0190    0.0380    0.0043   -0.0170    0.0036
            Z     0.0528    0.0231    0.0097    0.0350   -0.0170    0.0007
 AT.   6 O  X     0.0395   -0.0276   -0.0476    0.0084    0.0353   -0.0183
            Y     0.0245   -0.0005   -0.0084    0.0148   -0.0180   -0.0051
            Z    -0.0437   -0.0072    0.0663   -0.0596   -0.0561    0.0233
 AT.   7 O  X    -0.0080   -0.0295    0.0194   -0.0169   -0.0123   -0.0202
            Y    -0.0211    0.0449    0.0441   -0.0218    0.0025    0.0204
            Z     0.0138   -0.1044   -0.0041    0.0100   -0.0505   -0.0520
 AT.   8 O  X     0.0207   -0.0084    0.0131   -0.0046    0.0126    0.0353
            Y     0.0030    0.0107    0.0278    0.0183   -0.0036    0.0121
            Z     0.0501    0.0027   -0.0079    0.0186   -0.0180    0.0321
 AT.   9 O  X     0.0414    0.0041   -0.0459   -0.0294    0.0063    0.0052
            Y     0.0224    0.0131   -0.0166    0.0141   -0.0177    0.0112
            Z    -0.0471    0.0190    0.0692    0.0451    0.0118   -0.0333
 AT.  10 O  X    -0.0054   -0.0268    0.0242    0.0196    0.0119   -0.0038
            Y    -0.0200    0.0292    0.0288    0.0419    0.0207   -0.0387
            Z     0.0112   -0.0676    0.0074   -0.0009    0.0218    0.0171

 FREQ(CM**-1)    748.30    757.06    761.59    769.39    890.65    890.74

 AT.   1 CA X     0.0000    0.0111    0.0001    0.0017   -0.0028    0.0000
            Y     0.0000   -0.0020   -0.0052    0.0021   -0.0010    0.0005
            Z    -0.0000    0.0003    0.0092   -0.0016    0.0011    0.0026
 AT.   2 MG X    -0.0004    0.0105   -0.0004    0.0075   -0.0000   -0.0020
            Y     0.0032   -0.0099    0.0005    0.0097    0.0000    0.0035
            Z     0.0017    0.0016    0.0005   -0.0119   -0.0001    0.0024
 AT.   3 C  X    -0.0434    0.0326   -0.0434    0.0227    0.0004   -0.0002
            Y    -0.0297    0.0402    0.0343   -0.0257    0.0041   -0.0038
            Z     0.0047    0.0072   -0.0000    0.0110    0.1765    0.1768
 AT.   4 C  X    -0.0214   -0.0050    0.0425    0.0070   -0.0003   -0.0003
            Y    -0.0139   -0.0337   -0.0344   -0.0238   -0.0040   -0.0038
            Z     0.0018   -0.0017    0.0001   -0.0122   -0.1764    0.1769
 AT.   5 O  X     0.0479   -0.0628   -0.0511    0.0422   -0.0047   -0.0053
            Y     0.0993   -0.0847    0.0600   -0.0179   -0.0030   -0.0054
            Z     0.0194   -0.0202    0.0089   -0.0030   -0.0500   -0.0496
 AT.   6 O  X     0.0699   -0.0378    0.1029   -0.0546    0.0088    0.0064
            Y    -0.0652    0.0691    0.0207   -0.0230   -0.0058   -0.0014
            Z    -0.0119    0.0041   -0.0197    0.0133   -0.0486   -0.0515
 AT.   7 O  X     0.0392   -0.0457   -0.0009    0.0355   -0.0033    0.0045
            Y     0.0089    0.0442    0.0397   -0.1012    0.0011   -0.0057
            Z     0.0003   -0.0129   -0.0059    0.0195    0.0237    0.0223
 AT.   8 O  X    -0.0481   -0.0634   -0.0332   -0.0784    0.0020    0.0056
            Y    -0.0993   -0.0843    0.0458    0.0121    0.0011    0.0050
            Z    -0.0194   -0.0203    0.0047   -0.0052   -0.0257    0.0247
 AT.   9 O  X    -0.0696   -0.0371    0.0715    0.0773    0.0021   -0.0032
            Y     0.0654    0.0695    0.0109    0.0534   -0.0074   -0.0019
            Z     0.0119    0.0039   -0.0099   -0.0162   -0.0234    0.0245
 AT.  10 O  X    -0.0412   -0.0438    0.0098   -0.0268    0.0030   -0.0017
            Y    -0.0088    0.0439    0.0975    0.0470   -0.0068    0.0078
            Z    -0.0004   -0.0126   -0.0122   -0.0086    0.0504   -0.0487

 FREQ(CM**-1)   1169.87   1172.19   1528.69   1570.61   1575.66   1625.45

 AT.   1 CA X    -0.0004   -0.0001   -0.0000   -0.0006    0.0012    0.0006
            Y    -0.0035   -0.0006    0.0001   -0.0002   -0.0009    0.0009
            Z     0.0007   -0.0007   -0.0001    0.0004    0.0012   -0.0009
 AT.   2 MG X     0.0012   -0.0093    0.0007   -0.0028    0.0025   -0.0013
            Y     0.0011   -0.0089    0.0004   -0.0009   -0.0037   -0.0020
            Z    -0.0050   -0.0062   -0.0011    0.0051    0.0006    0.0010
 AT.   3 C  X     0.0005   -0.0012    0.1544    0.0438   -0.0651    0.0626
            Y     0.0001   -0.0029   -0.0716   -0.0027   -0.0035    0.1588
            Z     0.0007   -0.0007    0.0012    0.0031    0.0004    0.0034
 AT.   4 C  X    -0.0008   -0.0033    0.0533    0.0171    0.1736    0.0130
            Y     0.0008   -0.0014   -0.0584    0.1641   -0.0068   -0.0140
            Z    -0.0013   -0.0001   -0.0003   -0.0036   -0.0035    0.0018
 AT.   5 O  X     0.0104    0.0399   -0.0594   -0.0137    0.0162    0.0089
            Y    -0.0092   -0.0319    0.0425    0.0096   -0.0119   -0.0242
            Z    -0.0005   -0.0004   -0.0006   -0.0023    0.0004   -0.0039
 AT.   6 O  X    -0.0000    0.0063   -0.0044   -0.0013    0.0044   -0.0148
            Y     0.0131    0.0519    0.0234   -0.0009    0.0067   -0.0716
            Z     0.0002   -0.0012   -0.0000   -0.0031   -0.0017   -0.0004
 AT.   7 O  X     0.0882    0.0936    0.0174    0.0321    0.0392    0.0324
            Y     0.0350    0.0364    0.0034    0.0227    0.0147    0.0182
            Z     0.0014    0.0031    0.0015   -0.0038   -0.0006    0.0027
 AT.   8 O  X     0.0403   -0.0094    0.0596    0.0039    0.0265   -0.0033
            Y    -0.0320    0.0088   -0.0430    0.0025   -0.0157    0.0184
            Z    -0.0016   -0.0002    0.0003    0.0015   -0.0030    0.0040
 AT.   9 O  X     0.0048   -0.0012    0.0041    0.0047    0.0060    0.0115
            Y     0.0505   -0.0149   -0.0254    0.0271   -0.0031    0.0577
            Z    -0.0007    0.0005    0.0001    0.0019   -0.0004    0.0017
 AT.  10 O  X     0.0953   -0.0865   -0.0105   -0.0300   -0.0657   -0.0047
            Y     0.0378   -0.0336   -0.0013   -0.0230   -0.0233   -0.0030
            Z     0.0013   -0.0027   -0.0014    0.0043    0.0006   -0.0005

 MODES IN ANTI-PHASE

 FREQ(CM**-1)     65.75    117.79    126.43    147.66    175.51    202.79

 AT.   1 CA X    -0.0030   -0.0109   -0.0011   -0.0170    0.0308    0.0108
            Y    -0.0016   -0.0052    0.0027    0.0392   -0.0533   -0.0169
            Z    -0.0007    0.0113    0.0076   -0.0114    0.0078    0.0017
 AT.   2 MG X    -0.0377    0.0165   -0.0033   -0.0017    0.0009   -0.0071
            Y     0.0002    0.0041   -0.0608   -0.0104   -0.0021   -0.0027
            Z    -0.0358   -0.0346   -0.0323    0.0142    0.0049    0.0091
 AT.   3 C  X    -0.0059    0.0033   -0.0056   -0.0131    0.0286   -0.0059
            Y     0.0050    0.0271   -0.0117   -0.0330    0.0109   -0.0199
            Z    -0.0067    0.0201    0.0056    0.0502    0.0244    0.0060
 AT.   4 C  X     0.0427   -0.0181   -0.0175   -0.0022   -0.0331    0.0006
            Y    -0.0142    0.0156    0.0313   -0.0020   -0.0122   -0.0116
            Z     0.0073    0.0141    0.0248   -0.0369   -0.0313    0.0387
 AT.   5 O  X    -0.0107   -0.0278    0.0048   -0.0202   -0.0050   -0.0241
            Y    -0.0024   -0.0150    0.0015   -0.0441   -0.0289   -0.0413
            Z     0.0128    0.0167    0.0014    0.0560    0.0339    0.0740
 AT.   6 O  X    -0.0061    0.0465   -0.0140    0.0106    0.0774    0.0009
            Y     0.0033    0.0201   -0.0100   -0.0315    0.0034   -0.0209
            Z    -0.0063    0.0305   -0.0033    0.0582    0.0415   -0.0136
 AT.   7 O  X    -0.0531    0.0313    0.0091    0.0156    0.0014    0.0179
            Y     0.0430   -0.0669   -0.0184    0.0409   -0.0039   -0.0101
            Z     0.0198   -0.0728   -0.0360   -0.0055    0.0393    0.0192
 AT.   8 O  X     0.0051    0.0404   -0.0055    0.0141    0.0034    0.0357
            Y     0.0015    0.0118    0.0097    0.0344   -0.0086    0.0689
            Z    -0.0150   -0.0352    0.0045   -0.0504    0.0204   -0.0977
 AT.   9 O  X     0.0055   -0.0392    0.0064    0.0204    0.0338   -0.0361
            Y    -0.0023   -0.0249    0.0189    0.0368    0.0039    0.0321
            Z     0.0064    0.0082    0.0053    0.0149   -0.0063   -0.0468
 AT.  10 O  X     0.0557   -0.0267   -0.0085    0.0012   -0.0079   -0.0091
            Y    -0.0452    0.0363    0.0127   -0.0108   -0.0699    0.0177
            Z    -0.0189    0.0683    0.0357   -0.0354   -0.0402    0.0100

 FREQ(CM**-1)    216.09    239.50    257.55    294.49    311.19    358.99

 AT.   1 CA X     0.0127    0.0231   -0.0201   -0.0304    0.0641    0.0300
            Y     0.0035   -0.0074   -0.0045   -0.0001    0.0233    0.0030
            Z    -0.0144    0.0290   -0.0314    0.0119   -0.0452    0.0687
 AT.   2 MG X    -0.0210   -0.0009   -0.0237   -0.0751   -0.0101   -0.0004
            Y     0.0128    0.0007    0.0156    0.0006   -0.0351    0.0078
            Z     0.0179   -0.0011   -0.0084    0.0059    0.0398    0.0056
 AT.   3 C  X    -0.0412   -0.0235    0.0253   -0.0130   -0.0129   -0.0141
            Y     0.0219   -0.0067    0.0288   -0.0473    0.0108   -0.0206
            Z     0.0340   -0.0058   -0.0091    0.0325    0.0070   -0.0174
 AT.   4 C  X     0.0207    0.0188    0.0088   -0.0086   -0.0186    0.0161
            Y     0.0035    0.0071   -0.0342    0.0002   -0.0040    0.0304
            Z    -0.0006    0.0034    0.0145    0.0061    0.0027    0.0181
 AT.   5 O  X    -0.0572   -0.0269    0.0333   -0.0124   -0.0076   -0.0237
            Y     0.0054   -0.0077    0.0427   -0.0415    0.0222   -0.0322
            Z     0.0084    0.0472   -0.0778    0.0372   -0.0271   -0.0647
 AT.   6 O  X    -0.0147   -0.0326    0.0049   -0.0376    0.0006   -0.0022
            Y     0.0194   -0.0037    0.0287   -0.0417    0.0135   -0.0208
            Z     0.0080   -0.0239   -0.0174   -0.0166    0.0220   -0.0151
 AT.   7 O  X     0.0219    0.0452    0.0173    0.0092   -0.0098    0.0291
            Y    -0.0395    0.0179   -0.0311    0.0143   -0.0238    0.0115
            Z    -0.0670    0.0295   -0.0362   -0.0471   -0.0286   -0.0486
 AT.   8 O  X     0.0339    0.0246    0.0406   -0.0183   -0.0072   -0.0101
            Y    -0.0097   -0.0226    0.0373   -0.0559    0.0218    0.0048
            Z     0.0263    0.0022   -0.0758    0.0572   -0.0266   -0.0111
 AT.   9 O  X     0.0066    0.0630    0.0121   -0.0178    0.0014   -0.0086
            Y    -0.0205   -0.0116    0.0232   -0.0398    0.0135    0.0172
            Z    -0.0394    0.0650   -0.0101   -0.0483    0.0207   -0.0077
 AT.  10 O  X     0.0196    0.0230    0.0081    0.0009   -0.0103    0.0356
            Y     0.0011    0.0044   -0.0330   -0.0183   -0.0233   -0.0037
            Z     0.0061    0.0415   -0.0504   -0.0018   -0.0287   -0.0473

 FREQ(CM**-1)    373.71    399.52    417.00    457.62    466.65    479.72

 AT.   1 CA X     0.0018   -0.0088   -0.0003    0.0065    0.0198    0.0094
            Y    -0.0002   -0.0289    0.0089    0.0040   -0.0096   -0.0068
            Z     0.0007    0.0067    0.0065    0.0174   -0.0215   -0.0050
 AT.   2 MG X     0.0083   -0.0148    0.0189    0.0045   -0.0012    0.0069
            Y    -0.0283   -0.0143   -0.0404   -0.0016    0.0034    0.0040
            Z    -0.0148   -0.0237   -0.0040   -0.0093   -0.0014    0.0031
 AT.   3 C  X    -0.0008   -0.0160    0.0242   -0.0007   -0.0124   -0.0240
            Y     0.0300    0.0221    0.0252   -0.0172    0.0265   -0.0034
            Z     0.0430   -0.0341    0.0240   -0.0285    0.0001   -0.0301
 AT.   4 C  X     0.0288   -0.0122   -0.0112   -0.0026    0.0112    0.0231
            Y     0.0400    0.0224   -0.0078    0.0153   -0.0256    0.0023
            Z     0.0056   -0.0273    0.0548    0.0301    0.0012    0.0319
 AT.   5 O  X     0.0164   -0.0385    0.0281   -0.0088   -0.0287   -0.0436
            Y     0.0530   -0.0034    0.0249   -0.0266    0.0155   -0.0148
            Z     0.0411   -0.0184    0.0525   -0.0512    0.0327   -0.0355
 AT.   6 O  X    -0.0314    0.0322    0.0025    0.0308   -0.0306    0.0024
            Y     0.0329    0.0186    0.0266   -0.0296    0.0330   -0.0100
            Z     0.0564    0.0333   -0.0201   -0.0105    0.0225    0.0261
 AT.   7 O  X    -0.0415   -0.0089   -0.0180   -0.0117   -0.0062    0.0131
            Y    -0.0175   -0.0026    0.0397   -0.0361   -0.0264    0.0333
            Z     0.0403    0.0064   -0.0347   -0.0067    0.0070    0.0043
 AT.   8 O  X    -0.0177    0.0468   -0.0342   -0.0201   -0.0331   -0.0279
            Y    -0.0533    0.0161   -0.0359   -0.0198    0.0227   -0.0093
            Z    -0.0443    0.0294   -0.0528   -0.0592    0.0321   -0.0150
 AT.   9 O  X     0.0288   -0.0422    0.0131    0.0125   -0.0463    0.0177
            Y    -0.0343   -0.0132   -0.0224   -0.0299    0.0331    0.0006
            Z    -0.0536   -0.0282   -0.0025    0.0404    0.0593   -0.0108
 AT.  10 O  X     0.0419   -0.0151    0.0108    0.0061    0.0069    0.0238
            Y     0.0188    0.0342   -0.0519   -0.0052   -0.0166   -0.0051
            Z    -0.0411   -0.0798    0.0341   -0.0119    0.0460    0.0493

 FREQ(CM**-1)    748.30    757.06    761.59    769.39    890.65    890.74

 AT.   1 CA X    -0.0024   -0.0002    0.0001    0.0033   -0.0016   -0.0000
            Y    -0.0033    0.0000   -0.0027    0.0041   -0.0005   -0.0009
            Z     0.0015   -0.0000    0.0048   -0.0031    0.0006   -0.0045
 AT.   2 MG X     0.0002    0.0176   -0.0103   -0.0118   -0.0023   -0.0000
            Y    -0.0018   -0.0166    0.0136   -0.0153    0.0016    0.0000
            Z    -0.0010    0.0026    0.0134    0.0189   -0.0112    0.0000
 AT.   3 C  X    -0.0015    0.0119   -0.0099   -0.0185    0.0058   -0.0047
            Y    -0.0019   -0.0166   -0.0026    0.0385    0.0027   -0.0036
            Z     0.0008    0.0020    0.0015    0.0083    0.0003    0.0031
 AT.   4 C  X     0.0378    0.0343   -0.0132   -0.0285    0.0058    0.0047
            Y     0.0263    0.0275    0.0000    0.0397    0.0028    0.0036
            Z    -0.0044    0.0073    0.0015   -0.0064    0.0031   -0.0003
 AT.   5 O  X     0.0075    0.0234   -0.0052   -0.0662    0.0052   -0.0034
            Y     0.0007   -0.0130    0.0144    0.0024    0.0030   -0.0028
            Z     0.0026    0.0008   -0.0004   -0.0084   -0.0001   -0.0007
 AT.   6 O  X    -0.0084   -0.0267    0.0161    0.0563   -0.0028    0.0001
            Y    -0.0063   -0.0147   -0.0009    0.0490   -0.0051    0.0029
            Z    -0.0002    0.0053    0.0015   -0.0105    0.0018    0.0006
 AT.   7 O  X     0.0739   -0.0661    0.0126   -0.0081    0.0055   -0.0005
            Y    -0.0043    0.0070    0.0910   -0.0126   -0.0086   -0.0057
            Z     0.0067   -0.0096   -0.0107    0.0029    0.0445    0.0433
 AT.   8 O  X     0.0062   -0.0216   -0.0392   -0.0028   -0.0067    0.0029
            Y    -0.0020    0.0154    0.0414   -0.0134   -0.0041    0.0033
            Z     0.0021   -0.0002    0.0076   -0.0073   -0.0428    0.0430
 AT.   9 O  X    -0.0103    0.0278    0.0757   -0.0130    0.0090   -0.0055
            Y    -0.0045    0.0127    0.0176    0.0089   -0.0024    0.0026
            Z     0.0001   -0.0054   -0.0171    0.0050   -0.0426    0.0453
 AT.  10 O  X     0.0729    0.0674   -0.0079    0.0247   -0.0056   -0.0042
            Y    -0.0045   -0.0083   -0.0187   -0.0905    0.0054    0.0022
            Z     0.0067    0.0099    0.0011    0.0177   -0.0025    0.0016

 FREQ(CM**-1)   1169.87   1172.19   1528.69   1570.61   1575.66   1625.45

 AT.   1 CA X     0.0001    0.0005   -0.0003   -0.0033    0.0024    0.0018
            Y     0.0007    0.0031    0.0012   -0.0010   -0.0018    0.0025
            Z    -0.0001    0.0036   -0.0011    0.0021    0.0025   -0.0026
 AT.   2 MG X     0.0014    0.0032   -0.0005    0.0024   -0.0038    0.0015
            Y     0.0013    0.0030   -0.0003    0.0008    0.0055    0.0023
            Z    -0.0057    0.0021    0.0008   -0.0044   -0.0009   -0.0011
 AT.   3 C  X    -0.0008    0.0038    0.0026   -0.0105   -0.1609   -0.0222
            Y     0.0008   -0.0015    0.0349   -0.1665    0.0088   -0.0090
            Z    -0.0012   -0.0007    0.0008    0.0041    0.0037   -0.0023
 AT.   4 C  X     0.0004   -0.0023   -0.1449   -0.0417    0.0010   -0.0652
            Y     0.0002    0.0030    0.0541    0.0282    0.0065   -0.1584
            Z     0.0006    0.0010   -0.0014   -0.0037    0.0010   -0.0037
 AT.   5 O  X    -0.0800   -0.0716    0.0058   -0.0244    0.0465    0.0060
            Y     0.0611    0.0540   -0.0066    0.0315   -0.0293   -0.0010
            Z     0.0028    0.0014   -0.0015   -0.0019   -0.0036    0.0016
 AT.   6 O  X    -0.0125   -0.0119   -0.0017    0.0096    0.0112   -0.0002
            Y    -0.1001   -0.0860   -0.0150    0.0726    0.0013    0.0024
            Z     0.0022    0.0016    0.0004   -0.0027   -0.0019    0.0022
 AT.   7 O  X    -0.0361    0.0001    0.0437   -0.0002   -0.0527    0.0335
            Y    -0.0142   -0.0001    0.0133   -0.0049   -0.0182    0.0182
            Z    -0.0001   -0.0006    0.0002    0.0020    0.0003    0.0027
 AT.   8 O  X     0.0698   -0.0814   -0.0034   -0.0277    0.0416    0.0102
            Y    -0.0529    0.0621   -0.0000    0.0328   -0.0275   -0.0158
            Z    -0.0024    0.0014   -0.0016   -0.0026   -0.0019   -0.0011
 AT.   9 O  X     0.0115   -0.0134   -0.0023    0.0085    0.0104   -0.0093
            Y     0.0874   -0.0994   -0.0112    0.0674    0.0060   -0.0425
            Z    -0.0021    0.0019    0.0004   -0.0036   -0.0025    0.0015
 AT.  10 O  X    -0.0005   -0.0358    0.0458    0.0114   -0.0019    0.0463
            Y    -0.0003   -0.0141    0.0136    0.0037    0.0003    0.0256
            Z    -0.0004   -0.0017    0.0004    0.0005   -0.0003    0.0038


  DISPERSION K POINT NUMBER    16 COORD:  C(  1  2  0 )    WEIGHT:    1.

    MODES         EIGV          FREQUENCIES     IRREP
             (HARTREE**2)   (CM**-1)     (THZ)
    1-   1    0.1549E-06     86.3786    2.5896  (  1)
    2-   2    0.3290E-06    125.8911    3.7741  (  1)
    3-   3    0.4931E-06    154.1162    4.6203  (  1)
    4-   4    0.5573E-06    163.8442    4.9119  (  1)
    5-   5    0.5766E-06    166.6517    4.9961  (  1)
    6-   6    0.8447E-06    201.7136    6.0472  (  1)
    7-   7    0.1092E-05    229.3136    6.8746  (  1)
    8-   8    0.1428E-05    262.2959    7.8634  (  1)
    9-   9    0.1482E-05    267.2236    8.0112  (  1)
   10-  10    0.1765E-05    291.6204    8.7426  (  1)
   11-  11    0.2317E-05    334.0761   10.0153  (  1)
   12-  12    0.2394E-05    339.5521   10.1795  (  1)
   13-  13    0.2873E-05    372.0041   11.1524  (  1)
   14-  14    0.3063E-05    384.1404   11.5162  (  1)
   15-  15    0.3430E-05    406.4563   12.1853  (  1)
   16-  16    0.4210E-05    450.2999   13.4997  (  1)
   17-  17    0.4570E-05    469.1682   14.0653  (  1)
   18-  18    0.4647E-05    473.1087   14.1834  (  1)
   19-  19    0.1167E-04    749.6415   22.4737  (  1)
   20-  20    0.1190E-04    757.1277   22.6981  (  1)
   21-  21    0.1197E-04    759.4336   22.7672  (  1)
   22-  22    0.1203E-04    761.1732   22.8194  (  1)
   23-  23    0.1634E-04    887.2732   26.5998  (  1)
   24-  24    0.1635E-04    887.3474   26.6020  (  1)
   25-  25    0.2842E-04   1170.0668   35.0777  (  1)
   26-  26    0.2842E-04   1170.0952   35.0786  (  1)
   27-  27    0.4992E-04   1550.7090   46.4891  (  1)
   28-  28    0.5063E-04   1561.6539   46.8172  (  1)
   29-  29    0.5362E-04   1607.1382   48.1808  (  1)
   30-  30    0.5628E-04   1646.5647   49.3628  (  1)

 MODES IN PHASE

 FREQ(CM**-1)     86.38    125.89    154.12    163.84    166.65    201.71

 AT.   1 CA X     0.0379    0.0597    0.0154   -0.0346   -0.0173    0.0018
            Y     0.0093   -0.0586    0.0822   -0.0375   -0.0071   -0.0031
            Z     0.0059    0.0092    0.0180    0.0914   -0.0123   -0.0035
 AT.   2 MG X     0.0021   -0.0340    0.0339   -0.0105    0.0034   -0.0010
            Y     0.0132    0.0210    0.0277   -0.0135   -0.0090   -0.0011
            Z     0.0365    0.0121   -0.0288   -0.0215   -0.0014   -0.0041
 AT.   3 C  X    -0.0170    0.0080    0.0233    0.0246   -0.0020   -0.0195
            Y    -0.0019    0.0262   -0.0207   -0.0051   -0.0070    0.0316
            Z     0.0295   -0.0166   -0.0217   -0.0253   -0.0023    0.0436
 AT.   4 C  X    -0.0174   -0.0093    0.0110   -0.0200   -0.0184    0.0013
            Y    -0.0039   -0.0113    0.0349   -0.0197   -0.0134    0.0100
            Z     0.0341    0.0081   -0.0176    0.0260   -0.0303    0.0315
 AT.   5 O  X    -0.0281    0.0263    0.0518    0.0209   -0.0008   -0.0316
            Y    -0.0193    0.0508    0.0191   -0.0101   -0.0029    0.0073
            Z     0.0955   -0.0095   -0.0239    0.0009   -0.0128    0.0349
 AT.   6 O  X    -0.0324    0.0632   -0.0255   -0.0071   -0.0573    0.0178
            Y     0.0124   -0.0350   -0.0154    0.0324   -0.0067   -0.0274
            Z    -0.0607    0.0119    0.0365    0.0355   -0.0746    0.0437
 AT.   7 O  X    -0.0070    0.0052   -0.0163   -0.0148    0.0181   -0.0027
            Y     0.0271   -0.0278    0.0770   -0.0266    0.0362   -0.0085
            Z     0.0339    0.0190    0.0349    0.0615    0.0493   -0.0306
 AT.   8 O  X     0.0357    0.0359    0.0482    0.0204   -0.0118    0.0336
            Y     0.0456    0.0704    0.0135   -0.0203    0.0024   -0.0098
            Z    -0.0140   -0.0302   -0.0122    0.0134   -0.0130   -0.0394
 AT.   9 O  X     0.0354    0.0582   -0.0142    0.0004    0.0611   -0.0180
            Y    -0.0069   -0.0272   -0.0047    0.0347    0.0108    0.0243
            Z     0.0230    0.0018    0.0301    0.0418    0.0771   -0.0487
 AT.  10 O  X    -0.0273   -0.0059   -0.0041   -0.0220   -0.0121   -0.0018
            Y     0.0146   -0.0167    0.0671   -0.0158   -0.0200    0.0159
            Z    -0.0159    0.0277    0.0238    0.0739   -0.0328    0.0418

 FREQ(CM**-1)    229.31    262.30    267.22    291.62    334.08    339.55

 AT.   1 CA X     0.0001    0.0212    0.0018   -0.0075   -0.0457   -0.0351
            Y     0.0033   -0.0131    0.0143   -0.0038   -0.0326    0.0579
            Z    -0.0200   -0.0185   -0.0470    0.0180   -0.0116   -0.0404
 AT.   2 MG X     0.0176   -0.0290   -0.0169    0.0038    0.0442   -0.0959
            Y    -0.0071    0.0099   -0.0555   -0.0353    0.0847    0.0196
            Z     0.0138   -0.0260    0.0304    0.0532    0.0280    0.0302
 AT.   3 C  X    -0.0543   -0.0290    0.0503    0.0249   -0.0211   -0.0000
            Y    -0.0098   -0.0344    0.0122   -0.0235    0.0339    0.0281
            Z    -0.0290    0.0116   -0.0166   -0.0126    0.0111   -0.0166
 AT.   4 C  X    -0.0537    0.0129   -0.0309   -0.0248    0.0263    0.0097
            Y    -0.0110    0.0456   -0.0309    0.0192   -0.0001   -0.0191
            Z    -0.0283   -0.0188    0.0055    0.0134   -0.0114    0.0250
 AT.   5 O  X    -0.0349   -0.0436    0.0568   -0.0044   -0.0150   -0.0117
            Y     0.0089   -0.0504    0.0184   -0.0622    0.0368    0.0107
            Z     0.0219    0.0374   -0.0520    0.0723    0.0186    0.0131
 AT.   6 O  X     0.0684   -0.0067   -0.0272   -0.0581   -0.0276    0.0078
            Y    -0.0184    0.0478    0.0201   -0.0021   -0.0300   -0.0244
            Z     0.0658   -0.0283   -0.0488   -0.0076   -0.0368    0.0432
 AT.   7 O  X     0.0107    0.0567   -0.0242   -0.0139    0.0174    0.0218
            Y     0.0321   -0.0496   -0.0205    0.0457    0.0061   -0.0118
            Z     0.0387   -0.0258   -0.0444    0.0076    0.0141    0.0581
 AT.   8 O  X     0.0238    0.0357    0.0556   -0.0047   -0.0156    0.0026
            Y    -0.0345   -0.0309    0.0110   -0.0090    0.0365    0.0221
            Z     0.0084    0.0494   -0.0499   -0.0033    0.0179    0.0363
 AT.   9 O  X     0.0121   -0.0082   -0.0182    0.0077   -0.0271    0.0269
            Y     0.0247   -0.0061    0.0256   -0.0314   -0.0307   -0.0144
            Z    -0.0101   -0.0280   -0.0460   -0.0573   -0.0407    0.0369
 AT.  10 O  X    -0.0397    0.0158   -0.0342   -0.0106    0.0177    0.0088
            Y    -0.0396    0.0413   -0.0167   -0.0097    0.0069   -0.0201
            Z    -0.0478    0.0114   -0.0315    0.0523    0.0103    0.0532

 FREQ(CM**-1)    372.00    384.14    406.46    450.30    469.17    473.11

 AT.   1 CA X     0.0174    0.0033   -0.0232    0.0138    0.0167   -0.0081
            Y     0.0003   -0.0017   -0.0253   -0.0395    0.0051    0.0143
            Z     0.0033   -0.0041   -0.0092   -0.0063   -0.0011   -0.0300
 AT.   2 MG X     0.0181   -0.0000    0.0006    0.0183   -0.0041    0.1398
            Y    -0.0140    0.0008    0.0208   -0.0110    0.1439    0.0089
            Z    -0.0140   -0.0021   -0.0190    0.1349    0.0146   -0.0027
 AT.   3 C  X     0.0227    0.0154    0.0192   -0.0052    0.0027    0.0193
            Y     0.0355   -0.0262    0.0274   -0.0195   -0.0230    0.0034
            Z    -0.0093   -0.0430   -0.0093    0.0029   -0.0463    0.0091
 AT.   4 C  X     0.0205    0.0107    0.0174    0.0185   -0.0159   -0.0097
            Y     0.0343   -0.0019    0.0280    0.0143    0.0092   -0.0216
            Z    -0.0224   -0.0355   -0.0100   -0.0039    0.0324    0.0321
 AT.   5 O  X     0.0175   -0.0084    0.0095    0.0073   -0.0096    0.0301
            Y     0.0205   -0.0638    0.0072   -0.0069   -0.0358    0.0115
            Z     0.0650   -0.0549    0.0451   -0.0354   -0.0646    0.0269
 AT.   6 O  X     0.0169   -0.0085    0.0027   -0.0285   -0.0147    0.0106
            Y    -0.0173    0.0345   -0.0257    0.0193    0.0255    0.0133
            Z    -0.0022    0.0074   -0.0221    0.0483   -0.0041   -0.0158
 AT.   7 O  X     0.0110    0.0020   -0.0524    0.0212   -0.0089   -0.0039
            Y    -0.0563   -0.0355    0.0033    0.0324   -0.0255   -0.0541
            Z     0.0403    0.0241   -0.0447    0.0110   -0.0010    0.0477
 AT.   8 O  X    -0.0305    0.0057    0.0460    0.0259   -0.0123    0.0296
            Y    -0.0303    0.0616   -0.0022   -0.0084   -0.0367    0.0114
            Z    -0.0840    0.0601    0.0067   -0.0227   -0.0644    0.0270
 AT.   9 O  X    -0.0260    0.0005   -0.0173   -0.0311   -0.0076    0.0104
            Y    -0.0086   -0.0310    0.0003    0.0072    0.0214    0.0131
            Z     0.0299    0.0027    0.0695    0.0606   -0.0093   -0.0154
 AT.  10 O  X     0.0166   -0.0024    0.0214    0.0150   -0.0070   -0.0037
            Y     0.0402    0.0343    0.0231    0.0373   -0.0252   -0.0542
            Z    -0.0548   -0.0177   -0.0215   -0.0136   -0.0006    0.0483

 FREQ(CM**-1)    749.64    757.13    759.43    761.17    887.27    887.35

 AT.   1 CA X     0.0002   -0.0020    0.0002   -0.0031    0.0002   -0.0011
            Y    -0.0009   -0.0014   -0.0024    0.0034    0.0004    0.0006
            Z     0.0071    0.0002   -0.0096   -0.0015   -0.0000    0.0015
 AT.   2 MG X     0.0139    0.0007   -0.0228   -0.0039    0.0000    0.0031
            Y     0.0233    0.0004    0.0135    0.0021    0.0010    0.0000
            Z     0.0012   -0.0013   -0.0094    0.0144   -0.0001    0.0016
 AT.   3 C  X     0.0195   -0.0447    0.0187    0.0148   -0.0004    0.0022
            Y     0.0350   -0.0002   -0.0094   -0.0329    0.0008    0.0021
            Z     0.0016   -0.0013    0.0057    0.0005    0.1447    0.1778
 AT.   4 C  X    -0.0106   -0.0036   -0.0243   -0.0414   -0.0024   -0.0002
            Y    -0.0380    0.0392   -0.0069    0.0168   -0.0022    0.0007
            Z    -0.0028    0.0011   -0.0046   -0.0002    0.1779   -0.1446
 AT.   5 O  X    -0.0578    0.0016    0.0296    0.0554   -0.0057   -0.0034
            Y    -0.0612    0.0762   -0.0209   -0.0199   -0.0069   -0.0020
            Z    -0.0137    0.0131   -0.0037    0.0027   -0.0378   -0.0509
 AT.   6 O  X     0.0734   -0.0105    0.0023    0.0920    0.0030   -0.0058
            Y    -0.0203    0.0505    0.0666    0.0042    0.0016    0.0007
            Z    -0.0121   -0.0011   -0.0011   -0.0188   -0.0043    0.0238
 AT.   7 O  X    -0.0241   -0.0122   -0.0621    0.0436   -0.0016    0.0036
            Y     0.0694    0.0737    0.0079   -0.0046   -0.0053   -0.0048
            Z    -0.0116   -0.0099   -0.0091    0.0038    0.0451    0.0250
 AT.   8 O  X    -0.0168    0.0248    0.0622   -0.0300    0.0032   -0.0003
            Y    -0.0720   -0.0611    0.0253   -0.0408    0.0048    0.0009
            Z    -0.0123   -0.0096    0.0088   -0.0105    0.0224    0.0029
 AT.   9 O  X     0.0646    0.0485   -0.0296   -0.0732   -0.0049    0.0070
            Y     0.0230   -0.0428    0.0662   -0.0342   -0.0014   -0.0051
            Z    -0.0112   -0.0058    0.0058    0.0140    0.0243   -0.0447
 AT.  10 O  X    -0.0592    0.0378   -0.0253   -0.0275    0.0012    0.0024
            Y     0.0446   -0.0637   -0.0335   -0.0660    0.0062   -0.0054
            Z    -0.0119    0.0122    0.0023    0.0098   -0.0502    0.0383

 FREQ(CM**-1)   1170.07   1170.10   1550.71   1561.65   1607.14   1646.56

 AT.   1 CA X     0.0000   -0.0008   -0.0005    0.0026    0.0001   -0.0037
            Y    -0.0040   -0.0000   -0.0005    0.0041   -0.0001    0.0025
            Z    -0.0003   -0.0000    0.0031    0.0017    0.0002   -0.0001
 AT.   2 MG X     0.0098   -0.0013   -0.0019   -0.0019    0.0031   -0.0015
            Y     0.0066    0.0019   -0.0050   -0.0036   -0.0012    0.0011
            Z     0.0003    0.0000    0.0018   -0.0060    0.0001    0.0012
 AT.   3 C  X    -0.0031   -0.0029   -0.0277   -0.1051    0.1172    0.1275
            Y     0.0025    0.0027    0.0790    0.1013    0.0366   -0.0075
            Z     0.0004   -0.0001   -0.0026   -0.0008    0.0021    0.0015
 AT.   4 C  X     0.0020   -0.0010    0.0467    0.0124    0.1117   -0.1192
            Y    -0.0012    0.0001    0.1382   -0.0823    0.0650   -0.0206
            Z    -0.0007   -0.0007   -0.0047    0.0015    0.0030   -0.0020
 AT.   5 O  X     0.0418   -0.0098    0.0231    0.0488   -0.0312   -0.0374
            Y    -0.0313    0.0063   -0.0195   -0.0399    0.0121    0.0254
            Z    -0.0004    0.0005   -0.0015    0.0009   -0.0030    0.0010
 AT.   6 O  X     0.0074   -0.0106    0.0114   -0.0064    0.0032    0.0119
            Y     0.0516   -0.0791    0.0620    0.0096   -0.0368    0.0425
            Z    -0.0002    0.0025   -0.0038    0.0000   -0.0014   -0.0014
 AT.   7 O  X     0.0936   -0.0877   -0.0452    0.0185    0.0344    0.0174
            Y     0.0390   -0.0363   -0.0200    0.0083    0.0231   -0.0032
            Z     0.0030   -0.0012    0.0002   -0.0024    0.0015    0.0007
 AT.   8 O  X     0.0125    0.0393    0.0124    0.0541    0.0371    0.0151
            Y    -0.0090   -0.0292    0.0010   -0.0427   -0.0257   -0.0213
            Z     0.0001   -0.0015   -0.0023    0.0007    0.0015   -0.0028
 AT.   9 O  X     0.0113    0.0071   -0.0018   -0.0071    0.0058   -0.0021
            Y     0.0807    0.0498    0.0151   -0.0021    0.0572    0.0325
            Z    -0.0009   -0.0020   -0.0004   -0.0005    0.0025   -0.0008
 AT.  10 O  X     0.0860    0.0945   -0.0382    0.0067   -0.0488    0.0513
            Y     0.0364    0.0391   -0.0229    0.0058   -0.0233    0.0154
            Z     0.0026    0.0011    0.0024   -0.0023   -0.0009    0.0038

 MODES IN ANTI-PHASE

 FREQ(CM**-1)     86.38    125.89    154.12    163.84    166.65    201.71

 AT.   1 CA X     0.0469   -0.0126    0.0029    0.0062   -0.0616    0.0252
            Y     0.0115    0.0123    0.0155    0.0067   -0.0253   -0.0430
            Z     0.0072   -0.0019    0.0034   -0.0164   -0.0440   -0.0485
 AT.   2 MG X     0.0026    0.0072    0.0064    0.0019    0.0123   -0.0136
            Y     0.0164   -0.0044    0.0052    0.0024   -0.0321   -0.0152
            Z     0.0452   -0.0025   -0.0054    0.0038   -0.0051   -0.0564
 AT.   3 C  X     0.0041    0.0048   -0.0146    0.0016   -0.0347    0.0170
            Y     0.0070   -0.0166   -0.0322    0.0370   -0.0152   -0.0122
            Z    -0.0198    0.0090    0.0211   -0.0103   -0.0590    0.0057
 AT.   4 C  X     0.0013   -0.0009   -0.0252   -0.0145    0.0295   -0.0258
            Y    -0.0061   -0.0289    0.0156    0.0318    0.0099    0.0323
            Z     0.0098    0.0170    0.0246    0.0082    0.0507    0.0307
 AT.   5 O  X     0.0305   -0.0294   -0.0002   -0.0022   -0.0241    0.0162
            Y     0.0425   -0.0593   -0.0118    0.0311   -0.0000   -0.0174
            Z     0.0063    0.0534    0.0275   -0.0362   -0.0461   -0.0334
 AT.   6 O  X     0.0292   -0.0009    0.0263   -0.0202    0.0234   -0.0027
            Y    -0.0044   -0.0118    0.0265   -0.0123    0.0097   -0.0189
            Z     0.0105    0.0227   -0.0105   -0.0247    0.0256   -0.0377
 AT.   7 O  X    -0.0295    0.0266    0.0304    0.0233    0.0065   -0.0307
            Y     0.0207   -0.0217   -0.0127   -0.0263    0.0211    0.0515
            Z    -0.0089   -0.0254   -0.0238   -0.0468    0.0179    0.0796
 AT.   8 O  X    -0.0210    0.0162    0.0191   -0.0052   -0.0210    0.0114
            Y    -0.0100    0.0338    0.0180   -0.0257   -0.0015   -0.0162
            Z     0.0947   -0.0450   -0.0343    0.0337   -0.0461   -0.0280
 AT.   9 O  X    -0.0255   -0.0247   -0.0337    0.0214   -0.0098   -0.0001
            Y     0.0112    0.0249   -0.0303    0.0003    0.0048   -0.0227
            Z    -0.0571   -0.0256    0.0231    0.0108   -0.0169   -0.0310
 AT.  10 O  X    -0.0131   -0.0264   -0.0343   -0.0167    0.0150   -0.0307
            Y     0.0308    0.0311    0.0399    0.0339    0.0368    0.0498
            Z     0.0313    0.0156    0.0349    0.0225    0.0409    0.0743

 FREQ(CM**-1)    229.31    262.30    267.22    291.62    334.08    339.55

 AT.   1 CA X     0.0002   -0.0187   -0.0002    0.0053   -0.0012    0.0100
            Y     0.0061    0.0115   -0.0015    0.0027   -0.0008   -0.0165
            Z    -0.0365    0.0163    0.0051   -0.0128   -0.0003    0.0115
 AT.   2 MG X     0.0322    0.0255    0.0018   -0.0027    0.0011    0.0273
            Y    -0.0129   -0.0087    0.0060    0.0252    0.0022   -0.0056
            Z     0.0252    0.0229   -0.0033   -0.0379    0.0007   -0.0086
 AT.   3 C  X     0.0127   -0.0358   -0.0040   -0.0020   -0.0188   -0.0206
            Y    -0.0258    0.0361    0.0306   -0.0202   -0.0172   -0.0121
            Z     0.0150   -0.0209    0.0076    0.0055    0.0072   -0.0219
 AT.   4 C  X    -0.0151   -0.0442   -0.0399    0.0028    0.0103   -0.0182
            Y     0.0254    0.0200    0.0116   -0.0243   -0.0381   -0.0240
            Z    -0.0163   -0.0148    0.0174    0.0030   -0.0066   -0.0115
 AT.   5 O  X     0.0060   -0.0417   -0.0008    0.0035   -0.0117   -0.0237
            Y    -0.0352    0.0247    0.0326   -0.0120   -0.0057   -0.0245
            Z     0.0239   -0.0450   -0.0041    0.0284   -0.0145   -0.0478
 AT.   6 O  X     0.0581    0.0074   -0.0390   -0.0282    0.0095   -0.0383
            Y     0.0175    0.0123   -0.0279    0.0325   -0.0152   -0.0120
            Z     0.0301    0.0246   -0.0078    0.0580   -0.0776   -0.0004
 AT.   7 O  X    -0.0402   -0.0087    0.0492    0.0064    0.0055    0.0185
            Y    -0.0265   -0.0480   -0.0155    0.0260    0.0153    0.0192
            Z    -0.0320   -0.0148   -0.0557   -0.0527   -0.0738   -0.0072
 AT.   8 O  X    -0.0262    0.0486   -0.0113    0.0031    0.0109    0.0263
            Y    -0.0115    0.0468   -0.0357    0.0627    0.0076    0.0152
            Z     0.0313   -0.0313    0.0151   -0.0776    0.0155    0.0337
 AT.   9 O  X     0.0889    0.0058    0.0439    0.0641   -0.0109    0.0284
            Y    -0.0061   -0.0490    0.0229   -0.0086    0.0136    0.0230
            Z     0.0716    0.0249    0.0180   -0.0117    0.0756   -0.0225
 AT.  10 O  X    -0.0127   -0.0552   -0.0429    0.0110   -0.0046   -0.0272
            Y     0.0128    0.0554    0.0195   -0.0517   -0.0149   -0.0101
            Z     0.0154    0.0275    0.0639    0.0100    0.0744   -0.0245

 FREQ(CM**-1)    372.00    384.14    406.46    450.30    469.17    473.11

 AT.   1 CA X     0.0473    0.0432   -0.0384   -0.0036   -0.0011   -0.0001
            Y     0.0007   -0.0226   -0.0419    0.0103   -0.0003    0.0001
            Z     0.0090   -0.0540   -0.0152    0.0016    0.0001   -0.0002
 AT.   2 MG X     0.0490   -0.0003    0.0010   -0.0048    0.0003    0.0009
            Y    -0.0381    0.0106    0.0345    0.0029   -0.0098    0.0001
            Z    -0.0381   -0.0271   -0.0315   -0.0351   -0.0010   -0.0000
 AT.   3 C  X    -0.0028    0.0013    0.0438   -0.0274    0.0181    0.0004
            Y     0.0027    0.0184   -0.0147    0.0048    0.0062    0.0229
            Z    -0.0405   -0.0110    0.0190    0.0028   -0.0051   -0.0419
 AT.   4 C  X     0.0102    0.0112   -0.0446   -0.0209    0.0089   -0.0166
            Y     0.0093   -0.0319    0.0136    0.0141    0.0220    0.0082
            Z     0.0350   -0.0267   -0.0186    0.0009    0.0335   -0.0284
 AT.   5 O  X    -0.0265   -0.0177    0.0569   -0.0400    0.0207   -0.0346
            Y    -0.0227   -0.0096    0.0012    0.0048    0.0090   -0.0099
            Z    -0.0532    0.0392    0.0313   -0.0168    0.0028    0.0026
 AT.   6 O  X    -0.0202   -0.0522   -0.0182    0.0128   -0.0516   -0.0163
            Y    -0.0335    0.0207   -0.0132    0.0198    0.0286   -0.0163
            Z     0.0435    0.0665    0.0669   -0.0377    0.0383    0.0296
 AT.   7 O  X     0.0384   -0.0027   -0.0033    0.0072   -0.0133    0.0206
            Y    -0.0041   -0.0057    0.0279   -0.0185   -0.0011   -0.0154
            Z    -0.0372    0.0410   -0.0477    0.0476   -0.0027    0.0462
 AT.   8 O  X    -0.0088   -0.0187    0.0349    0.0314   -0.0192    0.0350
            Y    -0.0040   -0.0191    0.0069   -0.0008   -0.0041    0.0101
            Z     0.0017    0.0305    0.0545    0.0319    0.0059   -0.0022
 AT.   9 O  X    -0.0044   -0.0529   -0.0061    0.0028    0.0531    0.0165
            Y    -0.0367    0.0256   -0.0289   -0.0267   -0.0317    0.0164
            Z     0.0317    0.0669    0.0115    0.0094   -0.0374   -0.0298
 AT.  10 O  X     0.0364   -0.0023   -0.0480   -0.0166    0.0143   -0.0206
            Y    -0.0397   -0.0110    0.0159    0.0003    0.0045    0.0147
            Z    -0.0022    0.0442   -0.0618   -0.0469    0.0028   -0.0455

 FREQ(CM**-1)    749.64    757.13    759.43    761.17    887.27    887.35

 AT.   1 CA X    -0.0001    0.0080   -0.0001    0.0061    0.0009    0.0013
            Y     0.0004    0.0058    0.0008   -0.0068    0.0016   -0.0007
            Z    -0.0029   -0.0009    0.0032    0.0029   -0.0002   -0.0016
 AT.   2 MG X    -0.0057   -0.0028    0.0076    0.0076    0.0000   -0.0034
            Y    -0.0096   -0.0017   -0.0045   -0.0042    0.0044   -0.0000
            Z    -0.0005    0.0052    0.0032   -0.0283   -0.0004   -0.0018
 AT.   3 C  X    -0.0307   -0.0019    0.0183   -0.0388   -0.0036    0.0028
            Y     0.0160    0.0393    0.0397    0.0038   -0.0049    0.0041
            Z     0.0044    0.0011   -0.0016   -0.0000    0.1035   -0.0002
 AT.   4 C  X    -0.0348   -0.0446    0.0096   -0.0022    0.0027    0.0035
            Y     0.0061   -0.0017    0.0402   -0.0285    0.0044    0.0046
            Z     0.0039   -0.0013   -0.0037    0.0004    0.0002    0.1035
 AT.   5 O  X    -0.0346   -0.0564   -0.0641   -0.0033   -0.0048    0.0007
            Y     0.0405   -0.0136   -0.0697    0.0650   -0.0036   -0.0007
            Z     0.0037   -0.0044   -0.0194    0.0110   -0.0292    0.0021
 AT.   6 O  X    -0.0177   -0.0842    0.0523    0.0236   -0.0052   -0.0065
            Y    -0.0532   -0.0040   -0.0216    0.0393    0.0001    0.0051
            Z     0.0037    0.0145   -0.0111   -0.0036    0.0496    0.0425
 AT.   7 O  X     0.0599   -0.0578   -0.0403    0.0022   -0.0006   -0.0028
            Y     0.0068   -0.0032    0.0660    0.0851    0.0034    0.0059
            Z     0.0052   -0.0075   -0.0158   -0.0149   -0.0219   -0.0410
 AT.   8 O  X     0.0652   -0.0507    0.0333   -0.0467   -0.0068    0.0035
            Y     0.0142   -0.0476    0.0682    0.0544   -0.0061    0.0019
            Z     0.0070   -0.0100    0.0177    0.0043   -0.0422    0.0509
 AT.   9 O  X    -0.0390   -0.0697   -0.0432   -0.0604   -0.0035    0.0051
            Y     0.0521   -0.0271   -0.0229    0.0197    0.0008   -0.0002
            Z     0.0059    0.0133    0.0095    0.0131    0.0435   -0.0195
 AT.  10 O  X    -0.0257   -0.0455    0.0696   -0.0339   -0.0013   -0.0039
            Y    -0.0536   -0.0371   -0.0575    0.0539    0.0009    0.0054
            Z     0.0044   -0.0020    0.0181   -0.0119   -0.0014   -0.0289

 FREQ(CM**-1)   1170.07   1170.10   1550.71   1561.65   1607.14   1646.56

 AT.   1 CA X    -0.0000    0.0040   -0.0004   -0.0004    0.0003    0.0028
            Y     0.0008    0.0000   -0.0004   -0.0006   -0.0001   -0.0019
            Z     0.0001    0.0000    0.0024   -0.0002    0.0004    0.0001
 AT.   2 MG X    -0.0019    0.0066   -0.0015    0.0003    0.0073    0.0011
            Y    -0.0013   -0.0098   -0.0039    0.0005   -0.0029   -0.0009
            Z    -0.0001   -0.0000    0.0014    0.0008    0.0002   -0.0009
 AT.   3 C  X     0.0008   -0.0006   -0.0964    0.0909   -0.0085    0.0177
            Y    -0.0013   -0.0003   -0.1174    0.0136    0.1222   -0.1138
            Z     0.0006   -0.0007    0.0041   -0.0013    0.0039   -0.0021
 AT.   4 C  X     0.0025   -0.0028    0.0888    0.1384    0.0365    0.0484
            Y    -0.0025    0.0027    0.0300   -0.0606   -0.1098   -0.1122
            Z     0.0002   -0.0000   -0.0012   -0.0004   -0.0032   -0.0017
 AT.   5 O  X     0.0694   -0.0800    0.0071   -0.0260    0.0214   -0.0263
            Y    -0.0531    0.0618    0.0058    0.0159   -0.0241    0.0294
            Z    -0.0014    0.0026   -0.0020    0.0006   -0.0008    0.0031
 AT.   6 O  X    -0.0116    0.0070   -0.0047    0.0031    0.0112    0.0056
            Y    -0.0871    0.0621    0.0003    0.0411    0.0439   -0.0217
            Z     0.0019   -0.0008    0.0006    0.0017    0.0021    0.0004
 AT.   7 O  X     0.0018   -0.0352   -0.0282    0.0404   -0.0346   -0.0484
            Y    -0.0006   -0.0144   -0.0187    0.0081   -0.0102   -0.0169
            Z     0.0007    0.0001    0.0024   -0.0001    0.0002   -0.0038
 AT.   8 O  X    -0.0801   -0.0703    0.0208    0.0116   -0.0077    0.0432
            Y     0.0610    0.0549   -0.0203   -0.0043   -0.0080   -0.0325
            Z     0.0015    0.0022   -0.0009   -0.0009   -0.0027   -0.0018
 AT.   9 O  X     0.0080    0.0105    0.0121   -0.0012    0.0101   -0.0130
            Y     0.0612    0.0874    0.0601   -0.0422    0.0040   -0.0350
            Z    -0.0017   -0.0017   -0.0039   -0.0016    0.0004    0.0013
 AT.  10 O  X    -0.0371    0.0005   -0.0372   -0.0439    0.0008   -0.0036
            Y    -0.0142    0.0004   -0.0150   -0.0100    0.0096    0.0077
            Z    -0.0018    0.0006   -0.0004    0.0008    0.0013    0.0004


  DISPERSION K POINT NUMBER    17 COORD:  C(  1  2  1 )    WEIGHT:    1.

    MODES         EIGV          FREQUENCIES     IRREP
             (HARTREE**2)   (CM**-1)     (THZ)
    1-   1    0.8974E-07     65.7487    1.9711  (  1)
    2-   2    0.2880E-06    117.7896    3.5312  (  1)
    3-   3    0.3319E-06    126.4317    3.7903  (  1)
    4-   4    0.4527E-06    147.6625    4.4268  (  1)
    5-   5    0.6395E-06    175.5114    5.2617  (  1)
    6-   6    0.8538E-06    202.7919    6.0795  (  1)
    7-   7    0.9694E-06    216.0950    6.4784  (  1)
    8-   8    0.1191E-05    239.4977    7.1800  (  1)
    9-   9    0.1377E-05    257.5457    7.7210  (  1)
   10-  10    0.1800E-05    294.4905    8.8286  (  1)
   11-  11    0.2010E-05    311.1853    9.3291  (  1)
   12-  12    0.2675E-05    358.9930   10.7623  (  1)
   13-  13    0.2899E-05    373.7050   11.2034  (  1)
   14-  14    0.3314E-05    399.5234   11.9774  (  1)
   15-  15    0.3610E-05    417.0013   12.5014  (  1)
   16-  16    0.4347E-05    457.6190   13.7191  (  1)
   17-  17    0.4521E-05    466.6546   13.9900  (  1)
   18-  18    0.4778E-05    479.7188   14.3816  (  1)
   19-  19    0.1162E-04    748.3021   22.4335  (  1)
   20-  20    0.1190E-04    757.0570   22.6960  (  1)
   21-  21    0.1204E-04    761.5884   22.8318  (  1)
   22-  22    0.1229E-04    769.3922   23.0658  (  1)
   23-  23    0.1647E-04    890.6546   26.7012  (  1)
   24-  24    0.1647E-04    890.7430   26.7038  (  1)
   25-  25    0.2841E-04   1169.8726   35.0719  (  1)
   26-  26    0.2853E-04   1172.1915   35.1414  (  1)
   27-  27    0.4851E-04   1528.6857   45.8288  (  1)
   28-  28    0.5121E-04   1570.6081   47.0856  (  1)
   29-  29    0.5154E-04   1575.6615   47.2371  (  1)
   30-  30    0.5485E-04   1625.4513   48.7298  (  1)

 MODES IN PHASE

 FREQ(CM**-1)     65.75    117.79    126.43    147.66    175.51    202.79

 AT.   1 CA X     0.0038   -0.0003    0.0304    0.0731    0.0867    0.0244
            Y     0.0930   -0.0033   -0.0043   -0.0083    0.0000    0.0011
            Z    -0.0190   -0.0031    0.0810   -0.0196   -0.0109   -0.0020
 AT.   2 MG X    -0.0118    0.0057   -0.0081    0.0027   -0.0052    0.0022
            Y    -0.0202    0.0196    0.0053   -0.0022    0.0006    0.0132
            Z     0.0222    0.0416   -0.0051   -0.0047    0.0111    0.0160
 AT.   3 C  X     0.0409   -0.0264    0.0528   -0.0082    0.0058   -0.0216
            Y     0.0344    0.0146   -0.0123    0.0088    0.0321    0.0177
            Z    -0.0114   -0.0229    0.0249    0.0463   -0.0311    0.0399
 AT.   4 C  X     0.0412    0.0290    0.0440    0.0118    0.0060    0.0125
            Y     0.0345   -0.0128   -0.0038   -0.0174    0.0343   -0.0137
            Z    -0.0117    0.0244    0.0272    0.0193   -0.0318   -0.0015
 AT.   5 O  X     0.0160    0.0031    0.0643   -0.0211    0.0329   -0.0470
            Y     0.0004    0.0509    0.0054   -0.0162    0.0673   -0.0177
            Z     0.0016   -0.0170    0.0127    0.0723   -0.0208    0.0524
 AT.   6 O  X    -0.0457    0.0656   -0.0213    0.0234    0.0470   -0.0191
            Y    -0.0163   -0.0023    0.0126   -0.0338   -0.0333    0.0024
            Z     0.0121    0.0741    0.0115   -0.0288    0.0072   -0.0134
 AT.   7 O  X     0.0259   -0.0044    0.0564   -0.0156    0.0212   -0.0420
            Y     0.0709   -0.0364   -0.0260    0.0237   -0.0127    0.0650
            Z    -0.0299   -0.0245    0.0324    0.0279   -0.0371    0.0955
 AT.   8 O  X     0.0163   -0.0009    0.0588    0.0023    0.0365    0.0138
            Y     0.0006   -0.0498    0.0174   -0.0347    0.0735   -0.0125
            Z     0.0012    0.0063    0.0095    0.0536   -0.0287    0.0210
 AT.   9 O  X    -0.0418   -0.0576   -0.0346    0.0071    0.0384    0.0165
            Y    -0.0148   -0.0009    0.0127   -0.0172   -0.0266    0.0114
            Z     0.0132   -0.0728   -0.0151   -0.0417   -0.0059   -0.0221
 AT.  10 O  X     0.0261    0.0069    0.0519    0.0063    0.0234    0.0199
            Y     0.0714    0.0390   -0.0278   -0.0062   -0.0156   -0.0361
            Z    -0.0291    0.0296    0.0312   -0.0182   -0.0394   -0.0667

 FREQ(CM**-1)    216.09    239.50    257.55    294.49    311.19    358.99

 AT.   1 CA X    -0.0053   -0.0021   -0.0054    0.0047   -0.0104   -0.0110
            Y    -0.0200   -0.0019   -0.0175    0.0083   -0.0591   -0.0244
            Z    -0.0226    0.0034    0.0279    0.0037   -0.0398    0.0611
 AT.   2 MG X    -0.0348    0.0168   -0.0021   -0.0332   -0.0014   -0.0042
            Y    -0.0191    0.0069   -0.0010   -0.0565    0.0015    0.0021
            Z    -0.0289   -0.0190    0.0007   -0.0051    0.0023   -0.0034
 AT.   3 C  X    -0.0230    0.0263   -0.0244   -0.0097    0.0064   -0.0169
            Y    -0.0011    0.0454    0.0260   -0.0023   -0.0065    0.0280
            Z    -0.0247   -0.0223    0.0127   -0.0014    0.0028   -0.0180
 AT.   4 C  X     0.0379   -0.0284    0.0099   -0.0116    0.0211    0.0192
            Y     0.0274   -0.0456    0.0418    0.0213    0.0162   -0.0112
            Z     0.0311    0.0239    0.0010    0.0193    0.0095   -0.0052
 AT.   5 O  X    -0.0173    0.0485   -0.0334   -0.0175   -0.0011   -0.0260
            Y     0.0066    0.0714    0.0108   -0.0098   -0.0234    0.0150
            Z    -0.0453   -0.0793    0.0273   -0.0515   -0.0152   -0.0156
 AT.   6 O  X    -0.0266   -0.0003    0.0364   -0.0327    0.0040    0.0010
            Y    -0.0212   -0.0280    0.0139    0.0297    0.0235   -0.0281
            Z    -0.0159   -0.0069    0.0093    0.0514   -0.0261   -0.0436
 AT.   7 O  X    -0.0194    0.0341   -0.0317   -0.0233    0.0063   -0.0220
            Y    -0.0137    0.0351    0.0387    0.0279   -0.0064    0.0418
            Z     0.0351    0.0443    0.0723    0.0409   -0.0094   -0.0738
 AT.   8 O  X     0.0221   -0.0519    0.0010    0.0040    0.0207    0.0280
            Y     0.0053   -0.0736    0.0253    0.0376    0.0100   -0.0051
            Z    -0.0040    0.0842   -0.0029    0.0312    0.0528   -0.0047
 AT.   9 O  X    -0.0582   -0.0014    0.0242    0.0300   -0.0311   -0.0237
            Y    -0.0052    0.0198   -0.0228   -0.0317    0.0125   -0.0252
            Z    -0.0798    0.0152    0.0676   -0.0667   -0.0243   -0.0417
 AT.  10 O  X     0.0318   -0.0370    0.0030    0.0016    0.0337    0.0158
            Y     0.0487   -0.0331    0.0536   -0.0043   -0.0017   -0.0036
            Z     0.0195   -0.0385    0.0641   -0.0114   -0.0379    0.0064

 FREQ(CM**-1)    373.71    399.52    417.00    457.62    466.65    479.72

 AT.   1 CA X    -0.0320    0.0110   -0.0452   -0.0001   -0.0105   -0.0066
            Y    -0.0442   -0.0118    0.0242    0.0041   -0.0071   -0.0030
            Z     0.0224   -0.0036   -0.0376   -0.0093   -0.0124   -0.0031
 AT.   2 MG X     0.0243    0.0048   -0.0124    0.0514    0.1264   -0.0006
            Y    -0.0059   -0.0192    0.0011    0.0430   -0.0249    0.1500
            Z     0.0125    0.0227   -0.0011    0.1302   -0.0493   -0.0587
 AT.   3 C  X    -0.0157   -0.0273   -0.0072   -0.0008    0.0243    0.0054
            Y     0.0453   -0.0054    0.0334   -0.0269    0.0102   -0.0118
            Z     0.0040    0.0381    0.0347   -0.0116    0.0246   -0.0174
 AT.   4 C  X    -0.0009    0.0243   -0.0017    0.0127    0.0129    0.0057
            Y     0.0366    0.0104    0.0156    0.0078   -0.0075    0.0251
            Z     0.0276   -0.0420    0.0540    0.0309   -0.0126   -0.0193
 AT.   5 O  X    -0.0124    0.0026    0.0048    0.0107    0.0348   -0.0045
            Y     0.0424    0.0411    0.0476   -0.0141    0.0219   -0.0185
            Z     0.0284   -0.0340    0.0682   -0.0590    0.0569   -0.0241
 AT.   6 O  X     0.0125    0.0081    0.0057   -0.0091   -0.0091   -0.0284
            Y    -0.0280   -0.0083   -0.0327    0.0241   -0.0087   -0.0065
            Z    -0.0233   -0.0262    0.0121    0.0103    0.0507    0.0518
 AT.   7 O  X    -0.0041   -0.0155    0.0154   -0.0047    0.0261    0.0022
            Y     0.0314   -0.0408   -0.0184   -0.0193    0.0102    0.0102
            Z    -0.0613    0.0225   -0.0152    0.0375    0.0182    0.0003
 AT.   8 O  X     0.0122   -0.0078    0.0194    0.0285    0.0203   -0.0068
            Y     0.0475   -0.0443    0.0429    0.0182   -0.0026    0.0105
            Z     0.0589    0.0313    0.0628    0.0431   -0.0097    0.0336
 AT.   9 O  X     0.0154   -0.0292    0.0343    0.0268   -0.0126    0.0321
            Y    -0.0029    0.0056   -0.0391   -0.0377    0.0207   -0.0221
            Z    -0.0007    0.0655   -0.0089   -0.0003   -0.0201   -0.0186
 AT.  10 O  X     0.0167    0.0119    0.0220    0.0185    0.0107    0.0070
            Y     0.0084    0.0480   -0.0441   -0.0065    0.0097    0.0358
            Z    -0.0376   -0.0283    0.0170    0.0215    0.0192   -0.0317

 FREQ(CM**-1)    748.30    757.06    761.59    769.39    890.65    890.74

 AT.   1 CA X     0.0014   -0.0041    0.0041    0.0013    0.0005    0.0004
            Y    -0.0031   -0.0049   -0.0022   -0.0034    0.0029   -0.0003
            Z    -0.0012    0.0002   -0.0083   -0.0021    0.0011    0.0026
 AT.   2 MG X     0.0031   -0.0269    0.0021    0.0034    0.0000   -0.0020
            Y    -0.0013   -0.0080    0.0003   -0.0082    0.0000    0.0000
            Z     0.0018    0.0031    0.0017   -0.0087   -0.0001   -0.0012
 AT.   3 C  X    -0.0016   -0.0060   -0.0502   -0.0261    0.0033    0.0023
            Y     0.0282   -0.0294   -0.0185   -0.0073   -0.0024   -0.0061
            Z     0.0021    0.0058    0.0003    0.0122    0.1764   -0.0911
 AT.   4 C  X     0.0030    0.0272   -0.0241    0.0529    0.0012   -0.0032
            Y    -0.0308   -0.0249   -0.0176    0.0000   -0.0067    0.0022
            Z    -0.0032    0.0023   -0.0014    0.0028    0.0909    0.1768
 AT.   5 O  X    -0.0514    0.0458    0.0316    0.0096   -0.0094    0.0000
            Y    -0.0245    0.0239    0.0959    0.0459   -0.0047    0.0037
            Z    -0.0067    0.0066    0.0197    0.0114   -0.0486    0.0253
 AT.   6 O  X     0.0265    0.0671   -0.0224   -0.1051    0.0026    0.0076
            Y     0.0287    0.0540    0.0095    0.0218    0.0023   -0.0024
            Z    -0.0053   -0.0152    0.0041    0.0197    0.0237   -0.0487
 AT.   7 O  X     0.0381   -0.0429   -0.0740   -0.0303   -0.0002    0.0016
            Y    -0.0466    0.0442   -0.0145   -0.0180    0.0056   -0.0074
            Z     0.0090   -0.0110   -0.0089   -0.0044   -0.0500    0.0254
 AT.   8 O  X     0.0514    0.0428    0.0222    0.0098   -0.0074   -0.0043
            Y     0.0067   -0.0264    0.0542   -0.0912    0.0018   -0.0048
            Z     0.0067   -0.0022    0.0069   -0.0152   -0.0234   -0.0514
 AT.   9 O  X     0.0405    0.0010   -0.0804    0.0384   -0.0074   -0.0072
            Y     0.0728   -0.0352    0.0591    0.0036    0.0008   -0.0010
            Z    -0.0057    0.0009    0.0122   -0.0056    0.0504    0.0230
 AT.  10 O  X    -0.0316   -0.0039   -0.0464    0.0473   -0.0001   -0.0020
            Y     0.0559    0.0647   -0.0036    0.0625   -0.0023    0.0073
            Z    -0.0129   -0.0118   -0.0034   -0.0064   -0.0257   -0.0495

 FREQ(CM**-1)   1169.87   1172.19   1528.69   1570.61   1575.66   1625.45

 AT.   1 CA X     0.0009    0.0024    0.0001   -0.0008   -0.0031   -0.0001
            Y    -0.0007   -0.0019   -0.0000   -0.0034   -0.0013    0.0002
            Z    -0.0002    0.0034   -0.0001   -0.0021    0.0028    0.0002
 AT.   2 MG X    -0.0005    0.0024   -0.0000    0.0003    0.0035    0.0014
            Y     0.0024   -0.0100   -0.0008    0.0016    0.0003   -0.0027
            Z     0.0075    0.0050   -0.0011    0.0029   -0.0005   -0.0012
 AT.   3 C  X    -0.0009   -0.0018   -0.1391    0.1404    0.0911   -0.1015
            Y     0.0000   -0.0034   -0.0980   -0.0796    0.1461    0.1351
            Z     0.0007   -0.0003    0.0012   -0.0048    0.0034   -0.0039
 AT.   4 C  X     0.0011   -0.0034    0.1420    0.1407    0.0927    0.0965
            Y     0.0003   -0.0021    0.0937   -0.0879    0.1469   -0.1323
            Z    -0.0013   -0.0008   -0.0010   -0.0044    0.0035    0.0041
 AT.   5 O  X     0.0635   -0.0803    0.0225   -0.0561   -0.0021    0.0533
            Y    -0.0491    0.0618   -0.0078    0.0427   -0.0125   -0.0471
            Z    -0.0019    0.0019   -0.0000    0.0034   -0.0025    0.0010
 AT.   6 O  X     0.0020    0.0076   -0.0058    0.0030    0.0058    0.0001
            Y     0.0147    0.0505   -0.0168    0.0077    0.0271    0.0257
            Z    -0.0006   -0.0021    0.0015   -0.0010   -0.0000   -0.0019
 AT.   7 O  X    -0.0733    0.0953    0.0664   -0.0421   -0.0514    0.0235
            Y    -0.0311    0.0396    0.0302   -0.0070   -0.0263   -0.0055
            Z    -0.0021    0.0014   -0.0006    0.0024   -0.0029    0.0041
 AT.   8 O  X    -0.0813   -0.0621   -0.0241   -0.0578   -0.0028   -0.0512
            Y     0.0612    0.0484    0.0091    0.0442   -0.0122    0.0452
            Z     0.0021    0.0014    0.0001    0.0030   -0.0024   -0.0013
 AT.   9 O  X     0.0077   -0.0023    0.0041    0.0037    0.0072   -0.0000
            Y     0.0511   -0.0139    0.0097    0.0015    0.0352   -0.0194
            Z    -0.0003   -0.0001   -0.0014   -0.0016    0.0001    0.0015
 AT.  10 O  X     0.0938    0.0751   -0.0670   -0.0409   -0.0520   -0.0219
            Y     0.0390    0.0321   -0.0301   -0.0061   -0.0268    0.0059
            Z     0.0028    0.0013    0.0003    0.0021   -0.0032   -0.0042

 MODES IN ANTI-PHASE

 FREQ(CM**-1)     65.75    117.79    126.43    147.66    175.51    202.79

 AT.   1 CA X    -0.0001   -0.0033    0.0121    0.0285   -0.0102   -0.0399
            Y    -0.0028   -0.0415   -0.0017   -0.0033   -0.0000   -0.0017
            Z     0.0006   -0.0388    0.0322   -0.0076    0.0013    0.0033
 AT.   2 MG X    -0.0191   -0.0039   -0.0557    0.0177   -0.0070    0.0001
            Y    -0.0327   -0.0135    0.0363   -0.0144    0.0009    0.0003
            Z     0.0360   -0.0287   -0.0353   -0.0307    0.0149    0.0004
 AT.   3 C  X    -0.0070    0.0188    0.0082    0.0263   -0.0016   -0.0029
            Y    -0.0024    0.0102    0.0075   -0.0352   -0.0132    0.0064
            Z     0.0066    0.0108    0.0133   -0.0217    0.0065   -0.0189
 AT.   4 C  X     0.0046    0.0144    0.0303   -0.0248    0.0002    0.0179
            Y     0.0003    0.0124   -0.0139    0.0319    0.0054   -0.0128
            Z    -0.0059    0.0070    0.0074    0.0473    0.0008   -0.0441
 AT.   5 O  X    -0.0058    0.0134    0.0176    0.0263   -0.0197    0.0086
            Y    -0.0037    0.0027    0.0195   -0.0335   -0.0345    0.0231
            Z     0.0063   -0.0658    0.0004    0.0007    0.0364   -0.0506
 AT.   6 O  X    -0.0641    0.0447   -0.0278   -0.0149    0.0318   -0.0087
            Y    -0.0246   -0.0195    0.0052    0.0113   -0.0252   -0.0141
            Z    -0.0198    0.0017   -0.0341   -0.0304    0.0556    0.0317
 AT.   7 O  X    -0.0030    0.0161    0.0158    0.0263   -0.0120   -0.0008
            Y    -0.0100    0.0191   -0.0129   -0.0348    0.0138    0.0071
            Z    -0.0130    0.0342    0.0112   -0.0570    0.0139    0.0259
 AT.   8 O  X     0.0048    0.0137    0.0314   -0.0337    0.0115    0.0457
            Y     0.0036    0.0108   -0.0104    0.0137    0.0180    0.0263
            Z    -0.0064   -0.0677    0.0084    0.0485   -0.0306   -0.0697
 AT.   9 O  X     0.0667    0.0545    0.0056    0.0268   -0.0419    0.0130
            Y     0.0255   -0.0196    0.0049   -0.0312    0.0323   -0.0086
            Z     0.0190    0.0135    0.0327    0.0028   -0.0558    0.0264
 AT.  10 O  X     0.0015    0.0152    0.0272   -0.0300    0.0068    0.0370
            Y     0.0057    0.0130   -0.0085    0.0416   -0.0105   -0.0545
            Z     0.0148    0.0298    0.0141    0.0608   -0.0050   -0.0731

 FREQ(CM**-1)    216.09    239.50    257.55    294.49    311.19    358.99

 AT.   1 CA X     0.0073   -0.0213   -0.0029    0.0155   -0.0056   -0.0076
            Y     0.0277   -0.0193   -0.0093    0.0271   -0.0319   -0.0169
            Z     0.0312    0.0343    0.0149    0.0122   -0.0215    0.0421
 AT.   2 MG X    -0.0036   -0.0121   -0.0636    0.0356   -0.0498    0.0519
            Y    -0.0020   -0.0050   -0.0319    0.0605    0.0518   -0.0266
            Z    -0.0030    0.0136    0.0211    0.0055    0.0783    0.0420
 AT.   3 C  X    -0.0323   -0.0132    0.0282   -0.0354    0.0211    0.0270
            Y    -0.0285   -0.0057    0.0329    0.0348    0.0237   -0.0226
            Z    -0.0246    0.0103   -0.0072    0.0325    0.0095    0.0013
 AT.   4 C  X     0.0117   -0.0078   -0.0359   -0.0348   -0.0062   -0.0254
            Y    -0.0078    0.0033    0.0034    0.0276   -0.0184    0.0342
            Z     0.0158    0.0058    0.0146    0.0262   -0.0029   -0.0173
 AT.   5 O  X    -0.0176   -0.0218    0.0234   -0.0188    0.0255    0.0398
            Y    -0.0077   -0.0183    0.0232    0.0528    0.0273   -0.0112
            Z     0.0191    0.0325   -0.0217   -0.0208    0.0732    0.0009
 AT.   6 O  X     0.0701   -0.0088    0.0047    0.0052   -0.0399   -0.0257
            Y     0.0125   -0.0391   -0.0368   -0.0128   -0.0005   -0.0163
            Z     0.0893    0.0431    0.0751   -0.0431   -0.0120   -0.0281
 AT.   7 O  X    -0.0271   -0.0184    0.0248   -0.0317    0.0362    0.0253
            Y    -0.0468    0.0068    0.0386    0.0338    0.0022   -0.0197
            Z    -0.0321    0.0251    0.0287    0.0405   -0.0391    0.0349
 AT.   8 O  X     0.0109   -0.0119   -0.0408   -0.0253   -0.0149   -0.0384
            Y    -0.0087   -0.0039   -0.0039    0.0384   -0.0346    0.0180
            Z     0.0490    0.0162    0.0348   -0.0459   -0.0529   -0.0149
 AT.   9 O  X     0.0472   -0.0087    0.0277   -0.0139    0.0252    0.0100
            Y     0.0240   -0.0439    0.0320    0.0059    0.0199   -0.0205
            Z     0.0431    0.0409   -0.0340   -0.0071   -0.0152   -0.0308
 AT.  10 O  X     0.0099   -0.0113   -0.0401   -0.0393   -0.0146   -0.0295
            Y    -0.0017    0.0135    0.0107    0.0436   -0.0066    0.0460
            Z    -0.0434    0.0333    0.0442    0.0564    0.0136   -0.0814

 FREQ(CM**-1)    373.71    399.52    417.00    457.62    466.65    479.72

 AT.   1 CA X     0.0093   -0.0513   -0.0143    0.0002    0.0178    0.0108
            Y     0.0128    0.0550    0.0076   -0.0075    0.0121    0.0049
            Z    -0.0065    0.0166   -0.0119    0.0170    0.0211    0.0051
 AT.   2 MG X     0.0234   -0.0015   -0.0562   -0.0011    0.0010   -0.0000
            Y    -0.0057    0.0062    0.0048   -0.0009   -0.0002    0.0037
            Z     0.0121   -0.0073   -0.0050   -0.0028   -0.0004   -0.0014
 AT.   3 C  X    -0.0232    0.0015    0.0073   -0.0146   -0.0283   -0.0092
            Y     0.0032   -0.0133   -0.0206    0.0079    0.0029   -0.0222
            Z    -0.0454    0.0176    0.0446   -0.0292    0.0008    0.0306
 AT.   4 C  X     0.0280    0.0126   -0.0101   -0.0071   -0.0350   -0.0090
            Y    -0.0269   -0.0099    0.0361    0.0269   -0.0075    0.0004
            Z     0.0363    0.0004   -0.0166   -0.0058   -0.0211    0.0295
 AT.   5 O  X    -0.0424    0.0132    0.0269   -0.0405   -0.0426    0.0100
            Y    -0.0219    0.0166    0.0069   -0.0126   -0.0092   -0.0024
            Z    -0.0654   -0.0007    0.0122   -0.0135   -0.0205   -0.0254
 AT.   6 O  X    -0.0090    0.0531    0.0516   -0.0259    0.0194   -0.0215
            Y    -0.0390    0.0047   -0.0214    0.0294   -0.0189    0.0282
            Z    -0.0357   -0.1013   -0.0328   -0.0062   -0.0052   -0.0058
 AT.   7 O  X    -0.0379    0.0055    0.0163   -0.0189   -0.0268   -0.0090
            Y     0.0340   -0.0265   -0.0506    0.0200   -0.0167   -0.0455
            Z    -0.0267    0.0192    0.0512   -0.0494   -0.0320    0.0355
 AT.   8 O  X     0.0425    0.0109   -0.0193   -0.0307   -0.0512    0.0085
            Y    -0.0041   -0.0017    0.0217    0.0051   -0.0236    0.0153
            Z     0.0402    0.0133    0.0292    0.0426   -0.0597    0.0098
 AT.   9 O  X     0.0009    0.0451   -0.0390   -0.0062    0.0174    0.0154
            Y     0.0479    0.0077   -0.0013   -0.0045   -0.0015    0.0186
            Z     0.0426   -0.0816    0.0338   -0.0120   -0.0468   -0.0488
 AT.  10 O  X     0.0342    0.0114   -0.0045   -0.0062   -0.0359   -0.0061
            Y    -0.0455   -0.0074    0.0309    0.0270   -0.0170   -0.0298
            Z     0.0553    0.0082   -0.0506   -0.0582   -0.0314    0.0159

 FREQ(CM**-1)    748.30    757.06    761.59    769.39    890.65    890.74

 AT.   1 CA X    -0.0009    0.0060    0.0031    0.0017    0.0003    0.0008
            Y     0.0021    0.0071   -0.0017   -0.0044    0.0016   -0.0005
            Z     0.0008   -0.0003   -0.0063   -0.0028    0.0006    0.0045
 AT.   2 MG X     0.0015   -0.0020   -0.0168   -0.0081    0.0025    0.0035
            Y    -0.0006   -0.0006   -0.0021    0.0195    0.0012   -0.0000
            Z     0.0009    0.0002   -0.0133    0.0206   -0.0112    0.0021
 AT.   3 C  X    -0.0038   -0.0269   -0.0111    0.0476   -0.0006   -0.0023
            Y     0.0443    0.0384   -0.0131   -0.0020   -0.0064   -0.0011
            Z     0.0043   -0.0048   -0.0015    0.0063    0.0003    0.1517
 AT.   4 C  X     0.0029   -0.0043   -0.0455   -0.0124    0.0031    0.0008
            Y    -0.0425    0.0415   -0.0144   -0.0076    0.0012   -0.0058
            Z    -0.0035   -0.0071    0.0007    0.0135    0.1513   -0.0003
 AT.   5 O  X    -0.0756   -0.0641    0.0143    0.0129   -0.0030   -0.0050
            Y    -0.0169    0.0190    0.0297   -0.0819    0.0050   -0.0034
            Z    -0.0099   -0.0003    0.0018   -0.0126    0.0018   -0.0449
 AT.   6 O  X    -0.0330   -0.0276   -0.0773    0.0106   -0.0102   -0.0038
            Y    -0.0670    0.0165    0.0587    0.0098   -0.0004   -0.0026
            Z     0.0040    0.0050    0.0115   -0.0003    0.0445   -0.0023
 AT.   7 O  X     0.0491    0.0211   -0.0276    0.0407    0.0001   -0.0014
            Y    -0.0786   -0.0871    0.0003    0.0599   -0.0060    0.0041
            Z     0.0174    0.0170   -0.0010   -0.0078   -0.0001   -0.0426
 AT.   8 O  X     0.0756   -0.0661    0.0266    0.0127   -0.0065   -0.0026
            Y     0.0290   -0.0153    0.0845    0.0222   -0.0066    0.0014
            Z     0.0098   -0.0063    0.0185    0.0076   -0.0426   -0.0014
 AT.   9 O  X    -0.0125   -0.0726   -0.0010   -0.0984    0.0075    0.0046
            Y    -0.0020   -0.0442   -0.0065    0.0236    0.0022   -0.0034
            Z     0.0035    0.0160    0.0009    0.0189   -0.0025   -0.0430
 AT.  10 O  X    -0.0535    0.0476   -0.0639   -0.0183   -0.0002    0.0007
            Y     0.0723   -0.0731   -0.0140   -0.0012    0.0078   -0.0042
            Z    -0.0147    0.0165   -0.0083   -0.0063   -0.0429   -0.0001

 FREQ(CM**-1)   1169.87   1172.19   1528.69   1570.61   1575.66   1625.45

 AT.   1 CA X    -0.0027   -0.0008    0.0011   -0.0001   -0.0002   -0.0013
            Y     0.0020    0.0007   -0.0004   -0.0003   -0.0001    0.0029
            Z     0.0007   -0.0012   -0.0011   -0.0002    0.0002    0.0028
 AT.   2 MG X     0.0001    0.0021    0.0000    0.0007    0.0072   -0.0009
            Y    -0.0005   -0.0086    0.0005    0.0034    0.0006    0.0018
            Z    -0.0014    0.0043    0.0008    0.0061   -0.0010    0.0008
 AT.   3 C  X    -0.0007    0.0033    0.0292    0.0127    0.0179   -0.0314
            Y    -0.0005   -0.0009   -0.0195   -0.0594    0.0162    0.0126
            Z     0.0013    0.0010    0.0008    0.0020    0.0015    0.0013
 AT.   4 C  X    -0.0000   -0.0014    0.0070    0.0094   -0.0057   -0.0444
            Y    -0.0004    0.0028   -0.0347    0.0462    0.0032    0.0302
            Z     0.0006   -0.0006    0.0009   -0.0027   -0.0010    0.0008
 AT.   5 O  X     0.0507   -0.0011   -0.0122   -0.0153   -0.0053    0.0124
            Y    -0.0366   -0.0001    0.0089    0.0132    0.0011   -0.0118
            Z    -0.0009    0.0002    0.0004   -0.0023    0.0006   -0.0021
 AT.   6 O  X    -0.0148    0.0132   -0.0103    0.0046    0.0113    0.0010
            Y    -0.1003    0.0855   -0.0444   -0.0385    0.0630    0.0466
            Z     0.0012   -0.0024    0.0002   -0.0042    0.0007   -0.0033
 AT.   7 O  X    -0.0586   -0.0010   -0.0087    0.0043   -0.0081    0.0104
            Y    -0.0235   -0.0018   -0.0018    0.0054   -0.0056    0.0034
            Z    -0.0019   -0.0004   -0.0015   -0.0017   -0.0021   -0.0006
 AT.   8 O  X     0.0000    0.0510   -0.0085    0.0063    0.0050    0.0193
            Y     0.0020   -0.0385    0.0076   -0.0064   -0.0028   -0.0179
            Z     0.0005   -0.0014    0.0004    0.0028   -0.0009   -0.0019
 AT.   9 O  X    -0.0128   -0.0151   -0.0111   -0.0040   -0.0104    0.0010
            Y    -0.0876   -0.0983   -0.0465    0.0393   -0.0588    0.0496
            Z     0.0013    0.0032    0.0004    0.0040   -0.0007   -0.0035
 AT.  10 O  X    -0.0001   -0.0587    0.0018   -0.0108    0.0012    0.0134
            Y     0.0010   -0.0233    0.0030   -0.0064    0.0021    0.0026
            Z    -0.0002   -0.0006   -0.0016    0.0021    0.0017   -0.0000


  DISPERSION K POINT NUMBER    18 COORD:  C(  1  2  2 )    WEIGHT:    1.

    MODES         EIGV          FREQUENCIES     IRREP
             (HARTREE**2)   (CM**-1)     (THZ)
    1-   1    0.8974E-07     65.7487    1.9711  (  1)
    2-   2    0.2880E-06    117.7896    3.5312  (  1)
    3-   3    0.3319E-06    126.4317    3.7903  (  1)
    4-   4    0.4527E-06    147.6625    4.4268  (  1)
    5-   5    0.6395E-06    175.5114    5.2617  (  1)
    6-   6    0.8538E-06    202.7919    6.0795  (  1)
    7-   7    0.9694E-06    216.0950    6.4784  (  1)
    8-   8    0.1191E-05    239.4977    7.1800  (  1)
    9-   9    0.1377E-05    257.5457    7.7210  (  1)
   10-  10    0.1800E-05    294.4905    8.8286  (  1)
   11-  11    0.2010E-05    311.1853    9.3291  (  1)
   12-  12    0.2675E-05    358.9930   10.7623  (  1)
   13-  13    0.2899E-05    373.7050   11.2034  (  1)
   14-  14    0.3314E-05    399.5234   11.9774  (  1)
   15-  15    0.3610E-05    417.0013   12.5014  (  1)
   16-  16    0.4347E-05    457.6190   13.7191  (  1)
   17-  17    0.4521E-05    466.6546   13.9900  (  1)
   18-  18    0.4778E-05    479.7188   14.3816  (  1)
   19-  19    0.1162E-04    748.3021   22.4335  (  1)
   20-  20    0.1190E-04    757.0570   22.6960  (  1)
   21-  21    0.1204E-04    761.5884   22.8318  (  1)
   22-  22    0.1229E-04    769.3922   23.0658  (  1)
   23-  23    0.1647E-04    890.6546   26.7012  (  1)
   24-  24    0.1647E-04    890.7430   26.7038  (  1)
   25-  25    0.2841E-04   1169.8726   35.0719  (  1)
   26-  26    0.2853E-04   1172.1915   35.1414  (  1)
   27-  27    0.4851E-04   1528.6857   45.8288  (  1)
   28-  28    0.5121E-04   1570.6081   47.0856  (  1)
   29-  29    0.5154E-04   1575.6615   47.2371  (  1)
   30-  30    0.5485E-04   1625.4513   48.7298  (  1)

 MODES IN PHASE

 FREQ(CM**-1)     65.75    117.79    126.43    147.66    175.51    202.79

 AT.   1 CA X     0.0787   -0.0068   -0.0204    0.0460    0.0434   -0.0090
            Y    -0.0498    0.0046   -0.0260    0.0622    0.0752   -0.0173
            Z    -0.0190   -0.0076    0.0872    0.0206    0.0110   -0.0016
 AT.   2 MG X    -0.0109    0.0129    0.0290    0.0143   -0.0031    0.0103
            Y     0.0191   -0.0135    0.0147    0.0054   -0.0042   -0.0084
            Z     0.0209    0.0379   -0.0173    0.0206   -0.0110    0.0159
 AT.   3 C  X    -0.0031   -0.0159    0.0302    0.0303    0.0215   -0.0100
            Y     0.0310   -0.0265    0.0238    0.0047   -0.0173   -0.0064
            Z     0.0111    0.0224   -0.0108    0.0510   -0.0210   -0.0390
 AT.   4 C  X     0.0094   -0.0250   -0.0333   -0.0041   -0.0266   -0.0204
            Y    -0.0528   -0.0208   -0.0407   -0.0018    0.0224   -0.0050
            Z    -0.0115    0.0250    0.0281   -0.0419    0.0318   -0.0066
 AT.   5 O  X     0.0084   -0.0391    0.0267    0.0251    0.0520    0.0107
            Y     0.0452   -0.0587    0.0190   -0.0011    0.0239    0.0170
            Z     0.0128    0.0738   -0.0013    0.0406   -0.0066   -0.0096
 AT.   6 O  X     0.0487   -0.0281   -0.0542   -0.0003    0.0218    0.0775
            Y    -0.0582    0.0191   -0.0361    0.0015    0.0120    0.0035
            Z    -0.0294   -0.0203    0.0343    0.0075    0.0373    0.0979
 AT.   7 O  X    -0.0076    0.0417   -0.0228    0.0258   -0.0421    0.0100
            Y    -0.0143   -0.0295   -0.0634   -0.0189    0.0625    0.0469
            Z     0.0014   -0.0246    0.0121   -0.0611    0.0212    0.0461
 AT.   8 O  X     0.0085    0.0227    0.0270    0.0374    0.0427    0.0000
            Y     0.0462    0.0456    0.0195    0.0021    0.0202   -0.0207
            Z     0.0125   -0.0708   -0.0026    0.0335    0.0053   -0.0188
 AT.   9 O  X     0.0486    0.0305   -0.0542   -0.0205    0.0251   -0.0487
            Y    -0.0581   -0.0276   -0.0359   -0.0008    0.0125    0.0002
            Z    -0.0296    0.0329    0.0342   -0.0177    0.0393   -0.0749
 AT.  10 O  X    -0.0076   -0.0421   -0.0222    0.0106   -0.0453   -0.0176
            Y    -0.0142    0.0235   -0.0635   -0.0250    0.0682   -0.0119
            Z     0.0015   -0.0017    0.0119   -0.0714    0.0283    0.0126

 FREQ(CM**-1)    216.09    239.50    257.55    294.49    311.19    358.99

 AT.   1 CA X     0.0248   -0.0005    0.0136   -0.0028   -0.0150    0.0188
            Y    -0.0246    0.0023   -0.0147    0.0049    0.0125   -0.0262
            Z     0.0381    0.0028   -0.0306   -0.0022   -0.0130   -0.0735
 AT.   2 MG X    -0.0003    0.0027   -0.0029    0.0363   -0.0479    0.0184
            Y    -0.0148    0.0201   -0.0501   -0.0640   -0.0119    0.0119
            Z     0.0107    0.0211   -0.0149    0.0058   -0.0538   -0.0157
 AT.   3 C  X     0.0015    0.0073    0.0290   -0.0429    0.0073    0.0455
            Y    -0.0466   -0.0287    0.0197   -0.0084   -0.0297    0.0072
            Z     0.0340   -0.0172    0.0142   -0.0305    0.0099   -0.0157
 AT.   4 C  X    -0.0134    0.0261   -0.0371   -0.0190    0.0115   -0.0016
            Y     0.0161   -0.0457    0.0015    0.0025   -0.0290    0.0077
            Z    -0.0004   -0.0225   -0.0107   -0.0159    0.0087    0.0124
 AT.   5 O  X    -0.0191    0.0184    0.0278   -0.0434   -0.0008    0.0228
            Y    -0.0749   -0.0092    0.0185   -0.0132   -0.0354   -0.0254
            Z     0.0865    0.0145   -0.0580   -0.0563   -0.0100    0.0515
 AT.   6 O  X    -0.0229   -0.0104   -0.0505   -0.0300    0.0053   -0.0289
            Y     0.0306    0.0485    0.0219   -0.0049    0.0214    0.0070
            Z    -0.0447   -0.0390   -0.0725   -0.0357    0.0210    0.0505
 AT.   7 O  X    -0.0048   -0.0378   -0.0248    0.0065   -0.0217   -0.0101
            Y     0.0115    0.0815    0.0045   -0.0211    0.0342   -0.0005
            Z     0.0379    0.0839   -0.0052    0.0486   -0.0625    0.0136
 AT.   8 O  X    -0.0139   -0.0236    0.0138    0.0437    0.0154    0.0191
            Y    -0.0714    0.0138    0.0342    0.0112    0.0371   -0.0303
            Z     0.0751   -0.0076   -0.0263    0.0654   -0.0064    0.0511
 AT.   9 O  X    -0.0179    0.0131   -0.0529    0.0115   -0.0141   -0.0145
            Y     0.0171   -0.0473    0.0015    0.0007   -0.0313    0.0095
            Z    -0.0475    0.0438   -0.0770    0.0182   -0.0364    0.0306
 AT.  10 O  X    -0.0085    0.0376   -0.0273   -0.0248    0.0147    0.0009
            Y     0.0055   -0.0782   -0.0155    0.0225   -0.0375    0.0085
            Z     0.0453   -0.0799   -0.0216   -0.0365    0.0747    0.0108

 FREQ(CM**-1)    373.71    399.52    417.00    457.62    466.65    479.72

 AT.   1 CA X     0.0229    0.0669   -0.0078    0.0032    0.0007    0.0009
            Y    -0.0513    0.0154   -0.0049   -0.0018   -0.0099    0.0087
            Z    -0.0230    0.0152    0.0068   -0.0084    0.0097   -0.0038
 AT.   2 MG X     0.0088    0.0011    0.0253    0.0116    0.0842    0.1286
            Y     0.0093   -0.0003    0.0364   -0.0658    0.0963   -0.0736
            Z    -0.0064   -0.0014   -0.0039    0.1299    0.0490   -0.0580
 AT.   3 C  X    -0.0098   -0.0054    0.0006    0.0243   -0.0153   -0.0086
            Y    -0.0193   -0.0268    0.0023   -0.0004   -0.0342    0.0172
            Z     0.0456   -0.0414   -0.0563   -0.0181    0.0143    0.0349
 AT.   4 C  X    -0.0447   -0.0152    0.0256    0.0018    0.0115    0.0181
            Y     0.0115   -0.0124   -0.0053   -0.0153    0.0031   -0.0184
            Z    -0.0101   -0.0102   -0.0396    0.0305    0.0152   -0.0230
 AT.   5 O  X     0.0156   -0.0245   -0.0250    0.0274    0.0063    0.0038
            Y     0.0084   -0.0475   -0.0354   -0.0037   -0.0112    0.0270
            Z     0.0065   -0.1046   -0.0346    0.0099   -0.0496    0.0522
 AT.   6 O  X    -0.0066   -0.0318   -0.0353   -0.0129    0.0044    0.0123
            Y     0.0176    0.0167    0.0119    0.0140    0.0235   -0.0110
            Z     0.0447    0.0242    0.0524    0.0348   -0.0140   -0.0044
 AT.   7 O  X    -0.0381    0.0162   -0.0245   -0.0170   -0.0032   -0.0127
            Y     0.0293   -0.0248   -0.0109    0.0000    0.0356    0.0140
            Z    -0.0529   -0.0093   -0.0206   -0.0597   -0.0538   -0.0205
 AT.   8 O  X     0.0263   -0.0105    0.0398   -0.0461   -0.0228   -0.0360
            Y     0.0005   -0.0359    0.0352   -0.0039    0.0013   -0.0136
            Z     0.0183   -0.0624    0.0341   -0.0010    0.0258   -0.0119
 AT.   9 O  X    -0.0224   -0.0027    0.0484   -0.0135   -0.0034    0.0303
            Y     0.0142   -0.0147   -0.0116   -0.0132    0.0091   -0.0264
            Z     0.0571    0.0008   -0.0528    0.0184   -0.0151   -0.0335
 AT.  10 O  X    -0.0422   -0.0154    0.0126    0.0026    0.0117    0.0112
            Y     0.0168   -0.0011    0.0228   -0.0324    0.0091    0.0026
            Z    -0.0369    0.0208   -0.0030    0.0453    0.0171    0.0320

 FREQ(CM**-1)    748.30    757.06    761.59    769.39    890.65    890.74

 AT.   1 CA X    -0.0000   -0.0038   -0.0044    0.0028   -0.0022   -0.0005
            Y     0.0000    0.0106   -0.0026   -0.0004    0.0019   -0.0002
            Z    -0.0000    0.0003   -0.0090    0.0016   -0.0011    0.0026
 AT.   2 MG X     0.0026    0.0031    0.0057   -0.0227    0.0002    0.0010
            Y     0.0019    0.0130    0.0135    0.0030    0.0024    0.0018
            Z    -0.0017    0.0015   -0.0116   -0.0223    0.0098   -0.0012
 AT.   3 C  X     0.0225    0.0310   -0.0083   -0.0170   -0.0038    0.0034
            Y    -0.0115    0.0128   -0.0543   -0.0177   -0.0017    0.0017
            Z     0.0018   -0.0016   -0.0001    0.0122    0.1765    0.1768
 AT.   4 C  X     0.0475   -0.0510    0.0082   -0.0107    0.0036    0.0035
            Y    -0.0227    0.0084    0.0545   -0.0323    0.0018    0.0017
            Z     0.0047    0.0073    0.0001   -0.0111   -0.1764    0.1769
 AT.   5 O  X     0.0280   -0.0166    0.0899    0.0270   -0.0044   -0.0059
            Y    -0.0308   -0.0589    0.0403    0.0463   -0.0062   -0.0054
            Z    -0.0004   -0.0124    0.0122    0.0085   -0.0504   -0.0487
 AT.   6 O  X     0.1100    0.1046    0.0226   -0.0288    0.0021   -0.0072
            Y     0.0081   -0.0132    0.0500    0.0739   -0.0013    0.0023
            Z    -0.0194   -0.0203   -0.0045    0.0053    0.0249    0.0255
 AT.   7 O  X    -0.0217   -0.0421    0.0437    0.0849   -0.0054    0.0032
            Y    -0.0930   -0.0666   -0.0548   -0.0402   -0.0054   -0.0019
            Z     0.0119    0.0038    0.0094    0.0162    0.0226    0.0254
 AT.   8 O  X    -0.0276   -0.0149    0.0315   -0.0700   -0.0006    0.0028
            Y     0.0300   -0.0627    0.0196   -0.0813    0.0036    0.0068
            Z     0.0003   -0.0130    0.0056   -0.0195   -0.0229    0.0231
 AT.   9 O  X    -0.1100    0.1047    0.0262    0.0054   -0.0050    0.0074
            Y    -0.0081   -0.0116    0.0739   -0.0452    0.0027   -0.0019
            Z     0.0194   -0.0202   -0.0089    0.0031    0.0500   -0.0496
 AT.  10 O  X     0.0216   -0.0405    0.0691   -0.0468   -0.0005   -0.0020
            Y     0.0931   -0.0676   -0.0783    0.0356   -0.0105    0.0062
            Z    -0.0119    0.0042    0.0197   -0.0133    0.0486   -0.0515

 FREQ(CM**-1)   1169.87   1172.19   1528.69   1570.61   1575.66   1625.45

 AT.   1 CA X    -0.0011   -0.0028    0.0000    0.0025    0.0002   -0.0030
            Y    -0.0004   -0.0011    0.0000   -0.0024    0.0018    0.0003
            Z    -0.0002    0.0034    0.0000    0.0021    0.0015   -0.0026
 AT.   2 MG X     0.0023   -0.0098    0.0007   -0.0009   -0.0034   -0.0007
            Y    -0.0007    0.0029   -0.0004    0.0009   -0.0072    0.0000
            Z     0.0075    0.0050    0.0012   -0.0022   -0.0011   -0.0003
 AT.   3 C  X    -0.0003   -0.0011    0.0207   -0.0034   -0.0810    0.1697
            Y     0.0004   -0.0037    0.0928   -0.0501    0.1525    0.0227
            Z     0.0007    0.0010   -0.0001   -0.0037   -0.0034   -0.0037
 AT.   4 C  X    -0.0003   -0.0002   -0.0114    0.1494    0.0436    0.0197
            Y    -0.0011    0.0041    0.1701    0.0741   -0.0704   -0.0146
            Z    -0.0013   -0.0008    0.0011    0.0041    0.0008   -0.0023
 AT.   5 O  X     0.0110    0.0394    0.0104   -0.0089    0.0528   -0.0454
            Y    -0.0086   -0.0314   -0.0123    0.0080   -0.0451    0.0274
            Z    -0.0006   -0.0020   -0.0015    0.0005    0.0006    0.0038
 AT.   6 O  X     0.0098   -0.0133    0.0072   -0.0146    0.0007    0.0086
            Y     0.0795   -0.1023    0.0729   -0.0404    0.0361    0.0168
            Z    -0.0021    0.0014    0.0005   -0.0026   -0.0032   -0.0011
 AT.   7 O  X    -0.0747    0.0937    0.0185   -0.0626   -0.0015    0.0417
            Y    -0.0307    0.0386    0.0157   -0.0263    0.0074    0.0133
            Z    -0.0020    0.0019    0.0000   -0.0036   -0.0007    0.0015
 AT.   8 O  X     0.0399   -0.0102   -0.0076    0.0044   -0.0274   -0.0324
            Y    -0.0317    0.0084    0.0096    0.0022    0.0224    0.0198
            Z    -0.0003   -0.0001    0.0015    0.0020   -0.0005    0.0026
 AT.   9 O  X    -0.0132   -0.0099   -0.0074   -0.0151    0.0024   -0.0022
            Y    -0.1007   -0.0816   -0.0731   -0.0369    0.0260    0.0056
            Z     0.0028    0.0013   -0.0004   -0.0019   -0.0000    0.0016
 AT.  10 O  X     0.0936    0.0734   -0.0195   -0.0677   -0.0087   -0.0023
            Y     0.0398    0.0298   -0.0161   -0.0280    0.0015   -0.0015
            Z     0.0021    0.0014   -0.0001   -0.0027   -0.0019    0.0023

 MODES IN ANTI-PHASE

 FREQ(CM**-1)     65.75    117.79    126.43    147.66    175.51    202.79

 AT.   1 CA X    -0.0006    0.0337    0.0004    0.0094    0.0046   -0.0197
            Y     0.0003   -0.0232    0.0005    0.0127    0.0080   -0.0378
            Z     0.0001    0.0382   -0.0015    0.0042    0.0012   -0.0035
 AT.   2 MG X     0.0191    0.0114   -0.0524   -0.0161    0.0043    0.0010
            Y    -0.0336   -0.0118   -0.0266   -0.0062    0.0057   -0.0008
            Z    -0.0368    0.0333    0.0312   -0.0232    0.0151    0.0015
 AT.   3 C  X     0.0090    0.0204   -0.0216    0.0335   -0.0165    0.0251
            Y    -0.0431   -0.0004   -0.0335    0.0033    0.0145    0.0075
            Z    -0.0070   -0.0119    0.0261   -0.0018    0.0239    0.0206
 AT.   4 C  X     0.0017   -0.0065    0.0165    0.0450    0.0049    0.0177
            Y     0.0061    0.0163    0.0053    0.0055   -0.0031    0.0085
            Z     0.0063   -0.0041    0.0027    0.0292    0.0005    0.0436
 AT.   5 O  X    -0.0111    0.0349   -0.0096    0.0367   -0.0383    0.0092
            Y    -0.0695    0.0222   -0.0158    0.0079   -0.0152   -0.0127
            Z     0.0193    0.0070    0.0360   -0.0099    0.0557   -0.0331
 AT.   6 O  X     0.0053   -0.0118   -0.0001   -0.0517    0.0177    0.0026
            Y    -0.0055    0.0259   -0.0059   -0.0055    0.0034    0.0033
            Z     0.0141   -0.0368    0.0010   -0.0630    0.0135   -0.0144
 AT.   7 O  X     0.0005    0.0093   -0.0173   -0.0336   -0.0196   -0.0146
            Y    -0.0063    0.0095    0.0027   -0.0194    0.0336    0.0247
            Z    -0.0063    0.0633    0.0041   -0.0387    0.0362    0.0564
 AT.   8 O  X     0.0109    0.0472    0.0087   -0.0239    0.0484    0.0141
            Y     0.0689    0.0431    0.0151   -0.0077    0.0199    0.0046
            Z    -0.0195   -0.0220   -0.0359    0.0250   -0.0559   -0.0289
 AT.   9 O  X    -0.0060   -0.0001    0.0020    0.0475   -0.0127    0.0604
            Y     0.0063    0.0166    0.0071    0.0056   -0.0008    0.0048
            Z    -0.0137   -0.0261   -0.0022    0.0609   -0.0054    0.0647
 AT.  10 O  X    -0.0004   -0.0075    0.0181    0.0410    0.0103   -0.0020
            Y     0.0065    0.0201   -0.0005    0.0104   -0.0197    0.0517
            Z     0.0063    0.0679   -0.0045    0.0117   -0.0309    0.0717

 FREQ(CM**-1)    216.09    239.50    257.55    294.49    311.19    358.99

 AT.   1 CA X    -0.0036   -0.0061    0.0036    0.0162    0.0501   -0.0027
            Y     0.0036    0.0281   -0.0039   -0.0278   -0.0420    0.0037
            Z    -0.0056    0.0344   -0.0081    0.0126    0.0433    0.0104
 AT.   2 MG X     0.0008    0.0013    0.0029    0.0304   -0.0508   -0.0456
            Y     0.0371    0.0095    0.0504   -0.0536   -0.0126   -0.0295
            Z    -0.0270    0.0100    0.0150    0.0048   -0.0569    0.0391
 AT.   3 C  X    -0.0134   -0.0252   -0.0239   -0.0214   -0.0111    0.0095
            Y     0.0054    0.0380    0.0367   -0.0139    0.0056    0.0097
            Z     0.0077    0.0175    0.0032   -0.0114    0.0002    0.0089
 AT.   4 C  X    -0.0016    0.0021   -0.0060    0.0440    0.0066    0.0464
            Y    -0.0441    0.0135    0.0416    0.0161    0.0083    0.0093
            Z     0.0349    0.0100    0.0100    0.0284   -0.0046   -0.0132
 AT.   5 O  X    -0.0157   -0.0333   -0.0209   -0.0084   -0.0268    0.0099
            Y    -0.0012    0.0294    0.0367    0.0036   -0.0138    0.0213
            Z     0.0272    0.0412    0.0486   -0.0365    0.0269   -0.0057
 AT.   6 O  X    -0.0144    0.0172   -0.0182    0.0491    0.0176   -0.0476
            Y     0.0426    0.0039   -0.0353    0.0112    0.0245   -0.0100
            Z     0.0163    0.0326   -0.0282    0.0452    0.0343    0.0642
 AT.   7 O  X     0.0137    0.0019   -0.0116    0.0548    0.0062   -0.0381
            Y     0.0192    0.0136   -0.0394   -0.0076    0.0163   -0.0325
            Z    -0.0313    0.0177   -0.0345   -0.0269   -0.0410    0.0078
 AT.   8 O  X     0.0205   -0.0299    0.0319    0.0068   -0.0220   -0.0159
            Y     0.0225    0.0275   -0.0228    0.0078    0.0079   -0.0134
            Z    -0.0508    0.0430   -0.0709   -0.0152    0.0280   -0.0089
 AT.   9 O  X     0.0203    0.0153   -0.0091    0.0564    0.0118    0.0538
            Y    -0.0496    0.0117    0.0415    0.0122    0.0088    0.0076
            Z    -0.0028    0.0258   -0.0113    0.0546    0.0171   -0.0757
 AT.  10 O  X    -0.0118   -0.0043   -0.0022    0.0493    0.0171    0.0394
            Y    -0.0217    0.0267    0.0365    0.0000   -0.0051    0.0314
            Z     0.0192    0.0311    0.0274   -0.0418    0.0001   -0.0113

 FREQ(CM**-1)    373.71    399.52    417.00    457.62    466.65    479.72

 AT.   1 CA X    -0.0034   -0.0337    0.0450    0.0067    0.0017    0.0011
            Y     0.0075   -0.0078    0.0279   -0.0037   -0.0229    0.0107
            Z     0.0034   -0.0076   -0.0389   -0.0175    0.0225   -0.0046
 AT.   2 MG X    -0.0223   -0.0199    0.0212    0.0009    0.0099   -0.0205
            Y    -0.0234    0.0057    0.0304   -0.0049    0.0114    0.0117
            Z     0.0162    0.0238   -0.0033    0.0097    0.0058    0.0092
 AT.   3 C  X    -0.0482   -0.0142   -0.0390   -0.0115   -0.0074   -0.0175
            Y     0.0072   -0.0019    0.0110    0.0166    0.0069    0.0084
            Z     0.0004    0.0068   -0.0052   -0.0257   -0.0201   -0.0045
 AT.   4 C  X    -0.0206    0.0007    0.0294   -0.0268    0.0125   -0.0073
            Y    -0.0171   -0.0239   -0.0099    0.0065    0.0347   -0.0053
            Z     0.0444   -0.0407    0.0403    0.0075   -0.0194   -0.0267
 AT.   5 O  X    -0.0393   -0.0052   -0.0481   -0.0370   -0.0255   -0.0360
            Y     0.0261    0.0094   -0.0055   -0.0080   -0.0089   -0.0082
            Z    -0.0421    0.0002   -0.0044    0.0067   -0.0115   -0.0012
 AT.   6 O  X     0.0561   -0.0202   -0.0449   -0.0275   -0.0006    0.0335
            Y     0.0093    0.0306    0.0014   -0.0056    0.0348   -0.0293
            Z    -0.0497    0.0169    0.0101    0.0513   -0.0340   -0.0352
 AT.   7 O  X     0.0198    0.0312    0.0310   -0.0102    0.0130    0.0088
            Y     0.0391   -0.0171   -0.0371   -0.0415    0.0464    0.0056
            Z    -0.0478   -0.0328    0.0662    0.0103   -0.0275    0.0284
 AT.   8 O  X     0.0331    0.0228   -0.0368   -0.0016   -0.0130   -0.0037
            Y    -0.0274    0.0326    0.0068   -0.0079   -0.0142    0.0247
            Z     0.0385    0.0839    0.0076    0.0119   -0.0439    0.0508
 AT.   9 O  X    -0.0519    0.0376   -0.0303   -0.0273    0.0028    0.0189
            Y    -0.0140   -0.0316   -0.0027    0.0075    0.0410   -0.0168
            Z     0.0348   -0.0295   -0.0083    0.0592   -0.0336   -0.0116
 AT.  10 O  X    -0.0080   -0.0316    0.0374   -0.0197    0.0066   -0.0106
            Y    -0.0458    0.0301   -0.0313   -0.0259    0.0577    0.0148
            Z     0.0610    0.0270    0.0692   -0.0402   -0.0580   -0.0142

 FREQ(CM**-1)    748.30    757.06    761.59    769.39    890.65    890.74

 AT.   1 CA X     0.0041    0.0001   -0.0025    0.0052   -0.0013    0.0008
            Y    -0.0004   -0.0003   -0.0015   -0.0008    0.0011    0.0004
            Z     0.0015   -0.0000   -0.0051    0.0031   -0.0006   -0.0046
 AT.   2 MG X     0.0015   -0.0057   -0.0034   -0.0008   -0.0001    0.0017
            Y     0.0011   -0.0241   -0.0080    0.0001   -0.0014    0.0030
            Z    -0.0010   -0.0027    0.0068   -0.0008   -0.0055   -0.0021
 AT.   3 C  X    -0.0419   -0.0415   -0.0068    0.0203    0.0053   -0.0055
            Y     0.0196    0.0158    0.0099    0.0446   -0.0037    0.0022
            Z    -0.0044    0.0073   -0.0015    0.0063    0.0003   -0.0036
 AT.   4 C  X     0.0020    0.0093   -0.0070    0.0242    0.0053    0.0054
            Y    -0.0002    0.0185    0.0088    0.0355   -0.0036   -0.0023
            Z     0.0007    0.0019   -0.0015   -0.0082   -0.0036   -0.0003
 AT.   5 O  X    -0.0327   -0.0262   -0.0176   -0.0662    0.0018    0.0003
            Y     0.0656    0.0634   -0.0014   -0.0669    0.0074   -0.0046
            Z     0.0067    0.0101   -0.0008   -0.0178    0.0016    0.0025
 AT.   6 O  X    -0.0022   -0.0043    0.0169   -0.0128   -0.0069   -0.0042
            Y     0.0063   -0.0262    0.0561   -0.0047    0.0037    0.0008
            Z     0.0022    0.0001   -0.0077    0.0072    0.0433    0.0425
 AT.   7 O  X     0.0092   -0.0242    0.0544    0.0007    0.0024    0.0004
            Y    -0.0060    0.0188   -0.0584    0.0160   -0.0091   -0.0061
            Z     0.0000   -0.0054    0.0174   -0.0051    0.0430    0.0448
 AT.   8 O  X    -0.0331    0.0272    0.0860   -0.0145   -0.0048    0.0052
            Y     0.0659   -0.0597    0.0352    0.0011   -0.0090    0.0023
            Z     0.0067   -0.0094    0.0108   -0.0028   -0.0449    0.0429
 AT.   9 O  X    -0.0035   -0.0021    0.0106   -0.0311    0.0051    0.0040
            Y     0.0062    0.0270    0.0138    0.0587   -0.0029   -0.0015
            Z     0.0025    0.0011    0.0002    0.0084    0.0010    0.0003
 AT.  10 O  X     0.0095    0.0267    0.0093    0.0708   -0.0058   -0.0025
            Y    -0.0048   -0.0147   -0.0167   -0.0245   -0.0003   -0.0015
            Z    -0.0001    0.0052   -0.0009    0.0106   -0.0009    0.0015

 FREQ(CM**-1)   1169.87   1172.19   1528.69   1570.61   1575.66   1625.45

 AT.   1 CA X    -0.0031   -0.0010   -0.0009   -0.0005    0.0003    0.0011
            Y    -0.0013   -0.0004   -0.0008    0.0004    0.0028   -0.0001
            Z    -0.0007    0.0012   -0.0011   -0.0004    0.0024    0.0009
 AT.   2 MG X     0.0005    0.0086    0.0004    0.0027    0.0001    0.0036
            Y    -0.0001   -0.0025   -0.0003   -0.0024    0.0003   -0.0001
            Z     0.0015   -0.0043    0.0007    0.0064    0.0000    0.0014
 AT.   3 C  X     0.0003   -0.0030    0.0282    0.1507    0.0030   -0.0064
            Y     0.0011    0.0017   -0.1427    0.0673   -0.0196   -0.0183
            Z     0.0012    0.0003   -0.0014    0.0036    0.0014   -0.0018
 AT.   4 C  X     0.0003   -0.0032   -0.0331    0.0195    0.0684    0.1687
            Y    -0.0002    0.0001    0.0049   -0.0394   -0.1367    0.0252
            Z    -0.0006    0.0006    0.0009   -0.0031    0.0036   -0.0034
 AT.   5 O  X     0.0796   -0.0678   -0.0337   -0.0349   -0.0053   -0.0047
            Y    -0.0631    0.0545    0.0316    0.0145    0.0034    0.0024
            Z    -0.0012    0.0024    0.0002   -0.0043   -0.0003    0.0005
 AT.   6 O  X    -0.0089    0.0012    0.0026    0.0041    0.0030    0.0143
            Y    -0.0619   -0.0009    0.0057   -0.0021    0.0460    0.0120
            Z     0.0019    0.0004   -0.0015   -0.0015   -0.0016   -0.0040
 AT.   7 O  X     0.0564   -0.0013    0.0131    0.0259   -0.0103    0.0555
            Y     0.0254   -0.0013    0.0055    0.0095    0.0052    0.0189
            Z     0.0009   -0.0002    0.0004   -0.0019   -0.0024   -0.0017
 AT.   8 O  X     0.0698    0.0777   -0.0345    0.0357    0.0454    0.0321
            Y    -0.0552   -0.0623    0.0325   -0.0165   -0.0393   -0.0190
            Z    -0.0013   -0.0032    0.0003    0.0038    0.0004   -0.0027
 AT.   9 O  X    -0.0010   -0.0091    0.0020    0.0015    0.0019   -0.0165
            Y    -0.0004   -0.0618   -0.0003    0.0166    0.0524   -0.0199
            Z     0.0002    0.0005   -0.0016    0.0023   -0.0036    0.0038
 AT.  10 O  X    -0.0010    0.0582    0.0116   -0.0014   -0.0057   -0.0694
            Y     0.0014    0.0246    0.0042    0.0007    0.0089   -0.0230
            Z    -0.0005    0.0014    0.0004    0.0031   -0.0017    0.0004


  DISPERSION K POINT NUMBER    19 COORD:  C(  2  0  0 )    WEIGHT:    1.

    MODES         EIGV          FREQUENCIES     IRREP
             (HARTREE**2)   (CM**-1)     (THZ)
    1-   1    0.4408E-07     46.0784    1.3814  (  1)
    2-   2    0.3298E-06    126.0420    3.7786  (  1)
    3-   3    0.3544E-06    130.6530    3.9169  (  1)
    4-   4    0.4344E-06    144.6588    4.3368  (  1)
    5-   5    0.4946E-06    154.3536    4.6274  (  1)
    6-   6    0.9367E-06    212.4182    6.3681  (  1)
    7-   7    0.1059E-05    225.8713    6.7714  (  1)
    8-   8    0.1268E-05    247.1430    7.4092  (  1)
    9-   9    0.1384E-05    258.1649    7.7396  (  1)
   10-  10    0.1703E-05    286.4442    8.5874  (  1)
   11-  11    0.2100E-05    318.0295    9.5343  (  1)
   12-  12    0.2399E-05    339.9565   10.1916  (  1)
   13-  13    0.2871E-05    371.8556   11.1479  (  1)
   14-  14    0.3104E-05    386.6574   11.5917  (  1)
   15-  15    0.3814E-05    428.6233   12.8498  (  1)
   16-  16    0.4287E-05    454.4484   13.6240  (  1)
   17-  17    0.4381E-05    459.4024   13.7725  (  1)
   18-  18    0.4916E-05    486.6346   14.5889  (  1)
   19-  19    0.1164E-04    748.6852   22.4450  (  1)
   20-  20    0.1196E-04    758.9880   22.7539  (  1)
   21-  21    0.1207E-04    762.4279   22.8570  (  1)
   22-  22    0.1234E-04    770.9978   23.1139  (  1)
   23-  23    0.1628E-04    885.6109   26.5499  (  1)
   24-  24    0.1644E-04    889.8646   26.6775  (  1)
   25-  25    0.2841E-04   1169.9147   35.0732  (  1)
   26-  26    0.2852E-04   1172.0161   35.1362  (  1)
   27-  27    0.4931E-04   1541.0992   46.2010  (  1)
   28-  28    0.5054E-04   1560.2053   46.7738  (  1)
   29-  29    0.5245E-04   1589.5121   47.6524  (  1)
   30-  30    0.5733E-04   1661.8266   49.8203  (  1)

 MODES IN PHASE

 FREQ(CM**-1)     46.08    126.04    130.65    144.66    154.35    212.42

 AT.   1 CA X    -0.0003    0.0156   -0.0359    0.0486   -0.0754    0.0026
            Y    -0.0019   -0.0318    0.0871   -0.0106   -0.0512    0.0027
            Z     0.0005    0.0158    0.0418    0.0857    0.0453    0.0048
 AT.   2 MG X     0.0043    0.0024   -0.0081   -0.0274    0.0012   -0.0013
            Y    -0.0248    0.0163    0.0197    0.0038   -0.0024   -0.0339
            Z     0.0372    0.0017    0.0241    0.0128    0.0022   -0.0091
 AT.   3 C  X     0.0095    0.0066    0.0014    0.0411   -0.0169   -0.0353
            Y     0.0302    0.0179   -0.0272    0.0203   -0.0048    0.0074
            Z    -0.0536   -0.0340    0.0062    0.0145   -0.0209   -0.0194
 AT.   4 C  X     0.0207   -0.0099   -0.0126   -0.0438   -0.0032   -0.0398
            Y     0.0252    0.0178    0.0518   -0.0316   -0.0098   -0.0058
            Z    -0.0269    0.0391    0.0153   -0.0084    0.0046   -0.0082
 AT.   5 O  X     0.0341    0.0320   -0.0013    0.0481   -0.0148   -0.0283
            Y     0.0615    0.0498   -0.0268    0.0326   -0.0017    0.0127
            Z    -0.0773   -0.0366    0.0410    0.0287   -0.0426    0.0473
 AT.   6 O  X     0.0115    0.0237   -0.0307   -0.0503   -0.0366    0.0648
            Y    -0.0325    0.0150    0.0542   -0.0294    0.0028    0.0047
            Z     0.0377    0.0047    0.0397   -0.0181    0.0195    0.0887
 AT.   7 O  X    -0.0339   -0.0293   -0.0059   -0.0228    0.0230    0.0353
            Y     0.0018    0.0610    0.0345   -0.0566   -0.0474    0.0218
            Z    -0.0067    0.1114    0.0041   -0.0117    0.0303   -0.0036
 AT.   8 O  X    -0.0376    0.0316   -0.0031    0.0460   -0.0377    0.0364
            Y    -0.0649    0.0509   -0.0182    0.0309   -0.0299   -0.0082
            Z     0.0821   -0.0369    0.0445    0.0349   -0.0007   -0.0538
 AT.   9 O  X    -0.0082    0.0247   -0.0298   -0.0447   -0.0473   -0.0519
            Y     0.0296    0.0136    0.0536   -0.0307   -0.0009   -0.0084
            Z    -0.0329    0.0056    0.0360   -0.0185    0.0147   -0.0639
 AT.  10 O  X     0.0323   -0.0299   -0.0052   -0.0309    0.0102   -0.0303
            Y    -0.0009    0.0609    0.0350   -0.0494   -0.0482   -0.0230
            Z     0.0137    0.1113    0.0057   -0.0081    0.0225    0.0031

 FREQ(CM**-1)    225.87    247.14    258.16    286.44    318.03    339.96

 AT.   1 CA X     0.0002    0.0192    0.0418    0.0012   -0.0251    0.0073
            Y     0.0010    0.0080   -0.0320    0.0041    0.0301    0.0124
            Z    -0.0004    0.0057    0.0139    0.0135    0.0221    0.0018
 AT.   2 MG X    -0.0147    0.0206   -0.0141    0.0022    0.0867    0.0494
            Y    -0.0569    0.0032   -0.0087    0.0051    0.0337   -0.0701
            Z    -0.0263    0.0417   -0.0029    0.0602   -0.0213    0.0473
 AT.   3 C  X     0.0014   -0.0466    0.0250   -0.0036   -0.0050    0.0222
            Y     0.0180    0.0046    0.0044   -0.0059    0.0149    0.0135
            Z     0.0155   -0.0127    0.0063    0.0045   -0.0319    0.0308
 AT.   4 C  X    -0.0201    0.0488    0.0324   -0.0036   -0.0116    0.0314
            Y     0.0680   -0.0005    0.0163   -0.0076   -0.0131   -0.0155
            Z     0.0277    0.0233   -0.0045    0.0054    0.0430    0.0122
 AT.   5 O  X     0.0003   -0.0358    0.0198   -0.0175    0.0013    0.0214
            Y     0.0122    0.0197   -0.0072   -0.0336    0.0252    0.0181
            Z     0.0397    0.0148    0.0385   -0.0189   -0.0593    0.0603
 AT.   6 O  X    -0.0067   -0.0130   -0.0258   -0.0037    0.0375   -0.0066
            Y    -0.0639   -0.0062    0.0294    0.0088   -0.0109    0.0078
            Z    -0.0178    0.0008   -0.0294    0.0888   -0.0533   -0.0036
 AT.   7 O  X     0.0234    0.0196    0.0235    0.0173    0.0298   -0.0487
            Y    -0.0816   -0.0389   -0.0025   -0.0216   -0.0049    0.0468
            Z    -0.0435   -0.0491    0.0304   -0.0858   -0.0252   -0.0176
 AT.   8 O  X     0.0037    0.0118   -0.0467    0.0094    0.0264   -0.0309
            Y    -0.0176    0.0273   -0.0597    0.0218   -0.0224   -0.0113
            Z    -0.0403    0.0140    0.0583    0.0347    0.0201   -0.0572
 AT.   9 O  X     0.0062    0.0933    0.0325    0.0110   -0.0327    0.0018
            Y     0.0655   -0.0097    0.0164   -0.0105   -0.0112   -0.0170
            Z     0.0168    0.0864   -0.0226   -0.0734    0.0114   -0.0142
 AT.  10 O  X    -0.0256    0.0374    0.0327   -0.0203   -0.0069    0.0433
            Y     0.0851    0.0261    0.0139    0.0237   -0.0214   -0.0484
            Z     0.0475    0.0104    0.0059    0.0909    0.0448    0.0325

 FREQ(CM**-1)    371.86    386.66    428.62    454.45    459.40    486.63

 AT.   1 CA X    -0.0305    0.0062    0.0204   -0.0108    0.0159    0.0042
            Y    -0.0361    0.0295   -0.0063    0.0016    0.0099   -0.0054
            Z    -0.0152   -0.0807   -0.0023    0.0006    0.0016   -0.0059
 AT.   2 MG X     0.0121   -0.0064    0.0006    0.0114    0.0034    0.1537
            Y     0.0278    0.0028   -0.0089    0.0863    0.1171   -0.0188
            Z    -0.0163    0.0068    0.0467    0.1216   -0.0677   -0.0189
 AT.   3 C  X     0.0272    0.0257    0.0363    0.0043    0.0102    0.0321
            Y     0.0167    0.0199   -0.0208    0.0056    0.0167   -0.0097
            Z     0.0024   -0.0043   -0.0204    0.0266   -0.0164   -0.0049
 AT.   4 C  X    -0.0369   -0.0036   -0.0138   -0.0071    0.0298   -0.0047
            Y    -0.0066   -0.0281    0.0142    0.0168    0.0037    0.0147
            Z    -0.0235    0.0320    0.0539   -0.0192    0.0185   -0.0313
 AT.   5 O  X     0.0239    0.0119    0.0265    0.0203   -0.0099    0.0317
            Y     0.0113   -0.0007   -0.0311    0.0221   -0.0052   -0.0091
            Z     0.0828    0.0506   -0.0400    0.0309    0.0089   -0.0036
 AT.   6 O  X     0.0093   -0.0523    0.0212    0.0407   -0.0167   -0.0334
            Y    -0.0029   -0.0285   -0.0033   -0.0443   -0.0249    0.0017
            Z     0.0396    0.0426   -0.0263   -0.0185    0.0501    0.0387
 AT.   7 O  X    -0.0466    0.0008   -0.0177   -0.0034   -0.0321   -0.0118
            Y     0.0201   -0.0590    0.0322   -0.0111   -0.0456   -0.0412
            Z    -0.0456    0.0635   -0.0214    0.0412   -0.0071    0.0324
 AT.   8 O  X     0.0012    0.0078   -0.0261    0.0125   -0.0329    0.0088
            Y     0.0043   -0.0024    0.0032   -0.0262   -0.0117    0.0245
            Z     0.0605    0.0515   -0.0041   -0.0459   -0.0448    0.0083
 AT.   9 O  X    -0.0007   -0.0508   -0.0472   -0.0062    0.0028    0.0094
            Y    -0.0104   -0.0274    0.0221    0.0180    0.0090    0.0103
            Z     0.0467    0.0384    0.0639    0.0016   -0.0368   -0.0112
 AT.  10 O  X    -0.0482    0.0044    0.0090   -0.0106    0.0321   -0.0076
            Y     0.0113   -0.0585   -0.0369    0.0214    0.0068    0.0312
            Z    -0.0123    0.0657   -0.0012   -0.0467    0.0344   -0.0511

 FREQ(CM**-1)    748.69    758.99    762.43    771.00    885.61    889.86

 AT.   1 CA X    -0.0071   -0.0004   -0.0006    0.0007   -0.0002    0.0001
            Y     0.0066    0.0036   -0.0046    0.0001    0.0001   -0.0006
            Z    -0.0032    0.0006   -0.0084    0.0004    0.0000   -0.0006
 AT.   2 MG X    -0.0003    0.0041   -0.0075    0.0209   -0.0016    0.0008
            Y    -0.0003    0.0138    0.0018    0.0004   -0.0016   -0.0039
            Z    -0.0001   -0.0035   -0.0003    0.0216   -0.0044    0.0014
 AT.   3 C  X     0.0283   -0.0366   -0.0162   -0.0193   -0.0017   -0.0004
            Y    -0.0055    0.0379   -0.0305   -0.0137   -0.0003    0.0029
            Z    -0.0003    0.0010   -0.0026    0.0101    0.1787   -0.0517
 AT.   4 C  X    -0.0147   -0.0373    0.0264   -0.0266   -0.0000    0.0005
            Y     0.0114    0.0371    0.0529   -0.0409    0.0045    0.0009
            Z    -0.0018    0.0010    0.0023    0.0040    0.0525    0.1765
 AT.   5 O  X     0.0192   -0.0631    0.0477    0.0207   -0.0059    0.0010
            Y    -0.0437    0.0440    0.0392    0.0539   -0.0068   -0.0010
            Z    -0.0030    0.0052    0.0077    0.0131   -0.0495    0.0171
 AT.   6 O  X     0.1108   -0.0360   -0.0125   -0.0434   -0.0004   -0.0031
            Y     0.0013   -0.0268    0.0764    0.0701   -0.0007    0.0017
            Z    -0.0186    0.0051   -0.0019    0.0106    0.0233    0.0343
 AT.   7 O  X    -0.0289   -0.0149    0.0820    0.0841   -0.0024    0.0004
            Y    -0.0888    0.0416   -0.0527   -0.0272   -0.0033   -0.0046
            Z     0.0113   -0.0036    0.0202    0.0122    0.0254    0.0370
 AT.   8 O  X     0.0363    0.0201    0.0365   -0.0301    0.0062    0.0030
            Y    -0.0760   -0.0357    0.0293   -0.0640    0.0078    0.0048
            Z    -0.0060   -0.0051    0.0050   -0.0154    0.0479    0.0226
 AT.   9 O  X     0.0383    0.1009   -0.0115    0.0392   -0.0009    0.0060
            Y     0.0029    0.0319    0.0767   -0.0705    0.0012   -0.0023
            Z    -0.0083   -0.0208   -0.0022   -0.0093   -0.0134   -0.0506
 AT.  10 O  X    -0.0083    0.0058    0.0821   -0.0831    0.0027   -0.0013
            Y    -0.0307   -0.0978   -0.0533    0.0309    0.0014    0.0071
            Z     0.0067    0.0121    0.0202   -0.0125   -0.0158   -0.0515

 FREQ(CM**-1)   1169.91   1172.02   1541.10   1560.21   1589.51   1661.83

 AT.   1 CA X    -0.0040    0.0002   -0.0001    0.0000    0.0010   -0.0008
            Y    -0.0017    0.0001    0.0019    0.0000   -0.0002    0.0001
            Z     0.0024    0.0003    0.0007    0.0000    0.0008   -0.0003
 AT.   2 MG X    -0.0013    0.0123    0.0006    0.0005   -0.0067   -0.0050
            Y     0.0004   -0.0036    0.0028    0.0056   -0.0010   -0.0012
            Z    -0.0046   -0.0051   -0.0006   -0.0021   -0.0042   -0.0021
 AT.   3 C  X    -0.0022    0.0026   -0.0259    0.0277   -0.0324    0.1681
            Y    -0.0009   -0.0025    0.1707    0.0875   -0.0302    0.0052
            Z     0.0007    0.0002    0.0027   -0.0027    0.0001    0.0018
 AT.   4 C  X     0.0018    0.0042    0.0323    0.0210    0.1699    0.0324
            Y     0.0002   -0.0015   -0.0876    0.1717   -0.0013   -0.0270
            Z    -0.0012    0.0002   -0.0026   -0.0027    0.0008    0.0007
 AT.   5 O  X     0.0578    0.0383    0.0384    0.0082    0.0002   -0.0507
            Y    -0.0455   -0.0309   -0.0365   -0.0114    0.0002    0.0297
            Z    -0.0008   -0.0015   -0.0001   -0.0015   -0.0017   -0.0002
 AT.   6 O  X    -0.0129   -0.0133    0.0048    0.0096    0.0099    0.0060
            Y    -0.0977   -0.1017    0.0361    0.0725   -0.0036   -0.0057
            Z     0.0027    0.0013   -0.0010   -0.0026    0.0007    0.0008
 AT.   7 O  X     0.0891    0.0948    0.0152    0.0322    0.0424    0.0263
            Y     0.0384    0.0389    0.0104    0.0231    0.0141    0.0067
            Z     0.0015    0.0025    0.0003   -0.0012   -0.0018   -0.0002
 AT.   8 O  X     0.0401   -0.0556   -0.0138   -0.0079    0.0368    0.0504
            Y    -0.0315    0.0447    0.0145    0.0111   -0.0228   -0.0295
            Z    -0.0005    0.0021    0.0006    0.0014    0.0019    0.0008
 AT.   9 O  X    -0.0132    0.0132    0.0035   -0.0096   -0.0141   -0.0015
            Y    -0.1014    0.0977    0.0358   -0.0725   -0.0075    0.0098
            Z     0.0029   -0.0013    0.0025    0.0026    0.0002   -0.0010
 AT.  10 O  X     0.0927   -0.0913   -0.0011   -0.0323   -0.0626   -0.0073
            Y     0.0395   -0.0377    0.0043   -0.0231   -0.0209   -0.0007
            Z     0.0016   -0.0025   -0.0000    0.0012    0.0007    0.0013

 MODES IN ANTI-PHASE

 FREQ(CM**-1)     46.08    126.04    130.65    144.66    154.35    212.42

 AT.   1 CA X    -0.0051    0.0003   -0.0030    0.0067    0.0364    0.0174
            Y    -0.0319   -0.0006    0.0072   -0.0015    0.0247    0.0179
            Z     0.0083    0.0003    0.0035    0.0118   -0.0219    0.0324
 AT.   2 MG X     0.0021   -0.0039    0.0117    0.0352   -0.0159   -0.0005
            Y    -0.0124   -0.0270   -0.0284   -0.0049    0.0331   -0.0134
            Z     0.0186   -0.0029   -0.0348   -0.0164   -0.0299   -0.0036
 AT.   3 C  X    -0.0185   -0.0076   -0.0151   -0.0206    0.0033    0.0327
            Y    -0.0145    0.0324    0.0447   -0.0244   -0.0086    0.0077
            Z     0.0064    0.0248    0.0249    0.0028    0.0132    0.0039
 AT.   4 C  X    -0.0015    0.0015   -0.0085    0.0140   -0.0169    0.0270
            Y    -0.0221    0.0324    0.0074   -0.0033   -0.0013   -0.0089
            Z     0.0468   -0.0155    0.0206    0.0121   -0.0243    0.0180
 AT.   5 O  X    -0.0308   -0.0092   -0.0110   -0.0012    0.0364    0.0323
            Y    -0.0314    0.0292    0.0495   -0.0018    0.0368    0.0135
            Z     0.0437   -0.0101    0.0246    0.0266   -0.0329   -0.0297
 AT.   6 O  X     0.0264    0.0247    0.0033    0.0138    0.0314    0.0347
            Y    -0.0219   -0.0345    0.0013   -0.0088    0.0034   -0.0136
            Z     0.0372    0.0218   -0.0187   -0.0043   -0.0033    0.0723
 AT.   7 O  X    -0.0111   -0.0151    0.0038   -0.0332    0.0053    0.0119
            Y     0.0071   -0.0021    0.0055    0.0190    0.0240   -0.0073
            Z     0.0576   -0.0005    0.0103    0.0119   -0.0047   -0.0012
 AT.   8 O  X    -0.0264    0.0104    0.0107    0.0143   -0.0111    0.0227
            Y    -0.0237   -0.0272   -0.0532    0.0106   -0.0216    0.0166
            Z     0.0339    0.0086   -0.0175   -0.0178    0.0538   -0.0147
 AT.   9 O  X     0.0276   -0.0237   -0.0083   -0.0269    0.0091    0.0520
            Y    -0.0257    0.0351    0.0076    0.0005   -0.0044   -0.0117
            Z     0.0415   -0.0216    0.0250   -0.0008   -0.0132    0.0950
 AT.  10 O  X    -0.0151    0.0139   -0.0048    0.0258   -0.0213    0.0216
            Y     0.0073    0.0046    0.0003   -0.0337    0.0222   -0.0007
            Z     0.0564    0.0050   -0.0095   -0.0146   -0.0208   -0.0022

 FREQ(CM**-1)    225.87    247.14    258.16    286.44    318.03    339.96

 AT.   1 CA X     0.0041    0.0208   -0.0458   -0.0048   -0.0233    0.0349
            Y     0.0177    0.0086    0.0351   -0.0165    0.0280    0.0593
            Z    -0.0070    0.0062   -0.0152   -0.0549    0.0206    0.0088
 AT.   2 MG X    -0.0074   -0.0046   -0.0444    0.0021   -0.0266    0.0163
            Y    -0.0287   -0.0007   -0.0274    0.0049   -0.0104   -0.0231
            Z    -0.0132   -0.0094   -0.0092    0.0578    0.0065    0.0156
 AT.   3 C  X     0.0226   -0.0183    0.0232    0.0011    0.0369   -0.0291
            Y    -0.0663   -0.0058    0.0295    0.0050   -0.0007    0.0171
            Z    -0.0234   -0.0227   -0.0243   -0.0030   -0.0327   -0.0088
 AT.   4 C  X    -0.0103    0.0113   -0.0106    0.0010    0.0354   -0.0188
            Y     0.0099   -0.0074   -0.0249   -0.0011   -0.0071   -0.0153
            Z    -0.0049   -0.0115    0.0247    0.0002   -0.0156   -0.0296
 AT.   5 O  X     0.0348    0.0090    0.0451    0.0131    0.0264   -0.0280
            Y    -0.0485    0.0290    0.0606    0.0171   -0.0243    0.0132
            Z    -0.0077    0.0152   -0.0621   -0.0386    0.0245   -0.0047
 AT.   6 O  X    -0.0039    0.0926   -0.0303   -0.0166   -0.0355   -0.0106
            Y     0.0179   -0.0103   -0.0191    0.0058   -0.0104   -0.0245
            Z    -0.0074    0.0867    0.0254   -0.0113    0.0153   -0.0436
 AT.   7 O  X    -0.0208    0.0390   -0.0350    0.0107   -0.0091   -0.0034
            Y     0.0355    0.0231   -0.0137   -0.0099   -0.0211   -0.0137
            Z     0.0375    0.0066   -0.0088   -0.0322    0.0468    0.0408
 AT.   8 O  X     0.0346   -0.0350   -0.0156    0.0198   -0.0006   -0.0171
            Y    -0.0468    0.0220    0.0127    0.0308    0.0269    0.0194
            Z    -0.0031    0.0160   -0.0440   -0.0254   -0.0610    0.0198
 AT.   9 O  X    -0.0046   -0.0057    0.0230   -0.0130    0.0399   -0.0124
            Y     0.0105   -0.0070   -0.0311    0.0011   -0.0102   -0.0194
            Z    -0.0094    0.0076    0.0316   -0.0512   -0.0543   -0.0414
 AT.  10 O  X    -0.0180    0.0227   -0.0266    0.0015    0.0304   -0.0226
            Y     0.0260   -0.0370    0.0013    0.0013   -0.0034    0.0062
            Z     0.0323   -0.0484   -0.0311    0.0113   -0.0285    0.0304

 FREQ(CM**-1)    371.86    386.66    428.62    454.45    459.40    486.63

 AT.   1 CA X    -0.0069   -0.0004    0.0589   -0.0130    0.0293    0.0074
            Y    -0.0082   -0.0018   -0.0183    0.0019    0.0182   -0.0095
            Z    -0.0035    0.0049   -0.0066    0.0007    0.0029   -0.0103
 AT.   2 MG X    -0.0130    0.0128    0.0001   -0.0019    0.0001    0.0011
            Y    -0.0300   -0.0056   -0.0017   -0.0145    0.0031   -0.0001
            Z     0.0176   -0.0136    0.0090   -0.0205   -0.0018   -0.0001
 AT.   3 C  X    -0.0257    0.0070    0.0087    0.0059   -0.0386   -0.0126
            Y     0.0127   -0.0220   -0.0113   -0.0322   -0.0127   -0.0114
            Z    -0.0382    0.0329   -0.0515   -0.0015   -0.0124    0.0386
 AT.   4 C  X    -0.0058    0.0264   -0.0347    0.0017   -0.0266   -0.0342
            Y     0.0199    0.0097    0.0190   -0.0280   -0.0207    0.0029
            Z    -0.0302    0.0089    0.0129   -0.0185    0.0090    0.0231
 AT.   5 O  X    -0.0471    0.0331   -0.0085    0.0167   -0.0457    0.0292
            Y    -0.0135    0.0144   -0.0344   -0.0224   -0.0174    0.0232
            Z    -0.0326   -0.0105   -0.0573   -0.0408   -0.0476    0.0076
 AT.   6 O  X    -0.0210   -0.0094   -0.0494    0.0015   -0.0075   -0.0090
            Y    -0.0181   -0.0072    0.0315    0.0098   -0.0055    0.0130
            Z     0.0253    0.0321    0.0699   -0.0020   -0.0113    0.0101
 AT.   7 O  X    -0.0144   -0.0303   -0.0079   -0.0115    0.0174   -0.0160
            Y    -0.0157   -0.0006   -0.0187    0.0197   -0.0216    0.0117
            Z     0.0665   -0.0224   -0.0291   -0.0396    0.0364   -0.0402
 AT.   8 O  X     0.0528   -0.0343    0.0097    0.0231   -0.0332    0.0422
            Y     0.0171   -0.0142   -0.0463    0.0174   -0.0138    0.0041
            Z     0.0653    0.0043   -0.0697    0.0227   -0.0185    0.0008
 AT.   9 O  X     0.0229    0.0156   -0.0257    0.0402   -0.0181   -0.0333
            Y     0.0151    0.0106    0.0227   -0.0417   -0.0239    0.0081
            Z    -0.0057   -0.0370    0.0386   -0.0186    0.0358    0.0384
 AT.  10 O  X    -0.0072    0.0300   -0.0172   -0.0056   -0.0174   -0.0184
            Y     0.0228    0.0077    0.0052   -0.0071   -0.0500   -0.0294
            Z    -0.0797    0.0146   -0.0361    0.0330    0.0139    0.0072

 FREQ(CM**-1)    748.69    758.99    762.43    771.00    885.61    889.86

 AT.   1 CA X     0.0047    0.0006   -0.0000    0.0088   -0.0017    0.0003
            Y    -0.0044   -0.0054   -0.0004    0.0013    0.0011   -0.0015
            Z     0.0021   -0.0008   -0.0007    0.0056    0.0002   -0.0013
 AT.   2 MG X    -0.0055    0.0083    0.0110    0.0100   -0.0007    0.0001
            Y    -0.0046    0.0278   -0.0026    0.0002   -0.0007   -0.0004
            Z    -0.0022   -0.0070    0.0004    0.0103   -0.0019    0.0002
 AT.   3 C  X    -0.0399   -0.0079    0.0208    0.0211   -0.0005   -0.0004
            Y     0.0185   -0.0040    0.0434    0.0385   -0.0048   -0.0018
            Z    -0.0020   -0.0003    0.0009   -0.0005    0.0001   -0.1688
 AT.   4 C  X     0.0467    0.0033    0.0005    0.0105    0.0017    0.0003
            Y    -0.0156    0.0086    0.0036   -0.0010    0.0017   -0.0034
            Z     0.0009    0.0005   -0.0014   -0.0092   -0.1708   -0.0003
 AT.   5 O  X    -0.0313    0.0048   -0.0673   -0.0609    0.0021    0.0051
            Y     0.0640    0.0202   -0.0597   -0.0683    0.0052    0.0056
            Z     0.0052    0.0034   -0.0166   -0.0160   -0.0017    0.0467
 AT.   6 O  X     0.0052   -0.0943    0.0052   -0.0233   -0.0060    0.0053
            Y    -0.0026   -0.0233    0.0075   -0.0078    0.0024   -0.0016
            Z     0.0012    0.0204   -0.0024    0.0077    0.0418   -0.0372
 AT.   7 O  X    -0.0031    0.0000    0.0070    0.0001    0.0016   -0.0014
            Y    -0.0041    0.0886   -0.0085    0.0258   -0.0083    0.0053
            Z    -0.0025   -0.0116    0.0017   -0.0032    0.0402   -0.0359
 AT.   8 O  X    -0.0055    0.0600    0.0740   -0.0568    0.0008    0.0042
            Y     0.0155   -0.0326    0.0651   -0.0589    0.0035    0.0031
            Z     0.0007   -0.0035    0.0176   -0.0138   -0.0127    0.0443
 AT.   9 O  X    -0.1042   -0.0036   -0.0071   -0.0299   -0.0059    0.0014
            Y    -0.0002    0.0156    0.0046    0.0033    0.0022    0.0002
            Z     0.0166    0.0033    0.0021    0.0093    0.0459   -0.0002
 AT.  10 O  X     0.0279    0.0137    0.0060    0.0134    0.0010   -0.0007
            Y     0.0835   -0.0038    0.0001    0.0212   -0.0088    0.0002
            Z    -0.0094   -0.0012    0.0015   -0.0012    0.0449    0.0027

 FREQ(CM**-1)   1169.91   1172.02   1541.10   1560.21   1589.51   1661.83

 AT.   1 CA X    -0.0006    0.0017   -0.0001   -0.0006    0.0026   -0.0056
            Y    -0.0002    0.0007    0.0032   -0.0010   -0.0004    0.0007
            Z     0.0003    0.0020    0.0012   -0.0005    0.0019   -0.0024
 AT.   2 MG X     0.0017    0.0050   -0.0000    0.0003   -0.0010   -0.0020
            Y    -0.0005   -0.0014   -0.0000    0.0033   -0.0001   -0.0005
            Z     0.0059   -0.0021    0.0000   -0.0013   -0.0006   -0.0008
 AT.   3 C  X     0.0003   -0.0037   -0.0221   -0.0079   -0.1670    0.0076
            Y    -0.0006    0.0010    0.0002   -0.1477    0.0087    0.0291
            Z    -0.0011   -0.0002    0.0014    0.0015   -0.0008   -0.0003
 AT.   4 C  X    -0.0013   -0.0016    0.0109   -0.0198   -0.0080   -0.1651
            Y    -0.0011    0.0022   -0.1466    0.0003    0.0314   -0.0119
            Z    -0.0003   -0.0002   -0.0016    0.0015   -0.0003   -0.0017
 AT.   5 O  X    -0.0561   -0.0681    0.0056   -0.0234    0.0535    0.0061
            Y     0.0447    0.0545   -0.0038    0.0267   -0.0328   -0.0035
            Z     0.0013    0.0024    0.0007    0.0017    0.0010    0.0023
 AT.   6 O  X    -0.0027    0.0013    0.0067    0.0029   -0.0101    0.0154
            Y    -0.0272   -0.0003    0.0612    0.0022   -0.0147    0.0156
            Z     0.0011   -0.0003    0.0023   -0.0023    0.0011   -0.0008
 AT.   7 O  X     0.0256   -0.0006    0.0073    0.0072   -0.0462    0.0638
            Y     0.0092   -0.0010    0.0108    0.0017   -0.0155    0.0203
            Z     0.0007   -0.0003    0.0001    0.0006   -0.0009    0.0040
 AT.   8 O  X     0.0698   -0.0549    0.0362   -0.0235    0.0389   -0.0084
            Y    -0.0555    0.0439   -0.0337    0.0269   -0.0236    0.0050
            Z    -0.0014    0.0019    0.0002    0.0018   -0.0005    0.0021
 AT.   9 O  X    -0.0009   -0.0025    0.0074    0.0028   -0.0005    0.0164
            Y    -0.0006   -0.0282    0.0614    0.0013   -0.0131    0.0134
            Z    -0.0003    0.0000    0.0002   -0.0023    0.0013   -0.0006
 AT.  10 O  X    -0.0001    0.0255    0.0168    0.0068   -0.0041    0.0686
            Y     0.0017    0.0097    0.0144    0.0014   -0.0015    0.0213
            Z    -0.0002    0.0004    0.0003    0.0006   -0.0019    0.0038


  DISPERSION K POINT NUMBER    20 COORD:  C(  2  0  1 )    WEIGHT:    1.

    MODES         EIGV          FREQUENCIES     IRREP
             (HARTREE**2)   (CM**-1)     (THZ)
    1-   1    0.1549E-06     86.3786    2.5896  (  1)
    2-   2    0.3290E-06    125.8911    3.7741  (  1)
    3-   3    0.4931E-06    154.1162    4.6203  (  1)
    4-   4    0.5573E-06    163.8442    4.9119  (  1)
    5-   5    0.5766E-06    166.6517    4.9961  (  1)
    6-   6    0.8447E-06    201.7136    6.0472  (  1)
    7-   7    0.1092E-05    229.3136    6.8746  (  1)
    8-   8    0.1428E-05    262.2959    7.8634  (  1)
    9-   9    0.1482E-05    267.2236    8.0112  (  1)
   10-  10    0.1765E-05    291.6204    8.7426  (  1)
   11-  11    0.2317E-05    334.0761   10.0153  (  1)
   12-  12    0.2394E-05    339.5521   10.1795  (  1)
   13-  13    0.2873E-05    372.0041   11.1524  (  1)
   14-  14    0.3063E-05    384.1404   11.5162  (  1)
   15-  15    0.3430E-05    406.4563   12.1853  (  1)
   16-  16    0.4210E-05    450.2999   13.4997  (  1)
   17-  17    0.4570E-05    469.1682   14.0653  (  1)
   18-  18    0.4647E-05    473.1087   14.1834  (  1)
   19-  19    0.1167E-04    749.6415   22.4737  (  1)
   20-  20    0.1190E-04    757.1277   22.6981  (  1)
   21-  21    0.1197E-04    759.4336   22.7672  (  1)
   22-  22    0.1203E-04    761.1732   22.8194  (  1)
   23-  23    0.1634E-04    887.2732   26.5998  (  1)
   24-  24    0.1635E-04    887.3474   26.6020  (  1)
   25-  25    0.2842E-04   1170.0668   35.0777  (  1)
   26-  26    0.2842E-04   1170.0952   35.0786  (  1)
   27-  27    0.4992E-04   1550.7090   46.4891  (  1)
   28-  28    0.5063E-04   1561.6539   46.8172  (  1)
   29-  29    0.5362E-04   1607.1382   48.1808  (  1)
   30-  30    0.5628E-04   1646.5647   49.3628  (  1)

 MODES IN PHASE

 FREQ(CM**-1)     86.38    125.89    154.12    163.84    166.65    201.71

 AT.   1 CA X    -0.0103    0.0819   -0.0644   -0.0012    0.0078   -0.0094
            Y    -0.0355    0.0228    0.0552    0.0038    0.0581   -0.0001
            Z     0.0055   -0.0093   -0.0182    0.0072   -0.0388   -0.0092
 AT.   2 MG X     0.0098   -0.0358   -0.0071   -0.0005   -0.0299   -0.0012
            Y    -0.0080   -0.0193    0.0439    0.0012    0.0048    0.0037
            Z     0.0346   -0.0123    0.0292   -0.0017   -0.0045   -0.0107
 AT.   3 C  X     0.0004    0.0203   -0.0066    0.0079    0.0061   -0.0375
            Y    -0.0135   -0.0083   -0.0272    0.0234    0.0065   -0.0076
            Z    -0.0312   -0.0122   -0.0303    0.0271   -0.0157   -0.0215
 AT.   4 C  X     0.0021   -0.0202    0.0315   -0.0294    0.0055   -0.0408
            Y    -0.0108    0.0203    0.0068    0.0217    0.0347   -0.0033
            Z    -0.0266    0.0174    0.0194    0.0128   -0.0560   -0.0406
 AT.   5 O  X     0.0277    0.0559   -0.0020    0.0074    0.0147   -0.0341
            Y     0.0228    0.0375   -0.0192    0.0204    0.0223   -0.0003
            Z    -0.0611   -0.0043   -0.0324   -0.0150   -0.0380    0.0390
 AT.   6 O  X     0.0255    0.0155   -0.0652   -0.0373    0.0266    0.0011
            Y    -0.0081   -0.0127    0.0289   -0.0002   -0.0359    0.0066
            Z     0.0343   -0.0260   -0.0273   -0.0298    0.0485   -0.0211
 AT.   7 O  X    -0.0036   -0.0407    0.0117    0.0223    0.0065    0.0193
            Y     0.0360    0.0629    0.0508   -0.0165    0.0156    0.0230
            Z     0.0952    0.0256    0.0157   -0.0348   -0.0405    0.0308
 AT.   8 O  X    -0.0246    0.0606   -0.0004   -0.0026   -0.0096    0.0276
            Y    -0.0279    0.0378   -0.0259   -0.0225   -0.0390    0.0047
            Z     0.0254   -0.0096   -0.0352    0.0210    0.0456   -0.0520
 AT.   9 O  X     0.0248    0.0233   -0.0717    0.0359    0.0081    0.0213
            Y     0.0165   -0.0106    0.0264    0.0044   -0.0060   -0.0062
            Z    -0.0172   -0.0215   -0.0322    0.0404    0.0033    0.0502
 AT.  10 O  X     0.0215   -0.0344    0.0104   -0.0260    0.0121   -0.0274
            Y    -0.0547    0.0535    0.0535    0.0149    0.0194   -0.0243
            Z    -0.0180    0.0148    0.0209    0.0360   -0.0406   -0.0424

 FREQ(CM**-1)    229.31    262.30    267.22    291.62    334.08    339.55

 AT.   1 CA X    -0.0059    0.0276   -0.0114   -0.0002   -0.0043   -0.0406
            Y     0.0037    0.0149    0.0087   -0.0038    0.0445   -0.0009
            Z     0.0415    0.0234    0.0469   -0.0082   -0.0093    0.0242
 AT.   2 MG X     0.0311   -0.0290    0.0395    0.0148    0.0409   -0.0389
            Y     0.0244   -0.0254   -0.0422   -0.0065   -0.0642   -0.0440
            Z    -0.0288    0.0328   -0.0303   -0.0242    0.0223   -0.0181
 AT.   3 C  X     0.0191   -0.0348   -0.0315   -0.0216   -0.0392    0.0228
            Y     0.0519   -0.0325   -0.0024   -0.0141    0.0078   -0.0217
            Z    -0.0293    0.0123   -0.0119   -0.0137   -0.0077   -0.0075
 AT.   4 C  X     0.0174    0.0329    0.0138   -0.0238    0.0357   -0.0082
            Y    -0.0249   -0.0341    0.0500    0.0091   -0.0134    0.0272
            Z    -0.0005   -0.0188    0.0163    0.0023    0.0048   -0.0152
 AT.   5 O  X     0.0377   -0.0163   -0.0312   -0.0457   -0.0207    0.0140
            Y     0.0764   -0.0019   -0.0016   -0.0476    0.0300   -0.0288
            Z    -0.0596    0.0354    0.0455   -0.0250   -0.0771   -0.0334
 AT.   6 O  X    -0.0091    0.0032   -0.0037   -0.0496    0.0039    0.0118
            Y    -0.0283    0.0394   -0.0387    0.0191   -0.0219    0.0262
            Z     0.0076    0.0000    0.0297    0.0222   -0.0350   -0.0407
 AT.   7 O  X     0.0159    0.0475    0.0190    0.0499    0.0314   -0.0059
            Y    -0.0239   -0.0108    0.0529   -0.0310    0.0039   -0.0242
            Z    -0.0318   -0.0576    0.0495   -0.0762    0.0055    0.0198
 AT.   8 O  X     0.0349   -0.0387   -0.0308    0.0475    0.0006    0.0166
            Y     0.0752    0.0119   -0.0148    0.0202    0.0319    0.0352
            Z    -0.0563    0.0355    0.0490    0.0545    0.0154   -0.0147
 AT.   9 O  X    -0.0075    0.0517    0.0067    0.0298   -0.0089    0.0140
            Y    -0.0317    0.0345   -0.0302   -0.0206   -0.0075   -0.0199
            Z     0.0113    0.0182    0.0459   -0.0494    0.0545   -0.0260
 AT.  10 O  X     0.0187    0.0364    0.0117   -0.0240    0.0315   -0.0139
            Y    -0.0227   -0.0491    0.0588    0.0112   -0.0119    0.0294
            Z    -0.0312   -0.0517    0.0521    0.0448    0.0236   -0.0495

 FREQ(CM**-1)    372.00    384.14    406.46    450.30    469.17    473.11

 AT.   1 CA X    -0.0245   -0.0184   -0.0116   -0.0424   -0.0039   -0.0164
            Y    -0.0440   -0.0116    0.0368    0.0081   -0.0169    0.0001
            Z     0.0096   -0.0241   -0.0103   -0.0065   -0.0011    0.0300
 AT.   2 MG X    -0.0612    0.0041    0.0199   -0.0193    0.1264    0.0622
            Y    -0.0249   -0.0023   -0.0123   -0.0107   -0.0683    0.1255
            Z    -0.0406   -0.0121   -0.0214    0.1391    0.0145    0.0027
 AT.   3 C  X    -0.0197   -0.0149    0.0193    0.0216    0.0079   -0.0204
            Y     0.0364    0.0104    0.0427    0.0154   -0.0208    0.0010
            Z     0.0176    0.0116   -0.0097    0.0016    0.0196    0.0408
 AT.   4 C  X     0.0108   -0.0224    0.0114   -0.0193   -0.0204    0.0065
            Y    -0.0133   -0.0042   -0.0326    0.0067    0.0120    0.0185
            Z    -0.0410   -0.0440   -0.0078    0.0019   -0.0449   -0.0086
 AT.   5 O  X    -0.0252   -0.0068    0.0072    0.0284    0.0305   -0.0062
            Y     0.0307    0.0263    0.0163    0.0187    0.0007    0.0158
            Z     0.0407    0.0277    0.0702    0.0544   -0.0033    0.0158
 AT.   6 O  X    -0.0384    0.0255    0.0122    0.0208   -0.0175    0.0449
            Y    -0.0240   -0.0111   -0.0274   -0.0345    0.0207   -0.0304
            Z    -0.0230    0.0003   -0.0262    0.0020   -0.0011   -0.0478
 AT.   7 O  X    -0.0033    0.0441   -0.0258   -0.0139   -0.0263    0.0051
            Y     0.0248   -0.0234   -0.0412   -0.0088    0.0257    0.0318
            Z    -0.0306    0.0672    0.0109   -0.0317   -0.0646   -0.0269
 AT.   8 O  X    -0.0264    0.0481   -0.0237    0.0259    0.0212   -0.0062
            Y     0.0293    0.0040    0.0122    0.0209   -0.0047    0.0156
            Z     0.0394    0.0319   -0.0169    0.0578   -0.0101    0.0154
 AT.   9 O  X    -0.0418   -0.0308    0.0310    0.0228   -0.0183    0.0451
            Y    -0.0217    0.0168    0.0428   -0.0337    0.0183   -0.0303
            Z    -0.0189    0.0378   -0.0483   -0.0047   -0.0006   -0.0482
 AT.  10 O  X    -0.0025   -0.0471   -0.0007   -0.0168   -0.0255    0.0050
            Y     0.0220    0.0438   -0.0156   -0.0130    0.0293    0.0314
            Z    -0.0242   -0.0361    0.0474   -0.0282   -0.0643   -0.0270

 FREQ(CM**-1)    749.64    757.13    759.43    761.17    887.27    887.35

 AT.   1 CA X    -0.0008    0.0006   -0.0012    0.0080   -0.0009    0.0011
            Y     0.0003   -0.0062    0.0006    0.0017    0.0016    0.0007
            Z     0.0066   -0.0006   -0.0053   -0.0025    0.0002    0.0015
 AT.   2 MG X     0.0122   -0.0000    0.0126    0.0066   -0.0037   -0.0015
            Y    -0.0220    0.0021    0.0071    0.0040    0.0022   -0.0027
            Z     0.0011    0.0033   -0.0051    0.0252    0.0004    0.0016
 AT.   3 C  X     0.0100   -0.0167    0.0249   -0.0262   -0.0007    0.0015
            Y     0.0360   -0.0410   -0.0012    0.0141    0.0032   -0.0046
            Z     0.0025    0.0015   -0.0059    0.0005    0.1779    0.1619
 AT.   4 C  X    -0.0111   -0.0063   -0.0284   -0.0422    0.0016    0.0007
            Y    -0.0355   -0.0427    0.0324   -0.0104   -0.0048   -0.0030
            Z    -0.0026    0.0016    0.0028    0.0005   -0.1619    0.1779
 AT.   5 O  X    -0.0592    0.0607    0.0140   -0.0142   -0.0027   -0.0079
            Y    -0.0466    0.0485   -0.0493    0.0542   -0.0047   -0.0036
            Z    -0.0114    0.0106   -0.0080    0.0069   -0.0498   -0.0447
 AT.   6 O  X     0.0678    0.0641    0.0790   -0.0667   -0.0036   -0.0059
            Y    -0.0219    0.0240    0.0391    0.0502    0.0016    0.0006
            Z    -0.0107   -0.0120   -0.0172    0.0140    0.0263    0.0383
 AT.   7 O  X    -0.0161    0.0535   -0.0434   -0.0489    0.0004    0.0010
            Y     0.0812    0.0189    0.0470    0.0361   -0.0051   -0.0002
            Z    -0.0130    0.0048   -0.0154   -0.0113    0.0253    0.0029
 AT.   8 O  X    -0.0026   -0.0294    0.0561   -0.0478   -0.0023    0.0035
            Y    -0.0656    0.0449    0.0260   -0.0563   -0.0021    0.0047
            Z    -0.0102    0.0068    0.0106   -0.0154   -0.0408    0.0238
 AT.   9 O  X     0.0625   -0.0535   -0.0673   -0.0547   -0.0010   -0.0060
            Y     0.0359    0.0448    0.0090   -0.0127   -0.0010   -0.0007
            Z    -0.0111    0.0061    0.0135    0.0099   -0.0036    0.0250
 AT.  10 O  X    -0.0564   -0.0531    0.0205   -0.0656    0.0021    0.0000
            Y     0.0405    0.0585   -0.0915   -0.0214   -0.0094    0.0040
            Z    -0.0112   -0.0138    0.0182   -0.0023    0.0442   -0.0509

 FREQ(CM**-1)   1170.07   1170.10   1550.71   1561.65   1607.14   1646.56

 AT.   1 CA X     0.0012   -0.0019   -0.0000    0.0014   -0.0003   -0.0049
            Y    -0.0007   -0.0034    0.0002   -0.0028   -0.0002   -0.0024
            Z     0.0001    0.0000    0.0007    0.0011    0.0004    0.0001
 AT.   2 MG X    -0.0003   -0.0114   -0.0007   -0.0014   -0.0064   -0.0021
            Y     0.0039   -0.0008    0.0009    0.0022   -0.0051   -0.0009
            Z    -0.0001   -0.0000    0.0004   -0.0039    0.0003   -0.0014
 AT.   3 C  X    -0.0020   -0.0035   -0.0352   -0.1439    0.0445    0.1255
            Y    -0.0011   -0.0013    0.1359   -0.0645    0.1095   -0.0006
            Z    -0.0007    0.0004    0.0035    0.0003   -0.0015    0.0014
 AT.   4 C  X    -0.0005   -0.0018   -0.0859    0.1024    0.1062    0.0222
            Y    -0.0007    0.0000    0.1327    0.0940   -0.0674    0.1144
            Z    -0.0007   -0.0005    0.0049    0.0007    0.0041   -0.0022
 AT.   5 O  X    -0.0745    0.0413    0.0340    0.0314    0.0038   -0.0362
            Y     0.0575   -0.0302   -0.0330   -0.0151   -0.0146    0.0246
            Z     0.0019   -0.0005   -0.0032    0.0012    0.0007    0.0012
 AT.   6 O  X     0.0003    0.0068    0.0053   -0.0104    0.0084    0.0146
            Y     0.0123    0.0501    0.0140   -0.0412    0.0009    0.0476
            Z     0.0003   -0.0001   -0.0015   -0.0019    0.0012   -0.0034
 AT.   7 O  X    -0.0734    0.0941   -0.0221   -0.0255   -0.0079    0.0043
            Y    -0.0305    0.0387   -0.0016   -0.0067    0.0083   -0.0061
            Z    -0.0013    0.0027    0.0003    0.0011   -0.0025    0.0018
 AT.   8 O  X     0.0398    0.0751   -0.0204   -0.0229    0.0283   -0.0369
            Y    -0.0304   -0.0565    0.0227    0.0202   -0.0296    0.0314
            Z    -0.0016   -0.0020    0.0023   -0.0015    0.0019    0.0015
 AT.   9 O  X     0.0077   -0.0018   -0.0043    0.0102    0.0088    0.0143
            Y     0.0513   -0.0143    0.0065    0.0225    0.0300    0.0323
            Z    -0.0021    0.0007    0.0021   -0.0012    0.0004   -0.0021
 AT.  10 O  X     0.0939    0.0759    0.0147   -0.0538   -0.0283   -0.0222
            Y     0.0394    0.0306   -0.0031   -0.0242   -0.0039   -0.0149
            Z     0.0014    0.0020   -0.0011   -0.0001   -0.0011    0.0003

 MODES IN ANTI-PHASE

 FREQ(CM**-1)     86.38    125.89    154.12    163.84    166.65    201.71

 AT.   1 CA X    -0.0139    0.0088    0.0053    0.0154    0.0049   -0.0491
            Y    -0.0480    0.0024   -0.0046   -0.0494    0.0364   -0.0004
            Z     0.0075   -0.0010    0.0015   -0.0925   -0.0243   -0.0477
 AT.   2 MG X     0.0133   -0.0038    0.0006    0.0066   -0.0187   -0.0063
            Y    -0.0108   -0.0021   -0.0036   -0.0161    0.0030    0.0190
            Z     0.0467   -0.0013   -0.0024    0.0218   -0.0028   -0.0556
 AT.   3 C  X    -0.0080    0.0148   -0.0354   -0.0346   -0.0025   -0.0183
            Y    -0.0106   -0.0187    0.0136    0.0142   -0.0375    0.0043
            Z    -0.0170   -0.0144   -0.0002    0.0033    0.0569   -0.0384
 AT.   4 C  X     0.0077   -0.0148   -0.0174    0.0198   -0.0036   -0.0088
            Y     0.0134    0.0022    0.0296    0.0167    0.0156   -0.0080
            Z     0.0235    0.0073    0.0233    0.0241   -0.0188    0.0168
 AT.   5 O  X    -0.0172    0.0284   -0.0096   -0.0307   -0.0178   -0.0111
            Y    -0.0222    0.0051    0.0426    0.0157   -0.0542    0.0119
            Z     0.0079   -0.0253    0.0198   -0.0405    0.0692   -0.0425
 AT.   6 O  X     0.0338    0.0388    0.0452    0.0065   -0.0040    0.0603
            Y     0.0148    0.0086    0.0128   -0.0270    0.0108    0.0000
            Z    -0.0075    0.0183    0.0323   -0.0713   -0.0199    0.0827
 AT.   7 O  X     0.0214    0.0253    0.0072    0.0256    0.0103   -0.0256
            Y    -0.0462   -0.0375   -0.0204    0.0092    0.0140   -0.0080
            Z     0.0103   -0.0478   -0.0329   -0.0100   -0.0255   -0.0372
 AT.   8 O  X     0.0214   -0.0159    0.0098   -0.0315    0.0210   -0.0230
            Y     0.0153    0.0029   -0.0389    0.0124    0.0438    0.0110
            Z    -0.0561    0.0238   -0.0143   -0.0377   -0.0644   -0.0251
 AT.   9 O  X     0.0343   -0.0346   -0.0338    0.0121    0.0256    0.0564
            Y    -0.0034   -0.0111   -0.0174   -0.0267   -0.0370    0.0025
            Z     0.0306   -0.0234   -0.0273   -0.0658    0.0524    0.0690
 AT.  10 O  X     0.0028   -0.0334   -0.0091    0.0219    0.0014   -0.0166
            Y     0.0209    0.0499    0.0117    0.0116    0.0079    0.0010
            Z     0.0940    0.0522    0.0298   -0.0045   -0.0253   -0.0232

 FREQ(CM**-1)    229.31    262.30    267.22    291.62    334.08    339.55

 AT.   1 CA X    -0.0002    0.0094   -0.0016    0.0005    0.0033    0.0575
            Y     0.0001    0.0051    0.0012    0.0095   -0.0338    0.0012
            Z     0.0016    0.0080    0.0064    0.0205    0.0070   -0.0343
 AT.   2 MG X     0.0012   -0.0099    0.0054   -0.0371   -0.0310    0.0551
            Y     0.0009   -0.0087   -0.0058    0.0164    0.0487    0.0622
            Z    -0.0011    0.0112   -0.0041    0.0607   -0.0169    0.0256
 AT.   3 C  X    -0.0284   -0.0379   -0.0061   -0.0297   -0.0094    0.0086
            Y     0.0027    0.0301   -0.0510    0.0060   -0.0236    0.0172
            Z     0.0146    0.0206   -0.0138   -0.0009   -0.0107   -0.0265
 AT.   4 C  X    -0.0295    0.0395    0.0289   -0.0279   -0.0188    0.0229
            Y    -0.0456    0.0282   -0.0104   -0.0123   -0.0210   -0.0054
            Z     0.0327   -0.0149    0.0081   -0.0136   -0.0123   -0.0229
 AT.   5 O  X    -0.0359   -0.0423   -0.0030   -0.0208   -0.0064   -0.0226
            Y    -0.0126    0.0219   -0.0496    0.0209   -0.0247   -0.0271
            Z     0.0410    0.0123    0.0193   -0.0529   -0.0376    0.0274
 AT.   6 O  X     0.0207    0.0804    0.0383    0.0090    0.0103   -0.0190
            Y    -0.0464    0.0054    0.0263    0.0098    0.0016    0.0118
            Z     0.0497    0.0298    0.0648    0.0484   -0.0664    0.0421
 AT.   7 O  X     0.0388   -0.0020   -0.0248   -0.0178   -0.0239    0.0168
            Y     0.0157   -0.0664    0.0291    0.0164    0.0135   -0.0226
            Z     0.0065   -0.0100    0.0165    0.0153   -0.0230    0.0455
 AT.   8 O  X     0.0386    0.0236   -0.0055    0.0164    0.0217   -0.0207
            Y     0.0183   -0.0185    0.0473    0.0479   -0.0222    0.0181
            Z    -0.0454    0.0119   -0.0064   -0.0212    0.0844    0.0407
 AT.   9 O  X    -0.0213   -0.0617   -0.0379    0.0406   -0.0065   -0.0175
            Y     0.0441    0.0198   -0.0357   -0.0061    0.0207   -0.0208
            Z    -0.0490   -0.0236   -0.0545    0.0199    0.0517    0.0524
 AT.  10 O  X    -0.0375    0.0306    0.0289   -0.0472   -0.0237    0.0112
            Y    -0.0175    0.0460   -0.0139    0.0332   -0.0074    0.0153
            Z    -0.0089   -0.0272   -0.0026    0.0635    0.0009   -0.0035

 FREQ(CM**-1)    372.00    384.14    406.46    450.30    469.17    473.11

 AT.   1 CA X     0.0010    0.0369    0.0163    0.0029    0.0004   -0.0001
            Y     0.0018    0.0234   -0.0515   -0.0006    0.0015    0.0000
            Z    -0.0004    0.0485    0.0144    0.0004    0.0001    0.0002
 AT.   2 MG X     0.0024   -0.0083   -0.0279    0.0013   -0.0113    0.0003
            Y     0.0010    0.0046    0.0172    0.0007    0.0061    0.0006
            Z     0.0016    0.0244    0.0299   -0.0096   -0.0013    0.0000
 AT.   3 C  X     0.0004   -0.0306    0.0320    0.0076    0.0201    0.0041
            Y    -0.0088   -0.0001   -0.0060   -0.0205    0.0019   -0.0218
            Z     0.0377   -0.0428   -0.0188   -0.0036    0.0422   -0.0131
 AT.   4 C  X     0.0165   -0.0256    0.0356   -0.0123    0.0069    0.0197
            Y    -0.0350    0.0095    0.0282   -0.0248    0.0171   -0.0115
            Z     0.0069   -0.0060   -0.0196   -0.0035    0.0123   -0.0420
 AT.   5 O  X     0.0165   -0.0552    0.0226    0.0163    0.0499    0.0059
            Y     0.0163   -0.0249   -0.0185   -0.0178    0.0304   -0.0223
            Z     0.0155   -0.0610   -0.0061   -0.0282    0.0384   -0.0297
 AT.   6 O  X     0.0446    0.0193   -0.0369   -0.0160    0.0061    0.0236
            Y    -0.0273   -0.0126   -0.0358   -0.0034    0.0116    0.0101
            Z    -0.0498   -0.0476    0.0599    0.0488   -0.0027   -0.0461
 AT.   7 O  X    -0.0105    0.0257    0.0095    0.0220   -0.0020   -0.0087
            Y     0.0347   -0.0373    0.0306    0.0312   -0.0230   -0.0350
            Z    -0.0783   -0.0056   -0.0538   -0.0230    0.0042   -0.0026
 AT.   8 O  X    -0.0144   -0.0279    0.0005   -0.0200   -0.0545   -0.0060
            Y    -0.0187   -0.0360   -0.0214    0.0151   -0.0300    0.0225
            Z    -0.0187   -0.0589   -0.0684    0.0204   -0.0372    0.0298
 AT.   9 O  X    -0.0414   -0.0086   -0.0235    0.0130   -0.0029   -0.0231
            Y     0.0291    0.0012    0.0144    0.0081   -0.0151   -0.0105
            Z     0.0515   -0.0290    0.0441   -0.0486    0.0028    0.0456
 AT.  10 O  X     0.0108   -0.0197    0.0274   -0.0199    0.0066    0.0088
            Y    -0.0366   -0.0039    0.0488   -0.0297    0.0181    0.0353
            Z     0.0805   -0.0570   -0.0277    0.0272    0.0073    0.0023

 FREQ(CM**-1)    749.64    757.13    759.43    761.17    887.27    887.35

 AT.   1 CA X     0.0005    0.0008    0.0020    0.0061    0.0003    0.0012
            Y    -0.0002   -0.0081   -0.0009    0.0013   -0.0005    0.0008
            Z    -0.0039   -0.0007    0.0087   -0.0019   -0.0001    0.0016
 AT.   2 MG X    -0.0073   -0.0000   -0.0208    0.0051    0.0012   -0.0017
            Y     0.0132    0.0027   -0.0117    0.0031   -0.0007   -0.0029
            Z    -0.0007    0.0042    0.0085    0.0192   -0.0001    0.0018
 AT.   3 C  X    -0.0343   -0.0379   -0.0179    0.0334   -0.0025    0.0017
            Y     0.0152    0.0120    0.0375    0.0286    0.0046   -0.0028
            Z    -0.0041   -0.0009   -0.0004   -0.0002   -0.0003   -0.0734
 AT.   4 C  X    -0.0340    0.0409    0.0115   -0.0049   -0.0020   -0.0022
            Y     0.0163   -0.0009    0.0190   -0.0301    0.0028    0.0044
            Z    -0.0040    0.0005   -0.0052   -0.0002   -0.0735    0.0003
 AT.   5 O  X    -0.0288   -0.0142   -0.0708   -0.0457    0.0001    0.0027
            Y     0.0494    0.0594   -0.0034   -0.0731   -0.0030    0.0044
            Z     0.0054    0.0099   -0.0077   -0.0179    0.0007    0.0195
 AT.   6 O  X    -0.0345   -0.0383    0.0343   -0.0385   -0.0034   -0.0066
            Y    -0.0526    0.0527   -0.0309   -0.0268    0.0039   -0.0007
            Z     0.0069    0.0031   -0.0062    0.0064    0.0428    0.0289
 AT.   7 O  X     0.0553   -0.0407   -0.0002   -0.0547   -0.0032    0.0001
            Y    -0.0024    0.0656    0.0786   -0.0320    0.0089    0.0040
            Z     0.0057   -0.0130   -0.0124    0.0007   -0.0405   -0.0509
 AT.   8 O  X     0.0657    0.0550   -0.0454   -0.0017    0.0015   -0.0076
            Y     0.0176    0.0622    0.0420    0.0715    0.0052   -0.0031
            Z     0.0075    0.0128    0.0035    0.0114    0.0285   -0.0425
 AT.   9 O  X    -0.0434    0.0520   -0.0538   -0.0542    0.0049   -0.0065
            Y     0.0442    0.0368   -0.0490    0.0555   -0.0041    0.0005
            Z     0.0061   -0.0108    0.0123    0.0118   -0.0500    0.0410
 AT.  10 O  X    -0.0120    0.0412    0.0383   -0.0328    0.0024    0.0010
            Y    -0.0704    0.0351   -0.0048    0.0432   -0.0042    0.0002
            Z     0.0088    0.0013    0.0078   -0.0111    0.0181   -0.0022

 FREQ(CM**-1)   1170.07   1170.10   1550.71   1561.65   1607.14   1646.56

 AT.   1 CA X     0.0034   -0.0007   -0.0002   -0.0017   -0.0001   -0.0012
            Y    -0.0019   -0.0012    0.0009    0.0034   -0.0001   -0.0006
            Z     0.0003    0.0000    0.0038   -0.0013    0.0001    0.0000
 AT.   2 MG X    -0.0008   -0.0039   -0.0042    0.0017   -0.0019   -0.0005
            Y     0.0114   -0.0003    0.0052   -0.0027   -0.0015   -0.0002
            Z    -0.0003   -0.0000    0.0022    0.0047    0.0001   -0.0003
 AT.   3 C  X     0.0034    0.0014   -0.0916   -0.0105   -0.1042   -0.0271
            Y     0.0009   -0.0002    0.0447    0.0692    0.0725   -0.1145
            Z    -0.0002    0.0006    0.0034    0.0015   -0.0042    0.0022
 AT.   4 C  X    -0.0039    0.0033    0.0473   -0.1016   -0.0396   -0.1264
            Y    -0.0012    0.0013    0.0535    0.0106   -0.1127   -0.0038
            Z    -0.0000   -0.0005   -0.0003    0.0013    0.0017   -0.0013
 AT.   5 O  X    -0.0313    0.0694    0.0340    0.0174    0.0465   -0.0104
            Y     0.0247   -0.0533   -0.0244   -0.0177   -0.0322    0.0208
            Z    -0.0001   -0.0026   -0.0021    0.0013    0.0024    0.0009
 AT.   6 O  X     0.0131   -0.0116    0.0020   -0.0084    0.0032    0.0029
            Y     0.0998   -0.0882    0.0580   -0.0152    0.0542   -0.0212
            Z    -0.0031    0.0012    0.0019    0.0015   -0.0010    0.0018
 AT.   7 O  X     0.0585    0.0023   -0.0180    0.0595   -0.0402   -0.0559
            Y     0.0249   -0.0001   -0.0136    0.0258   -0.0203   -0.0204
            Z     0.0006   -0.0002   -0.0025   -0.0001    0.0018   -0.0028
 AT.   8 O  X    -0.0703   -0.0297    0.0435   -0.0277   -0.0371   -0.0077
            Y     0.0547    0.0237   -0.0342    0.0116    0.0192   -0.0069
            Z     0.0011    0.0017   -0.0031   -0.0009   -0.0016   -0.0002
 AT.   9 O  X     0.0105    0.0133    0.0037    0.0087    0.0018    0.0042
            Y     0.0865    0.1004    0.0593    0.0377   -0.0452    0.0410
            Z    -0.0023   -0.0010    0.0013    0.0021    0.0015   -0.0032
 AT.  10 O  X     0.0014    0.0557   -0.0244    0.0361    0.0296    0.0515
            Y     0.0011    0.0237   -0.0133    0.0114    0.0216    0.0152
            Z    -0.0003    0.0017   -0.0022   -0.0011   -0.0029    0.0033


  DISPERSION K POINT NUMBER    21 COORD:  C(  2  0  2 )    WEIGHT:    1.

    MODES         EIGV          FREQUENCIES     IRREP
             (HARTREE**2)   (CM**-1)     (THZ)
    1-   1    0.1637E-06     88.7954    2.6620  (  1)
    2-   2    0.2280E-06    104.8084    3.1421  (  1)
    3-   3    0.4141E-06    141.2340    4.2341  (  1)
    4-   4    0.4883E-06    153.3687    4.5979  (  1)
    5-   5    0.6153E-06    172.1584    5.1612  (  1)
    6-   6    0.7424E-06    189.1089    5.6693  (  1)
    7-   7    0.9050E-06    208.7912    6.2594  (  1)
    8-   8    0.1071E-05    227.1761    6.8106  (  1)
    9-   9    0.1487E-05    267.6525    8.0240  (  1)
   10-  10    0.1840E-05    297.7024    8.9249  (  1)
   11-  11    0.2185E-05    324.4285    9.7261  (  1)
   12-  12    0.2298E-05    332.7123    9.9745  (  1)
   13-  13    0.2889E-05    373.0313   11.1832  (  1)
   14-  14    0.3004E-05    380.3925   11.4039  (  1)
   15-  15    0.4006E-05    439.2982   13.1698  (  1)
   16-  16    0.4390E-05    459.8648   13.7864  (  1)
   17-  17    0.4483E-05    464.6985   13.9313  (  1)
   18-  18    0.5137E-05    497.4497   14.9132  (  1)
   19-  19    0.1165E-04    749.1361   22.4585  (  1)
   20-  20    0.1192E-04    757.6143   22.7127  (  1)
   21-  21    0.1212E-04    764.0496   22.9056  (  1)
   22-  22    0.1218E-04    766.0688   22.9662  (  1)
   23-  23    0.1631E-04    886.3517   26.5722  (  1)
   24-  24    0.1646E-04    890.3211   26.6912  (  1)
   25-  25    0.2842E-04   1169.9442   35.0740  (  1)
   26-  26    0.2855E-04   1172.6325   35.1546  (  1)
   27-  27    0.4825E-04   1524.4707   45.7025  (  1)
   28-  28    0.5026E-04   1555.9187   46.6453  (  1)
   29-  29    0.5199E-04   1582.4768   47.4415  (  1)
   30-  30    0.5709E-04   1658.2871   49.7142  (  1)

 MODES IN PHASE

 FREQ(CM**-1)     88.80    104.81    141.23    153.37    172.16    189.11

 AT.   1 CA X    -0.0212   -0.0040    0.0687    0.0886   -0.0093   -0.0113
            Y     0.0817   -0.0071    0.0073    0.0143    0.0028    0.0254
            Z     0.0154   -0.0017    0.0864   -0.0498    0.0090    0.0128
 AT.   2 MG X     0.0181   -0.0072    0.0077   -0.0206   -0.0376   -0.0065
            Y     0.0219    0.0005   -0.0252   -0.0090    0.0134   -0.0056
            Z    -0.0133   -0.0420   -0.0127    0.0222   -0.0293   -0.0001
 AT.   3 C  X     0.0366    0.0120    0.0085    0.0382    0.0386    0.0272
            Y     0.0048   -0.0011    0.0012    0.0102   -0.0146    0.0414
            Z    -0.0114    0.0495    0.0194   -0.0065   -0.0090   -0.0174
 AT.   4 C  X     0.0371   -0.0130    0.0078    0.0179   -0.0503    0.0127
            Y     0.0052   -0.0052    0.0020    0.0220   -0.0132   -0.0043
            Z    -0.0113   -0.0575    0.0186    0.0091   -0.0101   -0.0368
 AT.   5 O  X     0.0172   -0.0055    0.0338    0.0338    0.0467    0.0482
            Y    -0.0176   -0.0236    0.0310    0.0018   -0.0001    0.0699
            Z     0.0030    0.0221    0.0674   -0.0033   -0.0134   -0.0810
 AT.   6 O  X    -0.0860   -0.0500   -0.0142    0.0126    0.0220    0.0140
            Y    -0.0108   -0.0117    0.0098   -0.0238    0.0272   -0.0216
            Z     0.0065   -0.0522   -0.0112   -0.0518    0.0216    0.0212
 AT.   7 O  X     0.0260    0.0006    0.0217    0.0363    0.0504    0.0347
            Y     0.0298    0.0298   -0.0370    0.0141   -0.0402    0.0257
            Z    -0.0403    0.0640    0.0016   -0.0468   -0.0710    0.0192
 AT.   8 O  X     0.0174    0.0108    0.0338    0.0202   -0.0522    0.0336
            Y    -0.0178    0.0250    0.0326    0.0201   -0.0160    0.0297
            Z     0.0030   -0.0435    0.0665   -0.0072    0.0315   -0.0469
 AT.   9 O  X    -0.0855    0.0415   -0.0114    0.0431    0.0254    0.0187
            Y    -0.0109    0.0147    0.0091   -0.0207   -0.0150    0.0377
            Z     0.0069    0.0322   -0.0091   -0.0358    0.0447    0.0204
 AT.  10 O  X     0.0262    0.0028    0.0216    0.0182   -0.0585    0.0222
            Y     0.0309   -0.0460   -0.0376    0.0181    0.0010   -0.0264
            Z    -0.0395   -0.0673    0.0011   -0.0197    0.0168   -0.0350

 FREQ(CM**-1)    208.79    227.18    267.65    297.70    324.43    332.71

 AT.   1 CA X     0.0014    0.0028   -0.0079   -0.0013    0.0086   -0.0004
            Y     0.0133    0.0008   -0.0325    0.0021   -0.0035   -0.0010
            Z    -0.0113   -0.0045    0.0229   -0.0011   -0.0084   -0.0006
 AT.   2 MG X     0.0409   -0.0209    0.0248   -0.0284    0.0865    0.0130
            Y     0.0063   -0.0068   -0.0081    0.0636    0.0370   -0.0306
            Z     0.0220    0.0423   -0.0190   -0.0196    0.0226   -0.0719
 AT.   3 C  X    -0.0189    0.0127    0.0064    0.0133   -0.0177   -0.0048
            Y    -0.0225    0.0479    0.0369   -0.0398    0.0118    0.0032
            Z     0.0212   -0.0146    0.0211    0.0151   -0.0243    0.0059
 AT.   4 C  X     0.0046   -0.0220   -0.0132   -0.0171    0.0227    0.0050
            Y     0.0293   -0.0386    0.0471    0.0425   -0.0127   -0.0026
            Z    -0.0243    0.0052    0.0318   -0.0133    0.0208   -0.0055
 AT.   5 O  X    -0.0428    0.0179    0.0069    0.0275   -0.0131    0.0074
            Y    -0.0530    0.0512    0.0320   -0.0171    0.0172    0.0267
            Z     0.0534   -0.0266   -0.0209   -0.0238   -0.0892   -0.0229
 AT.   6 O  X    -0.0326   -0.0638   -0.0123   -0.0196   -0.0139   -0.0028
            Y     0.0268    0.0017   -0.0389    0.0378    0.0015   -0.0181
            Z    -0.0643   -0.0404    0.0114    0.0501    0.0321   -0.0580
 AT.   7 O  X    -0.0322    0.0157    0.0042    0.0140   -0.0235    0.0009
            Y     0.0108    0.0411    0.0502   -0.0435    0.0320   -0.0107
            Z    -0.0330    0.0009    0.0677    0.0872   -0.0041    0.0299
 AT.   8 O  X     0.0234   -0.0228   -0.0258   -0.0314    0.0116   -0.0069
            Y     0.0519   -0.0366    0.0251    0.0204   -0.0261   -0.0259
            Z    -0.0418    0.0217   -0.0068    0.0255    0.0978    0.0238
 AT.   9 O  X     0.0220    0.0699    0.0020    0.0223    0.0165    0.0019
            Y    -0.0168   -0.0174   -0.0188   -0.0344    0.0026    0.0179
            Z     0.0454    0.0525    0.0181   -0.0493   -0.0023    0.0573
 AT.  10 O  X     0.0142   -0.0210   -0.0231   -0.0169    0.0264   -0.0001
            Y     0.0072   -0.0415    0.0766    0.0445   -0.0311    0.0104
            Z     0.0322   -0.0091    0.0976   -0.0893    0.0060   -0.0317

 FREQ(CM**-1)    373.03    380.39    439.30    459.86    464.70    497.45

 AT.   1 CA X    -0.0541   -0.0018   -0.0277   -0.0277   -0.0025    0.0062
            Y    -0.0049   -0.0047    0.0590    0.0025    0.0077   -0.0081
            Z     0.0105   -0.0437   -0.0401   -0.0031    0.0126    0.0074
 AT.   2 MG X     0.0029    0.0325    0.0093   -0.0408    0.1281   -0.0438
            Y    -0.0088    0.0233   -0.0043    0.0615    0.0546    0.1342
            Z    -0.0073   -0.0054   -0.0211    0.1059    0.0153   -0.0825
 AT.   3 C  X     0.0169    0.0328    0.0044    0.0057    0.0207   -0.0127
            Y     0.0140    0.0118   -0.0252    0.0123   -0.0008    0.0355
            Z    -0.0110    0.0235    0.0558    0.0227    0.0018   -0.0258
 AT.   4 C  X     0.0260    0.0133    0.0067    0.0090   -0.0395    0.0063
            Y     0.0115   -0.0209   -0.0318    0.0274    0.0093   -0.0260
            Z    -0.0347   -0.0168    0.0507    0.0211    0.0002    0.0372
 AT.   5 O  X     0.0159    0.0438    0.0329    0.0136    0.0291   -0.0300
            Y     0.0129    0.0232    0.0169    0.0202    0.0041    0.0083
            Z     0.0385    0.0846    0.0107    0.0345    0.0169    0.0039
 AT.   6 O  X     0.0396   -0.0064    0.0327    0.0392    0.0229    0.0144
            Y    -0.0117    0.0172   -0.0124   -0.0462   -0.0104   -0.0171
            Z    -0.0478    0.0552   -0.0219   -0.0032   -0.0404   -0.0234
 AT.   7 O  X     0.0234    0.0476    0.0147    0.0136    0.0170   -0.0103
            Y     0.0107   -0.0128   -0.0624   -0.0105    0.0140    0.0390
            Z    -0.0172    0.0145    0.0736    0.0030    0.0128   -0.0389
 AT.   8 O  X     0.0066    0.0094    0.0327    0.0139   -0.0559    0.0337
            Y    -0.0162   -0.0296    0.0094    0.0355   -0.0025    0.0007
            Z     0.0339   -0.0388    0.0015    0.0667   -0.0163   -0.0073
 AT.   9 O  X     0.0059   -0.0184    0.0366   -0.0155    0.0063    0.0003
            Y    -0.0135    0.0343   -0.0032    0.0074    0.0015    0.0277
            Z     0.0045   -0.0132   -0.0282    0.0090   -0.0243   -0.0024
 AT.  10 O  X     0.0226    0.0095    0.0143    0.0159   -0.0332    0.0052
            Y     0.0349   -0.0177   -0.0624    0.0186   -0.0222   -0.0404
            Z    -0.0295    0.0381    0.0742   -0.0098   -0.0512    0.0463

 FREQ(CM**-1)    749.14    757.61    764.05    766.07    886.35    890.32

 AT.   1 CA X    -0.0011   -0.0014    0.0086    0.0003    0.0006    0.0015
            Y    -0.0020   -0.0045   -0.0023   -0.0013   -0.0008    0.0014
            Z    -0.0004   -0.0032   -0.0079    0.0004    0.0006    0.0027
 AT.   2 MG X     0.0051    0.0215    0.0037    0.0017    0.0007    0.0002
            Y     0.0012    0.0003    0.0124   -0.0147   -0.0011    0.0002
            Z    -0.0028   -0.0016    0.0163   -0.0079    0.0023   -0.0003
 AT.   3 C  X    -0.0070    0.0066   -0.0228    0.0522    0.0018    0.0012
            Y    -0.0308   -0.0128   -0.0060    0.0013   -0.0031   -0.0047
            Z    -0.0060    0.0053   -0.0022   -0.0072   -0.0723    0.1762
 AT.   4 C  X     0.0091    0.0078   -0.0469   -0.0283   -0.0019    0.0012
            Y     0.0101   -0.0312   -0.0093   -0.0008    0.0070   -0.0019
            Z     0.0060    0.0052   -0.0030    0.0060    0.1783    0.0717
 AT.   5 O  X     0.0524    0.0158    0.0084    0.0060    0.0017   -0.0087
            Y     0.0252   -0.0073    0.0470   -0.0828    0.0033   -0.0030
            Z     0.0114   -0.0010    0.0041   -0.0175    0.0205   -0.0504
 AT.   6 O  X     0.0376    0.0461   -0.0977    0.0902    0.0024   -0.0045
            Y     0.0730    0.0654    0.0406   -0.0217   -0.0046    0.0001
            Z    -0.0048   -0.0115    0.0140   -0.0162   -0.0474    0.0236
 AT.   7 O  X    -0.0431   -0.0090   -0.0337    0.0443    0.0001   -0.0004
            Y     0.0487    0.0244   -0.0182    0.0556   -0.0060    0.0035
            Z    -0.0135   -0.0027    0.0004   -0.0021    0.0198   -0.0514
 AT.   8 O  X    -0.0157    0.0469    0.0114   -0.0044   -0.0026   -0.0035
            Y    -0.0137    0.0020    0.0911    0.0438   -0.0080   -0.0006
            Z    -0.0064    0.0025    0.0105    0.0103   -0.0492   -0.0186
 AT.   9 O  X    -0.0319    0.0449   -0.0827   -0.1082   -0.0011   -0.0097
            Y    -0.0702    0.0697    0.0329    0.0252    0.0023   -0.0000
            Z     0.0042   -0.0120    0.0138    0.0216    0.0250    0.0499
 AT.  10 O  X     0.0186   -0.0310   -0.0620   -0.0216   -0.0025   -0.0010
            Y    -0.0123    0.0568   -0.0381   -0.0333    0.0128    0.0005
            Z     0.0061   -0.0112    0.0007    0.0015   -0.0485   -0.0210

 FREQ(CM**-1)   1169.94   1172.63   1524.47   1555.92   1582.48   1658.29

 AT.   1 CA X     0.0002    0.0032   -0.0007   -0.0010   -0.0022   -0.0003
            Y    -0.0002   -0.0025   -0.0007    0.0022   -0.0021    0.0012
            Z     0.0017    0.0015    0.0001    0.0028    0.0008   -0.0009
 AT.   2 MG X     0.0001    0.0004   -0.0008   -0.0024    0.0013    0.0023
            Y    -0.0006   -0.0015    0.0001    0.0022    0.0003   -0.0018
            Z    -0.0030    0.0007   -0.0001    0.0044    0.0004    0.0026
 AT.   3 C  X    -0.0027   -0.0024   -0.0364   -0.0417    0.1533   -0.0900
            Y     0.0012   -0.0030   -0.0207    0.0667    0.0818    0.1445
            Z     0.0007   -0.0006   -0.0005    0.0019    0.0012   -0.0052
 AT.   4 C  X     0.0017   -0.0002    0.1445   -0.0839    0.0199    0.0330
            Y    -0.0004    0.0007    0.0953    0.1512    0.0288   -0.0807
            Z    -0.0009    0.0005   -0.0016    0.0043   -0.0013    0.0027
 AT.   5 O  X     0.0256   -0.0801    0.0071    0.0240   -0.0326    0.0528
            Y    -0.0174    0.0619   -0.0040   -0.0222    0.0123   -0.0480
            Z    -0.0006    0.0020   -0.0004   -0.0025   -0.0012    0.0015
 AT.   6 O  X    -0.0147    0.0074   -0.0105    0.0025    0.0065   -0.0009
            Y    -0.0987    0.0497   -0.0452    0.0616    0.0162    0.0279
            Z     0.0012   -0.0020    0.0006    0.0030   -0.0008   -0.0017
 AT.   7 O  X    -0.0283    0.0952    0.0166    0.0063   -0.0660    0.0184
            Y    -0.0108    0.0393    0.0081   -0.0025   -0.0269   -0.0090
            Z    -0.0005    0.0017    0.0005   -0.0003   -0.0009    0.0054
 AT.   8 O  X    -0.0815   -0.0245   -0.0241    0.0511   -0.0036   -0.0236
            Y     0.0613    0.0179    0.0101   -0.0456   -0.0018    0.0235
            Z     0.0018    0.0003    0.0011   -0.0024   -0.0002   -0.0008
 AT.   9 O  X     0.0075    0.0145    0.0056    0.0019    0.0133   -0.0006
            Y     0.0511    0.0973    0.0253    0.0322    0.0414   -0.0594
            Z    -0.0003   -0.0032    0.0003    0.0021   -0.0016    0.0039
 AT.  10 O  X     0.0938    0.0285   -0.0690    0.0121   -0.0092   -0.0039
            Y     0.0390    0.0106   -0.0304   -0.0068   -0.0063    0.0060
            Z     0.0025    0.0005   -0.0002   -0.0021    0.0009   -0.0024

 MODES IN ANTI-PHASE

 FREQ(CM**-1)     88.80    104.81    141.23    153.37    172.16    189.11

 AT.   1 CA X     0.0002   -0.0233    0.0023   -0.0326    0.0180    0.0111
            Y    -0.0008   -0.0414    0.0002   -0.0053   -0.0054   -0.0249
            Z    -0.0002   -0.0101    0.0030    0.0183   -0.0173   -0.0126
 AT.   2 MG X     0.0307    0.0060    0.0145   -0.0172    0.0017   -0.0018
            Y     0.0370   -0.0004   -0.0474   -0.0075   -0.0006   -0.0015
            Z    -0.0225    0.0349   -0.0239    0.0185    0.0013   -0.0000
 AT.   3 C  X    -0.0284   -0.0050   -0.0107    0.0173    0.0344   -0.0122
            Y    -0.0173   -0.0188    0.0108   -0.0220    0.0264    0.0050
            Z    -0.0043   -0.0325   -0.0115   -0.0216    0.0186    0.0366
 AT.   4 C  X     0.0277   -0.0007    0.0113   -0.0379   -0.0118   -0.0270
            Y     0.0172   -0.0181   -0.0107    0.0101    0.0271   -0.0415
            Z     0.0045   -0.0142    0.0128    0.0207    0.0181    0.0168
 AT.   5 O  X    -0.0080    0.0168    0.0009    0.0085    0.0309   -0.0328
            Y     0.0101    0.0083    0.0238   -0.0288    0.0196   -0.0286
            Z    -0.0025   -0.0683   -0.0107    0.0072   -0.0291    0.0456
 AT.   6 O  X    -0.0222   -0.0170    0.0406   -0.0517   -0.0465   -0.0185
            Y     0.0048    0.0111   -0.0103    0.0040   -0.0008   -0.0381
            Z    -0.0196   -0.0512    0.0307   -0.0057   -0.0698   -0.0200
 AT.   7 O  X    -0.0113    0.0103   -0.0011    0.0146    0.0360   -0.0216
            Y    -0.0543   -0.0538   -0.0099   -0.0114    0.0270    0.0268
            Z    -0.0417   -0.0209   -0.0068   -0.0246    0.0294    0.0353
 AT.   8 O  X     0.0077    0.0140    0.0014   -0.0283   -0.0204   -0.0476
            Y    -0.0097    0.0000   -0.0216    0.0207    0.0114   -0.0694
            Z     0.0025   -0.0571    0.0153   -0.0033   -0.0058    0.0802
 AT.   9 O  X     0.0239   -0.0327   -0.0414    0.0312   -0.0448   -0.0136
            Y    -0.0046    0.0066    0.0110    0.0124   -0.0227    0.0222
            Z     0.0195   -0.0656   -0.0314    0.0379   -0.0578   -0.0209
 AT.  10 O  X     0.0108    0.0100    0.0025   -0.0347   -0.0205   -0.0343
            Y     0.0537   -0.0408    0.0074   -0.0005    0.0484   -0.0261
            Z     0.0425    0.0016    0.0069    0.0491    0.0750   -0.0198

 FREQ(CM**-1)    208.79    227.18    267.65    297.70    324.43    332.71

 AT.   1 CA X     0.0056    0.0199    0.0028   -0.0219   -0.0399    0.0289
            Y     0.0524    0.0058    0.0114    0.0340    0.0164    0.0709
            Z    -0.0446   -0.0323   -0.0081   -0.0176    0.0387    0.0445
 AT.   2 MG X    -0.0399    0.0163    0.0212    0.0188   -0.0278   -0.0072
            Y    -0.0062    0.0053   -0.0070   -0.0420   -0.0119    0.0171
            Z    -0.0214   -0.0329   -0.0162    0.0130   -0.0072    0.0402
 AT.   3 C  X    -0.0251   -0.0360    0.0290   -0.0326   -0.0161   -0.0087
            Y     0.0199    0.0274   -0.0292    0.0244    0.0047   -0.0212
            Z    -0.0119   -0.0321   -0.0245    0.0136    0.0032   -0.0167
 AT.   4 C  X    -0.0311   -0.0312   -0.0266   -0.0307   -0.0073   -0.0086
            Y     0.0068    0.0394   -0.0004    0.0194   -0.0006   -0.0212
            Z    -0.0004   -0.0348    0.0059    0.0153    0.0130   -0.0169
 AT.   5 O  X    -0.0298   -0.0206    0.0498   -0.0342    0.0007   -0.0180
            Y     0.0112    0.0466   -0.0003    0.0284    0.0252   -0.0272
            Z     0.0107   -0.0146   -0.0150    0.0153   -0.0401   -0.0331
 AT.   6 O  X    -0.0138    0.0313   -0.0185    0.0231   -0.0094    0.0337
            Y     0.0141   -0.0578   -0.0183    0.0259   -0.0097    0.0047
            Z    -0.0232    0.0496   -0.0146    0.0034   -0.0653    0.0215
 AT.   7 O  X    -0.0296   -0.0219    0.0420   -0.0247   -0.0120   -0.0281
            Y     0.0349   -0.0072   -0.0599    0.0109    0.0049    0.0114
            Z     0.0067   -0.0302   -0.0716   -0.0227   -0.0055    0.0628
 AT.   8 O  X    -0.0466   -0.0149   -0.0431   -0.0306    0.0060   -0.0182
            Y    -0.0155    0.0588   -0.0198    0.0261    0.0158   -0.0280
            Z     0.0349   -0.0213    0.0248    0.0123    0.0003   -0.0325
 AT.   9 O  X    -0.0277    0.0127    0.0222    0.0206   -0.0028    0.0338
            Y     0.0252   -0.0552    0.0387    0.0303   -0.0095    0.0052
            Z    -0.0511    0.0367    0.0042    0.0094   -0.0727    0.0231
 AT.  10 O  X    -0.0414   -0.0168   -0.0354   -0.0228   -0.0012   -0.0281
            Y     0.0358    0.0043    0.0152    0.0055   -0.0088    0.0117
            Z    -0.0099   -0.0288    0.0133   -0.0120   -0.0033    0.0619

 FREQ(CM**-1)    373.03    380.39    439.30    459.86    464.70    497.45

 AT.   1 CA X    -0.0155    0.0014   -0.0035    0.0338    0.0046   -0.0127
            Y    -0.0014    0.0038    0.0075   -0.0030   -0.0144    0.0167
            Z     0.0030    0.0353   -0.0051    0.0037   -0.0234   -0.0153
 AT.   2 MG X     0.0117    0.0125    0.0223   -0.0067   -0.0041    0.0031
            Y    -0.0355    0.0090   -0.0104    0.0101   -0.0017   -0.0096
            Z    -0.0293   -0.0021   -0.0502    0.0174   -0.0005    0.0059
 AT.   3 C  X     0.0220   -0.0066    0.0099   -0.0103    0.0336    0.0020
            Y    -0.0008    0.0239   -0.0296   -0.0304   -0.0106    0.0052
            Z    -0.0479    0.0223   -0.0134   -0.0261   -0.0015   -0.0271
 AT.   4 C  X    -0.0097   -0.0306   -0.0085   -0.0077    0.0014    0.0113
            Y     0.0081   -0.0166    0.0223   -0.0180   -0.0052   -0.0247
            Z     0.0348   -0.0277    0.0270   -0.0274   -0.0023    0.0035
 AT.   5 O  X    -0.0129   -0.0001    0.0034   -0.0169    0.0478   -0.0193
            Y    -0.0511    0.0353   -0.0277   -0.0403    0.0002   -0.0074
            Z     0.0025    0.0580   -0.0357   -0.0750    0.0084    0.0062
 AT.   6 O  X    -0.0521    0.0174    0.0196    0.0079   -0.0227   -0.0117
            Y    -0.0069   -0.0314    0.0350    0.0017    0.0052   -0.0218
            Z     0.0850    0.0254   -0.0283   -0.0085    0.0561    0.0215
 AT.   7 O  X     0.0052    0.0006    0.0002   -0.0189    0.0286    0.0014
            Y     0.0487    0.0153   -0.0082   -0.0169    0.0174    0.0207
            Z    -0.0281   -0.0358    0.0117    0.0094    0.0529   -0.0283
 AT.   8 O  X     0.0194   -0.0428    0.0050   -0.0166    0.0022    0.0116
            Y     0.0502   -0.0301    0.0310   -0.0278   -0.0033   -0.0111
            Z     0.0183   -0.0949    0.0373   -0.0486   -0.0094    0.0008
 AT.   9 O  X     0.0652    0.0025   -0.0108   -0.0369   -0.0316   -0.0185
            Y    -0.0004   -0.0102   -0.0370    0.0456    0.0115   -0.0000
            Z    -0.0974   -0.0593    0.0220    0.0014    0.0647    0.0317
 AT.  10 O  X     0.0080   -0.0467    0.0035   -0.0171    0.0016    0.0089
            Y    -0.0356    0.0093   -0.0077    0.0070   -0.0020   -0.0178
            Z     0.0147   -0.0066    0.0071   -0.0011    0.0187    0.0130

 FREQ(CM**-1)    749.14    757.61    764.05    766.07    886.35    890.32

 AT.   1 CA X     0.0051    0.0003   -0.0029   -0.0011    0.0009    0.0010
            Y     0.0089    0.0009    0.0008    0.0041   -0.0012    0.0009
            Z     0.0018    0.0006    0.0026   -0.0014    0.0010    0.0017
 AT.   2 MG X    -0.0016    0.0246    0.0032   -0.0004   -0.0013   -0.0033
            Y    -0.0004    0.0003    0.0110    0.0034    0.0022   -0.0036
            Z     0.0009   -0.0018    0.0144    0.0018   -0.0045    0.0062
 AT.   3 C  X    -0.0065   -0.0044    0.0477   -0.0270   -0.0013    0.0008
            Y     0.0417    0.0511    0.0075   -0.0004    0.0063    0.0000
            Z    -0.0014   -0.0008    0.0020   -0.0002    0.1630   -0.0019
 AT.   4 C  X    -0.0029    0.0016   -0.0245   -0.0515    0.0012    0.0007
            Y     0.0508   -0.0425   -0.0024   -0.0011   -0.0002   -0.0043
            Z     0.0012   -0.0012   -0.0003    0.0039    0.0022    0.1610
 AT.   5 O  X    -0.0745   -0.0852   -0.0078   -0.0010   -0.0021    0.0002
            Y    -0.0214   -0.0231   -0.0891    0.0447   -0.0073    0.0007
            Z    -0.0093   -0.0091   -0.0120    0.0076   -0.0448    0.0026
 AT.   6 O  X    -0.0050   -0.0060    0.0077    0.0597   -0.0001   -0.0086
            Y     0.0096   -0.0242   -0.0007   -0.0129    0.0004   -0.0001
            Z     0.0002    0.0038   -0.0043   -0.0146    0.0058    0.0441
 AT.   7 O  X     0.0479    0.0597    0.0584   -0.0271   -0.0027   -0.0009
            Y    -0.0748   -0.0903    0.0392   -0.0230    0.0114   -0.0010
            Z     0.0143    0.0229   -0.0007    0.0004   -0.0443    0.0005
 AT.   8 O  X    -0.0897    0.0728    0.0012   -0.0041    0.0007   -0.0080
            Y    -0.0301    0.0241    0.0431    0.0833   -0.0001   -0.0030
            Z    -0.0132    0.0088    0.0071    0.0161   -0.0001   -0.0469
 AT.   9 O  X    -0.0205   -0.0119    0.0525   -0.0008    0.0022   -0.0005
            Y    -0.0224   -0.0024   -0.0238    0.0014   -0.0041    0.0001
            Z     0.0022    0.0008   -0.0049   -0.0030   -0.0407    0.0031
 AT.  10 O  X     0.0617   -0.0518   -0.0265   -0.0472   -0.0010    0.0000
            Y    -0.0884    0.0743   -0.0204   -0.0501   -0.0007    0.0036
            Z     0.0186   -0.0202    0.0003    0.0015   -0.0004   -0.0470

 FREQ(CM**-1)   1169.94   1172.63   1524.47   1555.92   1582.48   1658.29

 AT.   1 CA X     0.0003    0.0023   -0.0009    0.0006   -0.0019    0.0006
            Y    -0.0002   -0.0019   -0.0010   -0.0014   -0.0018   -0.0023
            Z     0.0024    0.0011    0.0002   -0.0018    0.0007    0.0016
 AT.   2 MG X    -0.0003   -0.0034    0.0019   -0.0013   -0.0071   -0.0001
            Y     0.0015    0.0139   -0.0003    0.0011   -0.0019    0.0000
            Z     0.0068   -0.0063    0.0001    0.0023   -0.0023   -0.0001
 AT.   3 C  X     0.0009    0.0006    0.1400    0.0730   -0.0058    0.0188
            Y     0.0000    0.0017    0.0933   -0.1356    0.0153    0.0028
            Z    -0.0007    0.0007   -0.0018   -0.0038   -0.0016    0.0001
 AT.   4 C  X    -0.0023   -0.0024    0.0050    0.0056    0.1521    0.0858
            Y     0.0012   -0.0034    0.0068   -0.0007    0.0781   -0.1198
            Z     0.0005   -0.0008   -0.0010   -0.0001    0.0014    0.0044
 AT.   5 O  X    -0.0774   -0.0003   -0.0231   -0.0451    0.0019   -0.0060
            Y     0.0588   -0.0008    0.0094    0.0399   -0.0039    0.0030
            Z     0.0018   -0.0003    0.0010    0.0015   -0.0000   -0.0001
 AT.   6 O  X     0.0033    0.0129    0.0027   -0.0009    0.0124    0.0012
            Y     0.0223    0.0863    0.0130   -0.0059    0.0393    0.0527
            Z     0.0001   -0.0027    0.0004   -0.0009   -0.0015   -0.0035
 AT.   7 O  X     0.0894   -0.0003   -0.0670   -0.0104    0.0018   -0.0072
            Y     0.0375   -0.0014   -0.0293    0.0063   -0.0018   -0.0013
            Z     0.0024   -0.0000   -0.0001    0.0022    0.0011   -0.0007
 AT.   8 O  X     0.0010   -0.0763    0.0002   -0.0019   -0.0324   -0.0476
            Y     0.0012    0.0593   -0.0012    0.0025    0.0127    0.0419
            Z    -0.0000    0.0020   -0.0001    0.0016   -0.0012   -0.0013
 AT.   9 O  X    -0.0130    0.0031   -0.0093   -0.0018    0.0044    0.0014
            Y    -0.0873    0.0213   -0.0396   -0.0529    0.0094    0.0051
            Z     0.0011   -0.0011    0.0007   -0.0023   -0.0005   -0.0005
 AT.  10 O  X     0.0001    0.0909   -0.0032   -0.0011   -0.0654   -0.0194
            Y     0.0010    0.0379   -0.0005   -0.0005   -0.0262    0.0068
            Z     0.0002    0.0017    0.0005   -0.0007   -0.0011   -0.0049


  DISPERSION K POINT NUMBER    22 COORD:  C(  2  1  0 )    WEIGHT:    1.

    MODES         EIGV          FREQUENCIES     IRREP
             (HARTREE**2)   (CM**-1)     (THZ)
    1-   1    0.1549E-06     86.3786    2.5896  (  1)
    2-   2    0.3290E-06    125.8911    3.7741  (  1)
    3-   3    0.4931E-06    154.1162    4.6203  (  1)
    4-   4    0.5573E-06    163.8442    4.9119  (  1)
    5-   5    0.5766E-06    166.6517    4.9961  (  1)
    6-   6    0.8447E-06    201.7136    6.0472  (  1)
    7-   7    0.1092E-05    229.3136    6.8746  (  1)
    8-   8    0.1428E-05    262.2959    7.8634  (  1)
    9-   9    0.1482E-05    267.2236    8.0112  (  1)
   10-  10    0.1765E-05    291.6204    8.7426  (  1)
   11-  11    0.2317E-05    334.0761   10.0153  (  1)
   12-  12    0.2394E-05    339.5521   10.1795  (  1)
   13-  13    0.2873E-05    372.0041   11.1524  (  1)
   14-  14    0.3063E-05    384.1404   11.5162  (  1)
   15-  15    0.3430E-05    406.4563   12.1853  (  1)
   16-  16    0.4210E-05    450.2999   13.4997  (  1)
   17-  17    0.4570E-05    469.1682   14.0653  (  1)
   18-  18    0.4647E-05    473.1087   14.1834  (  1)
   19-  19    0.1167E-04    749.6415   22.4737  (  1)
   20-  20    0.1190E-04    757.1277   22.6981  (  1)
   21-  21    0.1197E-04    759.4336   22.7672  (  1)
   22-  22    0.1203E-04    761.1732   22.8194  (  1)
   23-  23    0.1634E-04    887.2732   26.5998  (  1)
   24-  24    0.1635E-04    887.3474   26.6020  (  1)
   25-  25    0.2842E-04   1170.0668   35.0777  (  1)
   26-  26    0.2842E-04   1170.0952   35.0786  (  1)
   27-  27    0.4992E-04   1550.7090   46.4891  (  1)
   28-  28    0.5063E-04   1561.6539   46.8172  (  1)
   29-  29    0.5362E-04   1607.1382   48.1808  (  1)
   30-  30    0.5628E-04   1646.5647   49.3628  (  1)

 MODES IN PHASE

 FREQ(CM**-1)     86.38    125.89    154.12    163.84    166.65    201.71

 AT.   1 CA X     0.0379    0.0597    0.0154   -0.0346   -0.0173    0.0018
            Y     0.0093   -0.0586    0.0822   -0.0375   -0.0071   -0.0031
            Z     0.0059    0.0092    0.0180    0.0914   -0.0123   -0.0035
 AT.   2 MG X     0.0021   -0.0340    0.0339   -0.0105    0.0034   -0.0010
            Y     0.0132    0.0210    0.0277   -0.0135   -0.0090   -0.0011
            Z     0.0365    0.0121   -0.0288   -0.0215   -0.0014   -0.0041
 AT.   3 C  X    -0.0170    0.0080    0.0233    0.0246   -0.0020   -0.0195
            Y    -0.0019    0.0262   -0.0207   -0.0051   -0.0070    0.0316
            Z     0.0295   -0.0166   -0.0217   -0.0253   -0.0023    0.0436
 AT.   4 C  X    -0.0174   -0.0093    0.0110   -0.0200   -0.0184    0.0013
            Y    -0.0039   -0.0113    0.0349   -0.0197   -0.0134    0.0100
            Z     0.0341    0.0081   -0.0176    0.0260   -0.0303    0.0315
 AT.   5 O  X    -0.0281    0.0263    0.0518    0.0209   -0.0008   -0.0316
            Y    -0.0193    0.0508    0.0191   -0.0101   -0.0029    0.0073
            Z     0.0955   -0.0095   -0.0239    0.0009   -0.0128    0.0349
 AT.   6 O  X    -0.0324    0.0632   -0.0255   -0.0071   -0.0573    0.0178
            Y     0.0124   -0.0350   -0.0154    0.0324   -0.0067   -0.0274
            Z    -0.0607    0.0119    0.0365    0.0355   -0.0746    0.0437
 AT.   7 O  X    -0.0070    0.0052   -0.0163   -0.0148    0.0181   -0.0027
            Y     0.0271   -0.0278    0.0770   -0.0266    0.0362   -0.0085
            Z     0.0339    0.0190    0.0349    0.0615    0.0493   -0.0306
 AT.   8 O  X     0.0357    0.0359    0.0482    0.0204   -0.0118    0.0336
            Y     0.0456    0.0704    0.0135   -0.0203    0.0024   -0.0098
            Z    -0.0140   -0.0302   -0.0122    0.0134   -0.0130   -0.0394
 AT.   9 O  X     0.0354    0.0582   -0.0142    0.0004    0.0611   -0.0180
            Y    -0.0069   -0.0272   -0.0047    0.0347    0.0108    0.0243
            Z     0.0230    0.0018    0.0301    0.0418    0.0771   -0.0487
 AT.  10 O  X    -0.0273   -0.0059   -0.0041   -0.0220   -0.0121   -0.0018
            Y     0.0146   -0.0167    0.0671   -0.0158   -0.0200    0.0159
            Z    -0.0159    0.0277    0.0238    0.0739   -0.0328    0.0418

 FREQ(CM**-1)    229.31    262.30    267.22    291.62    334.08    339.55

 AT.   1 CA X     0.0001    0.0212    0.0018   -0.0075   -0.0457   -0.0351
            Y     0.0033   -0.0131    0.0143   -0.0038   -0.0326    0.0579
            Z    -0.0200   -0.0185   -0.0470    0.0180   -0.0116   -0.0404
 AT.   2 MG X     0.0176   -0.0290   -0.0169    0.0038    0.0442   -0.0959
            Y    -0.0071    0.0099   -0.0555   -0.0353    0.0847    0.0196
            Z     0.0138   -0.0260    0.0304    0.0532    0.0280    0.0302
 AT.   3 C  X    -0.0543   -0.0290    0.0503    0.0249   -0.0211   -0.0000
            Y    -0.0098   -0.0344    0.0122   -0.0235    0.0339    0.0281
            Z    -0.0290    0.0116   -0.0166   -0.0126    0.0111   -0.0166
 AT.   4 C  X    -0.0537    0.0129   -0.0309   -0.0248    0.0263    0.0097
            Y    -0.0110    0.0456   -0.0309    0.0192   -0.0001   -0.0191
            Z    -0.0283   -0.0188    0.0055    0.0134   -0.0114    0.0250
 AT.   5 O  X    -0.0349   -0.0436    0.0568   -0.0044   -0.0150   -0.0117
            Y     0.0089   -0.0504    0.0184   -0.0622    0.0368    0.0107
            Z     0.0219    0.0374   -0.0520    0.0723    0.0186    0.0131
 AT.   6 O  X     0.0684   -0.0067   -0.0272   -0.0581   -0.0276    0.0078
            Y    -0.0184    0.0478    0.0201   -0.0021   -0.0300   -0.0244
            Z     0.0658   -0.0283   -0.0488   -0.0076   -0.0368    0.0432
 AT.   7 O  X     0.0107    0.0567   -0.0242   -0.0139    0.0174    0.0218
            Y     0.0321   -0.0496   -0.0205    0.0457    0.0061   -0.0118
            Z     0.0387   -0.0258   -0.0444    0.0076    0.0141    0.0581
 AT.   8 O  X     0.0238    0.0357    0.0556   -0.0047   -0.0156    0.0026
            Y    -0.0345   -0.0309    0.0110   -0.0090    0.0365    0.0221
            Z     0.0084    0.0494   -0.0499   -0.0033    0.0179    0.0363
 AT.   9 O  X     0.0121   -0.0082   -0.0182    0.0077   -0.0271    0.0269
            Y     0.0247   -0.0061    0.0256   -0.0314   -0.0307   -0.0144
            Z    -0.0101   -0.0280   -0.0460   -0.0573   -0.0407    0.0369
 AT.  10 O  X    -0.0397    0.0158   -0.0342   -0.0106    0.0177    0.0088
            Y    -0.0396    0.0413   -0.0167   -0.0097    0.0069   -0.0201
            Z    -0.0478    0.0114   -0.0315    0.0523    0.0103    0.0532

 FREQ(CM**-1)    372.00    384.14    406.46    450.30    469.17    473.11

 AT.   1 CA X     0.0174    0.0033   -0.0232    0.0138    0.0167   -0.0081
            Y     0.0003   -0.0017   -0.0253   -0.0395    0.0051    0.0143
            Z     0.0033   -0.0041   -0.0092   -0.0063   -0.0011   -0.0300
 AT.   2 MG X     0.0181   -0.0000    0.0006    0.0183   -0.0041    0.1398
            Y    -0.0140    0.0008    0.0208   -0.0110    0.1439    0.0089
            Z    -0.0140   -0.0021   -0.0190    0.1349    0.0146   -0.0027
 AT.   3 C  X     0.0227    0.0154    0.0192   -0.0052    0.0027    0.0193
            Y     0.0355   -0.0262    0.0274   -0.0195   -0.0230    0.0034
            Z    -0.0093   -0.0430   -0.0093    0.0029   -0.0463    0.0091
 AT.   4 C  X     0.0205    0.0107    0.0174    0.0185   -0.0159   -0.0097
            Y     0.0343   -0.0019    0.0280    0.0143    0.0092   -0.0216
            Z    -0.0224   -0.0355   -0.0100   -0.0039    0.0324    0.0321
 AT.   5 O  X     0.0175   -0.0084    0.0095    0.0073   -0.0096    0.0301
            Y     0.0205   -0.0638    0.0072   -0.0069   -0.0358    0.0115
            Z     0.0650   -0.0549    0.0451   -0.0354   -0.0646    0.0269
 AT.   6 O  X     0.0169   -0.0085    0.0027   -0.0285   -0.0147    0.0106
            Y    -0.0173    0.0345   -0.0257    0.0193    0.0255    0.0133
            Z    -0.0022    0.0074   -0.0221    0.0483   -0.0041   -0.0158
 AT.   7 O  X     0.0110    0.0020   -0.0524    0.0212   -0.0089   -0.0039
            Y    -0.0563   -0.0355    0.0033    0.0324   -0.0255   -0.0541
            Z     0.0403    0.0241   -0.0447    0.0110   -0.0010    0.0477
 AT.   8 O  X    -0.0305    0.0057    0.0460    0.0259   -0.0123    0.0296
            Y    -0.0303    0.0616   -0.0022   -0.0084   -0.0367    0.0114
            Z    -0.0840    0.0601    0.0067   -0.0227   -0.0644    0.0270
 AT.   9 O  X    -0.0260    0.0005   -0.0173   -0.0311   -0.0076    0.0104
            Y    -0.0086   -0.0310    0.0003    0.0072    0.0214    0.0131
            Z     0.0299    0.0027    0.0695    0.0606   -0.0093   -0.0154
 AT.  10 O  X     0.0166   -0.0024    0.0214    0.0150   -0.0070   -0.0037
            Y     0.0402    0.0343    0.0231    0.0373   -0.0252   -0.0542
            Z    -0.0548   -0.0177   -0.0215   -0.0136   -0.0006    0.0483

 FREQ(CM**-1)    749.64    757.13    759.43    761.17    887.27    887.35

 AT.   1 CA X     0.0002   -0.0020    0.0002   -0.0031    0.0002   -0.0011
            Y    -0.0009   -0.0014   -0.0024    0.0034    0.0004    0.0006
            Z     0.0071    0.0002   -0.0096   -0.0015   -0.0000    0.0015
 AT.   2 MG X     0.0139    0.0007   -0.0228   -0.0039    0.0000    0.0031
            Y     0.0233    0.0004    0.0135    0.0021    0.0010    0.0000
            Z     0.0012   -0.0013   -0.0094    0.0144   -0.0001    0.0016
 AT.   3 C  X     0.0195   -0.0447    0.0187    0.0148   -0.0004    0.0022
            Y     0.0350   -0.0002   -0.0094   -0.0329    0.0008    0.0021
            Z     0.0016   -0.0013    0.0057    0.0005    0.1447    0.1778
 AT.   4 C  X    -0.0106   -0.0036   -0.0243   -0.0414   -0.0024   -0.0002
            Y    -0.0380    0.0392   -0.0069    0.0168   -0.0022    0.0007
            Z    -0.0028    0.0011   -0.0046   -0.0002    0.1779   -0.1446
 AT.   5 O  X    -0.0578    0.0016    0.0296    0.0554   -0.0057   -0.0034
            Y    -0.0612    0.0762   -0.0209   -0.0199   -0.0069   -0.0020
            Z    -0.0137    0.0131   -0.0037    0.0027   -0.0378   -0.0509
 AT.   6 O  X     0.0734   -0.0105    0.0023    0.0920    0.0030   -0.0058
            Y    -0.0203    0.0505    0.0666    0.0042    0.0016    0.0007
            Z    -0.0121   -0.0011   -0.0011   -0.0188   -0.0043    0.0238
 AT.   7 O  X    -0.0241   -0.0122   -0.0621    0.0436   -0.0016    0.0036
            Y     0.0694    0.0737    0.0079   -0.0046   -0.0053   -0.0048
            Z    -0.0116   -0.0099   -0.0091    0.0038    0.0451    0.0250
 AT.   8 O  X    -0.0168    0.0248    0.0622   -0.0300    0.0032   -0.0003
            Y    -0.0720   -0.0611    0.0253   -0.0408    0.0048    0.0009
            Z    -0.0123   -0.0096    0.0088   -0.0105    0.0224    0.0029
 AT.   9 O  X     0.0646    0.0485   -0.0296   -0.0732   -0.0049    0.0070
            Y     0.0230   -0.0428    0.0662   -0.0342   -0.0014   -0.0051
            Z    -0.0112   -0.0058    0.0058    0.0140    0.0243   -0.0447
 AT.  10 O  X    -0.0592    0.0378   -0.0253   -0.0275    0.0012    0.0024
            Y     0.0446   -0.0637   -0.0335   -0.0660    0.0062   -0.0054
            Z    -0.0119    0.0122    0.0023    0.0098   -0.0502    0.0383

 FREQ(CM**-1)   1170.07   1170.10   1550.71   1561.65   1607.14   1646.56

 AT.   1 CA X     0.0000   -0.0008   -0.0005    0.0026    0.0001   -0.0037
            Y    -0.0040   -0.0000   -0.0005    0.0041   -0.0001    0.0025
            Z    -0.0003   -0.0000    0.0031    0.0017    0.0002   -0.0001
 AT.   2 MG X     0.0098   -0.0013   -0.0019   -0.0019    0.0031   -0.0015
            Y     0.0066    0.0019   -0.0050   -0.0036   -0.0012    0.0011
            Z     0.0003    0.0000    0.0018   -0.0060    0.0001    0.0012
 AT.   3 C  X    -0.0031   -0.0029   -0.0277   -0.1051    0.1172    0.1275
            Y     0.0025    0.0027    0.0790    0.1013    0.0366   -0.0075
            Z     0.0004   -0.0001   -0.0026   -0.0008    0.0021    0.0015
 AT.   4 C  X     0.0020   -0.0010    0.0467    0.0124    0.1117   -0.1192
            Y    -0.0012    0.0001    0.1382   -0.0823    0.0650   -0.0206
            Z    -0.0007   -0.0007   -0.0047    0.0015    0.0030   -0.0020
 AT.   5 O  X     0.0418   -0.0098    0.0231    0.0488   -0.0312   -0.0374
            Y    -0.0313    0.0063   -0.0195   -0.0399    0.0121    0.0254
            Z    -0.0004    0.0005   -0.0015    0.0009   -0.0030    0.0010
 AT.   6 O  X     0.0074   -0.0106    0.0114   -0.0064    0.0032    0.0119
            Y     0.0516   -0.0791    0.0620    0.0096   -0.0368    0.0425
            Z    -0.0002    0.0025   -0.0038    0.0000   -0.0014   -0.0014
 AT.   7 O  X     0.0936   -0.0877   -0.0452    0.0185    0.0344    0.0174
            Y     0.0390   -0.0363   -0.0200    0.0083    0.0231   -0.0032
            Z     0.0030   -0.0012    0.0002   -0.0024    0.0015    0.0007
 AT.   8 O  X     0.0125    0.0393    0.0124    0.0541    0.0371    0.0151
            Y    -0.0090   -0.0292    0.0010   -0.0427   -0.0257   -0.0213
            Z     0.0001   -0.0015   -0.0023    0.0007    0.0015   -0.0028
 AT.   9 O  X     0.0113    0.0071   -0.0018   -0.0071    0.0058   -0.0021
            Y     0.0807    0.0498    0.0151   -0.0021    0.0572    0.0325
            Z    -0.0009   -0.0020   -0.0004   -0.0005    0.0025   -0.0008
 AT.  10 O  X     0.0860    0.0945   -0.0382    0.0067   -0.0488    0.0513
            Y     0.0364    0.0391   -0.0229    0.0058   -0.0233    0.0154
            Z     0.0026    0.0011    0.0024   -0.0023   -0.0009    0.0038

 MODES IN ANTI-PHASE

 FREQ(CM**-1)     86.38    125.89    154.12    163.84    166.65    201.71

 AT.   1 CA X    -0.0469    0.0126   -0.0029   -0.0062    0.0616   -0.0252
            Y    -0.0115   -0.0123   -0.0155   -0.0067    0.0253    0.0430
            Z    -0.0072    0.0019   -0.0034    0.0164    0.0440    0.0485
 AT.   2 MG X    -0.0026   -0.0072   -0.0064   -0.0019   -0.0123    0.0136
            Y    -0.0164    0.0044   -0.0052   -0.0024    0.0321    0.0152
            Z    -0.0452    0.0025    0.0054   -0.0038    0.0051    0.0564
 AT.   3 C  X    -0.0041   -0.0048    0.0146   -0.0016    0.0347   -0.0170
            Y    -0.0070    0.0166    0.0322   -0.0370    0.0152    0.0122
            Z     0.0198   -0.0090   -0.0211    0.0103    0.0590   -0.0057
 AT.   4 C  X    -0.0013    0.0009    0.0252    0.0145   -0.0295    0.0258
            Y     0.0061    0.0289   -0.0156   -0.0318   -0.0099   -0.0323
            Z    -0.0098   -0.0170   -0.0246   -0.0082   -0.0507   -0.0307
 AT.   5 O  X    -0.0305    0.0294    0.0002    0.0022    0.0241   -0.0162
            Y    -0.0425    0.0593    0.0118   -0.0311    0.0000    0.0174
            Z    -0.0063   -0.0534   -0.0275    0.0362    0.0461    0.0334
 AT.   6 O  X    -0.0292    0.0009   -0.0263    0.0202   -0.0234    0.0027
            Y     0.0044    0.0118   -0.0265    0.0123   -0.0097    0.0189
            Z    -0.0105   -0.0227    0.0105    0.0247   -0.0256    0.0377
 AT.   7 O  X     0.0295   -0.0266   -0.0304   -0.0233   -0.0065    0.0307
            Y    -0.0207    0.0217    0.0127    0.0263   -0.0211   -0.0515
            Z     0.0089    0.0254    0.0238    0.0468   -0.0179   -0.0796
 AT.   8 O  X     0.0210   -0.0162   -0.0191    0.0052    0.0210   -0.0114
            Y     0.0100   -0.0338   -0.0180    0.0257    0.0015    0.0162
            Z    -0.0947    0.0450    0.0343   -0.0337    0.0461    0.0280
 AT.   9 O  X     0.0255    0.0247    0.0337   -0.0214    0.0098    0.0001
            Y    -0.0112   -0.0249    0.0303   -0.0003   -0.0048    0.0227
            Z     0.0571    0.0256   -0.0231   -0.0108    0.0169    0.0310
 AT.  10 O  X     0.0131    0.0264    0.0343    0.0167   -0.0150    0.0307
            Y    -0.0308   -0.0311   -0.0399   -0.0339   -0.0368   -0.0498
            Z    -0.0313   -0.0156   -0.0349   -0.0225   -0.0409   -0.0743

 FREQ(CM**-1)    229.31    262.30    267.22    291.62    334.08    339.55

 AT.   1 CA X    -0.0002    0.0187    0.0002   -0.0053    0.0012   -0.0100
            Y    -0.0061   -0.0115    0.0015   -0.0027    0.0008    0.0165
            Z     0.0365   -0.0163   -0.0051    0.0128    0.0003   -0.0115
 AT.   2 MG X    -0.0322   -0.0255   -0.0018    0.0027   -0.0011   -0.0273
            Y     0.0129    0.0087   -0.0060   -0.0252   -0.0022    0.0056
            Z    -0.0252   -0.0229    0.0033    0.0379   -0.0007    0.0086
 AT.   3 C  X    -0.0127    0.0358    0.0040    0.0020    0.0188    0.0206
            Y     0.0258   -0.0361   -0.0306    0.0202    0.0172    0.0121
            Z    -0.0150    0.0209   -0.0076   -0.0055   -0.0072    0.0219
 AT.   4 C  X     0.0151    0.0442    0.0399   -0.0028   -0.0103    0.0182
            Y    -0.0254   -0.0200   -0.0116    0.0243    0.0381    0.0240
            Z     0.0163    0.0148   -0.0174   -0.0030    0.0066    0.0115
 AT.   5 O  X    -0.0060    0.0417    0.0008   -0.0035    0.0117    0.0237
            Y     0.0352   -0.0247   -0.0326    0.0120    0.0057    0.0245
            Z    -0.0239    0.0450    0.0041   -0.0284    0.0145    0.0478
 AT.   6 O  X    -0.0581   -0.0074    0.0390    0.0282   -0.0095    0.0383
            Y    -0.0175   -0.0123    0.0279   -0.0325    0.0152    0.0120
            Z    -0.0301   -0.0246    0.0078   -0.0580    0.0776    0.0004
 AT.   7 O  X     0.0402    0.0087   -0.0492   -0.0064   -0.0055   -0.0185
            Y     0.0265    0.0480    0.0155   -0.0260   -0.0153   -0.0192
            Z     0.0320    0.0148    0.0557    0.0527    0.0738    0.0072
 AT.   8 O  X     0.0262   -0.0486    0.0113   -0.0031   -0.0109   -0.0263
            Y     0.0115   -0.0468    0.0357   -0.0627   -0.0076   -0.0152
            Z    -0.0313    0.0313   -0.0151    0.0776   -0.0155   -0.0337
 AT.   9 O  X    -0.0889   -0.0058   -0.0439   -0.0641    0.0109   -0.0284
            Y     0.0061    0.0490   -0.0229    0.0086   -0.0136   -0.0230
            Z    -0.0716   -0.0249   -0.0180    0.0117   -0.0756    0.0225
 AT.  10 O  X     0.0127    0.0552    0.0429   -0.0110    0.0046    0.0272
            Y    -0.0128   -0.0554   -0.0195    0.0517    0.0149    0.0101
            Z    -0.0154   -0.0275   -0.0639   -0.0100   -0.0744    0.0245

 FREQ(CM**-1)    372.00    384.14    406.46    450.30    469.17    473.11

 AT.   1 CA X    -0.0473   -0.0432    0.0384    0.0036    0.0011    0.0001
            Y    -0.0007    0.0226    0.0419   -0.0103    0.0003   -0.0001
            Z    -0.0090    0.0540    0.0152   -0.0016   -0.0001    0.0002
 AT.   2 MG X    -0.0490    0.0003   -0.0010    0.0048   -0.0003   -0.0009
            Y     0.0381   -0.0106   -0.0345   -0.0029    0.0098   -0.0001
            Z     0.0381    0.0271    0.0315    0.0351    0.0010    0.0000
 AT.   3 C  X     0.0028   -0.0013   -0.0438    0.0274   -0.0181   -0.0004
            Y    -0.0027   -0.0184    0.0147   -0.0048   -0.0062   -0.0229
            Z     0.0405    0.0110   -0.0190   -0.0028    0.0051    0.0419
 AT.   4 C  X    -0.0102   -0.0112    0.0446    0.0209   -0.0089    0.0166
            Y    -0.0093    0.0319   -0.0136   -0.0141   -0.0220   -0.0082
            Z    -0.0350    0.0267    0.0186   -0.0009   -0.0335    0.0284
 AT.   5 O  X     0.0265    0.0177   -0.0569    0.0400   -0.0207    0.0346
            Y     0.0227    0.0096   -0.0012   -0.0048   -0.0090    0.0099
            Z     0.0532   -0.0392   -0.0313    0.0168   -0.0028   -0.0026
 AT.   6 O  X     0.0202    0.0522    0.0182   -0.0128    0.0516    0.0163
            Y     0.0335   -0.0207    0.0132   -0.0198   -0.0286    0.0163
            Z    -0.0435   -0.0665   -0.0669    0.0377   -0.0383   -0.0296
 AT.   7 O  X    -0.0384    0.0027    0.0033   -0.0072    0.0133   -0.0206
            Y     0.0041    0.0057   -0.0279    0.0185    0.0011    0.0154
            Z     0.0372   -0.0410    0.0477   -0.0476    0.0027   -0.0462
 AT.   8 O  X     0.0088    0.0187   -0.0349   -0.0314    0.0192   -0.0350
            Y     0.0040    0.0191   -0.0069    0.0008    0.0041   -0.0101
            Z    -0.0017   -0.0305   -0.0545   -0.0319   -0.0059    0.0022
 AT.   9 O  X     0.0044    0.0529    0.0061   -0.0028   -0.0531   -0.0165
            Y     0.0367   -0.0256    0.0289    0.0267    0.0317   -0.0164
            Z    -0.0317   -0.0669   -0.0115   -0.0094    0.0374    0.0298
 AT.  10 O  X    -0.0364    0.0023    0.0480    0.0166   -0.0143    0.0206
            Y     0.0397    0.0110   -0.0159   -0.0003   -0.0045   -0.0147
            Z     0.0022   -0.0442    0.0618    0.0469   -0.0028    0.0455

 FREQ(CM**-1)    749.64    757.13    759.43    761.17    887.27    887.35

 AT.   1 CA X     0.0001   -0.0080    0.0001   -0.0061   -0.0009   -0.0013
            Y    -0.0004   -0.0058   -0.0008    0.0068   -0.0016    0.0007
            Z     0.0029    0.0009   -0.0032   -0.0029    0.0002    0.0016
 AT.   2 MG X     0.0057    0.0028   -0.0076   -0.0076   -0.0000    0.0034
            Y     0.0096    0.0017    0.0045    0.0042   -0.0044    0.0000
            Z     0.0005   -0.0052   -0.0032    0.0283    0.0004    0.0018
 AT.   3 C  X     0.0307    0.0019   -0.0183    0.0388    0.0036   -0.0028
            Y    -0.0160   -0.0393   -0.0397   -0.0038    0.0049   -0.0041
            Z    -0.0044   -0.0011    0.0016    0.0000   -0.1035    0.0002
 AT.   4 C  X     0.0348    0.0446   -0.0096    0.0022   -0.0027   -0.0035
            Y    -0.0061    0.0017   -0.0402    0.0285   -0.0044   -0.0046
            Z    -0.0039    0.0013    0.0037   -0.0004   -0.0002   -0.1035
 AT.   5 O  X     0.0346    0.0564    0.0641    0.0033    0.0048   -0.0007
            Y    -0.0405    0.0136    0.0697   -0.0650    0.0036    0.0007
            Z    -0.0037    0.0044    0.0194   -0.0110    0.0292   -0.0021
 AT.   6 O  X     0.0177    0.0842   -0.0523   -0.0236    0.0052    0.0065
            Y     0.0532    0.0040    0.0216   -0.0393   -0.0001   -0.0051
            Z    -0.0037   -0.0145    0.0111    0.0036   -0.0496   -0.0425
 AT.   7 O  X    -0.0599    0.0578    0.0403   -0.0022    0.0006    0.0028
            Y    -0.0068    0.0032   -0.0660   -0.0851   -0.0034   -0.0059
            Z    -0.0052    0.0075    0.0158    0.0149    0.0219    0.0410
 AT.   8 O  X    -0.0652    0.0507   -0.0333    0.0467    0.0068   -0.0035
            Y    -0.0142    0.0476   -0.0682   -0.0544    0.0061   -0.0019
            Z    -0.0070    0.0100   -0.0177   -0.0043    0.0422   -0.0509
 AT.   9 O  X     0.0390    0.0697    0.0432    0.0604    0.0035   -0.0051
            Y    -0.0521    0.0271    0.0229   -0.0197   -0.0008    0.0002
            Z    -0.0059   -0.0133   -0.0095   -0.0131   -0.0435    0.0195
 AT.  10 O  X     0.0257    0.0455   -0.0696    0.0339    0.0013    0.0039
            Y     0.0536    0.0371    0.0575   -0.0539   -0.0009   -0.0054
            Z    -0.0044    0.0020   -0.0181    0.0119    0.0014    0.0289

 FREQ(CM**-1)   1170.07   1170.10   1550.71   1561.65   1607.14   1646.56

 AT.   1 CA X     0.0000   -0.0040    0.0004    0.0004   -0.0003   -0.0028
            Y    -0.0008   -0.0000    0.0004    0.0006    0.0001    0.0019
            Z    -0.0001   -0.0000   -0.0024    0.0002   -0.0004   -0.0001
 AT.   2 MG X     0.0019   -0.0066    0.0015   -0.0003   -0.0073   -0.0011
            Y     0.0013    0.0098    0.0039   -0.0005    0.0029    0.0009
            Z     0.0001    0.0000   -0.0014   -0.0008   -0.0002    0.0009
 AT.   3 C  X    -0.0008    0.0006    0.0964   -0.0909    0.0085   -0.0177
            Y     0.0013    0.0003    0.1174   -0.0136   -0.1222    0.1138
            Z    -0.0006    0.0007   -0.0041    0.0013   -0.0039    0.0021
 AT.   4 C  X    -0.0025    0.0028   -0.0888   -0.1384   -0.0365   -0.0484
            Y     0.0025   -0.0027   -0.0300    0.0606    0.1098    0.1122
            Z    -0.0002    0.0000    0.0012    0.0004    0.0032    0.0017
 AT.   5 O  X    -0.0694    0.0800   -0.0071    0.0260   -0.0214    0.0263
            Y     0.0531   -0.0618   -0.0058   -0.0159    0.0241   -0.0294
            Z     0.0014   -0.0026    0.0020   -0.0006    0.0008   -0.0031
 AT.   6 O  X     0.0116   -0.0070    0.0047   -0.0031   -0.0112   -0.0056
            Y     0.0871   -0.0621   -0.0003   -0.0411   -0.0439    0.0217
            Z    -0.0019    0.0008   -0.0006   -0.0017   -0.0021   -0.0004
 AT.   7 O  X    -0.0018    0.0352    0.0282   -0.0404    0.0346    0.0484
            Y     0.0006    0.0144    0.0187   -0.0081    0.0102    0.0169
            Z    -0.0007   -0.0001   -0.0024    0.0001   -0.0002    0.0038
 AT.   8 O  X     0.0801    0.0703   -0.0208   -0.0116    0.0077   -0.0432
            Y    -0.0610   -0.0549    0.0203    0.0043    0.0080    0.0325
            Z    -0.0015   -0.0022    0.0009    0.0009    0.0027    0.0018
 AT.   9 O  X    -0.0080   -0.0105   -0.0121    0.0012   -0.0101    0.0130
            Y    -0.0612   -0.0874   -0.0601    0.0422   -0.0040    0.0350
            Z     0.0017    0.0017    0.0039    0.0016   -0.0004   -0.0013
 AT.  10 O  X     0.0371   -0.0005    0.0372    0.0439   -0.0008    0.0036
            Y     0.0142   -0.0004    0.0150    0.0100   -0.0096   -0.0077
            Z     0.0018   -0.0006    0.0004   -0.0008   -0.0013   -0.0004


  DISPERSION K POINT NUMBER    23 COORD:  C(  2  1  1 )    WEIGHT:    1.

    MODES         EIGV          FREQUENCIES     IRREP
             (HARTREE**2)   (CM**-1)     (THZ)
    1-   1    0.8974E-07     65.7487    1.9711  (  1)
    2-   2    0.2880E-06    117.7896    3.5312  (  1)
    3-   3    0.3319E-06    126.4317    3.7903  (  1)
    4-   4    0.4527E-06    147.6625    4.4268  (  1)
    5-   5    0.6395E-06    175.5114    5.2617  (  1)
    6-   6    0.8538E-06    202.7919    6.0795  (  1)
    7-   7    0.9694E-06    216.0950    6.4784  (  1)
    8-   8    0.1191E-05    239.4977    7.1800  (  1)
    9-   9    0.1377E-05    257.5457    7.7210  (  1)
   10-  10    0.1800E-05    294.4905    8.8286  (  1)
   11-  11    0.2010E-05    311.1853    9.3291  (  1)
   12-  12    0.2675E-05    358.9930   10.7623  (  1)
   13-  13    0.2899E-05    373.7050   11.2034  (  1)
   14-  14    0.3314E-05    399.5234   11.9774  (  1)
   15-  15    0.3610E-05    417.0013   12.5014  (  1)
   16-  16    0.4347E-05    457.6190   13.7191  (  1)
   17-  17    0.4521E-05    466.6546   13.9900  (  1)
   18-  18    0.4778E-05    479.7188   14.3816  (  1)
   19-  19    0.1162E-04    748.3021   22.4335  (  1)
   20-  20    0.1190E-04    757.0570   22.6960  (  1)
   21-  21    0.1204E-04    761.5884   22.8318  (  1)
   22-  22    0.1229E-04    769.3922   23.0658  (  1)
   23-  23    0.1647E-04    890.6546   26.7012  (  1)
   24-  24    0.1647E-04    890.7430   26.7038  (  1)
   25-  25    0.2841E-04   1169.8726   35.0719  (  1)
   26-  26    0.2853E-04   1172.1915   35.1414  (  1)
   27-  27    0.4851E-04   1528.6857   45.8288  (  1)
   28-  28    0.5121E-04   1570.6081   47.0856  (  1)
   29-  29    0.5154E-04   1575.6615   47.2371  (  1)
   30-  30    0.5485E-04   1625.4513   48.7298  (  1)

 MODES IN PHASE

 FREQ(CM**-1)     65.75    117.79    126.43    147.66    175.51    202.79

 AT.   1 CA X     0.0787   -0.0068   -0.0204    0.0460    0.0434   -0.0090
            Y    -0.0498    0.0046   -0.0260    0.0622    0.0752   -0.0173
            Z    -0.0190   -0.0076    0.0872    0.0206    0.0110   -0.0016
 AT.   2 MG X    -0.0109    0.0129    0.0290    0.0143   -0.0031    0.0103
            Y     0.0191   -0.0135    0.0147    0.0054   -0.0042   -0.0084
            Z     0.0209    0.0379   -0.0173    0.0206   -0.0110    0.0159
 AT.   3 C  X    -0.0031   -0.0159    0.0302    0.0303    0.0215   -0.0100
            Y     0.0310   -0.0265    0.0238    0.0047   -0.0173   -0.0064
            Z     0.0111    0.0224   -0.0108    0.0510   -0.0210   -0.0390
 AT.   4 C  X     0.0094   -0.0250   -0.0333   -0.0041   -0.0266   -0.0204
            Y    -0.0528   -0.0208   -0.0407   -0.0018    0.0224   -0.0050
            Z    -0.0115    0.0250    0.0281   -0.0419    0.0318   -0.0066
 AT.   5 O  X     0.0084   -0.0391    0.0267    0.0251    0.0520    0.0107
            Y     0.0452   -0.0587    0.0190   -0.0011    0.0239    0.0170
            Z     0.0128    0.0738   -0.0013    0.0406   -0.0066   -0.0096
 AT.   6 O  X     0.0487   -0.0281   -0.0542   -0.0003    0.0218    0.0775
            Y    -0.0582    0.0191   -0.0361    0.0015    0.0120    0.0035
            Z    -0.0294   -0.0203    0.0343    0.0075    0.0373    0.0979
 AT.   7 O  X    -0.0076    0.0417   -0.0228    0.0258   -0.0421    0.0100
            Y    -0.0143   -0.0295   -0.0634   -0.0189    0.0625    0.0469
            Z     0.0014   -0.0246    0.0121   -0.0611    0.0212    0.0461
 AT.   8 O  X     0.0085    0.0227    0.0270    0.0374    0.0427    0.0000
            Y     0.0462    0.0456    0.0195    0.0021    0.0202   -0.0207
            Z     0.0125   -0.0708   -0.0026    0.0335    0.0053   -0.0188
 AT.   9 O  X     0.0486    0.0305   -0.0542   -0.0205    0.0251   -0.0487
            Y    -0.0581   -0.0276   -0.0359   -0.0008    0.0125    0.0002
            Z    -0.0296    0.0329    0.0342   -0.0177    0.0393   -0.0749
 AT.  10 O  X    -0.0076   -0.0421   -0.0222    0.0106   -0.0453   -0.0176
            Y    -0.0142    0.0235   -0.0635   -0.0250    0.0682   -0.0119
            Z     0.0015   -0.0017    0.0119   -0.0714    0.0283    0.0126

 FREQ(CM**-1)    216.09    239.50    257.55    294.49    311.19    358.99

 AT.   1 CA X     0.0248   -0.0005    0.0136   -0.0028   -0.0150    0.0188
            Y    -0.0246    0.0023   -0.0147    0.0049    0.0125   -0.0262
            Z     0.0381    0.0028   -0.0306   -0.0022   -0.0130   -0.0735
 AT.   2 MG X    -0.0003    0.0027   -0.0029    0.0363   -0.0479    0.0184
            Y    -0.0148    0.0201   -0.0501   -0.0640   -0.0119    0.0119
            Z     0.0107    0.0211   -0.0149    0.0058   -0.0538   -0.0157
 AT.   3 C  X     0.0015    0.0073    0.0290   -0.0429    0.0073    0.0455
            Y    -0.0466   -0.0287    0.0197   -0.0084   -0.0297    0.0072
            Z     0.0340   -0.0172    0.0142   -0.0305    0.0099   -0.0157
 AT.   4 C  X    -0.0134    0.0261   -0.0371   -0.0190    0.0115   -0.0016
            Y     0.0161   -0.0457    0.0015    0.0025   -0.0290    0.0077
            Z    -0.0004   -0.0225   -0.0107   -0.0159    0.0087    0.0124
 AT.   5 O  X    -0.0191    0.0184    0.0278   -0.0434   -0.0008    0.0228
            Y    -0.0749   -0.0092    0.0185   -0.0132   -0.0354   -0.0254
            Z     0.0865    0.0145   -0.0580   -0.0563   -0.0100    0.0515
 AT.   6 O  X    -0.0229   -0.0104   -0.0505   -0.0300    0.0053   -0.0289
            Y     0.0306    0.0485    0.0219   -0.0049    0.0214    0.0070
            Z    -0.0447   -0.0390   -0.0725   -0.0357    0.0210    0.0505
 AT.   7 O  X    -0.0048   -0.0378   -0.0248    0.0065   -0.0217   -0.0101
            Y     0.0115    0.0815    0.0045   -0.0211    0.0342   -0.0005
            Z     0.0379    0.0839   -0.0052    0.0486   -0.0625    0.0136
 AT.   8 O  X    -0.0139   -0.0236    0.0138    0.0437    0.0154    0.0191
            Y    -0.0714    0.0138    0.0342    0.0112    0.0371   -0.0303
            Z     0.0751   -0.0076   -0.0263    0.0654   -0.0064    0.0511
 AT.   9 O  X    -0.0179    0.0131   -0.0529    0.0115   -0.0141   -0.0145
            Y     0.0171   -0.0473    0.0015    0.0007   -0.0313    0.0095
            Z    -0.0475    0.0438   -0.0770    0.0182   -0.0364    0.0306
 AT.  10 O  X    -0.0085    0.0376   -0.0273   -0.0248    0.0147    0.0009
            Y     0.0055   -0.0782   -0.0155    0.0225   -0.0375    0.0085
            Z     0.0453   -0.0799   -0.0216   -0.0365    0.0747    0.0108

 FREQ(CM**-1)    373.71    399.52    417.00    457.62    466.65    479.72

 AT.   1 CA X     0.0229    0.0669   -0.0078    0.0032    0.0007    0.0009
            Y    -0.0513    0.0154   -0.0049   -0.0018   -0.0099    0.0087
            Z    -0.0230    0.0152    0.0068   -0.0084    0.0097   -0.0038
 AT.   2 MG X     0.0088    0.0011    0.0253    0.0116    0.0842    0.1286
            Y     0.0093   -0.0003    0.0364   -0.0658    0.0963   -0.0736
            Z    -0.0064   -0.0014   -0.0039    0.1299    0.0490   -0.0580
 AT.   3 C  X    -0.0098   -0.0054    0.0006    0.0243   -0.0153   -0.0086
            Y    -0.0193   -0.0268    0.0023   -0.0004   -0.0342    0.0172
            Z     0.0456   -0.0414   -0.0563   -0.0181    0.0143    0.0349
 AT.   4 C  X    -0.0447   -0.0152    0.0256    0.0018    0.0115    0.0181
            Y     0.0115   -0.0124   -0.0053   -0.0153    0.0031   -0.0184
            Z    -0.0101   -0.0102   -0.0396    0.0305    0.0152   -0.0230
 AT.   5 O  X     0.0156   -0.0245   -0.0250    0.0274    0.0063    0.0038
            Y     0.0084   -0.0475   -0.0354   -0.0037   -0.0112    0.0270
            Z     0.0065   -0.1046   -0.0346    0.0099   -0.0496    0.0522
 AT.   6 O  X    -0.0066   -0.0318   -0.0353   -0.0129    0.0044    0.0123
            Y     0.0176    0.0167    0.0119    0.0140    0.0235   -0.0110
            Z     0.0447    0.0242    0.0524    0.0348   -0.0140   -0.0044
 AT.   7 O  X    -0.0381    0.0162   -0.0245   -0.0170   -0.0032   -0.0127
            Y     0.0293   -0.0248   -0.0109    0.0000    0.0356    0.0140
            Z    -0.0529   -0.0093   -0.0206   -0.0597   -0.0538   -0.0205
 AT.   8 O  X     0.0263   -0.0105    0.0398   -0.0461   -0.0228   -0.0360
            Y     0.0005   -0.0359    0.0352   -0.0039    0.0013   -0.0136
            Z     0.0183   -0.0624    0.0341   -0.0010    0.0258   -0.0119
 AT.   9 O  X    -0.0224   -0.0027    0.0484   -0.0135   -0.0034    0.0303
            Y     0.0142   -0.0147   -0.0116   -0.0132    0.0091   -0.0264
            Z     0.0571    0.0008   -0.0528    0.0184   -0.0151   -0.0335
 AT.  10 O  X    -0.0422   -0.0154    0.0126    0.0026    0.0117    0.0112
            Y     0.0168   -0.0011    0.0228   -0.0324    0.0091    0.0026
            Z    -0.0369    0.0208   -0.0030    0.0453    0.0171    0.0320

 FREQ(CM**-1)    748.30    757.06    761.59    769.39    890.65    890.74

 AT.   1 CA X    -0.0000   -0.0038   -0.0044    0.0028   -0.0022   -0.0005
            Y     0.0000    0.0106   -0.0026   -0.0004    0.0019   -0.0002
            Z    -0.0000    0.0003   -0.0090    0.0016   -0.0011    0.0026
 AT.   2 MG X     0.0026    0.0031    0.0057   -0.0227    0.0002    0.0010
            Y     0.0019    0.0130    0.0135    0.0030    0.0024    0.0018
            Z    -0.0017    0.0015   -0.0116   -0.0223    0.0098   -0.0012
 AT.   3 C  X     0.0225    0.0310   -0.0083   -0.0170   -0.0038    0.0034
            Y    -0.0115    0.0128   -0.0543   -0.0177   -0.0017    0.0017
            Z     0.0018   -0.0016   -0.0001    0.0122    0.1765    0.1768
 AT.   4 C  X     0.0475   -0.0510    0.0082   -0.0107    0.0036    0.0035
            Y    -0.0227    0.0084    0.0545   -0.0323    0.0018    0.0017
            Z     0.0047    0.0073    0.0001   -0.0111   -0.1764    0.1769
 AT.   5 O  X     0.0280   -0.0166    0.0899    0.0270   -0.0044   -0.0059
            Y    -0.0308   -0.0589    0.0403    0.0463   -0.0062   -0.0054
            Z    -0.0004   -0.0124    0.0122    0.0085   -0.0504   -0.0487
 AT.   6 O  X     0.1100    0.1046    0.0226   -0.0288    0.0021   -0.0072
            Y     0.0081   -0.0132    0.0500    0.0739   -0.0013    0.0023
            Z    -0.0194   -0.0203   -0.0045    0.0053    0.0249    0.0255
 AT.   7 O  X    -0.0217   -0.0421    0.0437    0.0849   -0.0054    0.0032
            Y    -0.0930   -0.0666   -0.0548   -0.0402   -0.0054   -0.0019
            Z     0.0119    0.0038    0.0094    0.0162    0.0226    0.0254
 AT.   8 O  X    -0.0276   -0.0149    0.0315   -0.0700   -0.0006    0.0028
            Y     0.0300   -0.0627    0.0196   -0.0813    0.0036    0.0068
            Z     0.0003   -0.0130    0.0056   -0.0195   -0.0229    0.0231
 AT.   9 O  X    -0.1100    0.1047    0.0262    0.0054   -0.0050    0.0074
            Y    -0.0081   -0.0116    0.0739   -0.0452    0.0027   -0.0019
            Z     0.0194   -0.0202   -0.0089    0.0031    0.0500   -0.0496
 AT.  10 O  X     0.0216   -0.0405    0.0691   -0.0468   -0.0005   -0.0020
            Y     0.0931   -0.0676   -0.0783    0.0356   -0.0105    0.0062
            Z    -0.0119    0.0042    0.0197   -0.0133    0.0486   -0.0515

 FREQ(CM**-1)   1169.87   1172.19   1528.69   1570.61   1575.66   1625.45

 AT.   1 CA X    -0.0011   -0.0028    0.0000    0.0025    0.0002   -0.0030
            Y    -0.0004   -0.0011    0.0000   -0.0024    0.0018    0.0003
            Z    -0.0002    0.0034    0.0000    0.0021    0.0015   -0.0026
 AT.   2 MG X     0.0023   -0.0098    0.0007   -0.0009   -0.0034   -0.0007
            Y    -0.0007    0.0029   -0.0004    0.0009   -0.0072    0.0000
            Z     0.0075    0.0050    0.0012   -0.0022   -0.0011   -0.0003
 AT.   3 C  X    -0.0003   -0.0011    0.0207   -0.0034   -0.0810    0.1697
            Y     0.0004   -0.0037    0.0928   -0.0501    0.1525    0.0227
            Z     0.0007    0.0010   -0.0001   -0.0037   -0.0034   -0.0037
 AT.   4 C  X    -0.0003   -0.0002   -0.0114    0.1494    0.0436    0.0197
            Y    -0.0011    0.0041    0.1701    0.0741   -0.0704   -0.0146
            Z    -0.0013   -0.0008    0.0011    0.0041    0.0008   -0.0023
 AT.   5 O  X     0.0110    0.0394    0.0104   -0.0089    0.0528   -0.0454
            Y    -0.0086   -0.0314   -0.0123    0.0080   -0.0451    0.0274
            Z    -0.0006   -0.0020   -0.0015    0.0005    0.0006    0.0038
 AT.   6 O  X     0.0098   -0.0133    0.0072   -0.0146    0.0007    0.0086
            Y     0.0795   -0.1023    0.0729   -0.0404    0.0361    0.0168
            Z    -0.0021    0.0014    0.0005   -0.0026   -0.0032   -0.0011
 AT.   7 O  X    -0.0747    0.0937    0.0185   -0.0626   -0.0015    0.0417
            Y    -0.0307    0.0386    0.0157   -0.0263    0.0074    0.0133
            Z    -0.0020    0.0019    0.0000   -0.0036   -0.0007    0.0015
 AT.   8 O  X     0.0399   -0.0102   -0.0076    0.0044   -0.0274   -0.0324
            Y    -0.0317    0.0084    0.0096    0.0022    0.0224    0.0198
            Z    -0.0003   -0.0001    0.0015    0.0020   -0.0005    0.0026
 AT.   9 O  X    -0.0132   -0.0099   -0.0074   -0.0151    0.0024   -0.0022
            Y    -0.1007   -0.0816   -0.0731   -0.0369    0.0260    0.0056
            Z     0.0028    0.0013   -0.0004   -0.0019   -0.0000    0.0016
 AT.  10 O  X     0.0936    0.0734   -0.0195   -0.0677   -0.0087   -0.0023
            Y     0.0398    0.0298   -0.0161   -0.0280    0.0015   -0.0015
            Z     0.0021    0.0014   -0.0001   -0.0027   -0.0019    0.0023

 MODES IN ANTI-PHASE

 FREQ(CM**-1)     65.75    117.79    126.43    147.66    175.51    202.79

 AT.   1 CA X     0.0006   -0.0337   -0.0004   -0.0094   -0.0046    0.0197
            Y    -0.0003    0.0232   -0.0005   -0.0127   -0.0080    0.0378
            Z    -0.0001   -0.0382    0.0015   -0.0042   -0.0012    0.0035
 AT.   2 MG X    -0.0191   -0.0114    0.0524    0.0161   -0.0043   -0.0010
            Y     0.0336    0.0118    0.0266    0.0062   -0.0057    0.0008
            Z     0.0368   -0.0333   -0.0312    0.0232   -0.0151   -0.0015
 AT.   3 C  X    -0.0090   -0.0204    0.0216   -0.0335    0.0165   -0.0251
            Y     0.0431    0.0004    0.0335   -0.0033   -0.0145   -0.0075
            Z     0.0070    0.0119   -0.0261    0.0018   -0.0239   -0.0206
 AT.   4 C  X    -0.0017    0.0065   -0.0165   -0.0450   -0.0049   -0.0177
            Y    -0.0061   -0.0163   -0.0053   -0.0055    0.0031   -0.0085
            Z    -0.0063    0.0041   -0.0027   -0.0292   -0.0005   -0.0436
 AT.   5 O  X     0.0111   -0.0349    0.0096   -0.0367    0.0383   -0.0092
            Y     0.0695   -0.0222    0.0158   -0.0079    0.0152    0.0127
            Z    -0.0193   -0.0070   -0.0360    0.0099   -0.0557    0.0331
 AT.   6 O  X    -0.0053    0.0118    0.0001    0.0517   -0.0177   -0.0026
            Y     0.0055   -0.0259    0.0059    0.0055   -0.0034   -0.0033
            Z    -0.0141    0.0368   -0.0010    0.0630   -0.0135    0.0144
 AT.   7 O  X    -0.0005   -0.0093    0.0173    0.0336    0.0196    0.0146
            Y     0.0063   -0.0095   -0.0027    0.0194   -0.0336   -0.0247
            Z     0.0063   -0.0633   -0.0041    0.0387   -0.0362   -0.0564
 AT.   8 O  X    -0.0109   -0.0472   -0.0087    0.0239   -0.0484   -0.0141
            Y    -0.0689   -0.0431   -0.0151    0.0077   -0.0199   -0.0046
            Z     0.0195    0.0220    0.0359   -0.0250    0.0559    0.0289
 AT.   9 O  X     0.0060    0.0001   -0.0020   -0.0475    0.0127   -0.0604
            Y    -0.0063   -0.0166   -0.0071   -0.0056    0.0008   -0.0048
            Z     0.0137    0.0261    0.0022   -0.0609    0.0054   -0.0647
 AT.  10 O  X     0.0004    0.0075   -0.0181   -0.0410   -0.0103    0.0020
            Y    -0.0065   -0.0201    0.0005   -0.0104    0.0197   -0.0517
            Z    -0.0063   -0.0679    0.0045   -0.0117    0.0309   -0.0717

 FREQ(CM**-1)    216.09    239.50    257.55    294.49    311.19    358.99

 AT.   1 CA X     0.0036    0.0061   -0.0036   -0.0162   -0.0501    0.0027
            Y    -0.0036   -0.0281    0.0039    0.0278    0.0420   -0.0037
            Z     0.0056   -0.0344    0.0081   -0.0126   -0.0433   -0.0104
 AT.   2 MG X    -0.0008   -0.0013   -0.0029   -0.0304    0.0508    0.0456
            Y    -0.0371   -0.0095   -0.0504    0.0536    0.0126    0.0295
            Z     0.0270   -0.0100   -0.0150   -0.0048    0.0569   -0.0391
 AT.   3 C  X     0.0134    0.0252    0.0239    0.0214    0.0111   -0.0095
            Y    -0.0054   -0.0380   -0.0367    0.0139   -0.0056   -0.0097
            Z    -0.0077   -0.0175   -0.0032    0.0114   -0.0002   -0.0089
 AT.   4 C  X     0.0016   -0.0021    0.0060   -0.0440   -0.0066   -0.0464
            Y     0.0441   -0.0135   -0.0416   -0.0161   -0.0083   -0.0093
            Z    -0.0349   -0.0100   -0.0100   -0.0284    0.0046    0.0132
 AT.   5 O  X     0.0157    0.0333    0.0209    0.0084    0.0268   -0.0099
            Y     0.0012   -0.0294   -0.0367   -0.0036    0.0138   -0.0213
            Z    -0.0272   -0.0412   -0.0486    0.0365   -0.0269    0.0057
 AT.   6 O  X     0.0144   -0.0172    0.0182   -0.0491   -0.0176    0.0476
            Y    -0.0426   -0.0039    0.0353   -0.0112   -0.0245    0.0100
            Z    -0.0163   -0.0326    0.0282   -0.0452   -0.0343   -0.0642
 AT.   7 O  X    -0.0137   -0.0019    0.0116   -0.0548   -0.0062    0.0381
            Y    -0.0192   -0.0136    0.0394    0.0076   -0.0163    0.0325
            Z     0.0313   -0.0177    0.0345    0.0269    0.0410   -0.0078
 AT.   8 O  X    -0.0205    0.0299   -0.0319   -0.0068    0.0220    0.0159
            Y    -0.0225   -0.0275    0.0228   -0.0078   -0.0079    0.0134
            Z     0.0508   -0.0430    0.0709    0.0152   -0.0280    0.0089
 AT.   9 O  X    -0.0203   -0.0153    0.0091   -0.0564   -0.0118   -0.0538
            Y     0.0496   -0.0117   -0.0415   -0.0122   -0.0088   -0.0076
            Z     0.0028   -0.0258    0.0113   -0.0546   -0.0171    0.0757
 AT.  10 O  X     0.0118    0.0043    0.0022   -0.0493   -0.0171   -0.0394
            Y     0.0217   -0.0267   -0.0365   -0.0000    0.0051   -0.0314
            Z    -0.0192   -0.0311   -0.0274    0.0418   -0.0001    0.0113

 FREQ(CM**-1)    373.71    399.52    417.00    457.62    466.65    479.72

 AT.   1 CA X     0.0034    0.0337   -0.0450   -0.0067   -0.0017   -0.0011
            Y    -0.0075    0.0078   -0.0279    0.0037    0.0229   -0.0107
            Z    -0.0034    0.0076    0.0389    0.0175   -0.0225    0.0046
 AT.   2 MG X     0.0223    0.0199   -0.0212   -0.0009   -0.0099    0.0205
            Y     0.0234   -0.0057   -0.0304    0.0049   -0.0114   -0.0117
            Z    -0.0162   -0.0238    0.0033   -0.0097   -0.0058   -0.0092
 AT.   3 C  X     0.0482    0.0142    0.0390    0.0115    0.0074    0.0175
            Y    -0.0072    0.0019   -0.0110   -0.0166   -0.0069   -0.0084
            Z    -0.0004   -0.0068    0.0052    0.0257    0.0201    0.0045
 AT.   4 C  X     0.0206   -0.0007   -0.0294    0.0268   -0.0125    0.0073
            Y     0.0171    0.0239    0.0099   -0.0065   -0.0347    0.0053
            Z    -0.0444    0.0407   -0.0403   -0.0075    0.0194    0.0267
 AT.   5 O  X     0.0393    0.0052    0.0481    0.0370    0.0255    0.0360
            Y    -0.0261   -0.0094    0.0055    0.0080    0.0089    0.0082
            Z     0.0421   -0.0002    0.0044   -0.0067    0.0115    0.0012
 AT.   6 O  X    -0.0561    0.0202    0.0449    0.0275    0.0006   -0.0335
            Y    -0.0093   -0.0306   -0.0014    0.0056   -0.0348    0.0293
            Z     0.0497   -0.0169   -0.0101   -0.0513    0.0340    0.0352
 AT.   7 O  X    -0.0198   -0.0312   -0.0310    0.0102   -0.0130   -0.0088
            Y    -0.0391    0.0171    0.0371    0.0415   -0.0464   -0.0056
            Z     0.0478    0.0328   -0.0662   -0.0103    0.0275   -0.0284
 AT.   8 O  X    -0.0331   -0.0228    0.0368    0.0016    0.0130    0.0037
            Y     0.0274   -0.0326   -0.0068    0.0079    0.0142   -0.0247
            Z    -0.0385   -0.0839   -0.0076   -0.0119    0.0439   -0.0508
 AT.   9 O  X     0.0519   -0.0376    0.0303    0.0273   -0.0028   -0.0189
            Y     0.0140    0.0316    0.0027   -0.0075   -0.0410    0.0168
            Z    -0.0348    0.0295    0.0083   -0.0592    0.0336    0.0116
 AT.  10 O  X     0.0080    0.0316   -0.0374    0.0197   -0.0066    0.0106
            Y     0.0458   -0.0301    0.0313    0.0259   -0.0577   -0.0148
            Z    -0.0610   -0.0270   -0.0692    0.0402    0.0580    0.0142

 FREQ(CM**-1)    748.30    757.06    761.59    769.39    890.65    890.74

 AT.   1 CA X    -0.0041   -0.0001    0.0025   -0.0052    0.0013   -0.0008
            Y     0.0004    0.0003    0.0015    0.0008   -0.0011   -0.0004
            Z    -0.0015    0.0000    0.0051   -0.0031    0.0006    0.0046
 AT.   2 MG X    -0.0015    0.0057    0.0034    0.0008    0.0001   -0.0017
            Y    -0.0011    0.0241    0.0080   -0.0001    0.0014   -0.0030
            Z     0.0010    0.0027   -0.0068    0.0008    0.0055    0.0021
 AT.   3 C  X     0.0419    0.0415    0.0068   -0.0203   -0.0053    0.0055
            Y    -0.0196   -0.0158   -0.0099   -0.0446    0.0037   -0.0022
            Z     0.0044   -0.0073    0.0015   -0.0063   -0.0003    0.0036
 AT.   4 C  X    -0.0020   -0.0093    0.0070   -0.0242   -0.0053   -0.0054
            Y     0.0002   -0.0185   -0.0088   -0.0355    0.0036    0.0023
            Z    -0.0007   -0.0019    0.0015    0.0082    0.0036    0.0003
 AT.   5 O  X     0.0327    0.0262    0.0176    0.0662   -0.0018   -0.0003
            Y    -0.0656   -0.0634    0.0014    0.0669   -0.0074    0.0046
            Z    -0.0067   -0.0101    0.0008    0.0178   -0.0016   -0.0025
 AT.   6 O  X     0.0022    0.0043   -0.0169    0.0128    0.0069    0.0042
            Y    -0.0063    0.0262   -0.0561    0.0047   -0.0037   -0.0008
            Z    -0.0022   -0.0001    0.0077   -0.0072   -0.0433   -0.0425
 AT.   7 O  X    -0.0092    0.0242   -0.0544   -0.0007   -0.0024   -0.0004
            Y     0.0060   -0.0188    0.0584   -0.0160    0.0091    0.0061
            Z    -0.0000    0.0054   -0.0174    0.0051   -0.0430   -0.0448
 AT.   8 O  X     0.0331   -0.0272   -0.0860    0.0145    0.0048   -0.0052
            Y    -0.0659    0.0597   -0.0352   -0.0011    0.0090   -0.0023
            Z    -0.0067    0.0094   -0.0108    0.0028    0.0449   -0.0429
 AT.   9 O  X     0.0035    0.0021   -0.0106    0.0311   -0.0051   -0.0040
            Y    -0.0062   -0.0270   -0.0138   -0.0587    0.0029    0.0015
            Z    -0.0025   -0.0011   -0.0002   -0.0084   -0.0010   -0.0003
 AT.  10 O  X    -0.0095   -0.0267   -0.0093   -0.0708    0.0058    0.0025
            Y     0.0048    0.0147    0.0167    0.0245    0.0003    0.0015
            Z     0.0001   -0.0052    0.0009   -0.0106    0.0009   -0.0015

 FREQ(CM**-1)   1169.87   1172.19   1528.69   1570.61   1575.66   1625.45

 AT.   1 CA X     0.0031    0.0010    0.0009    0.0005   -0.0003   -0.0011
            Y     0.0013    0.0004    0.0008   -0.0004   -0.0028    0.0001
            Z     0.0007   -0.0012    0.0011    0.0004   -0.0024   -0.0009
 AT.   2 MG X    -0.0005   -0.0086   -0.0004   -0.0027   -0.0001   -0.0036
            Y     0.0001    0.0025    0.0003    0.0024   -0.0003    0.0001
            Z    -0.0015    0.0043   -0.0007   -0.0064   -0.0000   -0.0014
 AT.   3 C  X    -0.0003    0.0030   -0.0282   -0.1507   -0.0030    0.0064
            Y    -0.0011   -0.0017    0.1427   -0.0673    0.0196    0.0183
            Z    -0.0012   -0.0003    0.0014   -0.0036   -0.0014    0.0018
 AT.   4 C  X    -0.0003    0.0032    0.0331   -0.0195   -0.0684   -0.1687
            Y     0.0002   -0.0001   -0.0049    0.0394    0.1367   -0.0252
            Z     0.0006   -0.0006   -0.0009    0.0031   -0.0036    0.0034
 AT.   5 O  X    -0.0796    0.0678    0.0337    0.0349    0.0053    0.0047
            Y     0.0631   -0.0545   -0.0316   -0.0145   -0.0034   -0.0024
            Z     0.0012   -0.0024   -0.0002    0.0043    0.0003   -0.0005
 AT.   6 O  X     0.0089   -0.0012   -0.0026   -0.0041   -0.0030   -0.0143
            Y     0.0619    0.0009   -0.0057    0.0021   -0.0460   -0.0120
            Z    -0.0019   -0.0004    0.0015    0.0015    0.0016    0.0040
 AT.   7 O  X    -0.0564    0.0013   -0.0131   -0.0259    0.0103   -0.0555
            Y    -0.0254    0.0013   -0.0055   -0.0095   -0.0052   -0.0189
            Z    -0.0009    0.0002   -0.0004    0.0019    0.0024    0.0017
 AT.   8 O  X    -0.0698   -0.0777    0.0345   -0.0357   -0.0454   -0.0321
            Y     0.0552    0.0623   -0.0325    0.0165    0.0393    0.0190
            Z     0.0013    0.0032   -0.0003   -0.0038   -0.0004    0.0027
 AT.   9 O  X     0.0010    0.0091   -0.0020   -0.0015   -0.0019    0.0165
            Y     0.0004    0.0618    0.0003   -0.0166   -0.0524    0.0199
            Z    -0.0002   -0.0005    0.0016   -0.0023    0.0036   -0.0038
 AT.  10 O  X     0.0010   -0.0582   -0.0116    0.0014    0.0057    0.0694
            Y    -0.0014   -0.0246   -0.0042   -0.0007   -0.0089    0.0230
            Z     0.0005   -0.0014   -0.0004   -0.0031    0.0017   -0.0004


  DISPERSION K POINT NUMBER    24 COORD:  C(  2  1  2 )    WEIGHT:    1.

    MODES         EIGV          FREQUENCIES     IRREP
             (HARTREE**2)   (CM**-1)     (THZ)
    1-   1    0.8974E-07     65.7487    1.9711  (  1)
    2-   2    0.2880E-06    117.7896    3.5312  (  1)
    3-   3    0.3319E-06    126.4317    3.7903  (  1)
    4-   4    0.4527E-06    147.6625    4.4268  (  1)
    5-   5    0.6395E-06    175.5114    5.2617  (  1)
    6-   6    0.8538E-06    202.7919    6.0795  (  1)
    7-   7    0.9694E-06    216.0950    6.4784  (  1)
    8-   8    0.1191E-05    239.4977    7.1800  (  1)
    9-   9    0.1377E-05    257.5457    7.7210  (  1)
   10-  10    0.1800E-05    294.4905    8.8286  (  1)
   11-  11    0.2010E-05    311.1853    9.3291  (  1)
   12-  12    0.2675E-05    358.9930   10.7623  (  1)
   13-  13    0.2899E-05    373.7050   11.2034  (  1)
   14-  14    0.3314E-05    399.5234   11.9774  (  1)
   15-  15    0.3610E-05    417.0013   12.5014  (  1)
   16-  16    0.4347E-05    457.6190   13.7191  (  1)
   17-  17    0.4521E-05    466.6546   13.9900  (  1)
   18-  18    0.4778E-05    479.7188   14.3816  (  1)
   19-  19    0.1162E-04    748.3021   22.4335  (  1)
   20-  20    0.1190E-04    757.0570   22.6960  (  1)
   21-  21    0.1204E-04    761.5884   22.8318  (  1)
   22-  22    0.1229E-04    769.3922   23.0658  (  1)
   23-  23    0.1647E-04    890.6546   26.7012  (  1)
   24-  24    0.1647E-04    890.7430   26.7038  (  1)
   25-  25    0.2841E-04   1169.8726   35.0719  (  1)
   26-  26    0.2853E-04   1172.1915   35.1414  (  1)
   27-  27    0.4851E-04   1528.6857   45.8288  (  1)
   28-  28    0.5121E-04   1570.6081   47.0856  (  1)
   29-  29    0.5154E-04   1575.6615   47.2371  (  1)
   30-  30    0.5485E-04   1625.4513   48.7298  (  1)

 MODES IN PHASE

 FREQ(CM**-1)     65.75    117.79    126.43    147.66    175.51    202.79

 AT.   1 CA X     0.0038   -0.0003    0.0304    0.0731    0.0867    0.0244
            Y     0.0930   -0.0033   -0.0043   -0.0083    0.0000    0.0011
            Z    -0.0190   -0.0031    0.0810   -0.0196   -0.0109   -0.0020
 AT.   2 MG X    -0.0118    0.0057   -0.0081    0.0027   -0.0052    0.0022
            Y    -0.0202    0.0196    0.0053   -0.0022    0.0006    0.0132
            Z     0.0222    0.0416   -0.0051   -0.0047    0.0111    0.0160
 AT.   3 C  X     0.0409   -0.0264    0.0528   -0.0082    0.0058   -0.0216
            Y     0.0344    0.0146   -0.0123    0.0088    0.0321    0.0177
            Z    -0.0114   -0.0229    0.0249    0.0463   -0.0311    0.0399
 AT.   4 C  X     0.0412    0.0290    0.0440    0.0118    0.0060    0.0125
            Y     0.0345   -0.0128   -0.0038   -0.0174    0.0343   -0.0137
            Z    -0.0117    0.0244    0.0272    0.0193   -0.0318   -0.0015
 AT.   5 O  X     0.0160    0.0031    0.0643   -0.0211    0.0329   -0.0470
            Y     0.0004    0.0509    0.0054   -0.0162    0.0673   -0.0177
            Z     0.0016   -0.0170    0.0127    0.0723   -0.0208    0.0524
 AT.   6 O  X    -0.0457    0.0656   -0.0213    0.0234    0.0470   -0.0191
            Y    -0.0163   -0.0023    0.0126   -0.0338   -0.0333    0.0024
            Z     0.0121    0.0741    0.0115   -0.0288    0.0072   -0.0134
 AT.   7 O  X     0.0259   -0.0044    0.0564   -0.0156    0.0212   -0.0420
            Y     0.0709   -0.0364   -0.0260    0.0237   -0.0127    0.0650
            Z    -0.0299   -0.0245    0.0324    0.0279   -0.0371    0.0955
 AT.   8 O  X     0.0163   -0.0009    0.0588    0.0023    0.0365    0.0138
            Y     0.0006   -0.0498    0.0174   -0.0347    0.0735   -0.0125
            Z     0.0012    0.0063    0.0095    0.0536   -0.0287    0.0210
 AT.   9 O  X    -0.0418   -0.0576   -0.0346    0.0071    0.0384    0.0165
            Y    -0.0148   -0.0009    0.0127   -0.0172   -0.0266    0.0114
            Z     0.0132   -0.0728   -0.0151   -0.0417   -0.0059   -0.0221
 AT.  10 O  X     0.0261    0.0069    0.0519    0.0063    0.0234    0.0199
            Y     0.0714    0.0390   -0.0278   -0.0062   -0.0156   -0.0361
            Z    -0.0291    0.0296    0.0312   -0.0182   -0.0394   -0.0667

 FREQ(CM**-1)    216.09    239.50    257.55    294.49    311.19    358.99

 AT.   1 CA X    -0.0053   -0.0021   -0.0054    0.0047   -0.0104   -0.0110
            Y    -0.0200   -0.0019   -0.0175    0.0083   -0.0591   -0.0244
            Z    -0.0226    0.0034    0.0279    0.0037   -0.0398    0.0611
 AT.   2 MG X    -0.0348    0.0168   -0.0021   -0.0332   -0.0014   -0.0042
            Y    -0.0191    0.0069   -0.0010   -0.0565    0.0015    0.0021
            Z    -0.0289   -0.0190    0.0007   -0.0051    0.0023   -0.0034
 AT.   3 C  X    -0.0230    0.0263   -0.0244   -0.0097    0.0064   -0.0169
            Y    -0.0011    0.0454    0.0260   -0.0023   -0.0065    0.0280
            Z    -0.0247   -0.0223    0.0127   -0.0014    0.0028   -0.0180
 AT.   4 C  X     0.0379   -0.0284    0.0099   -0.0116    0.0211    0.0192
            Y     0.0274   -0.0456    0.0418    0.0213    0.0162   -0.0112
            Z     0.0311    0.0239    0.0010    0.0193    0.0095   -0.0052
 AT.   5 O  X    -0.0173    0.0485   -0.0334   -0.0175   -0.0011   -0.0260
            Y     0.0066    0.0714    0.0108   -0.0098   -0.0234    0.0150
            Z    -0.0453   -0.0793    0.0273   -0.0515   -0.0152   -0.0156
 AT.   6 O  X    -0.0266   -0.0003    0.0364   -0.0327    0.0040    0.0010
            Y    -0.0212   -0.0280    0.0139    0.0297    0.0235   -0.0281
            Z    -0.0159   -0.0069    0.0093    0.0514   -0.0261   -0.0436
 AT.   7 O  X    -0.0194    0.0341   -0.0317   -0.0233    0.0063   -0.0220
            Y    -0.0137    0.0351    0.0387    0.0279   -0.0064    0.0418
            Z     0.0351    0.0443    0.0723    0.0409   -0.0094   -0.0738
 AT.   8 O  X     0.0221   -0.0519    0.0010    0.0040    0.0207    0.0280
            Y     0.0053   -0.0736    0.0253    0.0376    0.0100   -0.0051
            Z    -0.0040    0.0842   -0.0029    0.0312    0.0528   -0.0047
 AT.   9 O  X    -0.0582   -0.0014    0.0242    0.0300   -0.0311   -0.0237
            Y    -0.0052    0.0198   -0.0228   -0.0317    0.0125   -0.0252
            Z    -0.0798    0.0152    0.0676   -0.0667   -0.0243   -0.0417
 AT.  10 O  X     0.0318   -0.0370    0.0030    0.0016    0.0337    0.0158
            Y     0.0487   -0.0331    0.0536   -0.0043   -0.0017   -0.0036
            Z     0.0195   -0.0385    0.0641   -0.0114   -0.0379    0.0064

 FREQ(CM**-1)    373.71    399.52    417.00    457.62    466.65    479.72

 AT.   1 CA X    -0.0320    0.0110   -0.0452   -0.0001   -0.0105   -0.0066
            Y    -0.0442   -0.0118    0.0242    0.0041   -0.0071   -0.0030
            Z     0.0224   -0.0036   -0.0376   -0.0093   -0.0124   -0.0031
 AT.   2 MG X     0.0243    0.0048   -0.0124    0.0514    0.1264   -0.0006
            Y    -0.0059   -0.0192    0.0011    0.0430   -0.0249    0.1500
            Z     0.0125    0.0227   -0.0011    0.1302   -0.0493   -0.0587
 AT.   3 C  X    -0.0157   -0.0273   -0.0072   -0.0008    0.0243    0.0054
            Y     0.0453   -0.0054    0.0334   -0.0269    0.0102   -0.0118
            Z     0.0040    0.0381    0.0347   -0.0116    0.0246   -0.0174
 AT.   4 C  X    -0.0009    0.0243   -0.0017    0.0127    0.0129    0.0057
            Y     0.0366    0.0104    0.0156    0.0078   -0.0075    0.0251
            Z     0.0276   -0.0420    0.0540    0.0309   -0.0126   -0.0193
 AT.   5 O  X    -0.0124    0.0026    0.0048    0.0107    0.0348   -0.0045
            Y     0.0424    0.0411    0.0476   -0.0141    0.0219   -0.0185
            Z     0.0284   -0.0340    0.0682   -0.0590    0.0569   -0.0241
 AT.   6 O  X     0.0125    0.0081    0.0057   -0.0091   -0.0091   -0.0284
            Y    -0.0280   -0.0083   -0.0327    0.0241   -0.0087   -0.0065
            Z    -0.0233   -0.0262    0.0121    0.0103    0.0507    0.0518
 AT.   7 O  X    -0.0041   -0.0155    0.0154   -0.0047    0.0261    0.0022
            Y     0.0314   -0.0408   -0.0184   -0.0193    0.0102    0.0102
            Z    -0.0613    0.0225   -0.0152    0.0375    0.0182    0.0003
 AT.   8 O  X     0.0122   -0.0078    0.0194    0.0285    0.0203   -0.0068
            Y     0.0475   -0.0443    0.0429    0.0182   -0.0026    0.0105
            Z     0.0589    0.0313    0.0628    0.0431   -0.0097    0.0336
 AT.   9 O  X     0.0154   -0.0292    0.0343    0.0268   -0.0126    0.0321
            Y    -0.0029    0.0056   -0.0391   -0.0377    0.0207   -0.0221
            Z    -0.0007    0.0655   -0.0089   -0.0003   -0.0201   -0.0186
 AT.  10 O  X     0.0167    0.0119    0.0220    0.0185    0.0107    0.0070
            Y     0.0084    0.0480   -0.0441   -0.0065    0.0097    0.0358
            Z    -0.0376   -0.0283    0.0170    0.0215    0.0192   -0.0317

 FREQ(CM**-1)    748.30    757.06    761.59    769.39    890.65    890.74

 AT.   1 CA X     0.0014   -0.0041    0.0041    0.0013    0.0005    0.0004
            Y    -0.0031   -0.0049   -0.0022   -0.0034    0.0029   -0.0003
            Z    -0.0012    0.0002   -0.0083   -0.0021    0.0011    0.0026
 AT.   2 MG X     0.0031   -0.0269    0.0021    0.0034    0.0000   -0.0020
            Y    -0.0013   -0.0080    0.0003   -0.0082    0.0000    0.0000
            Z     0.0018    0.0031    0.0017   -0.0087   -0.0001   -0.0012
 AT.   3 C  X    -0.0016   -0.0060   -0.0502   -0.0261    0.0033    0.0023
            Y     0.0282   -0.0294   -0.0185   -0.0073   -0.0024   -0.0061
            Z     0.0021    0.0058    0.0003    0.0122    0.1764   -0.0911
 AT.   4 C  X     0.0030    0.0272   -0.0241    0.0529    0.0012   -0.0032
            Y    -0.0308   -0.0249   -0.0176    0.0000   -0.0067    0.0022
            Z    -0.0032    0.0023   -0.0014    0.0028    0.0909    0.1768
 AT.   5 O  X    -0.0514    0.0458    0.0316    0.0096   -0.0094    0.0000
            Y    -0.0245    0.0239    0.0959    0.0459   -0.0047    0.0037
            Z    -0.0067    0.0066    0.0197    0.0114   -0.0486    0.0253
 AT.   6 O  X     0.0265    0.0671   -0.0224   -0.1051    0.0026    0.0076
            Y     0.0287    0.0540    0.0095    0.0218    0.0023   -0.0024
            Z    -0.0053   -0.0152    0.0041    0.0197    0.0237   -0.0487
 AT.   7 O  X     0.0381   -0.0429   -0.0740   -0.0303   -0.0002    0.0016
            Y    -0.0466    0.0442   -0.0145   -0.0180    0.0056   -0.0074
            Z     0.0090   -0.0110   -0.0089   -0.0044   -0.0500    0.0254
 AT.   8 O  X     0.0514    0.0428    0.0222    0.0098   -0.0074   -0.0043
            Y     0.0067   -0.0264    0.0542   -0.0912    0.0018   -0.0048
            Z     0.0067   -0.0022    0.0069   -0.0152   -0.0234   -0.0514
 AT.   9 O  X     0.0405    0.0010   -0.0804    0.0384   -0.0074   -0.0072
            Y     0.0728   -0.0352    0.0591    0.0036    0.0008   -0.0010
            Z    -0.0057    0.0009    0.0122   -0.0056    0.0504    0.0230
 AT.  10 O  X    -0.0316   -0.0039   -0.0464    0.0473   -0.0001   -0.0020
            Y     0.0559    0.0647   -0.0036    0.0625   -0.0023    0.0073
            Z    -0.0129   -0.0118   -0.0034   -0.0064   -0.0257   -0.0495

 FREQ(CM**-1)   1169.87   1172.19   1528.69   1570.61   1575.66   1625.45

 AT.   1 CA X     0.0009    0.0024    0.0001   -0.0008   -0.0031   -0.0001
            Y    -0.0007   -0.0019   -0.0000   -0.0034   -0.0013    0.0002
            Z    -0.0002    0.0034   -0.0001   -0.0021    0.0028    0.0002
 AT.   2 MG X    -0.0005    0.0024   -0.0000    0.0003    0.0035    0.0014
            Y     0.0024   -0.0100   -0.0008    0.0016    0.0003   -0.0027
            Z     0.0075    0.0050   -0.0011    0.0029   -0.0005   -0.0012
 AT.   3 C  X    -0.0009   -0.0018   -0.1391    0.1404    0.0911   -0.1015
            Y     0.0000   -0.0034   -0.0980   -0.0796    0.1461    0.1351
            Z     0.0007   -0.0003    0.0012   -0.0048    0.0034   -0.0039
 AT.   4 C  X     0.0011   -0.0034    0.1420    0.1407    0.0927    0.0965
            Y     0.0003   -0.0021    0.0937   -0.0879    0.1469   -0.1323
            Z    -0.0013   -0.0008   -0.0010   -0.0044    0.0035    0.0041
 AT.   5 O  X     0.0635   -0.0803    0.0225   -0.0561   -0.0021    0.0533
            Y    -0.0491    0.0618   -0.0078    0.0427   -0.0125   -0.0471
            Z    -0.0019    0.0019   -0.0000    0.0034   -0.0025    0.0010
 AT.   6 O  X     0.0020    0.0076   -0.0058    0.0030    0.0058    0.0001
            Y     0.0147    0.0505   -0.0168    0.0077    0.0271    0.0257
            Z    -0.0006   -0.0021    0.0015   -0.0010   -0.0000   -0.0019
 AT.   7 O  X    -0.0733    0.0953    0.0664   -0.0421   -0.0514    0.0235
            Y    -0.0311    0.0396    0.0302   -0.0070   -0.0263   -0.0055
            Z    -0.0021    0.0014   -0.0006    0.0024   -0.0029    0.0041
 AT.   8 O  X    -0.0813   -0.0621   -0.0241   -0.0578   -0.0028   -0.0512
            Y     0.0612    0.0484    0.0091    0.0442   -0.0122    0.0452
            Z     0.0021    0.0014    0.0001    0.0030   -0.0024   -0.0013
 AT.   9 O  X     0.0077   -0.0023    0.0041    0.0037    0.0072   -0.0000
            Y     0.0511   -0.0139    0.0097    0.0015    0.0352   -0.0194
            Z    -0.0003   -0.0001   -0.0014   -0.0016    0.0001    0.0015
 AT.  10 O  X     0.0938    0.0751   -0.0670   -0.0409   -0.0520   -0.0219
            Y     0.0390    0.0321   -0.0301   -0.0061   -0.0268    0.0059
            Z     0.0028    0.0013    0.0003    0.0021   -0.0032   -0.0042

 MODES IN ANTI-PHASE

 FREQ(CM**-1)     65.75    117.79    126.43    147.66    175.51    202.79

 AT.   1 CA X     0.0001    0.0033   -0.0121   -0.0285    0.0102    0.0399
            Y     0.0028    0.0415    0.0017    0.0033    0.0000    0.0017
            Z    -0.0006    0.0388   -0.0322    0.0076   -0.0013   -0.0033
 AT.   2 MG X     0.0191    0.0039    0.0557   -0.0177    0.0070   -0.0001
            Y     0.0327    0.0135   -0.0363    0.0144   -0.0009   -0.0003
            Z    -0.0360    0.0287    0.0353    0.0307   -0.0149   -0.0004
 AT.   3 C  X     0.0070   -0.0188   -0.0082   -0.0263    0.0016    0.0029
            Y     0.0024   -0.0102   -0.0075    0.0352    0.0132   -0.0064
            Z    -0.0066   -0.0108   -0.0133    0.0217   -0.0065    0.0189
 AT.   4 C  X    -0.0046   -0.0144   -0.0303    0.0248   -0.0002   -0.0179
            Y    -0.0003   -0.0124    0.0139   -0.0319   -0.0054    0.0128
            Z     0.0059   -0.0070   -0.0074   -0.0473   -0.0008    0.0441
 AT.   5 O  X     0.0058   -0.0134   -0.0176   -0.0263    0.0197   -0.0086
            Y     0.0037   -0.0027   -0.0195    0.0335    0.0345   -0.0231
            Z    -0.0063    0.0658   -0.0004   -0.0007   -0.0364    0.0506
 AT.   6 O  X     0.0641   -0.0447    0.0278    0.0149   -0.0318    0.0087
            Y     0.0246    0.0195   -0.0052   -0.0113    0.0252    0.0141
            Z     0.0198   -0.0017    0.0341    0.0304   -0.0556   -0.0317
 AT.   7 O  X     0.0030   -0.0161   -0.0158   -0.0263    0.0120    0.0008
            Y     0.0100   -0.0191    0.0129    0.0348   -0.0138   -0.0071
            Z     0.0130   -0.0342   -0.0112    0.0570   -0.0139   -0.0259
 AT.   8 O  X    -0.0048   -0.0137   -0.0314    0.0337   -0.0115   -0.0457
            Y    -0.0036   -0.0108    0.0104   -0.0137   -0.0180   -0.0263
            Z     0.0064    0.0677   -0.0084   -0.0485    0.0306    0.0697
 AT.   9 O  X    -0.0667   -0.0545   -0.0056   -0.0268    0.0419   -0.0130
            Y    -0.0255    0.0196   -0.0049    0.0312   -0.0323    0.0086
            Z    -0.0190   -0.0135   -0.0327   -0.0028    0.0558   -0.0264
 AT.  10 O  X    -0.0015   -0.0152   -0.0272    0.0300   -0.0068   -0.0370
            Y    -0.0057   -0.0130    0.0085   -0.0416    0.0105    0.0545
            Z    -0.0148   -0.0298   -0.0141   -0.0608    0.0050    0.0731

 FREQ(CM**-1)    216.09    239.50    257.55    294.49    311.19    358.99

 AT.   1 CA X    -0.0073    0.0213    0.0029   -0.0155    0.0056    0.0076
            Y    -0.0277    0.0193    0.0093   -0.0271    0.0319    0.0169
            Z    -0.0312   -0.0343   -0.0149   -0.0122    0.0215   -0.0421
 AT.   2 MG X     0.0036    0.0121    0.0636   -0.0356    0.0498   -0.0519
            Y     0.0020    0.0050    0.0319   -0.0605   -0.0518    0.0266
            Z     0.0030   -0.0136   -0.0211   -0.0055   -0.0783   -0.0420
 AT.   3 C  X     0.0323    0.0132   -0.0282    0.0354   -0.0211   -0.0270
            Y     0.0285    0.0057   -0.0329   -0.0348   -0.0237    0.0226
            Z     0.0246   -0.0103    0.0072   -0.0325   -0.0095   -0.0013
 AT.   4 C  X    -0.0117    0.0078    0.0359    0.0348    0.0062    0.0254
            Y     0.0078   -0.0033   -0.0034   -0.0276    0.0184   -0.0342
            Z    -0.0158   -0.0058   -0.0146   -0.0262    0.0029    0.0173
 AT.   5 O  X     0.0176    0.0218   -0.0234    0.0188   -0.0255   -0.0398
            Y     0.0077    0.0183   -0.0232   -0.0528   -0.0273    0.0112
            Z    -0.0191   -0.0325    0.0217    0.0208   -0.0732   -0.0009
 AT.   6 O  X    -0.0701    0.0088   -0.0047   -0.0052    0.0399    0.0257
            Y    -0.0125    0.0391    0.0368    0.0128    0.0005    0.0163
            Z    -0.0893   -0.0431   -0.0751    0.0431    0.0120    0.0281
 AT.   7 O  X     0.0271    0.0184   -0.0248    0.0317   -0.0362   -0.0253
            Y     0.0468   -0.0068   -0.0386   -0.0338   -0.0022    0.0197
            Z     0.0321   -0.0251   -0.0287   -0.0405    0.0391   -0.0349
 AT.   8 O  X    -0.0109    0.0119    0.0408    0.0253    0.0149    0.0384
            Y     0.0087    0.0039    0.0039   -0.0384    0.0346   -0.0180
            Z    -0.0490   -0.0162   -0.0348    0.0459    0.0529    0.0149
 AT.   9 O  X    -0.0472    0.0087   -0.0277    0.0139   -0.0252   -0.0100
            Y    -0.0240    0.0439   -0.0320   -0.0059   -0.0199    0.0205
            Z    -0.0431   -0.0409    0.0340    0.0071    0.0152    0.0308
 AT.  10 O  X    -0.0099    0.0113    0.0401    0.0393    0.0146    0.0295
            Y     0.0017   -0.0135   -0.0107   -0.0436    0.0066   -0.0460
            Z     0.0434   -0.0333   -0.0442   -0.0564   -0.0136    0.0814

 FREQ(CM**-1)    373.71    399.52    417.00    457.62    466.65    479.72

 AT.   1 CA X    -0.0093    0.0513    0.0143   -0.0002   -0.0178   -0.0108
            Y    -0.0128   -0.0550   -0.0076    0.0075   -0.0121   -0.0049
            Z     0.0065   -0.0166    0.0119   -0.0170   -0.0211   -0.0051
 AT.   2 MG X    -0.0234    0.0015    0.0562    0.0011   -0.0010    0.0000
            Y     0.0057   -0.0062   -0.0048    0.0009    0.0002   -0.0037
            Z    -0.0121    0.0073    0.0050    0.0028    0.0004    0.0014
 AT.   3 C  X     0.0232   -0.0015   -0.0073    0.0146    0.0283    0.0092
            Y    -0.0032    0.0133    0.0206   -0.0079   -0.0029    0.0222
            Z     0.0454   -0.0176   -0.0446    0.0292   -0.0008   -0.0306
 AT.   4 C  X    -0.0280   -0.0126    0.0101    0.0071    0.0350    0.0090
            Y     0.0269    0.0099   -0.0361   -0.0269    0.0075   -0.0004
            Z    -0.0363   -0.0004    0.0166    0.0058    0.0211   -0.0295
 AT.   5 O  X     0.0424   -0.0132   -0.0269    0.0405    0.0426   -0.0100
            Y     0.0219   -0.0166   -0.0069    0.0126    0.0092    0.0024
            Z     0.0654    0.0007   -0.0122    0.0135    0.0205    0.0254
 AT.   6 O  X     0.0090   -0.0531   -0.0516    0.0259   -0.0194    0.0215
            Y     0.0390   -0.0047    0.0214   -0.0294    0.0189   -0.0282
            Z     0.0357    0.1013    0.0328    0.0062    0.0052    0.0058
 AT.   7 O  X     0.0379   -0.0055   -0.0163    0.0189    0.0268    0.0090
            Y    -0.0340    0.0265    0.0506   -0.0200    0.0167    0.0455
            Z     0.0267   -0.0192   -0.0512    0.0494    0.0320   -0.0355
 AT.   8 O  X    -0.0425   -0.0109    0.0193    0.0307    0.0512   -0.0085
            Y     0.0041    0.0017   -0.0217   -0.0051    0.0236   -0.0153
            Z    -0.0402   -0.0133   -0.0292   -0.0426    0.0597   -0.0098
 AT.   9 O  X    -0.0009   -0.0451    0.0390    0.0062   -0.0174   -0.0154
            Y    -0.0479   -0.0077    0.0013    0.0045    0.0015   -0.0186
            Z    -0.0426    0.0816   -0.0338    0.0120    0.0468    0.0488
 AT.  10 O  X    -0.0342   -0.0114    0.0045    0.0062    0.0359    0.0061
            Y     0.0455    0.0074   -0.0309   -0.0270    0.0170    0.0298
            Z    -0.0553   -0.0082    0.0506    0.0582    0.0314   -0.0159

 FREQ(CM**-1)    748.30    757.06    761.59    769.39    890.65    890.74

 AT.   1 CA X     0.0009   -0.0060   -0.0031   -0.0017   -0.0003   -0.0008
            Y    -0.0021   -0.0071    0.0017    0.0044   -0.0016    0.0005
            Z    -0.0008    0.0003    0.0063    0.0028   -0.0006   -0.0045
 AT.   2 MG X    -0.0015    0.0020    0.0168    0.0081   -0.0025   -0.0035
            Y     0.0006    0.0006    0.0021   -0.0195   -0.0012    0.0000
            Z    -0.0009   -0.0002    0.0133   -0.0206    0.0112   -0.0021
 AT.   3 C  X     0.0038    0.0269    0.0111   -0.0476    0.0006    0.0023
            Y    -0.0443   -0.0384    0.0131    0.0020    0.0064    0.0011
            Z    -0.0043    0.0048    0.0015   -0.0063   -0.0003   -0.1517
 AT.   4 C  X    -0.0029    0.0043    0.0455    0.0124   -0.0031   -0.0008
            Y     0.0425   -0.0415    0.0144    0.0076   -0.0012    0.0058
            Z     0.0035    0.0071   -0.0007   -0.0135   -0.1513    0.0003
 AT.   5 O  X     0.0756    0.0641   -0.0143   -0.0129    0.0030    0.0050
            Y     0.0169   -0.0190   -0.0297    0.0819   -0.0050    0.0034
            Z     0.0099    0.0003   -0.0018    0.0126   -0.0018    0.0449
 AT.   6 O  X     0.0330    0.0276    0.0773   -0.0106    0.0102    0.0038
            Y     0.0670   -0.0165   -0.0587   -0.0098    0.0004    0.0026
            Z    -0.0040   -0.0050   -0.0115    0.0003   -0.0445    0.0023
 AT.   7 O  X    -0.0491   -0.0211    0.0276   -0.0407   -0.0001    0.0014
            Y     0.0786    0.0871   -0.0003   -0.0599    0.0060   -0.0041
            Z    -0.0174   -0.0170    0.0010    0.0078    0.0001    0.0426
 AT.   8 O  X    -0.0756    0.0661   -0.0266   -0.0127    0.0065    0.0026
            Y    -0.0290    0.0153   -0.0845   -0.0222    0.0066   -0.0014
            Z    -0.0098    0.0063   -0.0185   -0.0076    0.0426    0.0014
 AT.   9 O  X     0.0125    0.0726    0.0010    0.0984   -0.0075   -0.0046
            Y     0.0020    0.0442    0.0065   -0.0236   -0.0022    0.0034
            Z    -0.0035   -0.0160   -0.0009   -0.0189    0.0025    0.0430
 AT.  10 O  X     0.0535   -0.0476    0.0639    0.0183    0.0002   -0.0007
            Y    -0.0723    0.0731    0.0140    0.0012   -0.0078    0.0042
            Z     0.0147   -0.0165    0.0083    0.0063    0.0429    0.0001

 FREQ(CM**-1)   1169.87   1172.19   1528.69   1570.61   1575.66   1625.45

 AT.   1 CA X     0.0027    0.0008   -0.0011    0.0001    0.0002    0.0013
            Y    -0.0020   -0.0007    0.0004    0.0003    0.0001   -0.0029
            Z    -0.0007    0.0012    0.0011    0.0002   -0.0002   -0.0028
 AT.   2 MG X    -0.0001   -0.0021   -0.0000   -0.0007   -0.0072    0.0009
            Y     0.0005    0.0086   -0.0005   -0.0034   -0.0006   -0.0018
            Z     0.0014   -0.0043   -0.0008   -0.0061    0.0010   -0.0008
 AT.   3 C  X     0.0007   -0.0033   -0.0292   -0.0127   -0.0179    0.0314
            Y     0.0005    0.0009    0.0195    0.0594   -0.0162   -0.0126
            Z    -0.0013   -0.0010   -0.0008   -0.0020   -0.0015   -0.0013
 AT.   4 C  X     0.0000    0.0014   -0.0070   -0.0094    0.0057    0.0444
            Y     0.0004   -0.0028    0.0347   -0.0462   -0.0032   -0.0302
            Z    -0.0006    0.0006   -0.0009    0.0027    0.0010   -0.0008
 AT.   5 O  X    -0.0507    0.0011    0.0122    0.0153    0.0053   -0.0124
            Y     0.0366    0.0001   -0.0089   -0.0132   -0.0011    0.0118
            Z     0.0009   -0.0002   -0.0004    0.0023   -0.0006    0.0021
 AT.   6 O  X     0.0148   -0.0132    0.0103   -0.0046   -0.0113   -0.0010
            Y     0.1003   -0.0855    0.0444    0.0385   -0.0630   -0.0466
            Z    -0.0012    0.0024   -0.0002    0.0042   -0.0007    0.0033
 AT.   7 O  X     0.0586    0.0010    0.0087   -0.0043    0.0081   -0.0104
            Y     0.0235    0.0018    0.0018   -0.0054    0.0056   -0.0034
            Z     0.0019    0.0004    0.0015    0.0017    0.0021    0.0006
 AT.   8 O  X    -0.0000   -0.0510    0.0085   -0.0063   -0.0050   -0.0193
            Y    -0.0020    0.0385   -0.0076    0.0064    0.0028    0.0179
            Z    -0.0005    0.0014   -0.0004   -0.0028    0.0009    0.0019
 AT.   9 O  X     0.0128    0.0151    0.0111    0.0040    0.0104   -0.0010
            Y     0.0876    0.0983    0.0465   -0.0393    0.0588   -0.0496
            Z    -0.0013   -0.0032   -0.0004   -0.0040    0.0007    0.0035
 AT.  10 O  X     0.0001    0.0587   -0.0018    0.0108   -0.0012   -0.0134
            Y    -0.0010    0.0233   -0.0030    0.0064   -0.0021   -0.0026
            Z     0.0002    0.0006    0.0016   -0.0021   -0.0017    0.0000


  DISPERSION K POINT NUMBER    25 COORD:  C(  2  2  0 )    WEIGHT:    1.

    MODES         EIGV          FREQUENCIES     IRREP
             (HARTREE**2)   (CM**-1)     (THZ)
    1-   1    0.1637E-06     88.7954    2.6620  (  1)
    2-   2    0.2280E-06    104.8084    3.1421  (  1)
    3-   3    0.4141E-06    141.2340    4.2341  (  1)
    4-   4    0.4883E-06    153.3687    4.5979  (  1)
    5-   5    0.6153E-06    172.1584    5.1612  (  1)
    6-   6    0.7424E-06    189.1089    5.6693  (  1)
    7-   7    0.9050E-06    208.7912    6.2594  (  1)
    8-   8    0.1071E-05    227.1761    6.8106  (  1)
    9-   9    0.1487E-05    267.6525    8.0240  (  1)
   10-  10    0.1840E-05    297.7024    8.9249  (  1)
   11-  11    0.2185E-05    324.4285    9.7261  (  1)
   12-  12    0.2298E-05    332.7123    9.9745  (  1)
   13-  13    0.2889E-05    373.0313   11.1832  (  1)
   14-  14    0.3004E-05    380.3925   11.4039  (  1)
   15-  15    0.4006E-05    439.2982   13.1698  (  1)
   16-  16    0.4390E-05    459.8648   13.7864  (  1)
   17-  17    0.4483E-05    464.6985   13.9313  (  1)
   18-  18    0.5137E-05    497.4497   14.9132  (  1)
   19-  19    0.1165E-04    749.1361   22.4585  (  1)
   20-  20    0.1192E-04    757.6143   22.7127  (  1)
   21-  21    0.1212E-04    764.0496   22.9056  (  1)
   22-  22    0.1218E-04    766.0688   22.9662  (  1)
   23-  23    0.1631E-04    886.3517   26.5722  (  1)
   24-  24    0.1646E-04    890.3211   26.6912  (  1)
   25-  25    0.2842E-04   1169.9442   35.0740  (  1)
   26-  26    0.2855E-04   1172.6325   35.1546  (  1)
   27-  27    0.4825E-04   1524.4707   45.7025  (  1)
   28-  28    0.5026E-04   1555.9187   46.6453  (  1)
   29-  29    0.5199E-04   1582.4768   47.4415  (  1)
   30-  30    0.5709E-04   1658.2871   49.7142  (  1)

 MODES IN PHASE

 FREQ(CM**-1)     88.80    104.81    141.23    153.37    172.16    189.11

 AT.   1 CA X     0.0594   -0.0419   -0.0404    0.0583   -0.0018   -0.0008
            Y     0.0584   -0.0005    0.0555   -0.0715    0.0076   -0.0011
            Z    -0.0152    0.0089    0.0859    0.0512   -0.0071    0.0006
 AT.   2 MG X     0.0349    0.0036    0.0152   -0.0059   -0.0071    0.0074
            Y    -0.0059   -0.0073    0.0163    0.0044    0.0389   -0.0026
            Z     0.0166   -0.0471   -0.0107   -0.0073    0.0290   -0.0001
 AT.   3 C  X     0.0177   -0.0194   -0.0050    0.0288    0.0107   -0.0346
            Y    -0.0265   -0.0011    0.0080   -0.0076   -0.0422   -0.0070
            Z     0.0119    0.0474    0.0203   -0.0073    0.0071    0.0125
 AT.   4 C  X    -0.0351   -0.0080    0.0002   -0.0213   -0.0011   -0.0487
            Y     0.0251    0.0100   -0.0157   -0.0116   -0.0368    0.0056
            Z     0.0002    0.0542   -0.0211    0.0168    0.0124   -0.0250
 AT.   5 O  X     0.0303   -0.0478    0.0204    0.0262   -0.0053   -0.0373
            Y    -0.0102   -0.0386    0.0369   -0.0091   -0.0652   -0.0097
            Z     0.0462    0.0415    0.0022    0.0237    0.0676    0.0383
 AT.   6 O  X    -0.0058    0.0226   -0.0419    0.0271    0.0264   -0.0331
            Y    -0.0216   -0.0073    0.0146   -0.0104   -0.0421   -0.0048
            Z    -0.0026    0.0717    0.0681    0.0069    0.0163   -0.0274
 AT.   7 O  X    -0.0528    0.0130   -0.0005    0.0014    0.0319    0.0376
            Y     0.0715    0.0063   -0.0204   -0.0458   -0.0014    0.0187
            Z    -0.0034    0.0304   -0.0137    0.0389   -0.0143    0.0016
 AT.   8 O  X     0.0473   -0.0154    0.0223    0.0305   -0.0250    0.0359
            Y    -0.0045   -0.0186    0.0375   -0.0227    0.0551    0.0121
            Z     0.0325   -0.0244    0.0006    0.0446   -0.0244   -0.0390
 AT.   9 O  X    -0.0073   -0.0026   -0.0464    0.0202   -0.0397    0.0269
            Y    -0.0254   -0.0124    0.0119   -0.0264    0.0394    0.0058
            Z    -0.0034    0.0388    0.0650    0.0039   -0.0308    0.0212
 AT.  10 O  X    -0.0504   -0.0214   -0.0031   -0.0124   -0.0046   -0.0391
            Y     0.0643    0.0394   -0.0109   -0.0267   -0.0265   -0.0177
            Z    -0.0098    0.0727   -0.0065    0.0511   -0.0385    0.0004

 FREQ(CM**-1)    208.79    227.18    267.65    297.70    324.43    332.71

 AT.   1 CA X     0.0148   -0.0141   -0.0338    0.0071   -0.0039   -0.0758
            Y     0.0066    0.0135   -0.0099    0.0137    0.0288   -0.0104
            Z     0.0137   -0.0306   -0.0241    0.0067   -0.0261    0.0445
 AT.   2 MG X     0.0246   -0.0035    0.0028    0.0299   -0.0776   -0.0108
            Y    -0.0305    0.0031   -0.0135    0.0413    0.0581   -0.0143
            Z    -0.0208   -0.0090    0.0100    0.0144    0.0232    0.0387
 AT.   3 C  X    -0.0287   -0.0277    0.0364   -0.0248   -0.0031    0.0227
            Y     0.0068   -0.0457    0.0289   -0.0166   -0.0106    0.0029
            Z    -0.0205   -0.0352   -0.0296   -0.0187   -0.0228   -0.0166
 AT.   4 C  X    -0.0039    0.0392   -0.0205   -0.0069   -0.0018   -0.0120
            Y    -0.0319    0.0398   -0.0418   -0.0426   -0.0192    0.0032
            Z    -0.0113    0.0324    0.0296    0.0125   -0.0245    0.0041
 AT.   5 O  X    -0.0059   -0.0054    0.0544   -0.0300   -0.0148    0.0044
            Y     0.0356   -0.0168    0.0481   -0.0234   -0.0256   -0.0299
            Z     0.0326   -0.0261   -0.0921   -0.0751   -0.0009    0.0634
 AT.   6 O  X    -0.0675   -0.0517    0.0174    0.0014    0.0034    0.0320
            Y     0.0123   -0.0410    0.0278   -0.0164   -0.0116   -0.0021
            Z    -0.0539   -0.0255    0.0123    0.0176   -0.0585   -0.0336
 AT.   7 O  X     0.0071    0.0448   -0.0250    0.0327   -0.0014   -0.0206
            Y     0.0426    0.0228   -0.0109    0.0316   -0.0096    0.0270
            Z     0.0654    0.0246   -0.0167   -0.0485    0.0598    0.0203
 AT.   8 O  X     0.0138    0.0261    0.0514    0.0264    0.0081    0.0038
            Y    -0.0058   -0.0135    0.0360    0.0422    0.0319   -0.0303
            Z    -0.0317   -0.0297   -0.0822    0.0884    0.0069    0.0613
 AT.   9 O  X     0.0546   -0.0179    0.0248    0.0042    0.0228    0.0338
            Y     0.0074   -0.0380    0.0196    0.0482    0.0215   -0.0016
            Z     0.0399   -0.0085    0.0169   -0.0281    0.0853   -0.0320
 AT.  10 O  X    -0.0031    0.0271   -0.0331   -0.0058   -0.0139   -0.0218
            Y    -0.0255    0.0668   -0.0101   -0.0354    0.0102    0.0265
            Z    -0.0426    0.0572   -0.0145    0.0436    0.0333    0.0243

 FREQ(CM**-1)    373.03    380.39    439.30    459.86    464.70    497.45

 AT.   1 CA X    -0.0123    0.0027   -0.0373    0.0097    0.0043   -0.0053
            Y     0.0175    0.0004   -0.0535   -0.0209    0.0047   -0.0126
            Z    -0.0041   -0.0235   -0.0402   -0.0025   -0.0099   -0.0100
 AT.   2 MG X    -0.0254   -0.0389   -0.0009   -0.0333    0.1102    0.0941
            Y    -0.0284    0.0177    0.0105   -0.0669   -0.0828    0.1047
            Z     0.0299   -0.0058   -0.0215    0.1073   -0.0152    0.0823
 AT.   3 C  X     0.0124   -0.0315    0.0198   -0.0092    0.0104    0.0230
            Y    -0.0202    0.0123    0.0166   -0.0003   -0.0220    0.0282
            Z     0.0488    0.0310    0.0557    0.0191   -0.0017    0.0206
 AT.   4 C  X     0.0172   -0.0303    0.0012   -0.0072    0.0082    0.0246
            Y    -0.0209    0.0168    0.0054    0.0001   -0.0122    0.0288
            Z     0.0485    0.0287   -0.0484    0.0173   -0.0021    0.0266
 AT.   5 O  X     0.0468   -0.0174    0.0467    0.0055    0.0237    0.0249
            Y     0.0181    0.0395    0.0439    0.0158   -0.0095    0.0263
            Z     0.0297   -0.0029    0.0738    0.0042   -0.0185    0.0333
 AT.   6 O  X    -0.0484   -0.0512   -0.0308   -0.0183    0.0207   -0.0048
            Y    -0.0151    0.0157    0.0202    0.0024   -0.0275    0.0274
            Z    -0.0067    0.1015    0.0104    0.0243   -0.0177   -0.0028
 AT.   7 O  X    -0.0307   -0.0024   -0.0060    0.0195    0.0016   -0.0032
            Y     0.0371    0.0010    0.0345    0.0574   -0.0224   -0.0205
            Z    -0.0793    0.0608   -0.0221   -0.0043    0.0340    0.0268
 AT.   8 O  X    -0.0222    0.0163    0.0469   -0.0235   -0.0358   -0.0299
            Y    -0.0248   -0.0047    0.0436    0.0020    0.0173   -0.0214
            Z    -0.0114    0.0312    0.0743   -0.0099    0.0488   -0.0433
 AT.   9 O  X     0.0517    0.0398   -0.0248   -0.0331   -0.0301    0.0178
            Y     0.0068    0.0108    0.0235   -0.0058    0.0465   -0.0256
            Z    -0.0218   -0.0769    0.0018    0.0597    0.0172    0.0073
 AT.  10 O  X     0.0311   -0.0150   -0.0152   -0.0015    0.0037    0.0253
            Y    -0.0576   -0.0264    0.0334   -0.0243   -0.0010    0.0106
            Z     0.0963   -0.0382   -0.0280    0.0091    0.0171    0.0079

 FREQ(CM**-1)    749.14    757.61    764.05    766.07    886.35    890.32

 AT.   1 CA X     0.0097    0.0018    0.0017    0.0023    0.0004    0.0021
            Y     0.0000    0.0004   -0.0062    0.0023    0.0009   -0.0007
            Z    -0.0017   -0.0012    0.0057    0.0011    0.0006   -0.0028
 AT.   2 MG X    -0.0005    0.0101   -0.0049   -0.0028   -0.0014   -0.0002
            Y     0.0005   -0.0170   -0.0012   -0.0020   -0.0025    0.0001
            Z    -0.0004    0.0014    0.0064    0.0018   -0.0051   -0.0003
 AT.   3 C  X     0.0271    0.0428   -0.0345   -0.0005   -0.0051   -0.0034
            Y     0.0245    0.0312    0.0412    0.0012   -0.0052   -0.0034
            Z     0.0025    0.0019    0.0027    0.0033    0.1783   -0.1751
 AT.   4 C  X    -0.0171   -0.0105    0.0300    0.0139   -0.0051    0.0035
            Y    -0.0201   -0.0140   -0.0339   -0.0231   -0.0053    0.0033
            Z    -0.0038   -0.0053   -0.0029   -0.0002    0.1772    0.1762
 AT.   5 O  X    -0.0366   -0.0507   -0.0709    0.0008   -0.0099    0.0027
            Y    -0.0670   -0.0989    0.0365    0.0062   -0.0086    0.0021
            Z    -0.0117   -0.0230   -0.0008    0.0006   -0.0485    0.0511
 AT.   6 O  X    -0.0466   -0.0616    0.0924    0.0041    0.0082   -0.0068
            Y     0.0473    0.0644    0.0412    0.0003    0.0018    0.0061
            Z     0.0072    0.0087   -0.0126    0.0009   -0.0492    0.0499
 AT.   7 O  X     0.0199   -0.0394   -0.0086    0.0284   -0.0014   -0.0026
            Y     0.0097   -0.0053    0.0499   -0.0913   -0.0020    0.0047
            Z     0.0006   -0.0060   -0.0097    0.0202    0.0249   -0.0278
 AT.   8 O  X    -0.0452    0.0309    0.0015   -0.0776    0.0051    0.0003
            Y    -0.1000    0.0693    0.0028    0.0152    0.0031    0.0013
            Z    -0.0194    0.0176   -0.0000   -0.0020    0.0196    0.0255
 AT.   9 O  X    -0.0732    0.0511    0.0007    0.0786   -0.0036   -0.0029
            Y     0.0629   -0.0421   -0.0039    0.0519   -0.0002    0.0033
            Z     0.0141   -0.0081    0.0021   -0.0190    0.0202    0.0232
 AT.  10 O  X    -0.0425   -0.0245   -0.0105   -0.0135    0.0028   -0.0049
            Y     0.0052    0.0097    0.0887    0.0480    0.0044    0.0084
            Z    -0.0029   -0.0032   -0.0102   -0.0068   -0.0474   -0.0499

 FREQ(CM**-1)   1169.94   1172.63   1524.47   1555.92   1582.48   1658.29

 AT.   1 CA X     0.0000   -0.0007   -0.0006    0.0013   -0.0035    0.0011
            Y     0.0002   -0.0046    0.0001    0.0019    0.0010    0.0011
            Z     0.0012   -0.0017   -0.0001   -0.0027   -0.0010    0.0010
 AT.   2 MG X    -0.0012    0.0083    0.0008   -0.0001   -0.0005   -0.0004
            Y    -0.0011    0.0080   -0.0019   -0.0005    0.0006   -0.0029
            Z     0.0073    0.0051   -0.0002    0.0007    0.0002   -0.0026
 AT.   3 C  X    -0.0005   -0.0004    0.1480    0.0888    0.1446    0.0779
            Y     0.0022    0.0006   -0.0749    0.1470   -0.0847    0.1509
            Z    -0.0009   -0.0003    0.0013   -0.0042   -0.0007    0.0051
 AT.   4 C  X    -0.0005    0.0039    0.1549   -0.0874   -0.1479    0.0808
            Y     0.0016   -0.0001   -0.0775   -0.1470    0.0907    0.1486
            Z    -0.0009   -0.0010    0.0016    0.0042    0.0011    0.0051
 AT.   5 O  X    -0.0784    0.0404   -0.0585    0.0001   -0.0543    0.0020
            Y     0.0602   -0.0323    0.0425   -0.0137    0.0413   -0.0210
            Z     0.0023   -0.0009    0.0003    0.0022    0.0006   -0.0054
 AT.   6 O  X    -0.0117    0.0061   -0.0030   -0.0138   -0.0061   -0.0150
            Y    -0.0988    0.0508    0.0254   -0.0664    0.0320   -0.0700
            Z     0.0018   -0.0007   -0.0011    0.0022    0.0011   -0.0015
 AT.   7 O  X    -0.0652    0.0936    0.0335    0.0242    0.0278    0.0177
            Y    -0.0258    0.0369    0.0105    0.0119    0.0048    0.0114
            Z    -0.0005    0.0034   -0.0001   -0.0019    0.0011    0.0013
 AT.   8 O  X     0.0402    0.0793    0.0294    0.0010   -0.0251    0.0037
            Y    -0.0317   -0.0613   -0.0207   -0.0055    0.0168    0.0038
            Z    -0.0010   -0.0017   -0.0005    0.0001   -0.0006    0.0017
 AT.   9 O  X     0.0050    0.0130    0.0009   -0.0060   -0.0046    0.0069
            Y     0.0517    0.0977   -0.0140   -0.0260    0.0117    0.0240
            Z    -0.0009   -0.0019    0.0006    0.0023    0.0005    0.0006
 AT.  10 O  X     0.0951    0.0637   -0.0461    0.0538    0.0437   -0.0519
            Y     0.0375    0.0252   -0.0141    0.0283    0.0091   -0.0291
            Z     0.0011    0.0025   -0.0004   -0.0029    0.0017   -0.0039

 MODES IN ANTI-PHASE

 FREQ(CM**-1)     88.80    104.81    141.23    153.37    172.16    189.11

 AT.   1 CA X    -0.0098    0.0238   -0.0047    0.0160    0.0045    0.0229
            Y    -0.0096    0.0003    0.0065   -0.0197   -0.0192    0.0315
            Z     0.0025   -0.0051    0.0100    0.0141    0.0181   -0.0180
 AT.   2 MG X     0.0426    0.0021    0.0352   -0.0228    0.0011   -0.0040
            Y    -0.0072   -0.0043    0.0377    0.0168   -0.0058    0.0014
            Z     0.0202   -0.0276   -0.0248   -0.0280   -0.0043    0.0001
 AT.   3 C  X    -0.0323    0.0017   -0.0044    0.0078    0.0392    0.0353
            Y     0.0203    0.0121   -0.0141   -0.0374   -0.0123   -0.0114
            Z     0.0025    0.0355   -0.0098    0.0213   -0.0195    0.0385
 AT.   4 C  X     0.0111   -0.0177   -0.0066    0.0209   -0.0406    0.0090
            Y    -0.0220   -0.0068   -0.0039   -0.0364    0.0240    0.0122
            Z     0.0122    0.0240    0.0080    0.0151    0.0166   -0.0319
 AT.   5 O  X    -0.0580   -0.0105    0.0108    0.0156    0.0422    0.0182
            Y    -0.0160   -0.0013    0.0071   -0.0291   -0.0111   -0.0352
            Z     0.0351    0.0531   -0.0067    0.0472   -0.0365    0.0124
 AT.   6 O  X     0.0057    0.0165   -0.0246   -0.0061    0.0299    0.0880
            Y     0.0155    0.0101   -0.0099   -0.0341   -0.0127   -0.0149
            Z     0.0030   -0.0025   -0.0051   -0.0039    0.0276    0.0888
 AT.   7 O  X     0.0011    0.0326   -0.0114   -0.0266   -0.0274    0.0226
            Y     0.0108   -0.0421    0.0387    0.0248    0.0403   -0.0135
            Z     0.0204   -0.0665    0.0297    0.0347    0.0717   -0.0291
 AT.   8 O  X     0.0452    0.0465   -0.0058   -0.0000    0.0344    0.0208
            Y     0.0184    0.0338    0.0016    0.0203    0.0365   -0.0344
            Z    -0.0481   -0.0628    0.0070   -0.0285   -0.0729    0.0097
 AT.   9 O  X    -0.0035   -0.0278    0.0143    0.0191    0.0038    0.0901
            Y    -0.0077    0.0011    0.0130    0.0240    0.0195   -0.0145
            Z    -0.0020   -0.0604    0.0207    0.0069    0.0090    0.0905
 AT.  10 O  X     0.0159   -0.0278    0.0110    0.0235   -0.0418    0.0199
            Y    -0.0332    0.0161   -0.0424   -0.0447    0.0303   -0.0148
            Z    -0.0182    0.0079   -0.0320   -0.0100    0.0621   -0.0292

 FREQ(CM**-1)    208.79    227.18    267.65    297.70    324.43    332.71

 AT.   1 CA X     0.0475   -0.0052   -0.0037    0.0171    0.0044   -0.0026
            Y     0.0210    0.0050   -0.0011    0.0334   -0.0329   -0.0004
            Z     0.0439   -0.0113   -0.0026    0.0163    0.0298    0.0015
 AT.   2 MG X    -0.0266   -0.0204    0.0065   -0.0388   -0.0154   -0.0203
            Y     0.0331    0.0183   -0.0307   -0.0536    0.0116   -0.0268
            Z     0.0225   -0.0528    0.0228   -0.0186    0.0046    0.0727
 AT.   3 C  X     0.0062    0.0394    0.0056    0.0136    0.0028    0.0008
            Y     0.0314   -0.0098   -0.0302    0.0484   -0.0245    0.0058
            Z     0.0130   -0.0024    0.0130   -0.0080   -0.0090   -0.0063
 AT.   4 C  X     0.0291    0.0280    0.0306    0.0275   -0.0038    0.0192
            Y    -0.0042   -0.0244    0.0008    0.0284    0.0186    0.0057
            Z     0.0215   -0.0139   -0.0131    0.0160   -0.0005   -0.0173
 AT.   5 O  X     0.0158    0.0464   -0.0081    0.0072   -0.0062   -0.0087
            Y     0.0412   -0.0011   -0.0505    0.0364   -0.0288   -0.0068
            Z    -0.0085   -0.0151    0.0351    0.0498   -0.0068   -0.0286
 AT.   6 O  X    -0.0016    0.0327    0.0357    0.0074   -0.0234    0.0274
            Y     0.0308   -0.0105   -0.0347    0.0519   -0.0202    0.0069
            Z    -0.0079    0.0166    0.0226   -0.0222   -0.0784    0.0222
 AT.   7 O  X     0.0049   -0.0105   -0.0399    0.0247    0.0142   -0.0175
            Y     0.0168    0.0759    0.0024   -0.0183   -0.0091   -0.0060
            Z     0.0198    0.0591    0.0082    0.0131   -0.0414    0.0584
 AT.   8 O  X     0.0096   -0.0387    0.0197   -0.0160    0.0138    0.0090
            Y     0.0541   -0.0101    0.0597    0.0093    0.0216    0.0047
            Z     0.0116   -0.0056   -0.0543   -0.0176    0.0000    0.0329
 AT.   9 O  X    -0.0397   -0.0585   -0.0311    0.0063   -0.0065   -0.0252
            Y     0.0323   -0.0188    0.0399    0.0253    0.0089   -0.0070
            Z    -0.0371   -0.0292   -0.0194   -0.0034    0.0478   -0.0244
 AT.  10 O  X     0.0081    0.0371    0.0335    0.0406    0.0033    0.0160
            Y     0.0380   -0.0427   -0.0047    0.0093    0.0083    0.0079
            Z     0.0534   -0.0288   -0.0116   -0.0249   -0.0647   -0.0568

 FREQ(CM**-1)    373.03    380.39    439.30    459.86    464.70    497.45

 AT.   1 CA X     0.0302   -0.0058   -0.0044   -0.0157   -0.0107    0.0073
            Y    -0.0427   -0.0010   -0.0063    0.0339   -0.0118    0.0174
            Z     0.0101    0.0510   -0.0047    0.0041    0.0247    0.0138
 AT.   2 MG X     0.0035    0.0036   -0.0021   -0.0010   -0.0157    0.0099
            Y     0.0039   -0.0016    0.0244   -0.0020    0.0118    0.0110
            Z    -0.0041    0.0005   -0.0501    0.0032    0.0022    0.0087
 AT.   3 C  X    -0.0194   -0.0038    0.0205    0.0330    0.0065    0.0097
            Y     0.0054   -0.0258    0.0232    0.0064   -0.0322    0.0059
            Z    -0.0057    0.0095   -0.0139   -0.0289    0.0017    0.0312
 AT.   4 C  X     0.0153    0.0095    0.0285   -0.0335   -0.0092   -0.0047
            Y     0.0002    0.0231    0.0280   -0.0064    0.0371    0.0001
            Z    -0.0076   -0.0150    0.0308    0.0300   -0.0012   -0.0262
 AT.   5 O  X    -0.0160   -0.0065    0.0065    0.0236    0.0269    0.0234
            Y     0.0169   -0.0275    0.0038   -0.0101   -0.0151    0.0140
            Z    -0.0141   -0.0385    0.0111    0.0090   -0.0512    0.0347
 AT.   6 O  X    -0.0245   -0.0087    0.0226    0.0462    0.0220   -0.0171
            Y     0.0057   -0.0276    0.0166    0.0053   -0.0385    0.0181
            Z     0.0380    0.0145   -0.0358   -0.0789   -0.0065   -0.0068
 AT.   7 O  X    -0.0131    0.0217   -0.0400   -0.0081   -0.0071   -0.0256
            Y     0.0444    0.0339   -0.0008   -0.0016    0.0249   -0.0045
            Z    -0.0567   -0.0017   -0.0281   -0.0080   -0.0602   -0.0170
 AT.   8 O  X    -0.0441    0.0090    0.0045    0.0057    0.0030   -0.0165
            Y    -0.0006   -0.0479    0.0065   -0.0187   -0.0043   -0.0207
            Z    -0.0309   -0.0228    0.0064    0.0002   -0.0242   -0.0210
 AT.   9 O  X     0.0164    0.0333   -0.0291    0.0371    0.0015   -0.0007
            Y     0.0146   -0.0299   -0.0114    0.0003   -0.0087   -0.0204
            Z     0.0318   -0.0679    0.0372   -0.0570    0.0076    0.0005
 AT.  10 O  X     0.0122    0.0159    0.0375   -0.0210   -0.0063   -0.0049
            Y     0.0057    0.0212    0.0088   -0.0520    0.0335    0.0181
            Z     0.0151   -0.0473    0.0222    0.0002   -0.0670   -0.0307

 FREQ(CM**-1)    749.14    757.61    764.05    766.07    886.35    890.32

 AT.   1 CA X     0.0040    0.0043    0.0018    0.0021   -0.0006    0.0011
            Y     0.0000    0.0010   -0.0066    0.0021   -0.0014   -0.0003
            Z    -0.0007   -0.0030    0.0061    0.0010   -0.0010   -0.0015
 AT.   2 MG X    -0.0037   -0.0132    0.0160    0.0119   -0.0001   -0.0048
            Y     0.0039    0.0223    0.0039    0.0088   -0.0001    0.0010
            Z    -0.0029   -0.0019   -0.0208   -0.0079   -0.0003   -0.0062
 AT.   3 C  X     0.0354   -0.0008   -0.0025   -0.0305    0.0004    0.0008
            Y     0.0138    0.0060   -0.0003    0.0502   -0.0011   -0.0004
            Z    -0.0056    0.0050    0.0012   -0.0064   -0.0014    0.0192
 AT.   4 C  X     0.0412   -0.0415    0.0173   -0.0272   -0.0009    0.0004
            Y     0.0196   -0.0285   -0.0233    0.0446    0.0006   -0.0007
            Z    -0.0048   -0.0005   -0.0005   -0.0072    0.0197    0.0011
 AT.   5 O  X    -0.0274   -0.0066   -0.0035   -0.0778   -0.0012   -0.0016
            Y    -0.0744   -0.0002    0.0054    0.0148    0.0005    0.0001
            Z    -0.0158    0.0019   -0.0001   -0.0020    0.0002   -0.0055
 AT.   6 O  X    -0.0569    0.0110    0.0072    0.0785    0.0003    0.0014
            Y     0.0416    0.0045   -0.0010    0.0520   -0.0006   -0.0004
            Z     0.0128   -0.0028    0.0012   -0.0191   -0.0002   -0.0075
 AT.   7 O  X    -0.0798   -0.0733   -0.0111   -0.0154   -0.0025   -0.0041
            Y    -0.0023    0.0084    0.0925    0.0544   -0.0039    0.0070
            Z    -0.0048   -0.0105   -0.0109   -0.0081    0.0408   -0.0415
 AT.   8 O  X    -0.0066   -0.0407   -0.0710    0.0061    0.0085    0.0031
            Y     0.0050   -0.0705    0.0368    0.0051    0.0080    0.0017
            Z     0.0028   -0.0150   -0.0008    0.0007    0.0444    0.0447
 AT.   9 O  X     0.0071   -0.0361    0.0927   -0.0012   -0.0073   -0.0063
            Y     0.0042    0.0490    0.0410   -0.0032   -0.0019    0.0051
            Z    -0.0040    0.0042   -0.0125    0.0022    0.0449    0.0448
 AT.  10 O  X     0.0704   -0.0796   -0.0094    0.0293    0.0003    0.0003
            Y     0.0085    0.0021    0.0563   -0.0948    0.0003   -0.0003
            Z     0.0038   -0.0116   -0.0105    0.0207   -0.0060    0.0018

 FREQ(CM**-1)   1169.94   1172.63   1524.47   1555.92   1582.48   1658.29

 AT.   1 CA X    -0.0000    0.0003    0.0015    0.0010   -0.0016   -0.0015
            Y    -0.0005    0.0020   -0.0003    0.0014    0.0005   -0.0015
            Z    -0.0027    0.0007    0.0002   -0.0020   -0.0004   -0.0014
 AT.   2 MG X     0.0001    0.0062   -0.0001    0.0008   -0.0052   -0.0000
            Y     0.0001    0.0060    0.0002    0.0035    0.0053   -0.0003
            Z    -0.0009    0.0038    0.0000   -0.0049    0.0023   -0.0003
 AT.   3 C  X    -0.0000    0.0041   -0.0462    0.0065   -0.0311    0.0219
            Y     0.0021   -0.0003    0.0200    0.0196    0.0378    0.0042
            Z    -0.0003   -0.0009   -0.0014   -0.0005    0.0018    0.0005
 AT.   4 C  X     0.0001   -0.0016    0.0062   -0.0171   -0.0005   -0.0056
            Y    -0.0026    0.0007    0.0001   -0.0198    0.0195    0.0265
            Z     0.0005   -0.0000    0.0010    0.0006    0.0016    0.0005
 AT.   5 O  X     0.0190   -0.0710    0.0170    0.0010    0.0150   -0.0045
            Y    -0.0134    0.0539   -0.0133   -0.0021   -0.0146    0.0029
            Z    -0.0008    0.0015    0.0004   -0.0005   -0.0013   -0.0000
 AT.   6 O  X     0.0042   -0.0121    0.0017   -0.0026   -0.0007   -0.0024
            Y     0.0224   -0.0865   -0.0056   -0.0094   -0.0130   -0.0022
            Z    -0.0004    0.0019    0.0001    0.0018   -0.0003   -0.0001
 AT.   7 O  X    -0.0693    0.0010    0.0317    0.0493    0.0338    0.0489
            Y    -0.0273    0.0003    0.0095    0.0261    0.0079    0.0269
            Z    -0.0010   -0.0003    0.0007   -0.0025    0.0012    0.0037
 AT.   8 O  X     0.0700    0.0196    0.0533   -0.0002   -0.0504   -0.0033
            Y    -0.0529   -0.0136   -0.0395   -0.0127    0.0405    0.0208
            Z    -0.0022   -0.0004    0.0001    0.0022    0.0013    0.0051
 AT.   9 O  X     0.0114    0.0039    0.0033   -0.0127   -0.0041    0.0135
            Y     0.0871    0.0226   -0.0219   -0.0618    0.0325    0.0658
            Z    -0.0016   -0.0007    0.0009    0.0017    0.0010    0.0014
 AT.  10 O  X    -0.0003   -0.0686   -0.0013    0.0108   -0.0019   -0.0015
            Y    -0.0000   -0.0270   -0.0007    0.0049   -0.0017   -0.0024
            Z    -0.0003   -0.0022    0.0006   -0.0012    0.0000   -0.0000


  DISPERSION K POINT NUMBER    26 COORD:  C(  2  2  1 )    WEIGHT:    1.

    MODES         EIGV          FREQUENCIES     IRREP
             (HARTREE**2)   (CM**-1)     (THZ)
    1-   1    0.8974E-07     65.7487    1.9711  (  1)
    2-   2    0.2880E-06    117.7896    3.5312  (  1)
    3-   3    0.3319E-06    126.4317    3.7903  (  1)
    4-   4    0.4527E-06    147.6625    4.4268  (  1)
    5-   5    0.6395E-06    175.5114    5.2617  (  1)
    6-   6    0.8538E-06    202.7919    6.0795  (  1)
    7-   7    0.9694E-06    216.0950    6.4784  (  1)
    8-   8    0.1191E-05    239.4977    7.1800  (  1)
    9-   9    0.1377E-05    257.5457    7.7210  (  1)
   10-  10    0.1800E-05    294.4905    8.8286  (  1)
   11-  11    0.2010E-05    311.1853    9.3291  (  1)
   12-  12    0.2675E-05    358.9930   10.7623  (  1)
   13-  13    0.2899E-05    373.7050   11.2034  (  1)
   14-  14    0.3314E-05    399.5234   11.9774  (  1)
   15-  15    0.3610E-05    417.0013   12.5014  (  1)
   16-  16    0.4347E-05    457.6190   13.7191  (  1)
   17-  17    0.4521E-05    466.6546   13.9900  (  1)
   18-  18    0.4778E-05    479.7188   14.3816  (  1)
   19-  19    0.1162E-04    748.3021   22.4335  (  1)
   20-  20    0.1190E-04    757.0570   22.6960  (  1)
   21-  21    0.1204E-04    761.5884   22.8318  (  1)
   22-  22    0.1229E-04    769.3922   23.0658  (  1)
   23-  23    0.1647E-04    890.6546   26.7012  (  1)
   24-  24    0.1647E-04    890.7430   26.7038  (  1)
   25-  25    0.2841E-04   1169.8726   35.0719  (  1)
   26-  26    0.2853E-04   1172.1915   35.1414  (  1)
   27-  27    0.4851E-04   1528.6857   45.8288  (  1)
   28-  28    0.5121E-04   1570.6081   47.0856  (  1)
   29-  29    0.5154E-04   1575.6615   47.2371  (  1)
   30-  30    0.5485E-04   1625.4513   48.7298  (  1)

 MODES IN PHASE

 FREQ(CM**-1)     65.75    117.79    126.43    147.66    175.51    202.79

 AT.   1 CA X     0.0824    0.0361   -0.0123    0.0265   -0.0309   -0.0227
            Y     0.0432    0.0172    0.0305   -0.0609    0.0535    0.0357
            Z     0.0190   -0.0373    0.0868    0.0177   -0.0078   -0.0035
 AT.   2 MG X    -0.0237    0.0176   -0.0015   -0.0032    0.0033   -0.0103
            Y     0.0002    0.0043   -0.0284   -0.0202   -0.0078   -0.0039
            Z    -0.0225   -0.0368   -0.0151    0.0276    0.0180    0.0132
 AT.   3 C  X     0.0502   -0.0180   -0.0181   -0.0120   -0.0166   -0.0016
            Y    -0.0181    0.0173    0.0507   -0.0259   -0.0054   -0.0199
            Z     0.0113    0.0154    0.0277   -0.0096   -0.0204    0.0437
 AT.   4 C  X    -0.0272    0.0022    0.0073   -0.0176    0.0001   -0.0060
            Y     0.0124    0.0281   -0.0415   -0.0419    0.0008   -0.0256
            Z    -0.0109    0.0211   -0.0135    0.0353   -0.0053    0.0212
 AT.   5 O  X     0.0743   -0.0312   -0.0045   -0.0063   -0.0033   -0.0264
            Y     0.0130    0.0013    0.0650   -0.0176    0.0087   -0.0553
            Z     0.0300    0.0386    0.0342    0.0298   -0.0206    0.0657
 AT.   6 O  X     0.0083    0.0008   -0.0427   -0.0273   -0.0342    0.0458
            Y    -0.0137    0.0148    0.0523   -0.0261   -0.0040   -0.0244
            Z    -0.0017   -0.0607    0.0123   -0.0430    0.0062    0.0716
 AT.   7 O  X    -0.0373    0.0012    0.0025   -0.0084    0.0079   -0.0028
            Y     0.0318    0.0351   -0.0314   -0.0068    0.0699   -0.0146
            Z    -0.0119   -0.0140    0.0012    0.0415    0.0400   -0.0286
 AT.   8 O  X     0.0749   -0.0106   -0.0036    0.0158    0.0049    0.0020
            Y     0.0131    0.0093    0.0643    0.0328    0.0289   -0.0029
            Z     0.0290    0.0229    0.0340   -0.0386   -0.0340   -0.0158
 AT.   9 O  X     0.0088   -0.0251   -0.0445   -0.0210   -0.0776    0.0282
            Y    -0.0139    0.0012    0.0498    0.0178   -0.0034    0.0008
            Z    -0.0012   -0.0675    0.0116   -0.0708   -0.0415    0.0558
 AT.  10 O  X    -0.0333   -0.0163    0.0040   -0.0177   -0.0013   -0.0157
            Y     0.0285    0.0662   -0.0341   -0.0401    0.0042   -0.0014
            Z    -0.0134    0.0286   -0.0050    0.0222   -0.0391   -0.0329

 FREQ(CM**-1)    216.09    239.50    257.55    294.49    311.19    358.99

 AT.   1 CA X    -0.0316   -0.0149    0.0023   -0.0120    0.0006   -0.0123
            Y    -0.0086    0.0047    0.0005   -0.0000    0.0002   -0.0012
            Z     0.0357   -0.0187    0.0036    0.0047   -0.0004   -0.0282
 AT.   2 MG X    -0.0269   -0.0177    0.0546    0.0598    0.0172    0.0029
            Y     0.0163    0.0137   -0.0359   -0.0005    0.0595   -0.0580
            Z     0.0228   -0.0233    0.0194   -0.0047   -0.0675   -0.0417
 AT.   3 C  X     0.0112   -0.0483   -0.0358    0.0058    0.0284   -0.0093
            Y     0.0090    0.0054    0.0200   -0.0111   -0.0014   -0.0399
            Z     0.0078   -0.0239   -0.0114    0.0012   -0.0070   -0.0051
 AT.   4 C  X    -0.0373   -0.0503   -0.0429    0.0113    0.0250   -0.0052
            Y     0.0235    0.0047   -0.0073    0.0486   -0.0101   -0.0330
            Z     0.0349   -0.0244   -0.0011   -0.0320   -0.0095   -0.0003
 AT.   5 O  X     0.0106   -0.0392   -0.0361   -0.0136    0.0187   -0.0097
            Y     0.0084    0.0214    0.0192   -0.0375   -0.0223   -0.0395
            Z    -0.0468    0.0191    0.0002    0.0440    0.0297   -0.0498
 AT.   6 O  X     0.0058   -0.0841   -0.0323    0.0143    0.0419    0.0100
            Y     0.0094    0.0110    0.0207   -0.0136   -0.0022   -0.0455
            Z     0.0485   -0.0823   -0.0302   -0.0530   -0.0714   -0.0043
 AT.   7 O  X    -0.0512   -0.0047    0.0385   -0.0086   -0.0286   -0.0213
            Y     0.0395    0.0034    0.0119   -0.0421    0.0260    0.0169
            Z     0.0611   -0.0322    0.0664    0.0479   -0.0021    0.0182
 AT.   8 O  X     0.0473    0.0407    0.0276    0.0015   -0.0188    0.0235
            Y     0.0023   -0.0018   -0.0284   -0.0009    0.0227    0.0507
            Z    -0.0396   -0.0508    0.0175   -0.0068   -0.0302    0.0809
 AT.   9 O  X     0.0143    0.0645    0.0303   -0.0361   -0.0419   -0.0056
            Y    -0.0066   -0.0012   -0.0267   -0.0186    0.0024    0.0470
            Z     0.0295    0.0559    0.0334    0.0274    0.0718    0.0136
 AT.  10 O  X    -0.0521   -0.0392   -0.0415    0.0126    0.0284   -0.0053
            Y     0.0558   -0.0176   -0.0045    0.0405   -0.0265   -0.0202
            Z     0.0905   -0.0135   -0.0564   -0.0671    0.0016    0.0212

 FREQ(CM**-1)    373.71    399.52    417.00    457.62    466.65    479.72

 AT.   1 CA X    -0.0565   -0.0207    0.0017   -0.0032   -0.0107   -0.0061
            Y     0.0059   -0.0676   -0.0530   -0.0019    0.0052    0.0044
            Z    -0.0233    0.0156   -0.0389   -0.0085    0.0116    0.0033
 AT.   2 MG X     0.0052   -0.0018    0.0156   -0.0628    0.0416    0.1295
            Y    -0.0176   -0.0017   -0.0333    0.0229   -0.1219    0.0754
            Z    -0.0092   -0.0029   -0.0033    0.1299    0.0493    0.0586
 AT.   3 C  X     0.0326    0.0140   -0.0162    0.0237    0.0206   -0.0068
            Y     0.0297    0.0039   -0.0129    0.0119   -0.0150   -0.0105
            Z    -0.0151    0.0245    0.0512   -0.0131   -0.0246    0.0183
 AT.   4 C  X    -0.0152   -0.0174    0.0268    0.0235    0.0212   -0.0093
            Y     0.0136    0.0015    0.0272    0.0142   -0.0165   -0.0108
            Z     0.0452   -0.0320    0.0138   -0.0089   -0.0246    0.0150
 AT.   5 O  X     0.0217    0.0280    0.0235    0.0187    0.0209    0.0112
            Y     0.0063    0.0190    0.0380    0.0043   -0.0170    0.0036
            Z     0.0528    0.0231    0.0097    0.0350   -0.0170    0.0007
 AT.   6 O  X     0.0395   -0.0276   -0.0476    0.0084    0.0353   -0.0183
            Y     0.0245   -0.0005   -0.0084    0.0148   -0.0180   -0.0051
            Z    -0.0437   -0.0072    0.0663   -0.0596   -0.0561    0.0233
 AT.   7 O  X    -0.0080   -0.0295    0.0194   -0.0169   -0.0123   -0.0202
            Y    -0.0211    0.0449    0.0441   -0.0218    0.0025    0.0204
            Z     0.0138   -0.1044   -0.0041    0.0100   -0.0505   -0.0520
 AT.   8 O  X     0.0207   -0.0084    0.0131   -0.0046    0.0126    0.0353
            Y     0.0030    0.0107    0.0278    0.0183   -0.0036    0.0121
            Z     0.0501    0.0027   -0.0079    0.0186   -0.0180    0.0321
 AT.   9 O  X     0.0414    0.0041   -0.0459   -0.0294    0.0063    0.0052
            Y     0.0224    0.0131   -0.0166    0.0141   -0.0177    0.0112
            Z    -0.0471    0.0190    0.0692    0.0451    0.0118   -0.0333
 AT.  10 O  X    -0.0054   -0.0268    0.0242    0.0196    0.0119   -0.0038
            Y    -0.0200    0.0292    0.0288    0.0419    0.0207   -0.0387
            Z     0.0112   -0.0676    0.0074   -0.0009    0.0218    0.0171

 FREQ(CM**-1)    748.30    757.06    761.59    769.39    890.65    890.74

 AT.   1 CA X     0.0000    0.0111    0.0001    0.0017   -0.0028    0.0000
            Y     0.0000   -0.0020   -0.0052    0.0021   -0.0010    0.0005
            Z    -0.0000    0.0003    0.0092   -0.0016    0.0011    0.0026
 AT.   2 MG X    -0.0004    0.0105   -0.0004    0.0075   -0.0000   -0.0020
            Y     0.0032   -0.0099    0.0005    0.0097    0.0000    0.0035
            Z     0.0017    0.0016    0.0005   -0.0119   -0.0001    0.0024
 AT.   3 C  X    -0.0434    0.0326   -0.0434    0.0227    0.0004   -0.0002
            Y    -0.0297    0.0402    0.0343   -0.0257    0.0041   -0.0038
            Z     0.0047    0.0072   -0.0000    0.0110    0.1765    0.1768
 AT.   4 C  X    -0.0214   -0.0050    0.0425    0.0070   -0.0003   -0.0003
            Y    -0.0139   -0.0337   -0.0344   -0.0238   -0.0040   -0.0038
            Z     0.0018   -0.0017    0.0001   -0.0122   -0.1764    0.1769
 AT.   5 O  X     0.0479   -0.0628   -0.0511    0.0422   -0.0047   -0.0053
            Y     0.0993   -0.0847    0.0600   -0.0179   -0.0030   -0.0054
            Z     0.0194   -0.0202    0.0089   -0.0030   -0.0500   -0.0496
 AT.   6 O  X     0.0699   -0.0378    0.1029   -0.0546    0.0088    0.0064
            Y    -0.0652    0.0691    0.0207   -0.0230   -0.0058   -0.0014
            Z    -0.0119    0.0041   -0.0197    0.0133   -0.0486   -0.0515
 AT.   7 O  X     0.0392   -0.0457   -0.0009    0.0355   -0.0033    0.0045
            Y     0.0089    0.0442    0.0397   -0.1012    0.0011   -0.0057
            Z     0.0003   -0.0129   -0.0059    0.0195    0.0237    0.0223
 AT.   8 O  X    -0.0481   -0.0634   -0.0332   -0.0784    0.0020    0.0056
            Y    -0.0993   -0.0843    0.0458    0.0121    0.0011    0.0050
            Z    -0.0194   -0.0203    0.0047   -0.0052   -0.0257    0.0247
 AT.   9 O  X    -0.0696   -0.0371    0.0715    0.0773    0.0021   -0.0032
            Y     0.0654    0.0695    0.0109    0.0534   -0.0074   -0.0019
            Z     0.0119    0.0039   -0.0099   -0.0162   -0.0234    0.0245
 AT.  10 O  X    -0.0412   -0.0438    0.0098   -0.0268    0.0030   -0.0017
            Y    -0.0088    0.0439    0.0975    0.0470   -0.0068    0.0078
            Z    -0.0004   -0.0126   -0.0122   -0.0086    0.0504   -0.0487

 FREQ(CM**-1)   1169.87   1172.19   1528.69   1570.61   1575.66   1625.45

 AT.   1 CA X    -0.0004   -0.0001   -0.0000   -0.0006    0.0012    0.0006
            Y    -0.0035   -0.0006    0.0001   -0.0002   -0.0009    0.0009
            Z     0.0007   -0.0007   -0.0001    0.0004    0.0012   -0.0009
 AT.   2 MG X     0.0012   -0.0093    0.0007   -0.0028    0.0025   -0.0013
            Y     0.0011   -0.0089    0.0004   -0.0009   -0.0037   -0.0020
            Z    -0.0050   -0.0062   -0.0011    0.0051    0.0006    0.0010
 AT.   3 C  X     0.0005   -0.0012    0.1544    0.0438   -0.0651    0.0626
            Y     0.0001   -0.0029   -0.0716   -0.0027   -0.0035    0.1588
            Z     0.0007   -0.0007    0.0012    0.0031    0.0004    0.0034
 AT.   4 C  X    -0.0008   -0.0033    0.0533    0.0171    0.1736    0.0130
            Y     0.0008   -0.0014   -0.0584    0.1641   -0.0068   -0.0140
            Z    -0.0013   -0.0001   -0.0003   -0.0036   -0.0035    0.0018
 AT.   5 O  X     0.0104    0.0399   -0.0594   -0.0137    0.0162    0.0089
            Y    -0.0092   -0.0319    0.0425    0.0096   -0.0119   -0.0242
            Z    -0.0005   -0.0004   -0.0006   -0.0023    0.0004   -0.0039
 AT.   6 O  X    -0.0000    0.0063   -0.0044   -0.0013    0.0044   -0.0148
            Y     0.0131    0.0519    0.0234   -0.0009    0.0067   -0.0716
            Z     0.0002   -0.0012   -0.0000   -0.0031   -0.0017   -0.0004
 AT.   7 O  X     0.0882    0.0936    0.0174    0.0321    0.0392    0.0324
            Y     0.0350    0.0364    0.0034    0.0227    0.0147    0.0182
            Z     0.0014    0.0031    0.0015   -0.0038   -0.0006    0.0027
 AT.   8 O  X     0.0403   -0.0094    0.0596    0.0039    0.0265   -0.0033
            Y    -0.0320    0.0088   -0.0430    0.0025   -0.0157    0.0184
            Z    -0.0016   -0.0002    0.0003    0.0015   -0.0030    0.0040
 AT.   9 O  X     0.0048   -0.0012    0.0041    0.0047    0.0060    0.0115
            Y     0.0505   -0.0149   -0.0254    0.0271   -0.0031    0.0577
            Z    -0.0007    0.0005    0.0001    0.0019   -0.0004    0.0017
 AT.  10 O  X     0.0953   -0.0865   -0.0105   -0.0300   -0.0657   -0.0047
            Y     0.0378   -0.0336   -0.0013   -0.0230   -0.0233   -0.0030
            Z     0.0013   -0.0027   -0.0014    0.0043    0.0006   -0.0005

 MODES IN ANTI-PHASE

 FREQ(CM**-1)     65.75    117.79    126.43    147.66    175.51    202.79

 AT.   1 CA X     0.0030    0.0109    0.0011    0.0170   -0.0308   -0.0108
            Y     0.0016    0.0052   -0.0027   -0.0392    0.0533    0.0169
            Z     0.0007   -0.0113   -0.0076    0.0114   -0.0078   -0.0017
 AT.   2 MG X     0.0377   -0.0165    0.0033    0.0017   -0.0009    0.0071
            Y    -0.0002   -0.0041    0.0608    0.0104    0.0021    0.0027
            Z     0.0358    0.0346    0.0323   -0.0142   -0.0049   -0.0091
 AT.   3 C  X     0.0059   -0.0033    0.0056    0.0131   -0.0286    0.0059
            Y    -0.0050   -0.0271    0.0117    0.0330   -0.0109    0.0199
            Z     0.0067   -0.0201   -0.0056   -0.0502   -0.0244   -0.0060
 AT.   4 C  X    -0.0427    0.0181    0.0175    0.0022    0.0331   -0.0006
            Y     0.0142   -0.0156   -0.0313    0.0020    0.0122    0.0116
            Z    -0.0073   -0.0141   -0.0248    0.0369    0.0313   -0.0387
 AT.   5 O  X     0.0107    0.0278   -0.0048    0.0202    0.0050    0.0241
            Y     0.0024    0.0150   -0.0015    0.0441    0.0289    0.0413
            Z    -0.0128   -0.0167   -0.0014   -0.0560   -0.0339   -0.0740
 AT.   6 O  X     0.0061   -0.0465    0.0140   -0.0106   -0.0774   -0.0009
            Y    -0.0033   -0.0201    0.0100    0.0315   -0.0034    0.0209
            Z     0.0063   -0.0305    0.0033   -0.0582   -0.0415    0.0136
 AT.   7 O  X     0.0531   -0.0313   -0.0091   -0.0156   -0.0014   -0.0179
            Y    -0.0430    0.0669    0.0184   -0.0409    0.0039    0.0101
            Z    -0.0198    0.0728    0.0360    0.0055   -0.0393   -0.0192
 AT.   8 O  X    -0.0051   -0.0404    0.0055   -0.0141   -0.0034   -0.0357
            Y    -0.0015   -0.0118   -0.0097   -0.0344    0.0086   -0.0689
            Z     0.0150    0.0352   -0.0045    0.0504   -0.0204    0.0977
 AT.   9 O  X    -0.0055    0.0392   -0.0064   -0.0204   -0.0338    0.0361
            Y     0.0023    0.0249   -0.0189   -0.0368   -0.0039   -0.0321
            Z    -0.0064   -0.0082   -0.0053   -0.0149    0.0063    0.0468
 AT.  10 O  X    -0.0557    0.0267    0.0085   -0.0012    0.0079    0.0091
            Y     0.0452   -0.0363   -0.0127    0.0108    0.0699   -0.0177
            Z     0.0189   -0.0683   -0.0357    0.0354    0.0402   -0.0100

 FREQ(CM**-1)    216.09    239.50    257.55    294.49    311.19    358.99

 AT.   1 CA X    -0.0127   -0.0231    0.0201    0.0304   -0.0641   -0.0300
            Y    -0.0035    0.0074    0.0045    0.0001   -0.0233   -0.0030
            Z     0.0144   -0.0290    0.0314   -0.0119    0.0452   -0.0687
 AT.   2 MG X     0.0210    0.0009    0.0237    0.0751    0.0101    0.0004
            Y    -0.0128   -0.0007   -0.0156   -0.0006    0.0351   -0.0078
            Z    -0.0179    0.0011    0.0084   -0.0059   -0.0398   -0.0056
 AT.   3 C  X     0.0412    0.0235   -0.0253    0.0130    0.0129    0.0141
            Y    -0.0219    0.0067   -0.0288    0.0473   -0.0108    0.0206
            Z    -0.0340    0.0058    0.0091   -0.0325   -0.0070    0.0174
 AT.   4 C  X    -0.0207   -0.0188   -0.0088    0.0086    0.0186   -0.0161
            Y    -0.0035   -0.0071    0.0342   -0.0002    0.0040   -0.0304
            Z     0.0006   -0.0034   -0.0145   -0.0061   -0.0027   -0.0181
 AT.   5 O  X     0.0572    0.0269   -0.0333    0.0124    0.0076    0.0237
            Y    -0.0054    0.0077   -0.0427    0.0415   -0.0222    0.0322
            Z    -0.0084   -0.0472    0.0778   -0.0372    0.0271    0.0647
 AT.   6 O  X     0.0147    0.0326   -0.0049    0.0376   -0.0006    0.0022
            Y    -0.0194    0.0037   -0.0287    0.0417   -0.0135    0.0208
            Z    -0.0080    0.0239    0.0174    0.0166   -0.0220    0.0151
 AT.   7 O  X    -0.0219   -0.0452   -0.0173   -0.0092    0.0098   -0.0291
            Y     0.0395   -0.0179    0.0311   -0.0143    0.0238   -0.0115
            Z     0.0670   -0.0295    0.0362    0.0471    0.0286    0.0486
 AT.   8 O  X    -0.0339   -0.0246   -0.0406    0.0183    0.0072    0.0101
            Y     0.0097    0.0226   -0.0373    0.0559   -0.0218   -0.0048
            Z    -0.0263   -0.0022    0.0758   -0.0572    0.0266    0.0111
 AT.   9 O  X    -0.0066   -0.0630   -0.0121    0.0178   -0.0014    0.0086
            Y     0.0205    0.0116   -0.0232    0.0398   -0.0135   -0.0172
            Z     0.0394   -0.0650    0.0101    0.0483   -0.0207    0.0077
 AT.  10 O  X    -0.0196   -0.0230   -0.0081   -0.0009    0.0103   -0.0356
            Y    -0.0011   -0.0044    0.0330    0.0183    0.0233    0.0037
            Z    -0.0061   -0.0415    0.0504    0.0018    0.0287    0.0473

 FREQ(CM**-1)    373.71    399.52    417.00    457.62    466.65    479.72

 AT.   1 CA X    -0.0018    0.0088    0.0003   -0.0065   -0.0198   -0.0094
            Y     0.0002    0.0289   -0.0089   -0.0040    0.0096    0.0068
            Z    -0.0007   -0.0067   -0.0065   -0.0174    0.0215    0.0050
 AT.   2 MG X    -0.0083    0.0148   -0.0189   -0.0045    0.0012   -0.0069
            Y     0.0283    0.0143    0.0404    0.0016   -0.0034   -0.0040
            Z     0.0148    0.0237    0.0040    0.0093    0.0014   -0.0031
 AT.   3 C  X     0.0008    0.0160   -0.0242    0.0007    0.0124    0.0240
            Y    -0.0300   -0.0221   -0.0252    0.0172   -0.0265    0.0034
            Z    -0.0430    0.0341   -0.0240    0.0285   -0.0001    0.0301
 AT.   4 C  X    -0.0288    0.0122    0.0112    0.0026   -0.0112   -0.0231
            Y    -0.0400   -0.0224    0.0078   -0.0153    0.0256   -0.0023
            Z    -0.0056    0.0273   -0.0548   -0.0301   -0.0012   -0.0319
 AT.   5 O  X    -0.0164    0.0385   -0.0281    0.0088    0.0287    0.0436
            Y    -0.0530    0.0034   -0.0249    0.0266   -0.0155    0.0148
            Z    -0.0411    0.0184   -0.0525    0.0512   -0.0327    0.0355
 AT.   6 O  X     0.0314   -0.0322   -0.0025   -0.0308    0.0306   -0.0024
            Y    -0.0329   -0.0186   -0.0266    0.0296   -0.0330    0.0100
            Z    -0.0564   -0.0333    0.0201    0.0105   -0.0225   -0.0261
 AT.   7 O  X     0.0415    0.0089    0.0180    0.0117    0.0062   -0.0131
            Y     0.0175    0.0026   -0.0397    0.0361    0.0264   -0.0333
            Z    -0.0403   -0.0064    0.0347    0.0067   -0.0070   -0.0043
 AT.   8 O  X     0.0177   -0.0468    0.0342    0.0201    0.0331    0.0279
            Y     0.0533   -0.0161    0.0359    0.0198   -0.0227    0.0093
            Z     0.0443   -0.0294    0.0528    0.0592   -0.0321    0.0150
 AT.   9 O  X    -0.0288    0.0422   -0.0131   -0.0125    0.0463   -0.0177
            Y     0.0343    0.0132    0.0224    0.0299   -0.0331   -0.0006
            Z     0.0536    0.0282    0.0025   -0.0404   -0.0593    0.0108
 AT.  10 O  X    -0.0419    0.0151   -0.0108   -0.0061   -0.0069   -0.0238
            Y    -0.0188   -0.0342    0.0519    0.0052    0.0166    0.0051
            Z     0.0411    0.0798   -0.0341    0.0119   -0.0460   -0.0493

 FREQ(CM**-1)    748.30    757.06    761.59    769.39    890.65    890.74

 AT.   1 CA X     0.0024    0.0002   -0.0001   -0.0033    0.0016    0.0000
            Y     0.0033   -0.0000    0.0027   -0.0041    0.0005    0.0009
            Z    -0.0015    0.0000   -0.0048    0.0031   -0.0006    0.0045
 AT.   2 MG X    -0.0002   -0.0176    0.0103    0.0118    0.0023    0.0000
            Y     0.0018    0.0166   -0.0136    0.0153   -0.0016   -0.0000
            Z     0.0010   -0.0026   -0.0134   -0.0189    0.0112   -0.0000
 AT.   3 C  X     0.0015   -0.0119    0.0099    0.0185   -0.0058    0.0047
            Y     0.0019    0.0166    0.0026   -0.0385   -0.0027    0.0036
            Z    -0.0008   -0.0020   -0.0015   -0.0083   -0.0003   -0.0031
 AT.   4 C  X    -0.0378   -0.0343    0.0132    0.0285   -0.0058   -0.0047
            Y    -0.0263   -0.0275   -0.0000   -0.0397   -0.0028   -0.0036
            Z     0.0044   -0.0073   -0.0015    0.0064   -0.0031    0.0003
 AT.   5 O  X    -0.0075   -0.0234    0.0052    0.0662   -0.0052    0.0034
            Y    -0.0007    0.0130   -0.0144   -0.0024   -0.0030    0.0028
            Z    -0.0026   -0.0008    0.0004    0.0084    0.0001    0.0007
 AT.   6 O  X     0.0084    0.0267   -0.0161   -0.0563    0.0028   -0.0001
            Y     0.0063    0.0147    0.0009   -0.0490    0.0051   -0.0029
            Z     0.0002   -0.0053   -0.0015    0.0105   -0.0018   -0.0006
 AT.   7 O  X    -0.0739    0.0661   -0.0126    0.0081   -0.0055    0.0005
            Y     0.0043   -0.0070   -0.0910    0.0126    0.0086    0.0057
            Z    -0.0067    0.0096    0.0107   -0.0029   -0.0445   -0.0433
 AT.   8 O  X    -0.0062    0.0216    0.0392    0.0028    0.0067   -0.0029
            Y     0.0020   -0.0154   -0.0414    0.0134    0.0041   -0.0033
            Z    -0.0021    0.0002   -0.0076    0.0073    0.0428   -0.0430
 AT.   9 O  X     0.0103   -0.0278   -0.0757    0.0130   -0.0090    0.0055
            Y     0.0045   -0.0127   -0.0176   -0.0089    0.0024   -0.0026
            Z    -0.0001    0.0054    0.0171   -0.0050    0.0426   -0.0453
 AT.  10 O  X    -0.0729   -0.0674    0.0079   -0.0247    0.0056    0.0042
            Y     0.0045    0.0083    0.0187    0.0905   -0.0054   -0.0022
            Z    -0.0067   -0.0099   -0.0011   -0.0177    0.0025   -0.0016

 FREQ(CM**-1)   1169.87   1172.19   1528.69   1570.61   1575.66   1625.45

 AT.   1 CA X    -0.0001   -0.0005    0.0003    0.0033   -0.0024   -0.0018
            Y    -0.0007   -0.0031   -0.0012    0.0010    0.0018   -0.0025
            Z     0.0001   -0.0036    0.0011   -0.0021   -0.0025    0.0026
 AT.   2 MG X    -0.0014   -0.0032    0.0005   -0.0024    0.0038   -0.0015
            Y    -0.0013   -0.0030    0.0003   -0.0008   -0.0055   -0.0023
            Z     0.0057   -0.0021   -0.0008    0.0044    0.0009    0.0011
 AT.   3 C  X     0.0008   -0.0038   -0.0026    0.0105    0.1609    0.0222
            Y    -0.0008    0.0015   -0.0349    0.1665   -0.0088    0.0090
            Z     0.0012    0.0007   -0.0008   -0.0041   -0.0037    0.0023
 AT.   4 C  X    -0.0004    0.0023    0.1449    0.0417   -0.0010    0.0652
            Y    -0.0002   -0.0030   -0.0541   -0.0282   -0.0065    0.1584
            Z    -0.0006   -0.0010    0.0014    0.0037   -0.0010    0.0037
 AT.   5 O  X     0.0800    0.0716   -0.0058    0.0244   -0.0465   -0.0060
            Y    -0.0611   -0.0540    0.0066   -0.0315    0.0293    0.0010
            Z    -0.0028   -0.0014    0.0015    0.0019    0.0036   -0.0016
 AT.   6 O  X     0.0125    0.0119    0.0017   -0.0096   -0.0112    0.0002
            Y     0.1001    0.0860    0.0150   -0.0726   -0.0013   -0.0024
            Z    -0.0022   -0.0016   -0.0004    0.0027    0.0019   -0.0022
 AT.   7 O  X     0.0361   -0.0001   -0.0437    0.0002    0.0527   -0.0335
            Y     0.0142    0.0001   -0.0133    0.0049    0.0182   -0.0182
            Z     0.0001    0.0006   -0.0002   -0.0020   -0.0003   -0.0027
 AT.   8 O  X    -0.0698    0.0814    0.0034    0.0277   -0.0416   -0.0102
            Y     0.0529   -0.0621    0.0000   -0.0328    0.0275    0.0158
            Z     0.0024   -0.0014    0.0016    0.0026    0.0019    0.0011
 AT.   9 O  X    -0.0115    0.0134    0.0023   -0.0085   -0.0104    0.0093
            Y    -0.0874    0.0994    0.0112   -0.0674   -0.0060    0.0425
            Z     0.0021   -0.0019   -0.0004    0.0036    0.0025   -0.0015
 AT.  10 O  X     0.0005    0.0358   -0.0458   -0.0114    0.0019   -0.0463
            Y     0.0003    0.0141   -0.0136   -0.0037   -0.0003   -0.0256
            Z     0.0004    0.0017   -0.0004   -0.0005    0.0003   -0.0038


  DISPERSION K POINT NUMBER    27 COORD:  C(  2  2  2 )    WEIGHT:    1.

    MODES         EIGV          FREQUENCIES     IRREP
             (HARTREE**2)   (CM**-1)     (THZ)
    1-   2    0.1657E-06     89.3310    2.6781  (  1)
    3-   4    0.4012E-06    139.0150    4.1676  (  1)
    5-   5    0.4856E-06    152.9422    4.5851  (  2)
    6-   6    0.7217E-06    186.4438    5.5894  (  2)
    7-   8    0.8854E-06    206.5123    6.1911  (  1)
    9-   9    0.1243E-05    244.6820    7.3354  (  2)
   10-  11    0.1843E-05    297.9176    8.9313  (  1)
   12-  12    0.2002E-05    310.5337    9.3096  (  2)
   13-  14    0.2991E-05    379.5664   11.3791  (  1)
   15-  16    0.4401E-05    460.4183   13.8030  (  1)
   17-  17    0.4403E-05    460.5543   13.8071  (  2)
   18-  18    0.5590E-05    518.9061   15.5564  (  2)
   19-  20    0.1197E-04    759.3016   22.7633  (  1)
   21-  22    0.1224E-04    767.7769   23.0174  (  1)
   23-  23    0.1676E-04    898.4441   26.9347  (  2)
   24-  24    0.1730E-04    912.9099   27.3683  (  2)
   25-  25    0.2852E-04   1172.1690   35.1407  (  2)
   26-  26    0.2863E-04   1174.4087   35.2079  (  2)
   27-  28    0.4823E-04   1524.1923   45.6941  (  1)
   29-  30    0.4991E-04   1550.5790   46.4852  (  1)

 MODES IN PHASE

 FREQ(CM**-1)     89.33     89.33    139.02    139.02    152.94    186.44

 AT.   1 CA X     0.0551   -0.0551   -0.0420    0.0420    0.0000    0.0000
            Y     0.0022   -0.0022    0.0219   -0.0219    0.0000    0.0000
            Z     0.0000    0.0000    0.0000    0.0000    0.0609    0.0718
 AT.   2 MG X    -0.0425    0.0425    0.0008   -0.0008    0.0000    0.0000
            Y     0.0076   -0.0076    0.0413   -0.0413    0.0000    0.0000
            Z     0.0000    0.0000    0.0000    0.0000   -0.0605   -0.0063
 AT.   3 C  X     0.0392   -0.0389   -0.0211   -0.0467    0.0000    0.0000
            Y     0.0154    0.0408   -0.0049   -0.0142    0.0000    0.0000
            Z     0.0000    0.0000    0.0000    0.0000    0.0724   -0.0233
 AT.   4 C  X     0.0389   -0.0392    0.0467    0.0211    0.0000    0.0000
            Y    -0.0408   -0.0154    0.0142    0.0049    0.0000    0.0000
            Z     0.0000    0.0000    0.0000    0.0000    0.0219   -0.0223
 AT.   5 O  X     0.0397   -0.0388   -0.0209   -0.0499   -0.0042    0.0540
            Y     0.0156    0.0425   -0.0030   -0.0182   -0.0056    0.0666
            Z     0.0187   -0.0197   -0.0279    0.0601    0.0730   -0.0268
 AT.   6 O  X     0.0418   -0.0374   -0.0175   -0.0534    0.0069   -0.0847
            Y     0.0150    0.0417   -0.0034   -0.0147   -0.0008    0.0134
            Z    -0.0064   -0.0100    0.0472   -0.0658    0.0730   -0.0268
 AT.   7 O  X     0.0403   -0.0388   -0.0195   -0.0486   -0.0027    0.0307
            Y     0.0135    0.0409   -0.0062   -0.0134    0.0064   -0.0801
            Z    -0.0123    0.0297   -0.0193    0.0057    0.0730   -0.0268
 AT.   8 O  X     0.0388   -0.0397    0.0499    0.0209    0.0070    0.0527
            Y    -0.0425   -0.0156    0.0182    0.0030    0.0057    0.0649
            Z     0.0197   -0.0187   -0.0601    0.0279    0.0224   -0.0255
 AT.   9 O  X     0.0374   -0.0418    0.0534    0.0175   -0.0084   -0.0826
            Y    -0.0417   -0.0150    0.0147    0.0034    0.0032    0.0132
            Z     0.0100    0.0064    0.0658   -0.0472    0.0224   -0.0255
 AT.  10 O  X     0.0388   -0.0403    0.0486    0.0195    0.0014    0.0298
            Y    -0.0409   -0.0135    0.0134    0.0062   -0.0089   -0.0781
            Z    -0.0297    0.0123   -0.0057    0.0193    0.0224   -0.0255

 FREQ(CM**-1)    206.51    206.51    244.68    297.92    297.92    310.53

 AT.   1 CA X    -0.0137    0.0137    0.0000   -0.0037    0.0037    0.0000
            Y    -0.0488    0.0488    0.0000   -0.0381    0.0381    0.0000
            Z     0.0000    0.0000    0.0241    0.0000    0.0000   -0.0046
 AT.   2 MG X     0.0052   -0.0052    0.0000    0.0308   -0.0308    0.0000
            Y     0.0005   -0.0005    0.0000   -0.0614    0.0614    0.0000
            Z     0.0000    0.0000   -0.0039    0.0000    0.0000   -0.0072
 AT.   3 C  X     0.0035   -0.0450    0.0000    0.0128    0.0036    0.0000
            Y    -0.0422   -0.0111    0.0000   -0.0032   -0.0125    0.0000
            Z     0.0000    0.0000   -0.0152    0.0000    0.0000   -0.0424
 AT.   4 C  X     0.0450   -0.0035    0.0000   -0.0036   -0.0128    0.0000
            Y     0.0111    0.0422    0.0000    0.0125    0.0032    0.0000
            Z     0.0000    0.0000    0.0575    0.0000    0.0000    0.0401
 AT.   5 O  X     0.0068   -0.0514    0.0297    0.0071   -0.0038   -0.0336
            Y    -0.0378   -0.0197    0.0380   -0.0126   -0.0222   -0.0470
            Z    -0.0164    0.0635   -0.0177    0.0546    0.0487   -0.0375
 AT.   6 O  X     0.0080   -0.0577   -0.0478    0.0072   -0.0169    0.0575
            Y    -0.0431   -0.0117    0.0067   -0.0024   -0.0125   -0.0056
            Z     0.0169   -0.0568   -0.0177   -0.0632   -0.0880   -0.0375
 AT.   7 O  X     0.0028   -0.0476    0.0181    0.0160   -0.0020   -0.0239
            Y    -0.0415   -0.0103   -0.0447   -0.0076   -0.0060    0.0526
            Z    -0.0005   -0.0067   -0.0177    0.0086    0.0393   -0.0375
 AT.   8 O  X     0.0514   -0.0068   -0.0398    0.0038   -0.0071    0.0341
            Y     0.0197    0.0378   -0.0532    0.0222    0.0126    0.0485
            Z    -0.0635    0.0164    0.0601   -0.0487   -0.0546    0.0351
 AT.   9 O  X     0.0577   -0.0080    0.0660    0.0169   -0.0072   -0.0591
            Y     0.0117    0.0431   -0.0078    0.0125    0.0024    0.0053
            Z     0.0568   -0.0169    0.0601    0.0880    0.0632    0.0351
 AT.  10 O  X     0.0476   -0.0028   -0.0262    0.0020   -0.0160    0.0250
            Y     0.0103    0.0415    0.0610    0.0060    0.0076   -0.0538
            Z     0.0067    0.0005    0.0601   -0.0393   -0.0086    0.0351

 FREQ(CM**-1)    379.57    379.57    460.42    460.42    460.55    518.91

 AT.   1 CA X     0.0484   -0.0484    0.0091   -0.0091    0.0000    0.0000
            Y     0.0265   -0.0265   -0.0038    0.0038    0.0000    0.0000
            Z     0.0000    0.0000    0.0000    0.0000    0.0813   -0.0379
 AT.   2 MG X     0.0040   -0.0040   -0.1101    0.1101    0.0000    0.0000
            Y     0.0029   -0.0029   -0.0004    0.0004    0.0000    0.0000
            Z     0.0000    0.0000    0.0000    0.0000    0.0528    0.1466
 AT.   3 C  X    -0.0312    0.0125   -0.0028    0.0222    0.0000    0.0000
            Y    -0.0146    0.0358    0.0246    0.0156    0.0000    0.0000
            Z     0.0000    0.0000    0.0000    0.0000   -0.0682    0.0552
 AT.   4 C  X    -0.0125    0.0312   -0.0222    0.0028    0.0000    0.0000
            Y    -0.0358    0.0146   -0.0156   -0.0246    0.0000    0.0000
            Z     0.0000    0.0000    0.0000    0.0000   -0.0549    0.0505
 AT.   5 O  X    -0.0297    0.0062   -0.0186    0.0199   -0.0289    0.0196
            Y    -0.0060    0.0245    0.0138    0.0129   -0.0385    0.0204
            Z    -0.0462    0.0717    0.0374    0.0472   -0.0432    0.0260
 AT.   6 O  X    -0.0284    0.0125   -0.0202    0.0018    0.0478   -0.0274
            Y    -0.0150    0.0372    0.0330    0.0231   -0.0057    0.0068
            Z     0.0625   -0.0142    0.0013   -0.0358   -0.0432    0.0260
 AT.   7 O  X    -0.0369    0.0204   -0.0027    0.0196   -0.0189    0.0078
            Y    -0.0116    0.0254    0.0248    0.0337    0.0442   -0.0271
            Z    -0.0163   -0.0575   -0.0387   -0.0114   -0.0432    0.0260
 AT.   8 O  X    -0.0062    0.0297   -0.0199    0.0186   -0.0236    0.0179
            Y    -0.0245    0.0060   -0.0129   -0.0138   -0.0330    0.0190
            Z    -0.0717    0.0462   -0.0472   -0.0374   -0.0350    0.0239
 AT.   9 O  X    -0.0125    0.0284   -0.0018    0.0202    0.0404   -0.0254
            Y    -0.0372    0.0150   -0.0231   -0.0330   -0.0040    0.0060
            Z     0.0142   -0.0625    0.0358   -0.0013   -0.0350    0.0239
 AT.  10 O  X    -0.0204    0.0369   -0.0196    0.0027   -0.0168    0.0075
            Y    -0.0254    0.0116   -0.0337   -0.0248    0.0370   -0.0250
            Z     0.0575    0.0163    0.0114    0.0387   -0.0350    0.0239

 FREQ(CM**-1)    759.30    759.30    767.78    767.78    898.44    912.91

 AT.   1 CA X     0.0051   -0.0051   -0.0037    0.0037    0.0000    0.0000
            Y     0.0023   -0.0023   -0.0009    0.0009    0.0000    0.0000
            Z     0.0000    0.0000    0.0000    0.0000    0.0058    0.0067
 AT.   2 MG X    -0.0015    0.0015   -0.0189    0.0189    0.0000    0.0000
            Y    -0.0001    0.0001    0.0012   -0.0012    0.0000    0.0000
            Z     0.0000    0.0000    0.0000    0.0000    0.0065   -0.0186
 AT.   3 C  X     0.0198    0.0247   -0.0390   -0.0224    0.0000    0.0000
            Y     0.0323   -0.0339   -0.0067    0.0371    0.0000    0.0000
            Z     0.0000    0.0000    0.0000    0.0000    0.1738    0.0255
 AT.   4 C  X    -0.0247   -0.0198    0.0224    0.0390    0.0000    0.0000
            Y     0.0339   -0.0323   -0.0371    0.0067    0.0000    0.0000
            Z     0.0000    0.0000    0.0000    0.0000   -0.0247    0.1708
 AT.   5 O  X    -0.0493    0.0585    0.0098   -0.0561   -0.0061   -0.0007
            Y    -0.0583   -0.0159    0.0684    0.0173   -0.0054   -0.0013
            Z    -0.0108    0.0033    0.0170    0.0012   -0.0523   -0.0075
 AT.   6 O  X    -0.0255   -0.0612    0.0653    0.0613    0.0077    0.0015
            Y     0.0533   -0.0357   -0.0282    0.0344   -0.0026    0.0000
            Z     0.0049    0.0064   -0.0135   -0.0147   -0.0523   -0.0075
 AT.   7 O  X     0.0593   -0.0186   -0.0462    0.0174   -0.0016   -0.0008
            Y    -0.0230    0.0778   -0.0280   -0.0758    0.0080    0.0013
            Z     0.0059   -0.0097   -0.0035    0.0135   -0.0523   -0.0075
 AT.   8 O  X    -0.0585    0.0493    0.0561   -0.0098    0.0014   -0.0086
            Y     0.0159    0.0583   -0.0173   -0.0684    0.0002   -0.0059
            Z    -0.0033    0.0108   -0.0012   -0.0170    0.0078   -0.0532
 AT.   9 O  X     0.0612    0.0255   -0.0613   -0.0653   -0.0009    0.0094
            Y     0.0357   -0.0533   -0.0344    0.0282    0.0011   -0.0045
            Z    -0.0064   -0.0049    0.0147    0.0135    0.0078   -0.0532
 AT.  10 O  X     0.0186   -0.0593   -0.0174    0.0462   -0.0005   -0.0008
            Y    -0.0778    0.0230    0.0758    0.0280   -0.0014    0.0104
            Z     0.0097   -0.0059   -0.0135    0.0035    0.0078   -0.0532

 FREQ(CM**-1)   1172.17   1174.41   1524.19   1524.19   1550.58   1550.58

 AT.   1 CA X     0.0000    0.0000   -0.0015    0.0015   -0.0000    0.0000
            Y     0.0000    0.0000   -0.0008    0.0008    0.0001   -0.0001
            Z    -0.0033   -0.0017    0.0000    0.0000    0.0000    0.0000
 AT.   2 MG X     0.0000    0.0000    0.0019   -0.0019    0.0017   -0.0017
            Y     0.0000    0.0000   -0.0009    0.0009    0.0036   -0.0036
            Z     0.0018   -0.0098    0.0000    0.0000    0.0000    0.0000
 AT.   3 C  X     0.0000    0.0000    0.1235   -0.1227   -0.1227   -0.1236
            Y     0.0000    0.0000   -0.0010    0.0015    0.0000    0.0015
            Z    -0.0000    0.0024    0.0000    0.0000    0.0000    0.0000
 AT.   4 C  X     0.0000    0.0000    0.1227   -0.1235    0.1236    0.1227
            Y     0.0000    0.0000   -0.0015    0.0010   -0.0015   -0.0000
            Z     0.0004   -0.0009    0.0000    0.0000    0.0000    0.0000
 AT.   5 O  X     0.0216    0.0799   -0.0354    0.0371    0.0350    0.0338
            Y    -0.0174   -0.0629    0.0225   -0.0235   -0.0235   -0.0228
            Z    -0.0007   -0.0026    0.0012   -0.0010    0.0005    0.0003
 AT.   6 O  X     0.0043    0.0145   -0.0076    0.0058    0.0059    0.0076
            Y     0.0274    0.1007   -0.0050    0.0044    0.0070    0.0069
            Z    -0.0007   -0.0026    0.0007   -0.0004   -0.0001   -0.0003
 AT.   7 O  X    -0.0259   -0.0944   -0.0454    0.0456    0.0469    0.0464
            Y    -0.0100   -0.0378   -0.0154    0.0175    0.0170    0.0147
            Z    -0.0007   -0.0026   -0.0020    0.0014   -0.0005    0.0001
 AT.   8 O  X     0.0797   -0.0218   -0.0371    0.0354   -0.0338   -0.0350
            Y    -0.0636    0.0169    0.0235   -0.0225    0.0228    0.0235
            Z    -0.0024    0.0007    0.0010   -0.0012   -0.0003   -0.0005
 AT.   9 O  X     0.0152   -0.0038   -0.0058    0.0076   -0.0076   -0.0059
            Y     0.1009   -0.0273   -0.0044    0.0050   -0.0069   -0.0070
            Z    -0.0024    0.0007    0.0004   -0.0007    0.0003    0.0001
 AT.  10 O  X    -0.0950    0.0256   -0.0456    0.0454   -0.0464   -0.0469
            Y    -0.0372    0.0104   -0.0175    0.0154   -0.0147   -0.0170
            Z    -0.0024    0.0007   -0.0014    0.0020   -0.0001    0.0005

 MODES IN ANTI-PHASE

 FREQ(CM**-1)     89.33     89.33    139.02    139.02    152.94    186.44

 AT.   1 CA X     0.0022    0.0022   -0.0219   -0.0219    0.0000    0.0000
            Y    -0.0551   -0.0551   -0.0420   -0.0420    0.0000    0.0000
            Z     0.0000    0.0000    0.0000    0.0000   -0.0385   -0.0067
 AT.   2 MG X     0.0076    0.0076   -0.0413   -0.0413    0.0000    0.0000
            Y     0.0425    0.0425    0.0008    0.0008    0.0000    0.0000
            Z     0.0000    0.0000    0.0000    0.0000    0.0381    0.0006
 AT.   3 C  X     0.0154   -0.0408    0.0049   -0.0142    0.0000    0.0000
            Y    -0.0392   -0.0389   -0.0211    0.0467    0.0000    0.0000
            Z     0.0000    0.0000    0.0000    0.0000    0.0102   -0.0034
 AT.   4 C  X    -0.0408    0.0154   -0.0142    0.0049    0.0000    0.0000
            Y    -0.0389   -0.0392    0.0467   -0.0211    0.0000    0.0000
            Z     0.0000    0.0000    0.0000    0.0000   -0.0697    0.0076
 AT.   5 O  X     0.0138   -0.0409    0.0053   -0.0127   -0.0097    0.0015
            Y    -0.0415   -0.0379   -0.0177    0.0514   -0.0089    0.0032
            Z     0.0034    0.0229   -0.0384   -0.0413    0.0100   -0.0047
 AT.   6 O  X     0.0144   -0.0417    0.0050   -0.0162    0.0126   -0.0035
            Y    -0.0394   -0.0393   -0.0211    0.0479   -0.0040   -0.0002
            Z    -0.0179   -0.0285   -0.0049   -0.0314    0.0100   -0.0047
 AT.   7 O  X     0.0159   -0.0425    0.0022   -0.0174   -0.0029    0.0020
            Y    -0.0409   -0.0379   -0.0191    0.0527    0.0129   -0.0029
            Z     0.0145    0.0056    0.0433    0.0727    0.0100   -0.0047
 AT.   8 O  X    -0.0409    0.0138   -0.0127    0.0053    0.0079   -0.0115
            Y    -0.0379   -0.0415    0.0514   -0.0177    0.0089   -0.0155
            Z     0.0229    0.0034   -0.0413   -0.0384   -0.0702    0.0096
 AT.   9 O  X    -0.0417    0.0144   -0.0162    0.0050   -0.0116    0.0191
            Y    -0.0393   -0.0394    0.0479   -0.0211    0.0024   -0.0022
            Z    -0.0285   -0.0179   -0.0314   -0.0049   -0.0702    0.0096
 AT.  10 O  X    -0.0425    0.0159   -0.0174    0.0022    0.0037   -0.0076
            Y    -0.0379   -0.0409    0.0527   -0.0191   -0.0113    0.0177
            Z     0.0056    0.0145    0.0727    0.0433   -0.0702    0.0096

 FREQ(CM**-1)    206.51    206.51    244.68    297.92    297.92    310.53

 AT.   1 CA X    -0.0488   -0.0488    0.0000    0.0381    0.0381    0.0000
            Y     0.0137    0.0137    0.0000   -0.0037   -0.0037    0.0000
            Z     0.0000    0.0000   -0.0331    0.0000    0.0000   -0.0676
 AT.   2 MG X     0.0005    0.0005    0.0000    0.0614    0.0614    0.0000
            Y    -0.0052   -0.0052    0.0000    0.0308    0.0308    0.0000
            Z     0.0000    0.0000    0.0053    0.0000    0.0000   -0.1054
 AT.   3 C  X    -0.0422    0.0111    0.0000    0.0032   -0.0125    0.0000
            Y    -0.0035   -0.0450    0.0000    0.0128   -0.0036    0.0000
            Z     0.0000    0.0000   -0.0555    0.0000    0.0000   -0.0135
 AT.   4 C  X     0.0111   -0.0422    0.0000   -0.0125    0.0032    0.0000
            Y    -0.0450   -0.0035    0.0000   -0.0036    0.0128    0.0000
            Z     0.0000    0.0000   -0.0025    0.0000    0.0000   -0.0192
 AT.   5 O  X    -0.0438    0.0081    0.0322    0.0025   -0.0049    0.0062
            Y    -0.0049   -0.0531    0.0437    0.0131    0.0113    0.0147
            Z     0.0100    0.0289   -0.0574    0.0415   -0.0735   -0.0150
 AT.   6 O  X    -0.0385    0.0161   -0.0539    0.0127   -0.0146   -0.0158
            Y    -0.0037   -0.0468    0.0061    0.0130   -0.0018   -0.0020
            Z     0.0092    0.0405   -0.0574    0.0265   -0.0055   -0.0150
 AT.   7 O  X    -0.0401    0.0175    0.0217    0.0075   -0.0211    0.0096
            Y    -0.0089   -0.0568   -0.0497    0.0042    0.0132   -0.0127
            Z    -0.0192   -0.0694   -0.0574   -0.0680    0.0789   -0.0150
 AT.   8 O  X     0.0081   -0.0438   -0.0184   -0.0049    0.0025    0.0016
            Y    -0.0531   -0.0049   -0.0228    0.0113    0.0131    0.0081
            Z     0.0289    0.0100   -0.0007   -0.0735    0.0415   -0.0200
 AT.   9 O  X     0.0161   -0.0385    0.0290   -0.0146    0.0127   -0.0078
            Y    -0.0468   -0.0037   -0.0045   -0.0018    0.0130   -0.0027
            Z     0.0405    0.0092   -0.0007   -0.0055    0.0265   -0.0200
 AT.  10 O  X     0.0175   -0.0401   -0.0106   -0.0211    0.0075    0.0063
            Y    -0.0568   -0.0089    0.0274    0.0132    0.0042   -0.0054
            Z    -0.0694   -0.0192   -0.0007    0.0789   -0.0680   -0.0200

 FREQ(CM**-1)    379.57    379.57    460.42    460.42    460.55    518.91

 AT.   1 CA X     0.0265    0.0265    0.0038    0.0038    0.0000    0.0000
            Y    -0.0484   -0.0484    0.0091    0.0091    0.0000    0.0000
            Z     0.0000    0.0000    0.0000    0.0000    0.0110    0.0015
 AT.   2 MG X     0.0029    0.0029    0.0004    0.0004    0.0000    0.0000
            Y    -0.0040   -0.0040   -0.1101   -0.1101    0.0000    0.0000
            Z     0.0000    0.0000    0.0000    0.0000    0.0071   -0.0058
 AT.   3 C  X    -0.0146   -0.0358   -0.0246    0.0156    0.0000    0.0000
            Y     0.0312    0.0125   -0.0028   -0.0222    0.0000    0.0000
            Z     0.0000    0.0000    0.0000    0.0000    0.0412    0.0580
 AT.   4 C  X    -0.0358   -0.0146    0.0156   -0.0246    0.0000    0.0000
            Y     0.0125    0.0312   -0.0222   -0.0028    0.0000    0.0000
            Z     0.0000    0.0000    0.0000    0.0000   -0.0578   -0.0621
 AT.   5 O  X    -0.0157   -0.0336   -0.0339    0.0335    0.0159    0.0201
            Y     0.0336    0.0198   -0.0091   -0.0077    0.0157    0.0170
            Z     0.0454   -0.0250   -0.0231   -0.0141    0.0252    0.0259
 AT.   6 O  X    -0.0067   -0.0209   -0.0147    0.0234   -0.0216   -0.0248
            Y     0.0349    0.0136   -0.0075   -0.0258    0.0059    0.0090
            Z     0.0173    0.0746    0.0439   -0.0339    0.0252    0.0259
 AT.   7 O  X    -0.0101   -0.0326   -0.0230    0.0128    0.0057    0.0046
            Y     0.0265    0.0057   -0.0249   -0.0079   -0.0216   -0.0259
            Z    -0.0627   -0.0496   -0.0208    0.0479    0.0252    0.0259
 AT.   8 O  X    -0.0336   -0.0157    0.0335   -0.0339   -0.0230   -0.0216
            Y     0.0198    0.0336   -0.0077   -0.0091   -0.0254   -0.0185
            Z    -0.0250    0.0454   -0.0141   -0.0231   -0.0357   -0.0279
 AT.   9 O  X    -0.0209   -0.0067    0.0234   -0.0147    0.0334    0.0268
            Y     0.0136    0.0349   -0.0258   -0.0075   -0.0072   -0.0095
            Z     0.0746    0.0173   -0.0339    0.0439   -0.0357   -0.0279
 AT.  10 O  X    -0.0326   -0.0101    0.0128   -0.0230   -0.0105   -0.0052
            Y     0.0057    0.0265   -0.0079   -0.0249    0.0326    0.0280
            Z    -0.0496   -0.0627    0.0479   -0.0208   -0.0357   -0.0279

 FREQ(CM**-1)    759.30    759.30    767.78    767.78    898.44    912.91

 AT.   1 CA X     0.0023    0.0023    0.0009    0.0009    0.0000    0.0000
            Y    -0.0051   -0.0051   -0.0037   -0.0037    0.0000    0.0000
            Z     0.0000    0.0000    0.0000    0.0000    0.0067    0.0059
 AT.   2 MG X    -0.0001   -0.0001   -0.0012   -0.0012    0.0000    0.0000
            Y     0.0015    0.0015   -0.0189   -0.0189    0.0000    0.0000
            Z     0.0000    0.0000    0.0000    0.0000    0.0075   -0.0162
 AT.   3 C  X     0.0323    0.0339    0.0067    0.0371    0.0000    0.0000
            Y    -0.0198    0.0247   -0.0390    0.0224    0.0000    0.0000
            Z     0.0000    0.0000    0.0000    0.0000   -0.0010    0.1689
 AT.   4 C  X     0.0339    0.0323    0.0371    0.0067    0.0000    0.0000
            Y     0.0247   -0.0198    0.0224   -0.0390    0.0000    0.0000
            Z     0.0000    0.0000    0.0000    0.0000    0.1721    0.0022
 AT.   5 O  X     0.0396   -0.0334    0.0603   -0.0334    0.0006   -0.0086
            Y    -0.0389   -0.0727    0.0095   -0.0712   -0.0005   -0.0057
            Z    -0.0005   -0.0093    0.0057   -0.0163    0.0007   -0.0527
 AT.   6 O  X    -0.0720   -0.0532   -0.0364   -0.0505    0.0001    0.0093
            Y    -0.0152    0.0470   -0.0460    0.0463    0.0008   -0.0045
            Z     0.0096    0.0075    0.0118    0.0071    0.0007   -0.0527
 AT.   7 O  X     0.0044    0.0603   -0.0361    0.0598   -0.0007   -0.0007
            Y     0.0696    0.0044    0.0655    0.0023   -0.0003    0.0103
            Z    -0.0091    0.0018   -0.0176    0.0092    0.0007   -0.0527
 AT.   8 O  X    -0.0334    0.0396   -0.0334    0.0603   -0.0060    0.0005
            Y    -0.0727   -0.0389   -0.0712    0.0095   -0.0054   -0.0005
            Z    -0.0093   -0.0005   -0.0163    0.0057   -0.0518   -0.0003
 AT.   9 O  X    -0.0532   -0.0720   -0.0505   -0.0364    0.0077    0.0002
            Y     0.0470   -0.0152    0.0463   -0.0460   -0.0025    0.0007
            Z     0.0075    0.0096    0.0071    0.0118   -0.0518   -0.0003
 AT.  10 O  X     0.0603    0.0044    0.0598   -0.0361   -0.0017   -0.0007
            Y     0.0044    0.0696    0.0023    0.0655    0.0079   -0.0002
            Z     0.0018   -0.0091    0.0092   -0.0176   -0.0518   -0.0003

 FREQ(CM**-1)   1172.17   1174.41   1524.19   1524.19   1550.58   1550.58

 AT.   1 CA X     0.0000    0.0000   -0.0008   -0.0008    0.0001    0.0001
            Y     0.0000    0.0000    0.0015    0.0015    0.0000    0.0000
            Z     0.0025    0.0023    0.0000    0.0000    0.0000    0.0000
 AT.   2 MG X     0.0000    0.0000   -0.0009   -0.0009    0.0036    0.0036
            Y     0.0000    0.0000   -0.0019   -0.0019   -0.0017   -0.0017
            Z    -0.0014    0.0130    0.0000    0.0000    0.0000    0.0000
 AT.   3 C  X     0.0000    0.0000   -0.0010   -0.0015    0.0000   -0.0015
            Y     0.0000    0.0000   -0.1235   -0.1227    0.1227   -0.1236
            Z    -0.0004    0.0002    0.0000    0.0000    0.0000    0.0000
 AT.   4 C  X     0.0000    0.0000   -0.0015   -0.0010   -0.0015    0.0000
            Y     0.0000    0.0000   -0.1227   -0.1235   -0.1236    0.1227
            Z     0.0002   -0.0023    0.0000    0.0000    0.0000    0.0000
 AT.   5 O  X    -0.0768    0.0001   -0.0211   -0.0224    0.0239   -0.0220
            Y     0.0612    0.0002    0.0235    0.0219   -0.0235    0.0247
            Z     0.0023    0.0000    0.0016    0.0011    0.0002    0.0002
 AT.   6 O  X    -0.0146   -0.0002    0.0064    0.0054   -0.0067    0.0077
            Y    -0.0971   -0.0000    0.0513    0.0532   -0.0526    0.0509
            Z     0.0023    0.0000   -0.0018   -0.0014   -0.0006    0.0001
 AT.   7 O  X     0.0914    0.0001    0.0168    0.0186   -0.0166    0.0155
            Y     0.0359   -0.0001    0.0136    0.0134   -0.0116    0.0121
            Z     0.0023    0.0000    0.0003    0.0003    0.0004   -0.0004
 AT.   8 O  X     0.0001   -0.0769   -0.0224   -0.0211   -0.0220    0.0239
            Y     0.0001    0.0606    0.0219    0.0235    0.0247   -0.0235
            Z     0.0000    0.0025    0.0011    0.0016    0.0002    0.0002
 AT.   9 O  X    -0.0002   -0.0140    0.0054    0.0064    0.0077   -0.0067
            Y     0.0000   -0.0969    0.0532    0.0513    0.0509   -0.0526
            Z     0.0000    0.0025   -0.0014   -0.0018    0.0001   -0.0006
 AT.  10 O  X     0.0001    0.0909    0.0186    0.0168    0.0155   -0.0166
            Y    -0.0002    0.0363    0.0134    0.0136    0.0121   -0.0116
            Z     0.0000    0.0025    0.0003    0.0003   -0.0004    0.0004

 TTTTTTTTTTTTTTTTTTTTTTTTTTTTTTTTTTTTTTTTTTTTTTTTTTTTTTTTTTTTTTTTTTTTTTTTTTTTTTT

  THERMODYNAMICAL PROPERTIES ARE CALCULATED AS A SUM OVER   807 MODES



 *******************************************************************************

 HARMONIC VIBRATIONAL CONTRIBUTIONS TO THERMODYNAMIC FUNCTIONS AT GIVEN
 TEMPERATURE AND PRESSURE:

 (EL = ELECTRONIC ENERGY
  E0 = ZERO-POINT ENERGY
  ET = THERMAL CONTRIBUTION TO THE VIBRATIONAL ENERGY
  PV = PRESSURE * VOLUME
  TS = TEMPERATURE * ENTROPY)

                          AU/CELL             EV/CELL                 KJ/MOL
 EL            :   -1405.071816663515  -38233.947907765410    -3689015.53477349
 E0            :       0.042302375809       1.151106166870         111.06487203


 *******************************************************************************

 THERMODYNAMIC FUNCTIONS WITH VIBRATIONAL CONTRIBUTIONS

 AT (T =  298.15 K, P =   0.10132500E+00 MPA):

                          AU/CELL             EV/CELL                 KJ/MOL
 ET            :       0.008820333897       0.240013487381          23.15778338
 PV            :       0.000002211767       0.000060185236           0.00580699
 TS            :       0.015716919811       0.427679130854          41.26476715
 ET+PV-TS      :      -0.006894374148      -0.187605458237         -18.10117677
 EL+E0+ET+PV-TS:   -1405.036408661854  -38232.984407056785    -3688922.57107823

 OTHER THERMODYNAMIC FUNCTIONS:

                      mHARTREE/(CELL*K)     mEV/(CELL*K)              J/(MOL*K)
 ENTROPY       :       0.052714807350       1.434442833653         138.40270719
 HEAT CAPACITY :       0.054920178414       1.494454031208         144.19290810

 *******************************************************************************
 TTTTTTTTTTTTTTTTTTTTTTTTTTTTTT END         TELAPSE  1358943.85 TCPU  1358003.38
 EEEEEEEEEE TERMINATION  DATE 08 07 2026 TIME 04:32:29.9
mer 8 lug 2026, 04:32:33, CEST


Job finished!
