###################################################################
# CRYSTAL23 - Pcrystal
# Number of cores requested:  32
# Script started on:          node02
# Temporary directory:        /scratch/users/franellucci/tmp_p712415
#
# Input file:                 dol_pbe0_333scp_v4.d12
spectra with PBE0
CRYSTAL
0 0 0
148
4.78293225    15.79649539
4
20 -1.171407951772E-20  2.884962366383E-21  0.000000000000E+00
12 -1.086171642983E-16 -5.429984014702E-17 -5.000000000000E-01
6 3.333333333333E-01 -3.333333333333E-01 -9.066011260471E-02
8 -4.187372858426E-01 -3.685437289471E-01 -8.950093706005E-02
COORPRT
SCELPHONO
3 0 0
0 3 0
0 0 3
FREQCALC
DISPERSI
MODES
ENDFREQ
ENDGEOM
20 7
0 0 8 2. 1.
 191300. 0.0002204
 26970. 0.001925
 5696. 0.01109
 1489.4 0.04995
 448.3 0.17014
 154.62 0.3685
 60.37 0.4034
 25.09 0.1452
0 1 6 8. 1.
 448.6 -0.00575 0.00847
 105.7 -0.0767 0.06027
 34.69 -0.1122 0.2124
 13.50 0.2537 0.3771
 5.820 0.688 0.401
 1.819 0.349 0.198
0 1 5 8. 1.
 20.75 -0.0020 -0.0365
 8.40 -0.1255 -0.0685
 3.597 -0.6960 0.1570
 1.408 1.029 1.482
 0.726 0.944 1.025
0 1 1 2. 1.
 0.453 1. 1.
0 1 1 0. 1.
 0.295 1. 1.
0 3 2 0. 1.
 3.1910 0.160
 0.8683 0.313
0 3 1 0. 1.
 0.2891 0.406
12 5
0 0 8 2.0 1.0
 68370.0 0.0002226
 9661.0 0.001901
 2041.0 0.011042
 529.6 0.05005
 159.17 0.1690
 54.71 0.36695
 21.236 0.4008
 8.791 0.1487
0 1 5 8.0 1.0
 143.7 -0.00671 0.00807
 31.27 -0.07927 0.06401
 9.661 -0.08088 0.2092
 3.726 0.2947 0.3460
 1.598 0.5714 0.3731
0 1 1 2.0 1.0
 0.688 1.0 1.0
0 1 1 0.0 1.0
 0.28 1.0 1.0
0 3 1 0. 1.
 0.500 1.
6 6
0 0 6 2.0 1.00
 0.4563240000D+04 0.1966650000D-02
 0.6820240000D+03 0.1523060000D-01
 0.1549730000D+03 0.7612690000D-01
 0.4445530000D+02 0.2608010000D+00
 0.1302900000D+02 0.6164620000D+00
 0.1827730000D+01 0.2210060000D+00
0 1 3 4.0 1.00
 0.2096420000D+02 0.1146600000D+00 0.4024870000D-01
 0.4803310000D+01 0.9199990000D+00 0.2375940000D+00
 0.1459330000D+01 -0.3030680000D-02 0.8158540000D+00
0 1 1 0.0 1.00
 0.4834560000D+00 0.1000000000D+01 0.1000000000D+01
0 1 1 0.0 1.00
 0.1455850000D+00 0.1000000000D+01 0.1000000000D+01
0 3 1 0.0 1.0
 2.0 .1000000000D+01
0 3 1 0.0 1.0
 0.6 .1000000000D+01
8 6
0 0 8 2.0 1.0
 8020. 0.001080
 1338. 0.008040
 255.4 0.053240
 69.22 0.168100
 23.90 0.358100
 9.264 0.385500
 3.851 0.146800
 1.212 0.072800
0 1 4 6. 1.0
 49.43 -0.008830 0.009580
 10.47 -0.091500 0.069600
 3.235 -0.040200 0.206500
 1.217 0.379000 0.347000
0 1 1 0. 1.0
 0.486 1. 1.
0 1 1 0. 1.0
 0.1925 1. 1.
0 3 1 0. 1.
 2.0 1.
0 3 1 0. 1.
 0.500 1.
99 0
ENDBS
DFT
PBE0
XLGRID
ENDDFT
SCFDIR
MAXCYCLE
200
TOLDEE
10
TOLINTEG
9 9 9 9 18
BIPOSIZE
32000000
EXCHSIZE
32000000
SHRINK
3 3
END
#
###################################################################

gio 19 dic 2024, 06:44:46, CET
 PROCESS           20  OF           32  WORKING
 PROCESS           26  OF           32  WORKING
 PROCESS            2  OF           32  WORKING
 PROCESS           29  OF           32  WORKING
 PROCESS            5  OF           32  WORKING
 PROCESS           22  OF           32  WORKING
 PROCESS           23  OF           32  WORKING
 PROCESS            1  OF           32  WORKING
 PROCESS            6  OF           32  WORKING
 PROCESS           11  OF           32  WORKING
 PROCESS            8  OF           32  WORKING
 PROCESS           15  OF           32  WORKING
 PROCESS           13  OF           32  WORKING
 PROCESS           25  OF           32  WORKING
 PROCESS            0  OF           32  WORKING
 PROCESS            9  OF           32  WORKING
 PROCESS            7  OF           32  WORKING
 PROCESS           17  OF           32  WORKING
 PROCESS           28  OF           32  WORKING
 PROCESS           21  OF           32  WORKING
 PROCESS           10  OF           32  WORKING
 PROCESS            4  OF           32  WORKING
 PROCESS           19  OF           32  WORKING
 PROCESS           18  OF           32  WORKING
 PROCESS           24  OF           32  WORKING
 PROCESS           27  OF           32  WORKING
 PROCESS           16  OF           32  WORKING
 PROCESS           12  OF           32  WORKING
 PROCESS           31  OF           32  WORKING
 PROCESS           14  OF           32  WORKING
 PROCESS            3  OF           32  WORKING
 PROCESS           30  OF           32  WORKING

         
 *******************************************************************************
 *                                                                             *
 *                               CRYSTAL23                                     *
 *                      public : 1.0.1 - October 2022                          *
 *                       HTTP://WWW.CRYSTAL.UNITO.IT                           *
 *                                                                             *
 *                              MAIN AUTHORS                                   *
 *                                                                             *
 *  R. DOVESI(1,11), V.R. SAUNDERS(2), C. ROETTI(1,11), R. ORLANDO(1,11),      *
 *  C.M. ZICOVICH-WILSON(1,3), F. PASCALE(4), B. CIVALLERI(1,11),              *
 *  K. DOLL(5), N.M. HARRISON(6), I.J. BUSH(7), Ph. D'ARCO(8),                 *
 *  M. LLUNELL(9), M. CAUSA'(10), Y. NOEL(8), L. MASCHIO(1,11), A. ERBA(1,11)  *
 *  M. RE'RAT(14), S. CASASSA(1,11), B.G. SEARLE(2), J.K. DESMARAIS(1)         *
 *                                                                             *
 *        CONTRIBUTIONS TO THE CODE HAVE ALSO BEEN GIVEN BY                    *
 *                                                                             *
 *  M. FERRABONE(1,11), M. DE LA PIERRE(1,11), M. FERRERO(1,11),               *
 *  J. BAIMA(1,11), E. ALBANESE(1,11), M.F. PEINTINGER(12), R. BAST(13),       *
 *  B. KIRTMAN(15), V. LACIVITA(1,11), R. DEMICHELIS(1,16)                     *
 *  G. BRANDEBURG(17), S. SALUSTRO(1,11), G. SANSONE(1,11)                     *
 *  M.T. RUGGIERO(18), L.E. DAGA(1), L. DONA'(1), A. COSSARD(1)                *
 *                                                                             *
 * (1) THEORETICAL CHEMISTRY GROUP - UNIVERSITA' DI TORINO - TORINO (ITALY)    *
 * (2) SCIENTIFIC COMPUTING DEPARTMENT - STFC DARESBURY (UK)                   *
 * (3) UNIVERSIDAD AUTONOMA DEL ESTADO DE MORELOS - CUERNAVACA (MEXICO)        *
 * (4) UNIVERSITE' DE LORRAINE - NANCY (FRANCE)                                *
 * (5) UNIVERSITAET STUTTGART- STUTTGART (GERMANY)                             *
 * (6) IMPERIAL COLLEGE - LONDON (UK)                                          *
 * (7) SCIENTIFIC COMPUTING DEPARTMENT - STFC RAL (UK)                         *
 * (8) UPMC - SORBONNE UNIVERSITES - PARIS (FRANCE)                            *
 * (9) UNIVERSIDAD DE BARCELONA - BARCELONA (SPAIN)                            *
 *(10) UNIVERSITA' DI NAPOLI "FEDERICO II" - NAPOLI (ITALY)                    *
 *(11) NIS - NANOSTRUCTURED INTERFACES AND SURFACES - TORINO (ITALY)           *
 *(12) MPI FUER CHEMISCHE ENERGIEKONVERSION - MUELHEIM AN DER RUHR (GERMANY)   *
 *(13) UNIVERSITY OF TROMSO - TROMSO (NORWAY)                                  *
 *(14) UNIVERSITE' DE PAU ET DES PAYS DE L'ADOUR - PAU (FRANCE)                *
 *(15) UNIVERSITY OF CALIFORNIA SANTA BARBARA - SANTA BARBARA (USA)            *
 *(16) CURTIN UNIVERSITY - PERTH (AUSTRALIA)                                   *
 *(17) UNIVERSITY COLLEGE LONDON - LONDON (UK)                                 *
 *(18) UNIVERSITY OF VERMONT - BURLINGTON (USA)                                *
 *                                                                             *
 *******************************************************************************
 EEEEEEEEEE STARTING  DATE 19 12 2024 TIME 06:44:47.0
 spectra with PBE0                                                               

 CRYSTAL CALCULATION
 (INPUT ACCORDING TO THE INTERNATIONAL TABLES FOR X-RAY CRYSTALLOGRAPHY)
 CRYSTAL FAMILY                       :  HEXAGONAL   
 CRYSTAL CLASS  (GROTH - 1921)        :  TRIGONAL RHOMBOHEDRAL                

 SPACE GROUP (CENTROSYMMETRIC)        :  R -3            

 LATTICE PARAMETERS  (ANGSTROMS AND DEGREES) - CONVENTIONAL CELL
        A           B           C        ALPHA        BETA       GAMMA
     4.78293     4.78293    15.79650    90.00000    90.00000   120.00000


 NUMBER OF IRREDUCIBLE ATOMS IN THE CONVENTIONAL CELL:    4

 INPUT COORDINATES

 ATOM AT. N.              COORDINATES
   1  20    -1.171407951772E-20  2.884962366383E-21  0.000000000000E+00
   2  12    -1.086171642983E-16 -5.429984014702E-17 -5.000000000000E-01
   3   6     3.333333333333E-01 -3.333333333333E-01 -9.066011260471E-02
   4   8    -4.187372858426E-01 -3.685437289471E-01 -8.950093706005E-02

 *******************************************************************************

 << INFORMATION >>: FROM NOW ON, ALL COORDINATES REFER TO THE PRIMITIVE CELL

 *******************************************************************************

 LATTICE PARAMETERS  (ANGSTROMS AND DEGREES) - PRIMITIVE CELL
       A          B          C        ALPHA      BETA     GAMMA        VOLUME
    5.94567    5.94567    5.94567    47.43407  47.43407  47.43407    104.317839

 COORDINATES OF THE EQUIVALENT ATOMS (FRACTIONAL UNITS)

 N. ATOM EQUIV AT. N.          X                  Y                  Z

   1   1   1   20 CA   -1.17140795177E-20  1.45990418841E-20 -2.88496236638E-21

   2   2   1   12 MG    5.00000000000E-01 -5.00000000000E-01 -5.00000000000E-01

   3   3   1    6 C     2.42673220729E-01  2.42673220729E-01  2.42673220729E-01
   4   3   2    6 C    -2.42673220729E-01 -2.42673220729E-01 -2.42673220729E-01

   5   4   1    8 O     4.91761777097E-01 -3.93073801646E-02  2.79042791887E-01
   6   4   2    8 O     2.79042791887E-01  4.91761777097E-01 -3.93073801646E-02
   7   4   3    8 O    -3.93073801646E-02  2.79042791887E-01  4.91761777097E-01
   8   4   4    8 O    -4.91761777097E-01  3.93073801646E-02 -2.79042791887E-01
   9   4   5    8 O    -2.79042791887E-01 -4.91761777097E-01  3.93073801646E-02
  10   4   6    8 O     3.93073801646E-02 -2.79042791887E-01 -4.91761777097E-01

 NUMBER OF SYMMETRY OPERATORS         :    6
 *******************************************************************************
 * GEOMETRY EDITING - INPUT COORDINATES ARE GIVEN IN ANGSTROM         
 *******************************************************************************

 GEOMETRY NOW FULLY CONSISTENT WITH THE GROUP
 *******************************************************************************
 LATTICE PARAMETERS (ANGSTROMS AND DEGREES) - BOHR = 0.5291772083 ANGSTROM
 PRIMITIVE CELL - CENTRING CODE 7/0 VOLUME=   104.317839 - DENSITY  2.928 g/cm^3
         A              B              C           ALPHA      BETA       GAMMA 
     5.94566686     5.94566686     5.94566686    47.434070  47.434070  47.434070
 *******************************************************************************
 ATOMS IN THE ASYMMETRIC UNIT    4 - ATOMS IN THE UNIT CELL:   10
     ATOM                 X/A                 Y/B                 Z/C    
 *******************************************************************************
      1 T  20 CA   -3.283853338274E-36  2.361232371501E-38 -1.279606355968E-36
      2 T  12 MG   -5.000000000000E-01  5.000000000000E-01 -5.000000000000E-01
      3 T   6 C     2.426732207286E-01  2.426732207286E-01  2.426732207286E-01
      4 F   6 C    -2.426732207286E-01 -2.426732207286E-01 -2.426732207286E-01
      5 T   8 O     4.917617770974E-01 -3.930738016455E-02  2.790427918871E-01
      6 F   8 O     2.790427918871E-01  4.917617770974E-01 -3.930738016455E-02
      7 F   8 O    -3.930738016455E-02  2.790427918870E-01  4.917617770974E-01
      8 F   8 O    -4.917617770974E-01  3.930738016455E-02 -2.790427918871E-01
      9 F   8 O    -2.790427918871E-01 -4.917617770974E-01  3.930738016455E-02
     10 F   8 O     3.930738016455E-02 -2.790427918870E-01 -4.917617770974E-01

 TRANSFORMATION MATRIX PRIMITIVE-CRYSTALLOGRAPHIC CELL
  1.0000  0.0000  1.0000 -1.0000  1.0000  1.0000  0.0000 -1.0000  1.0000

 *******************************************************************************
 CRYSTALLOGRAPHIC CELL (VOLUME=        312.95351594)
         A              B              C           ALPHA      BETA       GAMMA 
     4.78293225     4.78293225    15.79649539    90.000000  90.000000 120.000000

 COORDINATES IN THE CRYSTALLOGRAPHIC CELL
     ATOM                 X/A                 Y/B                 Z/C    
 *******************************************************************************
      1 T  20 CA   -1.770570881432E-36 -2.336761008747E-37 -1.513282456842E-36
      2 T  12 MG   -3.333333333333E-01  3.333333333333E-01 -1.666666666667E-01
      3 T   6 C     3.333333333333E-01 -3.333333333333E-01 -9.066011260471E-02
      4 F   6 C    -3.333333333333E-01  3.333333333333E-01  9.066011260471E-02
      5 T   8 O    -4.187372858426E-01 -3.685437289471E-01 -8.950093706005E-02
      6 F   8 O     3.685437289471E-01 -5.019355689550E-02 -8.950093706005E-02
      7 F   8 O     5.019355689550E-02  4.187372858426E-01 -8.950093706005E-02
      8 F   8 O     4.187372858426E-01  3.685437289471E-01  8.950093706005E-02
      9 F   8 O    -3.685437289471E-01  5.019355689550E-02  8.950093706005E-02
     10 F   8 O    -5.019355689550E-02 -4.187372858426E-01  8.950093706005E-02

 T = ATOM BELONGING TO THE ASYMMETRIC UNIT

 NO SYMMOPS WITH FINITE TRANSLATIONAL COMPONENT

 GCALCO - MAX INDICES DIRECT LATTICE VECTOR    14    14    14
 NO.OF VECTORS CREATED 6999 STARS  515 RMAX    55.72163 BOHR

 *******************************************************************************
 * SUPERCELL OPTION
 *******************************************************************************


        EXPANSION MATRIX OF PRIMITIVE CELL
 E1     3.000     0.000     0.000
 E2     0.000     3.000     0.000
 E3     0.000     0.000     3.000

 NUMBER OF ATOMS PER SUPERCELL   270

        DIRECT LATTICE VECTORS COMPONENTS (ANGSTROM)
 B1     8.284    -0.000    15.796
 B2    -4.142     7.174    15.796
 B3    -4.142    -7.174    15.796

 LATTICE PARAMETERS  (ANGSTROM AND DEGREES)
       A          B          C         ALPHA     BETA     GAMMA        VOLUME
   17.83700   17.83700   17.83700    47.43407  47.43407  47.43407   2816.581643


 **** ATOMS BELONGING TO THE SUPERCELL
 LABEL AT.NO.      COORDINATES (ANGSTROM AND FRACTIONAL)
     1    20    -0.0000     0.0000    -0.0000    -0.0000     0.0000    -0.0000
     2    20    -1.3807    -2.3915     5.2655    -0.0000     0.0000     0.3333
     3    20     1.3807     2.3915    -5.2655    -0.0000     0.0000    -0.3333
     4    20    -1.3807     2.3915     5.2655    -0.0000     0.3333     0.0000
     5    20    -2.7614    -0.0000    10.5310    -0.0000     0.3333     0.3333
     6    20    -0.0000     4.7829     0.0000    -0.0000     0.3333    -0.3333
     7    20     1.3807    -2.3915    -5.2655    -0.0000    -0.3333     0.0000
     8    20    -0.0000    -4.7829     0.0000    -0.0000    -0.3333     0.3333
     9    20     2.7614     0.0000   -10.5310    -0.0000    -0.3333    -0.3333
    10    20     2.7614    -0.0000     5.2655     0.3333    -0.0000    -0.0000
    11    20     1.3807    -2.3915    10.5310     0.3333     0.0000     0.3333
    12    20     4.1421     2.3915     0.0000     0.3333     0.0000    -0.3333
    13    20     1.3807     2.3915    10.5310     0.3333     0.3333     0.0000
    14    20    -0.0000    -0.0000    15.7965     0.3333     0.3333     0.3333
    15    20     2.7614     4.7829     5.2655     0.3333     0.3333    -0.3333
    16    20     4.1421    -2.3915     0.0000     0.3333    -0.3333     0.0000
    17    20     2.7614    -4.7829     5.2655     0.3333    -0.3333     0.3333
    18    20     5.5229     0.0000    -5.2655     0.3333    -0.3333    -0.3333
    19    20    -2.7614     0.0000    -5.2655    -0.3333    -0.0000    -0.0000
    20    20    -4.1421    -2.3915     0.0000    -0.3333     0.0000     0.3333
    21    20    -1.3807     2.3915   -10.5310    -0.3333     0.0000    -0.3333
    22    20    -4.1421     2.3915     0.0000    -0.3333     0.3333     0.0000
    23    20    -5.5229     0.0000     5.2655    -0.3333     0.3333     0.3333
    24    20    -2.7614     4.7829    -5.2655    -0.3333     0.3333    -0.3333
    25    20    -1.3807    -2.3915   -10.5310    -0.3333    -0.3333     0.0000
    26    20    -2.7614    -4.7829    -5.2655    -0.3333    -0.3333     0.3333
    27    20    -0.0000     0.0000   -15.7965    -0.3333    -0.3333    -0.3333
    28    12    -0.0000    -0.0000     7.8982     0.1667     0.1667     0.1667
    29    12     2.7614     4.7829    -2.6327     0.1667     0.1667    -0.5000
    30    12     1.3807     2.3915     2.6327     0.1667     0.1667    -0.1667
    31    12     2.7614    -4.7829    -2.6327     0.1667    -0.5000     0.1667
    32    12     5.5229     0.0000   -13.1637     0.1667    -0.5000    -0.5000
    33    12     4.1421    -2.3915    -7.8982     0.1667    -0.5000    -0.1667
    34    12     1.3807    -2.3915     2.6327     0.1667    -0.1667     0.1667
    35    12     4.1421     2.3915    -7.8982     0.1667    -0.1667    -0.5000
    36    12     2.7614    -0.0000    -2.6327     0.1667    -0.1667    -0.1667
    37    12    -5.5229     0.0000    -2.6327    -0.5000     0.1667     0.1667
    38    12    -2.7614     4.7829   -13.1637    -0.5000     0.1667    -0.5000
    39    12    -4.1421     2.3915    -7.8982    -0.5000     0.1667    -0.1667
    40    12    -2.7614    -4.7829   -13.1637    -0.5000    -0.5000     0.1667
    41    12    -0.0000     0.0000   -23.6947    -0.5000    -0.5000    -0.5000
    42    12    -1.3807    -2.3915   -18.4292    -0.5000    -0.5000    -0.1667
    43    12    -4.1421    -2.3915    -7.8982    -0.5000    -0.1667     0.1667
    44    12     6.9036     2.3915    -2.6327     0.5000    -0.1667    -0.5000
    45    12     5.5229    -0.0000     2.6327     0.5000    -0.1667    -0.1667
    46    12    -2.7614     0.0000     2.6327    -0.1667     0.1667     0.1667
    47    12     0.0000     4.7829    -7.8982    -0.1667     0.1667    -0.5000
    48    12    -1.3807     2.3915    -2.6327    -0.1667     0.1667    -0.1667
    49    12     0.0000    -4.7829    -7.8982    -0.1667    -0.5000     0.1667
    50    12     2.7614     0.0000   -18.4292    -0.1667    -0.5000    -0.5000
    51    12     1.3807    -2.3915   -13.1637    -0.1667    -0.5000    -0.1667
    52    12    -1.3807    -2.3915    -2.6327    -0.1667    -0.1667     0.1667
    53    12     1.3807     2.3915   -13.1637    -0.1667    -0.1667    -0.5000
    54    12    -0.0000     0.0000    -7.8982    -0.1667    -0.1667    -0.1667
    55     6    -2.7614     0.0000    -1.4321    -0.2524     0.0809     0.0809
    56     6    -4.1421    -2.3915     3.8334    -0.2524     0.0809     0.4142
    57     6    -1.3807     2.3915    -6.6976    -0.2524     0.0809    -0.2524
    58     6    -4.1421     2.3915     3.8334    -0.2524     0.4142     0.0809
    59     6    -5.5229     0.0000     9.0989    -0.2524     0.4142     0.4142
    60     6    -2.7614     4.7829    -1.4321    -0.2524     0.4142    -0.2524
    61     6    -1.3807    -2.3915    -6.6976    -0.2524    -0.2524     0.0809
    62     6    -2.7614    -4.7829    -1.4321    -0.2524    -0.2524     0.4142
    63     6    -0.0000     0.0000   -11.9631    -0.2524    -0.2524    -0.2524
    64     6    -0.0000     0.0000     3.8334     0.0809     0.0809     0.0809
    65     6    -1.3807    -2.3915     9.0989     0.0809     0.0809     0.4142
    66     6     1.3807     2.3915    -1.4321     0.0809     0.0809    -0.2524
    67     6    -1.3807     2.3915     9.0989     0.0809     0.4142     0.0809
    68     6    -2.7614     0.0000    14.3644     0.0809     0.4142     0.4142
    69     6    -0.0000     4.7829     3.8334     0.0809     0.4142    -0.2524
    70     6     1.3807    -2.3915    -1.4321     0.0809    -0.2524     0.0809
    71     6    -0.0000    -4.7829     3.8334     0.0809    -0.2524     0.4142
    72     6     2.7614     0.0000    -6.6976     0.0809    -0.2524    -0.2524
    73     6     2.7614     0.0000     9.0989     0.4142     0.0809     0.0809
    74     6     1.3807    -2.3915    14.3644     0.4142     0.0809     0.4142
    75     6     4.1421     2.3915     3.8334     0.4142     0.0809    -0.2524
    76     6     1.3807     2.3915    14.3644     0.4142     0.4142     0.0809
    77     6    -0.0000    -0.0000    19.6299     0.4142     0.4142     0.4142
    78     6     2.7614     4.7829     9.0989     0.4142     0.4142    -0.2524
    79     6     4.1421    -2.3915     3.8334     0.4142    -0.2524     0.0809
    80     6     2.7614    -4.7829     9.0989     0.4142    -0.2524     0.4142
    81     6     5.5229    -0.0000    -1.4321     0.4142    -0.2524    -0.2524
    82     6    -1.3807    -2.3915     1.4321    -0.0809    -0.0809     0.2524
    83     6     1.3807     2.3915    -9.0989    -0.0809    -0.0809    -0.4142
    84     6    -0.0000    -0.0000    -3.8334    -0.0809    -0.0809    -0.0809
    85     6    -2.7614    -0.0000     6.6976    -0.0809     0.2524     0.2524
    86     6    -0.0000     4.7829    -3.8334    -0.0809     0.2524    -0.4142
    87     6    -1.3807     2.3915     1.4321    -0.0809     0.2524    -0.0809
    88     6    -0.0000    -4.7829    -3.8334    -0.0809    -0.4142     0.2524
    89     6     2.7614     0.0000   -14.3644    -0.0809    -0.4142    -0.4142
    90     6     1.3807    -2.3915    -9.0989    -0.0809    -0.4142    -0.0809
    91     6     1.3807    -2.3915     6.6976     0.2524    -0.0809     0.2524
    92     6     4.1421     2.3915    -3.8334     0.2524    -0.0809    -0.4142
    93     6     2.7614    -0.0000     1.4321     0.2524    -0.0809    -0.0809
    94     6     0.0000    -0.0000    11.9631     0.2524     0.2524     0.2524
    95     6     2.7614     4.7829     1.4321     0.2524     0.2524    -0.4142
    96     6     1.3807     2.3915     6.6976     0.2524     0.2524    -0.0809
    97     6     2.7614    -4.7829     1.4321     0.2524    -0.4142     0.2524
    98     6     5.5229    -0.0000    -9.0989     0.2524    -0.4142    -0.4142
    99     6     4.1421    -2.3915    -3.8334     0.2524    -0.4142    -0.0809
   100     6    -4.1421    -2.3915    -3.8334    -0.4142    -0.0809     0.2524
   101     6    -1.3807     2.3915   -14.3644    -0.4142    -0.0809    -0.4142
   102     6    -2.7614    -0.0000    -9.0989    -0.4142    -0.0809    -0.0809
   103     6    -5.5229    -0.0000     1.4321    -0.4142     0.2524     0.2524
   104     6    -2.7614     4.7829    -9.0989    -0.4142     0.2524    -0.4142
   105     6    -4.1421     2.3915    -3.8334    -0.4142     0.2524    -0.0809
   106     6    -2.7614    -4.7829    -9.0989    -0.4142    -0.4142     0.2524
   107     6    -0.0000    -0.0000   -19.6299    -0.4142    -0.4142    -0.4142
   108     6    -1.3807    -2.3915   -14.3644    -0.4142    -0.4142    -0.0809
   109     8    -1.7345    -0.7613    -1.4138    -0.1694    -0.0131     0.0930
   110     8    -3.1152    -3.1528     3.8517    -0.1694    -0.0131     0.4263
   111     8    -0.3538     1.6301    -6.6793    -0.1694    -0.0131    -0.2403
   112     8    -3.1152     1.6301     3.8517    -0.1694     0.3202     0.0930
   113     8    -4.4959    -0.7613     9.1172    -0.1694     0.3202     0.4263
   114     8    -1.7345     4.0216    -1.4138    -0.1694     0.3202    -0.2403
   115     8    -0.3538    -3.1528    -6.6793    -0.1694    -0.3464     0.0930
   116     8    -1.7345    -5.5443    -1.4138    -0.1694    -0.3464     0.4263
   117     8     1.0270    -0.7613   -11.9448    -0.1694    -0.3464    -0.2403
   118     8     1.0270    -0.7613     3.8517     0.1639    -0.0131     0.0930
   119     8    -0.3538    -3.1528     9.1172     0.1639    -0.0131     0.4263
   120     8     2.4077     1.6301    -1.4138     0.1639    -0.0131    -0.2403
   121     8    -0.3538     1.6301     9.1172     0.1639     0.3202     0.0930
   122     8    -1.7345    -0.7613    14.3827     0.1639     0.3202     0.4263
   123     8     1.0270     4.0216     3.8517     0.1639     0.3202    -0.2403
   124     8     2.4077    -3.1528    -1.4138     0.1639    -0.3464     0.0930
   125     8     1.0270    -5.5443     3.8517     0.1639    -0.3464     0.4263
   126     8     3.7884    -0.7613    -6.6793     0.1639    -0.3464    -0.2403
   127     8     3.7884    -0.7613     9.1172     0.4973    -0.0131     0.0930
   128     8     2.4077    -3.1528    14.3827     0.4973    -0.0131     0.4263
   129     8     5.1691     1.6301     3.8517     0.4973    -0.0131    -0.2403
   130     8     2.4077     1.6301    14.3827     0.4973     0.3202     0.0930
   131     8     1.0270    -0.7613    19.6482     0.4973     0.3202     0.4263
   132     8     3.7884     4.0216     9.1172     0.4973     0.3202    -0.2403
   133     8     5.1691    -3.1528     3.8517     0.4973    -0.3464     0.0930
   134     8     3.7884    -5.5443     9.1172     0.4973    -0.3464     0.4263
   135     8     6.5498    -0.7613    -1.4138     0.4973    -0.3464    -0.2403
   136     8     1.5266    -1.1214    -1.4138     0.0930    -0.1694    -0.0131
   137     8     0.1458    -3.5129     3.8517     0.0930    -0.1694     0.3202
   138     8     2.9073     1.2700    -6.6793     0.0930    -0.1694    -0.3464
   139     8     0.1458     1.2700     3.8517     0.0930     0.1639    -0.0131
   140     8    -1.2349    -1.1214     9.1172     0.0930     0.1639     0.3202
   141     8     1.5266     3.6615    -1.4138     0.0930     0.1639    -0.3464
   142     8    -1.2349     3.6615     9.1172     0.0930     0.4973    -0.0131
   143     8    -2.6156     1.2700    14.3827     0.0930     0.4973     0.3202
   144     8     0.1458     6.0530     3.8517     0.0930     0.4973    -0.3464
   145     8     4.2880    -1.1214     3.8517     0.4263    -0.1694    -0.0131
   146     8     2.9073    -3.5129     9.1172     0.4263    -0.1694     0.3202
   147     8     5.6687     1.2700    -1.4138     0.4263    -0.1694    -0.3464
   148     8     2.9073     1.2700     9.1172     0.4263     0.1639    -0.0131
   149     8     1.5266    -1.1214    14.3827     0.4263     0.1639     0.3202
   150     8     4.2880     3.6615     3.8517     0.4263     0.1639    -0.3464
   151     8     1.5266     3.6615    14.3827     0.4263     0.4973    -0.0131
   152     8     0.1458     1.2700    19.6482     0.4263     0.4973     0.3202
   153     8     2.9073     6.0530     9.1172     0.4263     0.4973    -0.3464
   154     8    -1.2349    -1.1214    -6.6793    -0.2403    -0.1694    -0.0131
   155     8    -2.6156    -3.5129    -1.4138    -0.2403    -0.1694     0.3202
   156     8     0.1458     1.2700   -11.9448    -0.2403    -0.1694    -0.3464
   157     8    -2.6156     1.2700    -1.4138    -0.2403     0.1639    -0.0131
   158     8    -3.9963    -1.1214     3.8517    -0.2403     0.1639     0.3202
   159     8    -1.2349     3.6615    -6.6793    -0.2403     0.1639    -0.3464
   160     8    -3.9963     3.6615     3.8517    -0.2403     0.4973    -0.0131
   161     8    -5.3770     1.2700     9.1172    -0.2403     0.4973     0.3202
   162     8    -2.6156     6.0530    -1.4138    -0.2403     0.4973    -0.3464
   163     8     0.2079     1.8828    -1.4138    -0.0131     0.0930    -0.1694
   164     8    -1.1728    -0.5087     3.8517    -0.0131     0.0930     0.1639
   165     8    -2.5535    -2.9002     9.1172    -0.0131     0.0930     0.4973
   166     8    -1.1728     4.2742     3.8517    -0.0131     0.4263    -0.1694
   167     8    -2.5535     1.8828     9.1172    -0.0131     0.4263     0.1639
   168     8    -3.9342    -0.5087    14.3827    -0.0131     0.4263     0.4973
   169     8     1.5886    -0.5087    -6.6793    -0.0131    -0.2403    -0.1694
   170     8     0.2079    -2.9002    -1.4138    -0.0131    -0.2403     0.1639
   171     8    -1.1728    -5.2916     3.8517    -0.0131    -0.2403     0.4973
   172     8     2.9693     1.8828     3.8517     0.3202     0.0930    -0.1694
   173     8     1.5886    -0.5087     9.1172     0.3202     0.0930     0.1639
   174     8     0.2079    -2.9002    14.3827     0.3202     0.0930     0.4973
   175     8     1.5886     4.2742     9.1172     0.3202     0.4263    -0.1694
   176     8     0.2079     1.8828    14.3827     0.3202     0.4263     0.1639
   177     8    -1.1728    -0.5087    19.6482     0.3202     0.4263     0.4973
   178     8     4.3500    -0.5087    -1.4138     0.3202    -0.2403    -0.1694
   179     8     2.9693    -2.9002     3.8517     0.3202    -0.2403     0.1639
   180     8     1.5886    -5.2916     9.1172     0.3202    -0.2403     0.4973
   181     8    -2.5535     1.8828    -6.6793    -0.3464     0.0930    -0.1694
   182     8    -3.9342    -0.5087    -1.4138    -0.3464     0.0930     0.1639
   183     8    -5.3149    -2.9002     3.8517    -0.3464     0.0930     0.4973
   184     8    -3.9342     4.2742    -1.4138    -0.3464     0.4263    -0.1694
   185     8    -5.3149     1.8828     3.8517    -0.3464     0.4263     0.1639
   186     8    -6.6957    -0.5087     9.1172    -0.3464     0.4263     0.4973
   187     8    -1.1728    -0.5087   -11.9448    -0.3464    -0.2403    -0.1694
   188     8    -2.5535    -2.9002    -6.6793    -0.3464    -0.2403     0.1639
   189     8    -3.9342    -5.2916    -1.4138    -0.3464    -0.2403     0.4973
   190     8     1.7345     0.7613     1.4138     0.1694     0.0131    -0.0930
   191     8     0.3538    -1.6301     6.6793     0.1694     0.0131     0.2403
   192     8     3.1152     3.1528    -3.8517     0.1694     0.0131    -0.4263
   193     8     0.3538     3.1528     6.6793     0.1694     0.3464    -0.0930
   194     8    -1.0270     0.7613    11.9448     0.1694     0.3464     0.2403
   195     8     1.7345     5.5443     1.4138     0.1694     0.3464    -0.4263
   196     8     3.1152    -1.6301    -3.8517     0.1694    -0.3202    -0.0930
   197     8     1.7345    -4.0216     1.4138     0.1694    -0.3202     0.2403
   198     8     4.4959     0.7613    -9.1172     0.1694    -0.3202    -0.4263
   199     8    -3.7884     0.7613    -9.1172    -0.4973     0.0131    -0.0930
   200     8    -5.1691    -1.6301    -3.8517    -0.4973     0.0131     0.2403
   201     8    -2.4077     3.1528   -14.3827    -0.4973     0.0131    -0.4263
   202     8    -5.1691     3.1528    -3.8517    -0.4973     0.3464    -0.0930
   203     8    -6.5498     0.7613     1.4138    -0.4973     0.3464     0.2403
   204     8    -3.7884     5.5443    -9.1172    -0.4973     0.3464    -0.4263
   205     8    -2.4077    -1.6301   -14.3827    -0.4973    -0.3202    -0.0930
   206     8    -3.7884    -4.0216    -9.1172    -0.4973    -0.3202     0.2403
   207     8    -1.0270     0.7613   -19.6482    -0.4973    -0.3202    -0.4263
   208     8    -1.0270     0.7613    -3.8517    -0.1639     0.0131    -0.0930
   209     8    -2.4077    -1.6301     1.4138    -0.1639     0.0131     0.2403
   210     8     0.3538     3.1528    -9.1172    -0.1639     0.0131    -0.4263
   211     8    -2.4077     3.1528     1.4138    -0.1639     0.3464    -0.0930
   212     8    -3.7884     0.7613     6.6793    -0.1639     0.3464     0.2403
   213     8    -1.0270     5.5443    -3.8517    -0.1639     0.3464    -0.4263
   214     8     0.3538    -1.6301    -9.1172    -0.1639    -0.3202    -0.0930
   215     8    -1.0270    -4.0216    -3.8517    -0.1639    -0.3202     0.2403
   216     8     1.7345     0.7613   -14.3827    -0.1639    -0.3202    -0.4263
   217     8    -1.5266     1.1214     1.4138    -0.0930     0.1694     0.0131
   218     8    -2.9073    -1.2700     6.6793    -0.0930     0.1694     0.3464
   219     8    -0.1458     3.5129    -3.8517    -0.0930     0.1694    -0.3202
   220     8     1.2349    -3.6615    -9.1172    -0.0930    -0.4973     0.0131
   221     8    -0.1458    -6.0530    -3.8517    -0.0930    -0.4973     0.3464
   222     8     2.6156    -1.2700   -14.3827    -0.0930    -0.4973    -0.3202
   223     8    -0.1458    -1.2700    -3.8517    -0.0930    -0.1639     0.0131
   224     8    -1.5266    -3.6615     1.4138    -0.0930    -0.1639     0.3464
   225     8     1.2349     1.1214    -9.1172    -0.0930    -0.1639    -0.3202
   226     8     1.2349     1.1214     6.6793     0.2403     0.1694     0.0131
   227     8    -0.1458    -1.2700    11.9448     0.2403     0.1694     0.3464
   228     8     2.6156     3.5129     1.4138     0.2403     0.1694    -0.3202
   229     8     3.9963    -3.6615    -3.8517     0.2403    -0.4973     0.0131
   230     8     2.6156    -6.0530     1.4138     0.2403    -0.4973     0.3464
   231     8     5.3770    -1.2700    -9.1172     0.2403    -0.4973    -0.3202
   232     8     2.6156    -1.2700     1.4138     0.2403    -0.1639     0.0131
   233     8     1.2349    -3.6615     6.6793     0.2403    -0.1639     0.3464
   234     8     3.9963     1.1214    -3.8517     0.2403    -0.1639    -0.3202
   235     8    -4.2880     1.1214    -3.8517    -0.4263     0.1694     0.0131
   236     8    -5.6687    -1.2700     1.4138    -0.4263     0.1694     0.3464
   237     8    -2.9073     3.5129    -9.1172    -0.4263     0.1694    -0.3202
   238     8    -1.5266    -3.6615   -14.3827    -0.4263    -0.4973     0.0131
   239     8    -2.9073    -6.0530    -9.1172    -0.4263    -0.4973     0.3464
   240     8    -0.1458    -1.2700   -19.6482    -0.4263    -0.4973    -0.3202
   241     8    -2.9073    -1.2700    -9.1172    -0.4263    -0.1639     0.0131
   242     8    -4.2880    -3.6615    -3.8517    -0.4263    -0.1639     0.3464
   243     8    -1.5266     1.1214   -14.3827    -0.4263    -0.1639    -0.3202
   244     8    -0.2079    -1.8828     1.4138     0.0131    -0.0930     0.1694
   245     8     2.5535     2.9002    -9.1172     0.0131    -0.0930    -0.4973
   246     8     1.1728     0.5087    -3.8517     0.0131    -0.0930    -0.1639
   247     8    -1.5886     0.5087     6.6793     0.0131     0.2403     0.1694
   248     8     1.1728     5.2916    -3.8517     0.0131     0.2403    -0.4973
   249     8    -0.2079     2.9002     1.4138     0.0131     0.2403    -0.1639
   250     8     1.1728    -4.2742    -3.8517     0.0131    -0.4263     0.1694
   251     8     3.9342     0.5087   -14.3827     0.0131    -0.4263    -0.4973
   252     8     2.5535    -1.8828    -9.1172     0.0131    -0.4263    -0.1639
   253     8     2.5535    -1.8828     6.6793     0.3464    -0.0930     0.1694
   254     8     5.3149     2.9002    -3.8517     0.3464    -0.0930    -0.4973
   255     8     3.9342     0.5087     1.4138     0.3464    -0.0930    -0.1639
   256     8     1.1728     0.5087    11.9448     0.3464     0.2403     0.1694
   257     8     3.9342     5.2916     1.4138     0.3464     0.2403    -0.4973
   258     8     2.5535     2.9002     6.6793     0.3464     0.2403    -0.1639
   259     8     3.9342    -4.2742     1.4138     0.3464    -0.4263     0.1694
   260     8     6.6957     0.5087    -9.1172     0.3464    -0.4263    -0.4973
   261     8     5.3149    -1.8828    -3.8517     0.3464    -0.4263    -0.1639
   262     8    -2.9693    -1.8828    -3.8517    -0.3202    -0.0930     0.1694
   263     8    -0.2079     2.9002   -14.3827    -0.3202    -0.0930    -0.4973
   264     8    -1.5886     0.5087    -9.1172    -0.3202    -0.0930    -0.1639
   265     8    -4.3500     0.5087     1.4138    -0.3202     0.2403     0.1694
   266     8    -1.5886     5.2916    -9.1172    -0.3202     0.2403    -0.4973
   267     8    -2.9693     2.9002    -3.8517    -0.3202     0.2403    -0.1639
   268     8    -1.5886    -4.2742    -9.1172    -0.3202    -0.4263     0.1694
   269     8     1.1728     0.5087   -19.6482    -0.3202    -0.4263    -0.4973
   270     8    -0.2079    -1.8828   -14.3827    -0.3202    -0.4263    -0.1639

 **************************** SUPERCELL GENERATED ****************************

 **** ATOMS IN THE SUPERCELL REORDERED FOR PHONON CALCULATION
      ATOMS IN THE SMALL CELL ON TOP

 LABEL AT.NO.      COORDINATES (ANGSTROM)
     1    20    -0.0000     0.0000    -0.0000
     2    12    -0.0000    -0.0000     7.8982
     3     6    -2.7614     0.0000    -1.4321
     4     6    -1.3807    -2.3915     1.4321
     5     8    -1.7345    -0.7613    -1.4138
     6     8     1.5266    -1.1214    -1.4138
     7     8     0.2079     1.8828    -1.4138
     8     8     1.7345     0.7613     1.4138
     9     8    -1.5266     1.1214     1.4138
    10     8    -0.2079    -1.8828     1.4138
    11    20     1.3807    -2.3915    10.5310
    12    20     4.1421     2.3915     0.0000
    13    20     1.3807     2.3915    10.5310
    14    20    -0.0000    -0.0000    15.7965
    15    20     2.7614     4.7829     5.2655
    16    20     4.1421    -2.3915     0.0000
    17    20     2.7614    -4.7829     5.2655
    18    20     5.5229    -0.0000    -5.2655
    19    20    -2.7614     0.0000    -5.2655
    20    20    -4.1421    -2.3915     0.0000
    21    20    -1.3807     2.3915   -10.5310
    22    20    -4.1421     2.3915     0.0000
    23    20    -5.5229     0.0000     5.2655
    24    20    -2.7614     4.7829    -5.2655
    25    20    -1.3807    -2.3915   -10.5310
    26    20    -2.7614    -4.7829    -5.2655
    27    20    -0.0000    -0.0000   -15.7965
    28    20    -1.3807    -2.3915     5.2655
    29    12     2.7614     4.7829    -2.6327
    30    12     1.3807     2.3915     2.6327
    31    12     2.7614    -4.7829    -2.6327
    32    12     5.5229     0.0000   -13.1637
    33    12     4.1421    -2.3915    -7.8982
    34    12     1.3807    -2.3915     2.6327
    35    12     4.1421     2.3915    -7.8982
    36    12     2.7614    -0.0000    -2.6327
    37    12    -5.5229     0.0000    -2.6327
    38    12    -2.7614     4.7829   -13.1637
    39    12    -4.1421     2.3915    -7.8982
    40    12    -2.7614    -4.7829   -13.1637
    41    12     0.0000     0.0000   -23.6947
    42    12    -1.3807    -2.3915   -18.4292
    43    12    -4.1421    -2.3915    -7.8982
    44    12     6.9036     2.3915    -2.6327
    45    12     5.5229    -0.0000     2.6327
    46    12    -2.7614     0.0000     2.6327
    47    12     0.0000     4.7829    -7.8982
    48    12    -1.3807     2.3915    -2.6327
    49    12     0.0000    -4.7829    -7.8982
    50    12     2.7614     0.0000   -18.4292
    51    12     1.3807    -2.3915   -13.1637
    52    12    -1.3807    -2.3915    -2.6327
    53    12     1.3807     2.3915   -13.1637
    54    12    -0.0000     0.0000    -7.8982
    55    20     1.3807     2.3915    -5.2655
    56     6    -4.1421    -2.3915     3.8334
    57     6    -1.3807     2.3915    -6.6976
    58     6    -4.1421     2.3915     3.8334
    59     6    -5.5229     0.0000     9.0989
    60     6    -2.7614     4.7829    -1.4321
    61     6    -1.3807    -2.3915    -6.6976
    62     6    -2.7614    -4.7829    -1.4321
    63     6    -0.0000     0.0000   -11.9631
    64     6    -0.0000     0.0000     3.8334
    65     6    -1.3807    -2.3915     9.0989
    66     6     1.3807     2.3915    -1.4321
    67     6    -1.3807     2.3915     9.0989
    68     6    -2.7614     0.0000    14.3644
    69     6    -0.0000     4.7829     3.8334
    70     6     1.3807    -2.3915    -1.4321
    71     6    -0.0000    -4.7829     3.8334
    72     6     2.7614    -0.0000    -6.6976
    73     6     2.7614    -0.0000     9.0989
    74     6     1.3807    -2.3915    14.3644
    75     6     4.1421     2.3915     3.8334
    76     6     1.3807     2.3915    14.3644
    77     6    -0.0000     0.0000    19.6299
    78     6     2.7614     4.7829     9.0989
    79     6     4.1421    -2.3915     3.8334
    80     6     2.7614    -4.7829     9.0989
    81     6     5.5229    -0.0000    -1.4321
    82    20    -1.3807     2.3915     5.2655
    83     6     1.3807     2.3915    -9.0989
    84     6    -0.0000    -0.0000    -3.8334
    85     6    -2.7614    -0.0000     6.6976
    86     6    -0.0000     4.7829    -3.8334
    87     6    -1.3807     2.3915     1.4321
    88     6    -0.0000    -4.7829    -3.8334
    89     6     2.7614     0.0000   -14.3644
    90     6     1.3807    -2.3915    -9.0989
    91     6     1.3807    -2.3915     6.6976
    92     6     4.1421     2.3915    -3.8334
    93     6     2.7614    -0.0000     1.4321
    94     6    -0.0000    -0.0000    11.9631
    95     6     2.7614     4.7829     1.4321
    96     6     1.3807     2.3915     6.6976
    97     6     2.7614    -4.7829     1.4321
    98     6     5.5229    -0.0000    -9.0989
    99     6     4.1421    -2.3915    -3.8334
   100     6    -4.1421    -2.3915    -3.8334
   101     6    -1.3807     2.3915   -14.3644
   102     6    -2.7614    -0.0000    -9.0989
   103     6    -5.5229    -0.0000     1.4321
   104     6    -2.7614     4.7829    -9.0989
   105     6    -4.1421     2.3915    -3.8334
   106     6    -2.7614    -4.7829    -9.0989
   107     6     0.0000    -0.0000   -19.6299
   108     6    -1.3807    -2.3915   -14.3644
   109    20    -2.7614    -0.0000    10.5310
   110     8    -3.1152    -3.1528     3.8517
   111     8    -0.3538     1.6301    -6.6793
   112     8    -3.1152     1.6301     3.8517
   113     8    -4.4959    -0.7613     9.1172
   114     8    -1.7345     4.0216    -1.4138
   115     8    -0.3538    -3.1528    -6.6793
   116     8    -1.7345    -5.5443    -1.4138
   117     8     1.0270    -0.7613   -11.9448
   118     8     1.0270    -0.7613     3.8517
   119     8    -0.3538    -3.1528     9.1172
   120     8     2.4077     1.6301    -1.4138
   121     8    -0.3538     1.6301     9.1172
   122     8    -1.7345    -0.7613    14.3827
   123     8     1.0270     4.0216     3.8517
   124     8     2.4077    -3.1528    -1.4138
   125     8     1.0270    -5.5443     3.8517
   126     8     3.7884    -0.7613    -6.6793
   127     8     3.7884    -0.7613     9.1172
   128     8     2.4077    -3.1528    14.3827
   129     8     5.1691     1.6301     3.8517
   130     8     2.4077     1.6301    14.3827
   131     8     1.0270    -0.7613    19.6482
   132     8     3.7884     4.0216     9.1172
   133     8     5.1691    -3.1528     3.8517
   134     8     3.7884    -5.5443     9.1172
   135     8     6.5498    -0.7613    -1.4138
   136    20    -0.0000     4.7829     0.0000
   137     8     0.1458    -3.5129     3.8517
   138     8     2.9073     1.2700    -6.6793
   139     8     0.1458     1.2700     3.8517
   140     8    -1.2349    -1.1214     9.1172
   141     8     1.5266     3.6615    -1.4138
   142     8    -1.2349     3.6615     9.1172
   143     8    -2.6156     1.2700    14.3827
   144     8     0.1458     6.0530     3.8517
   145     8     4.2880    -1.1214     3.8517
   146     8     2.9073    -3.5129     9.1172
   147     8     5.6687     1.2700    -1.4138
   148     8     2.9073     1.2700     9.1172
   149     8     1.5266    -1.1214    14.3827
   150     8     4.2880     3.6615     3.8517
   151     8     1.5266     3.6615    14.3827
   152     8     0.1458     1.2700    19.6482
   153     8     2.9073     6.0530     9.1172
   154     8    -1.2349    -1.1214    -6.6793
   155     8    -2.6156    -3.5129    -1.4138
   156     8     0.1458     1.2700   -11.9448
   157     8    -2.6156     1.2700    -1.4138
   158     8    -3.9963    -1.1214     3.8517
   159     8    -1.2349     3.6615    -6.6793
   160     8    -3.9963     3.6615     3.8517
   161     8    -5.3770     1.2700     9.1172
   162     8    -2.6156     6.0530    -1.4138
   163    20     1.3807    -2.3915    -5.2655
   164     8    -1.1728    -0.5087     3.8517
   165     8    -2.5535    -2.9002     9.1172
   166     8    -1.1728     4.2742     3.8517
   167     8    -2.5535     1.8828     9.1172
   168     8    -3.9342    -0.5087    14.3827
   169     8     1.5886    -0.5087    -6.6793
   170     8     0.2079    -2.9002    -1.4138
   171     8    -1.1728    -5.2916     3.8517
   172     8     2.9693     1.8828     3.8517
   173     8     1.5886    -0.5087     9.1172
   174     8     0.2079    -2.9002    14.3827
   175     8     1.5886     4.2742     9.1172
   176     8     0.2079     1.8828    14.3827
   177     8    -1.1728    -0.5087    19.6482
   178     8     4.3500    -0.5087    -1.4138
   179     8     2.9693    -2.9002     3.8517
   180     8     1.5886    -5.2916     9.1172
   181     8    -2.5535     1.8828    -6.6793
   182     8    -3.9342    -0.5087    -1.4138
   183     8    -5.3149    -2.9002     3.8517
   184     8    -3.9342     4.2742    -1.4138
   185     8    -5.3149     1.8828     3.8517
   186     8    -6.6957    -0.5087     9.1172
   187     8    -1.1728    -0.5087   -11.9448
   188     8    -2.5535    -2.9002    -6.6793
   189     8    -3.9342    -5.2916    -1.4138
   190    20    -0.0000    -4.7829     0.0000
   191     8     0.3538    -1.6301     6.6793
   192     8     3.1152     3.1528    -3.8517
   193     8     0.3538     3.1528     6.6793
   194     8    -1.0270     0.7613    11.9448
   195     8     1.7345     5.5443     1.4138
   196     8     3.1152    -1.6301    -3.8517
   197     8     1.7345    -4.0216     1.4138
   198     8     4.4959     0.7613    -9.1172
   199     8    -3.7884     0.7613    -9.1172
   200     8    -5.1691    -1.6301    -3.8517
   201     8    -2.4077     3.1528   -14.3827
   202     8    -5.1691     3.1528    -3.8517
   203     8    -6.5498     0.7613     1.4138
   204     8    -3.7884     5.5443    -9.1172
   205     8    -2.4077    -1.6301   -14.3827
   206     8    -3.7884    -4.0216    -9.1172
   207     8    -1.0270     0.7613   -19.6482
   208     8    -1.0270     0.7613    -3.8517
   209     8    -2.4077    -1.6301     1.4138
   210     8     0.3538     3.1528    -9.1172
   211     8    -2.4077     3.1528     1.4138
   212     8    -3.7884     0.7613     6.6793
   213     8    -1.0270     5.5443    -3.8517
   214     8     0.3538    -1.6301    -9.1172
   215     8    -1.0270    -4.0216    -3.8517
   216     8     1.7345     0.7613   -14.3827
   217    20     2.7614    -0.0000   -10.5310
   218     8    -2.9073    -1.2700     6.6793
   219     8    -0.1458     3.5129    -3.8517
   220     8     1.2349    -3.6615    -9.1172
   221     8    -0.1458    -6.0530    -3.8517
   222     8     2.6156    -1.2700   -14.3827
   223     8    -0.1458    -1.2700    -3.8517
   224     8    -1.5266    -3.6615     1.4138
   225     8     1.2349     1.1214    -9.1172
   226     8     1.2349     1.1214     6.6793
   227     8    -0.1458    -1.2700    11.9448
   228     8     2.6156     3.5129     1.4138
   229     8     3.9963    -3.6615    -3.8517
   230     8     2.6156    -6.0530     1.4138
   231     8     5.3770    -1.2700    -9.1172
   232     8     2.6156    -1.2700     1.4138
   233     8     1.2349    -3.6615     6.6793
   234     8     3.9963     1.1214    -3.8517
   235     8    -4.2880     1.1214    -3.8517
   236     8    -5.6687    -1.2700     1.4138
   237     8    -2.9073     3.5129    -9.1172
   238     8    -1.5266    -3.6615   -14.3827
   239     8    -2.9073    -6.0530    -9.1172
   240     8    -0.1458    -1.2700   -19.6482
   241     8    -2.9073    -1.2700    -9.1172
   242     8    -4.2880    -3.6615    -3.8517
   243     8    -1.5266     1.1214   -14.3827
   244    20     2.7614    -0.0000     5.2655
   245     8     2.5535     2.9002    -9.1172
   246     8     1.1728     0.5087    -3.8517
   247     8    -1.5886     0.5087     6.6793
   248     8     1.1728     5.2916    -3.8517
   249     8    -0.2079     2.9002     1.4138
   250     8     1.1728    -4.2742    -3.8517
   251     8     3.9342     0.5087   -14.3827
   252     8     2.5535    -1.8828    -9.1172
   253     8     2.5535    -1.8828     6.6793
   254     8     5.3149     2.9002    -3.8517
   255     8     3.9342     0.5087     1.4138
   256     8     1.1728     0.5087    11.9448
   257     8     3.9342     5.2916     1.4138
   258     8     2.5535     2.9002     6.6793
   259     8     3.9342    -4.2742     1.4138
   260     8     6.6957     0.5087    -9.1172
   261     8     5.3149    -1.8828    -3.8517
   262     8    -2.9693    -1.8828    -3.8517
   263     8    -0.2079     2.9002   -14.3827
   264     8    -1.5886     0.5087    -9.1172
   265     8    -4.3500     0.5087     1.4138
   266     8    -1.5886     5.2916    -9.1172
   267     8    -2.9693     2.9002    -3.8517
   268     8    -1.5886    -4.2742    -9.1172
   269     8     1.1728     0.5087   -19.6482
   270     8    -0.2079    -1.8828   -14.3827

 FRQFRQFRQFRQFRQFRQFRQFRQFRQFRQFRQFRQFRQFRQFRQFRQFRQFRQFRQFRQFRQFRQFRQFRQFRQFRQ

                       FREQUENCY CALCULATION

 INFORMATION **** INPFREQ **** PHONON DISPERSION CALCULATION
 INFORMATION **** INPFREQ ****  PRINTING OF EIGENVECTORS
 INFORMATION **** INPFREQ **** NEW DEFAULT - IMPOSING ECKART CONDITIONS TO THE HESSIAN

 GCALCO - MAX INDICES DIRECT LATTICE VECTOR    14    14    14
 NO.OF VECTORS CREATED 6999 STARS  515 RMAX   315.89587 BOHR

 GEOMETRY FOR WAVE FUNCTION - DIMENSIONALITY OF THE SYSTEM    3
 (NON PERIODIC DIRECTION: LATTICE PARAMETER FORMALLY SET TO 500)
 *******************************************************************************
 LATTICE PARAMETERS (ANGSTROMS AND DEGREES) - BOHR = 0.5291772083 ANGSTROM
 PRIMITIVE CELL - CENTRING CODE 1/0 VOLUME=  2816.581643 - DENSITY  2.928 g/cm^3
         A              B              C           ALPHA      BETA       GAMMA 
    17.83700057    17.83700057    17.83700057    47.434070  47.434070  47.434070
 *******************************************************************************
 ATOMS IN THE ASYMMETRIC UNIT   50 - ATOMS IN THE UNIT CELL:  270
     ATOM                 X/A                 Y/B                 Z/C    
 *******************************************************************************
      1 T  20 CA   -1.094617779425E-36  7.870774571670E-39 -4.265354519892E-37
      2 T  12 MG    1.666666666667E-01  1.666666666667E-01  1.666666666667E-01
      3 T   6 C    -2.524422597571E-01  8.089107357621E-02  8.089107357621E-02
      4 F   6 C    -8.089107357621E-02 -8.089107357621E-02  2.524422597571E-01
      5 T   8 O    -1.694127409675E-01 -1.310246005485E-02  9.301426396235E-02
      6 F   8 O     9.301426396235E-02 -1.694127409676E-01 -1.310246005485E-02
      7 F   8 O    -1.310246005485E-02  9.301426396235E-02 -1.694127409676E-01
      8 F   8 O     1.694127409676E-01  1.310246005485E-02 -9.301426396235E-02
      9 F   8 O    -9.301426396235E-02  1.694127409676E-01  1.310246005485E-02
     10 F   8 O     1.310246005485E-02 -9.301426396235E-02  1.694127409676E-01
     11 T  20 CA    3.333333333333E-01 -3.752102907443E-17  3.333333333333E-01
     12 T  20 CA    3.333333333333E-01  6.131779233950E-18 -3.333333333333E-01
     13 F  20 CA    3.333333333333E-01  3.333333333333E-01  8.541726331113E-17
     14 T  20 CA    3.333333333333E-01  3.333333333333E-01  3.333333333333E-01
     15 T  20 CA    3.333333333333E-01  3.333333333333E-01 -3.333333333333E-01
     16 F  20 CA    3.333333333333E-01 -3.333333333333E-01  7.206323748103E-17
     17 F  20 CA    3.333333333333E-01 -3.333333333333E-01  3.333333333333E-01
     18 F  20 CA    3.333333333333E-01 -3.333333333333E-01 -3.333333333333E-01
     19 T  20 CA   -3.333333333333E-01  9.591309598440E-19  9.591309598440E-19
     20 F  20 CA   -3.333333333333E-01  4.337547433840E-17  3.333333333333E-01
     21 F  20 CA   -3.333333333333E-01  5.841857689242E-18 -3.333333333333E-01
     22 F  20 CA   -3.333333333333E-01  3.333333333333E-01 -2.358692253891E-17
     23 F  20 CA   -3.333333333333E-01  3.333333333333E-01  3.333333333333E-01
     24 F  20 CA   -3.333333333333E-01  3.333333333333E-01 -3.333333333333E-01
     25 F  20 CA   -3.333333333333E-01 -3.333333333333E-01  5.841857689242E-18
     26 F  20 CA   -3.333333333333E-01 -3.333333333333E-01  3.333333333333E-01
     27 F  20 CA   -3.333333333333E-01 -3.333333333333E-01 -3.333333333333E-01
     28 F  20 CA   -3.263830234503E-17  2.287284888623E-17  3.333333333333E-01
     29 T  12 MG    1.666666666667E-01  1.666666666667E-01 -5.000000000000E-01
     30 T  12 MG    1.666666666667E-01  1.666666666667E-01 -1.666666666667E-01
     31 F  12 MG    1.666666666667E-01 -5.000000000000E-01  1.666666666667E-01
     32 T  12 MG    1.666666666667E-01 -5.000000000000E-01 -5.000000000000E-01
     33 T  12 MG    1.666666666667E-01 -5.000000000000E-01 -1.666666666667E-01
     34 F  12 MG    1.666666666667E-01 -1.666666666667E-01  1.666666666667E-01
     35 F  12 MG    1.666666666667E-01 -1.666666666667E-01 -5.000000000000E-01
     36 F  12 MG    1.666666666667E-01 -1.666666666667E-01 -1.666666666667E-01
     37 F  12 MG   -5.000000000000E-01  1.666666666667E-01  1.666666666667E-01
     38 F  12 MG   -5.000000000000E-01  1.666666666667E-01 -5.000000000000E-01
     39 F  12 MG   -5.000000000000E-01  1.666666666667E-01 -1.666666666667E-01
     40 F  12 MG   -5.000000000000E-01 -5.000000000000E-01  1.666666666667E-01
     41 T  12 MG   -5.000000000000E-01 -5.000000000000E-01 -5.000000000000E-01
     42 F  12 MG   -5.000000000000E-01 -5.000000000000E-01 -1.666666666667E-01
     43 F  12 MG   -5.000000000000E-01 -1.666666666667E-01  1.666666666667E-01
     44 F  12 MG   -5.000000000000E-01 -1.666666666667E-01 -5.000000000000E-01
     45 F  12 MG    5.000000000000E-01 -1.666666666667E-01 -1.666666666667E-01
     46 F  12 MG   -1.666666666667E-01  1.666666666667E-01  1.666666666667E-01
     47 F  12 MG   -1.666666666667E-01  1.666666666667E-01 -5.000000000000E-01
     48 F  12 MG   -1.666666666667E-01  1.666666666667E-01 -1.666666666667E-01
     49 F  12 MG   -1.666666666667E-01 -5.000000000000E-01  1.666666666667E-01
     50 F  12 MG   -1.666666666667E-01 -5.000000000000E-01 -5.000000000000E-01
     51 F  12 MG   -1.666666666667E-01 -5.000000000000E-01 -1.666666666667E-01
     52 F  12 MG   -1.666666666667E-01 -1.666666666667E-01  1.666666666667E-01
     53 F  12 MG   -1.666666666667E-01 -1.666666666667E-01 -5.000000000000E-01
     54 F  12 MG   -1.666666666667E-01 -1.666666666667E-01 -1.666666666667E-01
     55 F  20 CA   -5.455202027141E-17  4.259249438329E-17 -3.333333333333E-01
     56 T   6 C    -2.524422597571E-01  8.089107357621E-02  4.142244069095E-01
     57 T   6 C    -2.524422597571E-01  8.089107357621E-02 -2.524422597571E-01
     58 T   6 C    -2.524422597571E-01  4.142244069095E-01  8.089107357621E-02
     59 T   6 C    -2.524422597571E-01  4.142244069095E-01  4.142244069095E-01
     60 T   6 C    -2.524422597571E-01  4.142244069095E-01 -2.524422597571E-01
     61 F   6 C    -2.524422597571E-01 -2.524422597571E-01  8.089107357621E-02
     62 F   6 C    -2.524422597571E-01 -2.524422597571E-01  4.142244069095E-01
     63 T   6 C    -2.524422597571E-01 -2.524422597571E-01 -2.524422597571E-01
     64 T   6 C     8.089107357621E-02  8.089107357621E-02  8.089107357621E-02
     65 T   6 C     8.089107357621E-02  8.089107357621E-02  4.142244069095E-01
     66 F   6 C     8.089107357621E-02  8.089107357621E-02 -2.524422597571E-01
     67 F   6 C     8.089107357621E-02  4.142244069095E-01  8.089107357621E-02
     68 T   6 C     8.089107357621E-02  4.142244069095E-01  4.142244069095E-01
     69 F   6 C     8.089107357621E-02  4.142244069095E-01 -2.524422597571E-01
     70 F   6 C     8.089107357621E-02 -2.524422597571E-01  8.089107357621E-02
     71 F   6 C     8.089107357621E-02 -2.524422597571E-01  4.142244069095E-01
     72 F   6 C     8.089107357621E-02 -2.524422597571E-01 -2.524422597571E-01
     73 F   6 C     4.142244069095E-01  8.089107357621E-02  8.089107357621E-02
     74 F   6 C     4.142244069095E-01  8.089107357621E-02  4.142244069095E-01
     75 F   6 C     4.142244069095E-01  8.089107357621E-02 -2.524422597571E-01
     76 F   6 C     4.142244069095E-01  4.142244069095E-01  8.089107357621E-02
     77 T   6 C     4.142244069095E-01  4.142244069095E-01  4.142244069095E-01
     78 F   6 C     4.142244069095E-01  4.142244069095E-01 -2.524422597571E-01
     79 F   6 C     4.142244069095E-01 -2.524422597571E-01  8.089107357621E-02
     80 F   6 C     4.142244069095E-01 -2.524422597571E-01  4.142244069095E-01
     81 F   6 C     4.142244069095E-01 -2.524422597571E-01 -2.524422597571E-01
     82 F  20 CA   -1.876051453721E-17  3.333333333333E-01 -1.876051453721E-17
     83 F   6 C    -8.089107357621E-02 -8.089107357621E-02 -4.142244069095E-01
     84 F   6 C    -8.089107357621E-02 -8.089107357621E-02 -8.089107357621E-02
     85 F   6 C    -8.089107357621E-02  2.524422597571E-01  2.524422597571E-01
     86 F   6 C    -8.089107357621E-02  2.524422597571E-01 -4.142244069095E-01
     87 F   6 C    -8.089107357621E-02  2.524422597571E-01 -8.089107357621E-02
     88 F   6 C    -8.089107357621E-02 -4.142244069095E-01  2.524422597571E-01
     89 F   6 C    -8.089107357621E-02 -4.142244069095E-01 -4.142244069095E-01
     90 F   6 C    -8.089107357621E-02 -4.142244069095E-01 -8.089107357621E-02
     91 F   6 C     2.524422597571E-01 -8.089107357621E-02  2.524422597571E-01
     92 F   6 C     2.524422597571E-01 -8.089107357621E-02 -4.142244069095E-01
     93 F   6 C     2.524422597571E-01 -8.089107357621E-02 -8.089107357621E-02
     94 F   6 C     2.524422597571E-01  2.524422597571E-01  2.524422597571E-01
     95 F   6 C     2.524422597571E-01  2.524422597571E-01 -4.142244069095E-01
     96 F   6 C     2.524422597571E-01  2.524422597571E-01 -8.089107357621E-02
     97 F   6 C     2.524422597571E-01 -4.142244069095E-01  2.524422597571E-01
     98 F   6 C     2.524422597571E-01 -4.142244069095E-01 -4.142244069095E-01
     99 F   6 C     2.524422597571E-01 -4.142244069095E-01 -8.089107357621E-02
    100 F   6 C    -4.142244069095E-01 -8.089107357621E-02  2.524422597571E-01
    101 F   6 C    -4.142244069095E-01 -8.089107357621E-02 -4.142244069095E-01
    102 F   6 C    -4.142244069095E-01 -8.089107357621E-02 -8.089107357621E-02
    103 F   6 C    -4.142244069095E-01  2.524422597571E-01  2.524422597571E-01
    104 F   6 C    -4.142244069095E-01  2.524422597571E-01 -4.142244069095E-01
    105 F   6 C    -4.142244069095E-01  2.524422597571E-01 -8.089107357621E-02
    106 F   6 C    -4.142244069095E-01 -4.142244069095E-01  2.524422597571E-01
    107 F   6 C    -4.142244069095E-01 -4.142244069095E-01 -4.142244069095E-01
    108 F   6 C    -4.142244069095E-01 -4.142244069095E-01 -8.089107357621E-02
    109 F  20 CA   -6.527660469005E-17  3.333333333333E-01  3.333333333333E-01
    110 T   8 O    -1.694127409675E-01 -1.310246005485E-02  4.263475972957E-01
    111 T   8 O    -1.694127409676E-01 -1.310246005485E-02 -2.403190693710E-01
    112 T   8 O    -1.694127409675E-01  3.202308732785E-01  9.301426396235E-02
    113 T   8 O    -1.694127409676E-01  3.202308732785E-01  4.263475972957E-01
    114 T   8 O    -1.694127409676E-01  3.202308732785E-01 -2.403190693710E-01
    115 T   8 O    -1.694127409676E-01 -3.464357933882E-01  9.301426396235E-02
    116 T   8 O    -1.694127409676E-01 -3.464357933882E-01  4.263475972957E-01
    117 T   8 O    -1.694127409676E-01 -3.464357933882E-01 -2.403190693710E-01
    118 T   8 O     1.639205923658E-01 -1.310246005485E-02  9.301426396235E-02
    119 T   8 O     1.639205923658E-01 -1.310246005485E-02  4.263475972957E-01
    120 T   8 O     1.639205923658E-01 -1.310246005485E-02 -2.403190693710E-01
    121 T   8 O     1.639205923658E-01  3.202308732785E-01  9.301426396235E-02
    122 T   8 O     1.639205923658E-01  3.202308732785E-01  4.263475972957E-01
    123 T   8 O     1.639205923658E-01  3.202308732785E-01 -2.403190693710E-01
    124 T   8 O     1.639205923658E-01 -3.464357933882E-01  9.301426396235E-02
    125 T   8 O     1.639205923658E-01 -3.464357933882E-01  4.263475972957E-01
    126 T   8 O     1.639205923658E-01 -3.464357933882E-01 -2.403190693710E-01
    127 T   8 O     4.972539256991E-01 -1.310246005485E-02  9.301426396235E-02
    128 T   8 O     4.972539256991E-01 -1.310246005485E-02  4.263475972957E-01
    129 T   8 O     4.972539256991E-01 -1.310246005485E-02 -2.403190693710E-01
    130 T   8 O     4.972539256991E-01  3.202308732785E-01  9.301426396235E-02
    131 T   8 O     4.972539256991E-01  3.202308732785E-01  4.263475972957E-01
    132 T   8 O     4.972539256991E-01  3.202308732785E-01 -2.403190693710E-01
    133 T   8 O     4.972539256991E-01 -3.464357933882E-01  9.301426396235E-02
    134 T   8 O     4.972539256991E-01 -3.464357933882E-01  4.263475972957E-01
    135 T   8 O     4.972539256991E-01 -3.464357933882E-01 -2.403190693710E-01
    136 F  20 CA   -4.538666526048E-17  3.333333333333E-01 -3.333333333333E-01
    137 F   8 O     9.301426396235E-02 -1.694127409676E-01  3.202308732785E-01
    138 F   8 O     9.301426396235E-02 -1.694127409675E-01 -3.464357933882E-01
    139 F   8 O     9.301426396235E-02  1.639205923658E-01 -1.310246005485E-02
    140 F   8 O     9.301426396235E-02  1.639205923658E-01  3.202308732785E-01
    141 F   8 O     9.301426396235E-02  1.639205923658E-01 -3.464357933882E-01
    142 F   8 O     9.301426396235E-02  4.972539256991E-01 -1.310246005485E-02
    143 F   8 O     9.301426396235E-02  4.972539256991E-01  3.202308732785E-01
    144 F   8 O     9.301426396235E-02  4.972539256991E-01 -3.464357933882E-01
    145 F   8 O     4.263475972957E-01 -1.694127409676E-01 -1.310246005485E-02
    146 F   8 O     4.263475972957E-01 -1.694127409676E-01  3.202308732785E-01
    147 F   8 O     4.263475972957E-01 -1.694127409676E-01 -3.464357933882E-01
    148 F   8 O     4.263475972957E-01  1.639205923658E-01 -1.310246005485E-02
    149 F   8 O     4.263475972957E-01  1.639205923658E-01  3.202308732785E-01
    150 F   8 O     4.263475972957E-01  1.639205923658E-01 -3.464357933882E-01
    151 F   8 O     4.263475972957E-01  4.972539256991E-01 -1.310246005485E-02
    152 F   8 O     4.263475972957E-01  4.972539256991E-01  3.202308732785E-01
    153 F   8 O     4.263475972957E-01  4.972539256991E-01 -3.464357933882E-01
    154 F   8 O    -2.403190693710E-01 -1.694127409676E-01 -1.310246005485E-02
    155 F   8 O    -2.403190693710E-01 -1.694127409676E-01  3.202308732785E-01
    156 F   8 O    -2.403190693710E-01 -1.694127409676E-01 -3.464357933882E-01
    157 F   8 O    -2.403190693710E-01  1.639205923658E-01 -1.310246005485E-02
    158 F   8 O    -2.403190693710E-01  1.639205923658E-01  3.202308732785E-01
    159 F   8 O    -2.403190693710E-01  1.639205923658E-01 -3.464357933882E-01
    160 F   8 O    -2.403190693710E-01  4.972539256991E-01 -1.310246005485E-02
    161 F   8 O    -2.403190693710E-01  4.972539256991E-01  3.202308732785E-01
    162 F   8 O    -2.403190693710E-01  4.972539256991E-01 -3.464357933882E-01
    163 F  20 CA   -8.230759588704E-17 -3.333333333333E-01  5.647028219110E-17
    164 F   8 O    -1.310246005485E-02  9.301426396235E-02  1.639205923658E-01
    165 F   8 O    -1.310246005485E-02  9.301426396235E-02  4.972539256991E-01
    166 F   8 O    -1.310246005485E-02  4.263475972957E-01 -1.694127409676E-01
    167 F   8 O    -1.310246005485E-02  4.263475972957E-01  1.639205923658E-01
    168 F   8 O    -1.310246005485E-02  4.263475972957E-01  4.972539256991E-01
    169 F   8 O    -1.310246005485E-02 -2.403190693710E-01 -1.694127409676E-01
    170 F   8 O    -1.310246005485E-02 -2.403190693710E-01  1.639205923658E-01
    171 F   8 O    -1.310246005485E-02 -2.403190693710E-01  4.972539256991E-01
    172 F   8 O     3.202308732785E-01  9.301426396235E-02 -1.694127409676E-01
    173 F   8 O     3.202308732785E-01  9.301426396235E-02  1.639205923658E-01
    174 F   8 O     3.202308732785E-01  9.301426396235E-02  4.972539256991E-01
    175 F   8 O     3.202308732785E-01  4.263475972957E-01 -1.694127409675E-01
    176 F   8 O     3.202308732785E-01  4.263475972957E-01  1.639205923658E-01
    177 F   8 O     3.202308732785E-01  4.263475972957E-01  4.972539256991E-01
    178 F   8 O     3.202308732785E-01 -2.403190693710E-01 -1.694127409676E-01
    179 F   8 O     3.202308732785E-01 -2.403190693710E-01  1.639205923658E-01
    180 F   8 O     3.202308732785E-01 -2.403190693710E-01  4.972539256991E-01
    181 F   8 O    -3.464357933882E-01  9.301426396235E-02 -1.694127409676E-01
    182 F   8 O    -3.464357933882E-01  9.301426396235E-02  1.639205923658E-01
    183 F   8 O    -3.464357933882E-01  9.301426396235E-02  4.972539256991E-01
    184 F   8 O    -3.464357933882E-01  4.263475972957E-01 -1.694127409676E-01
    185 F   8 O    -3.464357933882E-01  4.263475972957E-01  1.639205923658E-01
    186 F   8 O    -3.464357933882E-01  4.263475972957E-01  4.972539256991E-01
    187 F   8 O    -3.464357933882E-01 -2.403190693710E-01 -1.694127409676E-01
    188 F   8 O    -3.464357933882E-01 -2.403190693710E-01  1.639205923658E-01
    189 F   8 O    -3.464357933882E-01 -2.403190693710E-01  4.972539256991E-01
    190 F  20 CA   -8.574792913351E-18 -3.333333333333E-01  3.333333333333E-01
    191 F   8 O     1.694127409676E-01  1.310246005485E-02  2.403190693710E-01
    192 F   8 O     1.694127409676E-01  1.310246005485E-02 -4.263475972957E-01
    193 F   8 O     1.694127409676E-01  3.464357933882E-01 -9.301426396235E-02
    194 F   8 O     1.694127409676E-01  3.464357933882E-01  2.403190693710E-01
    195 F   8 O     1.694127409676E-01  3.464357933882E-01 -4.263475972957E-01
    196 F   8 O     1.694127409675E-01 -3.202308732785E-01 -9.301426396235E-02
    197 F   8 O     1.694127409675E-01 -3.202308732785E-01  2.403190693710E-01
    198 F   8 O     1.694127409675E-01 -3.202308732785E-01 -4.263475972957E-01
    199 F   8 O    -4.972539256991E-01  1.310246005485E-02 -9.301426396235E-02
    200 F   8 O    -4.972539256991E-01  1.310246005485E-02  2.403190693710E-01
    201 F   8 O    -4.972539256991E-01  1.310246005485E-02 -4.263475972957E-01
    202 F   8 O    -4.972539256991E-01  3.464357933882E-01 -9.301426396235E-02
    203 F   8 O    -4.972539256991E-01  3.464357933882E-01  2.403190693710E-01
    204 F   8 O    -4.972539256991E-01  3.464357933882E-01 -4.263475972957E-01
    205 F   8 O    -4.972539256991E-01 -3.202308732785E-01 -9.301426396235E-02
    206 F   8 O    -4.972539256991E-01 -3.202308732785E-01  2.403190693710E-01
    207 F   8 O    -4.972539256991E-01 -3.202308732785E-01 -4.263475972957E-01
    208 F   8 O    -1.639205923658E-01  1.310246005485E-02 -9.301426396235E-02
    209 F   8 O    -1.639205923658E-01  1.310246005485E-02  2.403190693710E-01
    210 F   8 O    -1.639205923658E-01  1.310246005485E-02 -4.263475972957E-01
    211 F   8 O    -1.639205923658E-01  3.464357933882E-01 -9.301426396235E-02
    212 F   8 O    -1.639205923658E-01  3.464357933882E-01  2.403190693710E-01
    213 F   8 O    -1.639205923658E-01  3.464357933882E-01 -4.263475972957E-01
    214 F   8 O    -1.639205923658E-01 -3.202308732785E-01 -9.301426396235E-02
    215 F   8 O    -1.639205923658E-01 -3.202308732785E-01  2.403190693710E-01
    216 F   8 O    -1.639205923658E-01 -3.202308732785E-01 -4.263475972957E-01
    217 F  20 CA   -1.606915960045E-16 -3.333333333333E-01 -3.333333333333E-01
    218 F   8 O    -9.301426396235E-02  1.694127409676E-01  3.464357933882E-01
    219 F   8 O    -9.301426396235E-02  1.694127409676E-01 -3.202308732785E-01
    220 F   8 O    -9.301426396235E-02 -4.972539256991E-01  1.310246005485E-02
    221 F   8 O    -9.301426396235E-02 -4.972539256991E-01  3.464357933882E-01
    222 F   8 O    -9.301426396235E-02 -4.972539256991E-01 -3.202308732785E-01
    223 F   8 O    -9.301426396235E-02 -1.639205923658E-01  1.310246005485E-02
    224 F   8 O    -9.301426396235E-02 -1.639205923658E-01  3.464357933882E-01
    225 F   8 O    -9.301426396235E-02 -1.639205923658E-01 -3.202308732785E-01
    226 F   8 O     2.403190693710E-01  1.694127409676E-01  1.310246005485E-02
    227 F   8 O     2.403190693710E-01  1.694127409676E-01  3.464357933882E-01
    228 F   8 O     2.403190693710E-01  1.694127409676E-01 -3.202308732785E-01
    229 F   8 O     2.403190693710E-01 -4.972539256991E-01  1.310246005485E-02
    230 F   8 O     2.403190693710E-01 -4.972539256991E-01  3.464357933882E-01
    231 F   8 O     2.403190693710E-01 -4.972539256991E-01 -3.202308732785E-01
    232 F   8 O     2.403190693710E-01 -1.639205923658E-01  1.310246005485E-02
    233 F   8 O     2.403190693710E-01 -1.639205923658E-01  3.464357933882E-01
    234 F   8 O     2.403190693710E-01 -1.639205923658E-01 -3.202308732785E-01
    235 F   8 O    -4.263475972957E-01  1.694127409676E-01  1.310246005485E-02
    236 F   8 O    -4.263475972957E-01  1.694127409676E-01  3.464357933882E-01
    237 F   8 O    -4.263475972957E-01  1.694127409676E-01 -3.202308732785E-01
    238 F   8 O    -4.263475972957E-01 -4.972539256991E-01  1.310246005485E-02
    239 F   8 O    -4.263475972957E-01 -4.972539256991E-01  3.464357933882E-01
    240 F   8 O    -4.263475972957E-01 -4.972539256991E-01 -3.202308732785E-01
    241 F   8 O    -4.263475972957E-01 -1.639205923658E-01  1.310246005485E-02
    242 F   8 O    -4.263475972957E-01 -1.639205923658E-01  3.464357933882E-01
    243 F   8 O    -4.263475972957E-01 -1.639205923658E-01 -3.202308732785E-01
    244 F  20 CA    3.333333333333E-01 -1.876051453721E-17 -1.876051453721E-17
    245 F   8 O     1.310246005485E-02 -9.301426396235E-02 -4.972539256991E-01
    246 F   8 O     1.310246005485E-02 -9.301426396235E-02 -1.639205923658E-01
    247 F   8 O     1.310246005485E-02  2.403190693710E-01  1.694127409676E-01
    248 F   8 O     1.310246005485E-02  2.403190693710E-01 -4.972539256991E-01
    249 F   8 O     1.310246005485E-02  2.403190693710E-01 -1.639205923658E-01
    250 F   8 O     1.310246005485E-02 -4.263475972957E-01  1.694127409676E-01
    251 F   8 O     1.310246005485E-02 -4.263475972957E-01 -4.972539256991E-01
    252 F   8 O     1.310246005485E-02 -4.263475972957E-01 -1.639205923658E-01
    253 F   8 O     3.464357933882E-01 -9.301426396235E-02  1.694127409676E-01
    254 F   8 O     3.464357933882E-01 -9.301426396235E-02 -4.972539256991E-01
    255 F   8 O     3.464357933882E-01 -9.301426396235E-02 -1.639205923658E-01
    256 F   8 O     3.464357933882E-01  2.403190693710E-01  1.694127409676E-01
    257 F   8 O     3.464357933882E-01  2.403190693710E-01 -4.972539256991E-01
    258 F   8 O     3.464357933882E-01  2.403190693710E-01 -1.639205923658E-01
    259 F   8 O     3.464357933882E-01 -4.263475972957E-01  1.694127409676E-01
    260 F   8 O     3.464357933882E-01 -4.263475972957E-01 -4.972539256991E-01
    261 F   8 O     3.464357933882E-01 -4.263475972957E-01 -1.639205923658E-01
    262 F   8 O    -3.202308732785E-01 -9.301426396235E-02  1.694127409676E-01
    263 F   8 O    -3.202308732785E-01 -9.301426396235E-02 -4.972539256991E-01
    264 F   8 O    -3.202308732785E-01 -9.301426396235E-02 -1.639205923658E-01
    265 F   8 O    -3.202308732785E-01  2.403190693710E-01  1.694127409676E-01
    266 F   8 O    -3.202308732785E-01  2.403190693710E-01 -4.972539256991E-01
    267 F   8 O    -3.202308732785E-01  2.403190693710E-01 -1.639205923658E-01
    268 F   8 O    -3.202308732785E-01 -4.263475972957E-01  1.694127409676E-01
    269 F   8 O    -3.202308732785E-01 -4.263475972957E-01 -4.972539256991E-01
    270 F   8 O    -3.202308732785E-01 -4.263475972957E-01 -1.639205923658E-01

 T = ATOM BELONGING TO THE ASYMMETRIC UNIT

 ****    6 SYMMOPS - TRANSLATORS IN FRACTIONAL UNITS
 **** MATRICES AND TRANSLATORS IN THE CRYSTALLOGRAPHIC REFERENCE FRAME
   V INV                    ROTATION MATRICES                   TRANSLATORS
   1   1  1.00  0.00  0.00  0.00  1.00  0.00  0.00  0.00  1.00  0.00  0.00  0.00
   2   3  0.00 -0.00  1.00  1.00  0.00  0.00  0.00  1.00 -0.00  0.00  0.00  0.00
   3   2  0.00  1.00 -0.00  0.00 -0.00  1.00  1.00  0.00  0.00  0.00  0.00  0.00
   4   4 -1.00 -0.00 -0.00 -0.00 -1.00 -0.00 -0.00 -0.00 -1.00  0.00  0.00  0.00
   5   6 -0.00  0.00 -1.00 -1.00 -0.00 -0.00 -0.00 -1.00  0.00  0.00  0.00  0.00
   6   5 -0.00 -1.00  0.00 -0.00  0.00 -1.00 -1.00 -0.00 -0.00  0.00  0.00  0.00

 DIRECT LATTICE VECTORS CARTESIAN COMPONENTS (ANGSTROM)
          X                    Y                    Z
   0.828428166616E+01  -0.265506075459E-15   0.157964953900E+02
  -0.414214083308E+01   0.717439837500E+01   0.157964953900E+02
  -0.414214083308E+01  -0.717439837500E+01   0.157964953900E+02


 CARTESIAN COORDINATES - PRIMITIVE CELL
 *******************************************************************************
 *      ATOM          X(ANGSTROM)         Y(ANGSTROM)         Z(ANGSTROM)
 *******************************************************************************
    1    20 CA   -7.333953945842E-36  3.116603325928E-36 -2.390455935328E-35
    2    12 MG   -3.849139710432E-16 -1.393423370762E-16  7.898247695000E+00
    3     6 C    -2.761427222053E+00  6.557540241093E-16 -1.432112050817E+00
    4     6 C    -1.380713611027E+00 -2.391466125000E+00  1.432112050817E+00
    5     8 O    -1.734468810022E+00 -7.613236523493E-01 -1.413801139670E+00
    6     8 O     1.526560028447E+00 -1.121432225376E+00 -1.413801139670E+00
    7     8 O     2.079087815744E-01  1.882755877725E+00 -1.413801139670E+00
    8     8 O     1.734468810022E+00  7.613236523493E-01  1.413801139670E+00
    9     8 O    -1.526560028447E+00  1.121432225376E+00  1.413801139670E+00
   10     8 O    -2.079087815744E-01 -1.882755877725E+00  1.413801139670E+00
   11    20 CA    1.380713611027E+00 -2.391466125000E+00  1.053099692667E+01
   12    20 CA    4.142140833080E+00  2.391466125000E+00  2.172308987943E-15
   13    20 CA    1.380713611027E+00  2.391466125000E+00  1.053099692667E+01
   14    20 CA   -1.229697954499E-15 -6.051991239190E-16  1.579649539000E+01
   15    20 CA    2.761427222053E+00  4.782932250000E+00  5.265498463333E+00
   16    20 CA    4.142140833080E+00 -2.391466125000E+00  2.192222631982E-15
   17    20 CA    2.761427222053E+00 -4.782932250000E+00  5.265498463333E+00
   18    20 CA    5.522854444106E+00  9.565955122840E-17 -5.265498463333E+00
   19    20 CA   -2.761427222053E+00  8.850202515287E-17 -5.265498463333E+00
   20    20 CA   -4.142140833080E+00 -2.391466125000E+00  3.278358605267E-15
   21    20 CA   -1.380713611027E+00  2.391466125000E+00 -1.053099692667E+01
   22    20 CA   -4.142140833080E+00  2.391466125000E+00  3.209589309268E-15
   23    20 CA   -5.522854444106E+00  6.613228790660E-16  5.265498463333E+00
   24    20 CA   -2.761427222053E+00  4.782932250000E+00 -5.265498463333E+00
   25    20 CA   -1.380713611027E+00 -2.391466125000E+00 -1.053099692667E+01
   26    20 CA   -2.761427222053E+00 -4.782932250000E+00 -5.265498463333E+00
   27    20 CA   -3.798470889449E-16  1.674042146497E-16 -1.579649539000E+01
   28    20 CA   -1.380713611027E+00 -2.391466125000E+00  5.265498463333E+00
   29    12 MG   -1.380713611027E+00 -2.391466125000E+00  1.316374615833E+01
   30    12 MG    1.380713611027E+00  2.391466125000E+00  2.632749231667E+00
   31    12 MG   -1.380713611027E+00  2.391466125000E+00  1.316374615833E+01
   32    12 MG   -2.761427222053E+00  0.000000000000E+00  1.842924462167E+01
   33    12 MG   -4.249254327770E-16  4.782932250000E+00  7.898247695000E+00
   34    12 MG    1.380713611027E+00 -2.391466125000E+00  2.632749231667E+00
   35    12 MG   -2.350018883046E-16 -4.782932250000E+00  7.898247695000E+00
   36    12 MG    2.761427222053E+00 -1.710676790205E-16 -2.632749231667E+00
   37    12 MG    2.761427222053E+00 -1.393423370762E-16  1.316374615833E+01
   38    12 MG    1.380713611027E+00 -2.391466125000E+00  1.842924462167E+01
   39    12 MG    4.142140833080E+00  2.391466125000E+00  7.898247695000E+00
   40    12 MG    1.380713611027E+00  2.391466125000E+00  1.842924462167E+01
   41    12 MG    0.000000000000E+00  0.000000000000E+00  2.369474308500E+01
   42    12 MG    2.761427222053E+00  4.782932250000E+00  1.316374615833E+01
   43    12 MG    4.142140833080E+00 -2.391466125000E+00  7.898247695000E+00
   44    12 MG    2.761427222053E+00 -4.782932250000E+00  1.316374615833E+01
   45    12 MG    5.522854444106E+00 -4.368278584780E-17  2.632749231667E+00
   46    12 MG   -2.761427222053E+00  3.306614395330E-16  2.632749231667E+00
   47    12 MG   -4.142140833080E+00 -2.391466125000E+00  7.898247695000E+00
   48    12 MG   -1.380713611027E+00  2.391466125000E+00 -2.632749231667E+00
   49    12 MG   -4.142140833080E+00  2.391466125000E+00  7.898247695000E+00
   50    12 MG   -5.522854444106E+00  0.000000000000E+00  1.316374615833E+01
   51    12 MG   -2.761427222053E+00  4.782932250000E+00  2.632749231667E+00
   52    12 MG   -1.380713611027E+00 -2.391466125000E+00 -2.632749231667E+00
   53    12 MG   -2.761427222053E+00 -4.782932250000E+00  2.632749231667E+00
   54    12 MG   -1.237298277646E-15  4.621933224721E-16 -7.898247695000E+00
   55    20 CA    1.380713611027E+00  2.391466125000E+00 -5.265498463333E+00
   56     6 C    -4.142140833080E+00 -2.391466125000E+00  3.833386412516E+00
   57     6 C    -1.380713611027E+00  2.391466125000E+00 -6.697610514151E+00
   58     6 C    -4.142140833080E+00  2.391466125000E+00  3.833386412516E+00
   59     6 C    -5.522854444106E+00  5.026225109442E-16  9.098884875849E+00
   60     6 C    -2.761427222053E+00  4.782932250000E+00 -1.432112050817E+00
   61     6 C    -1.380713611027E+00 -2.391466125000E+00 -6.697610514151E+00
   62     6 C    -2.761427222053E+00 -4.782932250000E+00 -1.432112050817E+00
   63     6 C    -1.673621236594E-15  4.984755211778E-16 -1.196310897748E+01
   64     6 C    -1.724482961036E-16  2.853150257971E-16  3.833386412516E+00
   65     6 C    -1.380713611027E+00 -2.391466125000E+00  9.098884875849E+00
   66     6 C     1.380713611027E+00  2.391466125000E+00 -1.432112050817E+00
   67     6 C    -1.380713611027E+00  2.391466125000E+00  9.098884875849E+00
   68     6 C    -2.761427222053E+00  5.026225109442E-16  1.436438333918E+01
   69     6 C    -1.321118404137E-15  4.782932250000E+00  3.833386412516E+00
   70     6 C     1.380713611027E+00 -2.391466125000E+00 -1.432112050817E+00
   71     6 C    -1.225894834374E-15 -4.782932250000E+00  3.833386412516E+00
   72     6 C     2.761427222053E+00 -6.304081689342E-17 -6.697610514151E+00
   73     6 C     2.761427222053E+00 -3.658821415508E-16  9.098884875849E+00
   74     6 C     1.380713611027E+00 -2.391466125000E+00  1.436438333918E+01
   75     6 C     4.142140833080E+00  2.391466125000E+00  3.833386412516E+00
   76     6 C     1.380713611027E+00  2.391466125000E+00  1.436438333918E+01
   77     6 C    -9.959598281679E-16 -3.912592908632E-17  1.962988180252E+01
   78     6 C     2.761427222053E+00  4.782932250000E+00  9.098884875849E+00
   79     6 C     4.142140833080E+00 -2.391466125000E+00  3.833386412516E+00
   80     6 C     2.761427222053E+00 -4.782932250000E+00  9.098884875849E+00
   81     6 C     5.522854444106E+00 -4.612999300813E-16 -1.432112050817E+00
   82    20 CA   -1.380713611027E+00  2.391466125000E+00  5.265498463333E+00
   83     6 C     1.380713611027E+00  2.391466125000E+00 -9.098884875849E+00
   84     6 C    -1.097261120129E-15 -2.312482923447E-15 -3.833386412516E+00
   85     6 C    -2.761427222053E+00 -4.464987557972E-16  6.697610514151E+00
   86     6 C    -8.637877498756E-16  4.782932250000E+00 -3.833386412516E+00
   87     6 C    -1.380713611027E+00  2.391466125000E+00  1.432112050817E+00
   88     6 C    -1.253768603017E-15 -4.782932250000E+00 -3.833386412516E+00
   89     6 C     2.761427222053E+00  3.261045827715E-16 -1.436438333918E+01
   90     6 C     1.380713611027E+00 -2.391466125000E+00 -9.098884875849E+00
   91     6 C     1.380713611027E+00 -2.391466125000E+00  6.697610514151E+00
   92     6 C     4.142140833080E+00  2.391466125000E+00 -3.833386412516E+00
   93     6 C     2.761427222053E+00 -1.868467529528E-15  1.432112050817E+00
   94     6 C    -4.211282297544E-16 -9.165025324064E-16  1.196310897748E+01
   95     6 C     2.761427222053E+00  4.782932250000E+00  1.432112050817E+00
   96     6 C     1.380713611027E+00  2.391466125000E+00  6.697610514151E+00
   97     6 C     2.761427222053E+00 -4.782932250000E+00  1.432112050817E+00
   98     6 C     5.522854444106E+00 -6.139029704469E-16 -9.098884875849E+00
   99     6 C     4.142140833080E+00 -2.391466125000E+00 -3.833386412516E+00
  100     6 C    -4.142140833080E+00 -2.391466125000E+00 -3.833386412516E+00
  101     6 C    -1.380713611027E+00  2.391466125000E+00 -1.436438333918E+01
  102     6 C    -2.761427222053E+00 -1.063897086318E-15 -9.098884875849E+00
  103     6 C    -5.522854444106E+00 -2.832415309139E-16  1.432112050817E+00
  104     6 C    -2.761427222053E+00  4.782932250000E+00 -9.098884875849E+00
  105     6 C    -4.142140833080E+00  2.391466125000E+00 -3.833386412516E+00
  106     6 C    -2.761427222053E+00 -4.782932250000E+00 -9.098884875849E+00
  107     6 C     5.411566978537E-16  2.543599193502E-16 -1.962988180252E+01
  108     6 C    -1.380713611027E+00 -2.391466125000E+00 -1.436438333918E+01
  109    20 CA   -2.761427222053E+00 -2.069400107311E-16  1.053099692667E+01
  110     8 O    -3.115182421048E+00 -3.152789777349E+00  3.851697323664E+00
  111     8 O    -3.537551989950E-01  1.630142472651E+00 -6.679299603003E+00
  112     8 O    -3.115182421048E+00  1.630142472651E+00  3.851697323664E+00
  113     8 O    -4.495896032075E+00 -7.613236523493E-01  9.117195786997E+00
  114     8 O    -1.734468810022E+00  4.021608597651E+00 -1.413801139670E+00
  115     8 O    -3.537551989950E-01 -3.152789777349E+00 -6.679299603003E+00
  116     8 O    -1.734468810022E+00 -5.544255902349E+00 -1.413801139670E+00
  117     8 O     1.026958412032E+00 -7.613236523493E-01 -1.194479806634E+01
  118     8 O     1.026958412032E+00 -7.613236523493E-01  3.851697323664E+00
  119     8 O    -3.537551989950E-01 -3.152789777349E+00  9.117195786997E+00
  120     8 O     2.407672023058E+00  1.630142472651E+00 -1.413801139670E+00
  121     8 O    -3.537551989950E-01  1.630142472651E+00  9.117195786997E+00
  122     8 O    -1.734468810022E+00 -7.613236523493E-01  1.438269425033E+01
  123     8 O     1.026958412032E+00  4.021608597651E+00  3.851697323664E+00
  124     8 O     2.407672023058E+00 -3.152789777349E+00 -1.413801139670E+00
  125     8 O     1.026958412032E+00 -5.544255902349E+00  3.851697323664E+00
  126     8 O     3.788385634085E+00 -7.613236523493E-01 -6.679299603003E+00
  127     8 O     3.788385634085E+00 -7.613236523493E-01  9.117195786997E+00
  128     8 O     2.407672023058E+00 -3.152789777349E+00  1.438269425033E+01
  129     8 O     5.169099245111E+00  1.630142472651E+00  3.851697323664E+00
  130     8 O     2.407672023058E+00  1.630142472651E+00  1.438269425033E+01
  131     8 O     1.026958412032E+00 -7.613236523493E-01  1.964819271366E+01
  132     8 O     3.788385634085E+00  4.021608597651E+00  9.117195786997E+00
  133     8 O     5.169099245111E+00 -3.152789777349E+00  3.851697323664E+00
  134     8 O     3.788385634085E+00 -5.544255902349E+00  9.117195786997E+00
  135     8 O     6.549812856138E+00 -7.613236523493E-01 -1.413801139670E+00
  136    20 CA   -1.329988406360E-15  4.782932250000E+00  3.112316541161E-15
  137     8 O     1.458464174207E-01 -3.512898350376E+00  3.851697323664E+00
  138     8 O     2.907273639474E+00  1.270033899624E+00 -6.679299603003E+00
  139     8 O     1.458464174207E-01  1.270033899624E+00  3.851697323664E+00
  140     8 O    -1.234867193606E+00 -1.121432225376E+00  9.117195786997E+00
  141     8 O     1.526560028447E+00  3.661500024624E+00 -1.413801139670E+00
  142     8 O    -1.234867193606E+00  3.661500024624E+00  9.117195786997E+00
  143     8 O    -2.615580804633E+00  1.270033899624E+00  1.438269425033E+01
  144     8 O     1.458464174207E-01  6.052966149624E+00  3.851697323664E+00
  145     8 O     4.287987250501E+00 -1.121432225376E+00  3.851697323664E+00
  146     8 O     2.907273639474E+00 -3.512898350376E+00  9.117195786997E+00
  147     8 O     5.668700861527E+00  1.270033899624E+00 -1.413801139670E+00
  148     8 O     2.907273639474E+00  1.270033899624E+00  9.117195786997E+00
  149     8 O     1.526560028447E+00 -1.121432225376E+00  1.438269425033E+01
  150     8 O     4.287987250501E+00  3.661500024624E+00  3.851697323664E+00
  151     8 O     1.526560028447E+00  3.661500024624E+00  1.438269425033E+01
  152     8 O     1.458464174207E-01  1.270033899624E+00  1.964819271366E+01
  153     8 O     2.907273639474E+00  6.052966149624E+00  9.117195786997E+00
  154     8 O    -1.234867193606E+00 -1.121432225376E+00 -6.679299603003E+00
  155     8 O    -2.615580804633E+00 -3.512898350376E+00 -1.413801139670E+00
  156     8 O     1.458464174207E-01  1.270033899624E+00 -1.194479806634E+01
  157     8 O    -2.615580804633E+00  1.270033899624E+00 -1.413801139670E+00
  158     8 O    -3.996294415659E+00 -1.121432225376E+00  3.851697323664E+00
  159     8 O    -1.234867193606E+00  3.661500024624E+00 -6.679299603003E+00
  160     8 O    -3.996294415659E+00  3.661500024624E+00  3.851697323664E+00
  161     8 O    -5.377008026686E+00  1.270033899624E+00  9.117195786997E+00
  162     8 O    -2.615580804633E+00  6.052966149624E+00 -1.413801139670E+00
  163    20 CA    1.380713611027E+00 -2.391466125000E+00 -5.265498463333E+00
  164     8 O    -1.172804829452E+00 -5.087102472748E-01  3.851697323664E+00
  165     8 O    -2.553518440479E+00 -2.900176372275E+00  9.117195786997E+00
  166     8 O    -1.172804829452E+00  4.274222002725E+00  3.851697323664E+00
  167     8 O    -2.553518440479E+00  1.882755877725E+00  9.117195786997E+00
  168     8 O    -3.934232051505E+00 -5.087102472748E-01  1.438269425033E+01
  169     8 O     1.588622392601E+00 -5.087102472748E-01 -6.679299603003E+00
  170     8 O     2.079087815744E-01 -2.900176372275E+00 -1.413801139670E+00
  171     8 O    -1.172804829452E+00 -5.291642497275E+00  3.851697323664E+00
  172     8 O     2.969336003628E+00  1.882755877725E+00  3.851697323664E+00
  173     8 O     1.588622392601E+00 -5.087102472748E-01  9.117195786997E+00
  174     8 O     2.079087815744E-01 -2.900176372275E+00  1.438269425033E+01
  175     8 O     1.588622392601E+00  4.274222002725E+00  9.117195786997E+00
  176     8 O     2.079087815744E-01  1.882755877725E+00  1.438269425033E+01
  177     8 O    -1.172804829452E+00 -5.087102472748E-01  1.964819271366E+01
  178     8 O     4.350049614654E+00 -5.087102472748E-01 -1.413801139670E+00
  179     8 O     2.969336003628E+00 -2.900176372275E+00  3.851697323664E+00
  180     8 O     1.588622392601E+00 -5.291642497275E+00  9.117195786997E+00
  181     8 O    -2.553518440479E+00  1.882755877725E+00 -6.679299603003E+00
  182     8 O    -3.934232051505E+00 -5.087102472748E-01 -1.413801139670E+00
  183     8 O    -5.314945662532E+00 -2.900176372275E+00  3.851697323664E+00
  184     8 O    -3.934232051505E+00  4.274222002725E+00 -1.413801139670E+00
  185     8 O    -5.314945662532E+00  1.882755877725E+00  3.851697323664E+00
  186     8 O    -6.695659273559E+00 -5.087102472748E-01  9.117195786997E+00
  187     8 O    -1.172804829452E+00 -5.087102472748E-01 -1.194479806634E+01
  188     8 O    -2.553518440479E+00 -2.900176372275E+00 -6.679299603003E+00
  189     8 O    -3.934232051505E+00 -5.291642497275E+00 -1.413801139670E+00
  190    20 CA   -7.698279420864E-16 -4.782932250000E+00  2.338351052048E-15
  191     8 O     3.537551989950E-01 -1.630142472651E+00  6.679299603003E+00
  192     8 O     3.115182421048E+00  3.152789777349E+00 -3.851697323664E+00
  193     8 O     3.537551989950E-01  3.152789777349E+00  6.679299603003E+00
  194     8 O    -1.026958412032E+00  7.613236523493E-01  1.194479806634E+01
  195     8 O     1.734468810022E+00  5.544255902349E+00  1.413801139670E+00
  196     8 O     3.115182421048E+00 -1.630142472651E+00 -3.851697323664E+00
  197     8 O     1.734468810022E+00 -4.021608597651E+00  1.413801139670E+00
  198     8 O     4.495896032075E+00  7.613236523493E-01 -9.117195786997E+00
  199     8 O    -3.788385634085E+00  7.613236523493E-01 -9.117195786997E+00
  200     8 O    -5.169099245111E+00 -1.630142472651E+00 -3.851697323664E+00
  201     8 O    -2.407672023058E+00  3.152789777349E+00 -1.438269425033E+01
  202     8 O    -5.169099245111E+00  3.152789777349E+00 -3.851697323664E+00
  203     8 O    -6.549812856138E+00  7.613236523493E-01  1.413801139670E+00
  204     8 O    -3.788385634085E+00  5.544255902349E+00 -9.117195786997E+00
  205     8 O    -2.407672023058E+00 -1.630142472651E+00 -1.438269425033E+01
  206     8 O    -3.788385634085E+00 -4.021608597651E+00 -9.117195786997E+00
  207     8 O    -1.026958412032E+00  7.613236523493E-01 -1.964819271366E+01
  208     8 O    -1.026958412032E+00  7.613236523493E-01 -3.851697323664E+00
  209     8 O    -2.407672023058E+00 -1.630142472651E+00  1.413801139670E+00
  210     8 O     3.537551989950E-01  3.152789777349E+00 -9.117195786997E+00
  211     8 O    -2.407672023058E+00  3.152789777349E+00  1.413801139670E+00
  212     8 O    -3.788385634085E+00  7.613236523493E-01  6.679299603003E+00
  213     8 O    -1.026958412032E+00  5.544255902349E+00 -3.851697323664E+00
  214     8 O     3.537551989950E-01 -1.630142472651E+00 -9.117195786997E+00
  215     8 O    -1.026958412032E+00 -4.021608597651E+00 -3.851697323664E+00
  216     8 O     1.734468810022E+00  7.613236523493E-01 -1.438269425033E+01
  217    20 CA    2.761427222053E+00  9.565955122840E-17 -1.053099692667E+01
  218     8 O    -2.907273639474E+00 -1.270033899624E+00  6.679299603003E+00
  219     8 O    -1.458464174207E-01  3.512898350376E+00 -3.851697323664E+00
  220     8 O     1.234867193606E+00 -3.661500024624E+00 -9.117195786997E+00
  221     8 O    -1.458464174207E-01 -6.052966149624E+00 -3.851697323664E+00
  222     8 O     2.615580804633E+00 -1.270033899624E+00 -1.438269425033E+01
  223     8 O    -1.458464174207E-01 -1.270033899624E+00 -3.851697323664E+00
  224     8 O    -1.526560028447E+00 -3.661500024624E+00  1.413801139670E+00
  225     8 O     1.234867193606E+00  1.121432225376E+00 -9.117195786997E+00
  226     8 O     1.234867193606E+00  1.121432225376E+00  6.679299603003E+00
  227     8 O    -1.458464174207E-01 -1.270033899624E+00  1.194479806634E+01
  228     8 O     2.615580804633E+00  3.512898350376E+00  1.413801139670E+00
  229     8 O     3.996294415659E+00 -3.661500024624E+00 -3.851697323664E+00
  230     8 O     2.615580804633E+00 -6.052966149624E+00  1.413801139670E+00
  231     8 O     5.377008026686E+00 -1.270033899624E+00 -9.117195786997E+00
  232     8 O     2.615580804633E+00 -1.270033899624E+00  1.413801139670E+00
  233     8 O     1.234867193606E+00 -3.661500024624E+00  6.679299603003E+00
  234     8 O     3.996294415659E+00  1.121432225376E+00 -3.851697323664E+00
  235     8 O    -4.287987250501E+00  1.121432225376E+00 -3.851697323664E+00
  236     8 O    -5.668700861527E+00 -1.270033899624E+00  1.413801139670E+00
  237     8 O    -2.907273639474E+00  3.512898350376E+00 -9.117195786997E+00
  238     8 O    -1.526560028447E+00 -3.661500024624E+00 -1.438269425033E+01
  239     8 O    -2.907273639474E+00 -6.052966149624E+00 -9.117195786997E+00
  240     8 O    -1.458464174207E-01 -1.270033899624E+00 -1.964819271366E+01
  241     8 O    -2.907273639474E+00 -1.270033899624E+00 -9.117195786997E+00
  242     8 O    -4.287987250501E+00 -3.661500024624E+00 -3.851697323664E+00
  243     8 O    -1.526560028447E+00  1.121432225376E+00 -1.438269425033E+01
  244    20 CA    2.761427222053E+00 -8.850202515287E-17  5.265498463333E+00
  245     8 O     2.553518440479E+00  2.900176372275E+00 -9.117195786997E+00
  246     8 O     1.172804829452E+00  5.087102472748E-01 -3.851697323664E+00
  247     8 O    -1.588622392601E+00  5.087102472748E-01  6.679299603003E+00
  248     8 O     1.172804829452E+00  5.291642497275E+00 -3.851697323664E+00
  249     8 O    -2.079087815744E-01  2.900176372275E+00  1.413801139670E+00
  250     8 O     1.172804829452E+00 -4.274222002725E+00 -3.851697323664E+00
  251     8 O     3.934232051505E+00  5.087102472748E-01 -1.438269425033E+01
  252     8 O     2.553518440479E+00 -1.882755877725E+00 -9.117195786997E+00
  253     8 O     2.553518440479E+00 -1.882755877725E+00  6.679299603003E+00
  254     8 O     5.314945662532E+00  2.900176372275E+00 -3.851697323664E+00
  255     8 O     3.934232051505E+00  5.087102472748E-01  1.413801139670E+00
  256     8 O     1.172804829452E+00  5.087102472748E-01  1.194479806634E+01
  257     8 O     3.934232051505E+00  5.291642497275E+00  1.413801139670E+00
  258     8 O     2.553518440479E+00  2.900176372275E+00  6.679299603003E+00
  259     8 O     3.934232051505E+00 -4.274222002725E+00  1.413801139670E+00
  260     8 O     6.695659273559E+00  5.087102472748E-01 -9.117195786997E+00
  261     8 O     5.314945662532E+00 -1.882755877725E+00 -3.851697323664E+00
  262     8 O    -2.969336003628E+00 -1.882755877725E+00 -3.851697323664E+00
  263     8 O    -2.079087815744E-01  2.900176372275E+00 -1.438269425033E+01
  264     8 O    -1.588622392601E+00  5.087102472748E-01 -9.117195786997E+00
  265     8 O    -4.350049614654E+00  5.087102472748E-01  1.413801139670E+00
  266     8 O    -1.588622392601E+00  5.291642497275E+00 -9.117195786997E+00
  267     8 O    -2.969336003628E+00  2.900176372275E+00 -3.851697323664E+00
  268     8 O    -1.588622392601E+00 -4.274222002725E+00 -9.117195786997E+00
  269     8 O     1.172804829452E+00  5.087102472748E-01 -1.964819271366E+01
  270     8 O    -2.079087815744E-01 -1.882755877725E+00 -1.438269425033E+01

 *******************************************************************************
 LOCAL ATOMIC FUNCTIONS BASIS SET
 *******************************************************************************
   ATOM   X(AU)   Y(AU)   Z(AU)  N. TYPE  EXPONENT  S COEF   P COEF   D/F/G COEF
 *******************************************************************************
   1 CA  -0.000   0.000  -0.000
                                  1 S  
                                         1.913E+05 2.204E-04 0.000E+00 0.000E+00
                                         2.697E+04 1.925E-03 0.000E+00 0.000E+00
                                         5.696E+03 1.109E-02 0.000E+00 0.000E+00
                                         1.489E+03 4.995E-02 0.000E+00 0.000E+00
                                         4.483E+02 1.701E-01 0.000E+00 0.000E+00
                                         1.546E+02 3.685E-01 0.000E+00 0.000E+00
                                         6.037E+01 4.034E-01 0.000E+00 0.000E+00
                                         2.509E+01 1.452E-01 0.000E+00 0.000E+00
                           2-     5 SP 
                                         4.486E+02-5.750E-03 8.470E-03 0.000E+00
                                         1.057E+02-7.670E-02 6.027E-02 0.000E+00
                                         3.469E+01-1.122E-01 2.124E-01 0.000E+00
                                         1.350E+01 2.537E-01 3.771E-01 0.000E+00
                                         5.820E+00 6.880E-01 4.010E-01 0.000E+00
                                         1.819E+00 3.490E-01 1.980E-01 0.000E+00
                           6-     9 SP 
                                         2.075E+01-2.000E-03-3.650E-02 0.000E+00
                                         8.400E+00-1.255E-01-6.850E-02 0.000E+00
                                         3.597E+00-6.960E-01 1.570E-01 0.000E+00
                                         1.408E+00 1.029E+00 1.482E+00 0.000E+00
                                         7.260E-01 9.440E-01 1.025E+00 0.000E+00
                          10-    13 SP 
                                         4.530E-01 1.000E+00 1.000E+00 0.000E+00
                          14-    17 SP 
                                         2.950E-01 1.000E+00 1.000E+00 0.000E+00
                          18-    22 D  
                                         3.191E+00 0.000E+00 0.000E+00 1.600E-01
                                         8.683E-01 0.000E+00 0.000E+00 3.130E-01
                          23-    27 D  
                                         2.891E-01 0.000E+00 0.000E+00 4.060E-01
   2 MG  -0.000  -0.000  14.926
                                 28 S  
                                         6.837E+04 2.226E-04 0.000E+00 0.000E+00
                                         9.661E+03 1.901E-03 0.000E+00 0.000E+00
                                         2.041E+03 1.104E-02 0.000E+00 0.000E+00
                                         5.296E+02 5.005E-02 0.000E+00 0.000E+00
                                         1.592E+02 1.690E-01 0.000E+00 0.000E+00
                                         5.471E+01 3.669E-01 0.000E+00 0.000E+00
                                         2.124E+01 4.008E-01 0.000E+00 0.000E+00
                                         8.791E+00 1.487E-01 0.000E+00 0.000E+00
                          29-    32 SP 
                                         1.437E+02-6.710E-03 8.070E-03 0.000E+00
                                         3.127E+01-7.927E-02 6.401E-02 0.000E+00
                                         9.661E+00-8.088E-02 2.092E-01 0.000E+00
                                         3.726E+00 2.947E-01 3.460E-01 0.000E+00
                                         1.598E+00 5.714E-01 3.731E-01 0.000E+00
                          33-    36 SP 
                                         6.880E-01 1.000E+00 1.000E+00 0.000E+00
                          37-    40 SP 
                                         2.800E-01 1.000E+00 1.000E+00 0.000E+00
                          41-    45 D  
                                         5.000E-01 0.000E+00 0.000E+00 1.000E+00
   3 C   -5.218   0.000  -2.706
                                 46 S  
                                         4.563E+03 1.967E-03 0.000E+00 0.000E+00
                                         6.820E+02 1.523E-02 0.000E+00 0.000E+00
                                         1.550E+02 7.613E-02 0.000E+00 0.000E+00
                                         4.446E+01 2.608E-01 0.000E+00 0.000E+00
                                         1.303E+01 6.165E-01 0.000E+00 0.000E+00
                                         1.828E+00 2.210E-01 0.000E+00 0.000E+00
                          47-    50 SP 
                                         2.096E+01 1.147E-01 4.025E-02 0.000E+00
                                         4.803E+00 9.200E-01 2.376E-01 0.000E+00
                                         1.459E+00-3.031E-03 8.159E-01 0.000E+00
                          51-    54 SP 
                                         4.835E-01 1.000E+00 1.000E+00 0.000E+00
                          55-    58 SP 
                                         1.456E-01 1.000E+00 1.000E+00 0.000E+00
                          59-    63 D  
                                         2.000E+00 0.000E+00 0.000E+00 1.000E+00
                          64-    68 D  
                                         6.000E-01 0.000E+00 0.000E+00 1.000E+00
   4 C   -2.609  -4.519   2.706
   5 O   -3.278  -1.439  -2.672
                                 92 S  
                                         8.020E+03 1.080E-03 0.000E+00 0.000E+00
                                         1.338E+03 8.040E-03 0.000E+00 0.000E+00
                                         2.554E+02 5.324E-02 0.000E+00 0.000E+00
                                         6.922E+01 1.681E-01 0.000E+00 0.000E+00
                                         2.390E+01 3.581E-01 0.000E+00 0.000E+00
                                         9.264E+00 3.855E-01 0.000E+00 0.000E+00
                                         3.851E+00 1.468E-01 0.000E+00 0.000E+00
                                         1.212E+00 7.280E-02 0.000E+00 0.000E+00
                          93-    96 SP 
                                         4.943E+01-8.830E-03 9.580E-03 0.000E+00
                                         1.047E+01-9.150E-02 6.960E-02 0.000E+00
                                         3.235E+00-4.020E-02 2.065E-01 0.000E+00
                                         1.217E+00 3.790E-01 3.470E-01 0.000E+00
                          97-   100 SP 
                                         4.860E-01 1.000E+00 1.000E+00 0.000E+00
                         101-   104 SP 
                                         1.925E-01 1.000E+00 1.000E+00 0.000E+00
                         105-   109 D  
                                         2.000E+00 0.000E+00 0.000E+00 1.000E+00
                         110-   114 D  
                                         5.000E-01 0.000E+00 0.000E+00 1.000E+00
   6 O    2.885  -2.119  -2.672
   7 O    0.393   3.558  -2.672
   8 O    3.278   1.439   2.672
   9 O   -2.885   2.119   2.672
  10 O   -0.393  -3.558   2.672
  11 CA   2.609  -4.519  19.901
  12 CA   7.828   4.519   0.000
  13 CA   2.609   4.519  19.901
  14 CA  -0.000  -0.000  29.851
  15 CA   5.218   9.038   9.950
  16 CA   7.828  -4.519   0.000
  17 CA   5.218  -9.038   9.950
  18 CA  10.437   0.000  -9.950
  19 CA  -5.218   0.000  -9.950
  20 CA  -7.828  -4.519   0.000
  21 CA  -2.609   4.519 -19.901
  22 CA  -7.828   4.519   0.000
  23 CA -10.437   0.000   9.950
  24 CA  -5.218   9.038  -9.950
  25 CA  -2.609  -4.519 -19.901
  26 CA  -5.218  -9.038  -9.950
  27 CA  -0.000   0.000 -29.851
  28 CA  -2.609  -4.519   9.950
  29 MG  -2.609  -4.519  24.876
  30 MG   2.609   4.519   4.975
  31 MG  -2.609   4.519  24.876
  32 MG  -5.218   0.000  34.826
  33 MG  -0.000   9.038  14.926
  34 MG   2.609  -4.519   4.975
  35 MG  -0.000  -9.038  14.926
  36 MG   5.218  -0.000  -4.975
  37 MG   5.218  -0.000  24.876
  38 MG   2.609  -4.519  34.826
  39 MG   7.828   4.519  14.926
  40 MG   2.609   4.519  34.826
  41 MG   0.000   0.000  44.777
  42 MG   5.218   9.038  24.876
  43 MG   7.828  -4.519  14.926
  44 MG   5.218  -9.038  24.876
  45 MG  10.437  -0.000   4.975
  46 MG  -5.218   0.000   4.975
  47 MG  -7.828  -4.519  14.926
  48 MG  -2.609   4.519  -4.975
  49 MG  -7.828   4.519  14.926
  50 MG -10.437   0.000  24.876
  51 MG  -5.218   9.038   4.975
  52 MG  -2.609  -4.519  -4.975
  53 MG  -5.218  -9.038   4.975
  54 MG  -0.000   0.000 -14.926
  55 CA   2.609   4.519  -9.950
  56 C   -7.828  -4.519   7.244
  57 C   -2.609   4.519 -12.657
  58 C   -7.828   4.519   7.244
  59 C  -10.437   0.000  17.194
  60 C   -5.218   9.038  -2.706
  61 C   -2.609  -4.519 -12.657
  62 C   -5.218  -9.038  -2.706
  63 C   -0.000   0.000 -22.607
  64 C   -0.000   0.000   7.244
  65 C   -2.609  -4.519  17.194
  66 C    2.609   4.519  -2.706
  67 C   -2.609   4.519  17.194
  68 C   -5.218   0.000  27.145
  69 C   -0.000   9.038   7.244
  70 C    2.609  -4.519  -2.706
  71 C   -0.000  -9.038   7.244
  72 C    5.218  -0.000 -12.657
  73 C    5.218  -0.000  17.194
  74 C    2.609  -4.519  27.145
  75 C    7.828   4.519   7.244
  76 C    2.609   4.519  27.145
  77 C   -0.000  -0.000  37.095
  78 C    5.218   9.038  17.194
  79 C    7.828  -4.519   7.244
  80 C    5.218  -9.038  17.194
  81 C   10.437  -0.000  -2.706
  82 CA  -2.609   4.519   9.950
  83 C    2.609   4.519 -17.194
  84 C   -0.000  -0.000  -7.244
  85 C   -5.218  -0.000  12.657
  86 C   -0.000   9.038  -7.244
  87 C   -2.609   4.519   2.706
  88 C   -0.000  -9.038  -7.244
  89 C    5.218   0.000 -27.145
  90 C    2.609  -4.519 -17.194
  91 C    2.609  -4.519  12.657
  92 C    7.828   4.519  -7.244
  93 C    5.218  -0.000   2.706
  94 C   -0.000  -0.000  22.607
  95 C    5.218   9.038   2.706
  96 C    2.609   4.519  12.657
  97 C    5.218  -9.038   2.706
  98 C   10.437  -0.000 -17.194
  99 C    7.828  -4.519  -7.244
 100 C   -7.828  -4.519  -7.244
 101 C   -2.609   4.519 -27.145
 102 C   -5.218  -0.000 -17.194
 103 C  -10.437  -0.000   2.706
 104 C   -5.218   9.038 -17.194
 105 C   -7.828   4.519  -7.244
 106 C   -5.218  -9.038 -17.194
 107 C    0.000   0.000 -37.095
 108 C   -2.609  -4.519 -27.145
 109 CA  -5.218  -0.000  19.901
 110 O   -5.887  -5.958   7.279
 111 O   -0.669   3.081 -12.622
 112 O   -5.887   3.081   7.279
 113 O   -8.496  -1.439  17.229
 114 O   -3.278   7.600  -2.672
 115 O   -0.669  -5.958 -12.622
 116 O   -3.278 -10.477  -2.672
 117 O    1.941  -1.439 -22.572
 118 O    1.941  -1.439   7.279
 119 O   -0.669  -5.958  17.229
 120 O    4.550   3.081  -2.672
 121 O   -0.669   3.081  17.229
 122 O   -3.278  -1.439  27.179
 123 O    1.941   7.600   7.279
 124 O    4.550  -5.958  -2.672
 125 O    1.941 -10.477   7.279
 126 O    7.159  -1.439 -12.622
 127 O    7.159  -1.439  17.229
 128 O    4.550  -5.958  27.179
 129 O    9.768   3.081   7.279
 130 O    4.550   3.081  27.179
 131 O    1.941  -1.439  37.130
 132 O    7.159   7.600  17.229
 133 O    9.768  -5.958   7.279
 134 O    7.159 -10.477  17.229
 135 O   12.377  -1.439  -2.672
 136 CA  -0.000   9.038   0.000
 137 O    0.276  -6.638   7.279
 138 O    5.494   2.400 -12.622
 139 O    0.276   2.400   7.279
 140 O   -2.334  -2.119  17.229
 141 O    2.885   6.919  -2.672
 142 O   -2.334   6.919  17.229
 143 O   -4.943   2.400  27.179
 144 O    0.276  11.438   7.279
 145 O    8.103  -2.119   7.279
 146 O    5.494  -6.638  17.229
 147 O   10.712   2.400  -2.672
 148 O    5.494   2.400  17.229
 149 O    2.885  -2.119  27.179
 150 O    8.103   6.919   7.279
 151 O    2.885   6.919  27.179
 152 O    0.276   2.400  37.130
 153 O    5.494  11.438  17.229
 154 O   -2.334  -2.119 -12.622
 155 O   -4.943  -6.638  -2.672
 156 O    0.276   2.400 -22.572
 157 O   -4.943   2.400  -2.672
 158 O   -7.552  -2.119   7.279
 159 O   -2.334   6.919 -12.622
 160 O   -7.552   6.919   7.279
 161 O  -10.161   2.400  17.229
 162 O   -4.943  11.438  -2.672
 163 CA   2.609  -4.519  -9.950
 164 O   -2.216  -0.961   7.279
 165 O   -4.825  -5.481  17.229
 166 O   -2.216   8.077   7.279
 167 O   -4.825   3.558  17.229
 168 O   -7.435  -0.961  27.179
 169 O    3.002  -0.961 -12.622
 170 O    0.393  -5.481  -2.672
 171 O   -2.216 -10.000   7.279
 172 O    5.611   3.558   7.279
 173 O    3.002  -0.961  17.229
 174 O    0.393  -5.481  27.179
 175 O    3.002   8.077  17.229
 176 O    0.393   3.558  27.179
 177 O   -2.216  -0.961  37.130
 178 O    8.220  -0.961  -2.672
 179 O    5.611  -5.481   7.279
 180 O    3.002 -10.000  17.229
 181 O   -4.825   3.558 -12.622
 182 O   -7.435  -0.961  -2.672
 183 O  -10.044  -5.481   7.279
 184 O   -7.435   8.077  -2.672
 185 O  -10.044   3.558   7.279
 186 O  -12.653  -0.961  17.229
 187 O   -2.216  -0.961 -22.572
 188 O   -4.825  -5.481 -12.622
 189 O   -7.435 -10.000  -2.672
 190 CA  -0.000  -9.038   0.000
 191 O    0.669  -3.081  12.622
 192 O    5.887   5.958  -7.279
 193 O    0.669   5.958  12.622
 194 O   -1.941   1.439  22.572
 195 O    3.278  10.477   2.672
 196 O    5.887  -3.081  -7.279
 197 O    3.278  -7.600   2.672
 198 O    8.496   1.439 -17.229
 199 O   -7.159   1.439 -17.229
 200 O   -9.768  -3.081  -7.279
 201 O   -4.550   5.958 -27.179
 202 O   -9.768   5.958  -7.279
 203 O  -12.377   1.439   2.672
 204 O   -7.159  10.477 -17.229
 205 O   -4.550  -3.081 -27.179
 206 O   -7.159  -7.600 -17.229
 207 O   -1.941   1.439 -37.130
 208 O   -1.941   1.439  -7.279
 209 O   -4.550  -3.081   2.672
 210 O    0.669   5.958 -17.229
 211 O   -4.550   5.958   2.672
 212 O   -7.159   1.439  12.622
 213 O   -1.941  10.477  -7.279
 214 O    0.669  -3.081 -17.229
 215 O   -1.941  -7.600  -7.279
 216 O    3.278   1.439 -27.179
 217 CA   5.218   0.000 -19.901
 218 O   -5.494  -2.400  12.622
 219 O   -0.276   6.638  -7.279
 220 O    2.334  -6.919 -17.229
 221 O   -0.276 -11.438  -7.279
 222 O    4.943  -2.400 -27.179
 223 O   -0.276  -2.400  -7.279
 224 O   -2.885  -6.919   2.672
 225 O    2.334   2.119 -17.229
 226 O    2.334   2.119  12.622
 227 O   -0.276  -2.400  22.572
 228 O    4.943   6.638   2.672
 229 O    7.552  -6.919  -7.279
 230 O    4.943 -11.438   2.672
 231 O   10.161  -2.400 -17.229
 232 O    4.943  -2.400   2.672
 233 O    2.334  -6.919  12.622
 234 O    7.552   2.119  -7.279
 235 O   -8.103   2.119  -7.279
 236 O  -10.712  -2.400   2.672
 237 O   -5.494   6.638 -17.229
 238 O   -2.885  -6.919 -27.179
 239 O   -5.494 -11.438 -17.229
 240 O   -0.276  -2.400 -37.130
 241 O   -5.494  -2.400 -17.229
 242 O   -8.103  -6.919  -7.279
 243 O   -2.885   2.119 -27.179
 244 CA   5.218  -0.000   9.950
 245 O    4.825   5.481 -17.229
 246 O    2.216   0.961  -7.279
 247 O   -3.002   0.961  12.622
 248 O    2.216  10.000  -7.279
 249 O   -0.393   5.481   2.672
 250 O    2.216  -8.077  -7.279
 251 O    7.435   0.961 -27.179
 252 O    4.825  -3.558 -17.229
 253 O    4.825  -3.558  12.622
 254 O   10.044   5.481  -7.279
 255 O    7.435   0.961   2.672
 256 O    2.216   0.961  22.572
 257 O    7.435  10.000   2.672
 258 O    4.825   5.481  12.622
 259 O    7.435  -8.077   2.672
 260 O   12.653   0.961 -17.229
 261 O   10.044  -3.558  -7.279
 262 O   -5.611  -3.558  -7.279
 263 O   -0.393   5.481 -27.179
 264 O   -3.002   0.961 -17.229
 265 O   -8.220   0.961   2.672
 266 O   -3.002  10.000 -17.229
 267 O   -5.611   5.481  -7.279
 268 O   -3.002  -8.077 -17.229
 269 O    2.216   0.961 -37.130
 270 O   -0.393  -3.558 -27.179
 INFORMATION **** SET_MPP **** PCRYSTAL CALCULATION
 INFORMATION **** READM2 **** NEW DEFAULT: FOCK/KS MATRIX MIXING SET TO 30 %
 INFORMATION **** READM2 **** NEW DEFAULT: FULL DIRECT SCF MODE
 INFORMATION **** READM2 **** NEW DEFAULT: COULOMB BIPOLAR BUFFER SET TO 32 Mb
 INFORMATION **** READM2 **** NEW DEFAULT: EXCHANGE BIPOLAR BUFFER SET TO 32 Mb

 *******************************************************************************
 NEW DEFAULT: DFT INTEGRATION GRID INCREASED TO XLGRID
 NEW DEFAULT: DIIS ACCELERATOR ACTIVE
 USE KEYWORD NODIIS TO TURN IT OFF
 *******************************************************************************

 INFORMATION **** READM2 **** FULL DIRECT SCF (MONO AND BIEL INT) SELECTED
 INFORMATION **** MAXCYCLE **** MAX NUMBER OF SCF CYCLES SET TO         200
 INFORMATION **** TOLDEE **** SCF TOL ON TOTAL ENERGY SET TO          10
 INFORMATION **** TOLINTEG **** COULOMB AND EXCHANGE SERIES TOLERANCES MODIFIED
 INFORMATION **** BIPOSIZE **** COULOMB BIPOLAR BUFFER SET TO    32000000
 INFORMATION **** EXCHSIZE **** EXCHANGE BIPOLAR BUFFER SIZE SET TO    32000000
 *******************************************************************************
 N. OF ATOMS PER CELL       270  COULOMB OVERLAP TOL         (T1) 10**   -9
 NUMBER OF SHELLS          1620  COULOMB PENETRATION TOL     (T2) 10**   -9
 NUMBER OF AO              6183  EXCHANGE OVERLAP TOL        (T3) 10**   -9
 N. OF ELECTRONS PER CELL  2484  EXCHANGE PSEUDO OVP (F(G))  (T4) 10**   -9
 CORE ELECTRONS PER CELL   1188  EXCHANGE PSEUDO OVP (P(G))  (T5) 10**  -18
 N. OF SYMMETRY OPERATORS     6  POLE ORDER IN MONO ZONE                  4
 *******************************************************************************
 TYPE OF CALCULATION :  RESTRICTED CLOSED SHELL
 KOHN-SHAM HAMILTONIAN

 (EXCHANGE)[CORRELATION] FUNCTIONAL:(PERDEW-BURKE-ERNZERHOF)[PERDEW-BURKE-ERNZERHOF]


 HYBRID EXCHANGE - PERCENTAGE OF FOCK EXCHANGE    25.0000

 CAPPA:IS1  3;IS2  3;IS3  3; K PTS MONK NET   6; SYMMOPS:K SPACE   6;G SPACE   6

 *******************************************************************************
 MAX NUMBER OF SCF CYCLES     200  CONVERGENCE ON DELTAP        10**-20
 WEIGHT OF F(I) IN F(I+1)      30% CONVERGENCE ON ENERGY        10**-10
 SHRINK. FACT.(MONKH.)    3  3  3  NUMBER OF K POINTS IN THE IBZ      6
 SHRINKING FACTOR(GILAT NET)    3  NUMBER OF K POINTS(GILAT NET)      6
 *******************************************************************************
 *** K POINTS COORDINATES (OBLIQUE COORDINATES IN UNITS OF IS =  3)
   1-R(  0  0  0)   2-C(  1  0  0)   3-C(  1  1  0)   4-C(  2  1  0)
   5-C(  1  1  1)   6-C(  2  1  1)

 DIRECT LATTICE VECTORS COMPON. (A.U.)     RECIP. LATTICE VECTORS COMPON. (A.U.) 
        X            Y            Z              X            Y            Z
   15.6550236   -0.0000000   29.8510502      0.2675684   -0.0000000    0.0701615
   -7.8275118   13.5576481   29.8510502     -0.1337842    0.2317211    0.0701615
   -7.8275118  -13.5576481   29.8510502     -0.1337842   -0.2317211    0.0701615

 DISK SPACE FOR EIGENVECTORS (FTN 10)   420524379 REALS

 SYMMETRY ADAPTION OF THE BLOCH FUNCTIONS ENABLED
 TTTTTTTTTTTTTTTTTTTTTTTTTTTTTT gordsh1     TELAPSE        4.86 TCPU        0.95

 MATRIX SIZE: P(G)20162331, F(G) 3554415, P(G) IRR 1687696, F(G) IRR  597502
 MAX G-VECTOR INDEX FOR 1- AND 2-ELECTRON INTEGRALS 153

 TTTTTTTTTTTTTTTTTTTTTTTTTTTTTT INPUT       TELAPSE        7.00 TCPU        3.09

 NEIGHBORS OF THE NON-EQUIVALENT ATOMS

 N = NUMBER OF NEIGHBORS AT DISTANCE R
    ATOM  N     R/ANG      R/AU   NEIGHBORS (ATOM LABELS AND CELL INDICES)
   1 CA   6     2.3636     4.4666    5 O    0 0 0    6 O    0 0 0    7 O    0 0 0
                                     8 O    0 0 0    9 O    0 0 0   10 O    0 0 0
   1 CA   6     3.1107     5.8784    3 C    0 0 0    4 C    0 0 0   66 C    0 0 0
                                    70 C    0 0 0   87 C    0 0 0   93 C    0 0 0
   1 CA   6     3.2331     6.1097  120 O    0 0 0  157 O    0 0 0  170 O    0 0 0
                                   209 O    0 0 0  232 O    0 0 0  249 O    0 0 0
   1 CA   6     3.8153     7.2100   30 MG   0 0 0   34 MG   0 0 0   36 MG   0 0 0
                                    46 MG   0 0 0   48 MG   0 0 0   52 MG   0 0 0
   1 CA   2     3.8334     7.2441   64 C    0 0 0   84 C    0 0 0
   1 CA   6     4.0583     7.6691  118 O    0 0 0  139 O    0 0 0  164 O    0 0 0
                                   208 O    0 0 0  223 O    0 0 0  246 O    0 0 0

   2 MG   6     2.0660     3.9042  121 O    0 0 0  140 O    0 0 0  173 O    0 0 0
                                   191 O    0 0 0  226 O    0 0 0  247 O    0 0 0
   2 MG   6     3.0111     5.6902   65 C    0 0 0   67 C    0 0 0   73 C    0 0 0
                                    85 C    0 0 0   91 C    0 0 0   96 C    0 0 0
   2 MG   6     3.3987     6.4226  119 O    0 0 0  148 O    0 0 0  167 O    0 0 0
                                   193 O    0 0 0  218 O    0 0 0  253 O    0 0 0
   2 MG   6     3.8153     7.2100   11 CA   0 0 0   13 CA   0 0 0   28 CA   0 0 0
                                    82 CA   0 0 0  109 CA   0 0 0  244 CA   0 0 0
   2 MG   6     4.0518     7.6568  127 O    0 0 0  142 O    0 0 0  165 O    0 0 0
                                   212 O    0 0 0  233 O    0 0 0  258 O    0 0 0
   2 MG   2     4.0649     7.6815   64 C    0 0 0   94 C    0 0 0

   3 C    3     1.2785     2.4160    5 O    0 0 0  157 O    0 0 0  182 O    0 0 0
   3 C    3     3.0111     5.6902   37 MG  -1 0 0   48 MG   0 0 0   52 MG   0 0 0
   3 C    3     3.0728     5.8068  208 O    0 0 0  235 O    0 0 0  262 O    0 0 0
   3 C    3     3.1107     5.8784    1 CA   0 0 0   20 CA   0 0 0   22 CA   0 0 0
   3 C    3     3.2987     6.2337    9 O    0 0 0  209 O    0 0 0  265 O    0 0 0
   3 C    3     3.5160     6.6442    7 O    0 0 0  130 O   -1 0 0  155 O    0 0 0

   5 O    1     1.2785     2.4160    3 C    0 0 0
   5 O    1     2.0660     3.9042   52 MG   0 0 0
   5 O    2     2.2142     4.1843  157 O    0 0 0  182 O    0 0 0
   5 O    1     2.3636     4.4666    1 CA   0 0 0
   5 O    2     2.8892     5.4598  155 O    0 0 0  170 O    0 0 0
   5 O    2     2.9540     5.5822  223 O    0 0 0  262 O    0 0 0

  11 CA   6     2.3636     4.4666  119 O    0 0 0  146 O    0 0 0  173 O    0 0 0
                                   200 O    1 0 0  227 O    0 0 0  254 O    0 0 1
  11 CA   6     3.1107     5.8784   65 C    0 0 0   73 C    0 0 0   80 C    0 0 0
                                    92 C    0 0 1   94 C    0 0 0  100 C    1 0 0
  11 CA   6     3.2331     6.1097  127 O    0 0 0  140 O    0 0 0  180 O    0 0 0
                                   192 O    0 0 1  242 O    1 0 0  256 O    0 0 0
  11 CA   6     3.8153     7.2100    2 MG   0 0 0   29 MG   0 0 0   35 MG   0 0 0
                                    37 MG   0 0 0   43 MG   0 0 0   44 MG   0 0 0
  11 CA   2     3.8334     7.2441   74 C    0 0 0   91 C    0 0 0
  11 CA   6     4.0583     7.6691  128 O    0 0 0  149 O    0 0 0  174 O    0 0 0
                                   191 O    0 0 0  233 O    0 0 0  253 O    0 0 0

  12 CA   6     2.3636     4.4666  120 O    0 0 0  147 O    0 0 0  174 O    0 0-1
                                   201 O    1 0 0  228 O    0 0 0  255 O    0 0 0
  12 CA   6     3.1107     5.8784   66 C    0 0 0   74 C    0 0-1   81 C    0 0 0
                                    93 C    0 0 0   95 C    0 0 0  101 C    1 0 0
  12 CA   6     3.2331     6.1097    8 O    0 0 0  128 O    0 0-1  141 O    0 0 0
                                   178 O    0 0 0  243 O    1 0 0  257 O    0 0 0
  12 CA   6     3.8153     7.2100   29 MG   0 0-1   30 MG   0 0 0   36 MG   0 0 0
                                    38 MG   0 0-1   44 MG   0 0-1   45 MG   0 0 0
  12 CA   2     3.8334     7.2441   75 C    0 0 0   92 C    0 0 0
  12 CA   6     4.0583     7.6691  129 O    0 0 0  150 O    0 0 0  172 O    0 0 0
                                   192 O    0 0 0  234 O    0 0 0  254 O    0 0 0

  14 CA   6     2.3636     4.4666  122 O    0 0 0  149 O    0 0 0  176 O    0 0 0
                                   203 O    1 0 0  230 O    0 1 0  257 O    0 0 1
  14 CA   6     3.1107     5.8784   68 C    0 0 0   74 C    0 0 0   76 C    0 0 0
                                    95 C    0 0 1   97 C    0 1 0  103 C    1 0 0
  14 CA   6     3.2331     6.1097  130 O    0 0 0  143 O    0 0 0  174 O    0 0 0
                                   195 O    0 0 1  236 O    1 0 0  259 O    0 1 0
  14 CA   6     3.8153     7.2100   29 MG   0 0 0   31 MG   0 0 0   32 MG   0 0 0
                                    37 MG   0 0 0   38 MG   0 0 0   40 MG   0 0 0
  14 CA   2     3.8334     7.2441   77 C    0 0 0   94 C    0 0 0
  14 CA   6     4.0583     7.6691  131 O    0 0 0  152 O    0 0 0  177 O    0 0 0
                                   194 O    0 0 0  227 O    0 0 0  256 O    0 0 0

  15 CA   6     2.3636     4.4666  123 O    0 0 0  150 O    0 0 0  177 O    0 0-1
                                   204 O    1 0 0  231 O    0 1 0  258 O    0 0 0
  15 CA   6     3.1107     5.8784   69 C    0 0 0   75 C    0 0 0   77 C    0 0-1
                                    96 C    0 0 0   98 C    0 1 0  104 C    1 0 0
  15 CA   6     3.2331     6.1097  131 O    0 0-1  144 O    0 0 0  172 O    0 0 0
                                   193 O    0 0 0  237 O    1 0 0  260 O    0 1 0
  15 CA   6     3.8153     7.2100   30 MG   0 0 0   32 MG   0 0-1   33 MG   0 0 0
                                    38 MG   0 0-1   39 MG   0 0 0   41 MG   0 0-1
  15 CA   2     3.8334     7.2441   78 C    0 0 0   95 C    0 0 0
  15 CA   6     4.0583     7.6691  132 O    0 0 0  153 O    0 0 0  175 O    0 0 0
                                   195 O    0 0 0  228 O    0 0 0  257 O    0 0 0

  19 CA   6     2.3636     4.4666  127 O   -1 0 0  154 O    0 0 0  181 O    0 0 0
                                   208 O    0 0 0  235 O    0 0 0  262 O    0 0 0
  19 CA   6     3.1107     5.8784   57 C    0 0 0   61 C    0 0 0   73 C   -1 0 0
                                    84 C    0 0 0  100 C    0 0 0  105 C    0 0 0
  19 CA   6     3.2331     6.1097  111 O    0 0 0  148 O   -1 0 0  188 O    0 0 0
                                   200 O    0 0 0  223 O    0 0 0  267 O    0 0 0
  19 CA   6     3.8153     7.2100   37 MG  -1 0 0   39 MG  -1 0 0   43 MG  -1 0 0
                                    48 MG   0 0 0   52 MG   0 0 0   54 MG   0 0 0
  19 CA   2     3.8334     7.2441    3 C    0 0 0  102 C    0 0 0
  19 CA   6     4.0583     7.6691    5 O    0 0 0  157 O    0 0 0  182 O    0 0 0
                                   199 O    0 0 0  241 O    0 0 0  264 O    0 0 0

  29 MG   6     2.0660     3.9042  122 O    0 0 0  141 O    0 0 1  174 O    0 0 0
                                   192 O    0 0 1  227 O    0 0 0  248 O    0 0 1
  29 MG   6     3.0111     5.6902   66 C    0 0 1   68 C    0 0 0   74 C    0 0 0
                                    86 C    0 0 1   92 C    0 0 1   94 C    0 0 0
  29 MG   6     3.3987     6.4226  120 O    0 0 1  149 O    0 0 0  168 O    0 0 0
                                   194 O    0 0 0  219 O    0 0 1  254 O    0 0 1
  29 MG   6     3.8153     7.2100   11 CA   0 0 0   12 CA   0 0 1   14 CA   0 0 0
                                    55 CA   0 0 1  109 CA   0 0 0  136 CA   0 0 1
  29 MG   6     4.0518     7.6568    7 O    0 0 1  128 O    0 0 0  143 O    0 0 0
                                   213 O    0 0 1  234 O    0 0 1  256 O    0 0 0
  29 MG   2     4.0649     7.6815   65 C    0 0 0   95 C    0 0 1

  30 MG   6     2.0660     3.9042    8 O    0 0 0  123 O    0 0 0  139 O    0 0 0
                                   172 O    0 0 0  228 O    0 0 0  249 O    0 0 0
  30 MG   6     3.0111     5.6902   64 C    0 0 0   69 C    0 0 0   75 C    0 0 0
                                    87 C    0 0 0   93 C    0 0 0   95 C    0 0 0
  30 MG   6     3.3987     6.4226    9 O    0 0 0  118 O    0 0 0  150 O    0 0 0
                                   166 O    0 0 0  195 O    0 0 0  255 O    0 0 0
  30 MG   6     3.8153     7.2100    1 CA   0 0 0   12 CA   0 0 0   15 CA   0 0 0
                                    82 CA   0 0 0  136 CA   0 0 0  244 CA   0 0 0
  30 MG   6     4.0518     7.6568  129 O    0 0 0  144 O    0 0 0  164 O    0 0 0
                                   211 O    0 0 0  232 O    0 0 0  257 O    0 0 0
  30 MG   2     4.0649     7.6815   66 C    0 0 0   96 C    0 0 0

  32 MG   6     2.0660     3.9042  125 O    0 1 0  144 O    0 0 1  177 O    0 0 0
                                   195 O    0 0 1  230 O    0 1 0  251 O    0 1 1
  32 MG   6     3.0111     5.6902   69 C    0 0 1   71 C    0 1 0   77 C    0 0 0
                                    89 C    0 1 1   95 C    0 0 1   97 C    0 1 0
  32 MG   6     3.3987     6.4226  123 O    0 0 1  152 O    0 0 0  171 O    0 1 0
                                   197 O    0 1 0  222 O    0 1 1  257 O    0 0 1
  32 MG   6     3.8153     7.2100   14 CA   0 0 0   15 CA   0 0 1   17 CA   0 1 0
                                   136 CA   0 0 1  190 CA   0 1 0  217 CA   0 1 1
  32 MG   6     4.0518     7.6568  131 O    0 0 0  137 O    0 1 0  166 O    0 0 1
                                   216 O    0 1 1  228 O    0 0 1  259 O    0 1 0
  32 MG   2     4.0649     7.6815   68 C    0 0 0   98 C    0 1 1

  33 MG   6     2.0660     3.9042  126 O    0 1 0  142 O    0 0 0  175 O    0 0 0
                                   193 O    0 0 0  231 O    0 1 0  252 O    0 1 0
  33 MG   6     3.0111     5.6902   67 C    0 0 0   72 C    0 1 0   78 C    0 0 0
                                    90 C    0 1 0   96 C    0 0 0   98 C    0 1 0
  33 MG   6     3.3987     6.4226  121 O    0 0 0  153 O    0 0 0  169 O    0 1 0
                                   198 O    0 1 0  220 O    0 1 0  258 O    0 0 0
  33 MG   6     3.8153     7.2100   13 CA   0 0 0   15 CA   0 0 0   18 CA   0 1 0
                                    82 CA   0 0 0  163 CA   0 1 0  217 CA   0 1 0
  33 MG   6     4.0518     7.6568  132 O    0 0 0  138 O    0 1 0  167 O    0 0 0
                                   214 O    0 1 0  226 O    0 0 0  260 O    0 1 0
  33 MG   2     4.0649     7.6815   69 C    0 0 0   99 C    0 1 0

  41 MG   6     2.0660     3.9042  134 O    0 1 0  153 O    0 0 1  186 O    1 0 0
                                   204 O    1 0 1  239 O    1 1 0  260 O    0 1 1
  41 MG   6     3.0111     5.6902   59 C    1 0 0   78 C    0 0 1   80 C    0 1 0
                                    98 C    0 1 1  104 C    1 0 1  106 C    1 1 0
  41 MG   6     3.3987     6.4226  132 O    0 0 1  161 O    1 0 0  180 O    0 1 0
                                   206 O    1 1 0  231 O    0 1 1  266 O    1 0 1
  41 MG   6     3.8153     7.2100   15 CA   0 0 1   17 CA   0 1 0   18 CA   0 1 1
                                    23 CA   1 0 0   24 CA   1 0 1   26 CA   1 1 0
  41 MG   6     4.0518     7.6568  113 O    1 0 0  146 O    0 1 0  175 O    0 0 1
                                   198 O    0 1 1  237 O    1 0 1  268 O    1 1 0
  41 MG   2     4.0649     7.6815   77 C    0 0 0  107 C    1 1 1

  56 C    3     1.2785     2.4160  110 O    0 0 0  158 O    0 0 0  183 O    0 0 0
  56 C    3     3.0111     5.6902   38 MG  -1 0 0   46 MG   0 0 0   53 MG   0 0 0
  56 C    3     3.0728     5.8068  209 O    0 0 0  236 O    0 0 0  263 O    0 0 1
  56 C    3     3.1107     5.8784   21 CA   0 0 1   23 CA   0 0 0   28 CA   0 0 0
  56 C    3     3.2987     6.2337  210 O    0 0 1  218 O    0 0 0  266 O    0 0 1
  56 C    3     3.5160     6.6442  131 O   -1 0 0  156 O    0 0 1  164 O    0 0 0

  57 C    3     1.2785     2.4160  111 O    0 0 0  159 O    0 0 0  181 O    0 0 0
  57 C    3     3.0111     5.6902   39 MG  -1 0 0   47 MG   0 0-1   54 MG   0 0 0
  57 C    3     3.0728     5.8068  210 O    0 0 0  237 O    0 0 0  264 O    0 0 0
  57 C    3     3.1107     5.8784   19 CA   0 0 0   24 CA   0 0 0   55 CA   0 0 0
  57 C    3     3.2987     6.2337  208 O    0 0 0  219 O    0 0 0  267 O    0 0 0
  57 C    3     3.5160     6.6442  132 O   -1 0 0  154 O    0 0 0  165 O    0 0-1

  58 C    3     1.2785     2.4160  112 O    0 0 0  160 O    0 0 0  185 O    0 0 0
  58 C    3     3.0111     5.6902   40 MG  -1 0 0   46 MG   0 0 0   51 MG   0 0 0
  58 C    3     3.0728     5.8068  211 O    0 0 0  238 O    0 1 0  265 O    0 0 0
  58 C    3     3.1107     5.8784   23 CA   0 0 0   25 CA   0 1 0   82 CA   0 0 0
  58 C    3     3.2987     6.2337  212 O    0 0 0  220 O    0 1 0  268 O    0 1 0
  58 C    3     3.5160     6.6442  133 O   -1 1 0  158 O    0 0 0  166 O    0 0 0

  59 C    3     1.2785     2.4160  113 O    0 0 0  161 O    0 0 0  186 O    0 0 0
  59 C    3     3.0111     5.6902   41 MG  -1 0 0   47 MG   0 0 0   49 MG   0 0 0
  59 C    3     3.0728     5.8068  212 O    0 0 0  239 O    0 1 0  266 O    0 0 1
  59 C    3     3.1107     5.8784   24 CA   0 0 1   26 CA   0 1 0  109 CA   0 0 0
  59 C    3     3.2987     6.2337  213 O    0 0 1  221 O    0 1 0  269 O    0 1 1
  59 C    3     3.5160     6.6442  134 O   -1 1 0  159 O    0 0 1  167 O    0 0 0

  60 C    3     1.2785     2.4160  114 O    0 0 0  162 O    0 0 0  184 O    0 0 0
  60 C    3     3.0111     5.6902   42 MG  -1 0 0   48 MG   0 0 0   50 MG   0 0-1
  60 C    3     3.0728     5.8068  213 O    0 0 0  240 O    0 1 0  267 O    0 0 0
  60 C    3     3.1107     5.8784   22 CA   0 0 0   27 CA   0 1 0  136 CA   0 0 0
  60 C    3     3.2987     6.2337  211 O    0 0 0  222 O    0 1 0  270 O    0 1 0
  60 C    3     3.5160     6.6442  135 O   -1 1 0  157 O    0 0 0  168 O    0 0-1

  63 C    3     1.2785     2.4160  117 O    0 0 0  156 O    0 0 0  187 O    0 0 0
  63 C    3     3.0111     5.6902   45 MG  -1 0 0   51 MG   0-1 0   53 MG   0 0-1
  63 C    3     3.0728     5.8068  216 O    0 0 0  243 O    0 0 0  270 O    0 0 0
  63 C    3     3.1107     5.8784   21 CA   0 0 0   25 CA   0 0 0  217 CA   0 0 0
  63 C    3     3.2987     6.2337  214 O    0 0 0  225 O    0 0 0  264 O    0 0 0
  63 C    3     3.5160     6.6442  129 O   -1 0 0  160 O    0-1 0  171 O    0 0-1

  64 C    3     1.2785     2.4160  118 O    0 0 0  139 O    0 0 0  164 O    0 0 0
  64 C    3     3.0111     5.6902   30 MG   0 0 0   34 MG   0 0 0   46 MG   0 0 0
  64 C    3     3.0728     5.8068    8 O    0 0 0    9 O    0 0 0   10 O    0 0 0
  64 C    3     3.1107     5.8784   28 CA   0 0 0   82 CA   0 0 0  244 CA   0 0 0
  64 C    3     3.2987     6.2337  191 O    0 0 0  226 O    0 0 0  247 O    0 0 0
  64 C    3     3.5160     6.6442  112 O    0 0 0  137 O    0 0 0  172 O    0 0 0

  65 C    3     1.2785     2.4160  119 O    0 0 0  140 O    0 0 0  165 O    0 0 0
  65 C    3     3.0111     5.6902    2 MG   0 0 0   35 MG   0 0 0   47 MG   0 0 0
  65 C    3     3.0728     5.8068  191 O    0 0 0  218 O    0 0 0  245 O    0 0 1
  65 C    3     3.1107     5.8784   11 CA   0 0 0   55 CA   0 0 1  109 CA   0 0 0
  65 C    3     3.2987     6.2337  192 O    0 0 1  227 O    0 0 0  248 O    0 0 1
  65 C    3     3.5160     6.6442  113 O    0 0 0  138 O    0 0 1  173 O    0 0 0

  68 C    3     1.2785     2.4160  122 O    0 0 0  143 O    0 0 0  168 O    0 0 0
  68 C    3     3.0111     5.6902   29 MG   0 0 0   31 MG   0 0 0   50 MG   0 0 0
  68 C    3     3.0728     5.8068  194 O    0 0 0  221 O    0 1 0  248 O    0 0 1
  68 C    3     3.1107     5.8784   14 CA   0 0 0  136 CA   0 0 1  190 CA   0 1 0
  68 C    3     3.2987     6.2337  195 O    0 0 1  230 O    0 1 0  251 O    0 1 1
  68 C    3     3.5160     6.6442  116 O    0 1 0  141 O    0 0 1  176 O    0 0 0

  77 C    3     1.2785     2.4160  131 O    0 0 0  152 O    0 0 0  177 O    0 0 0
  77 C    3     3.0111     5.6902   32 MG   0 0 0   38 MG   0 0 0   40 MG   0 0 0
  77 C    3     3.0728     5.8068  203 O    1 0 0  230 O    0 1 0  257 O    0 0 1
  77 C    3     3.1107     5.8784   15 CA   0 0 1   17 CA   0 1 0   23 CA   1 0 0
  77 C    3     3.2987     6.2337  204 O    1 0 1  239 O    1 1 0  260 O    0 1 1
  77 C    3     3.5160     6.6442  125 O    0 1 0  150 O    0 0 1  185 O    1 0 0

 110 O    1     1.2785     2.4160   56 C    0 0 0
 110 O    1     2.0660     3.9042   53 MG   0 0 0
 110 O    2     2.2142     4.1843  158 O    0 0 0  183 O    0 0 0
 110 O    1     2.3636     4.4666   28 CA   0 0 0
 110 O    2     2.8892     5.4598  156 O    0 0 1  171 O    0 0 0
 110 O    2     2.9540     5.5822  224 O    0 0 0  263 O    0 0 1

 111 O    1     1.2785     2.4160   57 C    0 0 0
 111 O    1     2.0660     3.9042   54 MG   0 0 0
 111 O    2     2.2142     4.1843  159 O    0 0 0  181 O    0 0 0
 111 O    1     2.3636     4.4666   55 CA   0 0 0
 111 O    2     2.8892     5.4598  154 O    0 0 0  169 O    0 0 0
 111 O    2     2.9540     5.5822  225 O    0 0 0  264 O    0 0 0

 112 O    1     1.2785     2.4160   58 C    0 0 0
 112 O    1     2.0660     3.9042   46 MG   0 0 0
 112 O    2     2.2142     4.1843  160 O    0 0 0  185 O    0 0 0
 112 O    1     2.3636     4.4666   82 CA   0 0 0
 112 O    2     2.8892     5.4598  158 O    0 0 0  164 O    0 0 0
 112 O    2     2.9540     5.5822    9 O    0 0 0  265 O    0 0 0

 113 O    1     1.2785     2.4160   59 C    0 0 0
 113 O    1     2.0660     3.9042   47 MG   0 0 0
 113 O    2     2.2142     4.1843  161 O    0 0 0  186 O    0 0 0
 113 O    1     2.3636     4.4666  109 CA   0 0 0
 113 O    2     2.8892     5.4598  159 O    0 0 1  165 O    0 0 0
 113 O    2     2.9540     5.5822  218 O    0 0 0  266 O    0 0 1

 114 O    1     1.2785     2.4160   60 C    0 0 0
 114 O    1     2.0660     3.9042   48 MG   0 0 0
 114 O    2     2.2142     4.1843  162 O    0 0 0  184 O    0 0 0
 114 O    1     2.3636     4.4666  136 CA   0 0 0
 114 O    2     2.8892     5.4598    7 O    0 0 0  157 O    0 0 0
 114 O    2     2.9540     5.5822  219 O    0 0 0  267 O    0 0 0

 115 O    1     1.2785     2.4160   61 C    0 0 0
 115 O    1     2.0660     3.9042   49 MG   0-1 0
 115 O    2     2.2142     4.1843  154 O    0 0 0  188 O    0 0 0
 115 O    1     2.3636     4.4666  163 CA   0 0 0
 115 O    2     2.8892     5.4598  161 O    0-1 0  167 O    0-1 0
 115 O    2     2.9540     5.5822  220 O    0 0 0  268 O    0 0 0

 116 O    1     1.2785     2.4160   62 C    0 0 0
 116 O    1     2.0660     3.9042   50 MG   0-1 0
 116 O    2     2.2142     4.1843  155 O    0 0 0  189 O    0 0 0
 116 O    1     2.3636     4.4666  190 CA   0 0 0
 116 O    2     2.8892     5.4598  162 O    0-1 1  168 O    0-1 0
 116 O    2     2.9540     5.5822  221 O    0 0 0  269 O    0 0 1

 117 O    1     1.2785     2.4160   63 C    0 0 0
 117 O    1     2.0660     3.9042   51 MG   0-1 0
 117 O    2     2.2142     4.1843  156 O    0 0 0  187 O    0 0 0
 117 O    1     2.3636     4.4666  217 CA   0 0 0
 117 O    2     2.8892     5.4598  160 O    0-1 0  166 O    0-1 0
 117 O    2     2.9540     5.5822  222 O    0 0 0  270 O    0 0 0

 118 O    1     1.2785     2.4160   64 C    0 0 0
 118 O    1     2.0660     3.9042   34 MG   0 0 0
 118 O    2     2.2142     4.1843  139 O    0 0 0  164 O    0 0 0
 118 O    1     2.3636     4.4666  244 CA   0 0 0
 118 O    2     2.8892     5.4598  137 O    0 0 0  179 O    0 0 0
 118 O    2     2.9540     5.5822   10 O    0 0 0  232 O    0 0 0

 119 O    1     1.2785     2.4160   65 C    0 0 0
 119 O    1     2.0660     3.9042   35 MG   0 0 0
 119 O    2     2.2142     4.1843  140 O    0 0 0  165 O    0 0 0
 119 O    1     2.3636     4.4666   11 CA   0 0 0
 119 O    2     2.8892     5.4598  138 O    0 0 1  180 O    0 0 0
 119 O    2     2.9540     5.5822  233 O    0 0 0  245 O    0 0 1

 120 O    1     1.2785     2.4160   66 C    0 0 0
 120 O    1     2.0660     3.9042   36 MG   0 0 0
 120 O    2     2.2142     4.1843    7 O    0 0 0  141 O    0 0 0
 120 O    1     2.3636     4.4666   12 CA   0 0 0
 120 O    2     2.8892     5.4598    6 O    0 0 0  178 O    0 0 0
 120 O    2     2.9540     5.5822  234 O    0 0 0  246 O    0 0 0

 121 O    1     1.2785     2.4160   67 C    0 0 0
 121 O    1     2.0660     3.9042    2 MG   0 0 0
 121 O    2     2.2142     4.1843  142 O    0 0 0  167 O    0 0 0
 121 O    1     2.3636     4.4666   13 CA   0 0 0
 121 O    2     2.8892     5.4598  140 O    0 0 0  173 O    0 0 0
 121 O    2     2.9540     5.5822  226 O    0 0 0  247 O    0 0 0

 122 O    1     1.2785     2.4160   68 C    0 0 0
 122 O    1     2.0660     3.9042   29 MG   0 0 0
 122 O    2     2.2142     4.1843  143 O    0 0 0  168 O    0 0 0
 122 O    1     2.3636     4.4666   14 CA   0 0 0
 122 O    2     2.8892     5.4598  141 O    0 0 1  174 O    0 0 0
 122 O    2     2.9540     5.5822  227 O    0 0 0  248 O    0 0 1

 123 O    1     1.2785     2.4160   69 C    0 0 0
 123 O    1     2.0660     3.9042   30 MG   0 0 0
 123 O    2     2.2142     4.1843  144 O    0 0 0  166 O    0 0 0
 123 O    1     2.3636     4.4666   15 CA   0 0 0
 123 O    2     2.8892     5.4598  139 O    0 0 0  172 O    0 0 0
 123 O    2     2.9540     5.5822  228 O    0 0 0  249 O    0 0 0

 124 O    1     1.2785     2.4160   70 C    0 0 0
 124 O    1     2.0660     3.9042   31 MG   0-1 0
 124 O    2     2.2142     4.1843    6 O    0 0 0  170 O    0 0 0
 124 O    1     2.3636     4.4666   16 CA   0 0 0
 124 O    2     2.8892     5.4598  143 O    0-1 0  176 O    0-1 0
 124 O    2     2.9540     5.5822  229 O    0 0 0  250 O    0 0 0

 125 O    1     1.2785     2.4160   71 C    0 0 0
 125 O    1     2.0660     3.9042   32 MG   0-1 0
 125 O    2     2.2142     4.1843  137 O    0 0 0  171 O    0 0 0
 125 O    1     2.3636     4.4666   17 CA   0 0 0
 125 O    2     2.8892     5.4598  144 O    0-1 1  177 O    0-1 0
 125 O    2     2.9540     5.5822  230 O    0 0 0  251 O    0 0 1

 126 O    1     1.2785     2.4160   72 C    0 0 0
 126 O    1     2.0660     3.9042   33 MG   0-1 0
 126 O    2     2.2142     4.1843  138 O    0 0 0  169 O    0 0 0
 126 O    1     2.3636     4.4666   18 CA   0 0 0
 126 O    2     2.8892     5.4598  142 O    0-1 0  175 O    0-1 0
 126 O    2     2.9540     5.5822  231 O    0 0 0  252 O    0 0 0

 127 O    1     1.2785     2.4160   73 C    0 0 0
 127 O    1     2.0660     3.9042   43 MG   0 0 0
 127 O    2     2.2142     4.1843  148 O    0 0 0  173 O    0 0 0
 127 O    1     2.3636     4.4666   19 CA   1 0 0
 127 O    2     2.8892     5.4598  146 O    0 0 0  188 O    1 0 0
 127 O    2     2.9540     5.5822  241 O    1 0 0  253 O    0 0 0

 128 O    1     1.2785     2.4160   74 C    0 0 0
 128 O    1     2.0660     3.9042   44 MG   0 0 0
 128 O    2     2.2142     4.1843  149 O    0 0 0  174 O    0 0 0
 128 O    1     2.3636     4.4666   20 CA   1 0 0
 128 O    2     2.8892     5.4598  147 O    0 0 1  189 O    1 0 0
 128 O    2     2.9540     5.5822  242 O    1 0 0  254 O    0 0 1

 129 O    1     1.2785     2.4160   75 C    0 0 0
 129 O    1     2.0660     3.9042   45 MG   0 0 0
 129 O    2     2.2142     4.1843  150 O    0 0 0  172 O    0 0 0
 129 O    1     2.3636     4.4666   21 CA   1 0 0
 129 O    2     2.8892     5.4598  145 O    0 0 0  187 O    1 0 0
 129 O    2     2.9540     5.5822  243 O    1 0 0  255 O    0 0 0

 130 O    1     1.2785     2.4160   76 C    0 0 0
 130 O    1     2.0660     3.9042   37 MG   0 0 0
 130 O    2     2.2142     4.1843  151 O    0 0 0  176 O    0 0 0
 130 O    1     2.3636     4.4666   22 CA   1 0 0
 130 O    2     2.8892     5.4598  149 O    0 0 0  182 O    1 0 0
 130 O    2     2.9540     5.5822  235 O    1 0 0  256 O    0 0 0

 131 O    1     1.2785     2.4160   77 C    0 0 0
 131 O    1     2.0660     3.9042   38 MG   0 0 0
 131 O    2     2.2142     4.1843  152 O    0 0 0  177 O    0 0 0
 131 O    1     2.3636     4.4666   23 CA   1 0 0
 131 O    2     2.8892     5.4598  150 O    0 0 1  183 O    1 0 0
 131 O    2     2.9540     5.5822  236 O    1 0 0  257 O    0 0 1

 132 O    1     1.2785     2.4160   78 C    0 0 0
 132 O    1     2.0660     3.9042   39 MG   0 0 0
 132 O    2     2.2142     4.1843  153 O    0 0 0  175 O    0 0 0
 132 O    1     2.3636     4.4666   24 CA   1 0 0
 132 O    2     2.8892     5.4598  148 O    0 0 0  181 O    1 0 0
 132 O    2     2.9540     5.5822  237 O    1 0 0  258 O    0 0 0

 133 O    1     1.2785     2.4160   79 C    0 0 0
 133 O    1     2.0660     3.9042   40 MG   0-1 0
 133 O    2     2.2142     4.1843  145 O    0 0 0  179 O    0 0 0
 133 O    1     2.3636     4.4666   25 CA   1 0 0
 133 O    2     2.8892     5.4598  152 O    0-1 0  185 O    1-1 0
 133 O    2     2.9540     5.5822  238 O    1 0 0  259 O    0 0 0

 134 O    1     1.2785     2.4160   80 C    0 0 0
 134 O    1     2.0660     3.9042   41 MG   0-1 0
 134 O    2     2.2142     4.1843  146 O    0 0 0  180 O    0 0 0
 134 O    1     2.3636     4.4666   26 CA   1 0 0
 134 O    2     2.8892     5.4598  153 O    0-1 1  186 O    1-1 0
 134 O    2     2.9540     5.5822  239 O    1 0 0  260 O    0 0 1

 135 O    1     1.2785     2.4160   81 C    0 0 0
 135 O    1     2.0660     3.9042   42 MG   0-1 0
 135 O    2     2.2142     4.1843  147 O    0 0 0  178 O    0 0 0
 135 O    1     2.3636     4.4666   27 CA   1 0 0
 135 O    2     2.8892     5.4598  151 O    0-1 0  184 O    1-1 0
 135 O    2     2.9540     5.5822  240 O    1 0 0  261 O    0 0 0


 SYMMETRY ALLOWED INTERNAL DEGREE(S) OF FREEDOM: 134
 TTTTTTTTTTTTTTTTTTTTTTTTTTTTTT SYMM        TELAPSE        7.06 TCPU        3.15
 TTTTTTTTTTTTTTTTTTTTTTTTTTTTTT INT_SCREEN  TELAPSE        7.44 TCPU        3.52

 *******************************************************************************
 *                                                                             *
 *                                                                             *
 *         FFFFF  RRRR   EEEE   QQQ   U   U  EEEE  N   N   CCC  Y   Y          *
 *         F      R   R  E     Q   Q  U   U  E     NN  N  C      Y Y           *
 *         FFF    RRRR   EEEE  Q   Q  U   U  EEEE  N N N  C       Y            *
 *         F      R   R  E     Q  QQ  U   U  E     N  NN  C       Y            *
 *         F      R   R  EEEE   QQ Q   UUU   EEEE  N   N   CCC    Y            *
 *                                                                             *
 *                                                                             *
 * CALCULATION OF PHONON FREQUENCIES AT A SET OF K POINTS BY USING A SUPERCELL *
 * SCHEME. THE FOLLOWING SUPERCELL HAS BEEN USED:                              *
 *     3.000     0.000     0.000                                               *
 *     0.000     3.000     0.000                                               *
 *     0.000     0.000     3.000                                               *
 * THAT PERMITS THE CALCULATION OF MODES AT    27 K POINTS                     *
 * INTENSITIES COMPUTED VIA THE BERRY PHASE APPROACH                           *
 *                                                                             *
 * REFERENCES TO BE QUOTED WHEN USING THIS MODULE:                             *
 *                                                                             *
 * F. Pascale, C.M. Zicovich-Wilson, F. Lopez, B. Civalleri                    *
 * R. Orlando, R. Dovesi                                                       *
 * The calculation of the vibration frequencies of crystalline                 *
 * compounds and its implementation in the CRYSTAL code                        *
 * J. Comput. Chem. 25 (2004) 888-897                                          *
 *                                                                             *
 * C.M. Zicovich-Wilson, F. Pascale, C. Roetti, V.R. Saunders,                 *
 * R. Orlando, R. Dovesi                                                       *
 * The calculation of the vibration frequencies of alpha-quartz:               *
 * the effect of hamiltonian and basis set                                     *
 * J. Comput. Chem. 25 (2004) 1873-1881                                        *
 *******************************************************************************



 ATOMS ISOTOPIC MASS (AMU) FOR FREQUENCY CALCULATION 

    1 CA     39.9626    2 MG     23.9850    3 C      12.0000    4 C      12.0000
    5 O      15.9949    6 O      15.9949    7 O      15.9949    8 O      15.9949
    9 O      15.9949   10 O      15.9949   11 CA     39.9626   12 CA     39.9626
   13 CA     39.9626   14 CA     39.9626   15 CA     39.9626   16 CA     39.9626
   17 CA     39.9626   18 CA     39.9626   19 CA     39.9626   20 CA     39.9626
   21 CA     39.9626   22 CA     39.9626   23 CA     39.9626   24 CA     39.9626
   25 CA     39.9626   26 CA     39.9626   27 CA     39.9626   28 CA     39.9626
   29 MG     23.9850   30 MG     23.9850   31 MG     23.9850   32 MG     23.9850
   33 MG     23.9850   34 MG     23.9850   35 MG     23.9850   36 MG     23.9850
   37 MG     23.9850   38 MG     23.9850   39 MG     23.9850   40 MG     23.9850
   41 MG     23.9850   42 MG     23.9850   43 MG     23.9850   44 MG     23.9850
   45 MG     23.9850   46 MG     23.9850   47 MG     23.9850   48 MG     23.9850
   49 MG     23.9850   50 MG     23.9850   51 MG     23.9850   52 MG     23.9850
   53 MG     23.9850   54 MG     23.9850   55 CA     39.9626   56 C      12.0000
   57 C      12.0000   58 C      12.0000   59 C      12.0000   60 C      12.0000
   61 C      12.0000   62 C      12.0000   63 C      12.0000   64 C      12.0000
   65 C      12.0000   66 C      12.0000   67 C      12.0000   68 C      12.0000
   69 C      12.0000   70 C      12.0000   71 C      12.0000   72 C      12.0000
   73 C      12.0000   74 C      12.0000   75 C      12.0000   76 C      12.0000
   77 C      12.0000   78 C      12.0000   79 C      12.0000   80 C      12.0000
   81 C      12.0000   82 CA     39.9626   83 C      12.0000   84 C      12.0000
   85 C      12.0000   86 C      12.0000   87 C      12.0000   88 C      12.0000
   89 C      12.0000   90 C      12.0000   91 C      12.0000   92 C      12.0000
   93 C      12.0000   94 C      12.0000   95 C      12.0000   96 C      12.0000
   97 C      12.0000   98 C      12.0000   99 C      12.0000  100 C      12.0000
  101 C      12.0000  102 C      12.0000  103 C      12.0000  104 C      12.0000
  105 C      12.0000  106 C      12.0000  107 C      12.0000  108 C      12.0000
  109 CA     39.9626  110 O      15.9949  111 O      15.9949  112 O      15.9949
  113 O      15.9949  114 O      15.9949  115 O      15.9949  116 O      15.9949
  117 O      15.9949  118 O      15.9949  119 O      15.9949  120 O      15.9949
  121 O      15.9949  122 O      15.9949  123 O      15.9949  124 O      15.9949
  125 O      15.9949  126 O      15.9949  127 O      15.9949  128 O      15.9949
  129 O      15.9949  130 O      15.9949  131 O      15.9949  132 O      15.9949
  133 O      15.9949  134 O      15.9949  135 O      15.9949  136 CA     39.9626
  137 O      15.9949  138 O      15.9949  139 O      15.9949  140 O      15.9949
  141 O      15.9949  142 O      15.9949  143 O      15.9949  144 O      15.9949
  145 O      15.9949  146 O      15.9949  147 O      15.9949  148 O      15.9949
  149 O      15.9949  150 O      15.9949  151 O      15.9949  152 O      15.9949
  153 O      15.9949  154 O      15.9949  155 O      15.9949  156 O      15.9949
  157 O      15.9949  158 O      15.9949  159 O      15.9949  160 O      15.9949
  161 O      15.9949  162 O      15.9949  163 CA     39.9626  164 O      15.9949
  165 O      15.9949  166 O      15.9949  167 O      15.9949  168 O      15.9949
  169 O      15.9949  170 O      15.9949  171 O      15.9949  172 O      15.9949
  173 O      15.9949  174 O      15.9949  175 O      15.9949  176 O      15.9949
  177 O      15.9949  178 O      15.9949  179 O      15.9949  180 O      15.9949
  181 O      15.9949  182 O      15.9949  183 O      15.9949  184 O      15.9949
  185 O      15.9949  186 O      15.9949  187 O      15.9949  188 O      15.9949
  189 O      15.9949  190 CA     39.9626  191 O      15.9949  192 O      15.9949
  193 O      15.9949  194 O      15.9949  195 O      15.9949  196 O      15.9949
  197 O      15.9949  198 O      15.9949  199 O      15.9949  200 O      15.9949
  201 O      15.9949  202 O      15.9949  203 O      15.9949  204 O      15.9949
  205 O      15.9949  206 O      15.9949  207 O      15.9949  208 O      15.9949
  209 O      15.9949  210 O      15.9949  211 O      15.9949  212 O      15.9949
  213 O      15.9949  214 O      15.9949  215 O      15.9949  216 O      15.9949
  217 CA     39.9626  218 O      15.9949  219 O      15.9949  220 O      15.9949
  221 O      15.9949  222 O      15.9949  223 O      15.9949  224 O      15.9949
  225 O      15.9949  226 O      15.9949  227 O      15.9949  228 O      15.9949
  229 O      15.9949  230 O      15.9949  231 O      15.9949  232 O      15.9949
  233 O      15.9949  234 O      15.9949  235 O      15.9949  236 O      15.9949
  237 O      15.9949  238 O      15.9949  239 O      15.9949  240 O      15.9949
  241 O      15.9949  242 O      15.9949  243 O      15.9949  244 CA     39.9626
  245 O      15.9949  246 O      15.9949  247 O      15.9949  248 O      15.9949
  249 O      15.9949  250 O      15.9949  251 O      15.9949  252 O      15.9949
  253 O      15.9949  254 O      15.9949  255 O      15.9949  256 O      15.9949
  257 O      15.9949  258 O      15.9949  259 O      15.9949  260 O      15.9949
  261 O      15.9949  262 O      15.9949  263 O      15.9949  264 O      15.9949
  265 O      15.9949  266 O      15.9949  267 O      15.9949  268 O      15.9949
  269 O      15.9949  270 O      15.9949
 *******************************************************************************
 *                                                                             *
 * LIST OF THE K POINTS USED FOF PHONON DISPERSION.                            *
 * IN THESE K POINTS THE DYNAMICAL MATRIX IS DIAGONALIZED                      *
 * AND THE RESULTING FREQUENCIES ARE USED FOR THERMODYNAMICS                   *
 *  K       WEIGHT       COORD                                                 *
 *      1         1.        0  0  0                                            *
 *      2         1.        0  0  1                                            *
 *      3         1.        0  0  2                                            *
 *      4         1.        0  1  0                                            *
 *      5         1.        0  1  1                                            *
 *      6         1.        0  1  2                                            *
 *      7         1.        0  2  0                                            *
 *      8         1.        0  2  1                                            *
 *      9         1.        0  2  2                                            *
 *     10         1.        1  0  0                                            *
 *     11         1.        1  0  1                                            *
 *     12         1.        1  0  2                                            *
 *     13         1.        1  1  0                                            *
 *     14         1.        1  1  1                                            *
 *     15         1.        1  1  2                                            *
 *     16         1.        1  2  0                                            *
 *     17         1.        1  2  1                                            *
 *     18         1.        1  2  2                                            *
 *     19         1.        2  0  0                                            *
 *     20         1.        2  0  1                                            *
 *     21         1.        2  0  2                                            *
 *     22         1.        2  1  0                                            *
 *     23         1.        2  1  1                                            *
 *     24         1.        2  1  2                                            *
 *     25         1.        2  2  0                                            *
 *     26         1.        2  2  1                                            *
 *     27         1.        2  2  2                                            *
 * WITH SHRINKING FACTORS: IS1 =     3 IS2 =     3 IS3 =     3                 *
 * AND RECIPROCAL LATTICE VECTORS:                                             *
 *       1.5168932   -0.0000000    0.3977582                                   *
 *      -0.7584466    1.3136681    0.3977582                                   *
 *      -0.7584466   -1.3136681    0.3977582                                   *
 *******************************************************************************

 INFORMATION CONCERNING THE SCF+GRADIENT CALCULATIONS REQUIRED FOR
 GENERATING FREQUENCIES. IN PRINCIPLE 3N+1 SCF + GRADIENT
 CALCULATIONS  ARE REQUIRED;
 FOR EACH OF THEM THE REMAINING POINT SYMMETRY IS INDICATED.
 POINT SYMMETRY PERMITS TO GENERATE GRADIENTS FOR DISPLACEMENT B 
 STARTING FROM THE GRADIENT GENERATED BY DISPLACEMENT A.

   N   LABEL SYMBOL DISPLACEMENT     SYM. 

   1     EQUILIBRIUM GEOMETRY            6

   2      1   CA           DX           1
   3      1   CA           DY        GENERATED FROM LINE X WITH OP   2
   4      1   CA           DZ           3
   5      2   MG           DX           1
   6      2   MG           DY        GENERATED FROM LINE X WITH OP   2
   7      2   MG           DZ           3
   8      3   C            DX           1
   9      3   C            DY        GENERATED FROM LINE X WITH OP   2
  10      3   C            DZ           1
  11      5   O            DX           1
  12      5   O            DY           1
  13      5   O            DZ           1
 USE OF RESIDUAL SYMMETRY AFTER DISPLACEMENT

 NUMERICAL GRADIENT COMPUTED WITH A SINGLE DISPLACEMENT (+DX) FOR EACH
 CARTESIAN COORDINATE WITH RESPECT TO THE EQUILIBRIUM CONFIGURATION
 DX=  0.003 ANGSTROM
 NUMBER OF IRREDUCIBLE ATOMS                     4
 NUMBER OF SCF+GRADIENT CALCULATIONS            10

  ATOM  SYMOP  ORDER
    1      6      6
    2      3      3
    3      1      1
    5      1      1

 ATOM  : IRREDUCIBLE ATOM
 SYMOP : NUMBER OF SYMMETRY OPERATORS THAT DOESN'T MOVE THE IRREDUCIBLE ATOM
 ORDER : MAXIMUM ORDER AMONG THE OPERATORS OF THE IRREDUCIBLE ATOM

 *******************************************************************************


 GCALCO - MAX INDICES DIRECT LATTICE VECTOR    14    14    14
 NO.OF VECTORS CREATED 6999 STARS  515 RMAX   315.89587 BOHR

 CAPPA:IS1  3;IS2  3;IS3  3; K PTS MONK NET   6; SYMMOPS:K SPACE   6;G SPACE   6

 TTTTTTTTTTTTTTTTTTTTTTTTTTTTTT gordsh1     TELAPSE       16.09 TCPU        4.10

 MATRIX SIZE: P(G)20162331, F(G) 3554415, P(G) IRR 1687696, F(G) IRR  597502
 MAX G-VECTOR INDEX FOR 1- AND 2-ELECTRON INTEGRALS 153

 TTTTTTTTTTTTTTTTTTTTTTTTTTTTTT INPUT       TELAPSE       18.26 TCPU        6.26

 SYMMETRY ALLOWED INTERNAL DEGREE(S) OF FREEDOM: 134
 TTTTTTTTTTTTTTTTTTTTTTTTTTTTTT SYMM        TELAPSE       18.28 TCPU        6.29
 TTTTTTTTTTTTTTTTTTTTTTTTTTTTTT INT_SCREEN  TELAPSE       18.66 TCPU        6.67
 WARNING **** EXCBUF **** EXCH. BIPO BUFFER TOO SMALL - TO AVOID I/O SET EXCHSIZE =    64169055

 DFT PARAMETERS

     ATOM       ELECTRONS   NET CHARGE   R(ANGSTROM)
   1  20  CA     20.0000      0.0000     1.97000000
   2  12  MG     12.0000      0.0000     1.60000000
   3   6  C       6.0000      0.0000     0.77000000
   5   8  O       8.0000      0.0000     0.74000000

 SIZE OF GRID=    1072218
 TTTTTTTTTTTTTTTTTTTTTTTTTTTTTT MAKE_GRID2  TELAPSE       36.98 TCPU       24.43
 BECKE WEIGHT FUNCTION
 RADSAFE =     2.00
 TOLERANCES - DENSITY:10**- 6; POTENTIAL:10**- 9; GRID WGT:10**-14

 RADIAL INTEGRATION  - INTERVALS (POINTS,UPPER LIMIT):            1( 75,  4.0*R)

 ANGULAR INTEGRATION - INTERVALS (ACCURACY LEVEL [N. POINTS] UPPER LIMIT):
  1(  4[  86]   0.2)  2(  8[ 194]   0.5)  3( 12[ 350]   0.9)  4( 16[ 974]   3.5)
  5( 12[ 350]9999.0)
 TTTTTTTTTTTTTTTTTTTTTTTTTTTTTT INT_CALC    TELAPSE       37.19 TCPU       24.65

 *******************************************************************************
 spectra with PBE0                                                               
 CRYSTAL - SCF - TYPE OF CALCULATION :  RESTRICTED CLOSED SHELL
 *******************************************************************************

 CAPPA:IS1  3;IS2  3;IS3  3; K PTS MONK NET   6; SYMMOPS:K SPACE   6;G SPACE   6

 TTTTTTTTTTTTTTTTTTTTTTTTTTTTTT SDIK        TELAPSE     1140.69 TCPU     1128.12

 AAAAAAAAAAAAAAAAAAAAAAAAAAAAAAAAAAAAAAAAAAAAAAAAAAAAAAAAAAAAAAAAAAAAAAAAAAAAAAA
         ATOMIC WAVEFUNCTION(S)


 NUCLEAR CHARGE 20.0  SYMMETRY SPECIES            S    P
 N. ELECTRONS   20.0  NUMBER OF PRIMITIVE GTOS   21   13
                      NUMBER OF CONTRACTED GTOS   5    4
                      NUMBER OF CLOSED SHELLS     4    2
                      OPEN SHELL OCCUPATION       0    0

  ZNUC  SCFIT    TOTAL HF ENERGY   KINETIC ENERGY   VIRIAL THEOREM ACCURACY
  20.0     7    -6.759945013E+02  6.789840598E+02 -1.995597012E+00  3.2E-06

 NUCLEAR CHARGE 12.0  SYMMETRY SPECIES            S    P
 N. ELECTRONS   12.0  NUMBER OF PRIMITIVE GTOS   15    7
                      NUMBER OF CONTRACTED GTOS   4    3
                      NUMBER OF CLOSED SHELLS     3    1
                      OPEN SHELL OCCUPATION       0    0

  ZNUC  SCFIT    TOTAL HF ENERGY   KINETIC ENERGY   VIRIAL THEOREM ACCURACY
  12.0    10    -1.991550455E+02  2.010842408E+02 -1.990406034E+00  2.1E-06

 NUCLEAR CHARGE  6.0  SYMMETRY SPECIES            S    P
 N. ELECTRONS    6.0  NUMBER OF PRIMITIVE GTOS   11    5
                      NUMBER OF CONTRACTED GTOS   4    3
                      NUMBER OF CLOSED SHELLS     2    0
                      OPEN SHELL OCCUPATION       0    2

  ZNUC  SCFIT    TOTAL HF ENERGY   KINETIC ENERGY   VIRIAL THEOREM ACCURACY
   6.0    11    -3.768480057E+01  3.769831118E+01 -1.999641612E+00  2.0E-06

 NUCLEAR CHARGE  8.0  SYMMETRY SPECIES            S    P
 N. ELECTRONS    8.0  NUMBER OF PRIMITIVE GTOS   14    6
                      NUMBER OF CONTRACTED GTOS   4    3
                      NUMBER OF CLOSED SHELLS     2    0
                      OPEN SHELL OCCUPATION       0    4

  ZNUC  SCFIT    TOTAL HF ENERGY   KINETIC ENERGY   VIRIAL THEOREM ACCURACY
   8.0    13    -7.480044816E+01  7.461868841E+01 -2.002435848E+00  2.7E-06

 AAAAAAAAAAAAAAAAAAAAAAAAAAAAAAAAAAAAAAAAAAAAAAAAAAAAAAAAAAAAAAAAAAAAAAAAAAAAAAA

 TTTTTTTTTTTTTTTTTTTTTTTTTTTTTT MOQGAD      TELAPSE     1141.16 TCPU     1128.59
 TTTTTTTTTTTTTTTTTTTTTTTTTTTTTT SHELLXN     TELAPSE     1628.68 TCPU     1615.96
 TTTTTTTTTTTTTTTTTTTTTTTTTTTTTT MONMO3      TELAPSE     1638.33 TCPU     1625.62
 NUMERICALLY INTEGRATED DENSITY   2484.0066092381
 TTTTTTTTTTTTTTTTTTTTTTTTTTTTTT NUMDFT      TELAPSE     1654.72 TCPU     1642.00
 CYC   0 ETOT(AU) -3.793272478505E+04 DETOT -3.79E+04 tst  0.00E+00 PX  1.00E+00
 TTTTTTTTTTTTTTTTTTTTTTTTTTTTTT DIIS        TELAPSE     1658.04 TCPU     1645.31
 TTTTTTTTTTTTTTTTTTTTTTTTTTTTTT FDIK        TELAPSE    16550.39 TCPU    16537.31
 INSULATING STATE
 TOP OF VALENCE BANDS -    BAND   1242; K    4; EIG -3.3923227E-01 AU
 TOP OF VALENCE BANDS -    BAND   1242; K    1; EIG -3.4037384E-01 AU
 BOTTOM OF VIRTUAL BANDS - BAND   1243; K    1; EIG -4.2696848E-02 AU
 INDIRECT ENERGY BAND GAP:   8.0691 eV
 TTTTTTTTTTTTTTTTTTTTTTTTTTTTTT PDIG        TELAPSE    16684.11 TCPU    16670.89
 TTTTTTTTTTTTTTTTTTTTTTTTTTTTTT MOQGAD      TELAPSE    16684.38 TCPU    16671.13
 TTTTTTTTTTTTTTTTTTTTTTTTTTTTTT SHELLXN     TELAPSE    17209.86 TCPU    17196.37
 TTTTTTTTTTTTTTTTTTTTTTTTTTTTTT MONMO3      TELAPSE    17219.51 TCPU    17206.02
 NUMERICALLY INTEGRATED DENSITY   2484.0050232804
 TTTTTTTTTTTTTTTTTTTTTTTTTTTTTT NUMDFT      TELAPSE    17234.90 TCPU    17221.41
 CYC   1 ETOT(AU) -3.792777022038E+04 DETOT  4.95E+00 tst  0.00E+00 PX  1.00E+00
 TTTTTTTTTTTTTTTTTTTTTTTTTTTTTT DIIS        TELAPSE    17243.37 TCPU    17229.88
 DIIS TEST: 0.59970E+02 AT SCF   CYCLE   1 - MIX   30 %
 TTTTTTTTTTTTTTTTTTTTTTTTTTTTTT FDIK        TELAPSE    18911.61 TCPU    18897.97
 INSULATING STATE
 TOP OF VALENCE BANDS -    BAND   1242; K    4; EIG -1.5965256E-01 AU
 TOP OF VALENCE BANDS -    BAND   1242; K    1; EIG -1.6134144E-01 AU
 BOTTOM OF VIRTUAL BANDS - BAND   1243; K    5; EIG  6.9227977E-02 AU
 INDIRECT ENERGY BAND GAP:   6.2282 eV
 BOTTOM OF VIRTUAL BANDS - BAND   1243; K    1; EIG  7.2642730E-02 AU
 TTTTTTTTTTTTTTTTTTTTTTTTTTTTTT PDIG        TELAPSE    19045.60 TCPU    19031.96
 TTTTTTTTTTTTTTTTTTTTTTTTTTTTTT MOQGAD      TELAPSE    19045.89 TCPU    19032.25
 TTTTTTTTTTTTTTTTTTTTTTTTTTTTTT SHELLXN     TELAPSE    19571.20 TCPU    19557.18
 TTTTTTTTTTTTTTTTTTTTTTTTTTTTTT MONMO3      TELAPSE    19580.87 TCPU    19566.84
 NUMERICALLY INTEGRATED DENSITY   2484.0062196477
 TTTTTTTTTTTTTTTTTTTTTTTTTTTTTT NUMDFT      TELAPSE    19596.15 TCPU    19582.07
 CYC   2 ETOT(AU) -3.793407587609E+04 DETOT -6.31E+00 tst  1.03E-02 PX  1.70E-01
 TTTTTTTTTTTTTTTTTTTTTTTTTTTTTT DIIS        TELAPSE    19604.47 TCPU    19590.39
 DIIS TEST: 0.26576E+02 AT SCF   CYCLE   2 - DIIS ACTIVE - HISTORY:     2 CYCLES
 TTTTTTTTTTTTTTTTTTTTTTTTTTTTTT FDIK        TELAPSE    22126.45 TCPU    22112.30
 INSULATING STATE
 TOP OF VALENCE BANDS -    BAND   1242; K    4; EIG -2.1563972E-01 AU
 TOP OF VALENCE BANDS -    BAND   1242; K    1; EIG -2.1713097E-01 AU
 BOTTOM OF VIRTUAL BANDS - BAND   1243; K    5; EIG  8.3629653E-02 AU
 INDIRECT ENERGY BAND GAP:   8.1435 eV
 BOTTOM OF VIRTUAL BANDS - BAND   1243; K    1; EIG  8.4033369E-02 AU
 TTTTTTTTTTTTTTTTTTTTTTTTTTTTTT PDIG        TELAPSE    22260.24 TCPU    22246.08
 TTTTTTTTTTTTTTTTTTTTTTTTTTTTTT MOQGAD      TELAPSE    22260.51 TCPU    22246.35
 TTTTTTTTTTTTTTTTTTTTTTTTTTTTTT SHELLXN     TELAPSE    22786.56 TCPU    22772.37
 TTTTTTTTTTTTTTTTTTTTTTTTTTTTTT MONMO3      TELAPSE    22796.22 TCPU    22782.03
 NUMERICALLY INTEGRATED DENSITY   2484.0057360779
 TTTTTTTTTTTTTTTTTTTTTTTTTTTTTT NUMDFT      TELAPSE    22811.57 TCPU    22797.34
 CYC   3 ETOT(AU) -3.793731462510E+04 DETOT -3.24E+00 tst  3.07E-03 PX  7.73E-02
 TTTTTTTTTTTTTTTTTTTTTTTTTTTTTT DIIS        TELAPSE    22820.05 TCPU    22805.82
 DIIS TEST: 0.96422E+00 AT SCF   CYCLE   3 - DIIS ACTIVE - HISTORY:     3 CYCLES
 TTTTTTTTTTTTTTTTTTTTTTTTTTTTTT FDIK        TELAPSE    25383.00 TCPU    25368.70
 INSULATING STATE
 TOP OF VALENCE BANDS -    BAND   1242; K    4; EIG -2.2512420E-01 AU
 TOP OF VALENCE BANDS -    BAND   1242; K    1; EIG -2.2659587E-01 AU
 BOTTOM OF VIRTUAL BANDS - BAND   1243; K    5; EIG  6.9997465E-02 AU
 INDIRECT ENERGY BAND GAP:   8.0307 eV
 BOTTOM OF VIRTUAL BANDS - BAND   1243; K    1; EIG  7.1117242E-02 AU
 TTTTTTTTTTTTTTTTTTTTTTTTTTTTTT PDIG        TELAPSE    25516.91 TCPU    25502.61
 TTTTTTTTTTTTTTTTTTTTTTTTTTTTTT MOQGAD      TELAPSE    25517.18 TCPU    25502.88
 TTTTTTTTTTTTTTTTTTTTTTTTTTTTTT SHELLXN     TELAPSE    26043.71 TCPU    26029.39
 TTTTTTTTTTTTTTTTTTTTTTTTTTTTTT MONMO3      TELAPSE    26053.38 TCPU    26039.05
 NUMERICALLY INTEGRATED DENSITY   2484.0056886549
 TTTTTTTTTTTTTTTTTTTTTTTTTTTTTT NUMDFT      TELAPSE    26068.71 TCPU    26054.27
 CYC   4 ETOT(AU) -3.793742992146E+04 DETOT -1.15E-01 tst  9.48E-05 PX  2.01E-02
 TTTTTTTTTTTTTTTTTTTTTTTTTTTTTT DIIS        TELAPSE    26077.09 TCPU    26062.65
 DIIS TEST: 0.22978E-01 AT SCF   CYCLE   4 - DIIS ACTIVE - HISTORY:     4 CYCLES
 TTTTTTTTTTTTTTTTTTTTTTTTTTTTTT FDIK        TELAPSE    29134.16 TCPU    29119.65
 INSULATING STATE
 TOP OF VALENCE BANDS -    BAND   1242; K    4; EIG -2.2421056E-01 AU
 TOP OF VALENCE BANDS -    BAND   1242; K    1; EIG -2.2569150E-01 AU
 BOTTOM OF VIRTUAL BANDS - BAND   1243; K    5; EIG  7.1753430E-02 AU
 INDIRECT ENERGY BAND GAP:   8.0536 eV
 BOTTOM OF VIRTUAL BANDS - BAND   1243; K    1; EIG  7.2765432E-02 AU
 TTTTTTTTTTTTTTTTTTTTTTTTTTTTTT PDIG        TELAPSE    29267.83 TCPU    29253.31
 TTTTTTTTTTTTTTTTTTTTTTTTTTTTTT MOQGAD      TELAPSE    29268.09 TCPU    29253.58
 TTTTTTTTTTTTTTTTTTTTTTTTTTTTTT SHELLXN     TELAPSE    29794.70 TCPU    29780.15
 TTTTTTTTTTTTTTTTTTTTTTTTTTTTTT MONMO3      TELAPSE    29804.36 TCPU    29789.81
 NUMERICALLY INTEGRATED DENSITY   2484.0056898341
 TTTTTTTTTTTTTTTTTTTTTTTTTTTTTT NUMDFT      TELAPSE    29819.61 TCPU    29805.03
 CYC   5 ETOT(AU) -3.793743274280E+04 DETOT -2.82E-03 tst  6.19E-07 PX  2.57E-03
 TTTTTTTTTTTTTTTTTTTTTTTTTTTTTT DIIS        TELAPSE    29828.24 TCPU    29813.65
 DIIS TEST: 0.84846E-03 AT SCF   CYCLE   5 - DIIS ACTIVE - HISTORY:     5 CYCLES
 TTTTTTTTTTTTTTTTTTTTTTTTTTTTTT FDIK        TELAPSE    32990.96 TCPU    32976.30
 INSULATING STATE
 TOP OF VALENCE BANDS -    BAND   1242; K    4; EIG -2.2440663E-01 AU
 TOP OF VALENCE BANDS -    BAND   1242; K    1; EIG -2.2588856E-01 AU
 BOTTOM OF VIRTUAL BANDS - BAND   1243; K    5; EIG  7.1742718E-02 AU
 INDIRECT ENERGY BAND GAP:   8.0586 eV
 BOTTOM OF VIRTUAL BANDS - BAND   1243; K    1; EIG  7.2740451E-02 AU
 TTTTTTTTTTTTTTTTTTTTTTTTTTTTTT PDIG        TELAPSE    33124.85 TCPU    33110.18
 TTTTTTTTTTTTTTTTTTTTTTTTTTTTTT MOQGAD      TELAPSE    33125.11 TCPU    33110.44
 TTTTTTTTTTTTTTTTTTTTTTTTTTTTTT SHELLXN     TELAPSE    33651.58 TCPU    33636.89
 TTTTTTTTTTTTTTTTTTTTTTTTTTTTTT MONMO3      TELAPSE    33661.24 TCPU    33646.55
 NUMERICALLY INTEGRATED DENSITY   2484.0056912881
 TTTTTTTTTTTTTTTTTTTTTTTTTTTTTT NUMDFT      TELAPSE    33676.71 TCPU    33661.98
 CYC   6 ETOT(AU) -3.793743283605E+04 DETOT -9.32E-05 tst  6.37E-08 PX  6.38E-04
 TTTTTTTTTTTTTTTTTTTTTTTTTTTTTT DIIS        TELAPSE    33685.37 TCPU    33670.64
 DIIS TEST: 0.28011E-03 AT SCF   CYCLE   6 - DIIS ACTIVE - HISTORY:     6 CYCLES
 TTTTTTTTTTTTTTTTTTTTTTTTTTTTTT FDIK        TELAPSE    37416.89 TCPU    37400.73
 INSULATING STATE
 TOP OF VALENCE BANDS -    BAND   1242; K    4; EIG -2.2435391E-01 AU
 TOP OF VALENCE BANDS -    BAND   1242; K    1; EIG -2.2583562E-01 AU
 BOTTOM OF VIRTUAL BANDS - BAND   1243; K    5; EIG  7.1780120E-02 AU
 INDIRECT ENERGY BAND GAP:   8.0582 eV
 BOTTOM OF VIRTUAL BANDS - BAND   1243; K    1; EIG  7.2779566E-02 AU
 TTTTTTTTTTTTTTTTTTTTTTTTTTTTTT PDIG        TELAPSE    37550.83 TCPU    37534.43
 TTTTTTTTTTTTTTTTTTTTTTTTTTTTTT MOQGAD      TELAPSE    37551.10 TCPU    37534.70
 TTTTTTTTTTTTTTTTTTTTTTTTTTTTTT SHELLXN     TELAPSE    38077.47 TCPU    38061.04
 TTTTTTTTTTTTTTTTTTTTTTTTTTTTTT MONMO3      TELAPSE    38087.14 TCPU    38070.70
 NUMERICALLY INTEGRATED DENSITY   2484.0056898417
 TTTTTTTTTTTTTTTTTTTTTTTTTTTTTT NUMDFT      TELAPSE    38102.50 TCPU    38085.94
 CYC   7 ETOT(AU) -3.793743287016E+04 DETOT -3.41E-05 tst  1.61E-08 PX  2.50E-04
 TTTTTTTTTTTTTTTTTTTTTTTTTTTTTT DIIS        TELAPSE    38111.23 TCPU    38094.67
 DIIS TEST: 0.21517E-04 AT SCF   CYCLE   7 - DIIS ACTIVE - HISTORY:     7 CYCLES
 TTTTTTTTTTTTTTTTTTTTTTTTTTTTTT FDIK        TELAPSE    41396.78 TCPU    41378.72
 INSULATING STATE
 TOP OF VALENCE BANDS -    BAND   1242; K    4; EIG -2.2435846E-01 AU
 TOP OF VALENCE BANDS -    BAND   1242; K    1; EIG -2.2584003E-01 AU
 BOTTOM OF VIRTUAL BANDS - BAND   1243; K    5; EIG  7.1779080E-02 AU
 INDIRECT ENERGY BAND GAP:   8.0583 eV
 BOTTOM OF VIRTUAL BANDS - BAND   1243; K    1; EIG  7.2777759E-02 AU
 TTTTTTTTTTTTTTTTTTTTTTTTTTTTTT PDIG        TELAPSE    41530.43 TCPU    41512.21
 TTTTTTTTTTTTTTTTTTTTTTTTTTTTTT MOQGAD      TELAPSE    41530.70 TCPU    41512.48
 TTTTTTTTTTTTTTTTTTTTTTTTTTTTTT SHELLXN     TELAPSE    42057.03 TCPU    42038.77
 TTTTTTTTTTTTTTTTTTTTTTTTTTTTTT MONMO3      TELAPSE    42066.70 TCPU    42048.43
 NUMERICALLY INTEGRATED DENSITY   2484.0056902783
 TTTTTTTTTTTTTTTTTTTTTTTTTTTTTT NUMDFT      TELAPSE    42081.95 TCPU    42063.65
 CYC   8 ETOT(AU) -3.793743287017E+04 DETOT -1.03E-08 tst  1.07E-09 PX  9.13E-05
 TTTTTTTTTTTTTTTTTTTTTTTTTTTTTT DIIS        TELAPSE    42090.67 TCPU    42072.37
 DIIS TEST: 0.53621E-05 AT SCF   CYCLE   8 - DIIS ACTIVE - HISTORY:     8 CYCLES
 TTTTTTTTTTTTTTTTTTTTTTTTTTTTTT FDIK        TELAPSE    45590.20 TCPU    45571.71
 INSULATING STATE
 TOP OF VALENCE BANDS -    BAND   1242; K    4; EIG -2.2436178E-01 AU
 TOP OF VALENCE BANDS -    BAND   1242; K    1; EIG -2.2584349E-01 AU
 BOTTOM OF VIRTUAL BANDS - BAND   1243; K    5; EIG  7.1775912E-02 AU
 INDIRECT ENERGY BAND GAP:   8.0583 eV
 BOTTOM OF VIRTUAL BANDS - BAND   1243; K    1; EIG  7.2774690E-02 AU
 TTTTTTTTTTTTTTTTTTTTTTTTTTTTTT PDIG        TELAPSE    45723.86 TCPU    45705.37
 TTTTTTTTTTTTTTTTTTTTTTTTTTTTTT MOQGAD      TELAPSE    45724.13 TCPU    45705.64
 TTTTTTTTTTTTTTTTTTTTTTTTTTTTTT SHELLXN     TELAPSE    46250.62 TCPU    46232.11
 TTTTTTTTTTTTTTTTTTTTTTTTTTTTTT MONMO3      TELAPSE    46260.28 TCPU    46241.77
 NUMERICALLY INTEGRATED DENSITY   2484.0056901353
 TTTTTTTTTTTTTTTTTTTTTTTTTTTTTT NUMDFT      TELAPSE    46275.53 TCPU    46256.99
 CYC   9 ETOT(AU) -3.793743287133E+04 DETOT -1.17E-06 tst  7.43E-11 PX  4.18E-05
 TTTTTTTTTTTTTTTTTTTTTTTTTTTTTT DIIS        TELAPSE    46284.38 TCPU    46265.83
 DIIS TEST: 0.69716E-06 AT SCF   CYCLE   9 - DIIS ACTIVE - HISTORY:     9 CYCLES
 TTTTTTTTTTTTTTTTTTTTTTTTTTTTTT FDIK        TELAPSE    49389.19 TCPU    49370.57
 INSULATING STATE
 TOP OF VALENCE BANDS -    BAND   1242; K    4; EIG -2.2436040E-01 AU
 TOP OF VALENCE BANDS -    BAND   1242; K    1; EIG -2.2584240E-01 AU
 BOTTOM OF VIRTUAL BANDS - BAND   1243; K    5; EIG  7.1777358E-02 AU
 INDIRECT ENERGY BAND GAP:   8.0583 eV
 BOTTOM OF VIRTUAL BANDS - BAND   1243; K    1; EIG  7.2776029E-02 AU
 TTTTTTTTTTTTTTTTTTTTTTTTTTTTTT PDIG        TELAPSE    49522.89 TCPU    49504.26
 TTTTTTTTTTTTTTTTTTTTTTTTTTTTTT MOQGAD      TELAPSE    49523.16 TCPU    49504.53
 TTTTTTTTTTTTTTTTTTTTTTTTTTTTTT SHELLXN     TELAPSE    50049.52 TCPU    50030.87
 TTTTTTTTTTTTTTTTTTTTTTTTTTTTTT MONMO3      TELAPSE    50059.19 TCPU    50040.53
 NUMERICALLY INTEGRATED DENSITY   2484.0056901714
 TTTTTTTTTTTTTTTTTTTTTTTTTTTTTT NUMDFT      TELAPSE    50074.45 TCPU    50055.77
 CYC  10 ETOT(AU) -3.793743287118E+04 DETOT  1.51E-07 tst  6.60E-12 PX  1.41E-05
 TTTTTTTTTTTTTTTTTTTTTTTTTTTTTT DIIS        TELAPSE    50083.46 TCPU    50064.78
 DIIS TEST: 0.26562E-06 AT SCF   CYCLE  10 - DIIS ACTIVE - HISTORY:    10 CYCLES
 TTTTTTTTTTTTTTTTTTTTTTTTTTTTTT FDIK        TELAPSE    53579.34 TCPU    53560.42
 INSULATING STATE
 TOP OF VALENCE BANDS -    BAND   1242; K    4; EIG -2.2436100E-01 AU
 TOP OF VALENCE BANDS -    BAND   1242; K    1; EIG -2.2584266E-01 AU
 BOTTOM OF VIRTUAL BANDS - BAND   1243; K    5; EIG  7.1776748E-02 AU
 INDIRECT ENERGY BAND GAP:   8.0583 eV
 BOTTOM OF VIRTUAL BANDS - BAND   1243; K    1; EIG  7.2775418E-02 AU
 TTTTTTTTTTTTTTTTTTTTTTTTTTTTTT PDIG        TELAPSE    53712.88 TCPU    53693.95
 TTTTTTTTTTTTTTTTTTTTTTTTTTTTTT MOQGAD      TELAPSE    53713.15 TCPU    53694.22
 TTTTTTTTTTTTTTTTTTTTTTTTTTTTTT SHELLXN     TELAPSE    54239.61 TCPU    54220.66
 TTTTTTTTTTTTTTTTTTTTTTTTTTTTTT MONMO3      TELAPSE    54249.27 TCPU    54230.33
 NUMERICALLY INTEGRATED DENSITY   2484.0056901631
 TTTTTTTTTTTTTTTTTTTTTTTTTTTTTT NUMDFT      TELAPSE    54264.55 TCPU    54245.58
 CYC  11 ETOT(AU) -3.793743287124E+04 DETOT -5.77E-08 tst  8.47E-13 PX  8.30E-06
 TTTTTTTTTTTTTTTTTTTTTTTTTTTTTT DIIS        TELAPSE    54273.52 TCPU    54254.55
 DIIS TEST: 0.26712E-07 AT SCF   CYCLE  11 - DIIS ACTIVE - HISTORY:    11 CYCLES
 TTTTTTTTTTTTTTTTTTTTTTTTTTTTTT FDIK        TELAPSE    57398.82 TCPU    57379.77
 INSULATING STATE
 TOP OF VALENCE BANDS -    BAND   1242; K    4; EIG -2.2436083E-01 AU
 TOP OF VALENCE BANDS -    BAND   1242; K    1; EIG -2.2584264E-01 AU
 BOTTOM OF VIRTUAL BANDS - BAND   1243; K    5; EIG  7.1776939E-02 AU
 INDIRECT ENERGY BAND GAP:   8.0583 eV
 BOTTOM OF VIRTUAL BANDS - BAND   1243; K    1; EIG  7.2775577E-02 AU
 TTTTTTTTTTTTTTTTTTTTTTTTTTTTTT PDIG        TELAPSE    57532.65 TCPU    57513.60
 TTTTTTTTTTTTTTTTTTTTTTTTTTTTTT MOQGAD      TELAPSE    57532.92 TCPU    57513.87
 TTTTTTTTTTTTTTTTTTTTTTTTTTTTTT SHELLXN     TELAPSE    58059.30 TCPU    58040.24
 TTTTTTTTTTTTTTTTTTTTTTTTTTTTTT MONMO3      TELAPSE    58068.96 TCPU    58049.90
 NUMERICALLY INTEGRATED DENSITY   2484.0056901642
 TTTTTTTTTTTTTTTTTTTTTTTTTTTTTT NUMDFT      TELAPSE    58084.14 TCPU    58065.06
 CYC  12 ETOT(AU) -3.793743287122E+04 DETOT  1.53E-08 tst  2.64E-13 PX  4.55E-06
 TTTTTTTTTTTTTTTTTTTTTTTTTTTTTT DIIS        TELAPSE    58093.16 TCPU    58074.08
 DIIS TEST: 0.14637E-07 AT SCF   CYCLE  12 - DIIS ACTIVE - HISTORY:    12 CYCLES
 TTTTTTTTTTTTTTTTTTTTTTTTTTTTTT FDIK        TELAPSE    61394.24 TCPU    61375.07
 INSULATING STATE
 TOP OF VALENCE BANDS -    BAND   1242; K    4; EIG -2.2436087E-01 AU
 TOP OF VALENCE BANDS -    BAND   1242; K    1; EIG -2.2584255E-01 AU
 BOTTOM OF VIRTUAL BANDS - BAND   1243; K    5; EIG  7.1776892E-02 AU
 INDIRECT ENERGY BAND GAP:   8.0583 eV
 BOTTOM OF VIRTUAL BANDS - BAND   1243; K    1; EIG  7.2775553E-02 AU
 TTTTTTTTTTTTTTTTTTTTTTTTTTTTTT PDIG        TELAPSE    61528.14 TCPU    61508.96
 TTTTTTTTTTTTTTTTTTTTTTTTTTTTTT MOQGAD      TELAPSE    61528.41 TCPU    61509.23
 TTTTTTTTTTTTTTTTTTTTTTTTTTTTTT SHELLXN     TELAPSE    62054.74 TCPU    62035.55
 TTTTTTTTTTTTTTTTTTTTTTTTTTTTTT MONMO3      TELAPSE    62064.41 TCPU    62045.21
 NUMERICALLY INTEGRATED DENSITY   2484.0056901659
 TTTTTTTTTTTTTTTTTTTTTTTTTTTTTT NUMDFT      TELAPSE    62079.61 TCPU    62060.39
 CYC  13 ETOT(AU) -3.793743287122E+04 DETOT  9.39E-10 tst  6.21E-13 PX  2.04E-06
 TTTTTTTTTTTTTTTTTTTTTTTTTTTTTT DIIS        TELAPSE    62088.77 TCPU    62069.56
 DIIS TEST: 0.10176E-07 AT SCF   CYCLE  13 - DIIS ACTIVE - HISTORY:    13 CYCLES
 TTTTTTTTTTTTTTTTTTTTTTTTTTTTTT FDIK        TELAPSE    65016.39 TCPU    64997.08
 INSULATING STATE
 TOP OF VALENCE BANDS -    BAND   1242; K    4; EIG -2.2436088E-01 AU
 TOP OF VALENCE BANDS -    BAND   1242; K    1; EIG -2.2584262E-01 AU
 BOTTOM OF VIRTUAL BANDS - BAND   1243; K    5; EIG  7.1776878E-02 AU
 INDIRECT ENERGY BAND GAP:   8.0583 eV
 BOTTOM OF VIRTUAL BANDS - BAND   1243; K    1; EIG  7.2775529E-02 AU
 TTTTTTTTTTTTTTTTTTTTTTTTTTTTTT PDIG        TELAPSE    65150.12 TCPU    65130.81
 TTTTTTTTTTTTTTTTTTTTTTTTTTTTTT MOQGAD      TELAPSE    65150.39 TCPU    65131.07
 TTTTTTTTTTTTTTTTTTTTTTTTTTTTTT SHELLXN     TELAPSE    65676.76 TCPU    65657.41
 TTTTTTTTTTTTTTTTTTTTTTTTTTTTTT MONMO3      TELAPSE    65686.43 TCPU    65667.07
 NUMERICALLY INTEGRATED DENSITY   2484.0056901644
 TTTTTTTTTTTTTTTTTTTTTTTTTTTTTT NUMDFT      TELAPSE    65701.65 TCPU    65682.22
 CYC  14 ETOT(AU) -3.793743287122E+04 DETOT  1.30E-09 tst  6.81E-13 PX  1.52E-06
 TTTTTTTTTTTTTTTTTTTTTTTTTTTTTT DIIS        TELAPSE    65711.04 TCPU    65691.62
 DIIS TEST: 0.81130E-08 AT SCF   CYCLE  14 - DIIS ACTIVE - HISTORY:    14 CYCLES
 TTTTTTTTTTTTTTTTTTTTTTTTTTTTTT FDIK        TELAPSE    68635.41 TCPU    68615.89
 INSULATING STATE
 TOP OF VALENCE BANDS -    BAND   1242; K    4; EIG -2.2436087E-01 AU
 TOP OF VALENCE BANDS -    BAND   1242; K    1; EIG -2.2584265E-01 AU
 BOTTOM OF VIRTUAL BANDS - BAND   1243; K    5; EIG  7.1776888E-02 AU
 INDIRECT ENERGY BAND GAP:   8.0583 eV
 BOTTOM OF VIRTUAL BANDS - BAND   1243; K    1; EIG  7.2775534E-02 AU
 TTTTTTTTTTTTTTTTTTTTTTTTTTTTTT PDIG        TELAPSE    68769.00 TCPU    68749.48
 TTTTTTTTTTTTTTTTTTTTTTTTTTTTTT MOQGAD      TELAPSE    68769.27 TCPU    68749.75
 TTTTTTTTTTTTTTTTTTTTTTTTTTTTTT SHELLXN     TELAPSE    69295.72 TCPU    69276.14
 TTTTTTTTTTTTTTTTTTTTTTTTTTTTTT MONMO3      TELAPSE    69305.39 TCPU    69285.80
 NUMERICALLY INTEGRATED DENSITY   2484.0056901646
 TTTTTTTTTTTTTTTTTTTTTTTTTTTTTT NUMDFT      TELAPSE    69320.59 TCPU    69300.99
 CYC  15 ETOT(AU) -3.793743287122E+04 DETOT  5.09E-11 tst  2.02E-13 PX  7.22E-07
 TTTTTTTTTTTTTTTTTTTTTTTTTTTTTT DIIS        TELAPSE    69329.83 TCPU    69310.23
 DIIS TEST: 0.45668E-08 AT SCF   CYCLE  15 - DIIS ACTIVE - HISTORY:    14 CYCLES
 TTTTTTTTTTTTTTTTTTTTTTTTTTTTTT FDIK        TELAPSE    72037.08 TCPU    72017.39
 INSULATING STATE
 TOP OF VALENCE BANDS -    BAND   1242; K    4; EIG -2.2436087E-01 AU
 TOP OF VALENCE BANDS -    BAND   1242; K    1; EIG -2.2584257E-01 AU
 BOTTOM OF VIRTUAL BANDS - BAND   1243; K    5; EIG  7.1776889E-02 AU
 INDIRECT ENERGY BAND GAP:   8.0583 eV
 BOTTOM OF VIRTUAL BANDS - BAND   1243; K    1; EIG  7.2775542E-02 AU
 TTTTTTTTTTTTTTTTTTTTTTTTTTTTTT PDIG        TELAPSE    72171.00 TCPU    72151.31
 TTTTTTTTTTTTTTTTTTTTTTTTTTTTTT MOQGAD      TELAPSE    72171.27 TCPU    72151.57
 TTTTTTTTTTTTTTTTTTTTTTTTTTTTTT SHELLXN     TELAPSE    72697.62 TCPU    72677.87
 ::: PSEUDO TOTAL   ENERGY                        -3.5590845009348E+04
 ::: VIRIAL COEFFICIENT                            1.0304044925210E+00
 TTTTTTTTTTTTTTTTTTTTTTTTTTTTTT MONMO3      TELAPSE    72707.28 TCPU    72687.54
 NUMERICALLY INTEGRATED DENSITY   2484.0056901648
 EXCHANGE ENERGY: -0.225542967729E+04  CORRELATION ENERGY: -0.911581845772E+02
 TTTTTTTTTTTTTTTTTTTTTTTTTTTTTT NUMDFT      TELAPSE    72722.43 TCPU    72702.53
 CYC  16 ETOT(AU) -3.793743287122E+04 DETOT  1.19E-09 tst  2.80E-14 PX  7.22E-07

 == SCF ENDED - CONVERGENCE ON ENERGY      E(AU) -3.7937432871218E+04 CYCLES  16


 ENERGY EXPRESSION=HARTREE+FOCK EXCH*0.25000+(PBE        EXCH)*0.75000+PBE        CORR


 TOTAL ENERGY(DFT)(AU)( 16) -3.7937432871218E+04 DE 1.2E-09 tester 2.8E-14
 TTTTTTTTTTTTTTTTTTTTTTTTTTTTTT EDFT        TELAPSE    72722.46 TCPU    72702.55

 *******************************************************************************
 *                             FORCE CALCULATION                               *
 *******************************************************************************

 TTTTTTTTTTTTTTTTTTTTTTTTTTTTTT NUMDFG      TELAPSE    72816.07 TCPU    72796.06
 INFORMATION **** EXCPOG **** EXCH. BIPO BUFFER LENGTH (WORDS) =   128000000
 WARNING **** EXCPOG **** EXCH. BIPO BUFFER TOO SMALL - TO AVOID I/O SET EXCHSIZE =    64169055
 INFORMATION **** GENPOG **** BIPO BUFFER LENGTH (WORDS) =    22496400
 TTTTTTTTTTTTTTTTTTTTTTTTTTTTTT SHELXG      TELAPSE    76151.60 TCPU    76103.51

 CARTESIAN FORCES IN HARTREE/BOHR (ANALYTICAL)
   ATOM                     X                   Y                   Z
   1  20            -3.776171084727E-16  8.678243309153E-15  4.681146396426E-14
   2  12             2.101739563339E-15  1.654926196082E-14 -1.211922560398E-05
   3   6            -7.261727444050E-05  6.471832542663E-05 -4.272205204941E-05
   4   6            -9.235635109911E-05 -3.052924172954E-05  4.272205199241E-05
   5   8            -5.209984001894E-06 -5.914879641268E-05 -3.504719907707E-05
   6   8             5.382935229733E-05  2.506241972032E-05 -3.504719906982E-05
   7   8            -4.861936832808E-05  3.408637667534E-05 -3.504719907670E-05
   8   8             5.209983965479E-06  5.914879647441E-05  3.504719909276E-05
   9   8            -5.382935229582E-05 -2.506241978693E-05  3.504719907300E-05
  10   8             4.861936835532E-05 -3.408637667711E-05  3.504719907618E-05
  11  20             5.313534307787E-05 -2.343032127045E-05 -3.804568690285E-05
  12  20             4.463318921255E-05 -2.316564873843E-05 -3.298446430563E-05
  13  20            -6.276418014358E-06  5.773171752323E-05 -3.804568694533E-05
  14  20             4.165566126573E-14  2.886579864025E-15 -1.954966457940E-05
  15  20             2.919198488333E-05  4.407477990081E-05 -1.097907071860E-05
  16  20             2.254554301098E-06 -5.023630008479E-05  3.298446432886E-05
  17  20             2.357388675738E-05 -4.731839037153E-05 -1.097907075041E-05
  18  20             5.276587150404E-05 -3.243610526805E-06  1.097907072452E-05
  19  20             1.389568251690E-05  5.544952595026E-05  9.013961225480E-07
  20  20            -4.463318923682E-05  2.316564883009E-05  3.298446432767E-05
  21  20            -5.313534310463E-05  2.343032137642E-05  3.804568697898E-05
  22  20            -2.254554312589E-06  5.023630005407E-05 -3.298446434973E-05
  23  20            -5.276587152243E-05  3.243610499378E-06 -1.097907078577E-05
  24  20            -2.357388666937E-05  4.731839034074E-05  1.097907067330E-05
  25  20             6.276417961900E-06 -5.773171761579E-05  3.804568697258E-05
  26  20            -2.919198484547E-05 -4.407477989797E-05  1.097907071442E-05
  27  20            -4.942722243811E-14 -3.363975764614E-14  1.954966430482E-05
  28  20            -4.107285674746E-05  3.975877717318E-05 -9.013960806093E-07
  29  12             7.796610563507E-06 -1.036124954628E-05 -1.568776035283E-05
  30  12             3.974672165397E-06  1.937789000792E-05  5.801703316063E-06
  31  12            -1.287141058753E-05 -1.571438038884E-06 -1.568776040406E-05
  32  12            -1.384474816320E-05  1.083087726361E-05 -1.468301238415E-06
  33  12             4.518402676161E-05 -2.829031054945E-05  7.376931528672E-07
  34  12             1.479440894090E-05 -1.313111205941E-05  5.801703328442E-06
  35  12            -1.908114274340E-06 -5.327567027740E-05 -7.376931227154E-07
  36  12             1.876908112332E-05  6.246777950918E-06 -5.801703402392E-06
  37  12             5.074800012248E-06  1.193268756134E-05 -1.568776040689E-05
  38  12            -2.457440816369E-06 -1.740534224211E-05 -1.468301239442E-06
  39  12             4.709214100462E-05  2.498535971235E-05 -7.376931592695E-07
  40  12             1.630218889820E-05  6.574464968508E-06 -1.468301231809E-06
  41  12            -4.514283569726E-14 -8.219119829178E-15 -1.752017725036E-14
  42  12            -1.630218891557E-05 -6.574464962115E-06  1.468301226166E-06
  43  12            -4.709214097666E-05 -2.498535970463E-05  7.376930844960E-07
  44  12             2.457440759410E-06  1.740534225197E-05  1.468301239710E-06
  45  12            -5.074800028591E-06 -1.193268753452E-05  1.568776036023E-05
  46  12            -1.876908113093E-05 -6.246777930060E-06  5.801703322993E-06
  47  12             1.908114243623E-06  5.327567024212E-05  7.376931176871E-07
  48  12            -1.479440891438E-05  1.313111206946E-05 -5.801703405704E-06
  49  12            -4.518402674900E-05  2.829031055416E-05 -7.376931321187E-07
  50  12             1.384474811946E-05 -1.083087724571E-05  1.468301292219E-06
  51  12             1.287141059212E-05  1.571438024150E-06  1.568776035305E-05
  52  12            -3.974672182762E-06 -1.937789000170E-05 -5.801703404139E-06
  53  12            -7.796610548239E-06  1.036124950471E-05  1.568776034986E-05
  54  12             2.474194974508E-14  5.245803791354E-15  1.211922557368E-05
  55  20             4.107285680717E-05 -3.975877709451E-05  9.013961091050E-07
  56   6            -4.621802035350E-05  1.311872065483E-04 -4.827323469260E-05
  57   6             5.657127298378E-05  8.900482248714E-05 -7.798372799076E-05
  58   6            -7.699282105866E-05 -5.459765208101E-05 -8.352754781598E-05
  59   6            -2.459861860876E-05 -4.008743112763E-05 -6.903798655492E-05
  60   6             6.225539558800E-05  4.593131260093E-06 -1.143848645590E-06
  61   6            -1.053660737366E-04  4.489748287972E-06 -7.798372795101E-05
  62   6            -3.510546613917E-05  5.161818844792E-05 -1.143848615475E-06
  63   6            -1.432623412487E-17  2.220446049250E-14  2.853939321968E-06
  64   6             4.068610188326E-16  7.059168064908E-15 -1.473983724542E-05
  65   6             9.544012543103E-05 -5.786028894378E-05 -9.699473583230E-05
  66   6             9.235635116391E-05  3.052924176318E-05 -4.272205202770E-05
  67   6            -9.782854279404E-05 -5.372342868534E-05 -9.699473582540E-05
  68   6             5.272724684722E-05 -9.374648247725E-05 -5.660344929038E-05
  69   6             1.367204637389E-04 -2.556762348986E-05 -4.827323466690E-05
  70   6            -1.973907665361E-05 -9.524756714745E-05 -4.272205201834E-05
  71   6             8.577936422505E-05 -3.937891291751E-05 -8.352754776574E-05
  72   6             4.879480084284E-05 -9.349457067730E-05 -7.798372793700E-05
  73   6             2.388417382076E-06  1.115837176636E-04 -9.699473586364E-05
  74   6             5.482321192069E-05  9.253637648178E-05 -5.660344938242E-05
  75   6            -8.786543111543E-06  9.397656504737E-05 -8.352754779474E-05
  76   6            -1.075504587300E-04  1.210106003365E-06 -5.660344929939E-05
  77   6             1.056200241496E-14  1.469657728848E-14 -1.047186855511E-04
  78   6            -2.241742437050E-05  4.134674420706E-05 -6.903798652799E-05
  79   6            -9.050244331399E-05 -1.056195830348E-04 -4.827323463725E-05
  80   6             4.701604303958E-05 -1.259313040629E-06 -6.903798656499E-05
  81   6            -2.714992934953E-05 -5.621131966501E-05 -1.143848594668E-06
  82  20             5.496853942644E-05  1.569074877402E-05 -9.013960888064E-07
  83   6            -9.544012538476E-05  5.786028895804E-05  9.699473591486E-05
  84   6             1.126898445681E-14  3.530740514771E-15  1.473983725935E-05
  85   6            -4.879480075364E-05  9.349457067177E-05  7.798372797716E-05
  86   6            -8.577936419048E-05  3.937891289830E-05  8.352754776232E-05
  87   6             1.973907670133E-05  9.524756708978E-05  4.272205201998E-05
  88   6            -1.367204636421E-04  2.556762342779E-05  4.827323470482E-05
  89   6            -5.272724678028E-05  9.374648241861E-05  5.660344937822E-05
  90   6             9.782854285314E-05  5.372342865312E-05  9.699473590093E-05
  91   6            -5.657127296492E-05 -8.900482238206E-05  7.798372798768E-05
  92   6             4.621802037585E-05 -1.311872065085E-04  4.827323468185E-05
  93   6             7.261727441480E-05 -6.471832539630E-05  4.272205200750E-05
  94   6             1.230945631943E-15 -1.720845688169E-15 -2.853939345301E-06
  95   6             3.510546614677E-05 -5.161818846449E-05  1.143848568466E-06
  96   6             1.053660737348E-04 -4.489748295186E-06  7.798372801994E-05
  97   6            -6.225539556577E-05 -4.593131237527E-06  1.143848609915E-06
  98   6             2.459861861360E-05  4.008743111089E-05  6.903798658811E-05
  99   6             7.699282104300E-05  5.459765207369E-05  8.352754778171E-05
 100   6             8.786543113328E-06 -9.397656501091E-05  8.352754776891E-05
 101   6            -5.482321194467E-05 -9.253637648333E-05  5.660344930926E-05
 102   6            -2.388417433049E-06 -1.115837176466E-04  9.699473590634E-05
 103   6             2.714992937420E-05  5.621131969547E-05  1.143848612080E-06
 104   6            -4.701604307323E-05  1.259313022830E-06  6.903798658025E-05
 105   6             9.050244329511E-05  1.056195829803E-04  4.827323468816E-05
 106   6             2.241742438530E-05 -4.134674420259E-05  6.903798654739E-05
 107   6            -3.663663098237E-14 -1.429412144205E-14  1.047186856803E-04
 108   6             1.075504587288E-04 -1.210106043481E-06  5.660344923456E-05
 109  20            -4.685892493455E-05 -3.430139625934E-05 -3.804568692951E-05
 110   8            -1.377192416053E-05 -7.483335493146E-05 -2.109007171574E-05
 111   8            -1.458130188034E-05 -6.396521969659E-05 -2.487688097523E-05
 112   8            -3.678883291085E-06 -3.232508348392E-05  3.243258985514E-06
 113   8             3.105452156163E-05 -1.112818283028E-04 -4.857733699375E-06
 114   8             3.890142388244E-05 -2.519410613308E-05 -3.697826005782E-05
 115   8            -5.477569519449E-05 -3.742427399598E-05  2.190875495266E-05
 116   8            -2.958850427549E-05 -7.822479123644E-05  2.435676276183E-05
 117   8             3.832619611450E-05 -1.381989642684E-05 -5.801930334789E-05
 118   8            -5.244186393202E-05 -1.603856890079E-04  5.628073924442E-05
 119   8            -5.555090631438E-05 -2.383253959548E-04  1.195695618524E-04
 120   8            -1.100723673412E-04 -2.378058820160E-04  1.173304093184E-04
 121   8            -1.007839604873E-05 -2.846219864051E-05  3.466263381446E-05
 122   8             4.006256386068E-05 -6.003400890739E-05 -3.644253774720E-06
 123   8            -4.850252102947E-05 -1.868293737251E-04  1.127024095050E-04
 124   8            -3.144602149978E-06  1.055415877148E-05 -2.204107076987E-05
 125   8             2.343613508085E-05 -7.060810328512E-05  1.750424155784E-05
 126   8             3.893496465042E-06 -1.515967477807E-05  2.329778445293E-05
 127   8            -1.065874767589E-04 -1.569638701549E-04  3.836824918060E-05
 128   8            -9.933870103311E-05 -2.328599569102E-04  6.226183847956E-05
 129   8            -1.004480816480E-04 -2.349800874509E-04  5.978496803071E-05
 130   8            -6.692287869563E-05 -5.139954218770E-05  2.414561834773E-05
 131   8            -5.645520729662E-05 -5.404071933225E-05 -1.512664736900E-05
 132   8             2.156869507585E-05 -1.156679722482E-05 -3.071460735790E-05
 133   8             9.299282650136E-07  7.174607251218E-06 -2.369217288605E-05
 134   8            -4.864649322127E-05 -1.714821493224E-04  9.125886662456E-05
 135   8             5.755754036847E-05  2.695411809997E-06 -8.370183981755E-05
 136  20             4.237863499753E-05  2.707065126239E-05  3.298446431294E-05
 137   8             2.983378510758E-05  1.297653535828E-05  3.243258967862E-06
 138   8             5.979821959842E-05 -2.872500655054E-05  2.190875495599E-05
 139   8             1.651190130441E-04  3.477685811447E-05  5.628073924816E-05
 140   8             2.968818509505E-05  5.502952321102E-06  3.466263380228E-05
 141   8            -7.567868524804E-06 -8.000384733641E-06 -2.204107077198E-05
 142   8             1.892284374475E-04 -1.382552753169E-05  3.836824913472E-05
 143   8             7.797474864325E-05 -3.225714193798E-05  2.414561831276E-05
 144   8            -6.678356280165E-06 -2.781962114875E-06 -2.369217292753E-05
 145   8             7.169354850405E-05  2.548984130822E-05 -2.109007170264E-05
 146   8             8.084562951357E-05  8.253491873946E-05 -4.857733688754E-06
 147   8             8.253890855730E-05  1.348799919815E-05  2.435676278196E-05
 148   8             2.341713003914E-04  7.105420188464E-05  1.195695619012E-04
 149   8             3.195969486574E-05  6.471220248581E-05 -3.644253719653E-06
 150   8             4.943034360228E-05  5.560033995642E-05  1.750424157694E-05
 151   8             2.513319887266E-04  3.040013977975E-05  6.226183845199E-05
 152   8             7.502823943007E-05 -2.187128401763E-05 -1.512664736444E-05
 153   8             1.728311441805E-04  4.361197571229E-05  9.125886663200E-05
 154   8             6.268615618322E-05  1.935483200290E-05 -2.487688098190E-05
 155   8             2.368024003337E-06  4.628667443879E-05 -3.697826005216E-05
 156   8            -7.194716662173E-06  4.010140767365E-05 -5.801930332946E-05
 157   8             2.609821186900E-04  2.357747463964E-05  1.173304093340E-04
 158   8             1.860502443346E-04  5.141027154715E-05  1.127024095399E-04
 159   8             1.118191523057E-05  1.095170419628E-05  2.329778448905E-05
 160   8             2.537227659497E-04  3.049945324831E-05  5.978496804907E-05
 161   8            -7.672072377318E-07  2.446243650876E-05 -3.071460737803E-05
 162   8            -3.111306524498E-05  4.849858627974E-05 -8.370183980289E-05
 163  20            -5.496853934395E-05 -1.569074886320E-05  9.013961086285E-07
 164   8            -1.126771491278E-04  1.256088308924E-04  5.628073924712E-05
 165   8            -8.264096064832E-05  1.707893976750E-04  3.836824914189E-05
 166   8            -5.792162438360E-05  4.934351361377E-05 -2.109007171485E-05
 167   8            -1.786203940766E-04  1.672711940263E-04  1.195695618678E-04
 168   8            -1.519932876981E-04  2.024598171181E-04  6.226183843586E-05
 169   8            -4.810485431920E-05  4.461038768895E-05 -2.487688099226E-05
 170   8            -1.509097513530E-04  2.142284073719E-04  1.173304093241E-04
 171   8            -1.532746842721E-04  2.044806341767E-04  5.978496799955E-05
 172   8            -2.615490185883E-05  1.934854809500E-05  3.243258970526E-06
 173   8            -1.960978904503E-05  2.295924632089E-05  3.466263384147E-05
 174   8            -1.105186997178E-05  8.365668413752E-05  2.414561834828E-05
 175   8            -1.119001511484E-04  2.874690954098E-05 -4.857733682167E-06
 176   8            -7.202225872257E-05 -4.678193620904E-06 -3.644253745336E-06
 177   8            -1.857303211790E-05  7.591200335521E-05 -1.512664738128E-05
 178   8            -4.126944795235E-05 -2.109256830260E-05 -3.697826006159E-05
 179   8            -1.375477233075E-04  1.354191021685E-04  1.127024095330E-04
 180   8            -2.080148784807E-05 -1.289563926174E-05 -3.071460738107E-05
 181   8            -5.022524501778E-06  6.614928051721E-05  2.190875498312E-05
 182   8             1.071247065720E-05 -2.553774075291E-06 -2.204107076436E-05
 183   8             5.748427960306E-06 -4.392645171574E-06 -2.369217291070E-05
 184   8            -5.295040430860E-05  6.473679196442E-05  2.435676278825E-05
 185   8            -7.286647870123E-05  1.500776323233E-05  1.750424159529E-05
 186   8            -1.241846509981E-04  1.278701735378E-04  9.125886662815E-05
 187   8            -3.113147947846E-05 -2.628151126087E-05 -5.801930332946E-05
 188   8            -1.507541172163E-05  4.207970532939E-06  2.329778447210E-05
 189   8            -2.644447514359E-05 -5.119399807908E-05 -8.370183981755E-05
 190  20            -4.237863490603E-05 -2.707065129248E-05 -3.298446432963E-05
 191   8             1.458130189899E-05  6.396521975032E-05  2.487688098963E-05
 192   8             1.377192413744E-05  7.483335502028E-05  2.109007171377E-05
 193   8             5.477569518916E-05  3.742427398532E-05 -2.190875495995E-05
 194   8            -3.832619606832E-05  1.381989638702E-05  5.801930333990E-05
 195   8             2.958850430036E-05  7.822479118685E-05 -2.435676277219E-05
 196   8             3.678883301151E-06  3.232508346378E-05 -3.243258996765E-06
 197   8            -3.890142388599E-05  2.519410616831E-05  3.697826005219E-05
 198   8            -3.105452157318E-05  1.112818283287E-04  4.857733707554E-06
 199   8             1.065874767488E-04  1.569638702122E-04 -3.836824913897E-05
 200   8             1.004480816063E-04  2.349800874752E-04 -5.978496801213E-05
 201   8             9.933870095407E-05  2.328599569555E-04 -6.226183845832E-05
 202   8            -9.299283209689E-07 -7.174607268389E-06  2.369217288453E-05
 203   8            -5.755754030186E-05 -2.695411826429E-06  8.370183980426E-05
 204   8             4.864649321121E-05  1.714821492794E-04 -9.125886663570E-05
 205   8             6.692287862872E-05  5.139954219969E-05 -2.414561837134E-05
 206   8            -2.156869508207E-05  1.156679725946E-05  3.071460735168E-05
 207   8             5.645520731291E-05  5.404071929524E-05  1.512664737051E-05
 208   8             5.244186389738E-05  1.603856890957E-04 -5.628073920882E-05
 209   8             1.100723673074E-04  2.378058821077E-04 -1.173304092962E-04
 210   8             5.555090629306E-05  2.383253960254E-04 -1.195695618431E-04
 211   8             3.144602103793E-06 -1.055415874350E-05  2.204107077531E-05
 212   8            -3.893496445502E-06  1.515967479553E-05 -2.329778446807E-05
 213   8            -2.343613508529E-05  7.060810324382E-05 -1.750424155655E-05
 214   8             1.007839600432E-05  2.846219867293E-05 -3.466263381224E-05
 215   8             4.850252096641E-05  1.868293737895E-04 -1.127024095074E-04
 216   8            -4.006256383670E-05  6.003400897341E-05  3.644253748408E-06
 217  20             4.685892505651E-05  3.430139624096E-05  3.804568698168E-05
 218   8            -5.979821957200E-05  2.872500655114E-05 -2.190875497439E-05
 219   8            -2.983378511787E-05 -1.297653537693E-05 -3.243258991991E-06
 220   8            -1.892284374219E-04  1.382552747662E-05 -3.836824914785E-05
 221   8             6.678356343966E-06  2.781962143889E-06  2.369217291565E-05
 222   8            -7.797474859784E-05  3.225714194775E-05 -2.414561833900E-05
 223   8            -1.651190130961E-04 -3.477685817220E-05 -5.628073922325E-05
 224   8             7.567868562071E-06  8.000384734233E-06  2.204107077376E-05
 225   8            -2.968818507340E-05 -5.502952315477E-06 -3.466263380890E-05
 226   8            -6.268615621460E-05 -1.935483205412E-05  2.487688097908E-05
 227   8             7.194716684747E-06 -4.010140762214E-05  5.801930332602E-05
 228   8            -2.368024001302E-06 -4.628667442724E-05  3.697826005560E-05
 229   8            -2.537227659556E-04 -3.049945330841E-05 -5.978496802531E-05
 230   8             3.111306525475E-05 -4.849858622674E-05  8.370183981459E-05
 231   8             7.672072603434E-07 -2.446243647560E-05  3.071460739680E-05
 232   8            -2.609821187238E-04 -2.357747471514E-05 -1.173304092975E-04
 233   8            -1.118191525641E-05 -1.095170421286E-05 -2.329778445830E-05
 234   8            -1.860502443319E-04 -5.141027153679E-05 -1.127024095114E-04
 235   8            -7.169354855157E-05 -2.548984135174E-05  2.109007168058E-05
 236   8            -8.253890852384E-05 -1.348799920703E-05 -2.435676280076E-05
 237   8            -8.084562955258E-05 -8.253491874301E-05  4.857733684461E-06
 238   8            -2.513319887402E-04 -3.040013982771E-05 -6.226183847564E-05
 239   8            -1.728311441899E-04 -4.361197568031E-05 -9.125886664588E-05
 240   8            -7.502823946145E-05  2.187128405671E-05  1.512664736977E-05
 241   8            -2.341713004671E-04 -7.105420195303E-05 -1.195695618819E-04
 242   8            -4.943034362456E-05 -5.560033991646E-05 -1.750424157016E-05
 243   8            -3.195969493268E-05 -6.471220245384E-05  3.644253742597E-06
 244  20            -1.389568264802E-05 -5.544952594385E-05 -9.013960931442E-07
 245   8             8.264096067971E-05 -1.707893976821E-04 -3.836824912998E-05
 246   8             1.126771491758E-04 -1.256088308763E-04 -5.628073922232E-05
 247   8             4.810485433608E-05 -4.461038773321E-05  2.487688098634E-05
 248   8             1.532746843382E-04 -2.044806341655E-04 -5.978496801217E-05
 249   8             1.509097514273E-04 -2.142284074095E-04 -1.173304093072E-04
 250   8             5.792162444547E-05 -4.934351366307E-05  2.109007172225E-05
 251   8             1.519932877322E-04 -2.024598171275E-04 -6.226183844407E-05
 252   8             1.786203941207E-04 -1.672711940368E-04 -1.195695618517E-04
 253   8             5.022524425986E-06 -6.614928051114E-05 -2.190875498012E-05
 254   8            -5.748428004123E-06  4.392645199403E-06  2.369217290840E-05
 255   8            -1.071247066401E-05  2.553774097496E-06  2.204107077631E-05
 256   8             3.113147942072E-05  2.628151125096E-05  5.801930332839E-05
 257   8             2.644447508201E-05  5.119399798848E-05  8.370183983291E-05
 258   8             1.507541170298E-05 -4.207970555440E-06 -2.329778445856E-05
 259   8             5.295040425797E-05 -6.473679197138E-05 -2.435676278718E-05
 260   8             1.241846509960E-04 -1.278701735852E-04 -9.125886660065E-05
 261   8             7.286647868761E-05 -1.500776327008E-05 -1.750424158215E-05
 262   8             2.615490184995E-05 -1.934854808612E-05 -3.243258979963E-06
 263   8             1.105186996616E-05 -8.365668407461E-05 -2.414561835165E-05
 264   8             1.960978904592E-05 -2.295924627589E-05 -3.466263382386E-05
 265   8             4.126944795650E-05  2.109256827921E-05  3.697826002992E-05
 266   8             2.080148784748E-05  1.289563924634E-05  3.071460738543E-05
 267   8             1.375477233143E-04 -1.354191022037E-04 -1.127024095446E-04
 268   8             1.119001511144E-04 -2.874690955889E-05  4.857733676024E-06
 269   8             1.857303211109E-05 -7.591200337712E-05  1.512664736652E-05
 270   8             7.202225871694E-05  4.678193572794E-06  3.644253741191E-06

 RESULTANT FORCE     2.638430381292E-14  5.325775560036E-15 -6.407451541460E-14

 SYMMETRY ALLOWED FORCES (ANALYTICAL) (DIRECTION, FORCE)

    1 -1.7139173E-05    2 -1.7787527E-04    3  1.5852687E-04    4 -1.0464723E-04
    5 -1.2761802E-05    6 -1.4488437E-04    7 -8.5847755E-05    8  1.3015448E-04
    9 -5.7392332E-05   10 -9.3192520E-05   11  1.0932854E-04   12 -5.6744019E-05
   13 -8.0795107E-05   14 -2.7647401E-05   15  7.1505467E-05   16  1.0796072E-04
   17 -2.6893121E-05   18  3.4037332E-05   19  1.3582305E-04   20  2.2079605E-06
   21  1.9097718E-05   22 -2.5379774E-05   23 -3.8427008E-05   24  9.7359187E-06
   25  4.7465943E-05   26  1.4211213E-05   27 -3.3912569E-05   28  2.6530123E-05
   29 -3.5965888E-06   30  1.1067781E-04   31 -6.9296826E-05   32  1.8069718E-06
   33 -1.1321057E-04   34  3.2134172E-04   35 -1.1824479E-04   36  1.3857075E-04
   37  2.1801640E-04   38 -1.9102034E-04   39 -1.8859313E-04   40 -1.3373639E-04
   41 -2.0459987E-04   42 -6.0254064E-05   43 -9.8193751E-05   44 -1.6910784E-04
   45  1.5249395E-04   46  1.1250828E-05   47 -2.8018454E-06   48  4.0360797E-06
   49 -2.0845278E-05   50  2.3377961E-04   51 -1.4172818E-04   52 -2.3758761E-04
   53  1.2915485E-04   54 -2.2963105E-04   55 -1.3864957E-04   56 -1.4809459E-04
   57 -3.3734187E-05   58 -1.8330354E-04   59 -5.1659914E-05   60 -3.5716749E-05
   61 -1.5668215E-04   62 -6.0935665E-05   63 -9.0113868E-06   64 -7.9179960E-05
   65  7.9443296E-06   66  7.6067732E-05   67 -2.7258370E-04   68 -1.1898969E-05
   69  9.5288639E-05   70 -6.1712705E-05   71 -9.0577869E-05   72 -1.3417250E-04
   73 -9.1670375E-05   74  5.3665271E-05   75 -7.2476738E-05   76 -1.9161082E-04
   77  5.9661641E-05   78  9.3879624E-05   79 -3.3851695E-05   80 -1.4211769E-04
   81 -1.2845581E-04   82 -3.9286310E-04   83  1.3785909E-04   84 -1.3607138E-04
   85 -5.8377561E-04   86  2.9288442E-04   87 -2.6962113E-04   88 -5.8250307E-04
   89  2.8739963E-04   90 -2.4686928E-05   91 -6.9717864E-05   92  8.4905766E-05
   93  9.8132839E-05   94 -1.4705269E-04   95 -8.9265622E-06   96 -1.1880643E-04
   97 -4.5763663E-04   98  2.7606340E-04   99 -7.7026706E-06  100  2.5852304E-05
  101 -5.3989377E-05  102  5.7406572E-05  103 -1.7295382E-04  104  4.2876460E-05
  105  9.5370796E-06  106 -3.7133468E-05  107  5.7067684E-05  108 -2.6108493E-04
  109 -3.8448139E-04  110  9.3982633E-05  111 -2.4332913E-04  112 -5.7038808E-04
  113  1.5250973E-04  114 -2.4604655E-04  115 -5.7558131E-04  116  1.4644267E-04
  117 -1.6392690E-04  118 -1.2590265E-04  119  5.9144444E-05  120 -1.3828645E-04
  121 -1.3237219E-04  122 -3.7052568E-05  123  5.2832297E-05  124 -2.8332751E-05
  125 -7.5235116E-05  126  2.2778498E-06  127  1.7574127E-05  128 -5.8033735E-05
  129 -1.1915909E-04  130 -4.2004377E-04  131  2.2353766E-04  132  1.4098660E-04
  133  6.6023835E-06  134 -2.0502680E-04
 TTTTTTTTTTTTTTTTTTTTTTTTTTTTTT TOTGRA      TELAPSE    76220.30 TCPU    76171.56

 HHHHHHHHHHHHHHHHHHHHHHHHHHHHHHHHHHHHHHHHHHHHHHHHHHHHHHHHHHHHHHHHHHHHHHHHHHHHHHH
                   FORCE CONSTANT MATRIX - NUMERICAL ESTIMATE
 HHHHHHHHHHHHHHHHHHHHHHHHHHHHHHHHHHHHHHHHHHHHHHHHHHHHHHHHHHHHHHHHHHHHHHHHHHHHHHH
 MAX ABS(DGRAD): MAXIMUM ABSOLUTE GRADIENT DIFFERENCE WITH RESPECT TO
                 THE CENTRAL POINT
 DE:             ENERGY DIFFERENCE WITH RESPECT TO THE CENTRAL POINT
                 (DE IS EXPECTED TO BE POSITIVE FOR ALL DISPLACEMENTS)

   ATOM      MAX ABS(DGRAD)       TOTAL ENERGY (AU)  N.CYC      DE       SYM
    CENTRAL POINT             -3.793743287122E+04    16     0.0000E+00     6
    1 CA DX   4.7377E-04      -3.793743286904E+04    10     2.1771E-06     1
    1 CA DY                   GENERATED FROM A PREVIOUS LINE
    1 CA DZ   4.8112E-04      -3.793743286954E+04     9     1.6748E-06     3
    2 MG DX   6.5588E-04      -3.793743286842E+04     8     2.7942E-06     1
    2 MG DY                   GENERATED FROM A PREVIOUS LINE
    2 MG DZ   6.3100E-04      -3.793743286900E+04    11     2.2194E-06     3
    3 C  DX   4.5100E-03      -3.793743285705E+04    14     1.4169E-05     1
    3 C  DY                   GENERATED FROM A PREVIOUS LINE
    3 C  DZ   1.6143E-03      -3.793743286484E+04    10     6.3756E-06     1
    5 O  DX   2.4269E-03      -3.793743286325E+04    11     7.9670E-06     1
    5 O  DY   1.8077E-03      -3.793743286481E+04    12     6.4120E-06     1
    5 O  DZ   5.2712E-04      -3.793743286904E+04    10     2.1804E-06     1

 GCALCO - MAX INDICES DIRECT LATTICE VECTOR    14    14    14
 NO.OF VECTORS CREATED 6999 STARS  515 RMAX   315.89587 BOHR

 CAPPA:IS1  3;IS2  3;IS3  3; K PTS MONK NET   6; SYMMOPS:K SPACE   6;G SPACE   6

 TTTTTTTTTTTTTTTTTTTTTTTTTTTTTT gordsh1     TELAPSE  1253163.61 TCPU  1252142.63

 MATRIX SIZE: P(G)20162331, F(G) 3554415, P(G) IRR 1687696, F(G) IRR  597502
 MAX G-VECTOR INDEX FOR 1- AND 2-ELECTRON INTEGRALS 153

 TTTTTTTTTTTTTTTTTTTTTTTTTTTTTT INPUT       TELAPSE  1253166.22 TCPU  1252144.97

 SYMMETRY ALLOWED INTERNAL DEGREE(S) OF FREEDOM: 134
 TTTTTTTTTTTTTTTTTTTTTTTTTTTTTT SYMM        TELAPSE  1253166.36 TCPU  1252145.08
 TTTTTTTTTTTTTTTTTTTTTTTTTTTTTT INT_SCREEN  TELAPSE  1253166.84 TCPU  1252145.45

 GCALCO - MAX INDICES DIRECT LATTICE VECTOR    14    14    14
 NO.OF VECTORS CREATED 6999 STARS  515 RMAX   105.29862 BOHR
 TTTTTTTTTTTTTTTTTTTTTTTTTTTTTT gordsh1     TELAPSE  1253166.85 TCPU  1252145.46

 MATRIX SIZE: P(G)  746753, F(G)  132248, P(G) IRR   66077, F(G) IRR   23996
 MAX G-VECTOR INDEX FOR 1- AND 2-ELECTRON INTEGRALS 261

 TTTTTTTTTTTTTTTTTTTTTTTTTTTTTT INPUT       TELAPSE  1253166.85 TCPU  1252145.46

 SYMMETRY ALLOWED INTERNAL DEGREE(S) OF FREEDOM:   4
 TTTTTTTTTTTTTTTTTTTTTTTTTTTTTT SYMM        TELAPSE  1253166.85 TCPU  1252145.46
 TTTTTTTTTTTTTTTTTTTTTTTTTTTTTT INT_SCREEN  TELAPSE  1253166.89 TCPU  1252145.50

 +++ SYMMETRY ADAPTION OF VIBRATIONAL MODES +++


 CLASS  | GROUP OPERATORS (SEE SYMMOPS KEYWORD)
 --------------------------------------------------------------------
 C3     |   2;
 C3'    |   3;
 I      |   4;
 S6     |   5;
 S6'    |   6;

 IRREP/CLA      E     C3      I     S6
 -------------------------------------
  MULTIP |      1      1      1      1
 -------------------------------------
    Ag   |   1.00   1.00   1.00   1.00
 RP Eg   |   2.00  -1.00   2.00  -1.00
    Au   |   1.00   1.00  -1.00  -1.00
 RP Eu   |   2.00  -1.00  -2.00   1.00
 
 Ag -(1,   4); Eg -(1,   8);
 Au -(1,   6); Eu -(1,  12);


  DISPERSION K POINT NUMBER     1 COORD:  R(  0  0  0 )    WEIGHT:    1.


 HHHHHHHHHHHHHHHHHHHHHHHHHHHHHHHHHHHHHHHHHHHHHHHHHHHHHHHHHHHHHHHHHHHHHHHHHHHHHH
 EIGENVALUES (EIGV) OF THE MASS WEIGHTED HESSIAN MATRIX AND HARMONIC TRANSVERSE
 OPTICAL (TO) FREQUENCIES. IRREP LABELS REFER TO SYMMETRY REPRESENTATION
 ANALYSIS; A AND I INDICATE WHETHER THE MODE IS ACTIVE OR INACTIVE,
 RESPECTIVELY, FOR IR AND RAMAN; INTEGRATED IR INTENSITIES IN BRACKETS.

 CONVERSION FACTORS FOR FREQUENCIES:
      1 CM**(-1) =   0.4556335E-05 HARTREE
      1 THZ      =   0.3335641E+02 CM**(-1)

 HHHHHHHHHHHHHHHHHHHHHHHHHHHHHHHHHHHHHHHHHHHHHHHHHHHHHHHHHHHHHHHHHHHHHHHHHHHHHH

    MODES         EIGV          FREQUENCIES     IRREP  IR   INTENS    RAMAN
             (HARTREE**2)   (CM**-1)     (THZ)             (KM/MOL)
    1-   1   -0.2676E-21      0.0000    0.0000  (Au )   A (     0.00)   I
    2-   3    0.1304E-17      0.0000    0.0000  (Eu )   A (     0.00)   I
    4-   4    0.3691E-06    133.3383    3.9974  (Au )   A (     0.00)   I
    5-   6    0.4736E-06    151.0432    4.5282  (Eu )   A (     0.00)   I
    7-   8    0.7174E-06    185.8920    5.5729  (Eg )   I (     0.00)   A
    9-   9    0.1120E-05    232.3088    6.9644  (Ag )   I (     0.00)   A
   10-  11    0.1589E-05    276.6476    8.2937  (Eu )   A (     0.00)   I
   12-  13    0.2102E-05    318.2221    9.5401  (Eg )   I (     0.00)   A
   14-  14    0.2261E-05    330.0069    9.8934  (Au )   A (     0.00)   I
   15-  15    0.2645E-05    356.9366   10.7007  (Ag )   I (     0.00)   A
   16-  17    0.2988E-05    379.3982   11.3741  (Eu )   A (     0.00)   I
   18-  18    0.3158E-05    389.9955   11.6918  (Au )   A (     0.00)   I
   19-  20    0.1127E-04    736.8833   22.0912  (Eg )   I (     0.00)   A
   21-  22    0.1142E-04    741.7784   22.2380  (Eu )   A (     0.00)   I
   23-  23    0.1627E-04    885.4099   26.5439  (Au )   A (     0.00)   I
   24-  24    0.1662E-04    894.6450   26.8208  (Ag )   I (     0.00)   A
   25-  25    0.2669E-04   1133.9593   33.9952  (Ag )   I (     0.00)   A
   26-  26    0.2679E-04   1135.8754   34.0527  (Au )   A (     0.00)   I
   27-  28    0.4522E-04   1475.9075   44.2466  (Eu )   A (     0.00)   I
   29-  30    0.4664E-04   1498.8781   44.9352  (Eg )   I (     0.00)   A

 NORMAL MODES NORMALIZED TO CLASSICAL AMPLITUDES (IN BOHR)

 FREQ(CM**-1)      0.00      0.00      0.00    133.34    151.04    151.04

 AT.   1 CA X     0.0000   -0.0118    0.0728    0.0000    0.0890   -0.0010
            Y     0.0000    0.0728    0.0118    0.0000    0.0010    0.0890
            Z     0.0737    0.0000    0.0000    0.0859    0.0000    0.0000
 AT.   2 MG X     0.0000   -0.0118    0.0728    0.0000   -0.0045   -0.0318
            Y     0.0000    0.0728    0.0118    0.0000    0.0318   -0.0045
            Z     0.0737    0.0000    0.0000    0.0325    0.0000    0.0000
 AT.   3 C  X     0.0000   -0.0118    0.0728    0.0000   -0.0228    0.0043
            Y     0.0000    0.0728    0.0118    0.0000   -0.0043   -0.0228
            Z     0.0737    0.0000    0.0000   -0.0282    0.0000    0.0000
 AT.   4 C  X     0.0000   -0.0118    0.0728    0.0000   -0.0228    0.0043
            Y     0.0000    0.0728    0.0118    0.0000   -0.0043   -0.0228
            Z     0.0737    0.0000    0.0000   -0.0282    0.0000    0.0000
 AT.   5 O  X    -0.0000   -0.0118    0.0728    0.0455   -0.0289   -0.0001
            Y    -0.0000    0.0728    0.0118    0.0588   -0.0148   -0.0315
            Z     0.0737    0.0000   -0.0000   -0.0368    0.0940    0.0507
 AT.   6 O  X     0.0000   -0.0118    0.0728   -0.0737   -0.0373    0.0099
            Y    -0.0000    0.0728    0.0118    0.0100   -0.0047   -0.0231
            Z     0.0737   -0.0000    0.0000   -0.0368   -0.0909    0.0561
 AT.   7 O  X    -0.0000   -0.0118    0.0728    0.0282   -0.0244    0.0122
            Y     0.0000    0.0728    0.0118   -0.0688   -0.0025   -0.0360
            Z     0.0737   -0.0000   -0.0000   -0.0368   -0.0031   -0.1068
 AT.   8 O  X    -0.0000   -0.0118    0.0728    0.0455   -0.0289   -0.0001
            Y    -0.0000    0.0728    0.0118    0.0588   -0.0148   -0.0315
            Z     0.0737    0.0000   -0.0000   -0.0368    0.0940    0.0507
 AT.   9 O  X     0.0000   -0.0118    0.0728   -0.0737   -0.0373    0.0099
            Y    -0.0000    0.0728    0.0118    0.0100   -0.0047   -0.0231
            Z     0.0737   -0.0000    0.0000   -0.0368   -0.0909    0.0561
 AT.  10 O  X    -0.0000   -0.0118    0.0728    0.0282   -0.0244    0.0122
            Y     0.0000    0.0728    0.0118   -0.0688   -0.0025   -0.0360
            Z     0.0737   -0.0000   -0.0000   -0.0368   -0.0031   -0.1068

 FREQ(CM**-1)    185.89    185.89    232.31    276.65    276.65    318.22

 AT.   1 CA X     0.0000    0.0000    0.0000    0.1041    0.0117    0.0000
            Y     0.0000    0.0000    0.0000   -0.0117    0.1041    0.0000
            Z     0.0000    0.0000    0.0000    0.0000    0.0000    0.0000
 AT.   2 MG X     0.0000    0.0000    0.0000   -0.0874    0.0355    0.0000
            Y     0.0000    0.0000    0.0000   -0.0355   -0.0874    0.0000
            Z     0.0000    0.0000    0.0000    0.0000    0.0000    0.0000
 AT.   3 C  X     0.0746   -0.0256    0.0000   -0.0213   -0.0024    0.0181
            Y     0.0256    0.0746    0.0000    0.0024   -0.0213   -0.0347
            Z     0.0000    0.0000   -0.0540    0.0000    0.0000    0.0000
 AT.   4 C  X    -0.0746    0.0256    0.0000   -0.0213   -0.0024   -0.0181
            Y    -0.0256   -0.0746    0.0000    0.0024   -0.0213    0.0347
            Z     0.0000    0.0000    0.0540    0.0000    0.0000    0.0000
 AT.   5 O  X     0.0808   -0.0250    0.0493   -0.0137   -0.0048    0.0235
            Y     0.0288    0.0805    0.0647    0.0216   -0.0188   -0.0316
            Z    -0.0416   -0.0391   -0.0555   -0.0650   -0.0421   -0.0708
 AT.   6 O  X     0.0823   -0.0280   -0.0807   -0.0102   -0.0196    0.0139
            Y     0.0258    0.0791    0.0103    0.0067   -0.0222   -0.0355
            Z     0.0546   -0.0165   -0.0555    0.0689   -0.0353   -0.0613
 AT.   7 O  X     0.0789   -0.0277    0.0314   -0.0248   -0.0151    0.0153
            Y     0.0261    0.0824   -0.0750    0.0112   -0.0077   -0.0252
            Z    -0.0130    0.0556   -0.0555   -0.0039    0.0774    0.1321
 AT.   8 O  X    -0.0808    0.0250   -0.0493   -0.0137   -0.0048   -0.0235
            Y    -0.0288   -0.0805   -0.0647    0.0216   -0.0188    0.0316
            Z     0.0416    0.0391    0.0555   -0.0650   -0.0421    0.0708
 AT.   9 O  X    -0.0823    0.0280    0.0807   -0.0102   -0.0196   -0.0139
            Y    -0.0258   -0.0791   -0.0103    0.0067   -0.0222    0.0355
            Z    -0.0546    0.0165    0.0555    0.0689   -0.0353    0.0613
 AT.  10 O  X    -0.0789    0.0277   -0.0314   -0.0248   -0.0151   -0.0153
            Y    -0.0261   -0.0824    0.0750    0.0112   -0.0077    0.0252
            Z     0.0130   -0.0556    0.0555   -0.0039    0.0774   -0.1321

 FREQ(CM**-1)    318.22    330.01    356.94    379.40    379.40    390.00

 AT.   1 CA X     0.0000    0.0000    0.0000    0.0067    0.0247    0.0000
            Y     0.0000    0.0000    0.0000    0.0247   -0.0067    0.0000
            Z     0.0000   -0.1101    0.0000    0.0000    0.0000   -0.0089
 AT.   2 MG X     0.0000    0.0000    0.0000   -0.0348    0.1577    0.0000
            Y     0.0000    0.0000    0.0000    0.1577    0.0348    0.0000
            Z     0.0000    0.0599    0.0000    0.0000    0.0000    0.1773
 AT.   3 C  X    -0.0347    0.0000    0.0000   -0.0017   -0.0365    0.0000
            Y    -0.0181    0.0000    0.0000   -0.0365    0.0017    0.0000
            Z     0.0000    0.0307    0.0868    0.0000    0.0000   -0.0424
 AT.   4 C  X     0.0347    0.0000    0.0000   -0.0017   -0.0365    0.0000
            Y     0.0181    0.0000    0.0000   -0.0365    0.0017    0.0000
            Z     0.0000    0.0307   -0.0868    0.0000    0.0000   -0.0424
 AT.   5 O  X    -0.0300    0.0344    0.0386    0.0089   -0.0481   -0.0249
            Y    -0.0117    0.0502    0.0478   -0.0331   -0.0037   -0.0237
            Z    -0.1117    0.0232    0.0690   -0.0491   -0.0259   -0.0300
 AT.   6 O  X    -0.0260   -0.0607   -0.0607    0.0115   -0.0346    0.0330
            Y    -0.0213    0.0047    0.0095   -0.0466   -0.0011   -0.0097
            Z     0.1172    0.0232    0.0690    0.0021    0.0555   -0.0300
 AT.   7 O  X    -0.0363    0.0263    0.0221   -0.0015   -0.0391   -0.0081
            Y    -0.0199   -0.0549   -0.0573   -0.0421   -0.0142    0.0334
            Z    -0.0055    0.0232    0.0690    0.0470   -0.0296   -0.0300
 AT.   8 O  X     0.0300    0.0344   -0.0386    0.0089   -0.0481   -0.0249
            Y     0.0117    0.0502   -0.0478   -0.0331   -0.0037   -0.0237
            Z     0.1117    0.0232   -0.0690   -0.0491   -0.0259   -0.0300
 AT.   9 O  X     0.0260   -0.0607    0.0607    0.0115   -0.0346    0.0330
            Y     0.0213    0.0047   -0.0095   -0.0466   -0.0011   -0.0097
            Z    -0.1172    0.0232   -0.0690    0.0021    0.0555   -0.0300
 AT.  10 O  X     0.0363    0.0263   -0.0221   -0.0015   -0.0391   -0.0081
            Y     0.0199   -0.0549    0.0573   -0.0421   -0.0142    0.0334
            Z     0.0055    0.0232   -0.0690    0.0470   -0.0296   -0.0300

 FREQ(CM**-1)    736.88    736.88    741.78    741.78    885.41    894.64

 AT.   1 CA X     0.0000    0.0000    0.0039   -0.0028    0.0000    0.0000
            Y     0.0000    0.0000   -0.0028   -0.0039    0.0000    0.0000
            Z     0.0000    0.0000    0.0000    0.0000   -0.0000    0.0000
 AT.   2 MG X     0.0000    0.0000   -0.0121    0.0068    0.0000    0.0000
            Y     0.0000    0.0000    0.0068    0.0121    0.0000    0.0000
            Z     0.0000    0.0000    0.0000    0.0000    0.0063    0.0000
 AT.   3 C  X     0.0434    0.0341    0.0485    0.0331    0.0000    0.0000
            Y     0.0341   -0.0434    0.0331   -0.0485    0.0000    0.0000
            Z     0.0000    0.0000    0.0000    0.0000    0.1808    0.1767
 AT.   4 C  X    -0.0434   -0.0341    0.0485    0.0331    0.0000    0.0000
            Y    -0.0341    0.0434    0.0331   -0.0485    0.0000    0.0000
            Z     0.0000    0.0000    0.0000    0.0000    0.1808   -0.1767
 AT.   5 O  X    -0.0467    0.0814   -0.0461    0.0800   -0.0051   -0.0038
            Y    -0.0989   -0.0253   -0.0976   -0.0247   -0.0045   -0.0038
            Z    -0.0091    0.0029   -0.0186    0.0012   -0.0468   -0.0509
 AT.   6 O  X    -0.0707   -0.0850   -0.0699   -0.0838    0.0064    0.0052
            Y     0.0675   -0.0494    0.0663   -0.0484   -0.0021   -0.0014
            Z     0.0071    0.0064    0.0104    0.0154   -0.0468   -0.0509
 AT.   7 O  X     0.0854   -0.0227    0.0839   -0.0225   -0.0014   -0.0014
            Y     0.0051    0.1067    0.0049    0.1053    0.0066    0.0052
            Z     0.0020   -0.0094    0.0082   -0.0167   -0.0468   -0.0509
 AT.   8 O  X     0.0467   -0.0814   -0.0461    0.0800   -0.0051    0.0038
            Y     0.0989    0.0253   -0.0976   -0.0247   -0.0045    0.0038
            Z     0.0091   -0.0029   -0.0186    0.0012   -0.0468    0.0509
 AT.   9 O  X     0.0707    0.0850   -0.0699   -0.0838    0.0064   -0.0052
            Y    -0.0675    0.0494    0.0663   -0.0484   -0.0021    0.0014
            Z    -0.0071   -0.0064    0.0104    0.0154   -0.0468    0.0509
 AT.  10 O  X    -0.0854    0.0227    0.0839   -0.0225   -0.0014    0.0014
            Y    -0.0051   -0.1067    0.0049    0.1053    0.0066   -0.0052
            Z    -0.0020    0.0094    0.0082   -0.0167   -0.0468    0.0509

 FREQ(CM**-1)   1133.96   1135.88   1475.91   1475.91   1498.88   1498.88

 AT.   1 CA X     0.0000    0.0000   -0.0020    0.0016    0.0000    0.0000
            Y     0.0000    0.0000   -0.0016   -0.0020    0.0000    0.0000
            Z     0.0000   -0.0042    0.0000    0.0000    0.0000    0.0000
 AT.   2 MG X     0.0000    0.0000   -0.0063   -0.0036    0.0000    0.0000
            Y     0.0000    0.0000    0.0036   -0.0063    0.0000    0.0000
            Z     0.0000    0.0111    0.0000    0.0000    0.0000    0.0000
 AT.   3 C  X     0.0000    0.0000    0.1744    0.0064    0.0082    0.1755
            Y     0.0000    0.0000   -0.0064    0.1744    0.1755   -0.0082
            Z    -0.0002    0.0011    0.0000    0.0000    0.0000    0.0000
 AT.   4 C  X     0.0000    0.0000    0.1744    0.0064   -0.0082   -0.1755
            Y     0.0000    0.0000   -0.0064    0.1744   -0.1755    0.0082
            Z     0.0002    0.0011    0.0000    0.0000    0.0000    0.0000
 AT.   5 O  X     0.0805    0.0808   -0.0501    0.0304    0.0272   -0.0519
            Y    -0.0627   -0.0621    0.0331   -0.0323   -0.0314    0.0313
            Z    -0.0015   -0.0013    0.0016   -0.0014   -0.0004   -0.0011
 AT.   6 O  X     0.0140    0.0134   -0.0093   -0.0095   -0.0078   -0.0112
            Y     0.1011    0.1010   -0.0068   -0.0731   -0.0721   -0.0037
            Z    -0.0015   -0.0013    0.0004    0.0021   -0.0007    0.0009
 AT.   7 O  X    -0.0946   -0.0942   -0.0642   -0.0250   -0.0255   -0.0619
            Y    -0.0384   -0.0389   -0.0222   -0.0182   -0.0215   -0.0214
            Z    -0.0015   -0.0013   -0.0020   -0.0007    0.0011    0.0002
 AT.   8 O  X    -0.0805    0.0808   -0.0501    0.0304   -0.0272    0.0519
            Y     0.0627   -0.0621    0.0331   -0.0323    0.0314   -0.0313
            Z     0.0015   -0.0013    0.0016   -0.0014    0.0004    0.0011
 AT.   9 O  X    -0.0140    0.0134   -0.0093   -0.0095    0.0078    0.0112
            Y    -0.1011    0.1010   -0.0068   -0.0731    0.0721    0.0037
            Z     0.0015   -0.0013    0.0004    0.0021    0.0007   -0.0009
 AT.  10 O  X     0.0946   -0.0942   -0.0642   -0.0250    0.0255    0.0619
            Y     0.0384   -0.0389   -0.0222   -0.0182    0.0215    0.0214
            Z     0.0015   -0.0013   -0.0020   -0.0007   -0.0011   -0.0002

 *******************************************************************************

 VIBRATIONAL TEMPERATURES (K) OF THE MODES AT THE GAMMA POINT

 TO MODES
   191.8 [   4;]   217.3 [   5;]   217.3 [   6;]   267.5 [   7;]
   267.5 [   8;]   334.2 [   9;]   398.0 [  10;]   398.0 [  11;]
   457.9 [  12;]   457.9 [  13;]   474.8 [  14;]   513.6 [  15;]
   545.9 [  16;]   545.9 [  17;]   561.1 [  18;]  1060.2 [  19;]
  1060.2 [  20;]  1067.3 [  21;]  1067.3 [  22;]  1273.9 [  23;]
  1287.2 [  24;]  1631.5 [  25;]  1634.3 [  26;]  2123.5 [  27;]
  2123.5 [  28;]  2156.5 [  29;]  2156.5 [  30;]


  DISPERSION K POINT NUMBER     2 COORD:  C(  0  0  1 )    WEIGHT:    1.

    MODES         EIGV          FREQUENCIES     IRREP
             (HARTREE**2)   (CM**-1)     (THZ)
    1-   1    0.1057E-06     71.3633    2.1394  (  1)
    2-   2    0.3086E-06    121.9237    3.6552  (  1)
    3-   3    0.3693E-06    133.3813    3.9987  (  1)
    4-   4    0.4418E-06    145.8788    4.3733  (  1)
    5-   5    0.4997E-06    155.1390    4.6509  (  1)
    6-   6    0.8194E-06    198.6704    5.9560  (  1)
    7-   7    0.9168E-06    210.1480    6.3001  (  1)
    8-   8    0.1064E-05    226.4034    6.7874  (  1)
    9-   9    0.1100E-05    230.1703    6.9003  (  1)
   10-  10    0.1322E-05    252.3115    7.5641  (  1)
   11-  11    0.1661E-05    282.8770    8.4804  (  1)
   12-  12    0.1933E-05    305.1802    9.1491  (  1)
   13-  13    0.2089E-05    317.2492    9.5109  (  1)
   14-  14    0.2185E-05    324.4171    9.7258  (  1)
   15-  15    0.2760E-05    364.6302   10.9313  (  1)
   16-  16    0.2990E-05    379.4971   11.3770  (  1)
   17-  17    0.3082E-05    385.2913   11.5507  (  1)
   18-  18    0.3604E-05    416.6457   12.4907  (  1)
   19-  19    0.1097E-04    726.8269   21.7897  (  1)
   20-  20    0.1112E-04    731.9066   21.9420  (  1)
   21-  21    0.1132E-04    738.3699   22.1358  (  1)
   22-  22    0.1149E-04    744.0963   22.3074  (  1)
   23-  23    0.1640E-04    888.8604   26.6474  (  1)
   24-  24    0.1655E-04    892.9100   26.7688  (  1)
   25-  25    0.2663E-04   1132.6280   33.9553  (  1)
   26-  26    0.2668E-04   1133.6666   33.9865  (  1)
   27-  27    0.4623E-04   1492.1890   44.7347  (  1)
   28-  28    0.4741E-04   1511.1758   45.3039  (  1)
   29-  29    0.4926E-04   1540.3791   46.1794  (  1)
   30-  30    0.5390E-04   1611.2346   48.3036  (  1)

 MODES IN PHASE

 FREQ(CM**-1)     71.36    121.92    133.38    145.88    155.14    198.67

 AT.   1 CA X     0.0264    0.0559    0.0573   -0.0235   -0.0108    0.0024
            Y    -0.0252   -0.0133   -0.0081    0.0024   -0.1060   -0.0187
            Z    -0.0289    0.0510   -0.0034    0.0998   -0.0077    0.0235
 AT.   2 MG X     0.0141    0.0102    0.0014    0.0053    0.0260   -0.0015
            Y    -0.0077   -0.0030   -0.0024    0.0203    0.0109   -0.0034
            Z    -0.0249    0.0080   -0.0043    0.0139   -0.0079    0.0010
 AT.   3 C  X     0.0189    0.0435    0.0246   -0.0149   -0.0010   -0.0348
            Y    -0.0153   -0.0084   -0.0220    0.0370    0.0174   -0.0127
            Z    -0.0496    0.0297   -0.0369   -0.0151   -0.0062    0.0024
 AT.   4 C  X     0.0023   -0.0249   -0.0183   -0.0018   -0.0033    0.0357
            Y    -0.0182    0.0024    0.0138   -0.0258   -0.0272    0.0014
            Z    -0.0032   -0.0202    0.0315    0.0067    0.0279    0.0030
 AT.   5 O  X     0.0316    0.0390    0.0495    0.0085   -0.0283   -0.0362
            Y     0.0023   -0.0136    0.0124    0.0670   -0.0153   -0.0088
            Z    -0.0489    0.0289   -0.0221   -0.0056   -0.0140    0.0517
 AT.   6 O  X    -0.0033    0.0544   -0.0207   -0.0687    0.0283   -0.0539
            Y    -0.0136   -0.0092   -0.0171    0.0408    0.0088   -0.0099
            Z    -0.0594    0.0575   -0.0518   -0.0295   -0.0283   -0.0335
 AT.   7 O  X     0.0074    0.0203   -0.0233    0.0035    0.0139    0.0201
            Y    -0.0313   -0.0288    0.0398   -0.0283   -0.0638   -0.0176
            Z    -0.0373    0.0162    0.0530    0.0263    0.0185   -0.0165
 AT.   8 O  X     0.0300    0.0590   -0.0053    0.0045   -0.0313   -0.0311
            Y     0.0027   -0.0105    0.0097    0.0629   -0.0135   -0.0560
            Z    -0.0469    0.0342    0.0257   -0.0044   -0.0191    0.0945
 AT.   9 O  X    -0.0025    0.0515   -0.0121   -0.0593    0.0356   -0.0144
            Y    -0.0122   -0.0137    0.0099    0.0438    0.0154   -0.0394
            Z    -0.0600    0.0524   -0.0617   -0.0254   -0.0298   -0.0168
 AT.  10 O  X     0.0093   -0.0157   -0.0273    0.0042    0.0064    0.0342
            Y    -0.0344   -0.0141    0.0371   -0.0341   -0.0466    0.0094
            Z    -0.0415    0.0086    0.0197    0.0206    0.0410    0.0062

 FREQ(CM**-1)    210.15    226.40    230.17    252.31    282.88    305.18

 AT.   1 CA X    -0.0003   -0.0278   -0.0185   -0.0041    0.0452   -0.0014
            Y     0.0023   -0.0151   -0.0017    0.0047   -0.0123    0.0044
            Z    -0.0010    0.0057    0.0026   -0.0150    0.0270   -0.0006
 AT.   2 MG X    -0.0422   -0.0077   -0.0072   -0.0057   -0.0230    0.0711
            Y     0.0225    0.0241    0.0139    0.0125   -0.0782   -0.0177
            Z    -0.0146   -0.0143    0.0065   -0.0577    0.0004   -0.0512
 AT.   3 C  X    -0.0665   -0.0149    0.0237   -0.0045   -0.0269   -0.0318
            Y    -0.0006   -0.0474    0.0237    0.0075   -0.0186   -0.0267
            Z    -0.0251   -0.0022   -0.0354    0.0096   -0.0024    0.0196
 AT.   4 C  X    -0.0277    0.0066   -0.0217    0.0066   -0.0101   -0.0150
            Y    -0.0187    0.0483    0.0173    0.0071   -0.0223   -0.0251
            Z    -0.0067    0.0127    0.0112   -0.0017   -0.0334    0.0382
 AT.   5 O  X    -0.0555   -0.0225    0.0530   -0.0134   -0.0266   -0.0197
            Y     0.0127   -0.0584    0.0575   -0.0029   -0.0111   -0.0027
            Z     0.0001    0.0547   -0.0691   -0.0742   -0.0758   -0.0117
 AT.   6 O  X    -0.0760   -0.0054   -0.0133    0.0304   -0.0247   -0.0646
            Y     0.0037   -0.0509    0.0251    0.0062   -0.0177   -0.0186
            Z    -0.0470    0.0075   -0.0045    0.0874    0.0138    0.0377
 AT.   7 O  X     0.0298    0.0126    0.0028    0.0144    0.0150    0.0060
            Y     0.0218   -0.0177   -0.0197   -0.0416   -0.0002    0.0283
            Z     0.0580    0.0465    0.0061    0.0210   -0.0526   -0.0716
 AT.   8 O  X     0.0564    0.0192   -0.0273    0.0152   -0.0027    0.0218
            Y    -0.0087    0.0147   -0.0531    0.0075    0.0274    0.0014
            Z    -0.0048   -0.0513    0.0311    0.0668   -0.0247    0.0204
 AT.   9 O  X     0.0741   -0.0186    0.0200   -0.0417   -0.0332    0.0620
            Y    -0.0012    0.0015   -0.0324   -0.0087    0.0051    0.0173
            Z     0.0438   -0.0241    0.0238   -0.0974    0.0430   -0.0439
 AT.  10 O  X    -0.0240    0.0023   -0.0299   -0.0059   -0.0233   -0.0111
            Y    -0.0205    0.0617    0.0333    0.0236   -0.0071   -0.0314
            Z    -0.0573    0.0217    0.0128   -0.0363    0.0041    0.0681

 FREQ(CM**-1)    317.25    324.42    364.63    379.50    385.29    416.65

 AT.   1 CA X     0.0073    0.0122   -0.0344    0.0022    0.0027    0.0090
            Y    -0.0445   -0.0147   -0.0344   -0.0176    0.0044    0.0091
            Z    -0.0154   -0.0751   -0.0007    0.0021   -0.0031    0.0016
 AT.   2 MG X    -0.0299    0.0048    0.0056    0.1210    0.0447    0.0929
            Y     0.0547   -0.0043    0.0161   -0.0553   -0.0428    0.1305
            Z     0.0239    0.0020    0.0371   -0.0453    0.1419    0.0245
 AT.   3 C  X    -0.0160   -0.0103    0.0271   -0.0050   -0.0231   -0.0150
            Y    -0.0058    0.0283    0.0170    0.0378    0.0104   -0.0358
            Z     0.0431    0.0173   -0.0097   -0.0056   -0.0049   -0.0210
 AT.   4 C  X    -0.0076    0.0059    0.0035   -0.0043   -0.0238   -0.0152
            Y     0.0125   -0.0364    0.0039    0.0382    0.0102   -0.0359
            Z     0.0307   -0.0082   -0.0492   -0.0062   -0.0034   -0.0210
 AT.   5 O  X     0.0198    0.0073    0.0192   -0.0207   -0.0433   -0.0198
            Y     0.0390    0.0582   -0.0002    0.0272   -0.0067   -0.0359
            Z    -0.0052    0.0537    0.0139    0.0419   -0.0227   -0.0393
 AT.   6 O  X    -0.0520   -0.0381    0.0299   -0.0170   -0.0088    0.0151
            Y    -0.0044    0.0357    0.0072    0.0430    0.0036   -0.0371
            Z     0.0771    0.0549   -0.0470    0.0009    0.0579   -0.0182
 AT.   7 O  X    -0.0001   -0.0079   -0.0414    0.0105    0.0084    0.0265
            Y     0.0485   -0.0119    0.0147    0.0084   -0.0262    0.0226
            Z    -0.0620    0.0779   -0.0658    0.0186    0.0310    0.0033
 AT.   8 O  X     0.0061    0.0073    0.0485    0.0055    0.0209   -0.0059
            Y     0.0007    0.0540    0.0349   -0.0067   -0.0029    0.0113
            Z    -0.0244    0.0462    0.0709   -0.0388    0.0126    0.0096
 AT.   9 O  X    -0.0373   -0.0383   -0.0258   -0.0174    0.0246   -0.0209
            Y    -0.0199    0.0309    0.0142   -0.0265    0.0011    0.0103
            Z    -0.0089    0.0538   -0.0136    0.0342   -0.0667    0.0365
 AT.  10 O  X     0.0064   -0.0084   -0.0103   -0.0056   -0.0263   -0.0204
            Y    -0.0167   -0.0090    0.0381    0.0401    0.0042    0.0044
            Z    -0.0251    0.0821   -0.0434   -0.0537   -0.0434    0.0048

 FREQ(CM**-1)    726.83    731.91    738.37    744.10    888.86    892.91

 AT.   1 CA X     0.0060    0.0019    0.0032    0.0002   -0.0014    0.0018
            Y     0.0028   -0.0008   -0.0042    0.0009   -0.0013    0.0007
            Z    -0.0030    0.0002    0.0053   -0.0005   -0.0002    0.0011
 AT.   2 MG X    -0.0001    0.0054   -0.0030    0.0121    0.0000    0.0010
            Y     0.0006   -0.0064   -0.0050    0.0108   -0.0020   -0.0013
            Z    -0.0002   -0.0008    0.0014   -0.0143    0.0028   -0.0007
 AT.   3 C  X     0.0394   -0.0221   -0.0352   -0.0276    0.0009    0.0028
            Y     0.0341   -0.0021    0.0438    0.0432    0.0017   -0.0010
            Z    -0.0008   -0.0004   -0.0029    0.0047    0.1798   -0.0706
 AT.   4 C  X    -0.0394   -0.0162    0.0139   -0.0172    0.0039    0.0002
            Y    -0.0328   -0.0164   -0.0232    0.0336   -0.0012   -0.0006
            Z     0.0010   -0.0004    0.0014    0.0067    0.0714    0.1779
 AT.   5 O  X    -0.0533   -0.0003   -0.0698   -0.0848   -0.0034    0.0018
            Y    -0.0963    0.0413    0.0341    0.0079   -0.0034    0.0022
            Z    -0.0138    0.0030    0.0025   -0.0081   -0.0475    0.0198
 AT.   6 O  X    -0.0624    0.0374    0.0878    0.0732    0.0062   -0.0029
            Y     0.0715   -0.0119    0.0401    0.0584   -0.0028    0.0005
            Z     0.0089   -0.0022   -0.0152   -0.0090   -0.0473    0.0176
 AT.   7 O  X    -0.0430    0.0775   -0.0125   -0.0270   -0.0010   -0.0014
            Y     0.0028    0.0212    0.0756    0.0504   -0.0006    0.0049
            Z    -0.0012    0.0051   -0.0080   -0.0103    0.0257   -0.0489
 AT.   8 O  X    -0.0168   -0.0345   -0.0724    0.0798   -0.0036    0.0022
            Y    -0.0332   -0.1022    0.0349   -0.0115   -0.0028    0.0025
            Z    -0.0063   -0.0156    0.0026    0.0067   -0.0286    0.0247
 AT.   9 O  X    -0.0200   -0.0793    0.0905   -0.0733    0.0054   -0.0034
            Y     0.0233    0.0564    0.0423   -0.0532   -0.0009    0.0006
            Z     0.0049    0.0086   -0.0152    0.0086   -0.0266    0.0228
 AT.  10 O  X    -0.0857   -0.0407   -0.0095    0.0336   -0.0034   -0.0016
            Y     0.0052    0.0060    0.0493   -0.0751    0.0054    0.0051
            Z    -0.0040   -0.0042   -0.0044    0.0136   -0.0175   -0.0490

 FREQ(CM**-1)   1132.63   1133.67   1492.19   1511.18   1540.38   1611.23

 AT.   1 CA X    -0.0004   -0.0003   -0.0035    0.0004   -0.0017    0.0034
            Y    -0.0019   -0.0015    0.0017   -0.0007   -0.0022    0.0042
            Z    -0.0012    0.0013   -0.0018    0.0004    0.0023   -0.0024
 AT.   2 MG X     0.0003    0.0005   -0.0008   -0.0056    0.0017    0.0007
            Y     0.0003    0.0006    0.0009    0.0043    0.0048    0.0038
            Z    -0.0025    0.0003    0.0003    0.0030   -0.0037   -0.0017
 AT.   3 C  X     0.0003   -0.0003    0.1632    0.0839    0.0176    0.0757
            Y     0.0022   -0.0015   -0.0599   -0.0812   -0.0323    0.1508
            Z     0.0004   -0.0000    0.0028   -0.0027   -0.0004   -0.0016
 AT.   4 C  X    -0.0005   -0.0003   -0.1100    0.1361    0.0895    0.0310
            Y    -0.0014    0.0012    0.0250   -0.1076    0.1454   -0.0032
            Z    -0.0009    0.0000   -0.0027   -0.0028   -0.0009   -0.0006
 AT.   5 O  X     0.0509    0.0403   -0.0570   -0.0373   -0.0108    0.0018
            Y    -0.0374   -0.0316    0.0407    0.0310    0.0094   -0.0209
            Z    -0.0016   -0.0006   -0.0018    0.0031    0.0013   -0.0005
 AT.   6 O  X     0.0080    0.0056   -0.0073   -0.0017    0.0024   -0.0156
            Y     0.0616    0.0515    0.0180    0.0305    0.0144   -0.0695
            Z    -0.0007   -0.0008    0.0001    0.0003   -0.0016    0.0033
 AT.   7 O  X    -0.0351    0.0931    0.0276   -0.0162   -0.0446    0.0140
            Y    -0.0141    0.0377    0.0091   -0.0037   -0.0257    0.0089
            Z    -0.0006    0.0018   -0.0004   -0.0005   -0.0001    0.0019
 AT.   8 O  X     0.0409   -0.0516   -0.0565    0.0336   -0.0083    0.0063
            Y    -0.0315    0.0377    0.0404   -0.0229    0.0149   -0.0210
            Z    -0.0007    0.0000   -0.0015    0.0001    0.0012   -0.0009
 AT.   9 O  X     0.0047   -0.0085   -0.0069    0.0044    0.0077   -0.0128
            Y     0.0509   -0.0626    0.0196   -0.0191    0.0397   -0.0610
            Z    -0.0004    0.0009    0.0000   -0.0011   -0.0010    0.0037
 AT.  10 O  X     0.0951    0.0351    0.0359   -0.0353   -0.0534   -0.0119
            Y     0.0387    0.0142    0.0113   -0.0051   -0.0303   -0.0065
            Z     0.0009    0.0006   -0.0003   -0.0021    0.0008    0.0022

 MODES IN ANTI-PHASE

 FREQ(CM**-1)     71.36    121.92    133.38    145.88    155.14    198.67

 AT.   1 CA X    -0.0007    0.0181    0.0626    0.0038    0.0023    0.0010
            Y     0.0007   -0.0043   -0.0089   -0.0004    0.0223   -0.0078
            Z     0.0008    0.0165   -0.0037   -0.0160    0.0016    0.0099
 AT.   2 MG X     0.0229    0.0478   -0.0043    0.0066    0.0289   -0.0120
            Y    -0.0125   -0.0142    0.0076    0.0250    0.0121   -0.0271
            Z    -0.0404    0.0372    0.0136    0.0171   -0.0088    0.0077
 AT.   3 C  X     0.0122    0.0363   -0.0031   -0.0050   -0.0034    0.0080
            Y    -0.0281   -0.0128    0.0073   -0.0186   -0.0255   -0.0435
            Z    -0.0287    0.0168   -0.0023    0.0037    0.0274    0.0212
 AT.   4 C  X     0.0223    0.0509   -0.0167   -0.0156   -0.0014   -0.0009
            Y    -0.0263   -0.0151    0.0186    0.0325    0.0145   -0.0453
            Z    -0.0573    0.0275    0.0193   -0.0141   -0.0032    0.0212
 AT.   5 O  X     0.0276    0.0467   -0.0009    0.0113    0.0134   -0.0080
            Y    -0.0081    0.0009    0.0108    0.0024   -0.0014   -0.0699
            Z    -0.0350    0.0184    0.0238   -0.0031    0.0156    0.0817
 AT.   6 O  X    -0.0134    0.0125   -0.0140   -0.0189   -0.0240    0.0327
            Y    -0.0252   -0.0106    0.0084   -0.0162   -0.0182   -0.0455
            Z     0.0120    0.0098   -0.0665   -0.0086    0.0096    0.0094
 AT.   7 O  X    -0.0341   -0.0550   -0.0295   -0.0027    0.0156    0.0281
            Y     0.0562    0.0158    0.0408    0.0234   -0.0294    0.0305
            Z     0.0751   -0.0079    0.0245    0.0139   -0.0596    0.0249
 AT.   8 O  X    -0.0293   -0.0151    0.0493   -0.0134   -0.0008   -0.0202
            Y     0.0080   -0.0087    0.0134   -0.0232    0.0074    0.0427
            Z     0.0377    0.0020   -0.0199    0.0047   -0.0086   -0.0203
 AT.   9 O  X     0.0135    0.0217   -0.0219    0.0394    0.0106   -0.0614
            Y     0.0260    0.0032   -0.0163    0.0026    0.0131    0.0248
            Z    -0.0087    0.0257   -0.0575    0.0174    0.0026   -0.0305
 AT.  10 O  X     0.0336    0.0565   -0.0258    0.0015   -0.0199   -0.0053
            Y    -0.0544   -0.0296    0.0432   -0.0133    0.0527   -0.0340
            Z    -0.0729    0.0159    0.0550   -0.0214    0.0471   -0.0292

 FREQ(CM**-1)    210.15    226.40    230.17    252.31    282.88    305.18

 AT.   1 CA X    -0.0050   -0.0458   -0.0637   -0.0137   -0.0260    0.0156
            Y     0.0391   -0.0249   -0.0058    0.0157    0.0070   -0.0484
            Z    -0.0166    0.0093    0.0091   -0.0497   -0.0155    0.0062
 AT.   2 MG X     0.0279    0.0141    0.0075    0.0060   -0.0134   -0.0329
            Y    -0.0148   -0.0439   -0.0145   -0.0133   -0.0455    0.0082
            Z     0.0096    0.0260   -0.0067    0.0615    0.0002    0.0237
 AT.   3 C  X     0.0017    0.0017    0.0207   -0.0063    0.0037   -0.0072
            Y     0.0201   -0.0271   -0.0183   -0.0076   -0.0151    0.0103
            Z    -0.0034   -0.0137   -0.0097    0.0011   -0.0371   -0.0334
 AT.   4 C  X     0.0605    0.0135   -0.0228    0.0041   -0.0252    0.0289
            Y    -0.0074    0.0254   -0.0244   -0.0079   -0.0087    0.0137
            Z     0.0244   -0.0056    0.0350   -0.0095    0.0163    0.0067
 AT.   5 O  X     0.0108    0.0099    0.0327    0.0074   -0.0125   -0.0132
            Y     0.0332   -0.0139   -0.0084    0.0092   -0.0382    0.0072
            Z    -0.0392   -0.0294   -0.0510    0.0091   -0.0156   -0.0497
 AT.   6 O  X    -0.0111   -0.0238    0.0165   -0.0296    0.0240    0.0087
            Y     0.0210   -0.0248   -0.0210   -0.0064   -0.0162    0.0059
            Z    -0.0243   -0.0233    0.0374   -0.0445   -0.0417    0.0380
 AT.   7 O  X     0.0469    0.0091   -0.0515    0.0109    0.0358    0.0295
            Y     0.0094    0.0603    0.0312   -0.0200    0.0081    0.0203
            Z     0.0028    0.0487    0.0335   -0.0341   -0.0355    0.0129
 AT.   8 O  X     0.0041   -0.0153    0.0559   -0.0013    0.0293   -0.0095
            Y     0.0344   -0.0582    0.0236    0.0061    0.0288    0.0075
            Z    -0.0389    0.0350   -0.0801   -0.0336    0.0733   -0.0468
 AT.   9 O  X    -0.0201   -0.0157    0.0068   -0.0078    0.0092    0.0201
            Y     0.0212   -0.0566   -0.0043   -0.0019    0.0234    0.0091
            Z    -0.0298   -0.0041    0.0292    0.0114    0.0092    0.0307
 AT.  10 O  X     0.0502    0.0154   -0.0420    0.0171   -0.0310    0.0279
            Y     0.0119    0.0122    0.0158   -0.0397   -0.0039    0.0150
            Z     0.0097    0.0637    0.0316   -0.0168    0.0633    0.0254

 FREQ(CM**-1)    317.25    324.42    364.63    379.50    385.29    416.65

 AT.   1 CA X    -0.0052    0.0010    0.0249   -0.0036   -0.0043   -0.0158
            Y     0.0316   -0.0013    0.0248    0.0288   -0.0071   -0.0159
            Z     0.0109   -0.0064    0.0005   -0.0035    0.0050   -0.0027
 AT.   2 MG X    -0.0137    0.0102    0.0025    0.0031    0.0014   -0.0004
            Y     0.0251   -0.0091    0.0072   -0.0014   -0.0014   -0.0006
            Z     0.0110    0.0042    0.0167   -0.0012    0.0046   -0.0001
 AT.   3 C  X     0.0037   -0.0009   -0.0195    0.0154   -0.0112    0.0218
            Y     0.0216   -0.0238   -0.0098    0.0079   -0.0028    0.0138
            Z     0.0035    0.0037   -0.0572   -0.0120    0.0237   -0.0059
 AT.   4 C  X    -0.0146   -0.0085    0.0332   -0.0156    0.0097   -0.0217
            Y    -0.0185    0.0065    0.0192   -0.0060    0.0035   -0.0135
            Z     0.0304    0.0157    0.0307    0.0117   -0.0239    0.0061
 AT.   5 O  X     0.0005    0.0007   -0.0447    0.0044   -0.0019    0.0184
            Y     0.0130   -0.0198   -0.0368   -0.0064    0.0066    0.0080
            Z     0.0240   -0.0394   -0.0701    0.0222   -0.0028    0.0120
 AT.   6 O  X     0.0213   -0.0045    0.0371    0.0282   -0.0231    0.0154
            Y     0.0195   -0.0250   -0.0125    0.0077   -0.0030    0.0099
            Z     0.0365   -0.0017   -0.0013   -0.0389    0.0458   -0.0316
 AT.   7 O  X    -0.0068   -0.0036   -0.0029    0.0010    0.0252    0.0080
            Y     0.0347    0.0158   -0.0353   -0.0493    0.0083   -0.0184
            Z     0.0049    0.0313    0.0238    0.0508    0.0331   -0.0075
 AT.   8 O  X    -0.0188    0.0006   -0.0041    0.0204    0.0380    0.0264
            Y    -0.0411    0.0294    0.0118   -0.0272    0.0089    0.0350
            Z    -0.0030    0.0480    0.0090   -0.0272    0.0191    0.0400
 AT.   9 O  X     0.0420   -0.0021   -0.0400    0.0280   -0.0024   -0.0052
            Y    -0.0023    0.0307   -0.0029   -0.0348   -0.0046    0.0370
            Z    -0.0848    0.0111    0.0450   -0.0185   -0.0316   -0.0003
 AT.  10 O  X     0.0024    0.0022    0.0402   -0.0089    0.0036   -0.0188
            Y    -0.0573   -0.0176   -0.0029   -0.0299    0.0272   -0.0288
            Z     0.0568   -0.0176    0.0550    0.0065   -0.0132   -0.0067

 FREQ(CM**-1)    726.83    731.91    738.37    744.10    888.86    892.91

 AT.   1 CA X     0.0044    0.0027   -0.0005   -0.0014    0.0007   -0.0001
            Y     0.0020   -0.0010    0.0007   -0.0056    0.0007   -0.0000
            Z    -0.0022    0.0003   -0.0008    0.0032    0.0001   -0.0001
 AT.   2 MG X     0.0007   -0.0120   -0.0038   -0.0047    0.0000    0.0016
            Y    -0.0059    0.0144   -0.0062   -0.0042   -0.0013   -0.0019
            Z     0.0017    0.0017    0.0017    0.0056    0.0018   -0.0011
 AT.   3 C  X     0.0039    0.0414    0.0065   -0.0047    0.0039    0.0015
            Y    -0.0027    0.0238   -0.0141   -0.0025   -0.0021   -0.0011
            Z    -0.0009    0.0009    0.0008   -0.0048   -0.0005    0.1633
 AT.   4 C  X    -0.0041    0.0441   -0.0330    0.0221   -0.0007    0.0031
            Y    -0.0095    0.0174    0.0398   -0.0273    0.0024   -0.0014
            Z    -0.0007    0.0009   -0.0027    0.0003    0.1650    0.0006
 AT.   5 O  X     0.0000   -0.0364    0.0196    0.0031    0.0019   -0.0032
            Y    -0.0031   -0.0940   -0.0078    0.0131    0.0010   -0.0030
            Z    -0.0021   -0.0154   -0.0008    0.0031    0.0005   -0.0457
 AT.   6 O  X    -0.0004   -0.0712   -0.0224    0.0118   -0.0021    0.0045
            Y     0.0008    0.0554   -0.0134   -0.0083   -0.0010   -0.0015
            Z     0.0022    0.0083    0.0026   -0.0003   -0.0018   -0.0469
 AT.   7 O  X    -0.0760   -0.0173   -0.0080   -0.0260    0.0035    0.0018
            Y     0.0046    0.0133    0.0756    0.0895   -0.0072   -0.0020
            Z    -0.0038   -0.0028   -0.0107   -0.0123    0.0408    0.0032
 AT.   8 O  X    -0.0506   -0.0117    0.0024    0.0286    0.0016    0.0030
            Y    -0.0904    0.0097   -0.0029    0.0100    0.0022    0.0027
            Z    -0.0124   -0.0020    0.0001    0.0054    0.0379    0.0432
 AT.   9 O  X    -0.0591    0.0132   -0.0052   -0.0109   -0.0038   -0.0041
            Y     0.0676    0.0061    0.0007   -0.0256    0.0029    0.0015
            Z     0.0078    0.0005    0.0021    0.0024    0.0391    0.0446
 AT.  10 O  X    -0.0169    0.0682    0.0114   -0.0166   -0.0012   -0.0016
            Y     0.0012    0.0243   -0.0950    0.0701    0.0047    0.0014
            Z     0.0000    0.0039    0.0126   -0.0086   -0.0449    0.0023

 FREQ(CM**-1)   1132.63   1133.67   1492.19   1511.18   1540.38   1611.23

 AT.   1 CA X    -0.0006   -0.0002   -0.0004   -0.0003    0.0004   -0.0009
            Y    -0.0028   -0.0010    0.0002    0.0006    0.0005   -0.0011
            Z    -0.0017    0.0009   -0.0002   -0.0003   -0.0005    0.0006
 AT.   2 MG X    -0.0007   -0.0072   -0.0019   -0.0022    0.0018    0.0007
            Y    -0.0007   -0.0075    0.0021    0.0017    0.0052    0.0038
            Z     0.0051   -0.0037    0.0006    0.0012   -0.0040   -0.0017
 AT.   3 C  X     0.0004    0.0042   -0.0012    0.1094    0.0911    0.0311
            Y     0.0000    0.0019   -0.0203   -0.0708    0.1433   -0.0030
            Z     0.0009   -0.0000   -0.0010   -0.0012   -0.0009   -0.0006
 AT.   4 C  X    -0.0000    0.0042    0.1206   -0.0219    0.0247    0.0758
            Y    -0.0017    0.0021   -0.0581   -0.0044   -0.0209    0.1508
            Z     0.0002   -0.0000    0.0014   -0.0010   -0.0005   -0.0016
 AT.   5 O  X     0.0641   -0.0714   -0.0032   -0.0434   -0.0035   -0.0096
            Y    -0.0487    0.0531    0.0031    0.0310   -0.0149    0.0059
            Z    -0.0014    0.0003    0.0015    0.0007   -0.0001    0.0010
 AT.   6 O  X     0.0082   -0.0113    0.0011   -0.0049   -0.0128   -0.0014
            Y     0.0791   -0.0877    0.0099    0.0269   -0.0620    0.0015
            Z    -0.0007    0.0013   -0.0002    0.0012   -0.0009   -0.0016
 AT.   7 O  X     0.0883    0.0009    0.0428    0.0324    0.0307    0.0483
            Y     0.0360    0.0004    0.0117    0.0044    0.0167    0.0285
            Z     0.0008   -0.0001    0.0004    0.0021   -0.0020   -0.0012
 AT.   8 O  X     0.0709    0.0638   -0.0087    0.0464    0.0079    0.0075
            Y    -0.0528   -0.0489    0.0054   -0.0373    0.0095    0.0053
            Z    -0.0020   -0.0007   -0.0019   -0.0031   -0.0004   -0.0006
 AT.   9 O  X     0.0105    0.0094   -0.0026    0.0028    0.0105    0.0090
            Y     0.0864    0.0801   -0.0059   -0.0359    0.0497    0.0333
            Z    -0.0009   -0.0012    0.0002   -0.0006    0.0015   -0.0003
 AT.  10 O  X    -0.0001    0.0863   -0.0362    0.0083   -0.0086   -0.0489
            Y     0.0001    0.0349   -0.0096    0.0025   -0.0040   -0.0292
            Z    -0.0003    0.0017   -0.0004   -0.0000    0.0019    0.0001


  DISPERSION K POINT NUMBER     3 COORD:  C(  0  0  2 )    WEIGHT:    1.

    MODES         EIGV          FREQUENCIES     IRREP
             (HARTREE**2)   (CM**-1)     (THZ)
    1-   1    0.1057E-06     71.3633    2.1394  (  1)
    2-   2    0.3086E-06    121.9237    3.6552  (  1)
    3-   3    0.3693E-06    133.3813    3.9987  (  1)
    4-   4    0.4418E-06    145.8788    4.3733  (  1)
    5-   5    0.4997E-06    155.1390    4.6509  (  1)
    6-   6    0.8194E-06    198.6704    5.9560  (  1)
    7-   7    0.9168E-06    210.1480    6.3001  (  1)
    8-   8    0.1064E-05    226.4034    6.7874  (  1)
    9-   9    0.1100E-05    230.1703    6.9003  (  1)
   10-  10    0.1322E-05    252.3115    7.5641  (  1)
   11-  11    0.1661E-05    282.8770    8.4804  (  1)
   12-  12    0.1933E-05    305.1802    9.1491  (  1)
   13-  13    0.2089E-05    317.2492    9.5109  (  1)
   14-  14    0.2185E-05    324.4171    9.7258  (  1)
   15-  15    0.2760E-05    364.6302   10.9313  (  1)
   16-  16    0.2990E-05    379.4971   11.3770  (  1)
   17-  17    0.3082E-05    385.2913   11.5507  (  1)
   18-  18    0.3604E-05    416.6457   12.4907  (  1)
   19-  19    0.1097E-04    726.8269   21.7897  (  1)
   20-  20    0.1112E-04    731.9066   21.9420  (  1)
   21-  21    0.1132E-04    738.3699   22.1358  (  1)
   22-  22    0.1149E-04    744.0963   22.3074  (  1)
   23-  23    0.1640E-04    888.8604   26.6474  (  1)
   24-  24    0.1655E-04    892.9100   26.7688  (  1)
   25-  25    0.2663E-04   1132.6280   33.9553  (  1)
   26-  26    0.2668E-04   1133.6666   33.9865  (  1)
   27-  27    0.4623E-04   1492.1890   44.7347  (  1)
   28-  28    0.4741E-04   1511.1758   45.3039  (  1)
   29-  29    0.4926E-04   1540.3791   46.1794  (  1)
   30-  30    0.5390E-04   1611.2346   48.3036  (  1)

 MODES IN PHASE

 FREQ(CM**-1)     71.36    121.92    133.38    145.88    155.14    198.67

 AT.   1 CA X     0.0264    0.0559    0.0573   -0.0235   -0.0108    0.0024
            Y    -0.0252   -0.0133   -0.0081    0.0024   -0.1060   -0.0187
            Z    -0.0289    0.0510   -0.0034    0.0998   -0.0077    0.0235
 AT.   2 MG X     0.0141    0.0102    0.0014    0.0053    0.0260   -0.0015
            Y    -0.0077   -0.0030   -0.0024    0.0203    0.0109   -0.0034
            Z    -0.0249    0.0080   -0.0043    0.0139   -0.0079    0.0010
 AT.   3 C  X     0.0189    0.0435    0.0246   -0.0149   -0.0010   -0.0348
            Y    -0.0153   -0.0084   -0.0220    0.0370    0.0174   -0.0127
            Z    -0.0496    0.0297   -0.0369   -0.0151   -0.0062    0.0024
 AT.   4 C  X     0.0023   -0.0249   -0.0183   -0.0018   -0.0033    0.0357
            Y    -0.0182    0.0024    0.0138   -0.0258   -0.0272    0.0014
            Z    -0.0032   -0.0202    0.0315    0.0067    0.0279    0.0030
 AT.   5 O  X     0.0316    0.0390    0.0495    0.0085   -0.0283   -0.0362
            Y     0.0023   -0.0136    0.0124    0.0670   -0.0153   -0.0088
            Z    -0.0489    0.0289   -0.0221   -0.0056   -0.0140    0.0517
 AT.   6 O  X    -0.0033    0.0544   -0.0207   -0.0687    0.0283   -0.0539
            Y    -0.0136   -0.0092   -0.0171    0.0408    0.0088   -0.0099
            Z    -0.0594    0.0575   -0.0518   -0.0295   -0.0283   -0.0335
 AT.   7 O  X     0.0074    0.0203   -0.0233    0.0035    0.0139    0.0201
            Y    -0.0313   -0.0288    0.0398   -0.0283   -0.0638   -0.0176
            Z    -0.0373    0.0162    0.0530    0.0263    0.0185   -0.0165
 AT.   8 O  X     0.0300    0.0590   -0.0053    0.0045   -0.0313   -0.0311
            Y     0.0027   -0.0105    0.0097    0.0629   -0.0135   -0.0560
            Z    -0.0469    0.0342    0.0257   -0.0044   -0.0191    0.0945
 AT.   9 O  X    -0.0025    0.0515   -0.0121   -0.0593    0.0356   -0.0144
            Y    -0.0122   -0.0137    0.0099    0.0438    0.0154   -0.0394
            Z    -0.0600    0.0524   -0.0617   -0.0254   -0.0298   -0.0168
 AT.  10 O  X     0.0093   -0.0157   -0.0273    0.0042    0.0064    0.0342
            Y    -0.0344   -0.0141    0.0371   -0.0341   -0.0466    0.0094
            Z    -0.0415    0.0086    0.0197    0.0206    0.0410    0.0062

 FREQ(CM**-1)    210.15    226.40    230.17    252.31    282.88    305.18

 AT.   1 CA X    -0.0003   -0.0278   -0.0185   -0.0041    0.0452   -0.0014
            Y     0.0023   -0.0151   -0.0017    0.0047   -0.0123    0.0044
            Z    -0.0010    0.0057    0.0026   -0.0150    0.0270   -0.0006
 AT.   2 MG X    -0.0422   -0.0077   -0.0072   -0.0057   -0.0230    0.0711
            Y     0.0225    0.0241    0.0139    0.0125   -0.0782   -0.0177
            Z    -0.0146   -0.0143    0.0065   -0.0577    0.0004   -0.0512
 AT.   3 C  X    -0.0665   -0.0149    0.0237   -0.0045   -0.0269   -0.0318
            Y    -0.0006   -0.0474    0.0237    0.0075   -0.0186   -0.0267
            Z    -0.0251   -0.0022   -0.0354    0.0096   -0.0024    0.0196
 AT.   4 C  X    -0.0277    0.0066   -0.0217    0.0066   -0.0101   -0.0150
            Y    -0.0187    0.0483    0.0173    0.0071   -0.0223   -0.0251
            Z    -0.0067    0.0127    0.0112   -0.0017   -0.0334    0.0382
 AT.   5 O  X    -0.0555   -0.0225    0.0530   -0.0134   -0.0266   -0.0197
            Y     0.0127   -0.0584    0.0575   -0.0029   -0.0111   -0.0027
            Z     0.0001    0.0547   -0.0691   -0.0742   -0.0758   -0.0117
 AT.   6 O  X    -0.0760   -0.0054   -0.0133    0.0304   -0.0247   -0.0646
            Y     0.0037   -0.0509    0.0251    0.0062   -0.0177   -0.0186
            Z    -0.0470    0.0075   -0.0045    0.0874    0.0138    0.0377
 AT.   7 O  X     0.0298    0.0126    0.0028    0.0144    0.0150    0.0060
            Y     0.0218   -0.0177   -0.0197   -0.0416   -0.0002    0.0283
            Z     0.0580    0.0465    0.0061    0.0210   -0.0526   -0.0716
 AT.   8 O  X     0.0564    0.0192   -0.0273    0.0152   -0.0027    0.0218
            Y    -0.0087    0.0147   -0.0531    0.0075    0.0274    0.0014
            Z    -0.0048   -0.0513    0.0311    0.0668   -0.0247    0.0204
 AT.   9 O  X     0.0741   -0.0186    0.0200   -0.0417   -0.0332    0.0620
            Y    -0.0012    0.0015   -0.0324   -0.0087    0.0051    0.0173
            Z     0.0438   -0.0241    0.0238   -0.0974    0.0430   -0.0439
 AT.  10 O  X    -0.0240    0.0023   -0.0299   -0.0059   -0.0233   -0.0111
            Y    -0.0205    0.0617    0.0333    0.0236   -0.0071   -0.0314
            Z    -0.0573    0.0217    0.0128   -0.0363    0.0041    0.0681

 FREQ(CM**-1)    317.25    324.42    364.63    379.50    385.29    416.65

 AT.   1 CA X     0.0073    0.0122   -0.0344    0.0022    0.0027    0.0090
            Y    -0.0445   -0.0147   -0.0344   -0.0176    0.0044    0.0091
            Z    -0.0154   -0.0751   -0.0007    0.0021   -0.0031    0.0016
 AT.   2 MG X    -0.0299    0.0048    0.0056    0.1210    0.0447    0.0929
            Y     0.0547   -0.0043    0.0161   -0.0553   -0.0428    0.1305
            Z     0.0239    0.0020    0.0371   -0.0453    0.1419    0.0245
 AT.   3 C  X    -0.0160   -0.0103    0.0271   -0.0050   -0.0231   -0.0150
            Y    -0.0058    0.0283    0.0170    0.0378    0.0104   -0.0358
            Z     0.0431    0.0173   -0.0097   -0.0056   -0.0049   -0.0210
 AT.   4 C  X    -0.0076    0.0059    0.0035   -0.0043   -0.0238   -0.0152
            Y     0.0125   -0.0364    0.0039    0.0382    0.0102   -0.0359
            Z     0.0307   -0.0082   -0.0492   -0.0062   -0.0034   -0.0210
 AT.   5 O  X     0.0198    0.0073    0.0192   -0.0207   -0.0433   -0.0198
            Y     0.0390    0.0582   -0.0002    0.0272   -0.0067   -0.0359
            Z    -0.0052    0.0537    0.0139    0.0419   -0.0227   -0.0393
 AT.   6 O  X    -0.0520   -0.0381    0.0299   -0.0170   -0.0088    0.0151
            Y    -0.0044    0.0357    0.0072    0.0430    0.0036   -0.0371
            Z     0.0771    0.0549   -0.0470    0.0009    0.0579   -0.0182
 AT.   7 O  X    -0.0001   -0.0079   -0.0414    0.0105    0.0084    0.0265
            Y     0.0485   -0.0119    0.0147    0.0084   -0.0262    0.0226
            Z    -0.0620    0.0779   -0.0658    0.0186    0.0310    0.0033
 AT.   8 O  X     0.0061    0.0073    0.0485    0.0055    0.0209   -0.0059
            Y     0.0007    0.0540    0.0349   -0.0067   -0.0029    0.0113
            Z    -0.0244    0.0462    0.0709   -0.0388    0.0126    0.0096
 AT.   9 O  X    -0.0373   -0.0383   -0.0258   -0.0174    0.0246   -0.0209
            Y    -0.0199    0.0309    0.0142   -0.0265    0.0011    0.0103
            Z    -0.0089    0.0538   -0.0136    0.0342   -0.0667    0.0365
 AT.  10 O  X     0.0064   -0.0084   -0.0103   -0.0056   -0.0263   -0.0204
            Y    -0.0167   -0.0090    0.0381    0.0401    0.0042    0.0044
            Z    -0.0251    0.0821   -0.0434   -0.0537   -0.0434    0.0048

 FREQ(CM**-1)    726.83    731.91    738.37    744.10    888.86    892.91

 AT.   1 CA X     0.0060    0.0019    0.0032    0.0002   -0.0014    0.0018
            Y     0.0028   -0.0008   -0.0042    0.0009   -0.0013    0.0007
            Z    -0.0030    0.0002    0.0053   -0.0005   -0.0002    0.0011
 AT.   2 MG X    -0.0001    0.0054   -0.0030    0.0121    0.0000    0.0010
            Y     0.0006   -0.0064   -0.0050    0.0108   -0.0020   -0.0013
            Z    -0.0002   -0.0008    0.0014   -0.0143    0.0028   -0.0007
 AT.   3 C  X     0.0394   -0.0221   -0.0352   -0.0276    0.0009    0.0028
            Y     0.0341   -0.0021    0.0438    0.0432    0.0017   -0.0010
            Z    -0.0008   -0.0004   -0.0029    0.0047    0.1798   -0.0706
 AT.   4 C  X    -0.0394   -0.0162    0.0139   -0.0172    0.0039    0.0002
            Y    -0.0328   -0.0164   -0.0232    0.0336   -0.0012   -0.0006
            Z     0.0010   -0.0004    0.0014    0.0067    0.0714    0.1779
 AT.   5 O  X    -0.0533   -0.0003   -0.0698   -0.0848   -0.0034    0.0018
            Y    -0.0963    0.0413    0.0341    0.0079   -0.0034    0.0022
            Z    -0.0138    0.0030    0.0025   -0.0081   -0.0475    0.0198
 AT.   6 O  X    -0.0624    0.0374    0.0878    0.0732    0.0062   -0.0029
            Y     0.0715   -0.0119    0.0401    0.0584   -0.0028    0.0005
            Z     0.0089   -0.0022   -0.0152   -0.0090   -0.0473    0.0176
 AT.   7 O  X    -0.0430    0.0775   -0.0125   -0.0270   -0.0010   -0.0014
            Y     0.0028    0.0212    0.0756    0.0504   -0.0006    0.0049
            Z    -0.0012    0.0051   -0.0080   -0.0103    0.0257   -0.0489
 AT.   8 O  X    -0.0168   -0.0345   -0.0724    0.0798   -0.0036    0.0022
            Y    -0.0332   -0.1022    0.0349   -0.0115   -0.0028    0.0025
            Z    -0.0063   -0.0156    0.0026    0.0067   -0.0286    0.0247
 AT.   9 O  X    -0.0200   -0.0793    0.0905   -0.0733    0.0054   -0.0034
            Y     0.0233    0.0564    0.0423   -0.0532   -0.0009    0.0006
            Z     0.0049    0.0086   -0.0152    0.0086   -0.0266    0.0228
 AT.  10 O  X    -0.0857   -0.0407   -0.0095    0.0336   -0.0034   -0.0016
            Y     0.0052    0.0060    0.0493   -0.0751    0.0054    0.0051
            Z    -0.0040   -0.0042   -0.0044    0.0136   -0.0175   -0.0490

 FREQ(CM**-1)   1132.63   1133.67   1492.19   1511.18   1540.38   1611.23

 AT.   1 CA X    -0.0004   -0.0003   -0.0035    0.0004   -0.0017    0.0034
            Y    -0.0019   -0.0015    0.0017   -0.0007   -0.0022    0.0042
            Z    -0.0012    0.0013   -0.0018    0.0004    0.0023   -0.0024
 AT.   2 MG X     0.0003    0.0005   -0.0008   -0.0056    0.0017    0.0007
            Y     0.0003    0.0006    0.0009    0.0043    0.0048    0.0038
            Z    -0.0025    0.0003    0.0003    0.0030   -0.0037   -0.0017
 AT.   3 C  X     0.0003   -0.0003    0.1632    0.0839    0.0176    0.0757
            Y     0.0022   -0.0015   -0.0599   -0.0812   -0.0323    0.1508
            Z     0.0004   -0.0000    0.0028   -0.0027   -0.0004   -0.0016
 AT.   4 C  X    -0.0005   -0.0003   -0.1100    0.1361    0.0895    0.0310
            Y    -0.0014    0.0012    0.0250   -0.1076    0.1454   -0.0032
            Z    -0.0009    0.0000   -0.0027   -0.0028   -0.0009   -0.0006
 AT.   5 O  X     0.0509    0.0403   -0.0570   -0.0373   -0.0108    0.0018
            Y    -0.0374   -0.0316    0.0407    0.0310    0.0094   -0.0209
            Z    -0.0016   -0.0006   -0.0018    0.0031    0.0013   -0.0005
 AT.   6 O  X     0.0080    0.0056   -0.0073   -0.0017    0.0024   -0.0156
            Y     0.0616    0.0515    0.0180    0.0305    0.0144   -0.0695
            Z    -0.0007   -0.0008    0.0001    0.0003   -0.0016    0.0033
 AT.   7 O  X    -0.0351    0.0931    0.0276   -0.0162   -0.0446    0.0140
            Y    -0.0141    0.0377    0.0091   -0.0037   -0.0257    0.0089
            Z    -0.0006    0.0018   -0.0004   -0.0005   -0.0001    0.0019
 AT.   8 O  X     0.0409   -0.0516   -0.0565    0.0336   -0.0083    0.0063
            Y    -0.0315    0.0377    0.0404   -0.0229    0.0149   -0.0210
            Z    -0.0007    0.0000   -0.0015    0.0001    0.0012   -0.0009
 AT.   9 O  X     0.0047   -0.0085   -0.0069    0.0044    0.0077   -0.0128
            Y     0.0509   -0.0626    0.0196   -0.0191    0.0397   -0.0610
            Z    -0.0004    0.0009    0.0000   -0.0011   -0.0010    0.0037
 AT.  10 O  X     0.0951    0.0351    0.0359   -0.0353   -0.0534   -0.0119
            Y     0.0387    0.0142    0.0113   -0.0051   -0.0303   -0.0065
            Z     0.0009    0.0006   -0.0003   -0.0021    0.0008    0.0022

 MODES IN ANTI-PHASE

 FREQ(CM**-1)     71.36    121.92    133.38    145.88    155.14    198.67

 AT.   1 CA X     0.0007   -0.0181   -0.0626   -0.0038   -0.0023   -0.0010
            Y    -0.0007    0.0043    0.0089    0.0004   -0.0223    0.0078
            Z    -0.0008   -0.0165    0.0037    0.0160   -0.0016   -0.0099
 AT.   2 MG X    -0.0229   -0.0478    0.0043   -0.0066   -0.0289    0.0120
            Y     0.0125    0.0142   -0.0076   -0.0250   -0.0121    0.0271
            Z     0.0404   -0.0372   -0.0136   -0.0171    0.0088   -0.0077
 AT.   3 C  X    -0.0122   -0.0363    0.0031    0.0050    0.0034   -0.0080
            Y     0.0281    0.0128   -0.0073    0.0186    0.0255    0.0435
            Z     0.0287   -0.0168    0.0023   -0.0037   -0.0274   -0.0212
 AT.   4 C  X    -0.0223   -0.0509    0.0167    0.0156    0.0014    0.0009
            Y     0.0263    0.0151   -0.0186   -0.0325   -0.0145    0.0453
            Z     0.0573   -0.0275   -0.0193    0.0141    0.0032   -0.0212
 AT.   5 O  X    -0.0276   -0.0467    0.0009   -0.0113   -0.0134    0.0080
            Y     0.0081   -0.0009   -0.0108   -0.0024    0.0014    0.0699
            Z     0.0350   -0.0184   -0.0238    0.0031   -0.0156   -0.0817
 AT.   6 O  X     0.0134   -0.0125    0.0140    0.0189    0.0240   -0.0327
            Y     0.0252    0.0106   -0.0084    0.0162    0.0182    0.0455
            Z    -0.0120   -0.0098    0.0665    0.0086   -0.0096   -0.0094
 AT.   7 O  X     0.0341    0.0550    0.0295    0.0027   -0.0156   -0.0281
            Y    -0.0562   -0.0158   -0.0408   -0.0234    0.0294   -0.0305
            Z    -0.0751    0.0079   -0.0245   -0.0139    0.0596   -0.0249
 AT.   8 O  X     0.0293    0.0151   -0.0493    0.0134    0.0008    0.0202
            Y    -0.0080    0.0087   -0.0134    0.0232   -0.0074   -0.0427
            Z    -0.0377   -0.0020    0.0199   -0.0047    0.0086    0.0203
 AT.   9 O  X    -0.0135   -0.0217    0.0219   -0.0394   -0.0106    0.0614
            Y    -0.0260   -0.0032    0.0163   -0.0026   -0.0131   -0.0248
            Z     0.0087   -0.0257    0.0575   -0.0174   -0.0026    0.0305
 AT.  10 O  X    -0.0336   -0.0565    0.0258   -0.0015    0.0199    0.0053
            Y     0.0544    0.0296   -0.0432    0.0133   -0.0527    0.0340
            Z     0.0729   -0.0159   -0.0550    0.0214   -0.0471    0.0292

 FREQ(CM**-1)    210.15    226.40    230.17    252.31    282.88    305.18

 AT.   1 CA X     0.0050    0.0458    0.0637    0.0137    0.0260   -0.0156
            Y    -0.0391    0.0249    0.0058   -0.0157   -0.0070    0.0484
            Z     0.0166   -0.0093   -0.0091    0.0497    0.0155   -0.0062
 AT.   2 MG X    -0.0279   -0.0141   -0.0075   -0.0060    0.0134    0.0329
            Y     0.0148    0.0439    0.0145    0.0133    0.0455   -0.0082
            Z    -0.0096   -0.0260    0.0067   -0.0615   -0.0002   -0.0237
 AT.   3 C  X    -0.0017   -0.0017   -0.0207    0.0063   -0.0037    0.0072
            Y    -0.0201    0.0271    0.0183    0.0076    0.0151   -0.0103
            Z     0.0034    0.0137    0.0097   -0.0011    0.0371    0.0334
 AT.   4 C  X    -0.0605   -0.0135    0.0228   -0.0041    0.0252   -0.0289
            Y     0.0074   -0.0254    0.0244    0.0079    0.0087   -0.0137
            Z    -0.0244    0.0056   -0.0350    0.0095   -0.0163   -0.0067
 AT.   5 O  X    -0.0108   -0.0099   -0.0327   -0.0074    0.0125    0.0132
            Y    -0.0332    0.0139    0.0084   -0.0092    0.0382   -0.0072
            Z     0.0392    0.0294    0.0510   -0.0091    0.0156    0.0497
 AT.   6 O  X     0.0111    0.0238   -0.0165    0.0296   -0.0240   -0.0087
            Y    -0.0210    0.0248    0.0210    0.0064    0.0162   -0.0059
            Z     0.0243    0.0233   -0.0374    0.0445    0.0417   -0.0380
 AT.   7 O  X    -0.0469   -0.0091    0.0515   -0.0109   -0.0358   -0.0295
            Y    -0.0094   -0.0603   -0.0312    0.0200   -0.0081   -0.0203
            Z    -0.0028   -0.0487   -0.0335    0.0341    0.0355   -0.0129
 AT.   8 O  X    -0.0041    0.0153   -0.0559    0.0013   -0.0293    0.0095
            Y    -0.0344    0.0582   -0.0236   -0.0061   -0.0288   -0.0075
            Z     0.0389   -0.0350    0.0801    0.0336   -0.0733    0.0468
 AT.   9 O  X     0.0201    0.0157   -0.0068    0.0078   -0.0092   -0.0201
            Y    -0.0212    0.0566    0.0043    0.0019   -0.0234   -0.0091
            Z     0.0298    0.0041   -0.0292   -0.0114   -0.0092   -0.0307
 AT.  10 O  X    -0.0502   -0.0154    0.0420   -0.0171    0.0310   -0.0279
            Y    -0.0119   -0.0122   -0.0158    0.0397    0.0039   -0.0150
            Z    -0.0097   -0.0637   -0.0316    0.0168   -0.0633   -0.0254

 FREQ(CM**-1)    317.25    324.42    364.63    379.50    385.29    416.65

 AT.   1 CA X     0.0052   -0.0010   -0.0249    0.0036    0.0043    0.0158
            Y    -0.0316    0.0013   -0.0248   -0.0288    0.0071    0.0159
            Z    -0.0109    0.0064   -0.0005    0.0035   -0.0050    0.0027
 AT.   2 MG X     0.0137   -0.0102   -0.0025   -0.0031   -0.0014    0.0004
            Y    -0.0251    0.0091   -0.0072    0.0014    0.0014    0.0006
            Z    -0.0110   -0.0042   -0.0167    0.0012   -0.0046    0.0001
 AT.   3 C  X    -0.0037    0.0009    0.0195   -0.0154    0.0112   -0.0218
            Y    -0.0216    0.0238    0.0098   -0.0079    0.0028   -0.0138
            Z    -0.0035   -0.0037    0.0572    0.0120   -0.0237    0.0059
 AT.   4 C  X     0.0146    0.0085   -0.0332    0.0156   -0.0097    0.0217
            Y     0.0185   -0.0065   -0.0192    0.0060   -0.0035    0.0135
            Z    -0.0304   -0.0157   -0.0307   -0.0117    0.0239   -0.0061
 AT.   5 O  X    -0.0005   -0.0007    0.0447   -0.0044    0.0019   -0.0184
            Y    -0.0130    0.0198    0.0368    0.0064   -0.0066   -0.0080
            Z    -0.0240    0.0394    0.0701   -0.0222    0.0028   -0.0120
 AT.   6 O  X    -0.0213    0.0045   -0.0371   -0.0282    0.0231   -0.0154
            Y    -0.0195    0.0250    0.0125   -0.0077    0.0030   -0.0099
            Z    -0.0365    0.0017    0.0013    0.0389   -0.0458    0.0316
 AT.   7 O  X     0.0068    0.0036    0.0029   -0.0010   -0.0252   -0.0080
            Y    -0.0347   -0.0158    0.0353    0.0493   -0.0083    0.0184
            Z    -0.0049   -0.0313   -0.0238   -0.0508   -0.0331    0.0075
 AT.   8 O  X     0.0188   -0.0006    0.0041   -0.0204   -0.0380   -0.0264
            Y     0.0411   -0.0294   -0.0118    0.0272   -0.0089   -0.0350
            Z     0.0030   -0.0480   -0.0090    0.0272   -0.0191   -0.0400
 AT.   9 O  X    -0.0420    0.0021    0.0400   -0.0280    0.0024    0.0052
            Y     0.0023   -0.0307    0.0029    0.0348    0.0046   -0.0370
            Z     0.0848   -0.0111   -0.0450    0.0185    0.0316    0.0003
 AT.  10 O  X    -0.0024   -0.0022   -0.0402    0.0089   -0.0036    0.0188
            Y     0.0573    0.0176    0.0029    0.0299   -0.0272    0.0288
            Z    -0.0568    0.0176   -0.0550   -0.0065    0.0132    0.0067

 FREQ(CM**-1)    726.83    731.91    738.37    744.10    888.86    892.91

 AT.   1 CA X    -0.0044   -0.0027    0.0005    0.0014   -0.0007    0.0001
            Y    -0.0020    0.0010   -0.0007    0.0056   -0.0007    0.0000
            Z     0.0022   -0.0003    0.0008   -0.0032   -0.0001    0.0001
 AT.   2 MG X    -0.0007    0.0120    0.0038    0.0047   -0.0000   -0.0016
            Y     0.0059   -0.0144    0.0062    0.0042    0.0013    0.0019
            Z    -0.0017   -0.0017   -0.0017   -0.0056   -0.0018    0.0011
 AT.   3 C  X    -0.0039   -0.0414   -0.0065    0.0047   -0.0039   -0.0015
            Y     0.0027   -0.0238    0.0141    0.0025    0.0021    0.0011
            Z     0.0009   -0.0009   -0.0008    0.0048    0.0005   -0.1633
 AT.   4 C  X     0.0041   -0.0441    0.0330   -0.0221    0.0007   -0.0031
            Y     0.0095   -0.0174   -0.0398    0.0273   -0.0024    0.0014
            Z     0.0007   -0.0009    0.0027   -0.0003   -0.1650   -0.0006
 AT.   5 O  X    -0.0000    0.0364   -0.0196   -0.0031   -0.0019    0.0032
            Y     0.0031    0.0940    0.0078   -0.0131   -0.0010    0.0030
            Z     0.0021    0.0154    0.0008   -0.0031   -0.0005    0.0457
 AT.   6 O  X     0.0004    0.0712    0.0224   -0.0118    0.0021   -0.0045
            Y    -0.0008   -0.0554    0.0134    0.0083    0.0010    0.0015
            Z    -0.0022   -0.0083   -0.0026    0.0003    0.0018    0.0469
 AT.   7 O  X     0.0760    0.0173    0.0080    0.0260   -0.0035   -0.0018
            Y    -0.0046   -0.0133   -0.0756   -0.0895    0.0072    0.0020
            Z     0.0038    0.0028    0.0107    0.0123   -0.0408   -0.0032
 AT.   8 O  X     0.0506    0.0117   -0.0024   -0.0286   -0.0016   -0.0030
            Y     0.0904   -0.0097    0.0029   -0.0100   -0.0022   -0.0027
            Z     0.0124    0.0020   -0.0001   -0.0054   -0.0379   -0.0432
 AT.   9 O  X     0.0591   -0.0132    0.0052    0.0109    0.0038    0.0041
            Y    -0.0676   -0.0061   -0.0007    0.0256   -0.0029   -0.0015
            Z    -0.0078   -0.0005   -0.0021   -0.0024   -0.0391   -0.0446
 AT.  10 O  X     0.0169   -0.0682   -0.0114    0.0166    0.0012    0.0016
            Y    -0.0012   -0.0243    0.0950   -0.0701   -0.0047   -0.0014
            Z    -0.0000   -0.0039   -0.0126    0.0086    0.0449   -0.0023

 FREQ(CM**-1)   1132.63   1133.67   1492.19   1511.18   1540.38   1611.23

 AT.   1 CA X     0.0006    0.0002    0.0004    0.0003   -0.0004    0.0009
            Y     0.0028    0.0010   -0.0002   -0.0006   -0.0005    0.0011
            Z     0.0017   -0.0009    0.0002    0.0003    0.0005   -0.0006
 AT.   2 MG X     0.0007    0.0072    0.0019    0.0022   -0.0018   -0.0007
            Y     0.0007    0.0075   -0.0021   -0.0017   -0.0052   -0.0038
            Z    -0.0051    0.0037   -0.0006   -0.0012    0.0040    0.0017
 AT.   3 C  X    -0.0004   -0.0042    0.0012   -0.1094   -0.0911   -0.0311
            Y    -0.0000   -0.0019    0.0203    0.0708   -0.1433    0.0030
            Z    -0.0009    0.0000    0.0010    0.0012    0.0009    0.0006
 AT.   4 C  X     0.0000   -0.0042   -0.1206    0.0219   -0.0247   -0.0758
            Y     0.0017   -0.0021    0.0581    0.0044    0.0209   -0.1508
            Z    -0.0002    0.0000   -0.0014    0.0010    0.0005    0.0016
 AT.   5 O  X    -0.0641    0.0714    0.0032    0.0434    0.0035    0.0096
            Y     0.0487   -0.0531   -0.0031   -0.0310    0.0149   -0.0059
            Z     0.0014   -0.0003   -0.0015   -0.0007    0.0001   -0.0010
 AT.   6 O  X    -0.0082    0.0113   -0.0011    0.0049    0.0128    0.0014
            Y    -0.0791    0.0877   -0.0099   -0.0269    0.0620   -0.0015
            Z     0.0007   -0.0013    0.0002   -0.0012    0.0009    0.0016
 AT.   7 O  X    -0.0883   -0.0009   -0.0428   -0.0324   -0.0307   -0.0483
            Y    -0.0360   -0.0004   -0.0117   -0.0044   -0.0167   -0.0285
            Z    -0.0008    0.0001   -0.0004   -0.0021    0.0020    0.0012
 AT.   8 O  X    -0.0709   -0.0638    0.0087   -0.0464   -0.0079   -0.0075
            Y     0.0528    0.0489   -0.0054    0.0373   -0.0095   -0.0053
            Z     0.0020    0.0007    0.0019    0.0031    0.0004    0.0006
 AT.   9 O  X    -0.0105   -0.0094    0.0026   -0.0028   -0.0105   -0.0090
            Y    -0.0864   -0.0801    0.0059    0.0359   -0.0497   -0.0333
            Z     0.0009    0.0012   -0.0002    0.0006   -0.0015    0.0003
 AT.  10 O  X     0.0001   -0.0863    0.0362   -0.0083    0.0086    0.0489
            Y    -0.0001   -0.0349    0.0096   -0.0025    0.0040    0.0292
            Z     0.0003   -0.0017    0.0004    0.0000   -0.0019   -0.0001


  DISPERSION K POINT NUMBER     4 COORD:  C(  0  1  0 )    WEIGHT:    1.

    MODES         EIGV          FREQUENCIES     IRREP
             (HARTREE**2)   (CM**-1)     (THZ)
    1-   1    0.1057E-06     71.3633    2.1394  (  1)
    2-   2    0.3086E-06    121.9237    3.6552  (  1)
    3-   3    0.3693E-06    133.3813    3.9987  (  1)
    4-   4    0.4418E-06    145.8788    4.3733  (  1)
    5-   5    0.4997E-06    155.1390    4.6509  (  1)
    6-   6    0.8194E-06    198.6704    5.9560  (  1)
    7-   7    0.9168E-06    210.1480    6.3001  (  1)
    8-   8    0.1064E-05    226.4034    6.7874  (  1)
    9-   9    0.1100E-05    230.1703    6.9003  (  1)
   10-  10    0.1322E-05    252.3115    7.5641  (  1)
   11-  11    0.1661E-05    282.8770    8.4804  (  1)
   12-  12    0.1933E-05    305.1802    9.1491  (  1)
   13-  13    0.2089E-05    317.2492    9.5109  (  1)
   14-  14    0.2185E-05    324.4171    9.7258  (  1)
   15-  15    0.2760E-05    364.6302   10.9313  (  1)
   16-  16    0.2990E-05    379.4971   11.3770  (  1)
   17-  17    0.3082E-05    385.2913   11.5507  (  1)
   18-  18    0.3604E-05    416.6457   12.4907  (  1)
   19-  19    0.1097E-04    726.8269   21.7897  (  1)
   20-  20    0.1112E-04    731.9066   21.9420  (  1)
   21-  21    0.1132E-04    738.3699   22.1358  (  1)
   22-  22    0.1149E-04    744.0963   22.3074  (  1)
   23-  23    0.1640E-04    888.8604   26.6474  (  1)
   24-  24    0.1655E-04    892.9100   26.7688  (  1)
   25-  25    0.2663E-04   1132.6280   33.9553  (  1)
   26-  26    0.2668E-04   1133.6666   33.9865  (  1)
   27-  27    0.4623E-04   1492.1890   44.7347  (  1)
   28-  28    0.4741E-04   1511.1758   45.3039  (  1)
   29-  29    0.4926E-04   1540.3791   46.1794  (  1)
   30-  30    0.5390E-04   1611.2346   48.3036  (  1)

 MODES IN PHASE

 FREQ(CM**-1)     71.36    121.92    133.38    145.88    155.14    198.67

 AT.   1 CA X     0.0303    0.0407   -0.0184    0.0100   -0.0813   -0.0146
            Y     0.0089    0.0431   -0.0234    0.0139    0.0587    0.0061
            Z     0.0250   -0.0526   -0.0018    0.0723   -0.0073    0.0198
 AT.   2 MG X    -0.0002    0.0243    0.0090    0.0228   -0.0043   -0.0164
            Y    -0.0001    0.0231   -0.0001   -0.0226   -0.0334    0.0226
            Z    -0.0003   -0.0250    0.0141    0.0213   -0.0095    0.0073
 AT.   3 C  X     0.0031    0.0395    0.0213    0.0244    0.0113   -0.0338
            Y     0.0092    0.0415    0.0039    0.0032   -0.0046    0.0303
            Z     0.0269   -0.0341    0.0149   -0.0102   -0.0008    0.0199
 AT.   4 C  X     0.0345    0.0323   -0.0320    0.0345    0.0244    0.0179
            Y     0.0059    0.0362   -0.0092   -0.0143   -0.0154    0.0308
            Z     0.0573   -0.0314   -0.0333   -0.0120   -0.0208   -0.0037
 AT.   5 O  X     0.0006    0.0383    0.0147    0.0542   -0.0071   -0.0405
            Y     0.0046    0.0399   -0.0051    0.0460   -0.0226    0.0194
            Z     0.0568   -0.0551   -0.0354   -0.0291   -0.0259   -0.0075
 AT.   6 O  X     0.0609    0.0107    0.0235   -0.0089   -0.0675   -0.0011
            Y    -0.0071   -0.0165    0.0044    0.0037    0.0197   -0.0390
            Z     0.0715   -0.0104   -0.0025    0.0295    0.0067    0.0142
 AT.   7 O  X     0.0007    0.0383    0.0152    0.0418   -0.0006   -0.0449
            Y     0.0137    0.0435    0.0184   -0.0397    0.0295    0.0538
            Z     0.0229   -0.0342    0.0313   -0.0064   -0.0107    0.0964
 AT.   8 O  X     0.0162    0.0368   -0.0095    0.0451   -0.0032    0.0333
            Y    -0.0201    0.0429    0.0216    0.0036   -0.0408    0.0511
            Z     0.0463   -0.0583   -0.0229   -0.0107   -0.0287   -0.0348
 AT.   9 O  X    -0.0047    0.0300    0.0238   -0.0330   -0.0320   -0.0278
            Y    -0.0088   -0.0015   -0.0017    0.0141    0.0156    0.0029
            Z    -0.0035   -0.0152    0.0399    0.0044    0.0493   -0.0228
 AT.  10 O  X     0.0222    0.0337   -0.0167    0.0349    0.0052    0.0260
            Y     0.0345    0.0316   -0.0438   -0.0155    0.0326    0.0226
            Z     0.0597   -0.0309   -0.0294   -0.0009   -0.0204    0.0267

 FREQ(CM**-1)    210.15    226.40    230.17    252.31    282.88    305.18

 AT.   1 CA X    -0.0032   -0.0015   -0.0161   -0.0058   -0.0317    0.0392
            Y     0.0013   -0.0596   -0.0347   -0.0011   -0.0315   -0.0084
            Z     0.0014   -0.0107   -0.0054    0.0142    0.0257   -0.0049
 AT.   2 MG X    -0.0398    0.0161    0.0224   -0.0139   -0.0586   -0.0520
            Y    -0.0248   -0.0035   -0.0011    0.0014    0.0615   -0.0540
            Z     0.0143   -0.0093    0.0093    0.0587    0.0004   -0.0524
 AT.   3 C  X    -0.0332    0.0407    0.0259   -0.0088   -0.0038   -0.0141
            Y    -0.0575   -0.0338   -0.0134   -0.0000    0.0328    0.0272
            Z     0.0252    0.0115   -0.0146   -0.0096   -0.0052    0.0377
 AT.   4 C  X     0.0300    0.0341    0.0003    0.0092    0.0122   -0.0065
            Y     0.0589   -0.0236    0.0335   -0.0049    0.0104   -0.0233
            Z    -0.0243    0.0137    0.0367    0.0075    0.0324    0.0173
 AT.   5 O  X    -0.0418    0.0353    0.0383    0.0100   -0.0050    0.0106
            Y    -0.0639   -0.0446    0.0023    0.0299    0.0291    0.0524
            Z     0.0477    0.0119   -0.0320   -0.0881    0.0106   -0.0018
 AT.   6 O  X    -0.0035   -0.0201   -0.0527    0.0428   -0.0085    0.0127
            Y     0.0379    0.0292   -0.0179   -0.0083   -0.0156    0.0127
            Z    -0.0581   -0.0673   -0.0223   -0.0215   -0.0552   -0.0585
 AT.   7 O  X    -0.0394    0.0393    0.0330   -0.0041    0.0016   -0.0041
            Y    -0.0410   -0.0320   -0.0279   -0.0132    0.0308    0.0069
            Z     0.0010   -0.0159   -0.0035    0.0744   -0.0768    0.0281
 AT.   8 O  X     0.0373    0.0229   -0.0183   -0.0133    0.0221   -0.0095
            Y     0.0634   -0.0411    0.0023   -0.0403    0.0246   -0.0269
            Z    -0.0430    0.0195   -0.0079    0.0976    0.0436   -0.0524
 AT.   9 O  X     0.0062   -0.0377    0.0003   -0.0241    0.0064   -0.0141
            Y    -0.0297    0.0366   -0.0164    0.0067    0.0259    0.0404
            Z     0.0570   -0.0614   -0.0166    0.0360    0.0089    0.0283
 AT.  10 O  X     0.0349    0.0291   -0.0144    0.0012    0.0257   -0.0149
            Y     0.0450   -0.0147    0.0784    0.0169   -0.0144   -0.0166
            Z     0.0058    0.0094    0.0819   -0.0673   -0.0190    0.0481

 FREQ(CM**-1)    317.25    324.42    364.63    379.50    385.29    416.65

 AT.   1 CA X    -0.0501   -0.0035    0.0140    0.0134    0.0027   -0.0034
            Y     0.0189   -0.0006   -0.0526   -0.0057   -0.0051    0.0126
            Z    -0.0183   -0.0140    0.0008   -0.0017   -0.0035   -0.0016
 AT.   2 MG X     0.0479   -0.0135   -0.0011    0.1081   -0.0591   -0.0666
            Y    -0.0011   -0.0044    0.0013    0.0769   -0.0172    0.1457
            Z     0.0184    0.0044   -0.0037    0.0452    0.1411   -0.0245
 AT.   3 C  X    -0.0033   -0.0171    0.0005   -0.0350    0.0203    0.0235
            Y     0.0207    0.0121    0.0346    0.0163    0.0139   -0.0312
            Z     0.0390    0.0055   -0.0451    0.0068   -0.0067    0.0210
 AT.   4 C  X    -0.0109    0.0274   -0.0009    0.0186   -0.0106   -0.0107
            Y     0.0215   -0.0136    0.0355   -0.0224   -0.0158   -0.0070
            Z     0.0252    0.0011   -0.0014   -0.0131   -0.0201   -0.0156
 AT.   5 O  X     0.0185   -0.0142   -0.0214   -0.0447    0.0068    0.0397
            Y     0.0542    0.0178   -0.0081    0.0097    0.0041   -0.0057
            Z     0.0589    0.0038    0.0219    0.0032    0.0542    0.0179
 AT.   6 O  X     0.0273    0.0148   -0.0418    0.0025   -0.0264   -0.0066
            Y    -0.0184   -0.0035    0.0036    0.0107    0.0078    0.0343
            Z    -0.0596    0.0390    0.0531   -0.0239    0.0284   -0.0034
 AT.   7 O  X     0.0184   -0.0127   -0.0035   -0.0329    0.0153    0.0212
            Y    -0.0317    0.0057    0.0579   -0.0042    0.0408   -0.0353
            Z    -0.0135   -0.0338   -0.0679   -0.0440   -0.0224    0.0395
 AT.   8 O  X     0.0096    0.0321    0.0029    0.0188   -0.0111   -0.0189
            Y     0.0521   -0.0117    0.0240   -0.0274   -0.0222   -0.0132
            Z     0.0221    0.0164    0.0459   -0.0321   -0.0641   -0.0365
 AT.   9 O  X     0.0017   -0.0166   -0.0384   -0.0351    0.0150   -0.0141
            Y    -0.0069    0.0080   -0.0241    0.0127    0.0219   -0.0151
            Z    -0.0438   -0.0092    0.0692    0.0527   -0.0422   -0.0049
 AT.  10 O  X     0.0071    0.0294    0.0078    0.0121   -0.0121   -0.0125
            Y    -0.0184   -0.0185    0.0271    0.0018   -0.0137    0.0001
            Z    -0.0217    0.0524   -0.0270    0.0415    0.0111   -0.0092

 FREQ(CM**-1)    726.83    731.91    738.37    744.10    888.86    892.91

 AT.   1 CA X    -0.0007    0.0010    0.0029    0.0035   -0.0004    0.0001
            Y    -0.0076    0.0008    0.0004   -0.0034    0.0019    0.0009
            Z    -0.0035   -0.0001   -0.0029   -0.0027   -0.0002   -0.0005
 AT.   2 MG X    -0.0009    0.0128   -0.0021   -0.0001   -0.0018    0.0029
            Y     0.0004    0.0022    0.0038    0.0007    0.0010    0.0004
            Z     0.0003    0.0012    0.0010    0.0007    0.0028    0.0013
 AT.   3 C  X     0.0084   -0.0089   -0.0366   -0.0207    0.0010    0.0026
            Y    -0.0500   -0.0319   -0.0021   -0.0058   -0.0016    0.0015
            Z    -0.0010    0.0007    0.0019    0.0025    0.1798   -0.1067
 AT.   4 C  X     0.0018    0.0052   -0.0252    0.0336    0.0036   -0.0007
            Y    -0.0297    0.0510   -0.0068   -0.0025    0.0009    0.0001
            Z    -0.0012   -0.0010    0.0013    0.0067    0.1078    0.1779
 AT.   5 O  X     0.0903    0.0498    0.0033    0.0064   -0.0056    0.0022
            Y     0.0177    0.0344    0.0628    0.0426   -0.0040    0.0016
            Z     0.0092    0.0043    0.0085    0.0039   -0.0473    0.0319
 AT.   6 O  X     0.0338    0.0250    0.0345   -0.1058    0.0000   -0.0002
            Y     0.0509    0.0772   -0.0173    0.0211    0.0012    0.0011
            Z    -0.0021   -0.0056   -0.0065    0.0154    0.0256    0.0215
 AT.   7 O  X    -0.0556   -0.0512   -0.0412   -0.0287   -0.0013    0.0004
            Y     0.0916    0.0402   -0.0295   -0.0194    0.0047   -0.0024
            Z    -0.0138   -0.0070   -0.0018    0.0004   -0.0475    0.0299
 AT.   8 O  X     0.0516   -0.0858    0.0064    0.0191   -0.0035   -0.0040
            Y     0.0100   -0.0429    0.0441   -0.0565   -0.0042   -0.0038
            Z     0.0067   -0.0082    0.0081   -0.0057   -0.0268   -0.0500
 AT.   9 O  X     0.0482   -0.0281   -0.0996   -0.0304    0.0063   -0.0044
            Y     0.0728   -0.0498    0.0410    0.0156    0.0002   -0.0000
            Z    -0.0038    0.0051    0.0133    0.0024   -0.0173    0.0223
 AT.  10 O  X    -0.0332    0.0726   -0.0303    0.0251   -0.0007   -0.0013
            Y     0.0528   -0.0768   -0.0189    0.0527    0.0045    0.0050
            Z    -0.0093    0.0146   -0.0010   -0.0077   -0.0287   -0.0498

 FREQ(CM**-1)   1132.63   1133.67   1492.19   1511.18   1540.38   1611.23

 AT.   1 CA X     0.0026   -0.0001   -0.0032    0.0001   -0.0002   -0.0019
            Y    -0.0024    0.0001   -0.0022   -0.0000    0.0004    0.0050
            Z     0.0021    0.0001    0.0018   -0.0000    0.0004    0.0023
 AT.   2 MG X     0.0001    0.0024   -0.0013   -0.0063    0.0046   -0.0032
            Y    -0.0005   -0.0084   -0.0003   -0.0026   -0.0053    0.0027
            Z    -0.0025    0.0031   -0.0003   -0.0030   -0.0050    0.0018
 AT.   3 C  X    -0.0010   -0.0003    0.1337    0.1614    0.0591   -0.0912
            Y     0.0011    0.0042    0.1113    0.0653   -0.1394    0.1424
            Z    -0.0009    0.0000   -0.0028    0.0027   -0.0010    0.0017
 AT.   4 C  X    -0.0008    0.0002    0.1343   -0.1588   -0.0761   -0.0870
            Y     0.0010   -0.0045    0.1071   -0.0672    0.1502    0.1027
            Z    -0.0010   -0.0000   -0.0026   -0.0025    0.0009    0.0010
 AT.   5 O  X    -0.0811    0.0812   -0.0193   -0.0374   -0.0396    0.0521
            Y     0.0600   -0.0612    0.0027    0.0161    0.0356   -0.0482
            Z     0.0010   -0.0015   -0.0001   -0.0011   -0.0014   -0.0032
 AT.   6 O  X     0.0070   -0.0085    0.0061    0.0057   -0.0008   -0.0007
            Y     0.0516   -0.0602    0.0290    0.0114   -0.0132    0.0206
            Z    -0.0002    0.0011    0.0004   -0.0012   -0.0019   -0.0018
 AT.   7 O  X     0.0942   -0.0937   -0.0638   -0.0665   -0.0053    0.0182
            Y     0.0401   -0.0396   -0.0291   -0.0277    0.0115   -0.0093
            Z     0.0021   -0.0006    0.0018   -0.0026    0.0004    0.0004
 AT.   8 O  X    -0.0806   -0.0818   -0.0204    0.0365    0.0464    0.0445
            Y     0.0594    0.0618    0.0038   -0.0153   -0.0414   -0.0398
            Z     0.0010    0.0015   -0.0000    0.0012    0.0010   -0.0036
 AT.   9 O  X     0.0085    0.0070    0.0081   -0.0076    0.0009   -0.0002
            Y     0.0623    0.0498    0.0363   -0.0164    0.0316   -0.0176
            Z    -0.0003   -0.0010    0.0003    0.0015    0.0020   -0.0022
 AT.  10 O  X     0.0934    0.0945   -0.0633    0.0656    0.0103    0.0213
            Y     0.0397    0.0402   -0.0288    0.0278   -0.0108   -0.0044
            Z     0.0020    0.0005    0.0015    0.0022    0.0001    0.0010

 MODES IN ANTI-PHASE

 FREQ(CM**-1)     71.36    121.92    133.38    145.88    155.14    198.67

 AT.   1 CA X     0.0178   -0.0080    0.0496   -0.0098    0.0345    0.0119
            Y     0.0052   -0.0085    0.0632   -0.0136   -0.0249   -0.0050
            Z     0.0146    0.0103    0.0048   -0.0707    0.0031   -0.0161
 AT.   2 MG X     0.0262    0.0279   -0.0015    0.0064   -0.0032   -0.0063
            Y     0.0160    0.0264    0.0000   -0.0063   -0.0252    0.0086
            Z     0.0474   -0.0287   -0.0024    0.0059   -0.0071    0.0028
 AT.   3 C  X     0.0378    0.0114    0.0243   -0.0339   -0.0230   -0.0253
            Y     0.0016    0.0056    0.0096    0.0144    0.0169   -0.0252
            Z     0.0507   -0.0003    0.0338    0.0117    0.0281    0.0079
 AT.   4 C  X    -0.0157   -0.0256    0.0045   -0.0237    0.0078    0.0382
            Y     0.0073   -0.0209    0.0047   -0.0036   -0.0084   -0.0245
            Z    -0.0013    0.0132    0.0160    0.0100   -0.0189   -0.0211
 AT.   5 O  X     0.0182   -0.0035   -0.0026   -0.0439   -0.0024   -0.0425
            Y    -0.0257   -0.0158   -0.0272   -0.0026    0.0349   -0.0482
            Z     0.0213    0.0193    0.0765    0.0100    0.0149    0.0340
 AT.   6 O  X    -0.0394   -0.0530   -0.0639    0.0328   -0.0207    0.0282
            Y    -0.0061   -0.0363   -0.0026   -0.0140   -0.0027   -0.0111
            Z    -0.0439    0.0147   -0.0583   -0.0038   -0.0621    0.0263
 AT.   7 O  X     0.0250    0.0046    0.0079   -0.0340   -0.0079   -0.0359
            Y     0.0319    0.0227    0.0458    0.0146   -0.0169   -0.0118
            Z     0.0556   -0.0021    0.0087    0.0007    0.0180   -0.0071
 AT.   8 O  X    -0.0084   -0.0112   -0.0115   -0.0532    0.0068    0.0484
            Y     0.0166   -0.0005   -0.0173   -0.0460   -0.0080   -0.0092
            Z     0.0392    0.0030    0.0812    0.0288    0.0083    0.0004
 AT.   9 O  X     0.0724    0.0450   -0.0638    0.0082    0.0629   -0.0047
            Y    -0.0032    0.0398   -0.0048   -0.0034   -0.0123    0.0405
            Z     0.0838   -0.0097   -0.0426   -0.0294    0.0383   -0.0193
 AT.  10 O  X    -0.0116   -0.0188   -0.0039   -0.0411    0.0059    0.0513
            Y    -0.0036   -0.0374    0.0228    0.0394   -0.0095   -0.0502
            Z    -0.0071    0.0149   -0.0137    0.0064   -0.0048   -0.0929

 FREQ(CM**-1)    210.15    226.40    230.17    252.31    282.88    305.18

 AT.   1 CA X    -0.0363   -0.0003    0.0228   -0.0205    0.0216   -0.0309
            Y     0.0152   -0.0124    0.0494   -0.0040    0.0214    0.0066
            Z     0.0166   -0.0022    0.0077    0.0500   -0.0175    0.0039
 AT.   2 MG X     0.0279    0.0488    0.0020    0.0143   -0.0283   -0.0208
            Y     0.0174   -0.0106   -0.0001   -0.0014    0.0296   -0.0216
            Z    -0.0100   -0.0282    0.0008   -0.0606    0.0002   -0.0209
 AT.   3 C  X    -0.0157   -0.0080   -0.0096    0.0033   -0.0147    0.0033
            Y     0.0131    0.0186   -0.0308   -0.0093    0.0018    0.0305
            Z     0.0027    0.0078   -0.0337   -0.0012   -0.0368   -0.0087
 AT.   4 C  X    -0.0212    0.0236   -0.0276   -0.0018    0.0089    0.0129
            Y     0.0029   -0.0305    0.0022   -0.0079   -0.0312   -0.0336
            Z     0.0071   -0.0025    0.0023   -0.0061    0.0183   -0.0346
 AT.   5 O  X    -0.0226   -0.0237    0.0056   -0.0091   -0.0257    0.0123
            Y     0.0026   -0.0005   -0.0032   -0.0284   -0.0150    0.0403
            Z     0.0230    0.0214    0.0199    0.0430   -0.0427    0.0535
 AT.   6 O  X     0.0154   -0.0483    0.0186    0.0235   -0.0102    0.0176
            Y     0.0443    0.0245    0.0239   -0.0007   -0.0339   -0.0385
            Z    -0.0012    0.0008    0.0257    0.0337   -0.0313   -0.0432
 AT.   7 O  X    -0.0222   -0.0172    0.0034   -0.0044   -0.0270    0.0143
            Y     0.0271    0.0367   -0.0733    0.0108    0.0276    0.0188
            Z     0.0391    0.0600   -0.0858   -0.0079   -0.0098   -0.0427
 AT.   8 O  X    -0.0295    0.0358   -0.0342   -0.0025    0.0140   -0.0132
            Y    -0.0085   -0.0174   -0.0032   -0.0084   -0.0216   -0.0604
            Z     0.0310   -0.0149    0.0368   -0.0099    0.0058   -0.0108
 AT.   9 O  X     0.0146    0.0363    0.0559    0.0425    0.0117   -0.0164
            Y     0.0502   -0.0107    0.0250   -0.0050    0.0269   -0.0033
            Z    -0.0113   -0.0276    0.0297    0.0173    0.0628    0.0670
 AT.  10 O  X    -0.0287    0.0315   -0.0299   -0.0059    0.0084    0.0007
            Y     0.0196   -0.0464    0.0014    0.0022   -0.0388   -0.0112
            Z     0.0387   -0.0614   -0.0258    0.0325    0.0750   -0.0173

 FREQ(CM**-1)    317.25    324.42    364.63    379.50    385.29    416.65

 AT.   1 CA X     0.0128    0.0186    0.0065   -0.0283   -0.0037    0.0058
            Y    -0.0048    0.0032   -0.0243    0.0119    0.0069   -0.0215
            Z     0.0047    0.0741    0.0004    0.0037    0.0047    0.0027
 AT.   2 MG X     0.0490    0.0047   -0.0122   -0.0087   -0.0065   -0.0005
            Y    -0.0011    0.0016    0.0141   -0.0062   -0.0019    0.0011
            Z     0.0188   -0.0015   -0.0406   -0.0036    0.0155   -0.0002
 AT.   3 C  X     0.0168   -0.0316   -0.0016    0.0046    0.0047   -0.0008
            Y    -0.0071    0.0065    0.0172    0.0156    0.0122    0.0254
            Z     0.0187   -0.0168    0.0365    0.0114    0.0232    0.0062
 AT.   4 C  X    -0.0131   -0.0232    0.0014    0.0300   -0.0179   -0.0209
            Y    -0.0037    0.0017    0.0152   -0.0028   -0.0096    0.0397
            Z    -0.0351   -0.0177   -0.0580    0.0019    0.0134   -0.0153
 AT.   5 O  X     0.0138   -0.0517    0.0220    0.0122    0.0095   -0.0005
            Y    -0.0094   -0.0134    0.0384    0.0274    0.0219    0.0182
            Z     0.0616   -0.0548    0.0416    0.0388    0.0501    0.0318
 AT.   6 O  X     0.0463    0.0079   -0.0149    0.0432   -0.0074    0.0199
            Y    -0.0193   -0.0132   -0.0347   -0.0251   -0.0254   -0.0018
            Z    -0.0176   -0.0744    0.0457   -0.0486    0.0353    0.0075
 AT.   7 O  X     0.0188   -0.0483    0.0132    0.0113    0.0078    0.0025
            Y    -0.0196    0.0362   -0.0136    0.0011    0.0015    0.0196
            Z     0.0205   -0.0574    0.0223   -0.0177   -0.0046   -0.0115
 AT.   8 O  X    -0.0210   -0.0429   -0.0305    0.0423   -0.0037   -0.0349
            Y    -0.0178   -0.0189   -0.0310    0.0098    0.0026    0.0138
            Z    -0.0823   -0.0524   -0.0102    0.0220   -0.0367   -0.0001
 AT.   9 O  X    -0.0537    0.0019   -0.0221    0.0253    0.0230    0.0154
            Y     0.0258   -0.0110    0.0252   -0.0241   -0.0151   -0.0309
            Z     0.0441   -0.0834    0.0108   -0.0122   -0.0165    0.0066
 AT.  10 O  X    -0.0253   -0.0403   -0.0112    0.0326   -0.0122   -0.0173
            Y     0.0324    0.0316    0.0529    0.0039   -0.0385    0.0404
            Z    -0.0115   -0.0412   -0.0662    0.0230    0.0200   -0.0401

 FREQ(CM**-1)    726.83    731.91    738.37    744.10    888.86    892.91

 AT.   1 CA X    -0.0003    0.0026    0.0045    0.0022    0.0002   -0.0003
            Y    -0.0029    0.0021    0.0006   -0.0022   -0.0009   -0.0017
            Z    -0.0013   -0.0004   -0.0045   -0.0017    0.0001    0.0010
 AT.   2 MG X    -0.0054   -0.0157    0.0040    0.0035   -0.0012   -0.0002
            Y     0.0023   -0.0027   -0.0073   -0.0171    0.0007   -0.0000
            Z     0.0017   -0.0015   -0.0020   -0.0153    0.0018   -0.0001
 AT.   3 C  X    -0.0066   -0.0023   -0.0445    0.0469   -0.0037   -0.0011
            Y     0.0111    0.0409   -0.0084   -0.0001   -0.0023   -0.0013
            Z    -0.0007   -0.0008    0.0023    0.0063    0.0002   -0.1424
 AT.   4 C  X     0.0105   -0.0076   -0.0519   -0.0386    0.0014   -0.0028
            Y    -0.0417    0.0095   -0.0054   -0.0052    0.0027   -0.0020
            Z    -0.0002   -0.0001    0.0027   -0.0004   -0.1439   -0.0002
 AT.   5 O  X    -0.0229   -0.0731    0.0086    0.0181    0.0002    0.0034
            Y    -0.0047   -0.0258    0.0773   -0.0824    0.0023    0.0035
            Z    -0.0002   -0.0075    0.0128   -0.0081   -0.0020    0.0386
 AT.   6 O  X     0.0345   -0.0141   -0.0938    0.0161   -0.0079    0.0056
            Y     0.0523    0.0123    0.0372    0.0073    0.0006   -0.0008
            Z    -0.0033    0.0014    0.0116   -0.0046    0.0409   -0.0440
 AT.   7 O  X     0.0119    0.0517   -0.0522    0.0412   -0.0001    0.0013
            Y    -0.0226   -0.0705   -0.0344    0.0673   -0.0021   -0.0045
            Z     0.0015    0.0141   -0.0019   -0.0086    0.0003    0.0398
 AT.   8 O  X     0.0775   -0.0218    0.0066   -0.0019    0.0044    0.0003
            Y     0.0154    0.0034    0.0893    0.0736    0.0018    0.0009
            Z     0.0063   -0.0027    0.0131    0.0069    0.0390   -0.0024
 AT.   9 O  X    -0.0029    0.0059   -0.0077   -0.1026    0.0048    0.0035
            Y    -0.0047    0.0603   -0.0003    0.0160   -0.0013   -0.0013
            Z     0.0010   -0.0027   -0.0011    0.0159   -0.0450   -0.0437
 AT.  10 O  X    -0.0461    0.0048   -0.0592   -0.0435    0.0011    0.0005
            Y     0.0781   -0.0262   -0.0411   -0.0461   -0.0025   -0.0008
            Z    -0.0104    0.0060   -0.0024    0.0040    0.0378    0.0000

 FREQ(CM**-1)   1132.63   1133.67   1492.19   1511.18   1540.38   1611.23

 AT.   1 CA X     0.0002   -0.0014   -0.0003   -0.0010    0.0011    0.0007
            Y    -0.0002    0.0013   -0.0002    0.0001   -0.0027   -0.0017
            Z     0.0001    0.0015    0.0002    0.0005   -0.0023   -0.0008
 AT.   2 MG X     0.0002   -0.0016   -0.0028    0.0030   -0.0017   -0.0028
            Y    -0.0009    0.0056   -0.0006    0.0013    0.0020    0.0023
            Z    -0.0051   -0.0021   -0.0006    0.0014    0.0019    0.0016
 AT.   3 C  X     0.0015   -0.0012    0.0154   -0.0033    0.0634    0.0247
            Y    -0.0009   -0.0020   -0.0125    0.0170   -0.0570    0.0153
            Z    -0.0002   -0.0000    0.0011   -0.0011    0.0000    0.0005
 AT.   4 C  X    -0.0016   -0.0012    0.0095   -0.0290    0.0416    0.0368
            Y     0.0010   -0.0014    0.0328    0.0064   -0.0104   -0.0999
            Z     0.0001   -0.0000   -0.0016   -0.0016    0.0003   -0.0014
 AT.   5 O  X    -0.0006   -0.0101   -0.0078    0.0024   -0.0281   -0.0057
            Y    -0.0011    0.0087    0.0058   -0.0038    0.0243    0.0030
            Z    -0.0001    0.0001    0.0002   -0.0006    0.0011    0.0018
 AT.   6 O  X     0.0121   -0.0111    0.0112    0.0120   -0.0004   -0.0005
            Y     0.0876   -0.0792    0.0426    0.0322   -0.0607    0.0548
            Z    -0.0009    0.0014   -0.0004   -0.0018   -0.0007    0.0013
 AT.   7 O  X    -0.0001    0.0125   -0.0035    0.0003   -0.0167   -0.0112
            Y    -0.0009    0.0066   -0.0009   -0.0027   -0.0004   -0.0048
            Z    -0.0004   -0.0003   -0.0015    0.0018   -0.0012   -0.0010
 AT.   8 O  X    -0.0097    0.0002    0.0041    0.0083   -0.0142   -0.0276
            Y     0.0087    0.0010   -0.0052   -0.0064    0.0119    0.0274
            Z     0.0002   -0.0000   -0.0002   -0.0004    0.0015    0.0006
 AT.   9 O  X    -0.0112   -0.0120   -0.0099    0.0110   -0.0001    0.0009
            Y    -0.0803   -0.0861   -0.0365    0.0300   -0.0535   -0.0558
            Z     0.0009    0.0015    0.0004   -0.0015   -0.0000    0.0001
 AT.  10 O  X     0.0121    0.0007   -0.0083    0.0109   -0.0142   -0.0024
            Y     0.0060    0.0015   -0.0045    0.0017   -0.0040    0.0095
            Z     0.0006   -0.0004    0.0019    0.0022   -0.0013    0.0006


  DISPERSION K POINT NUMBER     5 COORD:  C(  0  1  1 )    WEIGHT:    1.

    MODES         EIGV          FREQUENCIES     IRREP
             (HARTREE**2)   (CM**-1)     (THZ)
    1-   1    0.2247E-06    104.0446    3.1192  (  1)
    2-   2    0.2424E-06    108.0667    3.2398  (  1)
    3-   3    0.4129E-06    141.0246    4.2278  (  1)
    4-   4    0.4417E-06    145.8678    4.3730  (  1)
    5-   5    0.5680E-06    165.4071    4.9588  (  1)
    6-   6    0.6508E-06    177.0580    5.3081  (  1)
    7-   7    0.8103E-06    197.5697    5.9230  (  1)
    8-   8    0.8972E-06    207.8897    6.2324  (  1)
    9-   9    0.1236E-05    243.9965    7.3148  (  1)
   10-  10    0.1431E-05    262.5184    7.8701  (  1)
   11-  11    0.1684E-05    284.7748    8.5373  (  1)
   12-  12    0.1752E-05    290.4931    8.7088  (  1)
   13-  13    0.2047E-05    314.0432    9.4148  (  1)
   14-  14    0.2263E-05    330.1369    9.8973  (  1)
   15-  15    0.2877E-05    372.2368   11.1594  (  1)
   16-  16    0.3022E-05    381.5559   11.4388  (  1)
   17-  17    0.3063E-05    384.1085   11.5153  (  1)
   18-  18    0.4008E-05    439.3780   13.1722  (  1)
   19-  19    0.1097E-04    726.9927   21.7947  (  1)
   20-  20    0.1110E-04    731.0934   21.9176  (  1)
   21-  21    0.1135E-04    739.4215   22.1673  (  1)
   22-  22    0.1141E-04    741.4813   22.2291  (  1)
   23-  23    0.1641E-04    889.1868   26.6571  (  1)
   24-  24    0.1656E-04    893.1123   26.7748  (  1)
   25-  25    0.2663E-04   1132.5883   33.9541  (  1)
   26-  26    0.2670E-04   1134.1207   34.0001  (  1)
   27-  27    0.4534E-04   1477.8006   44.3033  (  1)
   28-  28    0.4735E-04   1510.2608   45.2765  (  1)
   29-  29    0.4865E-04   1530.7826   45.8917  (  1)
   30-  30    0.5369E-04   1608.1511   48.2112  (  1)

 MODES IN PHASE

 FREQ(CM**-1)    104.04    108.07    141.02    145.87    165.41    177.06

 AT.   1 CA X     0.0514    0.0685   -0.0119    0.0005   -0.0348   -0.0527
            Y     0.0165   -0.0397   -0.0017    0.0023   -0.0039   -0.0080
            Z    -0.0210    0.0434    0.1000    0.0001   -0.0076   -0.0077
 AT.   2 MG X     0.0112    0.0050   -0.0310   -0.0136   -0.0276    0.0021
            Y    -0.0282   -0.0157   -0.0025    0.0228   -0.0175   -0.0061
            Z     0.0127   -0.0326   -0.0143    0.0138    0.0214    0.0003
 AT.   3 C  X     0.0102    0.0011    0.0222    0.0082    0.0085   -0.0214
            Y     0.0413    0.0290    0.0010    0.0444    0.0421    0.0051
            Z    -0.0173    0.0291   -0.0187    0.0081   -0.0198   -0.0265
 AT.   4 C  X    -0.0154    0.0023   -0.0119    0.0124    0.0096   -0.0156
            Y    -0.0217   -0.0273    0.0091    0.0143   -0.0259    0.0334
            Z    -0.0176    0.0137    0.0097    0.0262    0.0313    0.0368
 AT.   5 O  X     0.0368    0.0119    0.0239    0.0013    0.0100   -0.0122
            Y     0.0762    0.0420    0.0043    0.0328    0.0416    0.0157
            Z    -0.0426    0.0520    0.0088   -0.0010   -0.0633   -0.0127
 AT.   6 O  X    -0.0037    0.0365   -0.0507   -0.0150    0.0345    0.0069
            Y    -0.0157   -0.0303    0.0199   -0.0142   -0.0097    0.0310
            Z    -0.0369   -0.0052    0.0067   -0.0332    0.0795   -0.0003
 AT.   7 O  X    -0.0200   -0.0087    0.0141   -0.0120    0.0132   -0.0316
            Y     0.0005    0.0039   -0.0306   -0.0121    0.0048    0.0681
            Z    -0.0464    0.0546    0.0300   -0.0091    0.0055    0.0883
 AT.   8 O  X     0.0346    0.0117    0.0364   -0.0007    0.0182   -0.0086
            Y     0.0777    0.0414    0.0249   -0.0328    0.0397    0.0138
            Z    -0.0439    0.0527   -0.0072    0.0027   -0.0669   -0.0142
 AT.   9 O  X     0.0052    0.0365   -0.0448    0.0155    0.0112    0.0041
            Y    -0.0248   -0.0306    0.0139    0.0158   -0.0272    0.0330
            Z    -0.0235   -0.0058    0.0138    0.0340    0.0574   -0.0047
 AT.  10 O  X    -0.0236   -0.0087    0.0016    0.0120    0.0047   -0.0342
            Y     0.0003    0.0036   -0.0233    0.0143   -0.0200    0.0703
            Z    -0.0426    0.0541    0.0405    0.0085   -0.0083    0.0905

 FREQ(CM**-1)    197.57    207.89    244.00    262.52    284.77    290.49

 AT.   1 CA X     0.0056   -0.0007    0.0223   -0.0107   -0.0406    0.0109
            Y    -0.0050   -0.0061   -0.0156    0.0007    0.0228   -0.0487
            Z    -0.0065   -0.0058   -0.0199   -0.0010   -0.0478    0.0138
 AT.   2 MG X    -0.0138   -0.0023   -0.0001   -0.0481    0.0047    0.0025
            Y    -0.0326   -0.0206    0.0021    0.0159    0.0052   -0.0326
            Z     0.0201   -0.0351    0.0015    0.0172    0.0033    0.0331
 AT.   3 C  X     0.0316   -0.0286    0.0468   -0.0486    0.0262    0.0227
            Y     0.0112   -0.0277    0.0063   -0.0067   -0.0020    0.0026
            Z    -0.0083    0.0328    0.0147   -0.0069   -0.0101   -0.0123
 AT.   4 C  X     0.0236    0.0236   -0.0201   -0.0360    0.0296   -0.0148
            Y    -0.0127   -0.0395    0.0180    0.0047   -0.0182    0.0106
            Z    -0.0208   -0.0183   -0.0033    0.0044    0.0020   -0.0207
 AT.   5 O  X     0.0330   -0.0491    0.0334   -0.0416    0.0275   -0.0032
            Y     0.0192   -0.0583   -0.0115    0.0026   -0.0039   -0.0338
            Z    -0.0602    0.0535   -0.0102   -0.0519    0.0534    0.0594
 AT.   6 O  X     0.0121   -0.0109   -0.0904    0.0157   -0.0115    0.0119
            Y     0.0166    0.0450    0.0172   -0.0143   -0.0162    0.0129
            Z    -0.0296    0.0007   -0.0844   -0.0944   -0.0229    0.0331
 AT.   7 O  X    -0.0297   -0.0113   -0.0440    0.0035   -0.0097   -0.0219
            Y     0.0523    0.0476   -0.0130    0.0057   -0.0008    0.0366
            Z     0.0467    0.0181    0.0116    0.0465    0.0702   -0.0115
 AT.   8 O  X    -0.0241    0.0328    0.0450    0.0426    0.0028   -0.0009
            Y    -0.0170    0.0606   -0.0311    0.0118    0.0222   -0.0326
            Z     0.0494   -0.0410   -0.0308    0.0528    0.0151    0.0631
 AT.   9 O  X     0.0025    0.0095   -0.0340   -0.0330    0.0104    0.0172
            Y    -0.0099   -0.0383    0.0221    0.0051   -0.0199    0.0130
            Z     0.0332   -0.0158   -0.0626    0.0917   -0.0366    0.0305
 AT.  10 O  X     0.0331    0.0271   -0.0158   -0.0266    0.0309   -0.0215
            Y    -0.0372   -0.0519    0.0161   -0.0128   -0.0253    0.0396
            Z    -0.0337   -0.0234    0.0310   -0.0445   -0.0000   -0.0177

 FREQ(CM**-1)    314.04    330.14    372.24    381.56    384.11    439.38

 AT.   1 CA X    -0.0103    0.0070   -0.0545    0.0024   -0.0039   -0.0199
            Y    -0.0240    0.0079   -0.0027    0.0180   -0.0007   -0.0037
            Z    -0.0158   -0.0158    0.0276    0.0010   -0.0114    0.0112
 AT.   2 MG X     0.0337    0.0014   -0.0150    0.0928   -0.0038    0.1340
            Y    -0.0347    0.0207    0.0316    0.0371    0.1307   -0.0266
            Z     0.0399    0.0091    0.0315    0.1100   -0.0454   -0.0860
 AT.   3 C  X     0.0150   -0.0045    0.0041   -0.0189    0.0188   -0.0145
            Y    -0.0118   -0.0324    0.0000    0.0259    0.0015   -0.0032
            Z    -0.0172    0.0005    0.0620   -0.0165   -0.0007    0.0002
 AT.   4 C  X    -0.0182   -0.0008    0.0004    0.0026   -0.0217   -0.0259
            Y     0.0073   -0.0306   -0.0010   -0.0231   -0.0257    0.0068
            Z    -0.0314    0.0017   -0.0633    0.0078    0.0062    0.0216
 AT.   5 O  X    -0.0019    0.0059    0.0336   -0.0455    0.0279   -0.0157
            Y    -0.0346   -0.0222    0.0428    0.0032    0.0101   -0.0013
            Z    -0.0205   -0.0798    0.0444    0.0158    0.0252   -0.0241
 AT.   6 O  X    -0.0498   -0.0213    0.0518    0.0011    0.0021    0.0419
            Y     0.0135    0.0152   -0.0133   -0.0018    0.0260   -0.0060
            Z     0.0358    0.0533   -0.0576   -0.0128   -0.0141   -0.0368
 AT.   7 O  X     0.0296   -0.0104    0.0014    0.0205    0.0060    0.0274
            Y    -0.0509   -0.0011    0.0306   -0.0108    0.0314    0.0147
            Z     0.0176   -0.0615   -0.0017    0.0291   -0.0317   -0.0007
 AT.   8 O  X     0.0390    0.0080    0.0362    0.0263   -0.0108    0.0244
            Y     0.0464    0.0092    0.0164    0.0081    0.0080   -0.0136
            Z     0.0680    0.0960    0.0129    0.0143    0.0229   -0.0011
 AT.   9 O  X     0.0230   -0.0035    0.0546    0.0060   -0.0094   -0.0307
            Y     0.0055   -0.0361   -0.0120   -0.0271   -0.0337    0.0104
            Z     0.0166   -0.0245   -0.0576   -0.0043    0.0557    0.0370
 AT.  10 O  X    -0.0367   -0.0064   -0.0198    0.0090   -0.0212   -0.0225
            Y     0.0480   -0.0215    0.0470   -0.0321   -0.0419   -0.0139
            Z    -0.0481    0.0954   -0.0429    0.0557    0.0187   -0.0211

 FREQ(CM**-1)    726.99    731.09    739.42    741.48    889.19    893.11

 AT.   1 CA X    -0.0032   -0.0015   -0.0041    0.0015   -0.0006    0.0014
            Y     0.0045    0.0010   -0.0058    0.0002   -0.0001   -0.0014
            Z    -0.0018   -0.0016   -0.0039    0.0004    0.0004    0.0020
 AT.   2 MG X    -0.0002    0.0054    0.0011   -0.0021   -0.0013    0.0005
            Y    -0.0003    0.0098   -0.0008   -0.0006    0.0001    0.0030
            Z    -0.0002    0.0008    0.0010   -0.0005    0.0021    0.0038
 AT.   3 C  X    -0.0122    0.0240   -0.0103    0.0252    0.0071    0.0052
            Y     0.0147   -0.0123   -0.0232    0.0516   -0.0017   -0.0012
            Z    -0.0040    0.0019    0.0019    0.0045    0.1796   -0.1768
 AT.   4 C  X    -0.0466    0.0298    0.0113    0.0251    0.0071   -0.0052
            Y     0.0224   -0.0147    0.0331    0.0523   -0.0016    0.0013
            Z    -0.0017    0.0015   -0.0011    0.0047    0.1785    0.1778
 AT.   5 O  X    -0.0205    0.0261    0.0399   -0.0771   -0.0044    0.0031
            Y     0.0177   -0.0373    0.0339   -0.0773   -0.0005    0.0066
            Z     0.0006   -0.0044    0.0055   -0.0174   -0.0475    0.0486
 AT.   6 O  X     0.0715    0.1102   -0.0096    0.0149   -0.0046    0.0009
            Y     0.0008    0.0088    0.0827   -0.0513    0.0024    0.0006
            Z    -0.0077   -0.0162    0.0022   -0.0019    0.0236   -0.0205
 AT.   7 O  X    -0.0192   -0.0238    0.0840   -0.0540    0.0022    0.0008
            Y    -0.0599   -0.0912   -0.0545    0.0305   -0.0030    0.0025
            Z     0.0051    0.0077    0.0072   -0.0093    0.0246   -0.0183
 AT.   8 O  X     0.0200    0.0121    0.0816    0.0370    0.0025    0.0015
            Y    -0.0435   -0.0255    0.0672    0.0409    0.0002    0.0031
            Z    -0.0020   -0.0020    0.0099    0.0088    0.0286    0.0228
 AT.   9 O  X     0.1087   -0.0708   -0.0050   -0.0242    0.0091    0.0030
            Y     0.0103   -0.0068    0.0534    0.0781   -0.0029   -0.0009
            Z    -0.0146    0.0125    0.0006    0.0022   -0.0472   -0.0506
 AT.  10 O  X    -0.0215    0.0122    0.0533    0.0853   -0.0046    0.0010
            Y    -0.0944    0.0631   -0.0367   -0.0433    0.0051    0.0067
            Z     0.0108   -0.0061    0.0052    0.0152   -0.0482   -0.0494

 FREQ(CM**-1)   1132.59   1134.12   1477.80   1510.26   1530.78   1608.15

 AT.   1 CA X    -0.0002   -0.0033    0.0004    0.0027   -0.0010    0.0012
            Y    -0.0001   -0.0010   -0.0010   -0.0002    0.0037   -0.0004
            Z     0.0014    0.0012   -0.0002    0.0033    0.0012   -0.0009
 AT.   2 MG X    -0.0005   -0.0012   -0.0006    0.0037    0.0018    0.0012
            Y     0.0001    0.0003   -0.0007    0.0013    0.0064    0.0008
            Z    -0.0021    0.0005    0.0001    0.0055   -0.0023   -0.0013
 AT.   3 C  X    -0.0013    0.0016   -0.0095   -0.1735    0.0071    0.1709
            Y    -0.0013   -0.0029    0.1652    0.0041    0.1744    0.0070
            Z    -0.0007    0.0007    0.0013   -0.0042   -0.0011   -0.0048
 AT.   4 C  X    -0.0009    0.0005   -0.0113    0.1736   -0.0018    0.1709
            Y    -0.0011   -0.0003    0.1740   -0.0042   -0.1654    0.0067
            Z    -0.0006    0.0005    0.0017    0.0042    0.0006   -0.0048
 AT.   5 O  X    -0.0786    0.0394    0.0323    0.0526    0.0281   -0.0512
            Y     0.0612   -0.0304   -0.0312   -0.0318   -0.0327    0.0289
            Z     0.0006   -0.0014   -0.0005    0.0030   -0.0017    0.0036
 AT.   6 O  X     0.0043   -0.0125    0.0008   -0.0062    0.0019    0.0074
            Y     0.0292   -0.1023    0.0151   -0.0045    0.0327   -0.0002
            Z    -0.0003    0.0010   -0.0004   -0.0004    0.0005   -0.0023
 AT.   7 O  X    -0.0272    0.0935    0.0065   -0.0322    0.0091    0.0306
            Y    -0.0132    0.0394    0.0039   -0.0101    0.0112    0.0081
            Z    -0.0005    0.0011    0.0004   -0.0023   -0.0006   -0.0007
 AT.   8 O  X     0.0403    0.0777   -0.0180    0.0288    0.0182    0.0239
            Y    -0.0314   -0.0603    0.0168   -0.0181   -0.0227   -0.0120
            Z    -0.0000   -0.0022   -0.0003    0.0021   -0.0012   -0.0015
 AT.   9 O  X    -0.0122   -0.0046   -0.0071   -0.0130    0.0076   -0.0177
            Y    -0.1010   -0.0294   -0.0736   -0.0060    0.0657   -0.0111
            Z     0.0016    0.0003   -0.0001   -0.0020   -0.0004    0.0053
 AT.  10 O  X     0.0935    0.0269   -0.0198   -0.0637    0.0240   -0.0672
            Y     0.0407    0.0123   -0.0171   -0.0208    0.0219   -0.0216
            Z     0.0012   -0.0001   -0.0008   -0.0024   -0.0012    0.0016

 MODES IN ANTI-PHASE

 FREQ(CM**-1)    104.04    108.07    141.02    145.87    165.41    177.06

 AT.   1 CA X     0.0054    0.0006   -0.0023   -0.0267   -0.0079    0.0023
            Y     0.0017   -0.0004   -0.0003   -0.1156   -0.0009    0.0003
            Z    -0.0022    0.0004    0.0191   -0.0049   -0.0017    0.0003
 AT.   2 MG X    -0.0155   -0.0084    0.0360   -0.0082    0.0298   -0.0040
            Y     0.0389    0.0266    0.0029    0.0138    0.0190    0.0117
            Z    -0.0175    0.0552    0.0165    0.0083   -0.0232   -0.0005
 AT.   3 C  X    -0.0115    0.0034    0.0089   -0.0095    0.0293   -0.0272
            Y     0.0079   -0.0144    0.0159    0.0112    0.0155    0.0392
            Z    -0.0391    0.0336   -0.0079   -0.0259    0.0265    0.0282
 AT.   4 C  X    -0.0001    0.0026    0.0207   -0.0018    0.0290   -0.0309
            Y     0.0361    0.0174    0.0131   -0.0435    0.0366    0.0212
            Z    -0.0390    0.0423   -0.0178    0.0070    0.0107   -0.0121
 AT.   5 O  X    -0.0066   -0.0104    0.0386   -0.0144    0.0213   -0.0410
            Y     0.0150   -0.0347    0.0568    0.0008    0.0052    0.0213
            Z    -0.0106    0.0376   -0.0417   -0.0433   -0.0226    0.0179
 AT.   6 O  X     0.0430   -0.0008    0.0065   -0.0137   -0.0460    0.0329
            Y    -0.0458   -0.0170   -0.0125   -0.0412   -0.0426   -0.0244
            Z     0.0612   -0.0304    0.0204   -0.0218   -0.0330    0.0506
 AT.   7 O  X    -0.0195   -0.0029   -0.0312   -0.0004   -0.0166    0.0308
            Y    -0.0013   -0.0180    0.0139   -0.0536   -0.0563   -0.0279
            Z     0.0134   -0.0265    0.0343    0.0134   -0.0306   -0.0292
 AT.   8 O  X     0.0141    0.0106   -0.0271   -0.0144   -0.0149    0.0419
            Y     0.0011    0.0354   -0.0512   -0.0005    0.0133   -0.0226
            Z     0.0015   -0.0366    0.0420   -0.0433   -0.0070   -0.0167
 AT.   9 O  X    -0.0429    0.0015   -0.0247   -0.0131    0.0564   -0.0333
            Y     0.0416    0.0164    0.0190   -0.0406    0.0342    0.0216
            Z    -0.0675    0.0303   -0.0165   -0.0205    0.0641   -0.0504
 AT.  10 O  X     0.0150    0.0027    0.0341    0.0001    0.0207   -0.0280
            Y     0.0014    0.0181   -0.0242   -0.0531    0.0528    0.0220
            Z    -0.0227    0.0275   -0.0209    0.0137    0.0299    0.0214

 FREQ(CM**-1)    197.57    207.89    244.00    262.52    284.77    290.49

 AT.   1 CA X    -0.0390   -0.0043   -0.0107    0.0419    0.0279   -0.0005
            Y     0.0350   -0.0372    0.0075   -0.0027   -0.0156    0.0024
            Z     0.0455   -0.0353    0.0095    0.0040    0.0329   -0.0007
 AT.   2 MG X    -0.0109   -0.0009    0.0017   -0.0469    0.0597   -0.0049
            Y    -0.0256   -0.0078   -0.0264    0.0155    0.0663    0.0635
            Z     0.0158   -0.0132   -0.0192    0.0167    0.0421   -0.0646
 AT.   3 C  X    -0.0011   -0.0298   -0.0396   -0.0105    0.0169   -0.0060
            Y     0.0301    0.0347    0.0168   -0.0200   -0.0218    0.0128
            Z     0.0215    0.0252   -0.0092   -0.0197    0.0107   -0.0283
 AT.   4 C  X    -0.0211    0.0339    0.0579    0.0342    0.0097    0.0182
            Y    -0.0295    0.0204   -0.0001    0.0205    0.0122    0.0076
            Z    -0.0098   -0.0371    0.0170    0.0204   -0.0146   -0.0229
 AT.   5 O  X    -0.0271   -0.0429   -0.0309   -0.0127    0.0076   -0.0230
            Y    -0.0053    0.0166    0.0307   -0.0293   -0.0253   -0.0100
            Z     0.0302    0.0301    0.0314   -0.0152    0.0043   -0.0403
 AT.   6 O  X    -0.0503   -0.0025   -0.0294    0.0401   -0.0156   -0.0546
            Y    -0.0217    0.0135   -0.0145    0.0157    0.0151   -0.0016
            Z    -0.0172   -0.0470    0.0123   -0.0182    0.0304    0.0238
 AT.   7 O  X    -0.0162    0.0510   -0.0153    0.0492   -0.0368   -0.0024
            Y    -0.0464   -0.0213   -0.0311    0.0163    0.0268   -0.0324
            Z    -0.0399   -0.0194   -0.0304    0.0077    0.0269    0.0629
 AT.   8 O  X    -0.0353   -0.0564   -0.0065    0.0088   -0.0284    0.0232
            Y    -0.0104   -0.0030   -0.0104   -0.0270    0.0127    0.0133
            Z     0.0459    0.0457   -0.0118    0.0115   -0.0514    0.0343
 AT.   9 O  X    -0.0517   -0.0059    0.0887    0.0278    0.0163    0.0532
            Y    -0.0255    0.0272   -0.0043    0.0207    0.0097    0.0003
            Z    -0.0083   -0.0443    0.0580    0.0292    0.0105   -0.0269
 AT.  10 O  X    -0.0072    0.0447    0.0439    0.0416    0.0223    0.0045
            Y    -0.0593   -0.0049    0.0297    0.0116   -0.0089    0.0286
            Z    -0.0514   -0.0126    0.0101   -0.0155   -0.0752   -0.0615

 FREQ(CM**-1)    314.04    330.14    372.24    381.56    384.11    439.38

 AT.   1 CA X    -0.0167   -0.0152   -0.0256    0.0034   -0.0093   -0.0352
            Y    -0.0389   -0.0172   -0.0013    0.0257   -0.0017   -0.0065
            Z    -0.0257    0.0344    0.0129    0.0014   -0.0272    0.0198
 AT.   2 MG X    -0.0010    0.0019    0.0105   -0.0081   -0.0005    0.0013
            Y     0.0010    0.0292   -0.0220   -0.0032    0.0168   -0.0002
            Z    -0.0012    0.0129   -0.0220   -0.0096   -0.0059   -0.0008
 AT.   3 C  X     0.0119   -0.0199    0.0267    0.0125    0.0173    0.0376
            Y    -0.0010   -0.0070   -0.0058    0.0084    0.0262   -0.0061
            Z     0.0489   -0.0067   -0.0130    0.0037   -0.0062   -0.0248
 AT.   4 C  X    -0.0060    0.0203    0.0270    0.0225   -0.0136    0.0309
            Y     0.0093    0.0128   -0.0058   -0.0144    0.0055   -0.0002
            Z     0.0412    0.0065   -0.0023    0.0151   -0.0010   -0.0122
 AT.   5 O  X     0.0427   -0.0156    0.0192    0.0115    0.0124    0.0190
            Y     0.0345    0.0069   -0.0143    0.0098    0.0212   -0.0167
            Z     0.0658   -0.0580   -0.0202    0.0209    0.0571   -0.0158
 AT.   6 O  X     0.0007    0.0229    0.0279    0.0068   -0.0112   -0.0106
            Y     0.0130    0.0345   -0.0046   -0.0295   -0.0217    0.0086
            Z     0.0365   -0.0134   -0.0270   -0.0092    0.0644    0.0211
 AT.   7 O  X    -0.0262    0.0173   -0.0269    0.0170   -0.0239   -0.0098
            Y     0.0281    0.0292    0.0357   -0.0381   -0.0279   -0.0074
            Z    -0.0450   -0.0730   -0.0543    0.0699   -0.0051   -0.0251
 AT.   8 O  X     0.0175   -0.0146    0.0136   -0.0388    0.0285   -0.0037
            Y    -0.0154    0.0213    0.0420    0.0064    0.0220   -0.0097
            Z     0.0112    0.0229    0.0471    0.0220    0.0581   -0.0288
 AT.   9 O  X    -0.0442    0.0311    0.0220    0.0034   -0.0064    0.0304
            Y     0.0179    0.0109   -0.0073   -0.0118    0.0032   -0.0007
            Z     0.0484   -0.0492   -0.0270   -0.0151    0.0353   -0.0207
 AT.  10 O  X     0.0147    0.0191    0.0183    0.0251   -0.0126    0.0184
            Y    -0.0329    0.0198    0.0007   -0.0232    0.0027    0.0088
            Z    -0.0045   -0.0008    0.0334    0.0512   -0.0262   -0.0136

 FREQ(CM**-1)    726.99    731.09    739.42    741.48    889.19    893.11

 AT.   1 CA X     0.0016    0.0031    0.0019   -0.0033    0.0011    0.0009
            Y    -0.0022   -0.0020    0.0028   -0.0004    0.0002   -0.0009
            Z     0.0008    0.0034    0.0019   -0.0008   -0.0007    0.0013
 AT.   2 MG X     0.0033    0.0079   -0.0143   -0.0030   -0.0021   -0.0003
            Y     0.0042    0.0144    0.0104   -0.0009    0.0002   -0.0015
            Z     0.0027    0.0012   -0.0135   -0.0008    0.0032   -0.0019
 AT.   3 C  X    -0.0453   -0.0422    0.0161   -0.0014   -0.0005    0.0002
            Y     0.0183    0.0177    0.0444   -0.0087   -0.0008   -0.0010
            Z    -0.0002    0.0028   -0.0019   -0.0014    0.0005   -0.0190
 AT.   4 C  X     0.0053    0.0383   -0.0154   -0.0027   -0.0003   -0.0004
            Y     0.0070   -0.0158   -0.0376    0.0003    0.0010   -0.0009
            Z    -0.0037   -0.0030    0.0024    0.0006   -0.0193   -0.0004
 AT.   5 O  X    -0.0419   -0.0360   -0.0726    0.0152    0.0001    0.0003
            Y     0.0696    0.0619   -0.0589    0.0103    0.0001    0.0005
            Z     0.0030    0.0060   -0.0084    0.0029   -0.0008    0.0033
 AT.   6 O  X    -0.0820    0.0033   -0.0014    0.0191   -0.0079    0.0028
            Y    -0.0125    0.0018   -0.0019   -0.0589    0.0018   -0.0012
            Z     0.0125   -0.0032    0.0010   -0.0013    0.0412   -0.0462
 AT.   7 O  X     0.0122    0.0031   -0.0007   -0.0661    0.0041    0.0008
            Y     0.0729   -0.0086    0.0033    0.0310   -0.0041    0.0063
            Z    -0.0098    0.0017   -0.0009   -0.0120    0.0417   -0.0459
 AT.   8 O  X     0.0421   -0.0428    0.0145    0.0694    0.0036    0.0028
            Y    -0.0572    0.0676    0.0106    0.0664    0.0005    0.0058
            Z    -0.0024    0.0072    0.0010    0.0154    0.0380    0.0431
 AT.   9 O  X    -0.0049   -0.0846    0.0083    0.0005   -0.0009   -0.0003
            Y     0.0071   -0.0058   -0.0632    0.0025   -0.0009    0.0010
            Z    -0.0017    0.0108   -0.0023    0.0006    0.0051    0.0001
 AT.  10 O  X     0.0074    0.0206   -0.0650    0.0000    0.0006    0.0004
            Y     0.0015    0.0664    0.0403   -0.0040    0.0000   -0.0003
            Z     0.0021   -0.0050   -0.0050   -0.0004    0.0046    0.0019

 FREQ(CM**-1)   1132.59   1134.12   1477.80   1510.26   1530.78   1608.15

 AT.   1 CA X     0.0003    0.0024   -0.0005    0.0016   -0.0004   -0.0022
            Y     0.0001    0.0008    0.0013   -0.0001    0.0014    0.0008
            Z    -0.0019   -0.0009    0.0003    0.0019    0.0005    0.0015
 AT.   2 MG X    -0.0011   -0.0105   -0.0015   -0.0021   -0.0015    0.0021
            Y     0.0003    0.0026   -0.0018   -0.0008   -0.0051    0.0014
            Z    -0.0050    0.0047    0.0001   -0.0031    0.0018   -0.0022
 AT.   3 C  X     0.0017   -0.0008   -0.0075   -0.0043    0.0163    0.0019
            Y     0.0010    0.0024    0.0549    0.0063    0.0024    0.0179
            Z     0.0003    0.0000    0.0013   -0.0002   -0.0015   -0.0000
 AT.   4 C  X    -0.0019    0.0017    0.0043   -0.0017    0.0177   -0.0044
            Y    -0.0013   -0.0038   -0.0022    0.0062    0.0552   -0.0180
            Z    -0.0004    0.0005   -0.0009   -0.0002   -0.0018    0.0001
 AT.   5 O  X    -0.0185   -0.0693    0.0114    0.0036   -0.0038    0.0027
            Y     0.0144    0.0538   -0.0104   -0.0030    0.0022   -0.0032
            Z    -0.0001    0.0019    0.0004    0.0008    0.0001   -0.0004
 AT.   6 O  X     0.0115    0.0011    0.0071   -0.0114    0.0091    0.0162
            Y     0.0967   -0.0001    0.0720   -0.0043    0.0617    0.0130
            Z    -0.0016   -0.0000    0.0002   -0.0021   -0.0012   -0.0048
 AT.   7 O  X    -0.0894   -0.0001    0.0189   -0.0549    0.0257    0.0599
            Y    -0.0385   -0.0010    0.0167   -0.0181    0.0203    0.0204
            Z    -0.0011    0.0004    0.0007   -0.0014   -0.0010   -0.0014
 AT.   8 O  X     0.0699   -0.0178   -0.0291    0.0442    0.0217    0.0454
            Y    -0.0545    0.0136    0.0282   -0.0263   -0.0236   -0.0265
            Z    -0.0006    0.0007    0.0006    0.0023   -0.0012   -0.0032
 AT.   9 O  X    -0.0009    0.0117    0.0007    0.0001   -0.0054    0.0019
            Y    -0.0001    0.0980    0.0006   -0.0018   -0.0236    0.0068
            Z    -0.0002   -0.0009    0.0004    0.0007    0.0013   -0.0005
 AT.  10 O  X     0.0004   -0.0896   -0.0023   -0.0014   -0.0129    0.0044
            Y     0.0016   -0.0374   -0.0003   -0.0000   -0.0074    0.0035
            Z     0.0001   -0.0011   -0.0002   -0.0013    0.0003   -0.0002


  DISPERSION K POINT NUMBER     6 COORD:  C(  0  1  2 )    WEIGHT:    1.

    MODES         EIGV          FREQUENCIES     IRREP
             (HARTREE**2)   (CM**-1)     (THZ)
    1-   1    0.2471E-06    109.1015    3.2708  (  1)
    2-   2    0.3761E-06    134.5929    4.0350  (  1)
    3-   3    0.4602E-06    148.8917    4.4637  (  1)
    4-   4    0.4967E-06    154.6859    4.6374  (  1)
    5-   5    0.5328E-06    160.2087    4.8029  (  1)
    6-   6    0.7033E-06    184.0545    5.5178  (  1)
    7-   7    0.9694E-06    216.0869    6.4781  (  1)
    8-   8    0.1188E-05    239.1835    7.1705  (  1)
    9-   9    0.1201E-05    240.5610    7.2118  (  1)
   10-  10    0.1397E-05    259.4025    7.7767  (  1)
   11-  11    0.1812E-05    295.4218    8.8565  (  1)
   12-  12    0.1898E-05    302.3323    9.0637  (  1)
   13-  13    0.2158E-05    322.4106    9.6656  (  1)
   14-  14    0.2260E-05    329.9349    9.8912  (  1)
   15-  15    0.2533E-05    349.2746   10.4710  (  1)
   16-  16    0.2983E-05    379.0704   11.3642  (  1)
   17-  17    0.3110E-05    387.0477   11.6034  (  1)
   18-  18    0.3154E-05    389.7960   11.6858  (  1)
   19-  19    0.1095E-04    726.2550   21.7726  (  1)
   20-  20    0.1115E-04    732.7818   21.9682  (  1)
   21-  21    0.1117E-04    733.3612   21.9856  (  1)
   22-  22    0.1120E-04    734.5993   22.0227  (  1)
   23-  23    0.1646E-04    890.4671   26.6955  (  1)
   24-  24    0.1646E-04    890.4847   26.6961  (  1)
   25-  25    0.2663E-04   1132.5140   33.9519  (  1)
   26-  26    0.2663E-04   1132.5319   33.9525  (  1)
   27-  27    0.4705E-04   1505.3916   45.1305  (  1)
   28-  28    0.4770E-04   1515.8639   45.4445  (  1)
   29-  29    0.5027E-04   1556.0804   46.6501  (  1)
   30-  30    0.5286E-04   1595.6460   47.8363  (  1)

 MODES IN PHASE

 FREQ(CM**-1)    109.10    134.59    148.89    154.69    160.21    184.05

 AT.   1 CA X     0.0203    0.0308   -0.0742    0.0830    0.0139    0.0061
            Y    -0.0275    0.0724   -0.0369   -0.0383   -0.0435    0.0130
            Z    -0.0082    0.0249    0.0611    0.0667   -0.0803   -0.0097
 AT.   2 MG X     0.0103   -0.0036   -0.0394    0.0320    0.0076    0.0056
            Y     0.0044   -0.0365    0.0178    0.0127    0.0302   -0.0042
            Z    -0.0307    0.0034   -0.0226   -0.0171   -0.0021   -0.0188
 AT.   3 C  X    -0.0120    0.0079   -0.0195    0.0164   -0.0307    0.0078
            Y     0.0139   -0.0004   -0.0151    0.0083    0.0119   -0.0159
            Z    -0.0349    0.0029   -0.0078    0.0409    0.0317   -0.0155
 AT.   4 C  X     0.0117    0.0136    0.0115   -0.0311   -0.0010   -0.0005
            Y    -0.0052    0.0076   -0.0229   -0.0155    0.0086   -0.0283
            Z     0.0360    0.0237    0.0287    0.0055    0.0272    0.0054
 AT.   5 O  X    -0.0053    0.0212   -0.0414    0.0152   -0.0490    0.0015
            Y     0.0253    0.0193   -0.0455    0.0066   -0.0164   -0.0204
            Z     0.0149    0.0235    0.0423    0.0659    0.0179   -0.0118
 AT.   6 O  X     0.0561   -0.0614   -0.0346    0.0347   -0.0037    0.0013
            Y    -0.0081   -0.0031    0.0355    0.0052   -0.0141   -0.0172
            Z     0.0270   -0.0223   -0.0143    0.0048   -0.0562    0.0272
 AT.   7 O  X     0.0140   -0.0097    0.0154   -0.0250    0.0093    0.0162
            Y    -0.0401    0.0662   -0.0206   -0.0241   -0.0004    0.0253
            Z    -0.0330    0.0278    0.0500    0.0235   -0.0080    0.0393
 AT.   8 O  X     0.0206    0.0201   -0.0410    0.0212   -0.0448   -0.0163
            Y     0.0164    0.0165   -0.0380    0.0087   -0.0162   -0.0068
            Z    -0.0385    0.0256    0.0374    0.0541    0.0108    0.0596
 AT.   9 O  X    -0.0307   -0.0650   -0.0340    0.0254   -0.0022   -0.0052
            Y     0.0151   -0.0029    0.0349   -0.0001   -0.0141    0.0315
            Z    -0.0931   -0.0256   -0.0098   -0.0084   -0.0536   -0.0491
 AT.  10 O  X    -0.0065   -0.0102    0.0101   -0.0229    0.0012   -0.0066
            Y     0.0362    0.0648   -0.0192   -0.0247    0.0081   -0.0211
            Z     0.0645    0.0259    0.0451    0.0310    0.0044   -0.0545

 FREQ(CM**-1)    216.09    239.18    240.56    259.40    295.42    302.33

 AT.   1 CA X    -0.0066   -0.0003    0.0043    0.0043   -0.0267    0.0304
            Y    -0.0039    0.0019    0.0130   -0.0042   -0.0295   -0.0252
            Z    -0.0427   -0.0021    0.0248    0.0024   -0.0182    0.0033
 AT.   2 MG X     0.0049    0.0010   -0.0323    0.0340    0.0107   -0.0484
            Y     0.0207   -0.0036   -0.0117    0.0074   -0.0444   -0.0084
            Z     0.0181   -0.0018   -0.0284    0.0640    0.0084    0.0161
 AT.   3 C  X     0.0160   -0.0175   -0.0462   -0.0260   -0.0277    0.0103
            Y    -0.0420   -0.0602   -0.0011   -0.0240    0.0110    0.0287
            Z    -0.0268   -0.0151    0.0063    0.0062    0.0199   -0.0279
 AT.   4 C  X    -0.0346   -0.0249    0.0334    0.0271    0.0032    0.0117
            Y     0.0347   -0.0107    0.0073    0.0218   -0.0291    0.0293
            Z     0.0260   -0.0087   -0.0115   -0.0051   -0.0320   -0.0281
 AT.   5 O  X     0.0348   -0.0364   -0.0323   -0.0319   -0.0123   -0.0109
            Y    -0.0192   -0.0795    0.0142   -0.0244    0.0315   -0.0098
            Z    -0.0160    0.0374    0.0410    0.0105    0.0280    0.0359
 AT.   6 O  X     0.0279   -0.0208    0.0835    0.0457    0.0249   -0.0365
            Y     0.0241    0.0620   -0.0271    0.0304   -0.0303   -0.0184
            Z     0.0304    0.0164    0.0601    0.0581   -0.0484    0.0214
 AT.   7 O  X    -0.0541    0.0191   -0.0204    0.0412    0.0343    0.0179
            Y     0.0462    0.0056    0.0261   -0.0436    0.0073   -0.0097
            Z     0.0379    0.0029    0.0229   -0.0218    0.0240    0.0304
 AT.   8 O  X     0.0073    0.0342   -0.0522    0.0111    0.0308   -0.0062
            Y    -0.0263    0.0859    0.0362   -0.0131    0.0257    0.0024
            Z     0.0106   -0.0405    0.0087    0.0571    0.0316   -0.0376
 AT.   9 O  X     0.0275    0.0236    0.0375    0.0039   -0.0399   -0.0081
            Y     0.0075   -0.0554   -0.0279    0.0116    0.0015   -0.0041
            Z     0.0392   -0.0123    0.0520    0.0123    0.0605   -0.0019
 AT.  10 O  X    -0.0507   -0.0220    0.0268    0.0295   -0.0197    0.0079
            Y     0.0678   -0.0145    0.0204    0.0217    0.0243    0.0289
            Z     0.0616   -0.0115    0.0106   -0.0525    0.0242   -0.0935

 FREQ(CM**-1)    322.41    329.93    349.27    379.07    387.05    389.80

 AT.   1 CA X    -0.0065    0.0047   -0.0465    0.0272   -0.0073   -0.0011
            Y    -0.0480   -0.0045    0.0143    0.0215   -0.0155    0.0012
            Z     0.0253   -0.0117    0.0162   -0.0014   -0.0073   -0.0276
 AT.   2 MG X     0.0336   -0.0001    0.0203    0.0473    0.0841   -0.1203
            Y    -0.0295   -0.0211    0.0136    0.0363    0.1152    0.0888
            Z     0.0281    0.0053    0.0379    0.1303   -0.0521    0.0303
 AT.   3 C  X    -0.0076   -0.0027   -0.0050   -0.0185    0.0100    0.0174
            Y    -0.0257    0.0015    0.0386    0.0202    0.0134   -0.0010
            Z    -0.0058   -0.0191    0.0164   -0.0101   -0.0080    0.0325
 AT.   4 C  X    -0.0220    0.0112   -0.0372    0.0138    0.0104   -0.0156
            Y    -0.0098    0.0089    0.0220   -0.0208   -0.0056   -0.0152
            Z    -0.0341   -0.0279    0.0026    0.0019   -0.0255   -0.0266
 AT.   5 O  X    -0.0211   -0.0080   -0.0021   -0.0417    0.0072    0.0435
            Y    -0.0403   -0.0145    0.0435    0.0025    0.0122    0.0247
            Z    -0.0560   -0.0172    0.0636    0.0075    0.0208    0.0472
 AT.   6 O  X    -0.0320    0.0479    0.0324   -0.0081   -0.0420   -0.0038
            Y     0.0052    0.0092   -0.0303    0.0024   -0.0077    0.0211
            Z    -0.0174   -0.0654   -0.0664   -0.0229    0.0704   -0.0009
 AT.   7 O  X    -0.0217   -0.0160   -0.0293    0.0057    0.0040   -0.0178
            Y     0.0446   -0.0374   -0.0081   -0.0148    0.0276   -0.0104
            Z    -0.0652    0.0134   -0.0310    0.0443   -0.0205   -0.0013
 AT.   8 O  X     0.0309    0.0094    0.0260   -0.0420    0.0074    0.0432
            Y    -0.0001   -0.0012    0.0163   -0.0046    0.0111    0.0235
            Z     0.0298    0.0513    0.0436   -0.0118    0.0207    0.0446
 AT.   9 O  X    -0.0046   -0.0539    0.0279   -0.0155   -0.0434   -0.0046
            Y     0.0308   -0.0100   -0.0418    0.0143   -0.0067    0.0223
            Z    -0.0126    0.0992   -0.0341   -0.0110    0.0697   -0.0010
 AT.  10 O  X    -0.0402    0.0056   -0.0246    0.0160    0.0031   -0.0188
            Y     0.0308    0.0203    0.0062   -0.0225    0.0245   -0.0088
            Z    -0.0254   -0.0002   -0.0792    0.0631   -0.0195   -0.0031

 FREQ(CM**-1)    726.26    732.78    733.36    734.60    890.47    890.48

 AT.   1 CA X     0.0006   -0.0002    0.0036    0.0029   -0.0008    0.0000
            Y     0.0004    0.0002    0.0016   -0.0067   -0.0003   -0.0001
            Z     0.0037   -0.0035   -0.0001   -0.0014   -0.0003    0.0001
 AT.   2 MG X    -0.0181   -0.0017   -0.0010   -0.0014   -0.0013   -0.0001
            Y     0.0037   -0.0092    0.0000   -0.0042   -0.0005    0.0002
            Z     0.0008   -0.0012   -0.0071    0.0130   -0.0003    0.0001
 AT.   3 C  X     0.0370   -0.0019    0.0298   -0.0290    0.0003    0.0053
            Y     0.0101   -0.0261    0.0280    0.0162   -0.0009   -0.0003
            Z    -0.0029   -0.0047    0.0008   -0.0002    0.1791    0.0707
 AT.   4 C  X     0.0286    0.0021    0.0067    0.0296    0.0054   -0.0004
            Y    -0.0244   -0.0269   -0.0388   -0.0144   -0.0001    0.0009
            Z     0.0015   -0.0046   -0.0011    0.0001   -0.0707    0.1791
 AT.   5 O  X    -0.0069    0.0479   -0.0432   -0.0183   -0.0046   -0.0017
            Y    -0.0729    0.0384   -0.0710    0.0461   -0.0027   -0.0002
            Z    -0.0082    0.0089   -0.0091    0.0058   -0.0497   -0.0185
 AT.   6 O  X     0.0691   -0.0829   -0.0365   -0.0288   -0.0036    0.0013
            Y     0.0249    0.0193   -0.0517    0.0591   -0.0001   -0.0004
            Z    -0.0086    0.0137    0.0035    0.0042    0.0228   -0.0297
 AT.   7 O  X    -0.0534    0.0024   -0.0252   -0.0492    0.0029    0.0016
            Y     0.0426   -0.0808   -0.0530    0.0683   -0.0017   -0.0075
            Z    -0.0075    0.0111    0.0036   -0.0137    0.0243    0.0472
 AT.   8 O  X    -0.0566   -0.0013   -0.0172    0.0543    0.0032    0.0020
            Y    -0.0435   -0.0736    0.0605    0.0657    0.0001    0.0009
            Z    -0.0078   -0.0107    0.0047    0.0139    0.0294    0.0234
 AT.   9 O  X     0.0747    0.0819   -0.0359    0.0338    0.0079   -0.0010
            Y    -0.0296    0.0210    0.0543    0.0570   -0.0011    0.0002
            Z    -0.0090   -0.0137    0.0045   -0.0061   -0.0459    0.0246
 AT.  10 O  X    -0.0064   -0.0421   -0.0403    0.0223   -0.0017   -0.0014
            Y     0.0766    0.0373    0.0666    0.0421   -0.0015    0.0076
            Z    -0.0085   -0.0084   -0.0084   -0.0038    0.0199   -0.0476

 FREQ(CM**-1)   1132.51   1132.53   1505.39   1515.86   1556.08   1595.65

 AT.   1 CA X    -0.0022    0.0012    0.0006   -0.0011   -0.0000   -0.0003
            Y    -0.0019   -0.0014   -0.0002    0.0001    0.0001   -0.0038
            Z     0.0002   -0.0001    0.0030    0.0004    0.0001   -0.0001
 AT.   2 MG X     0.0059   -0.0031    0.0054    0.0008   -0.0003   -0.0002
            Y    -0.0049   -0.0037    0.0009    0.0001    0.0020   -0.0014
            Z    -0.0002    0.0001    0.0018   -0.0016    0.0001    0.0011
 AT.   3 C  X     0.0009   -0.0001   -0.1287    0.0061    0.1348   -0.0667
            Y     0.0016    0.0023   -0.0422    0.1566   -0.0024   -0.1055
            Z     0.0004    0.0002   -0.0044    0.0001   -0.0042    0.0014
 AT.   4 C  X    -0.0009   -0.0008    0.1573    0.0483    0.1094    0.0036
            Y    -0.0013   -0.0036   -0.0007    0.1260    0.0607    0.1339
            Z    -0.0004    0.0002    0.0047    0.0010   -0.0040    0.0000
 AT.   5 O  X     0.0813    0.0413    0.0325    0.0244   -0.0411    0.0023
            Y    -0.0613   -0.0308   -0.0152   -0.0296    0.0212    0.0103
            Z    -0.0022    0.0000    0.0023   -0.0000    0.0012   -0.0000
 AT.   6 O  X    -0.0065    0.0070   -0.0089    0.0002    0.0039   -0.0045
            Y    -0.0579    0.0523    0.0073    0.0330   -0.0387   -0.0501
            Z     0.0002   -0.0004   -0.0021   -0.0003   -0.0029    0.0015
 AT.   7 O  X     0.0414    0.0931   -0.0039    0.0378    0.0369   -0.0395
            Y     0.0173    0.0398   -0.0074    0.0179    0.0236   -0.0082
            Z     0.0000    0.0021    0.0003   -0.0016   -0.0019   -0.0012
 AT.   8 O  X     0.0404   -0.0812    0.0347   -0.0307    0.0451   -0.0393
            Y    -0.0294    0.0609   -0.0261    0.0329   -0.0283    0.0339
            Z    -0.0012    0.0003   -0.0000   -0.0010   -0.0009    0.0035
 AT.   9 O  X     0.0063    0.0066    0.0070    0.0038    0.0012    0.0123
            Y     0.0491    0.0564    0.0307   -0.0062    0.0452    0.0327
            Z    -0.0009   -0.0011   -0.0010    0.0008    0.0021   -0.0029
 AT.  10 O  X     0.0945   -0.0403   -0.0566   -0.0368   -0.0488   -0.0187
            Y     0.0400   -0.0163   -0.0196   -0.0212   -0.0245   -0.0170
            Z     0.0005   -0.0012   -0.0036    0.0016    0.0024   -0.0004

 MODES IN ANTI-PHASE

 FREQ(CM**-1)    109.10    134.59    148.89    154.69    160.21    184.05

 AT.   1 CA X    -0.0305   -0.0010   -0.0075    0.0151    0.0013    0.0206
            Y     0.0414   -0.0024   -0.0038   -0.0070   -0.0040    0.0439
            Z     0.0123   -0.0008    0.0062    0.0121   -0.0074   -0.0326
 AT.   2 MG X    -0.0155    0.0001   -0.0040    0.0058    0.0007    0.0189
            Y    -0.0066    0.0012    0.0018    0.0023    0.0028   -0.0140
            Z     0.0462   -0.0001   -0.0023   -0.0031   -0.0002   -0.0636
 AT.   3 C  X     0.0057   -0.0217   -0.0056    0.0288    0.0119   -0.0164
            Y     0.0041   -0.0088    0.0292    0.0144   -0.0133   -0.0311
            Z     0.0187   -0.0305   -0.0276   -0.0123   -0.0400    0.0424
 AT.   4 C  X    -0.0061   -0.0186    0.0168   -0.0114    0.0329    0.0181
            Y     0.0136   -0.0045    0.0236   -0.0058   -0.0156    0.0205
            Z    -0.0165   -0.0194   -0.0013   -0.0424   -0.0431   -0.0449
 AT.   5 O  X    -0.0201    0.0154   -0.0018    0.0198    0.0182   -0.0276
            Y    -0.0285    0.0409    0.0328    0.0071   -0.0004   -0.0440
            Z     0.0355   -0.0316   -0.0204   -0.0217   -0.0367    0.0913
 AT.   6 O  X     0.0097    0.0555   -0.0003   -0.0201    0.0077   -0.0075
            Y    -0.0130   -0.0027    0.0006   -0.0139   -0.0013    0.0313
            Z     0.0896    0.0499    0.0210   -0.0368    0.0094   -0.0483
 AT.   7 O  X     0.0012    0.0080   -0.0249    0.0015   -0.0433    0.0129
            Y    -0.0224    0.0185    0.0046   -0.0061    0.0462    0.0002
            Z    -0.0561    0.0277   -0.0190    0.0257    0.0665   -0.0395
 AT.   8 O  X    -0.0029   -0.0168   -0.0066   -0.0131   -0.0269   -0.0224
            Y    -0.0344   -0.0421   -0.0413   -0.0043   -0.0027   -0.0480
            Z     0.0000    0.0300    0.0285    0.0435    0.0393    0.0702
 AT.   9 O  X    -0.0479   -0.0513   -0.0067    0.0311   -0.0083   -0.0056
            Y     0.0024    0.0029    0.0065    0.0149   -0.0013    0.0169
            Z     0.0099   -0.0483   -0.0234    0.0361   -0.0196   -0.0257
 AT.  10 O  X    -0.0124   -0.0073    0.0275   -0.0102    0.0443    0.0196
            Y     0.0282   -0.0229   -0.0086   -0.0027   -0.0455    0.0139
            Z     0.0087   -0.0295    0.0287   -0.0157   -0.0668   -0.0117

 FREQ(CM**-1)    216.09    239.18    240.56    259.40    295.42    302.33

 AT.   1 CA X     0.0017   -0.0039   -0.0018   -0.0023    0.0371    0.0483
            Y     0.0010    0.0216   -0.0055    0.0022    0.0410   -0.0400
            Z     0.0106   -0.0238   -0.0106   -0.0013    0.0253    0.0052
 AT.   2 MG X    -0.0012    0.0116    0.0138   -0.0178   -0.0148   -0.0769
            Y    -0.0051   -0.0408    0.0050   -0.0039    0.0617   -0.0133
            Z    -0.0045   -0.0209    0.0121   -0.0336   -0.0116    0.0256
 AT.   3 C  X     0.0397   -0.0179    0.0479   -0.0152   -0.0202   -0.0190
            Y     0.0017    0.0366   -0.0262    0.0262   -0.0291   -0.0083
            Z    -0.0061    0.0013    0.0228   -0.0133   -0.0252    0.0032
 AT.   4 C  X     0.0252   -0.0020    0.0576   -0.0130   -0.0342    0.0182
            Y     0.0237   -0.0696   -0.0252    0.0281   -0.0111    0.0061
            Z     0.0090   -0.0124    0.0206   -0.0137   -0.0018   -0.0011
 AT.   5 O  X     0.0501   -0.0099    0.0414   -0.0355   -0.0284   -0.0122
            Y     0.0200    0.0441   -0.0365   -0.0009   -0.0377   -0.0021
            Z    -0.0528   -0.0212    0.0272   -0.0622   -0.0427   -0.0245
 AT.   6 O  X    -0.0060    0.0179    0.0280    0.0269    0.0338   -0.0265
            Y     0.0294    0.0326    0.0126    0.0069    0.0085   -0.0133
            Z    -0.0262    0.0222   -0.0144    0.0251   -0.0476    0.0082
 AT.   7 O  X     0.0061   -0.0180   -0.0567   -0.0074    0.0093    0.0173
            Y    -0.0577   -0.0516   -0.0033   -0.0565   -0.0280    0.0274
            Z    -0.0600   -0.0504    0.0072    0.0488   -0.0335   -0.0891
 AT.   8 O  X    -0.0606   -0.0161   -0.0053    0.0464    0.0026   -0.0151
            Y    -0.0087    0.0296    0.0150    0.0206   -0.0418   -0.0098
            Z     0.0542   -0.0144   -0.0484    0.0268   -0.0401    0.0218
 AT.   9 O  X    -0.0077    0.0140   -0.0796   -0.0529   -0.0129   -0.0444
            Y    -0.0373    0.0428    0.0109   -0.0289    0.0314   -0.0224
            Z     0.0089    0.0247   -0.0334   -0.0621    0.0308    0.0229
 AT.  10 O  X     0.0200   -0.0144    0.0539   -0.0297   -0.0296    0.0236
            Y     0.0293   -0.0499   -0.0165    0.0680   -0.0158    0.0031
            Z     0.0353   -0.0491   -0.0215   -0.0098   -0.0334   -0.0111

 FREQ(CM**-1)    322.41    329.93    349.27    379.07    387.05    389.80

 AT.   1 CA X    -0.0048    0.0157   -0.0223   -0.0060    0.0002    0.0000
            Y    -0.0356   -0.0152    0.0068   -0.0047    0.0005   -0.0000
            Z     0.0187   -0.0393    0.0077    0.0003    0.0002    0.0007
 AT.   2 MG X     0.0249   -0.0003    0.0097   -0.0105   -0.0029    0.0032
            Y    -0.0219   -0.0711    0.0065   -0.0080   -0.0039   -0.0024
            Z     0.0208    0.0178    0.0181   -0.0288    0.0018   -0.0008
 AT.   3 C  X     0.0229    0.0300    0.0380    0.0024   -0.0192    0.0073
            Y    -0.0107    0.0167   -0.0087    0.0074   -0.0023    0.0188
            Z     0.0413   -0.0241    0.0036    0.0111    0.0361    0.0106
 AT.   4 C  X    -0.0101   -0.0280   -0.0090    0.0126   -0.0190   -0.0106
            Y     0.0261   -0.0142   -0.0329   -0.0055   -0.0123    0.0111
            Z    -0.0240    0.0129   -0.0166    0.0149    0.0268   -0.0215
 AT.   5 O  X     0.0388    0.0049    0.0350    0.0099   -0.0038    0.0042
            Y     0.0122   -0.0244   -0.0141    0.0162    0.0151    0.0219
            Z     0.0482    0.0675    0.0047    0.0442    0.0013    0.0478
 AT.   6 O  X     0.0050   -0.0252    0.0097    0.0193    0.0230    0.0161
            Y     0.0306   -0.0042   -0.0293   -0.0288   -0.0140   -0.0223
            Z    -0.0079    0.0814    0.0097   -0.0232    0.0079    0.0014
 AT.   7 O  X    -0.0354   -0.0142   -0.0080   -0.0256    0.0130    0.0198
            Y     0.0186   -0.0202    0.0145    0.0215    0.0446   -0.0291
            Z    -0.0067    0.0203   -0.0767   -0.0544   -0.0138    0.0321
 AT.   8 O  X    -0.0315   -0.0003   -0.0236    0.0085    0.0033   -0.0065
            Y    -0.0422   -0.0283    0.0427   -0.0157   -0.0159   -0.0232
            Z    -0.0676    0.0471    0.0466   -0.0433   -0.0027   -0.0502
 AT.   9 O  X    -0.0321    0.0051    0.0192   -0.0141   -0.0201   -0.0159
            Y    -0.0039    0.0015   -0.0052    0.0251    0.0145    0.0211
            Z    -0.0143    0.0324   -0.0578    0.0307   -0.0127   -0.0014
 AT.  10 O  X    -0.0104   -0.0206   -0.0178    0.0208   -0.0133   -0.0188
            Y     0.0372   -0.0373   -0.0154   -0.0133   -0.0464    0.0296
            Z    -0.0605    0.0243    0.0240    0.0307    0.0151   -0.0320

 FREQ(CM**-1)    726.26    732.78    733.36    734.60    890.47    890.48

 AT.   1 CA X     0.0003   -0.0004   -0.0065   -0.0017    0.0017   -0.0008
            Y     0.0002    0.0004   -0.0028    0.0040    0.0007    0.0018
            Z     0.0021   -0.0068    0.0001    0.0008    0.0005   -0.0015
 AT.   2 MG X    -0.0101   -0.0033    0.0018    0.0008    0.0026    0.0010
            Y     0.0021   -0.0179   -0.0001    0.0025    0.0009   -0.0029
            Z     0.0005   -0.0023    0.0126   -0.0079    0.0006   -0.0014
 AT.   3 C  X    -0.0125    0.0408    0.0238    0.0167    0.0060   -0.0027
            Y     0.0331   -0.0098   -0.0289    0.0427   -0.0005    0.0011
            Z    -0.0032    0.0002   -0.0009   -0.0005   -0.0001    0.1645
 AT.   4 C  X    -0.0266   -0.0408    0.0375    0.0155    0.0027    0.0060
            Y    -0.0246    0.0072    0.0108    0.0433   -0.0011   -0.0007
            Z     0.0041   -0.0006    0.0003   -0.0005    0.1645    0.0001
 AT.   5 O  X    -0.0622    0.0326    0.0467   -0.0709   -0.0005   -0.0028
            Y    -0.0061   -0.0630   -0.0275   -0.0500    0.0019   -0.0059
            Z    -0.0041   -0.0068    0.0000   -0.0127    0.0005   -0.0432
 AT.   6 O  X     0.0452    0.0415    0.0644   -0.0533   -0.0072   -0.0025
            Y    -0.0501    0.0396   -0.0320   -0.0333    0.0014    0.0018
            Z    -0.0053   -0.0071   -0.0074    0.0091    0.0402    0.0410
 AT.   7 O  X     0.0254   -0.0501    0.0628   -0.0510   -0.0001   -0.0022
            Y     0.0637   -0.0119   -0.0456   -0.0116    0.0032   -0.0011
            Z    -0.0053   -0.0024    0.0077   -0.0029   -0.0429    0.0058
 AT.   8 O  X     0.0268    0.0580    0.0612    0.0492    0.0034   -0.0026
            Y    -0.0588   -0.0054    0.0462   -0.0176    0.0033   -0.0058
            Z    -0.0048    0.0033    0.0078    0.0008    0.0401   -0.0408
 AT.   9 O  X     0.0351   -0.0433    0.0648    0.0502   -0.0014   -0.0027
            Y     0.0475    0.0387    0.0273   -0.0368    0.0010    0.0018
            Z    -0.0045    0.0070   -0.0069   -0.0080    0.0059    0.0442
 AT.  10 O  X    -0.0588   -0.0271    0.0543    0.0672   -0.0023   -0.0024
            Y     0.0028   -0.0727    0.0214   -0.0551    0.0033   -0.0002
            Z    -0.0036    0.0076    0.0010    0.0135   -0.0451    0.0001

 FREQ(CM**-1)   1132.51   1132.53   1505.39   1515.86   1556.08   1595.65

 AT.   1 CA X     0.0014   -0.0019   -0.0006   -0.0050   -0.0000    0.0003
            Y     0.0012    0.0022    0.0002    0.0003    0.0004    0.0042
            Z    -0.0001    0.0001   -0.0033    0.0016    0.0006    0.0001
 AT.   2 MG X    -0.0037    0.0049   -0.0058    0.0039   -0.0015    0.0002
            Y     0.0031    0.0059   -0.0010    0.0003    0.0091    0.0016
            Z     0.0001   -0.0001   -0.0019   -0.0075    0.0003   -0.0013
 AT.   3 C  X     0.0003   -0.0010    0.0904    0.0739   -0.0024   -0.0861
            Y     0.0035   -0.0027   -0.0622   -0.0015    0.1102    0.0826
            Z    -0.0000    0.0004    0.0019    0.0015   -0.0009    0.0020
 AT.   4 C  X     0.0003   -0.0007    0.0011   -0.0563    0.0786   -0.1089
            Y     0.0036    0.0004   -0.0751    0.0930   -0.0920    0.0051
            Z    -0.0000    0.0004   -0.0009   -0.0012   -0.0017    0.0024
 AT.   5 O  X    -0.0059    0.0703   -0.0374   -0.0204    0.0186    0.0393
            Y     0.0033   -0.0528    0.0275    0.0145   -0.0214   -0.0352
            Z     0.0003   -0.0003   -0.0002   -0.0025    0.0003   -0.0036
 AT.   6 O  X    -0.0101   -0.0106   -0.0063    0.0098    0.0111   -0.0119
            Y    -0.0820   -0.0874   -0.0314    0.0584    0.0238   -0.0277
            Z     0.0011    0.0015    0.0012    0.0011   -0.0013    0.0028
 AT.   7 O  X    -0.0849    0.0002    0.0571   -0.0056   -0.0361    0.0229
            Y    -0.0360   -0.0010    0.0202   -0.0120   -0.0074    0.0179
            Z    -0.0006    0.0003    0.0036    0.0003    0.0018    0.0005
 AT.   8 O  X    -0.0708   -0.0070   -0.0355   -0.0087   -0.0008    0.0018
            Y     0.0539    0.0050    0.0173    0.0011   -0.0103   -0.0138
            Z     0.0018   -0.0002   -0.0023   -0.0022    0.0008   -0.0004
 AT.   9 O  X     0.0102   -0.0109    0.0084    0.0090    0.0117    0.0033
            Y     0.0876   -0.0849   -0.0098    0.0667    0.0049    0.0470
            Z    -0.0007    0.0010    0.0022    0.0008   -0.0024   -0.0012
 AT.  10 O  X    -0.0008   -0.0839    0.0086    0.0104   -0.0168    0.0416
            Y    -0.0001   -0.0363    0.0090   -0.0036    0.0034    0.0100
            Z     0.0002   -0.0017   -0.0000   -0.0004    0.0008    0.0013


  DISPERSION K POINT NUMBER     7 COORD:  C(  0  2  0 )    WEIGHT:    1.

    MODES         EIGV          FREQUENCIES     IRREP
             (HARTREE**2)   (CM**-1)     (THZ)
    1-   1    0.1057E-06     71.3633    2.1394  (  1)
    2-   2    0.3086E-06    121.9237    3.6552  (  1)
    3-   3    0.3693E-06    133.3813    3.9987  (  1)
    4-   4    0.4418E-06    145.8788    4.3733  (  1)
    5-   5    0.4997E-06    155.1390    4.6509  (  1)
    6-   6    0.8194E-06    198.6704    5.9560  (  1)
    7-   7    0.9168E-06    210.1480    6.3001  (  1)
    8-   8    0.1064E-05    226.4034    6.7874  (  1)
    9-   9    0.1100E-05    230.1703    6.9003  (  1)
   10-  10    0.1322E-05    252.3115    7.5641  (  1)
   11-  11    0.1661E-05    282.8770    8.4804  (  1)
   12-  12    0.1933E-05    305.1802    9.1491  (  1)
   13-  13    0.2089E-05    317.2492    9.5109  (  1)
   14-  14    0.2185E-05    324.4171    9.7258  (  1)
   15-  15    0.2760E-05    364.6302   10.9313  (  1)
   16-  16    0.2990E-05    379.4971   11.3770  (  1)
   17-  17    0.3082E-05    385.2913   11.5507  (  1)
   18-  18    0.3604E-05    416.6457   12.4907  (  1)
   19-  19    0.1097E-04    726.8269   21.7897  (  1)
   20-  20    0.1112E-04    731.9066   21.9420  (  1)
   21-  21    0.1132E-04    738.3699   22.1358  (  1)
   22-  22    0.1149E-04    744.0963   22.3074  (  1)
   23-  23    0.1640E-04    888.8604   26.6474  (  1)
   24-  24    0.1655E-04    892.9100   26.7688  (  1)
   25-  25    0.2663E-04   1132.6280   33.9553  (  1)
   26-  26    0.2668E-04   1133.6666   33.9865  (  1)
   27-  27    0.4623E-04   1492.1890   44.7347  (  1)
   28-  28    0.4741E-04   1511.1758   45.3039  (  1)
   29-  29    0.4926E-04   1540.3791   46.1794  (  1)
   30-  30    0.5390E-04   1611.2346   48.3036  (  1)

 MODES IN PHASE

 FREQ(CM**-1)     71.36    121.92    133.38    145.88    155.14    198.67

 AT.   1 CA X     0.0303    0.0407   -0.0184    0.0100   -0.0813   -0.0146
            Y     0.0089    0.0431   -0.0234    0.0139    0.0587    0.0061
            Z     0.0250   -0.0526   -0.0018    0.0723   -0.0073    0.0198
 AT.   2 MG X    -0.0002    0.0243    0.0090    0.0228   -0.0043   -0.0164
            Y    -0.0001    0.0231   -0.0001   -0.0226   -0.0334    0.0226
            Z    -0.0003   -0.0250    0.0141    0.0213   -0.0095    0.0073
 AT.   3 C  X     0.0031    0.0395    0.0213    0.0244    0.0113   -0.0338
            Y     0.0092    0.0415    0.0039    0.0032   -0.0046    0.0303
            Z     0.0269   -0.0341    0.0149   -0.0102   -0.0008    0.0199
 AT.   4 C  X     0.0345    0.0323   -0.0320    0.0345    0.0244    0.0179
            Y     0.0059    0.0362   -0.0092   -0.0143   -0.0154    0.0308
            Z     0.0573   -0.0314   -0.0333   -0.0120   -0.0208   -0.0037
 AT.   5 O  X     0.0006    0.0383    0.0147    0.0542   -0.0071   -0.0405
            Y     0.0046    0.0399   -0.0051    0.0460   -0.0226    0.0194
            Z     0.0568   -0.0551   -0.0354   -0.0291   -0.0259   -0.0075
 AT.   6 O  X     0.0609    0.0107    0.0235   -0.0089   -0.0675   -0.0011
            Y    -0.0071   -0.0165    0.0044    0.0037    0.0197   -0.0390
            Z     0.0715   -0.0104   -0.0025    0.0295    0.0067    0.0142
 AT.   7 O  X     0.0007    0.0383    0.0152    0.0418   -0.0006   -0.0449
            Y     0.0137    0.0435    0.0184   -0.0397    0.0295    0.0538
            Z     0.0229   -0.0342    0.0313   -0.0064   -0.0107    0.0964
 AT.   8 O  X     0.0162    0.0368   -0.0095    0.0451   -0.0032    0.0333
            Y    -0.0201    0.0429    0.0216    0.0036   -0.0408    0.0511
            Z     0.0463   -0.0583   -0.0229   -0.0107   -0.0287   -0.0348
 AT.   9 O  X    -0.0047    0.0300    0.0238   -0.0330   -0.0320   -0.0278
            Y    -0.0088   -0.0015   -0.0017    0.0141    0.0156    0.0029
            Z    -0.0035   -0.0152    0.0399    0.0044    0.0493   -0.0228
 AT.  10 O  X     0.0222    0.0337   -0.0167    0.0349    0.0052    0.0260
            Y     0.0345    0.0316   -0.0438   -0.0155    0.0326    0.0226
            Z     0.0597   -0.0309   -0.0294   -0.0009   -0.0204    0.0267

 FREQ(CM**-1)    210.15    226.40    230.17    252.31    282.88    305.18

 AT.   1 CA X    -0.0032   -0.0015   -0.0161   -0.0058   -0.0317    0.0392
            Y     0.0013   -0.0596   -0.0347   -0.0011   -0.0315   -0.0084
            Z     0.0014   -0.0107   -0.0054    0.0142    0.0257   -0.0049
 AT.   2 MG X    -0.0398    0.0161    0.0224   -0.0139   -0.0586   -0.0520
            Y    -0.0248   -0.0035   -0.0011    0.0014    0.0615   -0.0540
            Z     0.0143   -0.0093    0.0093    0.0587    0.0004   -0.0524
 AT.   3 C  X    -0.0332    0.0407    0.0259   -0.0088   -0.0038   -0.0141
            Y    -0.0575   -0.0338   -0.0134   -0.0000    0.0328    0.0272
            Z     0.0252    0.0115   -0.0146   -0.0096   -0.0052    0.0377
 AT.   4 C  X     0.0300    0.0341    0.0003    0.0092    0.0122   -0.0065
            Y     0.0589   -0.0236    0.0335   -0.0049    0.0104   -0.0233
            Z    -0.0243    0.0137    0.0367    0.0075    0.0324    0.0173
 AT.   5 O  X    -0.0418    0.0353    0.0383    0.0100   -0.0050    0.0106
            Y    -0.0639   -0.0446    0.0023    0.0299    0.0291    0.0524
            Z     0.0477    0.0119   -0.0320   -0.0881    0.0106   -0.0018
 AT.   6 O  X    -0.0035   -0.0201   -0.0527    0.0428   -0.0085    0.0127
            Y     0.0379    0.0292   -0.0179   -0.0083   -0.0156    0.0127
            Z    -0.0581   -0.0673   -0.0223   -0.0215   -0.0552   -0.0585
 AT.   7 O  X    -0.0394    0.0393    0.0330   -0.0041    0.0016   -0.0041
            Y    -0.0410   -0.0320   -0.0279   -0.0132    0.0308    0.0069
            Z     0.0010   -0.0159   -0.0035    0.0744   -0.0768    0.0281
 AT.   8 O  X     0.0373    0.0229   -0.0183   -0.0133    0.0221   -0.0095
            Y     0.0634   -0.0411    0.0023   -0.0403    0.0246   -0.0269
            Z    -0.0430    0.0195   -0.0079    0.0976    0.0436   -0.0524
 AT.   9 O  X     0.0062   -0.0377    0.0003   -0.0241    0.0064   -0.0141
            Y    -0.0297    0.0366   -0.0164    0.0067    0.0259    0.0404
            Z     0.0570   -0.0614   -0.0166    0.0360    0.0089    0.0283
 AT.  10 O  X     0.0349    0.0291   -0.0144    0.0012    0.0257   -0.0149
            Y     0.0450   -0.0147    0.0784    0.0169   -0.0144   -0.0166
            Z     0.0058    0.0094    0.0819   -0.0673   -0.0190    0.0481

 FREQ(CM**-1)    317.25    324.42    364.63    379.50    385.29    416.65

 AT.   1 CA X    -0.0501   -0.0035    0.0140    0.0134    0.0027   -0.0034
            Y     0.0189   -0.0006   -0.0526   -0.0057   -0.0051    0.0126
            Z    -0.0183   -0.0140    0.0008   -0.0017   -0.0035   -0.0016
 AT.   2 MG X     0.0479   -0.0135   -0.0011    0.1081   -0.0591   -0.0666
            Y    -0.0011   -0.0044    0.0013    0.0769   -0.0172    0.1457
            Z     0.0184    0.0044   -0.0037    0.0452    0.1411   -0.0245
 AT.   3 C  X    -0.0033   -0.0171    0.0005   -0.0350    0.0203    0.0235
            Y     0.0207    0.0121    0.0346    0.0163    0.0139   -0.0312
            Z     0.0390    0.0055   -0.0451    0.0068   -0.0067    0.0210
 AT.   4 C  X    -0.0109    0.0274   -0.0009    0.0186   -0.0106   -0.0107
            Y     0.0215   -0.0136    0.0355   -0.0224   -0.0158   -0.0070
            Z     0.0252    0.0011   -0.0014   -0.0131   -0.0201   -0.0156
 AT.   5 O  X     0.0185   -0.0142   -0.0214   -0.0447    0.0068    0.0397
            Y     0.0542    0.0178   -0.0081    0.0097    0.0041   -0.0057
            Z     0.0589    0.0038    0.0219    0.0032    0.0542    0.0179
 AT.   6 O  X     0.0273    0.0148   -0.0418    0.0025   -0.0264   -0.0066
            Y    -0.0184   -0.0035    0.0036    0.0107    0.0078    0.0343
            Z    -0.0596    0.0390    0.0531   -0.0239    0.0284   -0.0034
 AT.   7 O  X     0.0184   -0.0127   -0.0035   -0.0329    0.0153    0.0212
            Y    -0.0317    0.0057    0.0579   -0.0042    0.0408   -0.0353
            Z    -0.0135   -0.0338   -0.0679   -0.0440   -0.0224    0.0395
 AT.   8 O  X     0.0096    0.0321    0.0029    0.0188   -0.0111   -0.0189
            Y     0.0521   -0.0117    0.0240   -0.0274   -0.0222   -0.0132
            Z     0.0221    0.0164    0.0459   -0.0321   -0.0641   -0.0365
 AT.   9 O  X     0.0017   -0.0166   -0.0384   -0.0351    0.0150   -0.0141
            Y    -0.0069    0.0080   -0.0241    0.0127    0.0219   -0.0151
            Z    -0.0438   -0.0092    0.0692    0.0527   -0.0422   -0.0049
 AT.  10 O  X     0.0071    0.0294    0.0078    0.0121   -0.0121   -0.0125
            Y    -0.0184   -0.0185    0.0271    0.0018   -0.0137    0.0001
            Z    -0.0217    0.0524   -0.0270    0.0415    0.0111   -0.0092

 FREQ(CM**-1)    726.83    731.91    738.37    744.10    888.86    892.91

 AT.   1 CA X    -0.0007    0.0010    0.0029    0.0035   -0.0004    0.0001
            Y    -0.0076    0.0008    0.0004   -0.0034    0.0019    0.0009
            Z    -0.0035   -0.0001   -0.0029   -0.0027   -0.0002   -0.0005
 AT.   2 MG X    -0.0009    0.0128   -0.0021   -0.0001   -0.0018    0.0029
            Y     0.0004    0.0022    0.0038    0.0007    0.0010    0.0004
            Z     0.0003    0.0012    0.0010    0.0007    0.0028    0.0013
 AT.   3 C  X     0.0084   -0.0089   -0.0366   -0.0207    0.0010    0.0026
            Y    -0.0500   -0.0319   -0.0021   -0.0058   -0.0016    0.0015
            Z    -0.0010    0.0007    0.0019    0.0025    0.1798   -0.1067
 AT.   4 C  X     0.0018    0.0052   -0.0252    0.0336    0.0036   -0.0007
            Y    -0.0297    0.0510   -0.0068   -0.0025    0.0009    0.0001
            Z    -0.0012   -0.0010    0.0013    0.0067    0.1078    0.1779
 AT.   5 O  X     0.0903    0.0498    0.0033    0.0064   -0.0056    0.0022
            Y     0.0177    0.0344    0.0628    0.0426   -0.0040    0.0016
            Z     0.0092    0.0043    0.0085    0.0039   -0.0473    0.0319
 AT.   6 O  X     0.0338    0.0250    0.0345   -0.1058    0.0000   -0.0002
            Y     0.0509    0.0772   -0.0173    0.0211    0.0012    0.0011
            Z    -0.0021   -0.0056   -0.0065    0.0154    0.0256    0.0215
 AT.   7 O  X    -0.0556   -0.0512   -0.0412   -0.0287   -0.0013    0.0004
            Y     0.0916    0.0402   -0.0295   -0.0194    0.0047   -0.0024
            Z    -0.0138   -0.0070   -0.0018    0.0004   -0.0475    0.0299
 AT.   8 O  X     0.0516   -0.0858    0.0064    0.0191   -0.0035   -0.0040
            Y     0.0100   -0.0429    0.0441   -0.0565   -0.0042   -0.0038
            Z     0.0067   -0.0082    0.0081   -0.0057   -0.0268   -0.0500
 AT.   9 O  X     0.0482   -0.0281   -0.0996   -0.0304    0.0063   -0.0044
            Y     0.0728   -0.0498    0.0410    0.0156    0.0002   -0.0000
            Z    -0.0038    0.0051    0.0133    0.0024   -0.0173    0.0223
 AT.  10 O  X    -0.0332    0.0726   -0.0303    0.0251   -0.0007   -0.0013
            Y     0.0528   -0.0768   -0.0189    0.0527    0.0045    0.0050
            Z    -0.0093    0.0146   -0.0010   -0.0077   -0.0287   -0.0498

 FREQ(CM**-1)   1132.63   1133.67   1492.19   1511.18   1540.38   1611.23

 AT.   1 CA X     0.0026   -0.0001   -0.0032    0.0001   -0.0002   -0.0019
            Y    -0.0024    0.0001   -0.0022   -0.0000    0.0004    0.0050
            Z     0.0021    0.0001    0.0018   -0.0000    0.0004    0.0023
 AT.   2 MG X     0.0001    0.0024   -0.0013   -0.0063    0.0046   -0.0032
            Y    -0.0005   -0.0084   -0.0003   -0.0026   -0.0053    0.0027
            Z    -0.0025    0.0031   -0.0003   -0.0030   -0.0050    0.0018
 AT.   3 C  X    -0.0010   -0.0003    0.1337    0.1614    0.0591   -0.0912
            Y     0.0011    0.0042    0.1113    0.0653   -0.1394    0.1424
            Z    -0.0009    0.0000   -0.0028    0.0027   -0.0010    0.0017
 AT.   4 C  X    -0.0008    0.0002    0.1343   -0.1588   -0.0761   -0.0870
            Y     0.0010   -0.0045    0.1071   -0.0672    0.1502    0.1027
            Z    -0.0010   -0.0000   -0.0026   -0.0025    0.0009    0.0010
 AT.   5 O  X    -0.0811    0.0812   -0.0193   -0.0374   -0.0396    0.0521
            Y     0.0600   -0.0612    0.0027    0.0161    0.0356   -0.0482
            Z     0.0010   -0.0015   -0.0001   -0.0011   -0.0014   -0.0032
 AT.   6 O  X     0.0070   -0.0085    0.0061    0.0057   -0.0008   -0.0007
            Y     0.0516   -0.0602    0.0290    0.0114   -0.0132    0.0206
            Z    -0.0002    0.0011    0.0004   -0.0012   -0.0019   -0.0018
 AT.   7 O  X     0.0942   -0.0937   -0.0638   -0.0665   -0.0053    0.0182
            Y     0.0401   -0.0396   -0.0291   -0.0277    0.0115   -0.0093
            Z     0.0021   -0.0006    0.0018   -0.0026    0.0004    0.0004
 AT.   8 O  X    -0.0806   -0.0818   -0.0204    0.0365    0.0464    0.0445
            Y     0.0594    0.0618    0.0038   -0.0153   -0.0414   -0.0398
            Z     0.0010    0.0015   -0.0000    0.0012    0.0010   -0.0036
 AT.   9 O  X     0.0085    0.0070    0.0081   -0.0076    0.0009   -0.0002
            Y     0.0623    0.0498    0.0363   -0.0164    0.0316   -0.0176
            Z    -0.0003   -0.0010    0.0003    0.0015    0.0020   -0.0022
 AT.  10 O  X     0.0934    0.0945   -0.0633    0.0656    0.0103    0.0213
            Y     0.0397    0.0402   -0.0288    0.0278   -0.0108   -0.0044
            Z     0.0020    0.0005    0.0015    0.0022    0.0001    0.0010

 MODES IN ANTI-PHASE

 FREQ(CM**-1)     71.36    121.92    133.38    145.88    155.14    198.67

 AT.   1 CA X    -0.0178    0.0080   -0.0496    0.0098   -0.0345   -0.0119
            Y    -0.0052    0.0085   -0.0632    0.0136    0.0249    0.0050
            Z    -0.0146   -0.0103   -0.0048    0.0707   -0.0031    0.0161
 AT.   2 MG X    -0.0262   -0.0279    0.0015   -0.0064    0.0032    0.0063
            Y    -0.0160   -0.0264   -0.0000    0.0063    0.0252   -0.0086
            Z    -0.0474    0.0287    0.0024   -0.0059    0.0071   -0.0028
 AT.   3 C  X    -0.0378   -0.0114   -0.0243    0.0339    0.0230    0.0253
            Y    -0.0016   -0.0056   -0.0096   -0.0144   -0.0169    0.0252
            Z    -0.0507    0.0003   -0.0338   -0.0117   -0.0281   -0.0079
 AT.   4 C  X     0.0157    0.0256   -0.0045    0.0237   -0.0078   -0.0382
            Y    -0.0073    0.0209   -0.0047    0.0036    0.0084    0.0245
            Z     0.0013   -0.0132   -0.0160   -0.0100    0.0189    0.0211
 AT.   5 O  X    -0.0182    0.0035    0.0026    0.0439    0.0024    0.0425
            Y     0.0257    0.0158    0.0272    0.0026   -0.0349    0.0482
            Z    -0.0213   -0.0193   -0.0765   -0.0100   -0.0149   -0.0340
 AT.   6 O  X     0.0394    0.0530    0.0639   -0.0328    0.0207   -0.0282
            Y     0.0061    0.0363    0.0026    0.0140    0.0027    0.0111
            Z     0.0439   -0.0147    0.0583    0.0038    0.0621   -0.0263
 AT.   7 O  X    -0.0250   -0.0046   -0.0079    0.0340    0.0079    0.0359
            Y    -0.0319   -0.0227   -0.0458   -0.0146    0.0169    0.0118
            Z    -0.0556    0.0021   -0.0087   -0.0007   -0.0180    0.0071
 AT.   8 O  X     0.0084    0.0112    0.0115    0.0532   -0.0068   -0.0484
            Y    -0.0166    0.0005    0.0173    0.0460    0.0080    0.0092
            Z    -0.0392   -0.0030   -0.0812   -0.0288   -0.0083   -0.0004
 AT.   9 O  X    -0.0724   -0.0450    0.0638   -0.0082   -0.0629    0.0047
            Y     0.0032   -0.0398    0.0048    0.0034    0.0123   -0.0405
            Z    -0.0838    0.0097    0.0426    0.0294   -0.0383    0.0193
 AT.  10 O  X     0.0116    0.0188    0.0039    0.0411   -0.0059   -0.0513
            Y     0.0036    0.0374   -0.0228   -0.0394    0.0095    0.0502
            Z     0.0071   -0.0149    0.0137   -0.0064    0.0048    0.0929

 FREQ(CM**-1)    210.15    226.40    230.17    252.31    282.88    305.18

 AT.   1 CA X     0.0363    0.0003   -0.0228    0.0205   -0.0216    0.0309
            Y    -0.0152    0.0124   -0.0494    0.0040   -0.0214   -0.0066
            Z    -0.0166    0.0022   -0.0077   -0.0500    0.0175   -0.0039
 AT.   2 MG X    -0.0279   -0.0488   -0.0020   -0.0143    0.0283    0.0208
            Y    -0.0174    0.0106    0.0001    0.0014   -0.0296    0.0216
            Z     0.0100    0.0282   -0.0008    0.0606   -0.0002    0.0209
 AT.   3 C  X     0.0157    0.0080    0.0096   -0.0033    0.0147   -0.0033
            Y    -0.0131   -0.0186    0.0308    0.0093   -0.0018   -0.0305
            Z    -0.0027   -0.0078    0.0337    0.0012    0.0368    0.0087
 AT.   4 C  X     0.0212   -0.0236    0.0276    0.0018   -0.0089   -0.0129
            Y    -0.0029    0.0305   -0.0022    0.0079    0.0312    0.0336
            Z    -0.0071    0.0025   -0.0023    0.0061   -0.0183    0.0346
 AT.   5 O  X     0.0226    0.0237   -0.0056    0.0091    0.0257   -0.0123
            Y    -0.0026    0.0005    0.0032    0.0284    0.0150   -0.0403
            Z    -0.0230   -0.0214   -0.0199   -0.0430    0.0427   -0.0535
 AT.   6 O  X    -0.0154    0.0483   -0.0186   -0.0235    0.0102   -0.0176
            Y    -0.0443   -0.0245   -0.0239    0.0007    0.0339    0.0385
            Z     0.0012   -0.0008   -0.0257   -0.0337    0.0313    0.0432
 AT.   7 O  X     0.0222    0.0172   -0.0034    0.0044    0.0270   -0.0143
            Y    -0.0271   -0.0367    0.0733   -0.0108   -0.0276   -0.0188
            Z    -0.0391   -0.0600    0.0858    0.0079    0.0098    0.0427
 AT.   8 O  X     0.0295   -0.0358    0.0342    0.0025   -0.0140    0.0132
            Y     0.0085    0.0174    0.0032    0.0084    0.0216    0.0604
            Z    -0.0310    0.0149   -0.0368    0.0099   -0.0058    0.0108
 AT.   9 O  X    -0.0146   -0.0363   -0.0559   -0.0425   -0.0117    0.0164
            Y    -0.0502    0.0107   -0.0250    0.0050   -0.0269    0.0033
            Z     0.0113    0.0276   -0.0297   -0.0173   -0.0628   -0.0670
 AT.  10 O  X     0.0287   -0.0315    0.0299    0.0059   -0.0084   -0.0007
            Y    -0.0196    0.0464   -0.0014   -0.0022    0.0388    0.0112
            Z    -0.0387    0.0614    0.0258   -0.0325   -0.0750    0.0173

 FREQ(CM**-1)    317.25    324.42    364.63    379.50    385.29    416.65

 AT.   1 CA X    -0.0128   -0.0186   -0.0065    0.0283    0.0037   -0.0058
            Y     0.0048   -0.0032    0.0243   -0.0119   -0.0069    0.0215
            Z    -0.0047   -0.0741   -0.0004   -0.0037   -0.0047   -0.0027
 AT.   2 MG X    -0.0490   -0.0047    0.0122    0.0087    0.0065    0.0005
            Y     0.0011   -0.0016   -0.0141    0.0062    0.0019   -0.0011
            Z    -0.0188    0.0015    0.0406    0.0036   -0.0155    0.0002
 AT.   3 C  X    -0.0168    0.0316    0.0016   -0.0046   -0.0047    0.0008
            Y     0.0071   -0.0065   -0.0172   -0.0156   -0.0122   -0.0254
            Z    -0.0187    0.0168   -0.0365   -0.0114   -0.0232   -0.0062
 AT.   4 C  X     0.0131    0.0232   -0.0014   -0.0300    0.0179    0.0209
            Y     0.0037   -0.0017   -0.0152    0.0028    0.0096   -0.0397
            Z     0.0351    0.0177    0.0580   -0.0019   -0.0134    0.0153
 AT.   5 O  X    -0.0138    0.0517   -0.0220   -0.0122   -0.0095    0.0005
            Y     0.0094    0.0134   -0.0384   -0.0274   -0.0219   -0.0182
            Z    -0.0616    0.0548   -0.0416   -0.0388   -0.0501   -0.0318
 AT.   6 O  X    -0.0463   -0.0079    0.0149   -0.0432    0.0074   -0.0199
            Y     0.0193    0.0132    0.0347    0.0251    0.0254    0.0018
            Z     0.0176    0.0744   -0.0457    0.0486   -0.0353   -0.0075
 AT.   7 O  X    -0.0188    0.0483   -0.0132   -0.0113   -0.0078   -0.0025
            Y     0.0196   -0.0362    0.0136   -0.0011   -0.0015   -0.0196
            Z    -0.0205    0.0574   -0.0223    0.0177    0.0046    0.0115
 AT.   8 O  X     0.0210    0.0429    0.0305   -0.0423    0.0037    0.0349
            Y     0.0178    0.0189    0.0310   -0.0098   -0.0026   -0.0138
            Z     0.0823    0.0524    0.0102   -0.0220    0.0367    0.0001
 AT.   9 O  X     0.0537   -0.0019    0.0221   -0.0253   -0.0230   -0.0154
            Y    -0.0258    0.0110   -0.0252    0.0241    0.0151    0.0309
            Z    -0.0441    0.0834   -0.0108    0.0122    0.0165   -0.0066
 AT.  10 O  X     0.0253    0.0403    0.0112   -0.0326    0.0122    0.0173
            Y    -0.0324   -0.0316   -0.0529   -0.0039    0.0385   -0.0404
            Z     0.0115    0.0412    0.0662   -0.0230   -0.0200    0.0401

 FREQ(CM**-1)    726.83    731.91    738.37    744.10    888.86    892.91

 AT.   1 CA X     0.0003   -0.0026   -0.0045   -0.0022   -0.0002    0.0003
            Y     0.0029   -0.0021   -0.0006    0.0022    0.0009    0.0017
            Z     0.0013    0.0004    0.0045    0.0017   -0.0001   -0.0010
 AT.   2 MG X     0.0054    0.0157   -0.0040   -0.0035    0.0012    0.0002
            Y    -0.0023    0.0027    0.0073    0.0171   -0.0007    0.0000
            Z    -0.0017    0.0015    0.0020    0.0153   -0.0018    0.0001
 AT.   3 C  X     0.0066    0.0023    0.0445   -0.0469    0.0037    0.0011
            Y    -0.0111   -0.0409    0.0084    0.0001    0.0023    0.0013
            Z     0.0007    0.0008   -0.0023   -0.0063   -0.0002    0.1424
 AT.   4 C  X    -0.0105    0.0076    0.0519    0.0386   -0.0014    0.0028
            Y     0.0417   -0.0095    0.0054    0.0052   -0.0027    0.0020
            Z     0.0002    0.0001   -0.0027    0.0004    0.1439    0.0002
 AT.   5 O  X     0.0229    0.0731   -0.0086   -0.0181   -0.0002   -0.0034
            Y     0.0047    0.0258   -0.0773    0.0824   -0.0023   -0.0035
            Z     0.0002    0.0075   -0.0128    0.0081    0.0020   -0.0386
 AT.   6 O  X    -0.0345    0.0141    0.0938   -0.0161    0.0079   -0.0056
            Y    -0.0523   -0.0123   -0.0372   -0.0073   -0.0006    0.0008
            Z     0.0033   -0.0014   -0.0116    0.0046   -0.0409    0.0440
 AT.   7 O  X    -0.0119   -0.0517    0.0522   -0.0412    0.0001   -0.0013
            Y     0.0226    0.0705    0.0344   -0.0673    0.0021    0.0045
            Z    -0.0015   -0.0141    0.0019    0.0086   -0.0003   -0.0398
 AT.   8 O  X    -0.0775    0.0218   -0.0066    0.0019   -0.0044   -0.0003
            Y    -0.0154   -0.0034   -0.0893   -0.0736   -0.0018   -0.0009
            Z    -0.0063    0.0027   -0.0131   -0.0069   -0.0390    0.0024
 AT.   9 O  X     0.0029   -0.0059    0.0077    0.1026   -0.0048   -0.0035
            Y     0.0047   -0.0603    0.0003   -0.0160    0.0013    0.0013
            Z    -0.0010    0.0027    0.0011   -0.0159    0.0450    0.0437
 AT.  10 O  X     0.0461   -0.0048    0.0592    0.0435   -0.0011   -0.0005
            Y    -0.0781    0.0262    0.0411    0.0461    0.0025    0.0008
            Z     0.0104   -0.0060    0.0024   -0.0040   -0.0378   -0.0000

 FREQ(CM**-1)   1132.63   1133.67   1492.19   1511.18   1540.38   1611.23

 AT.   1 CA X    -0.0002    0.0014    0.0003    0.0010   -0.0011   -0.0007
            Y     0.0002   -0.0013    0.0002   -0.0001    0.0027    0.0017
            Z    -0.0001   -0.0015   -0.0002   -0.0005    0.0023    0.0008
 AT.   2 MG X    -0.0002    0.0016    0.0028   -0.0030    0.0017    0.0028
            Y     0.0009   -0.0056    0.0006   -0.0013   -0.0020   -0.0023
            Z     0.0051    0.0021    0.0006   -0.0014   -0.0019   -0.0016
 AT.   3 C  X    -0.0015    0.0012   -0.0154    0.0033   -0.0634   -0.0247
            Y     0.0009    0.0020    0.0125   -0.0170    0.0570   -0.0153
            Z     0.0002    0.0000   -0.0011    0.0011   -0.0000   -0.0005
 AT.   4 C  X     0.0016    0.0012   -0.0095    0.0290   -0.0416   -0.0368
            Y    -0.0010    0.0014   -0.0328   -0.0064    0.0104    0.0999
            Z    -0.0001    0.0000    0.0016    0.0016   -0.0003    0.0014
 AT.   5 O  X     0.0006    0.0101    0.0078   -0.0024    0.0281    0.0057
            Y     0.0011   -0.0087   -0.0058    0.0038   -0.0243   -0.0030
            Z     0.0001   -0.0001   -0.0002    0.0006   -0.0011   -0.0018
 AT.   6 O  X    -0.0121    0.0111   -0.0112   -0.0120    0.0004    0.0005
            Y    -0.0876    0.0792   -0.0426   -0.0322    0.0607   -0.0548
            Z     0.0009   -0.0014    0.0004    0.0018    0.0007   -0.0013
 AT.   7 O  X     0.0001   -0.0125    0.0035   -0.0003    0.0167    0.0112
            Y     0.0009   -0.0066    0.0009    0.0027    0.0004    0.0048
            Z     0.0004    0.0003    0.0015   -0.0018    0.0012    0.0010
 AT.   8 O  X     0.0097   -0.0002   -0.0041   -0.0083    0.0142    0.0276
            Y    -0.0087   -0.0010    0.0052    0.0064   -0.0119   -0.0274
            Z    -0.0002    0.0000    0.0002    0.0004   -0.0015   -0.0006
 AT.   9 O  X     0.0112    0.0120    0.0099   -0.0110    0.0001   -0.0009
            Y     0.0803    0.0861    0.0365   -0.0300    0.0535    0.0558
            Z    -0.0009   -0.0015   -0.0004    0.0015    0.0000   -0.0001
 AT.  10 O  X    -0.0121   -0.0007    0.0083   -0.0109    0.0142    0.0024
            Y    -0.0060   -0.0015    0.0045   -0.0017    0.0040   -0.0095
            Z    -0.0006    0.0004   -0.0019   -0.0022    0.0013   -0.0006


  DISPERSION K POINT NUMBER     8 COORD:  C(  0  2  1 )    WEIGHT:    1.

    MODES         EIGV          FREQUENCIES     IRREP
             (HARTREE**2)   (CM**-1)     (THZ)
    1-   1    0.2471E-06    109.1015    3.2708  (  1)
    2-   2    0.3761E-06    134.5929    4.0350  (  1)
    3-   3    0.4602E-06    148.8917    4.4637  (  1)
    4-   4    0.4967E-06    154.6859    4.6374  (  1)
    5-   5    0.5328E-06    160.2087    4.8029  (  1)
    6-   6    0.7033E-06    184.0545    5.5178  (  1)
    7-   7    0.9694E-06    216.0869    6.4781  (  1)
    8-   8    0.1188E-05    239.1835    7.1705  (  1)
    9-   9    0.1201E-05    240.5610    7.2118  (  1)
   10-  10    0.1397E-05    259.4025    7.7767  (  1)
   11-  11    0.1812E-05    295.4218    8.8565  (  1)
   12-  12    0.1898E-05    302.3323    9.0637  (  1)
   13-  13    0.2158E-05    322.4106    9.6656  (  1)
   14-  14    0.2260E-05    329.9349    9.8912  (  1)
   15-  15    0.2533E-05    349.2746   10.4710  (  1)
   16-  16    0.2983E-05    379.0704   11.3642  (  1)
   17-  17    0.3110E-05    387.0477   11.6034  (  1)
   18-  18    0.3154E-05    389.7960   11.6858  (  1)
   19-  19    0.1095E-04    726.2550   21.7726  (  1)
   20-  20    0.1115E-04    732.7818   21.9682  (  1)
   21-  21    0.1117E-04    733.3612   21.9856  (  1)
   22-  22    0.1120E-04    734.5993   22.0227  (  1)
   23-  23    0.1646E-04    890.4671   26.6955  (  1)
   24-  24    0.1646E-04    890.4847   26.6961  (  1)
   25-  25    0.2663E-04   1132.5140   33.9519  (  1)
   26-  26    0.2663E-04   1132.5319   33.9525  (  1)
   27-  27    0.4705E-04   1505.3916   45.1305  (  1)
   28-  28    0.4770E-04   1515.8639   45.4445  (  1)
   29-  29    0.5027E-04   1556.0804   46.6501  (  1)
   30-  30    0.5286E-04   1595.6460   47.8363  (  1)

 MODES IN PHASE

 FREQ(CM**-1)    109.10    134.59    148.89    154.69    160.21    184.05

 AT.   1 CA X     0.0203    0.0308   -0.0742    0.0830    0.0139    0.0061
            Y    -0.0275    0.0724   -0.0369   -0.0383   -0.0435    0.0130
            Z    -0.0082    0.0249    0.0611    0.0666   -0.0803   -0.0097
 AT.   2 MG X     0.0103   -0.0036   -0.0394    0.0320    0.0076    0.0056
            Y     0.0044   -0.0365    0.0178    0.0127    0.0302   -0.0041
            Z    -0.0307    0.0034   -0.0226   -0.0171   -0.0021   -0.0188
 AT.   3 C  X    -0.0120    0.0079   -0.0195    0.0163   -0.0307    0.0078
            Y     0.0139   -0.0004   -0.0151    0.0083    0.0119   -0.0159
            Z    -0.0349    0.0029   -0.0078    0.0409    0.0316   -0.0155
 AT.   4 C  X     0.0117    0.0136    0.0115   -0.0311   -0.0010   -0.0005
            Y    -0.0052    0.0076   -0.0229   -0.0155    0.0086   -0.0283
            Z     0.0360    0.0237    0.0287    0.0055    0.0272    0.0054
 AT.   5 O  X    -0.0053    0.0212   -0.0414    0.0152   -0.0490    0.0015
            Y     0.0254    0.0193   -0.0455    0.0066   -0.0164   -0.0204
            Z     0.0149    0.0235    0.0423    0.0660    0.0179   -0.0118
 AT.   6 O  X     0.0561   -0.0614   -0.0346    0.0347   -0.0037    0.0013
            Y    -0.0081   -0.0031    0.0355    0.0052   -0.0141   -0.0172
            Z     0.0270   -0.0223   -0.0143    0.0049   -0.0562    0.0272
 AT.   7 O  X     0.0140   -0.0097    0.0154   -0.0250    0.0093    0.0162
            Y    -0.0401    0.0662   -0.0206   -0.0241   -0.0003    0.0253
            Z    -0.0330    0.0278    0.0500    0.0235   -0.0079    0.0393
 AT.   8 O  X     0.0206    0.0201   -0.0410    0.0212   -0.0448   -0.0163
            Y     0.0164    0.0165   -0.0380    0.0087   -0.0162   -0.0068
            Z    -0.0385    0.0256    0.0374    0.0541    0.0108    0.0596
 AT.   9 O  X    -0.0307   -0.0650   -0.0340    0.0254   -0.0022   -0.0052
            Y     0.0151   -0.0029    0.0349   -0.0001   -0.0141    0.0315
            Z    -0.0931   -0.0256   -0.0098   -0.0084   -0.0536   -0.0491
 AT.  10 O  X    -0.0065   -0.0102    0.0101   -0.0229    0.0012   -0.0066
            Y     0.0362    0.0648   -0.0192   -0.0247    0.0081   -0.0211
            Z     0.0645    0.0259    0.0451    0.0310    0.0044   -0.0545

 FREQ(CM**-1)    216.09    239.18    240.56    259.40    295.42    302.33

 AT.   1 CA X    -0.0066   -0.0003    0.0043    0.0043   -0.0267    0.0304
            Y    -0.0039    0.0019    0.0130   -0.0042   -0.0295   -0.0252
            Z    -0.0427   -0.0021    0.0248    0.0024   -0.0182    0.0033
 AT.   2 MG X     0.0049    0.0010   -0.0323    0.0340    0.0107   -0.0484
            Y     0.0207   -0.0036   -0.0117    0.0074   -0.0444   -0.0084
            Z     0.0181   -0.0018   -0.0284    0.0640    0.0084    0.0161
 AT.   3 C  X     0.0160   -0.0175   -0.0462   -0.0260   -0.0277    0.0103
            Y    -0.0420   -0.0602   -0.0011   -0.0240    0.0110    0.0287
            Z    -0.0268   -0.0151    0.0063    0.0062    0.0199   -0.0279
 AT.   4 C  X    -0.0346   -0.0249    0.0334    0.0271    0.0032    0.0117
            Y     0.0347   -0.0107    0.0073    0.0218   -0.0291    0.0293
            Z     0.0260   -0.0087   -0.0115   -0.0051   -0.0320   -0.0281
 AT.   5 O  X     0.0348   -0.0364   -0.0323   -0.0319   -0.0123   -0.0109
            Y    -0.0192   -0.0795    0.0142   -0.0244    0.0315   -0.0098
            Z    -0.0160    0.0374    0.0410    0.0105    0.0280    0.0359
 AT.   6 O  X     0.0279   -0.0208    0.0835    0.0457    0.0249   -0.0365
            Y     0.0241    0.0620   -0.0271    0.0304   -0.0303   -0.0184
            Z     0.0304    0.0164    0.0601    0.0581   -0.0484    0.0214
 AT.   7 O  X    -0.0541    0.0191   -0.0204    0.0412    0.0343    0.0179
            Y     0.0462    0.0056    0.0261   -0.0436    0.0073   -0.0097
            Z     0.0379    0.0029    0.0229   -0.0218    0.0240    0.0305
 AT.   8 O  X     0.0073    0.0342   -0.0522    0.0111    0.0308   -0.0062
            Y    -0.0263    0.0859    0.0362   -0.0131    0.0257    0.0024
            Z     0.0106   -0.0405    0.0087    0.0571    0.0316   -0.0376
 AT.   9 O  X     0.0275    0.0236    0.0375    0.0039   -0.0399   -0.0081
            Y     0.0075   -0.0554   -0.0279    0.0116    0.0015   -0.0041
            Z     0.0392   -0.0123    0.0520    0.0123    0.0605   -0.0019
 AT.  10 O  X    -0.0507   -0.0220    0.0268    0.0295   -0.0197    0.0079
            Y     0.0678   -0.0145    0.0204    0.0217    0.0243    0.0289
            Z     0.0616   -0.0115    0.0106   -0.0525    0.0242   -0.0935

 FREQ(CM**-1)    322.41    329.93    349.27    379.07    387.05    389.80

 AT.   1 CA X    -0.0065    0.0047   -0.0465    0.0272   -0.0073   -0.0011
            Y    -0.0480   -0.0045    0.0143    0.0215   -0.0155    0.0012
            Z     0.0253   -0.0117    0.0162   -0.0014   -0.0073   -0.0276
 AT.   2 MG X     0.0336   -0.0001    0.0203    0.0473    0.0841   -0.1203
            Y    -0.0295   -0.0212    0.0136    0.0363    0.1152    0.0888
            Z     0.0281    0.0053    0.0379    0.1303   -0.0521    0.0303
 AT.   3 C  X    -0.0076   -0.0027   -0.0050   -0.0185    0.0100    0.0174
            Y    -0.0257    0.0015    0.0386    0.0202    0.0134   -0.0010
            Z    -0.0058   -0.0191    0.0164   -0.0101   -0.0080    0.0325
 AT.   4 C  X    -0.0220    0.0112   -0.0372    0.0138    0.0104   -0.0156
            Y    -0.0098    0.0089    0.0220   -0.0208   -0.0056   -0.0152
            Z    -0.0341   -0.0279    0.0026    0.0019   -0.0255   -0.0266
 AT.   5 O  X    -0.0211   -0.0080   -0.0021   -0.0417    0.0072    0.0435
            Y    -0.0403   -0.0145    0.0435    0.0025    0.0122    0.0247
            Z    -0.0560   -0.0172    0.0636    0.0075    0.0208    0.0472
 AT.   6 O  X    -0.0320    0.0479    0.0324   -0.0081   -0.0420   -0.0038
            Y     0.0052    0.0092   -0.0303    0.0024   -0.0077    0.0211
            Z    -0.0174   -0.0654   -0.0664   -0.0229    0.0704   -0.0009
 AT.   7 O  X    -0.0217   -0.0160   -0.0293    0.0057    0.0040   -0.0178
            Y     0.0446   -0.0374   -0.0081   -0.0148    0.0276   -0.0104
            Z    -0.0652    0.0134   -0.0310    0.0443   -0.0205   -0.0013
 AT.   8 O  X     0.0309    0.0094    0.0260   -0.0420    0.0074    0.0432
            Y    -0.0001   -0.0012    0.0163   -0.0046    0.0111    0.0235
            Z     0.0298    0.0513    0.0436   -0.0118    0.0207    0.0446
 AT.   9 O  X    -0.0046   -0.0539    0.0279   -0.0155   -0.0434   -0.0046
            Y     0.0308   -0.0100   -0.0418    0.0143   -0.0067    0.0223
            Z    -0.0126    0.0992   -0.0341   -0.0110    0.0697   -0.0010
 AT.  10 O  X    -0.0402    0.0056   -0.0246    0.0160    0.0031   -0.0188
            Y     0.0308    0.0203    0.0062   -0.0225    0.0245   -0.0088
            Z    -0.0254   -0.0002   -0.0792    0.0631   -0.0195   -0.0031

 FREQ(CM**-1)    726.26    732.78    733.36    734.60    890.47    890.48

 AT.   1 CA X     0.0006   -0.0002    0.0036    0.0029   -0.0008    0.0000
            Y     0.0004    0.0002    0.0016   -0.0067   -0.0003   -0.0001
            Z     0.0037   -0.0035   -0.0001   -0.0014   -0.0003    0.0001
 AT.   2 MG X    -0.0181   -0.0017   -0.0010   -0.0014   -0.0013   -0.0001
            Y     0.0037   -0.0092    0.0000   -0.0042   -0.0005    0.0002
            Z     0.0008   -0.0012   -0.0071    0.0130   -0.0003    0.0001
 AT.   3 C  X     0.0370   -0.0019    0.0298   -0.0290    0.0003    0.0053
            Y     0.0101   -0.0261    0.0280    0.0162   -0.0009   -0.0003
            Z    -0.0029   -0.0047    0.0008   -0.0002    0.1791    0.0707
 AT.   4 C  X     0.0286    0.0021    0.0067    0.0296    0.0054   -0.0004
            Y    -0.0244   -0.0269   -0.0388   -0.0144   -0.0001    0.0009
            Z     0.0015   -0.0046   -0.0011    0.0001   -0.0707    0.1791
 AT.   5 O  X    -0.0069    0.0479   -0.0432   -0.0183   -0.0046   -0.0017
            Y    -0.0729    0.0384   -0.0710    0.0461   -0.0027   -0.0002
            Z    -0.0082    0.0089   -0.0091    0.0058   -0.0497   -0.0185
 AT.   6 O  X     0.0691   -0.0829   -0.0365   -0.0288   -0.0036    0.0013
            Y     0.0249    0.0193   -0.0517    0.0591   -0.0001   -0.0004
            Z    -0.0086    0.0137    0.0035    0.0042    0.0228   -0.0297
 AT.   7 O  X    -0.0534    0.0024   -0.0252   -0.0492    0.0029    0.0016
            Y     0.0426   -0.0808   -0.0530    0.0683   -0.0017   -0.0075
            Z    -0.0075    0.0111    0.0036   -0.0137    0.0243    0.0472
 AT.   8 O  X    -0.0566   -0.0013   -0.0172    0.0543    0.0032    0.0020
            Y    -0.0435   -0.0736    0.0605    0.0657    0.0001    0.0009
            Z    -0.0078   -0.0107    0.0047    0.0139    0.0294    0.0234
 AT.   9 O  X     0.0747    0.0819   -0.0359    0.0338    0.0079   -0.0010
            Y    -0.0296    0.0210    0.0543    0.0570   -0.0011    0.0002
            Z    -0.0090   -0.0137    0.0045   -0.0061   -0.0459    0.0246
 AT.  10 O  X    -0.0064   -0.0421   -0.0403    0.0223   -0.0017   -0.0014
            Y     0.0766    0.0373    0.0666    0.0421   -0.0015    0.0076
            Z    -0.0085   -0.0084   -0.0084   -0.0038    0.0199   -0.0476

 FREQ(CM**-1)   1132.51   1132.53   1505.39   1515.86   1556.08   1595.65

 AT.   1 CA X    -0.0022    0.0012    0.0006   -0.0038   -0.0000    0.0004
            Y    -0.0019   -0.0014   -0.0002    0.0002    0.0001    0.0055
            Z     0.0002   -0.0001    0.0030    0.0012    0.0001    0.0001
 AT.   2 MG X     0.0059   -0.0031    0.0054    0.0030   -0.0003    0.0002
            Y    -0.0049   -0.0037    0.0009    0.0002    0.0020    0.0021
            Z    -0.0002    0.0001    0.0018   -0.0057    0.0001   -0.0017
 AT.   3 C  X     0.0009   -0.0001   -0.1287    0.0483    0.1348    0.0036
            Y     0.0016    0.0023   -0.0422    0.1260   -0.0024    0.1339
            Z     0.0004    0.0002   -0.0044    0.0010   -0.0042    0.0000
 AT.   4 C  X    -0.0009   -0.0008    0.1573    0.0061    0.1094   -0.0667
            Y    -0.0013   -0.0036   -0.0007    0.1566    0.0607   -0.1055
            Z    -0.0004    0.0002    0.0047    0.0001   -0.0040    0.0014
 AT.   5 O  X     0.0813    0.0413    0.0325    0.0078   -0.0411    0.0212
            Y    -0.0613   -0.0308   -0.0152   -0.0155    0.0212   -0.0290
            Z    -0.0022    0.0000    0.0023   -0.0015    0.0012   -0.0021
 AT.   6 O  X    -0.0065    0.0070   -0.0089    0.0059    0.0039   -0.0033
            Y    -0.0579    0.0523    0.0073    0.0609   -0.0387    0.0244
            Z     0.0002   -0.0004   -0.0021    0.0003   -0.0029    0.0005
 AT.   7 O  X     0.0414    0.0931   -0.0039    0.0274    0.0369    0.0454
            Y     0.0173    0.0398   -0.0074    0.0075    0.0236    0.0172
            Z     0.0000    0.0021    0.0003   -0.0011   -0.0019    0.0013
 AT.   8 O  X     0.0404   -0.0812    0.0347   -0.0299    0.0451    0.0329
            Y    -0.0294    0.0609   -0.0261    0.0273   -0.0283   -0.0356
            Z    -0.0012    0.0003   -0.0000   -0.0021   -0.0009   -0.0031
 AT.   9 O  X     0.0063    0.0066    0.0070    0.0084    0.0012   -0.0080
            Y     0.0491    0.0564    0.0307    0.0341    0.0452    0.0011
            Z    -0.0009   -0.0011   -0.0010    0.0011    0.0021    0.0017
 AT.  10 O  X     0.0945   -0.0402   -0.0566   -0.0237   -0.0488    0.0395
            Y     0.0400   -0.0163   -0.0196   -0.0193   -0.0245    0.0196
            Z     0.0005   -0.0012   -0.0036    0.0010    0.0024    0.0011

 MODES IN ANTI-PHASE

 FREQ(CM**-1)    109.10    134.59    148.89    154.69    160.21    184.05

 AT.   1 CA X     0.0305    0.0010    0.0075   -0.0151   -0.0013   -0.0206
            Y    -0.0414    0.0024    0.0037    0.0070    0.0040   -0.0439
            Z    -0.0123    0.0008   -0.0062   -0.0121    0.0074    0.0326
 AT.   2 MG X     0.0155   -0.0001    0.0040   -0.0058   -0.0007   -0.0189
            Y     0.0066   -0.0012   -0.0018   -0.0023   -0.0028    0.0140
            Z    -0.0462    0.0001    0.0023    0.0031    0.0002    0.0636
 AT.   3 C  X    -0.0057    0.0217    0.0056   -0.0288   -0.0119    0.0164
            Y    -0.0041    0.0088   -0.0292   -0.0144    0.0133    0.0311
            Z    -0.0187    0.0305    0.0276    0.0123    0.0400   -0.0424
 AT.   4 C  X     0.0061    0.0186   -0.0168    0.0115   -0.0329   -0.0181
            Y    -0.0136    0.0045   -0.0236    0.0058    0.0156   -0.0205
            Z     0.0165    0.0194    0.0014    0.0424    0.0432    0.0449
 AT.   5 O  X     0.0202   -0.0154    0.0018   -0.0198   -0.0182    0.0276
            Y     0.0285   -0.0409   -0.0328   -0.0071    0.0004    0.0440
            Z    -0.0355    0.0316    0.0204    0.0217    0.0367   -0.0913
 AT.   6 O  X    -0.0098   -0.0555    0.0003    0.0201   -0.0077    0.0075
            Y     0.0130    0.0027   -0.0006    0.0139    0.0013   -0.0313
            Z    -0.0896   -0.0499   -0.0210    0.0368   -0.0094    0.0483
 AT.   7 O  X    -0.0012   -0.0080    0.0249   -0.0014    0.0433   -0.0129
            Y     0.0224   -0.0185   -0.0046    0.0062   -0.0462   -0.0002
            Z     0.0561   -0.0277    0.0190   -0.0257   -0.0665    0.0395
 AT.   8 O  X     0.0029    0.0168    0.0066    0.0131    0.0269    0.0224
            Y     0.0344    0.0421    0.0413    0.0043    0.0027    0.0480
            Z    -0.0000   -0.0299   -0.0285   -0.0436   -0.0393   -0.0702
 AT.   9 O  X     0.0479    0.0513    0.0067   -0.0311    0.0083    0.0056
            Y    -0.0024   -0.0029   -0.0065   -0.0149    0.0013   -0.0169
            Z    -0.0098    0.0483    0.0234   -0.0361    0.0196    0.0257
 AT.  10 O  X     0.0124    0.0073   -0.0274    0.0102   -0.0443   -0.0196
            Y    -0.0283    0.0229    0.0086    0.0028    0.0455   -0.0139
            Z    -0.0087    0.0295   -0.0287    0.0157    0.0668    0.0117

 FREQ(CM**-1)    216.09    239.18    240.56    259.40    295.42    302.33

 AT.   1 CA X    -0.0017    0.0039    0.0018    0.0023   -0.0371   -0.0483
            Y    -0.0010   -0.0216    0.0055   -0.0022   -0.0410    0.0400
            Z    -0.0106    0.0238    0.0106    0.0013   -0.0253   -0.0052
 AT.   2 MG X     0.0012   -0.0116   -0.0138    0.0178    0.0148    0.0769
            Y     0.0051    0.0408   -0.0050    0.0039   -0.0617    0.0133
            Z     0.0045    0.0209   -0.0121    0.0336    0.0116   -0.0256
 AT.   3 C  X    -0.0397    0.0179   -0.0480    0.0152    0.0202    0.0190
            Y    -0.0017   -0.0366    0.0262   -0.0262    0.0291    0.0083
            Z     0.0061   -0.0013   -0.0228    0.0133    0.0252   -0.0032
 AT.   4 C  X    -0.0252    0.0020   -0.0576    0.0130    0.0342   -0.0182
            Y    -0.0237    0.0696    0.0252   -0.0281    0.0111   -0.0061
            Z    -0.0090    0.0124   -0.0206    0.0137    0.0018    0.0011
 AT.   5 O  X    -0.0501    0.0099   -0.0414    0.0355    0.0284    0.0122
            Y    -0.0200   -0.0441    0.0365    0.0009    0.0376    0.0021
            Z     0.0528    0.0212   -0.0271    0.0622    0.0427    0.0245
 AT.   6 O  X     0.0061   -0.0179   -0.0280   -0.0269   -0.0338    0.0265
            Y    -0.0294   -0.0326   -0.0126   -0.0069   -0.0085    0.0133
            Z     0.0262   -0.0222    0.0144   -0.0251    0.0476   -0.0082
 AT.   7 O  X    -0.0061    0.0180    0.0567    0.0074   -0.0093   -0.0173
            Y     0.0577    0.0516    0.0033    0.0565    0.0280   -0.0274
            Z     0.0600    0.0504   -0.0072   -0.0488    0.0335    0.0891
 AT.   8 O  X     0.0606    0.0161    0.0053   -0.0464   -0.0026    0.0151
            Y     0.0086   -0.0296   -0.0150   -0.0206    0.0418    0.0098
            Z    -0.0542    0.0144    0.0484   -0.0268    0.0401   -0.0218
 AT.   9 O  X     0.0077   -0.0140    0.0796    0.0529    0.0129    0.0444
            Y     0.0373   -0.0428   -0.0109    0.0289   -0.0314    0.0224
            Z    -0.0089   -0.0247    0.0335    0.0621   -0.0308   -0.0229
 AT.  10 O  X    -0.0200    0.0144   -0.0539    0.0297    0.0296   -0.0236
            Y    -0.0293    0.0499    0.0165   -0.0680    0.0158   -0.0031
            Z    -0.0353    0.0491    0.0215    0.0098    0.0334    0.0111

 FREQ(CM**-1)    322.41    329.93    349.27    379.07    387.05    389.80

 AT.   1 CA X     0.0048   -0.0157    0.0222    0.0060   -0.0003   -0.0000
            Y     0.0356    0.0152   -0.0068    0.0047   -0.0005    0.0000
            Z    -0.0187    0.0393   -0.0077   -0.0003   -0.0003   -0.0007
 AT.   2 MG X    -0.0249    0.0003   -0.0097    0.0105    0.0029   -0.0032
            Y     0.0219    0.0711   -0.0065    0.0080    0.0039    0.0024
            Z    -0.0208   -0.0178   -0.0181    0.0288   -0.0018    0.0008
 AT.   3 C  X    -0.0229   -0.0300   -0.0380   -0.0024    0.0192   -0.0073
            Y     0.0107   -0.0167    0.0087   -0.0074    0.0023   -0.0188
            Z    -0.0413    0.0241   -0.0036   -0.0111   -0.0361   -0.0106
 AT.   4 C  X     0.0101    0.0280    0.0090   -0.0126    0.0190    0.0106
            Y    -0.0261    0.0142    0.0329    0.0055    0.0123   -0.0111
            Z     0.0240   -0.0129    0.0166   -0.0149   -0.0268    0.0215
 AT.   5 O  X    -0.0388   -0.0049   -0.0350   -0.0099    0.0038   -0.0042
            Y    -0.0122    0.0244    0.0141   -0.0162   -0.0151   -0.0219
            Z    -0.0482   -0.0675   -0.0047   -0.0442   -0.0013   -0.0478
 AT.   6 O  X    -0.0050    0.0252   -0.0097   -0.0193   -0.0230   -0.0161
            Y    -0.0306    0.0042    0.0293    0.0288    0.0140    0.0223
            Z     0.0079   -0.0814   -0.0097    0.0232   -0.0079   -0.0014
 AT.   7 O  X     0.0354    0.0142    0.0080    0.0256   -0.0130   -0.0198
            Y    -0.0186    0.0202   -0.0145   -0.0215   -0.0446    0.0291
            Z     0.0067   -0.0203    0.0767    0.0544    0.0138   -0.0321
 AT.   8 O  X     0.0315    0.0003    0.0236   -0.0085   -0.0033    0.0065
            Y     0.0422    0.0283   -0.0427    0.0157    0.0159    0.0232
            Z     0.0676   -0.0471   -0.0466    0.0433    0.0027    0.0502
 AT.   9 O  X     0.0321   -0.0051   -0.0192    0.0141    0.0200    0.0159
            Y     0.0039   -0.0015    0.0052   -0.0251   -0.0145   -0.0211
            Z     0.0143   -0.0324    0.0578   -0.0307    0.0127    0.0014
 AT.  10 O  X     0.0104    0.0206    0.0178   -0.0208    0.0133    0.0188
            Y    -0.0372    0.0373    0.0154    0.0133    0.0464   -0.0296
            Z     0.0605   -0.0243   -0.0240   -0.0307   -0.0151    0.0320

 FREQ(CM**-1)    726.26    732.78    733.36    734.60    890.47    890.48

 AT.   1 CA X    -0.0003    0.0004    0.0065    0.0017   -0.0017    0.0008
            Y    -0.0002   -0.0004    0.0028   -0.0040   -0.0007   -0.0018
            Z    -0.0021    0.0068   -0.0001   -0.0008   -0.0005    0.0015
 AT.   2 MG X     0.0101    0.0033   -0.0018   -0.0008   -0.0026   -0.0010
            Y    -0.0021    0.0179    0.0001   -0.0025   -0.0009    0.0029
            Z    -0.0005    0.0023   -0.0126    0.0079   -0.0006    0.0014
 AT.   3 C  X     0.0125   -0.0408   -0.0238   -0.0167   -0.0060    0.0027
            Y    -0.0331    0.0098    0.0289   -0.0427    0.0005   -0.0011
            Z     0.0032   -0.0002    0.0009    0.0005    0.0001   -0.1645
 AT.   4 C  X     0.0266    0.0408   -0.0375   -0.0155   -0.0027   -0.0060
            Y     0.0247   -0.0072   -0.0108   -0.0433    0.0011    0.0007
            Z    -0.0041    0.0006   -0.0003    0.0005   -0.1645   -0.0001
 AT.   5 O  X     0.0622   -0.0326   -0.0467    0.0709    0.0005    0.0028
            Y     0.0061    0.0630    0.0275    0.0500   -0.0019    0.0059
            Z     0.0041    0.0068   -0.0000    0.0127   -0.0005    0.0432
 AT.   6 O  X    -0.0452   -0.0415   -0.0644    0.0533    0.0072    0.0025
            Y     0.0501   -0.0396    0.0320    0.0334   -0.0014   -0.0018
            Z     0.0053    0.0071    0.0074   -0.0091   -0.0402   -0.0410
 AT.   7 O  X    -0.0254    0.0501   -0.0628    0.0510    0.0001    0.0022
            Y    -0.0637    0.0119    0.0456    0.0116   -0.0032    0.0011
            Z     0.0053    0.0024   -0.0077    0.0029    0.0429   -0.0058
 AT.   8 O  X    -0.0268   -0.0580   -0.0612   -0.0492   -0.0034    0.0026
            Y     0.0588    0.0054   -0.0462    0.0176   -0.0033    0.0058
            Z     0.0048   -0.0033   -0.0078   -0.0008   -0.0401    0.0408
 AT.   9 O  X    -0.0351    0.0433   -0.0648   -0.0502    0.0014    0.0027
            Y    -0.0475   -0.0387   -0.0273    0.0368   -0.0010   -0.0018
            Z     0.0045   -0.0070    0.0069    0.0080   -0.0059   -0.0442
 AT.  10 O  X     0.0588    0.0271   -0.0543   -0.0672    0.0023    0.0024
            Y    -0.0028    0.0727   -0.0214    0.0551   -0.0033    0.0002
            Z     0.0036   -0.0076   -0.0010   -0.0135    0.0451   -0.0001

 FREQ(CM**-1)   1132.51   1132.53   1505.39   1515.86   1556.08   1595.65

 AT.   1 CA X    -0.0014    0.0019    0.0006    0.0035    0.0000    0.0001
            Y    -0.0012   -0.0022   -0.0002   -0.0002   -0.0004    0.0012
            Z     0.0001   -0.0001    0.0033   -0.0011   -0.0006    0.0000
 AT.   2 MG X     0.0037   -0.0049    0.0058   -0.0027    0.0015    0.0000
            Y    -0.0031   -0.0059    0.0010   -0.0002   -0.0091    0.0004
            Z    -0.0001    0.0001    0.0019    0.0052   -0.0003   -0.0004
 AT.   3 C  X    -0.0003    0.0010   -0.0904   -0.0563    0.0024   -0.1089
            Y    -0.0035    0.0027    0.0622    0.0931   -0.1102    0.0051
            Z     0.0000   -0.0004   -0.0019   -0.0012    0.0009    0.0024
 AT.   4 C  X    -0.0003    0.0007   -0.0011    0.0739   -0.0786   -0.0861
            Y    -0.0036   -0.0004    0.0751   -0.0015    0.0920    0.0826
            Z     0.0000   -0.0004    0.0009    0.0015    0.0017    0.0020
 AT.   5 O  X     0.0059   -0.0703    0.0374    0.0309   -0.0186    0.0332
            Y    -0.0033    0.0528   -0.0275   -0.0291    0.0214   -0.0225
            Z    -0.0003    0.0003    0.0002    0.0020   -0.0003   -0.0029
 AT.   6 O  X     0.0101    0.0106    0.0063   -0.0078   -0.0111   -0.0123
            Y     0.0820    0.0874    0.0314   -0.0280   -0.0238   -0.0518
            Z    -0.0011   -0.0015   -0.0012   -0.0011    0.0013    0.0031
 AT.   7 O  X     0.0849   -0.0002   -0.0571    0.0267    0.0361   -0.0046
            Y     0.0360    0.0010   -0.0202    0.0202    0.0074    0.0097
            Z     0.0006   -0.0003   -0.0036   -0.0012   -0.0018   -0.0003
 AT.   8 O  X     0.0708    0.0070    0.0355   -0.0110    0.0008   -0.0216
            Y    -0.0539   -0.0050   -0.0173    0.0184    0.0103    0.0087
            Z    -0.0018    0.0002    0.0023    0.0012   -0.0008    0.0018
 AT.   9 O  X    -0.0102    0.0109   -0.0084   -0.0050   -0.0117    0.0099
            Y    -0.0876    0.0849    0.0098   -0.0577   -0.0049    0.0573
            Z     0.0007   -0.0010   -0.0022   -0.0002    0.0024   -0.0027
 AT.  10 O  X     0.0008    0.0839   -0.0086   -0.0300    0.0168    0.0228
            Y     0.0001    0.0363   -0.0090   -0.0095   -0.0034   -0.0019
            Z    -0.0002    0.0017    0.0000    0.0012   -0.0008    0.0008


  DISPERSION K POINT NUMBER     9 COORD:  C(  0  2  2 )    WEIGHT:    1.

    MODES         EIGV          FREQUENCIES     IRREP
             (HARTREE**2)   (CM**-1)     (THZ)
    1-   1    0.2247E-06    104.0446    3.1192  (  1)
    2-   2    0.2424E-06    108.0667    3.2398  (  1)
    3-   3    0.4129E-06    141.0246    4.2278  (  1)
    4-   4    0.4417E-06    145.8678    4.3730  (  1)
    5-   5    0.5680E-06    165.4071    4.9588  (  1)
    6-   6    0.6508E-06    177.0580    5.3081  (  1)
    7-   7    0.8103E-06    197.5697    5.9230  (  1)
    8-   8    0.8972E-06    207.8897    6.2324  (  1)
    9-   9    0.1236E-05    243.9965    7.3148  (  1)
   10-  10    0.1431E-05    262.5184    7.8701  (  1)
   11-  11    0.1684E-05    284.7748    8.5373  (  1)
   12-  12    0.1752E-05    290.4931    8.7088  (  1)
   13-  13    0.2047E-05    314.0432    9.4148  (  1)
   14-  14    0.2263E-05    330.1369    9.8973  (  1)
   15-  15    0.2877E-05    372.2368   11.1594  (  1)
   16-  16    0.3022E-05    381.5559   11.4388  (  1)
   17-  17    0.3063E-05    384.1085   11.5153  (  1)
   18-  18    0.4008E-05    439.3780   13.1722  (  1)
   19-  19    0.1097E-04    726.9927   21.7947  (  1)
   20-  20    0.1110E-04    731.0934   21.9176  (  1)
   21-  21    0.1135E-04    739.4215   22.1673  (  1)
   22-  22    0.1141E-04    741.4813   22.2291  (  1)
   23-  23    0.1641E-04    889.1868   26.6571  (  1)
   24-  24    0.1656E-04    893.1123   26.7748  (  1)
   25-  25    0.2663E-04   1132.5883   33.9541  (  1)
   26-  26    0.2670E-04   1134.1207   34.0001  (  1)
   27-  27    0.4534E-04   1477.8006   44.3033  (  1)
   28-  28    0.4735E-04   1510.2608   45.2765  (  1)
   29-  29    0.4865E-04   1530.7826   45.8917  (  1)
   30-  30    0.5369E-04   1608.1511   48.2112  (  1)

 MODES IN PHASE

 FREQ(CM**-1)    104.04    108.07    141.02    145.87    165.41    177.06

 AT.   1 CA X     0.0514    0.0685   -0.0119    0.0005   -0.0348   -0.0527
            Y     0.0165   -0.0397   -0.0017    0.0023   -0.0039   -0.0080
            Z    -0.0210    0.0434    0.1000    0.0001   -0.0076   -0.0077
 AT.   2 MG X     0.0112    0.0050   -0.0310   -0.0136   -0.0276    0.0021
            Y    -0.0282   -0.0157   -0.0025    0.0228   -0.0175   -0.0061
            Z     0.0127   -0.0326   -0.0143    0.0138    0.0214    0.0003
 AT.   3 C  X     0.0102    0.0011    0.0222    0.0082    0.0085   -0.0214
            Y     0.0413    0.0290    0.0010    0.0444    0.0421    0.0051
            Z    -0.0173    0.0291   -0.0187    0.0081   -0.0198   -0.0265
 AT.   4 C  X    -0.0154    0.0023   -0.0119    0.0124    0.0096   -0.0156
            Y    -0.0217   -0.0273    0.0091    0.0143   -0.0259    0.0334
            Z    -0.0176    0.0137    0.0097    0.0262    0.0313    0.0368
 AT.   5 O  X     0.0368    0.0119    0.0239    0.0013    0.0100   -0.0122
            Y     0.0762    0.0420    0.0043    0.0328    0.0416    0.0157
            Z    -0.0426    0.0520    0.0088   -0.0010   -0.0633   -0.0127
 AT.   6 O  X    -0.0037    0.0365   -0.0507   -0.0150    0.0345    0.0069
            Y    -0.0157   -0.0303    0.0199   -0.0142   -0.0097    0.0310
            Z    -0.0369   -0.0052    0.0067   -0.0332    0.0795   -0.0003
 AT.   7 O  X    -0.0200   -0.0087    0.0141   -0.0120    0.0132   -0.0316
            Y     0.0005    0.0039   -0.0306   -0.0121    0.0048    0.0681
            Z    -0.0464    0.0546    0.0300   -0.0091    0.0055    0.0883
 AT.   8 O  X     0.0346    0.0117    0.0364   -0.0007    0.0182   -0.0086
            Y     0.0777    0.0414    0.0249   -0.0328    0.0397    0.0138
            Z    -0.0439    0.0527   -0.0072    0.0027   -0.0669   -0.0142
 AT.   9 O  X     0.0052    0.0365   -0.0448    0.0155    0.0112    0.0041
            Y    -0.0248   -0.0306    0.0139    0.0158   -0.0272    0.0330
            Z    -0.0235   -0.0058    0.0138    0.0340    0.0574   -0.0047
 AT.  10 O  X    -0.0236   -0.0087    0.0016    0.0120    0.0047   -0.0342
            Y     0.0003    0.0036   -0.0233    0.0143   -0.0200    0.0703
            Z    -0.0426    0.0541    0.0405    0.0085   -0.0083    0.0905

 FREQ(CM**-1)    197.57    207.89    244.00    262.52    284.77    290.49

 AT.   1 CA X     0.0056   -0.0007    0.0223   -0.0107   -0.0406    0.0109
            Y    -0.0050   -0.0061   -0.0156    0.0007    0.0228   -0.0487
            Z    -0.0065   -0.0058   -0.0199   -0.0010   -0.0478    0.0138
 AT.   2 MG X    -0.0138   -0.0023   -0.0001   -0.0481    0.0047    0.0025
            Y    -0.0326   -0.0206    0.0021    0.0159    0.0052   -0.0326
            Z     0.0201   -0.0351    0.0015    0.0172    0.0033    0.0331
 AT.   3 C  X     0.0316   -0.0286    0.0468   -0.0486    0.0262    0.0227
            Y     0.0112   -0.0277    0.0063   -0.0067   -0.0020    0.0026
            Z    -0.0083    0.0328    0.0147   -0.0069   -0.0101   -0.0123
 AT.   4 C  X     0.0236    0.0236   -0.0201   -0.0360    0.0296   -0.0148
            Y    -0.0127   -0.0395    0.0180    0.0047   -0.0182    0.0106
            Z    -0.0208   -0.0183   -0.0033    0.0044    0.0020   -0.0207
 AT.   5 O  X     0.0330   -0.0491    0.0334   -0.0416    0.0275   -0.0032
            Y     0.0192   -0.0583   -0.0115    0.0026   -0.0039   -0.0338
            Z    -0.0602    0.0535   -0.0102   -0.0519    0.0534    0.0594
 AT.   6 O  X     0.0121   -0.0109   -0.0904    0.0157   -0.0115    0.0119
            Y     0.0166    0.0450    0.0172   -0.0143   -0.0162    0.0129
            Z    -0.0296    0.0007   -0.0844   -0.0944   -0.0229    0.0331
 AT.   7 O  X    -0.0297   -0.0113   -0.0440    0.0035   -0.0097   -0.0219
            Y     0.0523    0.0476   -0.0130    0.0057   -0.0008    0.0366
            Z     0.0467    0.0181    0.0116    0.0465    0.0702   -0.0115
 AT.   8 O  X    -0.0241    0.0328    0.0450    0.0426    0.0028   -0.0009
            Y    -0.0170    0.0606   -0.0311    0.0118    0.0222   -0.0326
            Z     0.0494   -0.0410   -0.0308    0.0528    0.0151    0.0631
 AT.   9 O  X     0.0025    0.0095   -0.0340   -0.0330    0.0104    0.0172
            Y    -0.0099   -0.0383    0.0221    0.0051   -0.0199    0.0130
            Z     0.0332   -0.0158   -0.0626    0.0917   -0.0366    0.0305
 AT.  10 O  X     0.0331    0.0271   -0.0158   -0.0266    0.0309   -0.0215
            Y    -0.0372   -0.0519    0.0161   -0.0128   -0.0253    0.0396
            Z    -0.0337   -0.0234    0.0310   -0.0445   -0.0000   -0.0177

 FREQ(CM**-1)    314.04    330.14    372.24    381.56    384.11    439.38

 AT.   1 CA X    -0.0103    0.0070   -0.0545    0.0024   -0.0039   -0.0199
            Y    -0.0240    0.0079   -0.0027    0.0180   -0.0007   -0.0037
            Z    -0.0158   -0.0158    0.0276    0.0010   -0.0114    0.0112
 AT.   2 MG X     0.0337    0.0014   -0.0150    0.0928   -0.0038    0.1340
            Y    -0.0347    0.0207    0.0316    0.0371    0.1307   -0.0266
            Z     0.0399    0.0091    0.0315    0.1100   -0.0454   -0.0860
 AT.   3 C  X     0.0150   -0.0045    0.0041   -0.0189    0.0188   -0.0145
            Y    -0.0118   -0.0324    0.0000    0.0259    0.0015   -0.0032
            Z    -0.0172    0.0005    0.0620   -0.0165   -0.0007    0.0002
 AT.   4 C  X    -0.0182   -0.0008    0.0004    0.0026   -0.0217   -0.0259
            Y     0.0073   -0.0306   -0.0010   -0.0231   -0.0257    0.0068
            Z    -0.0314    0.0017   -0.0633    0.0078    0.0062    0.0216
 AT.   5 O  X    -0.0019    0.0059    0.0336   -0.0455    0.0279   -0.0157
            Y    -0.0346   -0.0222    0.0428    0.0032    0.0101   -0.0013
            Z    -0.0205   -0.0798    0.0444    0.0158    0.0252   -0.0241
 AT.   6 O  X    -0.0498   -0.0213    0.0518    0.0011    0.0021    0.0419
            Y     0.0135    0.0152   -0.0133   -0.0018    0.0260   -0.0060
            Z     0.0358    0.0533   -0.0576   -0.0128   -0.0141   -0.0368
 AT.   7 O  X     0.0296   -0.0104    0.0014    0.0205    0.0060    0.0274
            Y    -0.0509   -0.0011    0.0306   -0.0108    0.0314    0.0147
            Z     0.0176   -0.0615   -0.0017    0.0291   -0.0317   -0.0007
 AT.   8 O  X     0.0390    0.0080    0.0362    0.0263   -0.0108    0.0244
            Y     0.0464    0.0092    0.0164    0.0081    0.0080   -0.0136
            Z     0.0680    0.0960    0.0129    0.0143    0.0229   -0.0011
 AT.   9 O  X     0.0230   -0.0035    0.0546    0.0060   -0.0094   -0.0307
            Y     0.0055   -0.0361   -0.0120   -0.0271   -0.0337    0.0104
            Z     0.0166   -0.0245   -0.0576   -0.0043    0.0557    0.0370
 AT.  10 O  X    -0.0367   -0.0064   -0.0198    0.0090   -0.0212   -0.0225
            Y     0.0480   -0.0215    0.0470   -0.0321   -0.0419   -0.0139
            Z    -0.0481    0.0954   -0.0429    0.0557    0.0187   -0.0211

 FREQ(CM**-1)    726.99    731.09    739.42    741.48    889.19    893.11

 AT.   1 CA X    -0.0032   -0.0015   -0.0041    0.0015   -0.0006    0.0014
            Y     0.0045    0.0010   -0.0058    0.0002   -0.0001   -0.0014
            Z    -0.0018   -0.0016   -0.0039    0.0004    0.0004    0.0020
 AT.   2 MG X    -0.0002    0.0054    0.0011   -0.0021   -0.0013    0.0005
            Y    -0.0003    0.0098   -0.0008   -0.0006    0.0001    0.0030
            Z    -0.0002    0.0008    0.0010   -0.0005    0.0021    0.0038
 AT.   3 C  X    -0.0122    0.0240   -0.0103    0.0252    0.0071    0.0052
            Y     0.0147   -0.0123   -0.0232    0.0516   -0.0017   -0.0012
            Z    -0.0040    0.0019    0.0019    0.0045    0.1796   -0.1768
 AT.   4 C  X    -0.0466    0.0298    0.0113    0.0251    0.0071   -0.0052
            Y     0.0224   -0.0147    0.0331    0.0523   -0.0016    0.0013
            Z    -0.0017    0.0015   -0.0011    0.0047    0.1785    0.1778
 AT.   5 O  X    -0.0205    0.0261    0.0399   -0.0771   -0.0044    0.0031
            Y     0.0177   -0.0373    0.0339   -0.0773   -0.0005    0.0066
            Z     0.0006   -0.0044    0.0055   -0.0174   -0.0475    0.0486
 AT.   6 O  X     0.0715    0.1102   -0.0096    0.0149   -0.0046    0.0009
            Y     0.0008    0.0088    0.0827   -0.0513    0.0024    0.0006
            Z    -0.0077   -0.0162    0.0022   -0.0019    0.0236   -0.0205
 AT.   7 O  X    -0.0192   -0.0238    0.0840   -0.0540    0.0022    0.0008
            Y    -0.0599   -0.0912   -0.0545    0.0305   -0.0030    0.0025
            Z     0.0051    0.0077    0.0072   -0.0093    0.0246   -0.0183
 AT.   8 O  X     0.0200    0.0121    0.0816    0.0370    0.0025    0.0015
            Y    -0.0435   -0.0255    0.0672    0.0409    0.0002    0.0031
            Z    -0.0020   -0.0020    0.0099    0.0088    0.0286    0.0228
 AT.   9 O  X     0.1087   -0.0708   -0.0050   -0.0242    0.0091    0.0030
            Y     0.0103   -0.0068    0.0534    0.0781   -0.0029   -0.0009
            Z    -0.0146    0.0125    0.0006    0.0022   -0.0472   -0.0506
 AT.  10 O  X    -0.0215    0.0122    0.0533    0.0853   -0.0046    0.0010
            Y    -0.0944    0.0631   -0.0367   -0.0433    0.0051    0.0067
            Z     0.0108   -0.0061    0.0052    0.0152   -0.0482   -0.0494

 FREQ(CM**-1)   1132.59   1134.12   1477.80   1510.26   1530.78   1608.15

 AT.   1 CA X    -0.0002   -0.0033    0.0004    0.0027   -0.0010    0.0012
            Y    -0.0001   -0.0010   -0.0010   -0.0002    0.0037   -0.0004
            Z     0.0014    0.0012   -0.0002    0.0033    0.0012   -0.0009
 AT.   2 MG X    -0.0005   -0.0012   -0.0006    0.0037    0.0018    0.0012
            Y     0.0001    0.0003   -0.0007    0.0013    0.0064    0.0008
            Z    -0.0021    0.0005    0.0001    0.0055   -0.0023   -0.0013
 AT.   3 C  X    -0.0013    0.0016   -0.0095   -0.1735    0.0071    0.1709
            Y    -0.0013   -0.0029    0.1652    0.0041    0.1744    0.0070
            Z    -0.0007    0.0007    0.0013   -0.0042   -0.0011   -0.0048
 AT.   4 C  X    -0.0009    0.0005   -0.0113    0.1736   -0.0018    0.1709
            Y    -0.0011   -0.0003    0.1740   -0.0042   -0.1654    0.0067
            Z    -0.0006    0.0005    0.0017    0.0042    0.0006   -0.0048
 AT.   5 O  X    -0.0786    0.0394    0.0323    0.0526    0.0281   -0.0512
            Y     0.0612   -0.0304   -0.0312   -0.0318   -0.0327    0.0289
            Z     0.0006   -0.0014   -0.0005    0.0030   -0.0017    0.0036
 AT.   6 O  X     0.0043   -0.0125    0.0008   -0.0062    0.0019    0.0074
            Y     0.0292   -0.1023    0.0151   -0.0045    0.0327   -0.0002
            Z    -0.0003    0.0010   -0.0004   -0.0004    0.0005   -0.0023
 AT.   7 O  X    -0.0272    0.0935    0.0065   -0.0322    0.0091    0.0306
            Y    -0.0132    0.0394    0.0039   -0.0101    0.0112    0.0081
            Z    -0.0005    0.0011    0.0004   -0.0023   -0.0006   -0.0007
 AT.   8 O  X     0.0403    0.0777   -0.0180    0.0288    0.0182    0.0239
            Y    -0.0314   -0.0603    0.0168   -0.0181   -0.0227   -0.0120
            Z    -0.0000   -0.0022   -0.0003    0.0021   -0.0012   -0.0015
 AT.   9 O  X    -0.0122   -0.0046   -0.0071   -0.0130    0.0076   -0.0177
            Y    -0.1010   -0.0294   -0.0736   -0.0060    0.0657   -0.0111
            Z     0.0016    0.0003   -0.0001   -0.0020   -0.0004    0.0053
 AT.  10 O  X     0.0935    0.0269   -0.0198   -0.0637    0.0240   -0.0672
            Y     0.0407    0.0123   -0.0171   -0.0208    0.0219   -0.0216
            Z     0.0012   -0.0001   -0.0008   -0.0024   -0.0012    0.0016

 MODES IN ANTI-PHASE

 FREQ(CM**-1)    104.04    108.07    141.02    145.87    165.41    177.06

 AT.   1 CA X    -0.0054   -0.0006    0.0023    0.0267    0.0079   -0.0023
            Y    -0.0017    0.0004    0.0003    0.1156    0.0009   -0.0003
            Z     0.0022   -0.0004   -0.0191    0.0049    0.0017   -0.0003
 AT.   2 MG X     0.0155    0.0084   -0.0360    0.0082   -0.0298    0.0040
            Y    -0.0389   -0.0266   -0.0029   -0.0138   -0.0190   -0.0117
            Z     0.0175   -0.0552   -0.0165   -0.0083    0.0232    0.0005
 AT.   3 C  X     0.0115   -0.0034   -0.0089    0.0095   -0.0293    0.0272
            Y    -0.0079    0.0144   -0.0159   -0.0112   -0.0155   -0.0392
            Z     0.0391   -0.0336    0.0079    0.0259   -0.0265   -0.0282
 AT.   4 C  X     0.0001   -0.0026   -0.0207    0.0018   -0.0290    0.0309
            Y    -0.0361   -0.0174   -0.0131    0.0435   -0.0366   -0.0212
            Z     0.0390   -0.0423    0.0178   -0.0070   -0.0107    0.0121
 AT.   5 O  X     0.0066    0.0104   -0.0386    0.0144   -0.0213    0.0410
            Y    -0.0150    0.0347   -0.0568   -0.0008   -0.0052   -0.0213
            Z     0.0106   -0.0376    0.0417    0.0433    0.0226   -0.0179
 AT.   6 O  X    -0.0430    0.0008   -0.0065    0.0137    0.0460   -0.0329
            Y     0.0458    0.0170    0.0125    0.0412    0.0426    0.0244
            Z    -0.0612    0.0304   -0.0204    0.0218    0.0330   -0.0506
 AT.   7 O  X     0.0195    0.0029    0.0312    0.0004    0.0166   -0.0308
            Y     0.0013    0.0180   -0.0139    0.0536    0.0563    0.0279
            Z    -0.0134    0.0265   -0.0343   -0.0134    0.0306    0.0292
 AT.   8 O  X    -0.0141   -0.0106    0.0271    0.0144    0.0149   -0.0419
            Y    -0.0011   -0.0354    0.0512    0.0005   -0.0133    0.0226
            Z    -0.0015    0.0366   -0.0420    0.0433    0.0070    0.0167
 AT.   9 O  X     0.0429   -0.0015    0.0247    0.0131   -0.0564    0.0333
            Y    -0.0416   -0.0164   -0.0190    0.0406   -0.0342   -0.0216
            Z     0.0675   -0.0303    0.0165    0.0205   -0.0641    0.0504
 AT.  10 O  X    -0.0150   -0.0027   -0.0341   -0.0001   -0.0207    0.0280
            Y    -0.0014   -0.0181    0.0242    0.0531   -0.0528   -0.0220
            Z     0.0227   -0.0275    0.0209   -0.0137   -0.0299   -0.0214

 FREQ(CM**-1)    197.57    207.89    244.00    262.52    284.77    290.49

 AT.   1 CA X     0.0390    0.0043    0.0107   -0.0419   -0.0279    0.0005
            Y    -0.0350    0.0372   -0.0075    0.0027    0.0156   -0.0024
            Z    -0.0455    0.0353   -0.0095   -0.0040   -0.0329    0.0007
 AT.   2 MG X     0.0109    0.0009   -0.0017    0.0469   -0.0597    0.0049
            Y     0.0256    0.0078    0.0264   -0.0155   -0.0663   -0.0635
            Z    -0.0158    0.0132    0.0192   -0.0167   -0.0421    0.0646
 AT.   3 C  X     0.0011    0.0298    0.0396    0.0105   -0.0169    0.0060
            Y    -0.0301   -0.0347   -0.0168    0.0200    0.0218   -0.0128
            Z    -0.0215   -0.0252    0.0092    0.0197   -0.0107    0.0283
 AT.   4 C  X     0.0211   -0.0339   -0.0579   -0.0342   -0.0097   -0.0182
            Y     0.0295   -0.0204    0.0001   -0.0205   -0.0122   -0.0076
            Z     0.0098    0.0371   -0.0170   -0.0204    0.0146    0.0229
 AT.   5 O  X     0.0271    0.0429    0.0309    0.0127   -0.0076    0.0230
            Y     0.0053   -0.0166   -0.0307    0.0293    0.0253    0.0100
            Z    -0.0302   -0.0301   -0.0314    0.0152   -0.0043    0.0403
 AT.   6 O  X     0.0503    0.0025    0.0294   -0.0401    0.0156    0.0546
            Y     0.0217   -0.0135    0.0145   -0.0157   -0.0151    0.0016
            Z     0.0172    0.0470   -0.0123    0.0182   -0.0304   -0.0238
 AT.   7 O  X     0.0162   -0.0510    0.0153   -0.0492    0.0368    0.0024
            Y     0.0464    0.0213    0.0311   -0.0163   -0.0268    0.0324
            Z     0.0399    0.0194    0.0304   -0.0077   -0.0269   -0.0629
 AT.   8 O  X     0.0353    0.0564    0.0065   -0.0088    0.0284   -0.0232
            Y     0.0104    0.0030    0.0104    0.0270   -0.0127   -0.0133
            Z    -0.0459   -0.0457    0.0118   -0.0115    0.0514   -0.0343
 AT.   9 O  X     0.0517    0.0059   -0.0887   -0.0278   -0.0163   -0.0532
            Y     0.0255   -0.0272    0.0043   -0.0207   -0.0097   -0.0003
            Z     0.0083    0.0443   -0.0580   -0.0292   -0.0105    0.0269
 AT.  10 O  X     0.0072   -0.0447   -0.0439   -0.0416   -0.0223   -0.0045
            Y     0.0593    0.0049   -0.0297   -0.0116    0.0089   -0.0286
            Z     0.0514    0.0126   -0.0101    0.0155    0.0752    0.0615

 FREQ(CM**-1)    314.04    330.14    372.24    381.56    384.11    439.38

 AT.   1 CA X     0.0167    0.0152    0.0256   -0.0034    0.0093    0.0352
            Y     0.0389    0.0172    0.0013   -0.0257    0.0017    0.0065
            Z     0.0257   -0.0344   -0.0129   -0.0014    0.0272   -0.0198
 AT.   2 MG X     0.0010   -0.0019   -0.0105    0.0081    0.0005   -0.0013
            Y    -0.0010   -0.0292    0.0220    0.0032   -0.0168    0.0002
            Z     0.0012   -0.0129    0.0220    0.0096    0.0059    0.0008
 AT.   3 C  X    -0.0119    0.0199   -0.0267   -0.0125   -0.0173   -0.0376
            Y     0.0010    0.0070    0.0058   -0.0084   -0.0262    0.0061
            Z    -0.0489    0.0067    0.0130   -0.0037    0.0062    0.0248
 AT.   4 C  X     0.0060   -0.0203   -0.0270   -0.0225    0.0136   -0.0309
            Y    -0.0093   -0.0128    0.0058    0.0144   -0.0055    0.0002
            Z    -0.0412   -0.0065    0.0023   -0.0151    0.0010    0.0122
 AT.   5 O  X    -0.0427    0.0156   -0.0192   -0.0115   -0.0124   -0.0190
            Y    -0.0345   -0.0069    0.0143   -0.0098   -0.0212    0.0167
            Z    -0.0658    0.0580    0.0202   -0.0209   -0.0571    0.0158
 AT.   6 O  X    -0.0007   -0.0229   -0.0279   -0.0068    0.0112    0.0106
            Y    -0.0130   -0.0345    0.0046    0.0295    0.0217   -0.0086
            Z    -0.0365    0.0134    0.0270    0.0092   -0.0644   -0.0211
 AT.   7 O  X     0.0262   -0.0173    0.0269   -0.0170    0.0239    0.0098
            Y    -0.0281   -0.0292   -0.0357    0.0381    0.0279    0.0074
            Z     0.0450    0.0730    0.0543   -0.0699    0.0051    0.0251
 AT.   8 O  X    -0.0175    0.0146   -0.0136    0.0388   -0.0285    0.0037
            Y     0.0154   -0.0213   -0.0420   -0.0064   -0.0220    0.0097
            Z    -0.0112   -0.0229   -0.0471   -0.0220   -0.0581    0.0288
 AT.   9 O  X     0.0442   -0.0311   -0.0220   -0.0034    0.0064   -0.0304
            Y    -0.0179   -0.0109    0.0073    0.0118   -0.0032    0.0007
            Z    -0.0484    0.0492    0.0270    0.0151   -0.0353    0.0207
 AT.  10 O  X    -0.0147   -0.0191   -0.0183   -0.0251    0.0126   -0.0184
            Y     0.0329   -0.0198   -0.0007    0.0232   -0.0027   -0.0088
            Z     0.0045    0.0008   -0.0334   -0.0512    0.0262    0.0136

 FREQ(CM**-1)    726.99    731.09    739.42    741.48    889.19    893.11

 AT.   1 CA X    -0.0016   -0.0031   -0.0019    0.0033   -0.0011   -0.0009
            Y     0.0022    0.0020   -0.0028    0.0004   -0.0002    0.0009
            Z    -0.0008   -0.0034   -0.0019    0.0008    0.0007   -0.0013
 AT.   2 MG X    -0.0033   -0.0079    0.0143    0.0030    0.0021    0.0003
            Y    -0.0042   -0.0144   -0.0104    0.0009   -0.0002    0.0015
            Z    -0.0027   -0.0012    0.0135    0.0008   -0.0032    0.0019
 AT.   3 C  X     0.0453    0.0422   -0.0161    0.0014    0.0005   -0.0002
            Y    -0.0183   -0.0177   -0.0444    0.0087    0.0008    0.0010
            Z     0.0002   -0.0028    0.0019    0.0014   -0.0005    0.0190
 AT.   4 C  X    -0.0053   -0.0383    0.0154    0.0027    0.0003    0.0004
            Y    -0.0070    0.0158    0.0376   -0.0003   -0.0010    0.0009
            Z     0.0037    0.0030   -0.0024   -0.0006    0.0193    0.0004
 AT.   5 O  X     0.0419    0.0360    0.0726   -0.0152   -0.0001   -0.0003
            Y    -0.0696   -0.0619    0.0589   -0.0103   -0.0001   -0.0005
            Z    -0.0030   -0.0060    0.0084   -0.0029    0.0008   -0.0033
 AT.   6 O  X     0.0820   -0.0033    0.0014   -0.0191    0.0079   -0.0028
            Y     0.0125   -0.0018    0.0019    0.0589   -0.0018    0.0012
            Z    -0.0125    0.0032   -0.0010    0.0013   -0.0412    0.0462
 AT.   7 O  X    -0.0122   -0.0031    0.0007    0.0661   -0.0041   -0.0008
            Y    -0.0729    0.0086   -0.0033   -0.0310    0.0041   -0.0063
            Z     0.0098   -0.0017    0.0009    0.0120   -0.0417    0.0459
 AT.   8 O  X    -0.0421    0.0428   -0.0145   -0.0694   -0.0036   -0.0028
            Y     0.0572   -0.0676   -0.0106   -0.0664   -0.0005   -0.0058
            Z     0.0024   -0.0072   -0.0010   -0.0154   -0.0380   -0.0431
 AT.   9 O  X     0.0049    0.0846   -0.0083   -0.0005    0.0009    0.0003
            Y    -0.0071    0.0058    0.0632   -0.0025    0.0009   -0.0010
            Z     0.0017   -0.0108    0.0023   -0.0006   -0.0051   -0.0001
 AT.  10 O  X    -0.0074   -0.0206    0.0650   -0.0000   -0.0006   -0.0004
            Y    -0.0015   -0.0664   -0.0403    0.0040   -0.0000    0.0003
            Z    -0.0021    0.0050    0.0050    0.0004   -0.0046   -0.0019

 FREQ(CM**-1)   1132.59   1134.12   1477.80   1510.26   1530.78   1608.15

 AT.   1 CA X    -0.0003   -0.0024    0.0005   -0.0016    0.0004    0.0022
            Y    -0.0001   -0.0008   -0.0013    0.0001   -0.0014   -0.0008
            Z     0.0019    0.0009   -0.0003   -0.0019   -0.0005   -0.0015
 AT.   2 MG X     0.0011    0.0105    0.0015    0.0021    0.0015   -0.0021
            Y    -0.0003   -0.0026    0.0018    0.0008    0.0051   -0.0014
            Z     0.0050   -0.0047   -0.0001    0.0031   -0.0018    0.0022
 AT.   3 C  X    -0.0017    0.0008    0.0075    0.0043   -0.0163   -0.0019
            Y    -0.0010   -0.0024   -0.0549   -0.0063   -0.0024   -0.0179
            Z    -0.0003   -0.0000   -0.0013    0.0002    0.0015    0.0000
 AT.   4 C  X     0.0019   -0.0017   -0.0043    0.0017   -0.0177    0.0044
            Y     0.0013    0.0038    0.0022   -0.0062   -0.0552    0.0180
            Z     0.0004   -0.0005    0.0009    0.0002    0.0018   -0.0001
 AT.   5 O  X     0.0185    0.0693   -0.0114   -0.0036    0.0038   -0.0027
            Y    -0.0144   -0.0538    0.0104    0.0030   -0.0022    0.0032
            Z     0.0001   -0.0019   -0.0004   -0.0008   -0.0001    0.0004
 AT.   6 O  X    -0.0115   -0.0011   -0.0071    0.0114   -0.0091   -0.0162
            Y    -0.0967    0.0001   -0.0720    0.0043   -0.0617   -0.0130
            Z     0.0016    0.0000   -0.0002    0.0021    0.0012    0.0048
 AT.   7 O  X     0.0894    0.0001   -0.0189    0.0549   -0.0257   -0.0599
            Y     0.0385    0.0010   -0.0167    0.0181   -0.0203   -0.0204
            Z     0.0011   -0.0004   -0.0007    0.0014    0.0010    0.0014
 AT.   8 O  X    -0.0699    0.0178    0.0291   -0.0442   -0.0217   -0.0454
            Y     0.0545   -0.0136   -0.0282    0.0263    0.0236    0.0265
            Z     0.0006   -0.0007   -0.0006   -0.0023    0.0012    0.0032
 AT.   9 O  X     0.0009   -0.0117   -0.0007   -0.0001    0.0054   -0.0019
            Y     0.0001   -0.0980   -0.0006    0.0018    0.0236   -0.0068
            Z     0.0002    0.0009   -0.0004   -0.0007   -0.0013    0.0005
 AT.  10 O  X    -0.0004    0.0896    0.0023    0.0014    0.0129   -0.0044
            Y    -0.0016    0.0374    0.0003    0.0000    0.0074   -0.0035
            Z    -0.0001    0.0011    0.0002    0.0013   -0.0003    0.0002


  DISPERSION K POINT NUMBER    10 COORD:  C(  1  0  0 )    WEIGHT:    1.

    MODES         EIGV          FREQUENCIES     IRREP
             (HARTREE**2)   (CM**-1)     (THZ)
    1-   1    0.1057E-06     71.3633    2.1394  (  1)
    2-   2    0.3086E-06    121.9237    3.6552  (  1)
    3-   3    0.3693E-06    133.3813    3.9987  (  1)
    4-   4    0.4418E-06    145.8788    4.3733  (  1)
    5-   5    0.4997E-06    155.1390    4.6509  (  1)
    6-   6    0.8194E-06    198.6704    5.9560  (  1)
    7-   7    0.9168E-06    210.1480    6.3001  (  1)
    8-   8    0.1064E-05    226.4034    6.7874  (  1)
    9-   9    0.1100E-05    230.1703    6.9003  (  1)
   10-  10    0.1322E-05    252.3115    7.5641  (  1)
   11-  11    0.1661E-05    282.8770    8.4804  (  1)
   12-  12    0.1933E-05    305.1802    9.1491  (  1)
   13-  13    0.2089E-05    317.2492    9.5109  (  1)
   14-  14    0.2185E-05    324.4171    9.7258  (  1)
   15-  15    0.2760E-05    364.6302   10.9313  (  1)
   16-  16    0.2990E-05    379.4971   11.3770  (  1)
   17-  17    0.3082E-05    385.2913   11.5507  (  1)
   18-  18    0.3604E-05    416.6457   12.4907  (  1)
   19-  19    0.1097E-04    726.8269   21.7897  (  1)
   20-  20    0.1112E-04    731.9066   21.9420  (  1)
   21-  21    0.1132E-04    738.3699   22.1358  (  1)
   22-  22    0.1149E-04    744.0963   22.3074  (  1)
   23-  23    0.1640E-04    888.8604   26.6474  (  1)
   24-  24    0.1655E-04    892.9100   26.7688  (  1)
   25-  25    0.2663E-04   1132.6280   33.9553  (  1)
   26-  26    0.2668E-04   1133.6666   33.9865  (  1)
   27-  27    0.4623E-04   1492.1890   44.7347  (  1)
   28-  28    0.4741E-04   1511.1758   45.3039  (  1)
   29-  29    0.4926E-04   1540.3791   46.1794  (  1)
   30-  30    0.5390E-04   1611.2346   48.3036  (  1)

 MODES IN PHASE

 FREQ(CM**-1)     71.36    121.92    133.38    145.88    155.14    198.67

 AT.   1 CA X     0.0082   -0.0172    0.0315   -0.0096    0.0395    0.0001
            Y     0.0338    0.0576   -0.0784    0.0215    0.0178    0.0001
            Z    -0.0275    0.0534    0.0050   -0.0992   -0.0031    0.0002
 AT.   2 MG X    -0.0002   -0.0069    0.0016    0.0104    0.0200    0.0258
            Y     0.0064    0.0286    0.0027    0.0029   -0.0152    0.0027
            Z    -0.0100    0.0219   -0.0050   -0.0072    0.0071    0.0068
 AT.   3 C  X     0.0172    0.0074    0.0080   -0.0225    0.0049   -0.0440
            Y     0.0198   -0.0108    0.0323   -0.0103   -0.0007   -0.0082
            Z    -0.0192   -0.0136   -0.0333   -0.0062    0.0135   -0.0183
 AT.   4 C  X     0.0088   -0.0157    0.0003    0.0240    0.0110   -0.0198
            Y     0.0299    0.0492   -0.0122    0.0312    0.0024   -0.0358
            Z    -0.0557    0.0326    0.0219    0.0150    0.0188   -0.0186
 AT.   5 O  X     0.0326    0.0190    0.0307   -0.0278   -0.0076   -0.0394
            Y     0.0400    0.0077    0.0598   -0.0209   -0.0188   -0.0015
            Z    -0.0603    0.0118   -0.0569   -0.0198    0.0621    0.0293
 AT.   6 O  X    -0.0145   -0.0166    0.0335    0.0558    0.0109    0.0499
            Y     0.0154    0.0530   -0.0251    0.0275   -0.0154    0.0361
            Z    -0.0344    0.0338    0.0028    0.0042   -0.0181    0.0560
 AT.   7 O  X     0.0031   -0.0166   -0.0197    0.0090   -0.0316    0.0078
            Y     0.0034    0.0540    0.0174    0.0721    0.0155    0.0631
            Z    -0.0600    0.0568    0.0818    0.0248   -0.0151    0.0214
 AT.   8 O  X     0.0136    0.0174    0.0297   -0.0221    0.0424    0.0393
            Y     0.0050    0.0190    0.0603   -0.0167    0.0484    0.0020
            Z    -0.0148    0.0141   -0.0493   -0.0267   -0.0379   -0.0294
 AT.   9 O  X    -0.0190   -0.0129    0.0268    0.0625    0.0114   -0.0491
            Y     0.0330    0.0484   -0.0147    0.0259    0.0002   -0.0364
            Z    -0.0568    0.0323   -0.0080    0.0057    0.0046   -0.0546
 AT.  10 O  X     0.0209   -0.0181   -0.0134    0.0002    0.0101   -0.0071
            Y     0.0041    0.0541    0.0188    0.0801    0.0021   -0.0634
            Z    -0.0537    0.0583    0.0840    0.0298   -0.0085   -0.0219

 FREQ(CM**-1)    210.15    226.40    230.17    252.31    282.88    305.18

 AT.   1 CA X     0.0017    0.0509    0.0381   -0.0050    0.0107   -0.0263
            Y     0.0013   -0.0312   -0.0540   -0.0145   -0.0403   -0.0291
            Z     0.0009    0.0107    0.0094   -0.0367   -0.0240   -0.0048
 AT.   2 MG X    -0.0016    0.0112    0.0073   -0.0030   -0.0859   -0.0210
            Y     0.0480    0.0124    0.0114   -0.0042   -0.0208    0.0728
            Z     0.0147    0.0094   -0.0056   -0.0218   -0.0004   -0.0530
 AT.   3 C  X     0.0325   -0.0424    0.0283    0.0087    0.0103    0.0051
            Y    -0.0208   -0.0072   -0.0177    0.0056   -0.0172   -0.0147
            Z    -0.0094   -0.0009    0.0366   -0.0076    0.0270   -0.0272
 AT.   4 C  X     0.0356    0.0377   -0.0076    0.0106    0.0001   -0.0178
            Y    -0.0560    0.0178    0.0283    0.0022    0.0150    0.0174
            Z    -0.0245   -0.0137   -0.0228   -0.0036   -0.0339    0.0164
 AT.   5 O  X     0.0335   -0.0356    0.0012    0.0310    0.0114    0.0035
            Y    -0.0147   -0.0029   -0.0574    0.0385   -0.0175   -0.0172
            Z    -0.0580    0.0673    0.0340    0.0024    0.0578   -0.0596
 AT.   6 O  X    -0.0170    0.0472   -0.0212    0.0026   -0.0292    0.0083
            Y     0.0544    0.0180    0.0348   -0.0081    0.0159   -0.0005
            Z    -0.0004    0.0156   -0.0615   -0.0612    0.0773    0.0270
 AT.   7 O  X    -0.0349    0.0562    0.0074   -0.0085   -0.0276    0.0409
            Y     0.0675    0.0081    0.0205    0.0099    0.0075   -0.0362
            Z     0.0469   -0.0120    0.0362    0.0561   -0.0066   -0.0003
 AT.   8 O  X    -0.0300   -0.0504    0.0050   -0.0032   -0.0207    0.0422
            Y     0.0108   -0.0143   -0.0505    0.0014    0.0206   -0.0075
            Z     0.0574    0.0615    0.0332   -0.0399   -0.0147    0.0301
 AT.   9 O  X     0.0205    0.0275   -0.0382   -0.0146    0.0287   -0.0072
            Y    -0.0533    0.0179    0.0366    0.0064    0.0139    0.0213
            Z     0.0045   -0.0091   -0.0740    0.0431    0.0120    0.0476
 AT.  10 O  X     0.0360    0.0472    0.0032    0.0276   -0.0079   -0.0198
            Y    -0.0650   -0.0007    0.0133   -0.0308    0.0315    0.0227
            Z    -0.0440   -0.0194    0.0326   -0.0805   -0.0439   -0.0527

 FREQ(CM**-1)    317.25    324.42    364.63    379.50    385.29    416.65

 AT.   1 CA X    -0.0360    0.0066    0.0164    0.0124   -0.0050    0.0124
            Y    -0.0295    0.0178   -0.0044    0.0094    0.0001   -0.0033
            Z     0.0159   -0.0745   -0.0002    0.0019   -0.0030   -0.0016
 AT.   2 MG X    -0.0016    0.0011    0.0127   -0.0126    0.0148    0.1595
            Y    -0.0026    0.0054    0.0024    0.1323    0.0601   -0.0152
            Z     0.0012    0.0017   -0.0281   -0.0452    0.1420   -0.0245
 AT.   3 C  X     0.0082    0.0275   -0.0244    0.0050    0.0055    0.0391
            Y     0.0127    0.0202    0.0125    0.0209    0.0060   -0.0079
            Z    -0.0292   -0.0043   -0.0201   -0.0068    0.0228   -0.0054
 AT.   4 C  X    -0.0140   -0.0139   -0.0112    0.0282   -0.0083   -0.0002
            Y     0.0106   -0.0198    0.0045    0.0041    0.0190    0.0128
            Z    -0.0429    0.0177   -0.0427    0.0132   -0.0187   -0.0158
 AT.   5 O  X    -0.0089    0.0150   -0.0328   -0.0093    0.0180    0.0329
            Y    -0.0124   -0.0002    0.0001    0.0068    0.0208   -0.0117
            Z     0.0278    0.0757   -0.0006    0.0224    0.0318   -0.0033
 AT.   6 O  X     0.0058   -0.0550   -0.0480   -0.0130    0.0273   -0.0410
            Y    -0.0047   -0.0234    0.0136   -0.0309   -0.0342   -0.0008
            Z     0.0242    0.0562    0.0615    0.0435   -0.0228    0.0393
 AT.   7 O  X    -0.0367   -0.0134    0.0143   -0.0302    0.0016   -0.0246
            Y     0.0242   -0.0513   -0.0436   -0.0346   -0.0098   -0.0317
            Z     0.0048    0.0549    0.0168   -0.0020    0.0589    0.0182
 AT.   8 O  X     0.0406    0.0110    0.0259   -0.0295    0.0090   -0.0064
            Y     0.0232   -0.0034   -0.0249   -0.0243   -0.0251    0.0198
            Z     0.0621    0.0831   -0.0374   -0.0531   -0.0437   -0.0048
 AT.   9 O  X     0.0431   -0.0486    0.0258    0.0041   -0.0085    0.0069
            Y     0.0021   -0.0197    0.0008    0.0104    0.0202    0.0107
            Z     0.0064    0.0430   -0.0320   -0.0408    0.0130   -0.0096
 AT.  10 O  X    -0.0311   -0.0060   -0.0214    0.0327   -0.0132   -0.0016
            Y     0.0432   -0.0474    0.0411    0.0013    0.0208    0.0232
            Z    -0.0752    0.0530   -0.0379    0.0327   -0.0674   -0.0365

 FREQ(CM**-1)    726.83    731.91    738.37    744.10    888.86    892.91

 AT.   1 CA X    -0.0058   -0.0003   -0.0020    0.0009    0.0018   -0.0015
            Y     0.0041    0.0018   -0.0049    0.0003   -0.0006    0.0012
            Z    -0.0032    0.0002   -0.0053    0.0005   -0.0002    0.0011
 AT.   2 MG X     0.0042   -0.0071   -0.0059    0.0155    0.0001    0.0005
            Y     0.0031   -0.0193    0.0001   -0.0051    0.0001    0.0013
            Z     0.0015    0.0019   -0.0014    0.0144    0.0002   -0.0006
 AT.   3 C  X     0.0489    0.0256   -0.0181   -0.0156   -0.0009    0.0004
            Y    -0.0175   -0.0086   -0.0376   -0.0199    0.0040    0.0005
            Z     0.0009   -0.0005   -0.0022    0.0065    0.0719    0.1779
 AT.   4 C  X    -0.0490    0.0166    0.0222   -0.0210   -0.0019   -0.0005
            Y     0.0175   -0.0202    0.0537   -0.0441   -0.0001    0.0029
            Z    -0.0009   -0.0005    0.0030    0.0030    0.1798   -0.0711
 AT.   5 O  X     0.0388    0.0202    0.0599    0.0294   -0.0030   -0.0036
            Y    -0.0779   -0.0424    0.0491    0.0479   -0.0056   -0.0040
            Z    -0.0039   -0.0046    0.0081    0.0102   -0.0177   -0.0490
 AT.   6 O  X     0.0464    0.1056   -0.0053   -0.0356    0.0042   -0.0033
            Y     0.0022    0.0225    0.0773    0.0773   -0.0017    0.0006
            Z    -0.0074   -0.0154   -0.0025    0.0081   -0.0285    0.0246
 AT.   7 O  X    -0.0127   -0.0080    0.0784    0.0872   -0.0019    0.0011
            Y    -0.0366   -0.0972   -0.0559   -0.0340    0.0051   -0.0032
            Z     0.0056    0.0085    0.0151    0.0090   -0.0265    0.0227
 AT.   8 O  X     0.0221   -0.0566    0.0371   -0.0488    0.0010   -0.0036
            Y    -0.0446    0.0583    0.0323   -0.0672   -0.0005   -0.0037
            Z    -0.0016    0.0053    0.0042   -0.0137    0.0258   -0.0489
 AT.   9 O  X     0.1098   -0.0446   -0.0060    0.0297    0.0047   -0.0028
            Y     0.0021   -0.0222    0.0801   -0.0747   -0.0013    0.0005
            Z    -0.0139    0.0045   -0.0026   -0.0067   -0.0475    0.0199
 AT.  10 O  X    -0.0306   -0.0072    0.0818   -0.0824   -0.0007    0.0010
            Y    -0.0895    0.0464   -0.0572    0.0369    0.0068   -0.0027
            Z     0.0091   -0.0030    0.0152   -0.0086   -0.0473    0.0178

 FREQ(CM**-1)   1132.63   1133.67   1492.19   1511.18   1540.38   1611.23

 AT.   1 CA X    -0.0033    0.0001   -0.0001    0.0000    0.0011   -0.0008
            Y    -0.0011    0.0000    0.0021    0.0000   -0.0001    0.0001
            Z     0.0021    0.0001    0.0010    0.0000    0.0009   -0.0004
 AT.   2 MG X    -0.0006    0.0091    0.0010    0.0008   -0.0073   -0.0048
            Y     0.0002   -0.0023    0.0029    0.0063   -0.0014   -0.0017
            Z    -0.0032   -0.0034   -0.0007   -0.0027   -0.0053   -0.0022
 AT.   3 C  X    -0.0021    0.0025   -0.0287    0.0276   -0.0324    0.1688
            Y    -0.0008   -0.0026    0.1716    0.1002   -0.0307    0.0064
            Z     0.0004    0.0000    0.0028   -0.0026    0.0003    0.0017
 AT.   4 C  X     0.0015    0.0038    0.0328    0.0236    0.1706    0.0326
            Y     0.0003   -0.0018   -0.1003    0.1725   -0.0023   -0.0271
            Z    -0.0009    0.0000   -0.0026   -0.0027    0.0008    0.0008
 AT.   5 O  X     0.0504    0.0389    0.0379    0.0097    0.0006   -0.0507
            Y    -0.0390   -0.0304   -0.0366   -0.0139    0.0005    0.0284
            Z    -0.0004   -0.0009   -0.0002   -0.0014   -0.0017   -0.0003
 AT.   6 O  X    -0.0123   -0.0125    0.0040    0.0089    0.0106    0.0065
            Y    -0.1006   -0.1019    0.0353    0.0710   -0.0043   -0.0057
            Z     0.0020    0.0005   -0.0005   -0.0023    0.0006    0.0007
 AT.   7 O  X     0.0916    0.0944    0.0135    0.0318    0.0418    0.0262
            Y     0.0400    0.0399    0.0105    0.0241    0.0135    0.0065
            Z     0.0010    0.0015    0.0002   -0.0011   -0.0016   -0.0001
 AT.   8 O  X     0.0406   -0.0486   -0.0110   -0.0077    0.0364    0.0503
            Y    -0.0313    0.0380    0.0122    0.0115   -0.0221   -0.0283
            Z    -0.0002    0.0012    0.0005    0.0013    0.0020    0.0009
 AT.   9 O  X    -0.0123    0.0125    0.0034   -0.0092   -0.0149   -0.0018
            Y    -0.1016    0.1008    0.0404   -0.0714   -0.0065    0.0098
            Z     0.0021   -0.0006    0.0023    0.0025    0.0003   -0.0009
 AT.  10 O  X     0.0926   -0.0934    0.0004   -0.0325   -0.0615   -0.0074
            Y     0.0402   -0.0397    0.0065   -0.0243   -0.0204   -0.0005
            Z     0.0010   -0.0015   -0.0002    0.0011    0.0006    0.0012

 MODES IN ANTI-PHASE

 FREQ(CM**-1)     71.36    121.92    133.38    145.88    155.14    198.67

 AT.   1 CA X     0.0027    0.0016    0.0053   -0.0019    0.0912   -0.0163
            Y     0.0109   -0.0052   -0.0133    0.0042    0.0410   -0.0123
            Z    -0.0089   -0.0048    0.0008   -0.0194   -0.0073   -0.0255
 AT.   2 MG X    -0.0007   -0.0097    0.0044    0.0304   -0.0269   -0.0146
            Y     0.0300    0.0405    0.0074    0.0083    0.0205   -0.0015
            Z    -0.0464    0.0311   -0.0134   -0.0209   -0.0095   -0.0038
 AT.   3 C  X    -0.0071    0.0144   -0.0018   -0.0211    0.0275    0.0018
            Y    -0.0281   -0.0554    0.0062   -0.0301    0.0136   -0.0364
            Z     0.0541   -0.0313   -0.0159   -0.0143    0.0247   -0.0111
 AT.   4 C  X    -0.0165    0.0037   -0.0082    0.0194   -0.0256   -0.0394
            Y    -0.0169   -0.0276   -0.0306    0.0060   -0.0134    0.0105
            Z     0.0136   -0.0098    0.0297    0.0042   -0.0209   -0.0106
 AT.   5 O  X    -0.0220    0.0069    0.0022    0.0099    0.0509    0.0105
            Y    -0.0470   -0.0636    0.0116    0.0073    0.0487   -0.0278
            Z     0.0584   -0.0136    0.0133   -0.0221    0.0062    0.0058
 AT.   6 O  X    -0.0123   -0.0192   -0.0148    0.0287    0.0257   -0.0482
            Y     0.0351    0.0209    0.0275    0.0009   -0.0141    0.0143
            Z    -0.0493    0.0056   -0.0323    0.0048   -0.0106   -0.0788
 AT.   7 O  X     0.0314    0.0102    0.0157   -0.0217   -0.0158   -0.0416
            Y     0.0023   -0.0054    0.0071    0.0353    0.0173    0.0192
            Z    -0.0085   -0.0135    0.0206    0.0182   -0.0258    0.0274
 AT.   8 O  X     0.0369   -0.0102    0.0080   -0.0196    0.0292    0.0112
            Y     0.0615    0.0612    0.0087   -0.0146    0.0195   -0.0277
            Z    -0.0826    0.0112   -0.0313    0.0130    0.0496    0.0053
 AT.   9 O  X     0.0015    0.0218    0.0250   -0.0056    0.0255   -0.0491
            Y    -0.0195   -0.0301   -0.0342    0.0095   -0.0208    0.0137
            Z     0.0199   -0.0116    0.0315   -0.0029   -0.0204   -0.0798
 AT.  10 O  X    -0.0236   -0.0071   -0.0213    0.0235   -0.0338   -0.0418
            Y     0.0001   -0.0044   -0.0010   -0.0056    0.0232    0.0182
            Z    -0.0282    0.0031    0.0075   -0.0076   -0.0286    0.0271

 FREQ(CM**-1)    210.15    226.40    230.17    252.31    282.88    305.18

 AT.   1 CA X     0.0313    0.0104   -0.0046   -0.0050   -0.0088    0.0219
            Y     0.0239   -0.0063    0.0065   -0.0145    0.0333    0.0242
            Z     0.0166    0.0022   -0.0011   -0.0367    0.0198    0.0040
 AT.   2 MG X     0.0011    0.0335    0.0097    0.0113   -0.0320   -0.0077
            Y    -0.0312    0.0369    0.0152    0.0157   -0.0078    0.0269
            Z    -0.0095    0.0281   -0.0075    0.0814   -0.0002   -0.0195
 AT.   3 C  X     0.0203   -0.0328   -0.0166   -0.0060    0.0299   -0.0391
            Y    -0.0541   -0.0170   -0.0223    0.0054   -0.0039    0.0107
            Z    -0.0235    0.0139   -0.0035   -0.0059   -0.0255   -0.0276
 AT.   4 C  X     0.0144    0.0380   -0.0319    0.0009    0.0316   -0.0351
            Y     0.0150    0.0051   -0.0026   -0.0075   -0.0093    0.0052
            Z     0.0062    0.0026   -0.0288    0.0089   -0.0153   -0.0351
 AT.   5 O  X     0.0318   -0.0452   -0.0157   -0.0032    0.0233   -0.0423
            Y    -0.0360   -0.0296   -0.0218    0.0014   -0.0243    0.0045
            Z    -0.0032   -0.0011   -0.0006   -0.0399    0.0261   -0.0416
 AT.   6 O  X     0.0340   -0.0406    0.0738   -0.0146   -0.0349    0.0089
            Y     0.0076    0.0034   -0.0117    0.0063   -0.0111   -0.0218
            Z     0.0391   -0.0601    0.0600    0.0430    0.0026   -0.0434
 AT.   7 O  X     0.0123   -0.0117    0.0165    0.0276    0.0027    0.0277
            Y     0.0206   -0.0208    0.0277   -0.0308   -0.0306   -0.0298
            Z     0.0247   -0.0213    0.0105   -0.0804    0.0435    0.0535
 AT.   8 O  X     0.0352    0.0277    0.0149    0.0310   -0.0156    0.0042
            Y    -0.0374    0.0261    0.0348    0.0385    0.0218    0.0161
            Z    -0.0093    0.0273   -0.0075    0.0024   -0.0617    0.0662
 AT.   9 O  X     0.0320    0.0558   -0.0666    0.0026    0.0353   -0.0098
            Y     0.0133    0.0039    0.0030   -0.0081   -0.0135    0.0044
            Z     0.0389    0.0614   -0.0436   -0.0611   -0.0764   -0.0186
 AT.  10 O  X     0.0086    0.0327   -0.0178   -0.0085    0.0266   -0.0452
            Y     0.0276    0.0223   -0.0318    0.0099   -0.0016    0.0410
            Z     0.0295    0.0150   -0.0188    0.0560   -0.0018   -0.0094

 FREQ(CM**-1)    317.25    324.42    364.63    379.50    385.29    416.65

 AT.   1 CA X    -0.0230    0.0010    0.0556   -0.0241    0.0084   -0.0216
            Y    -0.0188    0.0027   -0.0150   -0.0183   -0.0002    0.0057
            Z     0.0102   -0.0113   -0.0008   -0.0036    0.0051    0.0027
 AT.   2 MG X     0.0356    0.0029   -0.0133    0.0006    0.0001   -0.0007
            Y     0.0585    0.0137   -0.0025   -0.0066    0.0006    0.0001
            Z    -0.0263    0.0043    0.0295    0.0022    0.0014    0.0001
 AT.   3 C  X     0.0229    0.0081    0.0231    0.0332   -0.0063    0.0219
            Y    -0.0040    0.0158   -0.0145    0.0140    0.0258    0.0102
            Z     0.0318   -0.0172   -0.0544    0.0114   -0.0081   -0.0212
 AT.   4 C  X    -0.0199   -0.0250   -0.0317    0.0183    0.0015    0.0448
            Y    -0.0081   -0.0163    0.0186    0.0248    0.0185   -0.0019
            Z     0.0056    0.0004    0.0393   -0.0015    0.0153   -0.0151
 AT.   5 O  X     0.0489   -0.0109   -0.0031    0.0431   -0.0202   -0.0119
            Y     0.0313   -0.0111   -0.0458    0.0251    0.0172   -0.0162
            Z     0.0556    0.0363   -0.0700    0.0493    0.0324    0.0075
 AT.   6 O  X     0.0448    0.0133   -0.0269    0.0043   -0.0053    0.0162
            Y     0.0045    0.0090    0.0225    0.0094   -0.0042   -0.0120
            Z    -0.0042   -0.0358    0.0363    0.0190   -0.0023   -0.0120
 AT.   7 O  X    -0.0172    0.0230   -0.0174   -0.0186    0.0141    0.0163
            Y     0.0364    0.0053    0.0082    0.0232   -0.0183   -0.0083
            Z    -0.0851    0.0019   -0.0439   -0.0389    0.0445    0.0316
 AT.   8 O  X    -0.0287    0.0149   -0.0204    0.0327   -0.0255   -0.0344
            Y    -0.0244    0.0105   -0.0384    0.0091   -0.0099    0.0019
            Z     0.0019   -0.0122   -0.0592    0.0106   -0.0122    0.0067
 AT.   9 O  X    -0.0136   -0.0290   -0.0487    0.0130   -0.0265    0.0435
            Y    -0.0062   -0.0155    0.0263    0.0306    0.0280   -0.0053
            Z     0.0237    0.0509    0.0639   -0.0242    0.0188   -0.0400
 AT.  10 O  X    -0.0261   -0.0260   -0.0069    0.0137    0.0054    0.0294
            Y     0.0066   -0.0203   -0.0167    0.0416   -0.0002    0.0230
            Z     0.0401    0.0146   -0.0278   -0.0211   -0.0301    0.0003

 FREQ(CM**-1)    726.83    731.91    738.37    744.10    888.86    892.91

 AT.   1 CA X     0.0034    0.0005    0.0003   -0.0055    0.0009   -0.0001
            Y    -0.0024   -0.0030    0.0008   -0.0016   -0.0003    0.0001
            Z     0.0019   -0.0003    0.0009   -0.0031   -0.0001    0.0001
 AT.   2 MG X     0.0024   -0.0001   -0.0072   -0.0058    0.0021    0.0010
            Y     0.0018   -0.0002    0.0002    0.0019    0.0012    0.0025
            Z     0.0008    0.0000   -0.0017   -0.0054    0.0033   -0.0011
 AT.   3 C  X    -0.0059    0.0349   -0.0130   -0.0184    0.0017    0.0003
            Y    -0.0028   -0.0288   -0.0386   -0.0410    0.0018   -0.0034
            Z     0.0008   -0.0009   -0.0021    0.0018   -0.1648   -0.0011
 AT.   4 C  X    -0.0049    0.0400    0.0022   -0.0117    0.0001   -0.0003
            Y    -0.0032   -0.0222   -0.0043   -0.0116   -0.0044   -0.0018
            Z     0.0008   -0.0009   -0.0001    0.0060    0.0010   -0.1631
 AT.   5 O  X    -0.0039    0.0535    0.0609    0.0649    0.0035    0.0004
            Y     0.0082   -0.0432    0.0442    0.0678    0.0034    0.0021
            Z    -0.0004   -0.0035    0.0106    0.0124    0.0449   -0.0022
 AT.   6 O  X    -0.0998   -0.0071    0.0031    0.0125    0.0027    0.0039
            Y    -0.0012    0.0130   -0.0216    0.0047   -0.0003   -0.0012
            Z     0.0118    0.0034    0.0009   -0.0030   -0.0380   -0.0433
 AT.   7 O  X     0.0279    0.0126   -0.0236   -0.0004    0.0006   -0.0008
            Y     0.0820    0.0005    0.0132   -0.0147    0.0047    0.0043
            Z    -0.0073   -0.0013   -0.0027    0.0004   -0.0392   -0.0447
 AT.   8 O  X    -0.0322    0.0081   -0.0769    0.0519   -0.0045   -0.0008
            Y     0.0643    0.0163   -0.0577    0.0487   -0.0066   -0.0025
            Z     0.0036    0.0023   -0.0126    0.0084   -0.0407   -0.0030
 AT.   9 O  X     0.0074   -0.0959   -0.0012    0.0233    0.0018   -0.0042
            Y    -0.0013   -0.0135   -0.0044   -0.0205   -0.0012    0.0013
            Z     0.0009    0.0151   -0.0000   -0.0055   -0.0006    0.0456
 AT.  10 O  X    -0.0023    0.0131   -0.0028   -0.0285   -0.0019    0.0009
            Y    -0.0074    0.0854    0.0054   -0.0030    0.0013   -0.0046
            Z    -0.0014   -0.0081   -0.0023   -0.0025    0.0017    0.0468

 FREQ(CM**-1)   1132.63   1133.67   1492.19   1511.18   1540.38   1611.23

 AT.   1 CA X     0.0002   -0.0018    0.0002    0.0006   -0.0027    0.0055
            Y     0.0001   -0.0005   -0.0033    0.0009    0.0004   -0.0009
            Z    -0.0002   -0.0015   -0.0015    0.0005   -0.0022    0.0024
 AT.   2 MG X    -0.0009   -0.0044    0.0000   -0.0005    0.0011    0.0019
            Y     0.0002    0.0011    0.0001   -0.0041    0.0002    0.0007
            Z    -0.0047    0.0016   -0.0000    0.0018    0.0008    0.0009
 AT.   3 C  X    -0.0002    0.0031    0.0198    0.0092    0.1676   -0.0071
            Y     0.0003   -0.0010   -0.0003    0.1404   -0.0097   -0.0294
            Z     0.0009   -0.0000   -0.0012   -0.0015    0.0009    0.0004
 AT.   4 C  X     0.0015    0.0012   -0.0118    0.0171    0.0076    0.1658
            Y     0.0008   -0.0020    0.1392   -0.0002   -0.0321    0.0131
            Z     0.0002    0.0000    0.0016   -0.0012    0.0005    0.0016
 AT.   5 O  X     0.0635    0.0689   -0.0051    0.0208   -0.0536   -0.0057
            Y    -0.0495   -0.0538    0.0032   -0.0249    0.0316    0.0037
            Z    -0.0009   -0.0015   -0.0005   -0.0016   -0.0011   -0.0022
 AT.   6 O  X     0.0010   -0.0011   -0.0055   -0.0037    0.0105   -0.0159
            Y     0.0144    0.0003   -0.0603   -0.0081    0.0141   -0.0154
            Z    -0.0007    0.0004   -0.0023    0.0021   -0.0011    0.0009
 AT.   7 O  X    -0.0133    0.0002   -0.0065   -0.0087    0.0453   -0.0627
            Y    -0.0044    0.0010   -0.0119   -0.0033    0.0155   -0.0203
            Z    -0.0002    0.0001    0.0002   -0.0005    0.0008   -0.0037
 AT.   8 O  X    -0.0702    0.0625   -0.0367    0.0217   -0.0393    0.0089
            Y     0.0546   -0.0488    0.0347   -0.0262    0.0226   -0.0044
            Z     0.0009   -0.0014   -0.0001   -0.0017    0.0004   -0.0020
 AT.   9 O  X     0.0008    0.0007   -0.0059   -0.0028    0.0003   -0.0171
            Y     0.0004    0.0152   -0.0570   -0.0011    0.0132   -0.0132
            Z     0.0004    0.0003   -0.0005    0.0019   -0.0012    0.0006
 AT.  10 O  X    -0.0002   -0.0136   -0.0150   -0.0056    0.0042   -0.0676
            Y    -0.0014   -0.0048   -0.0144   -0.0009    0.0019   -0.0213
            Z     0.0001   -0.0002   -0.0001   -0.0006    0.0017   -0.0035


  DISPERSION K POINT NUMBER    11 COORD:  C(  1  0  1 )    WEIGHT:    1.

    MODES         EIGV          FREQUENCIES     IRREP
             (HARTREE**2)   (CM**-1)     (THZ)
    1-   1    0.2247E-06    104.0446    3.1192  (  1)
    2-   2    0.2424E-06    108.0667    3.2398  (  1)
    3-   3    0.4129E-06    141.0246    4.2278  (  1)
    4-   4    0.4417E-06    145.8678    4.3730  (  1)
    5-   5    0.5680E-06    165.4071    4.9588  (  1)
    6-   6    0.6508E-06    177.0580    5.3081  (  1)
    7-   7    0.8103E-06    197.5697    5.9230  (  1)
    8-   8    0.8972E-06    207.8897    6.2324  (  1)
    9-   9    0.1236E-05    243.9965    7.3148  (  1)
   10-  10    0.1431E-05    262.5184    7.8701  (  1)
   11-  11    0.1684E-05    284.7748    8.5373  (  1)
   12-  12    0.1752E-05    290.4931    8.7088  (  1)
   13-  13    0.2047E-05    314.0432    9.4148  (  1)
   14-  14    0.2263E-05    330.1369    9.8973  (  1)
   15-  15    0.2877E-05    372.2368   11.1594  (  1)
   16-  16    0.3022E-05    381.5559   11.4388  (  1)
   17-  17    0.3063E-05    384.1085   11.5153  (  1)
   18-  18    0.4008E-05    439.3780   13.1722  (  1)
   19-  19    0.1097E-04    726.9927   21.7947  (  1)
   20-  20    0.1110E-04    731.0934   21.9176  (  1)
   21-  21    0.1135E-04    739.4215   22.1673  (  1)
   22-  22    0.1141E-04    741.4813   22.2291  (  1)
   23-  23    0.1641E-04    889.1868   26.6571  (  1)
   24-  24    0.1656E-04    893.1123   26.7748  (  1)
   25-  25    0.2663E-04   1132.5883   33.9541  (  1)
   26-  26    0.2670E-04   1134.1207   34.0001  (  1)
   27-  27    0.4534E-04   1477.8006   44.3033  (  1)
   28-  28    0.4735E-04   1510.2608   45.2765  (  1)
   29-  29    0.4865E-04   1530.7826   45.8917  (  1)
   30-  30    0.5369E-04   1608.1511   48.2112  (  1)

 MODES IN PHASE

 FREQ(CM**-1)    104.04    108.07    141.02    145.87    165.41    177.06

 AT.   1 CA X     0.0164    0.0001   -0.0068    0.1135    0.0158   -0.0254
            Y    -0.0148    0.0785    0.0088    0.0346   -0.0214    0.0319
            Z     0.0086    0.0430   -0.0924   -0.0049   -0.0057    0.0059
 AT.   2 MG X     0.0188    0.0086   -0.0024   -0.0078   -0.0091   -0.0087
            Y     0.0238    0.0094    0.0035   -0.0140    0.0047   -0.0099
            Z     0.0127   -0.0251    0.0020    0.0083   -0.0067   -0.0005
 AT.   3 C  X    -0.0402    0.0242   -0.0034    0.0393    0.0381    0.0185
            Y    -0.0144    0.0163    0.0172    0.0200    0.0152    0.0467
            Z    -0.0250    0.0089   -0.0138    0.0059    0.0220   -0.0217
 AT.   4 C  X     0.0214    0.0202    0.0142    0.0386   -0.0277    0.0136
            Y     0.0180    0.0147    0.0054    0.0202    0.0178   -0.0031
            Z     0.0425    0.0191    0.0025    0.0070    0.0267   -0.0353
 AT.   5 O  X    -0.0133    0.0032   -0.0178    0.0466    0.0406    0.0377
            Y     0.0209   -0.0086   -0.0025    0.0265    0.0165    0.0728
            Z     0.0017    0.0507   -0.0444    0.0134   -0.0220   -0.0847
 AT.   6 O  X     0.0354   -0.0374    0.0527    0.0065   -0.0359    0.0069
            Y     0.0145   -0.0096   -0.0180   -0.0128    0.0061   -0.0177
            Z     0.0233    0.0565    0.0172   -0.0433   -0.0548    0.0215
 AT.   7 O  X    -0.0221    0.0099   -0.0110    0.0425    0.0441    0.0255
            Y    -0.0586    0.0474    0.0368    0.0088    0.0047    0.0345
            Z    -0.0467   -0.0092   -0.0174   -0.0218    0.0184    0.0345
 AT.   8 O  X     0.0047   -0.0010   -0.0180    0.0459   -0.0374    0.0288
            Y    -0.0053   -0.0102   -0.0349    0.0266    0.0011    0.0237
            Z     0.0348    0.0572   -0.0207    0.0137    0.0198   -0.0520
 AT.   9 O  X     0.0338   -0.0460   -0.0014    0.0077   -0.0282    0.0047
            Y    -0.0084   -0.0116   -0.0167   -0.0122   -0.0184    0.0428
            Z     0.0122    0.0475   -0.0187   -0.0433   -0.0440   -0.0009
 AT.  10 O  X     0.0080    0.0063   -0.0060    0.0417   -0.0372    0.0211
            Y     0.0498    0.0456    0.0552    0.0090    0.0394   -0.0173
            Z     0.0715   -0.0018   -0.0015   -0.0205    0.0854   -0.0307

 FREQ(CM**-1)    197.57    207.89    244.00    262.52    284.77    290.49

 AT.   1 CA X    -0.0085    0.0348   -0.0022   -0.0005   -0.0007   -0.0282
            Y    -0.0404    0.0151   -0.0254    0.0009    0.0550   -0.0259
            Z     0.0359   -0.0358    0.0186    0.0001    0.0565   -0.0106
 AT.   2 MG X     0.0416    0.0105   -0.0009   -0.0123   -0.0252    0.0104
            Y     0.0051    0.0046   -0.0006    0.0592    0.0054    0.0071
            Z     0.0238   -0.0193    0.0008   -0.0205    0.0122    0.0127
 AT.   3 C  X     0.0253   -0.0310   -0.0215    0.0040   -0.0121   -0.0094
            Y    -0.0220    0.0248    0.0565   -0.0270   -0.0216    0.0215
            Z     0.0085   -0.0393    0.0162    0.0097   -0.0121   -0.0004
 AT.   4 C  X     0.0307   -0.0300    0.0089   -0.0057   -0.0065    0.0109
            Y     0.0107    0.0261    0.0202    0.0283   -0.0315    0.0072
            Z    -0.0190   -0.0398    0.0012   -0.0088   -0.0071    0.0303
 AT.   5 O  X     0.0261   -0.0134   -0.0372    0.0151   -0.0069   -0.0012
            Y    -0.0185    0.0479    0.0311   -0.0079   -0.0089    0.0210
            Z    -0.0106   -0.0158   -0.0079   -0.0470   -0.0557   -0.0289
 AT.   6 O  X    -0.0012    0.0205    0.0081   -0.0252    0.0162   -0.0368
            Y    -0.0083   -0.0471   -0.0293    0.0356   -0.0171   -0.0022
            Z    -0.0046    0.0393    0.0064    0.0540   -0.0482   -0.0229
 AT.   7 O  X     0.0274   -0.0163   -0.0333    0.0031   -0.0204   -0.0037
            Y    -0.0271   -0.0145    0.0884   -0.0262   -0.0059    0.0251
            Z    -0.0299   -0.0461    0.0824    0.0961    0.0324   -0.0407
 AT.   8 O  X     0.0553   -0.0122    0.0117   -0.0169   -0.0073    0.0351
            Y     0.0441    0.0494    0.0188    0.0095   -0.0281    0.0369
            Z    -0.0614   -0.0166   -0.0320    0.0468   -0.0272    0.0513
 AT.   9 O  X     0.0366    0.0179   -0.0059    0.0265    0.0204   -0.0088
            Y    -0.0281   -0.0469   -0.0541   -0.0350   -0.0031   -0.0205
            Z     0.0646    0.0376    0.0320   -0.0540   -0.0327   -0.0710
 AT.  10 O  X     0.0450   -0.0152    0.0071   -0.0047   -0.0172    0.0321
            Y    -0.0240   -0.0135    0.0307    0.0272   -0.0143   -0.0345
            Z     0.0098   -0.0464    0.0552   -0.0959    0.0379   -0.0080

 FREQ(CM**-1)    314.04    330.14    372.24    381.56    384.11    439.38

 AT.   1 CA X     0.0401   -0.0082   -0.0308   -0.0176   -0.0026    0.0135
            Y     0.0047    0.0017    0.0476   -0.0073    0.0030   -0.0158
            Z    -0.0245   -0.0125   -0.0287    0.0011    0.0115    0.0115
 AT.   2 MG X    -0.0013   -0.0210    0.0043   -0.0782    0.1113   -0.0439
            Y    -0.0046   -0.0103    0.0062    0.0616    0.0687    0.1294
            Z    -0.0039    0.0103   -0.0068    0.1096    0.0455   -0.0860
 AT.   3 C  X     0.0006   -0.0046    0.0002   -0.0046    0.0217   -0.0167
            Y    -0.0217   -0.0183   -0.0033    0.0211    0.0062    0.0362
            Z    -0.0131   -0.0058    0.0633    0.0119    0.0050   -0.0214
 AT.   4 C  X    -0.0053    0.0248    0.0056    0.0188   -0.0331    0.0068
            Y    -0.0085    0.0156   -0.0192    0.0147    0.0060   -0.0254
            Z     0.0433    0.0023    0.0465    0.0083   -0.0062    0.0214
 AT.   5 O  X    -0.0133    0.0029    0.0316   -0.0000    0.0300   -0.0262
            Y    -0.0402   -0.0084    0.0390    0.0243    0.0106    0.0163
            Z    -0.0461   -0.0681    0.0395    0.0314    0.0317   -0.0011
 AT.   6 O  X    -0.0533    0.0163    0.0362    0.0195    0.0228    0.0090
            Y     0.0185    0.0145   -0.0222   -0.0408   -0.0191   -0.0126
            Z     0.0670   -0.0850   -0.0172    0.0165   -0.0255   -0.0243
 AT.   7 O  X    -0.0125   -0.0064    0.0173    0.0017    0.0234   -0.0158
            Y    -0.0024   -0.0257   -0.0551    0.0026    0.0112    0.0391
            Z     0.0339    0.0518    0.0598   -0.0131    0.0137   -0.0364
 AT.   8 O  X     0.0227    0.0192    0.0287    0.0236   -0.0469    0.0231
            Y     0.0330    0.0058    0.0178    0.0249   -0.0025   -0.0123
            Z    -0.0011    0.0949    0.0068    0.0574   -0.0185   -0.0213
 AT.   9 O  X     0.0088   -0.0129    0.0534   -0.0197    0.0017   -0.0002
            Y     0.0220    0.0001   -0.0099    0.0175    0.0133    0.0279
            Z     0.0064    0.0977   -0.0424    0.0150   -0.0232   -0.0016
 AT.  10 O  X     0.0077    0.0305    0.0152    0.0208   -0.0339    0.0061
            Y    -0.0483    0.0170   -0.0537    0.0191   -0.0086   -0.0314
            Z     0.0472   -0.0290    0.0599   -0.0048   -0.0559    0.0367

 FREQ(CM**-1)    726.99    731.09    739.42    741.48    889.19    893.11

 AT.   1 CA X    -0.0004   -0.0002    0.0062    0.0013    0.0005    0.0005
            Y    -0.0009   -0.0040   -0.0005   -0.0018   -0.0005    0.0019
            Z    -0.0003   -0.0037   -0.0034   -0.0006    0.0005    0.0020
 AT.   2 MG X    -0.0041    0.0070    0.0018    0.0027   -0.0010   -0.0029
            Y     0.0006    0.0002    0.0164   -0.0026    0.0022   -0.0011
            Z     0.0021   -0.0005    0.0126   -0.0009   -0.0038    0.0038
 AT.   3 C  X     0.0072    0.0047   -0.0245    0.0567   -0.0021    0.0015
            Y     0.0136   -0.0300   -0.0054    0.0037    0.0070   -0.0020
            Z     0.0040    0.0033   -0.0006   -0.0044    0.1796    0.0709
 AT.   4 C  X    -0.0049    0.0032   -0.0513   -0.0248    0.0017    0.0015
            Y    -0.0287   -0.0143   -0.0078   -0.0042   -0.0028   -0.0051
            Z    -0.0040    0.0033   -0.0027    0.0026   -0.0715    0.1778
 AT.   5 O  X    -0.0215    0.0478    0.0045    0.0058   -0.0021   -0.0025
            Y    -0.0135    0.0088    0.0459   -0.0927   -0.0066   -0.0006
            Z    -0.0051    0.0031    0.0040   -0.0149   -0.0484   -0.0180
 AT.   6 O  X    -0.0351    0.0402   -0.1001    0.0322   -0.0011   -0.0072
            Y    -0.0735    0.0745    0.0378   -0.0053    0.0017   -0.0006
            Z     0.0028   -0.0074    0.0099   -0.0051    0.0242    0.0486
 AT.   7 O  X     0.0216   -0.0336   -0.0314    0.0536   -0.0021   -0.0009
            Y    -0.0178    0.0511   -0.0216    0.0583    0.0093    0.0005
            Z     0.0058   -0.0068    0.0001   -0.0020   -0.0475   -0.0202
 AT.   8 O  X     0.0489    0.0201    0.0045    0.0008    0.0013   -0.0064
            Y     0.0210    0.0004    0.0970    0.0444    0.0028   -0.0025
            Z     0.0079    0.0006    0.0068    0.0064    0.0198   -0.0494
 AT.   9 O  X     0.0392    0.0396   -0.0287   -0.1066    0.0026   -0.0034
            Y     0.0757    0.0713    0.0098    0.0292   -0.0035   -0.0002
            Z    -0.0031   -0.0070    0.0035    0.0177   -0.0471    0.0225
 AT.  10 O  X    -0.0393   -0.0147   -0.0646   -0.0269   -0.0001   -0.0007
            Y     0.0446    0.0239   -0.0484   -0.0274   -0.0043    0.0030
            Z    -0.0098   -0.0016    0.0024    0.0015    0.0189   -0.0506

 FREQ(CM**-1)   1132.59   1134.12   1477.80   1510.26   1530.78   1608.15

 AT.   1 CA X     0.0002    0.0025   -0.0007   -0.0011   -0.0022   -0.0002
            Y    -0.0002   -0.0023   -0.0009    0.0025   -0.0022    0.0012
            Z     0.0014    0.0012    0.0002    0.0033    0.0010   -0.0008
 AT.   2 MG X    -0.0003   -0.0027    0.0024   -0.0030   -0.0077    0.0026
            Y     0.0012    0.0096   -0.0005    0.0025   -0.0019   -0.0013
            Z     0.0054   -0.0043    0.0002    0.0054   -0.0027    0.0026
 AT.   3 C  X     0.0014   -0.0000    0.1450   -0.0463    0.0204   -0.0908
            Y    -0.0002    0.0006    0.0969    0.0738    0.0287    0.1447
            Z    -0.0006    0.0005   -0.0017    0.0020   -0.0012   -0.0048
 AT.   4 C  X    -0.0024   -0.0023   -0.0269   -0.0832    0.1547    0.0337
            Y     0.0011   -0.0030   -0.0131    0.1523    0.0808   -0.0816
            Z     0.0006   -0.0003   -0.0006    0.0042    0.0012    0.0025
 AT.   5 O  X    -0.0820   -0.0246   -0.0247    0.0260   -0.0038    0.0522
            Y     0.0606    0.0176    0.0086   -0.0239   -0.0017   -0.0473
            Z     0.0012   -0.0001    0.0008   -0.0023   -0.0003    0.0016
 AT.   6 O  X     0.0072    0.0133    0.0053    0.0012    0.0135   -0.0016
            Y     0.0512    0.0976    0.0228    0.0616    0.0399    0.0280
            Z    -0.0000   -0.0022    0.0003    0.0030   -0.0016   -0.0016
 AT.   7 O  X     0.0936    0.0284   -0.0673    0.0073   -0.0092    0.0183
            Y     0.0399    0.0109   -0.0306   -0.0033   -0.0066   -0.0099
            Z     0.0016    0.0003    0.0001   -0.0005    0.0009    0.0053
 AT.   8 O  X     0.0256   -0.0809    0.0059    0.0498   -0.0335   -0.0235
            Y    -0.0174    0.0613   -0.0034   -0.0448    0.0117    0.0235
            Z    -0.0005    0.0011   -0.0004   -0.0024   -0.0012   -0.0007
 AT.   9 O  X    -0.0138    0.0067   -0.0108    0.0013    0.0069    0.0006
            Y    -0.0988    0.0499   -0.0431    0.0353    0.0159   -0.0587
            Z     0.0006   -0.0014    0.0005    0.0022   -0.0008    0.0036
 AT.  10 O  X    -0.0281    0.0949    0.0115    0.0117   -0.0649   -0.0041
            Y    -0.0111    0.0403    0.0060   -0.0083   -0.0272    0.0067
            Z    -0.0003    0.0010    0.0004   -0.0020   -0.0008   -0.0024

 MODES IN ANTI-PHASE

 FREQ(CM**-1)    104.04    108.07    141.02    145.87    165.41    177.06

 AT.   1 CA X    -0.0367   -0.0000    0.0032    0.0022   -0.0144   -0.0215
            Y     0.0333   -0.0096   -0.0041    0.0007    0.0195    0.0269
            Z    -0.0193   -0.0053    0.0428   -0.0001    0.0052    0.0050
 AT.   2 MG X     0.0259   -0.0202    0.0270    0.0130   -0.0417    0.0031
            Y     0.0329   -0.0220   -0.0391    0.0232    0.0218    0.0036
            Z     0.0175    0.0590   -0.0218   -0.0138   -0.0308    0.0002
 AT.   3 C  X     0.0073    0.0138   -0.0215   -0.0170    0.0315    0.0106
            Y    -0.0112    0.0046    0.0075    0.0044   -0.0164   -0.0111
            Z    -0.0347   -0.0436   -0.0149    0.0265   -0.0247   -0.0321
 AT.   4 C  X     0.0348   -0.0192    0.0165    0.0186   -0.0409    0.0165
            Y     0.0033   -0.0084   -0.0179   -0.0036   -0.0135    0.0479
            Z    -0.0046    0.0401    0.0202   -0.0262   -0.0195   -0.0161
 AT.   5 O  X     0.0057    0.0167    0.0085   -0.0165    0.0415    0.0228
            Y    -0.0117    0.0077    0.0436    0.0043    0.0005    0.0117
            Z    -0.0483   -0.0334   -0.0104    0.0091   -0.0220   -0.0384
 AT.   6 O  X    -0.0772    0.0404    0.0465    0.0290    0.0249    0.0036
            Y    -0.0018    0.0097    0.0067    0.0153    0.0190    0.0464
            Z    -0.0372    0.0305    0.0390    0.0010    0.0390   -0.0045
 AT.   7 O  X     0.0090    0.0139   -0.0014   -0.0198    0.0415    0.0171
            Y    -0.0143    0.0016   -0.0411    0.0059   -0.0391   -0.0235
            Z    -0.0541   -0.0295   -0.0127    0.0332   -0.0840   -0.0370
 AT.   8 O  X     0.0137   -0.0170    0.0081    0.0184   -0.0444    0.0334
            Y    -0.0234   -0.0054   -0.0263   -0.0033   -0.0164    0.0698
            Z    -0.0335    0.0202    0.0406   -0.0085    0.0239   -0.0771
 AT.   9 O  X    -0.0779   -0.0302   -0.0702   -0.0287    0.0334    0.0062
            Y    -0.0120   -0.0071    0.0094   -0.0158   -0.0079   -0.0252
            Z    -0.0422   -0.0432   -0.0383   -0.0027    0.0508    0.0219
 AT.  10 O  X     0.0224   -0.0159    0.0093    0.0215   -0.0478    0.0223
            Y     0.0340   -0.0130   -0.0016   -0.0055   -0.0010    0.0380
            Z    -0.0014    0.0308    0.0215   -0.0340   -0.0104    0.0403

 FREQ(CM**-1)    197.57    207.89    244.00    262.52    284.77    290.49

 AT.   1 CA X    -0.0069    0.0006    0.0014    0.0192    0.0002    0.0237
            Y    -0.0324    0.0003    0.0161   -0.0389   -0.0130    0.0218
            Z     0.0287   -0.0006   -0.0118   -0.0041   -0.0133    0.0089
 AT.   2 MG X    -0.0162   -0.0174   -0.0221   -0.0075    0.0838    0.0582
            Y    -0.0020   -0.0076   -0.0147    0.0361   -0.0178    0.0398
            Z    -0.0093    0.0321    0.0192   -0.0125   -0.0405    0.0714
 AT.   3 C  X     0.0258    0.0272   -0.0200    0.0374   -0.0096   -0.0127
            Y     0.0158    0.0370    0.0042   -0.0277    0.0273   -0.0036
            Z    -0.0214   -0.0127    0.0062   -0.0184   -0.0083   -0.0308
 AT.   4 C  X     0.0191   -0.0283    0.0280    0.0371    0.0140    0.0114
            Y    -0.0249   -0.0361   -0.0530   -0.0264   -0.0148   -0.0205
            Z     0.0130    0.0113   -0.0173   -0.0189    0.0128    0.0057
 AT.   5 O  X     0.0508    0.0337   -0.0304    0.0363    0.0025   -0.0358
            Y     0.0494    0.0430   -0.0061   -0.0336    0.0452   -0.0338
            Z    -0.0605   -0.0213    0.0316    0.0029   -0.0505   -0.0571
 AT.   6 O  X     0.0378   -0.0726    0.0103   -0.0268   -0.0132    0.0026
            Y    -0.0270    0.0050    0.0460   -0.0120   -0.0272    0.0205
            Z     0.0672   -0.0472   -0.0324    0.0032   -0.0233    0.0681
 AT.   7 O  X     0.0400    0.0311   -0.0234    0.0339   -0.0022   -0.0332
            Y    -0.0185    0.0298    0.0076   -0.0216    0.0203    0.0393
            Z     0.0167   -0.0092   -0.0223   -0.0033   -0.0201    0.0011
 AT.   8 O  X     0.0144   -0.0342    0.0466    0.0355    0.0009    0.0073
            Y    -0.0288   -0.0412   -0.0256   -0.0331   -0.0364   -0.0150
            Z     0.0028    0.0207   -0.0063    0.0052    0.0701    0.0382
 AT.   9 O  X    -0.0094    0.0733   -0.0116   -0.0255    0.0045    0.0358
            Y    -0.0022   -0.0066    0.0070   -0.0136    0.0320   -0.0013
            Z    -0.0192    0.0486    0.0080    0.0006    0.0424    0.0109
 AT.  10 O  X     0.0181   -0.0316    0.0401    0.0337    0.0111    0.0093
            Y    -0.0224   -0.0303   -0.0833   -0.0203   -0.0155   -0.0314
            Z    -0.0328    0.0075   -0.0651   -0.0079    0.0035    0.0399

 FREQ(CM**-1)    314.04    330.14    372.24    381.56    384.11    439.38

 AT.   1 CA X    -0.0288    0.0234    0.0111   -0.0234   -0.0062    0.0230
            Y    -0.0034   -0.0048   -0.0171   -0.0097    0.0072   -0.0269
            Z     0.0176    0.0357    0.0103    0.0014    0.0272    0.0196
 AT.   2 MG X    -0.0131   -0.0244   -0.0238    0.0095    0.0137    0.0003
            Y    -0.0463   -0.0120   -0.0346   -0.0075    0.0085   -0.0010
            Z    -0.0397    0.0119    0.0378   -0.0133    0.0056    0.0006
 AT.   3 C  X     0.0057   -0.0340   -0.0085    0.0182   -0.0251   -0.0016
            Y     0.0016   -0.0021    0.0261    0.0214    0.0144   -0.0089
            Z    -0.0501    0.0035    0.0036    0.0121   -0.0037    0.0126
 AT.   4 C  X    -0.0024   -0.0237    0.0065    0.0006   -0.0019   -0.0154
            Y     0.0201    0.0098   -0.0180    0.0262    0.0145    0.0272
            Z     0.0285    0.0063   -0.0430    0.0148    0.0010   -0.0126
 AT.   5 O  X    -0.0285   -0.0344   -0.0068    0.0246   -0.0363    0.0118
            Y    -0.0484    0.0012    0.0192    0.0330    0.0067   -0.0051
            Z    -0.0144   -0.0668    0.0372    0.0689    0.0049   -0.0251
 AT.   6 O  X    -0.0273    0.0002   -0.0400   -0.0149    0.0244    0.0048
            Y    -0.0170   -0.0184   -0.0114    0.0064   -0.0000    0.0250
            Z     0.0159   -0.0502    0.0457    0.0204   -0.0569   -0.0154
 AT.   7 O  X    -0.0123   -0.0409   -0.0030    0.0221   -0.0245   -0.0019
            Y     0.0502    0.0051    0.0176    0.0206   -0.0012   -0.0141
            Z    -0.0383   -0.0184   -0.0215   -0.0087   -0.0645    0.0217
 AT.   8 O  X     0.0217   -0.0287   -0.0149    0.0068   -0.0037   -0.0172
            Y     0.0536    0.0061   -0.0397    0.0325    0.0122    0.0117
            Z     0.0483   -0.0098   -0.0539    0.0493    0.0263   -0.0132
 AT.   9 O  X     0.0592   -0.0100    0.0078    0.0146    0.0333    0.0102
            Y    -0.0121   -0.0235    0.0229   -0.0374   -0.0137    0.0012
            Z    -0.0686    0.0137   -0.0243    0.0215   -0.0579   -0.0288
 AT.  10 O  X     0.0158   -0.0280   -0.0086    0.0078   -0.0002   -0.0147
            Y    -0.0138    0.0200    0.0215    0.0082    0.0072    0.0272
            Z    -0.0199   -0.0466   -0.0215   -0.0150   -0.0350   -0.0213

 FREQ(CM**-1)    726.99    731.09    739.42    741.48    889.19    893.11

 AT.   1 CA X     0.0025    0.0000    0.0049    0.0017    0.0007    0.0003
            Y     0.0055    0.0007   -0.0004   -0.0023   -0.0008    0.0013
            Z     0.0019    0.0006   -0.0027   -0.0007    0.0007    0.0013
 AT.   2 MG X    -0.0033   -0.0186   -0.0007   -0.0004    0.0001    0.0014
            Y     0.0005   -0.0004   -0.0065    0.0004   -0.0001    0.0005
            Z     0.0017    0.0013   -0.0050    0.0001    0.0002   -0.0019
 AT.   3 C  X    -0.0062    0.0037   -0.0469   -0.0117    0.0009    0.0010
            Y     0.0498   -0.0434   -0.0068   -0.0034   -0.0000   -0.0048
            Z     0.0005   -0.0005   -0.0026    0.0016   -0.0007    0.1631
 AT.   4 C  X    -0.0082   -0.0050   -0.0131    0.0523   -0.0016    0.0010
            Y     0.0429    0.0508   -0.0037    0.0028    0.0064    0.0001
            Z    -0.0008   -0.0006    0.0001   -0.0039    0.1647    0.0008
 AT.   5 O  X    -0.0901    0.0775    0.0035    0.0022    0.0006   -0.0058
            Y    -0.0258    0.0245    0.0889    0.0232    0.0002   -0.0025
            Z    -0.0098    0.0073    0.0060    0.0030    0.0008   -0.0460
 AT.   6 O  X    -0.0184   -0.0049   -0.0059   -0.1019    0.0024   -0.0006
            Y    -0.0190   -0.0022    0.0012    0.0288   -0.0031   -0.0000
            Z     0.0012   -0.0002    0.0012    0.0169   -0.0409    0.0036
 AT.   7 O  X     0.0596   -0.0530   -0.0590   -0.0146   -0.0010   -0.0004
            Y    -0.0875    0.0754   -0.0447   -0.0141   -0.0007    0.0031
            Z     0.0135   -0.0151    0.0024    0.0011    0.0002   -0.0464
 AT.   8 O  X    -0.0787   -0.0888    0.0035    0.0062   -0.0017    0.0000
            Y    -0.0202   -0.0260    0.0244   -0.0846   -0.0060    0.0005
            Z    -0.0077   -0.0079    0.0025   -0.0138   -0.0442    0.0016
 AT.   9 O  X    -0.0064   -0.0084   -0.0961    0.0073   -0.0001   -0.0064
            Y     0.0053   -0.0220    0.0365    0.0016    0.0004   -0.0005
            Z     0.0003    0.0025    0.0094   -0.0010    0.0061    0.0432
 AT.  10 O  X     0.0497    0.0610   -0.0171    0.0487   -0.0024   -0.0007
            Y    -0.0774   -0.0879   -0.0108    0.0534    0.0083   -0.0007
            Z     0.0110    0.0164   -0.0004   -0.0017   -0.0435   -0.0003

 FREQ(CM**-1)   1132.59   1134.12   1477.80   1510.26   1530.78   1608.15

 AT.   1 CA X     0.0003    0.0019   -0.0008   -0.0006   -0.0018   -0.0004
            Y    -0.0002   -0.0017   -0.0011    0.0014   -0.0019    0.0023
            Z     0.0019    0.0009    0.0002    0.0018    0.0008   -0.0016
 AT.   2 MG X     0.0000    0.0012   -0.0005    0.0018    0.0028    0.0001
            Y    -0.0001   -0.0042    0.0001   -0.0015    0.0007   -0.0000
            Z    -0.0006    0.0019   -0.0000   -0.0033    0.0010    0.0001
 AT.   3 C  X    -0.0021   -0.0024   -0.0046   -0.0692    0.1535   -0.0200
            Y     0.0010   -0.0033    0.0019    0.1335    0.0769   -0.0016
            Z     0.0004   -0.0005   -0.0008    0.0037    0.0014   -0.0002
 AT.   4 C  X     0.0007    0.0007    0.1425   -0.0023   -0.0076   -0.0866
            Y     0.0001    0.0015    0.0961   -0.0087    0.0143    0.1195
            Z    -0.0004    0.0006   -0.0018   -0.0003   -0.0015   -0.0041
 AT.   5 O  X     0.0010   -0.0770    0.0021    0.0425   -0.0334    0.0065
            Y     0.0009    0.0587   -0.0021   -0.0379    0.0122   -0.0033
            Z    -0.0001    0.0011   -0.0003   -0.0014   -0.0012    0.0002
 AT.   6 O  X    -0.0122    0.0028   -0.0101    0.0008    0.0046   -0.0003
            Y    -0.0875    0.0215   -0.0400    0.0030    0.0089   -0.0518
            Z     0.0006   -0.0007    0.0005    0.0007   -0.0005    0.0032
 AT.   7 O  X     0.0001    0.0906    0.0011    0.0093   -0.0643    0.0073
            Y     0.0010    0.0388    0.0013   -0.0077   -0.0265    0.0015
            Z     0.0002    0.0009    0.0004   -0.0021   -0.0010    0.0007
 AT.   8 O  X    -0.0779   -0.0003   -0.0241   -0.0006    0.0023    0.0470
            Y     0.0580   -0.0009    0.0081   -0.0000   -0.0039   -0.0412
            Z     0.0011   -0.0004    0.0008   -0.0012   -0.0000    0.0014
 AT.   9 O  X     0.0032    0.0119    0.0037    0.0006    0.0125   -0.0014
            Y     0.0225    0.0866    0.0164    0.0505    0.0377   -0.0054
            Z     0.0001   -0.0019    0.0004    0.0022   -0.0015    0.0005
 AT.  10 O  X     0.0893   -0.0002   -0.0663    0.0012    0.0026    0.0193
            Y     0.0384   -0.0012   -0.0300    0.0013   -0.0017   -0.0074
            Z     0.0016    0.0000    0.0002    0.0007    0.0011    0.0048


  DISPERSION K POINT NUMBER    12 COORD:  C(  1  0  2 )    WEIGHT:    1.

    MODES         EIGV          FREQUENCIES     IRREP
             (HARTREE**2)   (CM**-1)     (THZ)
    1-   1    0.2471E-06    109.1015    3.2708  (  1)
    2-   2    0.3761E-06    134.5929    4.0350  (  1)
    3-   3    0.4602E-06    148.8917    4.4637  (  1)
    4-   4    0.4967E-06    154.6859    4.6374  (  1)
    5-   5    0.5328E-06    160.2087    4.8029  (  1)
    6-   6    0.7033E-06    184.0545    5.5178  (  1)
    7-   7    0.9694E-06    216.0869    6.4781  (  1)
    8-   8    0.1188E-05    239.1835    7.1705  (  1)
    9-   9    0.1201E-05    240.5610    7.2118  (  1)
   10-  10    0.1397E-05    259.4025    7.7767  (  1)
   11-  11    0.1812E-05    295.4218    8.8565  (  1)
   12-  12    0.1898E-05    302.3323    9.0637  (  1)
   13-  13    0.2158E-05    322.4106    9.6656  (  1)
   14-  14    0.2260E-05    329.9349    9.8912  (  1)
   15-  15    0.2533E-05    349.2746   10.4710  (  1)
   16-  16    0.2983E-05    379.0704   11.3642  (  1)
   17-  17    0.3110E-05    387.0477   11.6034  (  1)
   18-  18    0.3154E-05    389.7960   11.6858  (  1)
   19-  19    0.1095E-04    726.2550   21.7726  (  1)
   20-  20    0.1115E-04    732.7818   21.9682  (  1)
   21-  21    0.1117E-04    733.3612   21.9856  (  1)
   22-  22    0.1120E-04    734.5993   22.0227  (  1)
   23-  23    0.1646E-04    890.4671   26.6955  (  1)
   24-  24    0.1646E-04    890.4847   26.6961  (  1)
   25-  25    0.2663E-04   1132.5140   33.9519  (  1)
   26-  26    0.2663E-04   1132.5319   33.9525  (  1)
   27-  27    0.4705E-04   1505.3916   45.1305  (  1)
   28-  28    0.4770E-04   1515.8639   45.4445  (  1)
   29-  29    0.5027E-04   1556.0804   46.6501  (  1)
   30-  30    0.5286E-04   1595.6460   47.8363  (  1)

 MODES IN PHASE

 FREQ(CM**-1)    109.10    134.59    148.89    154.69    160.21    184.05

 AT.   1 CA X     0.0247    0.0443   -0.0692   -0.0084    0.0060   -0.0294
            Y     0.0566    0.0054    0.0458    0.0921    0.0066   -0.0025
            Z    -0.0148   -0.0141   -0.0612    0.0674   -0.0157   -0.0199
 AT.   2 MG X    -0.0162   -0.0190   -0.0043   -0.0273   -0.0059    0.0016
            Y     0.0121   -0.0086    0.0431    0.0215   -0.0017    0.0142
            Z    -0.0555   -0.0019    0.0226   -0.0173   -0.0004   -0.0387
 AT.   3 C  X     0.0065   -0.0027   -0.0135    0.0298   -0.0036   -0.0363
            Y     0.0171    0.0064   -0.0215   -0.0196    0.0356   -0.0041
            Z     0.0337    0.0015   -0.0286    0.0021   -0.0401   -0.0388
 AT.   4 C  X    -0.0084   -0.0056    0.0310   -0.0134   -0.0069   -0.0362
            Y    -0.0051    0.0086    0.0118    0.0089    0.0228   -0.0068
            Z     0.0014    0.0063    0.0197   -0.0334   -0.0126   -0.0334
 AT.   5 O  X    -0.0005    0.0114   -0.0115    0.0334    0.0164   -0.0305
            Y     0.0075    0.0204   -0.0189   -0.0081    0.0604    0.0050
            Z     0.0287    0.0083   -0.0457    0.0297   -0.0660    0.0241
 AT.   6 O  X    -0.0396   -0.0216   -0.0541   -0.0172    0.0194    0.0330
            Y    -0.0068   -0.0107    0.0162    0.0133   -0.0250    0.0102
            Z    -0.0215   -0.0393   -0.0379    0.0574    0.0402    0.0189
 AT.   7 O  X    -0.0169   -0.0394    0.0132   -0.0149    0.0066    0.0058
            Y     0.0165    0.0694    0.0470    0.0235   -0.0059    0.0019
            Z    -0.0600    0.0541    0.0102   -0.0055   -0.0250    0.0098
 AT.   8 O  X    -0.0002    0.0473   -0.0103    0.0337   -0.0187    0.0132
            Y     0.0077    0.0266   -0.0232   -0.0092   -0.0594    0.0079
            Z     0.0282   -0.0388   -0.0496    0.0255    0.0653   -0.0553
 AT.   9 O  X    -0.0396    0.0509   -0.0596   -0.0146   -0.0047    0.0306
            Y    -0.0070    0.0006    0.0135    0.0110    0.0123   -0.0086
            Z    -0.0212    0.0114   -0.0419    0.0640   -0.0346    0.0794
 AT.  10 O  X    -0.0170    0.0006    0.0134   -0.0200   -0.0012   -0.0272
            Y     0.0169   -0.0091    0.0477    0.0265    0.0077   -0.0234
            Z    -0.0594   -0.0269    0.0139    0.0019    0.0035   -0.0548

 FREQ(CM**-1)    216.09    239.18    240.56    259.40    295.42    302.33

 AT.   1 CA X     0.0068    0.0135   -0.0108   -0.0002    0.0655    0.0080
            Y    -0.0038    0.0114   -0.0022   -0.0006   -0.0141    0.0470
            Z    -0.0432    0.0192    0.0200   -0.0003   -0.0306    0.0040
 AT.   2 MG X    -0.0206   -0.0238    0.0212    0.0025    0.0557    0.0380
            Y    -0.0062   -0.0245   -0.0179   -0.0027    0.0528   -0.0456
            Z     0.0184    0.0168   -0.0228   -0.0067    0.0141    0.0195
 AT.   3 C  X    -0.0107   -0.0408   -0.0240    0.0326   -0.0142   -0.0328
            Y    -0.0478   -0.0367    0.0443    0.0143    0.0291   -0.0027
            Z     0.0254    0.0060   -0.0041    0.0143   -0.0119   -0.0280
 AT.   4 C  X    -0.0318    0.0090   -0.0190    0.0345    0.0315    0.0316
            Y     0.0144   -0.0226    0.0656   -0.0091   -0.0193   -0.0064
            Z     0.0065   -0.0060    0.0102    0.0069   -0.0092    0.0197
 AT.   5 O  X    -0.0312   -0.0306   -0.0335    0.0552   -0.0305   -0.0306
            Y    -0.0778   -0.0168    0.0303    0.0421    0.0037   -0.0050
            Z     0.0594    0.0358    0.0030    0.0369    0.0405   -0.0942
 AT.   6 O  X     0.0168   -0.0329   -0.0083    0.0312   -0.0475    0.0032
            Y     0.0223    0.0175   -0.0638   -0.0339   -0.0151   -0.0077
            Z     0.0074   -0.0089   -0.0076   -0.0536    0.0497   -0.0343
 AT.   7 O  X    -0.0223    0.0565    0.0150   -0.0366    0.0267    0.0131
            Y     0.0193    0.0331    0.0196    0.0276    0.0094   -0.0086
            Z     0.0386   -0.0275    0.0382    0.0453   -0.0024    0.0013
 AT.   8 O  X    -0.0157   -0.0533   -0.0015   -0.0534   -0.0277   -0.0049
            Y    -0.0719   -0.0015   -0.0445   -0.0497   -0.0090    0.0203
            Z     0.0414    0.0444    0.0240   -0.0290    0.0406    0.0180
 AT.   9 O  X     0.0017    0.0739    0.0072   -0.0357   -0.0514    0.0149
            Y     0.0377    0.0304   -0.0154    0.0338   -0.0059   -0.0058
            Z    -0.0129    0.0376    0.0476    0.0464    0.0505    0.0323
 AT.  10 O  X    -0.0334    0.0089   -0.0254    0.0431    0.0278    0.0372
            Y     0.0133   -0.0250    0.0870   -0.0299   -0.0071   -0.0244
            Z     0.0319   -0.0103    0.0521   -0.0527    0.0226    0.0224

 FREQ(CM**-1)    322.41    329.93    349.27    379.07    387.05    389.80

 AT.   1 CA X    -0.0543   -0.0042   -0.0085   -0.0302   -0.0168    0.0005
            Y    -0.0222   -0.0170    0.0370    0.0121   -0.0014    0.0016
            Z    -0.0307    0.0315   -0.0126   -0.0013    0.0072    0.0276
 AT.   2 MG X    -0.0106   -0.0495    0.0171   -0.0517    0.1398    0.0168
            Y    -0.0532   -0.0283   -0.0084    0.0215   -0.0150    0.1487
            Z    -0.0340   -0.0143   -0.0295    0.1223    0.0513   -0.0303
 AT.   3 C  X    -0.0109   -0.0035    0.0116    0.0099   -0.0024   -0.0211
            Y     0.0216    0.0051    0.0436    0.0100   -0.0103    0.0056
            Z     0.0408    0.0161   -0.0080   -0.0072    0.0216    0.0261
 AT.   4 C  X     0.0223    0.0131    0.0058   -0.0085   -0.0193    0.0137
            Y    -0.0100   -0.0106   -0.0409   -0.0044    0.0134    0.0101
            Z    -0.0293   -0.0064   -0.0006    0.0099   -0.0334    0.0063
 AT.   5 O  X     0.0168   -0.0067    0.0010    0.0087    0.0161   -0.0174
            Y     0.0570    0.0039    0.0204    0.0058    0.0079    0.0112
            Z     0.0473   -0.0133    0.0826    0.0330    0.0172    0.0023
 AT.   6 O  X    -0.0066   -0.0106    0.0170    0.0147    0.0116    0.0424
            Y    -0.0221   -0.0150   -0.0276   -0.0366   -0.0023   -0.0255
            Z    -0.0004   -0.0688   -0.0252    0.0159   -0.0201   -0.0457
 AT.   7 O  X     0.0147   -0.0275   -0.0227    0.0049   -0.0269    0.0168
            Y     0.0280    0.0326   -0.0359   -0.0020    0.0373    0.0146
            Z     0.0173   -0.1006    0.0125   -0.0269   -0.0673    0.0010
 AT.   8 O  X     0.0248   -0.0472   -0.0233    0.0115    0.0319   -0.0176
            Y     0.0536   -0.0028    0.0153    0.0294    0.0118    0.0109
            Z     0.0625   -0.0224    0.0032    0.0678    0.0222    0.0021
 AT.   9 O  X    -0.0298   -0.0241    0.0326    0.0263    0.0156    0.0426
            Y    -0.0127   -0.0094    0.0348   -0.0305    0.0014   -0.0255
            Z     0.0322   -0.0231   -0.0583   -0.0199   -0.0208   -0.0461
 AT.  10 O  X     0.0010    0.0175   -0.0025   -0.0074   -0.0275    0.0167
            Y     0.0322   -0.0198   -0.0329   -0.0249    0.0285    0.0144
            Z     0.0191    0.0093    0.0658   -0.0048   -0.0709    0.0010

 FREQ(CM**-1)    726.26    732.78    733.36    734.60    890.47    890.48

 AT.   1 CA X    -0.0006   -0.0001    0.0064    0.0009   -0.0016    0.0010
            Y     0.0003   -0.0003   -0.0047    0.0012    0.0012    0.0013
            Z     0.0035   -0.0047    0.0001   -0.0003    0.0006    0.0012
 AT.   2 MG X     0.0055    0.0117   -0.0009    0.0009   -0.0024   -0.0017
            Y    -0.0165    0.0041    0.0018    0.0002    0.0020   -0.0020
            Z     0.0008   -0.0016    0.0142    0.0026    0.0007    0.0011
 AT.   3 C  X     0.0342    0.0032   -0.0411   -0.0356    0.0006    0.0016
            Y     0.0065   -0.0417    0.0036    0.0154    0.0008   -0.0049
            Z     0.0043    0.0014    0.0010   -0.0003    0.1791    0.1072
 AT.   4 C  X     0.0288   -0.0035   -0.0000   -0.0092    0.0017   -0.0006
            Y    -0.0249   -0.0396   -0.0370    0.0312   -0.0048   -0.0008
            Z     0.0031    0.0025    0.0006    0.0001   -0.1072    0.1791
 AT.   5 O  X    -0.0033    0.0739   -0.0094   -0.0206   -0.0024   -0.0046
            Y    -0.0662    0.0354    0.0724    0.0635   -0.0031   -0.0015
            Z    -0.0069    0.0105    0.0063    0.0077   -0.0493   -0.0286
 AT.   6 O  X     0.0625   -0.0497   -0.0239   -0.0623   -0.0035   -0.0061
            Y     0.0354    0.0324    0.0524    0.0480    0.0001    0.0002
            Z    -0.0078    0.0076    0.0027    0.0097    0.0252    0.0467
 AT.   7 O  X    -0.0579    0.0148   -0.0227   -0.0384    0.0011    0.0004
            Y     0.0407   -0.0774    0.0704    0.0472   -0.0045    0.0020
            Z    -0.0080    0.0122   -0.0081   -0.0100    0.0235   -0.0207
 AT.   8 O  X    -0.0655    0.0023   -0.0327    0.0041   -0.0025    0.0018
            Y    -0.0383   -0.0520    0.0547   -0.0793   -0.0028    0.0042
            Z    -0.0081   -0.0070    0.0034   -0.0112   -0.0490    0.0237
 AT.   9 O  X     0.0618    0.0592   -0.0547    0.0391   -0.0031   -0.0046
            Y    -0.0324    0.0443    0.0419   -0.0530   -0.0002   -0.0012
            Z    -0.0073   -0.0099    0.0060   -0.0058    0.0200    0.0236
 AT.  10 O  X    -0.0057   -0.0603   -0.0451    0.0177    0.0014    0.0000
            Y     0.0784    0.0496    0.0576   -0.0580   -0.0052    0.0033
            Z    -0.0085   -0.0123   -0.0079    0.0096    0.0280   -0.0506

 FREQ(CM**-1)   1132.51   1132.53   1505.39   1515.86   1556.08   1595.65

 AT.   1 CA X     0.0001   -0.0011    0.0002    0.0023    0.0001    0.0001
            Y    -0.0000   -0.0033   -0.0008   -0.0046    0.0001    0.0001
            Z     0.0000    0.0001   -0.0040    0.0017   -0.0003   -0.0000
 AT.   2 MG X     0.0001   -0.0089    0.0046   -0.0023    0.0035    0.0000
            Y     0.0003    0.0015   -0.0056    0.0033    0.0029    0.0000
            Z    -0.0000   -0.0001   -0.0024   -0.0077   -0.0001    0.0000
 AT.   3 C  X     0.0021   -0.0017    0.0964   -0.0693    0.0922    0.0511
            Y     0.0014   -0.0012   -0.1125   -0.0972   -0.0932    0.1129
            Z     0.0002    0.0003   -0.0047   -0.0010    0.0043   -0.0017
 AT.   4 C  X    -0.0018   -0.0015    0.0058    0.1418    0.0187    0.1277
            Y     0.0000    0.0002   -0.1211    0.0426    0.1244    0.0282
            Z     0.0004   -0.0004   -0.0026   -0.0007   -0.0024    0.0008
 AT.   5 O  X     0.0406    0.0464   -0.0465    0.0027   -0.0454    0.0028
            Y    -0.0304   -0.0338    0.0375    0.0079    0.0333   -0.0158
            Z    -0.0005   -0.0009    0.0034   -0.0002   -0.0026   -0.0006
 AT.   6 O  X     0.0071    0.0054   -0.0039    0.0016   -0.0044   -0.0006
            Y     0.0515    0.0431   -0.0546   -0.0136   -0.0525    0.0312
            Z    -0.0010   -0.0003   -0.0008   -0.0024    0.0007   -0.0023
 AT.   7 O  X     0.0929    0.0944    0.0295   -0.0613    0.0410    0.0542
            Y     0.0398    0.0398    0.0132   -0.0245    0.0186    0.0183
            Z     0.0010    0.0014    0.0017    0.0009   -0.0013    0.0029
 AT.   8 O  X    -0.0459    0.0412   -0.0249    0.0086    0.0307   -0.0010
            Y     0.0344   -0.0299    0.0143    0.0042   -0.0118    0.0144
            Z     0.0005   -0.0008    0.0011    0.0001    0.0013    0.0005
 AT.   9 O  X    -0.0063    0.0062    0.0010   -0.0005   -0.0046   -0.0001
            Y    -0.0448    0.0499   -0.0503   -0.0200    0.0371   -0.0332
            Z     0.0008   -0.0003   -0.0022   -0.0024   -0.0012    0.0025
 AT.  10 O  X    -0.0926    0.0946    0.0130   -0.0587   -0.0232   -0.0538
            Y    -0.0396    0.0399    0.0144   -0.0227   -0.0212   -0.0178
            Z    -0.0011    0.0015    0.0024    0.0010    0.0032   -0.0030

 MODES IN ANTI-PHASE

 FREQ(CM**-1)    109.10    134.59    148.89    154.69    160.21    184.05

 AT.   1 CA X    -0.0001   -0.0644   -0.0057   -0.0008   -0.0303    0.0409
            Y    -0.0002   -0.0079    0.0038    0.0092   -0.0333    0.0035
            Z     0.0001    0.0205   -0.0051    0.0068    0.0791    0.0277
 AT.   2 MG X     0.0001    0.0276   -0.0004   -0.0027    0.0295   -0.0023
            Y    -0.0000    0.0125    0.0036    0.0022    0.0084   -0.0198
            Z     0.0002    0.0028    0.0019   -0.0017    0.0020    0.0539
 AT.   3 C  X    -0.0060   -0.0186    0.0290    0.0084    0.0066   -0.0031
            Y     0.0039    0.0147   -0.0023   -0.0054    0.0089   -0.0142
            Z     0.0207    0.0306    0.0019   -0.0427   -0.0315    0.0232
 AT.   4 C  X     0.0027    0.0179    0.0080    0.0279   -0.0030   -0.0041
            Y     0.0168   -0.0135   -0.0181   -0.0183   -0.0287    0.0131
            Z     0.0395   -0.0300   -0.0209   -0.0267    0.0494   -0.0304
 AT.   5 O  X    -0.0335   -0.0550    0.0065    0.0048    0.0094   -0.0036
            Y    -0.0336   -0.0362   -0.0277   -0.0068    0.0094   -0.0100
            Z     0.0584    0.0384   -0.0278   -0.0182   -0.0113    0.0502
 AT.   6 O  X    -0.0030   -0.0462   -0.0380    0.0117   -0.0347   -0.0435
            Y     0.0162    0.0035   -0.0152   -0.0103    0.0283    0.0056
            Z    -0.0320    0.0028   -0.0278    0.0391   -0.0067   -0.0901
 AT.   7 O  X     0.0140    0.0144    0.0021   -0.0273   -0.0127    0.0267
            Y    -0.0522   -0.0168    0.0082    0.0176   -0.0058    0.0241
            Z    -0.0718    0.0081    0.0232    0.0367    0.0512    0.0545
 AT.   8 O  X     0.0335   -0.0303   -0.0083    0.0019    0.0024    0.0277
            Y     0.0335   -0.0320    0.0242    0.0051   -0.0144   -0.0079
            Z    -0.0587    0.0059    0.0199    0.0237    0.0148   -0.0068
 AT.   9 O  X     0.0033    0.0037    0.0286   -0.0149   -0.0394   -0.0452
            Y    -0.0161    0.0113    0.0177    0.0127    0.0357   -0.0079
            Z     0.0322    0.0377    0.0212   -0.0269   -0.0216   -0.0467
 AT.  10 O  X    -0.0139    0.0420    0.0001    0.0238   -0.0143    0.0031
            Y     0.0521   -0.0709   -0.0003   -0.0126   -0.0031    0.0059
            Z     0.0723   -0.0476   -0.0212   -0.0370    0.0569    0.0081

 FREQ(CM**-1)    216.09    239.18    240.56    259.40    295.42    302.33

 AT.   1 CA X    -0.0013   -0.0100    0.0098    0.0016    0.0124    0.0095
            Y     0.0007   -0.0085    0.0020    0.0066   -0.0027    0.0560
            Z     0.0081   -0.0143   -0.0181    0.0027   -0.0058    0.0047
 AT.   2 MG X     0.0038    0.0177   -0.0192   -0.0263    0.0106    0.0452
            Y     0.0012    0.0182    0.0162    0.0289    0.0100   -0.0543
            Z    -0.0034   -0.0125    0.0207    0.0719    0.0027    0.0232
 AT.   3 C  X    -0.0338    0.0506    0.0009   -0.0175    0.0327   -0.0100
            Y     0.0071    0.0035    0.0507    0.0244    0.0056    0.0132
            Z     0.0105   -0.0139    0.0232    0.0032   -0.0298    0.0027
 AT.   4 C  X    -0.0158   -0.0644   -0.0147   -0.0133    0.0167    0.0135
            Y    -0.0462   -0.0292   -0.0154   -0.0268    0.0225    0.0119
            Z     0.0267    0.0139   -0.0213   -0.0129   -0.0307    0.0201
 AT.   5 O  X    -0.0373    0.0464   -0.0018   -0.0041    0.0019   -0.0104
            Y    -0.0020   -0.0035    0.0477    0.0449   -0.0339    0.0198
            Z     0.0389   -0.0356   -0.0238   -0.0387    0.0078    0.0017
 AT.   6 O  X     0.0388   -0.0872   -0.0080    0.0273   -0.0194    0.0157
            Y    -0.0469   -0.0265    0.0092   -0.0027    0.0223   -0.0072
            Z     0.0547   -0.0420   -0.0486    0.0333    0.0117    0.0267
 AT.   7 O  X     0.0349    0.0077    0.0270   -0.0381    0.0081    0.0401
            Y     0.0131    0.0361   -0.0855    0.0150   -0.0434   -0.0263
            Z     0.0112    0.0025   -0.0486    0.0442    0.0678    0.0229
 AT.   8 O  X     0.0461    0.0158    0.0335   -0.0143   -0.0129   -0.0320
            Y     0.0300    0.0171   -0.0348    0.0363    0.0329   -0.0015
            Z    -0.0577   -0.0240   -0.0006   -0.0449    0.0076   -0.0924
 AT.   9 O  X    -0.0423    0.0568    0.0091    0.0210    0.0007    0.0059
            Y     0.0357   -0.0091    0.0626    0.0036   -0.0263   -0.0088
            Z    -0.0537    0.0207    0.0123    0.0427    0.0073   -0.0292
 AT.  10 O  X    -0.0245   -0.0564   -0.0176   -0.0306    0.0022    0.0199
            Y    -0.0192   -0.0421   -0.0111    0.0096    0.0438   -0.0130
            Z    -0.0244    0.0256   -0.0332    0.0350   -0.0640    0.0052

 FREQ(CM**-1)    322.41    329.93    349.27    379.07    387.05    389.80

 AT.   1 CA X    -0.0127   -0.0035   -0.0086   -0.0132    0.0029   -0.0000
            Y    -0.0052   -0.0142    0.0374    0.0053    0.0002   -0.0000
            Z    -0.0071    0.0262   -0.0128   -0.0006   -0.0013   -0.0001
 AT.   2 MG X    -0.0025   -0.0412    0.0173   -0.0226   -0.0244   -0.0001
            Y    -0.0124   -0.0235   -0.0085    0.0094    0.0026   -0.0006
            Z    -0.0079   -0.0119   -0.0299    0.0534   -0.0090    0.0001
 AT.   3 C  X     0.0238   -0.0293   -0.0309    0.0053   -0.0200    0.0038
            Y     0.0144    0.0171    0.0066    0.0242    0.0118    0.0148
            Z     0.0084   -0.0262    0.0147    0.0132   -0.0300    0.0221
 AT.   4 C  X     0.0138   -0.0265   -0.0325    0.0074   -0.0059   -0.0165
            Y     0.0240    0.0144   -0.0166    0.0258   -0.0080    0.0121
            Z     0.0297   -0.0301    0.0167    0.0112    0.0159    0.0336
 AT.   5 O  X     0.0222   -0.0467   -0.0233    0.0076   -0.0495    0.0159
            Y     0.0054   -0.0036    0.0155    0.0347   -0.0129    0.0313
            Z     0.0454   -0.0203    0.0042    0.0619   -0.0177    0.0321
 AT.   6 O  X    -0.0541   -0.0226    0.0328    0.0222   -0.0138   -0.0224
            Y     0.0163   -0.0068    0.0345   -0.0077   -0.0106   -0.0065
            Z     0.0739   -0.0107   -0.0586   -0.0420    0.0056    0.0492
 AT.   7 O  X    -0.0275    0.0229   -0.0028   -0.0146    0.0063    0.0107
            Y     0.0160   -0.0262   -0.0333   -0.0321    0.0196    0.0246
            Z     0.0081    0.0281    0.0659    0.0184    0.0222    0.0014
 AT.   8 O  X    -0.0125    0.0020    0.0007    0.0011    0.0411   -0.0157
            Y     0.0204    0.0045    0.0206   -0.0194    0.0095   -0.0314
            Z    -0.0198   -0.0094    0.0827   -0.0179    0.0108   -0.0321
 AT.   9 O  X     0.0456   -0.0063    0.0174   -0.0043    0.0091    0.0220
            Y    -0.0244   -0.0135   -0.0272   -0.0216    0.0108    0.0067
            Z    -0.0665   -0.0657   -0.0259    0.0402    0.0016   -0.0488
 AT.  10 O  X     0.0312   -0.0312   -0.0227    0.0135    0.0032   -0.0109
            Y    -0.0020    0.0369   -0.0363    0.0203   -0.0311   -0.0248
            Z     0.0004   -0.1040    0.0133   -0.0322    0.0019   -0.0014

 FREQ(CM**-1)    726.26    732.78    733.36    734.60    890.47    890.48

 AT.   1 CA X     0.0004    0.0001   -0.0014   -0.0050   -0.0001   -0.0007
            Y    -0.0002    0.0004    0.0010   -0.0067    0.0001   -0.0009
            Z    -0.0024    0.0061   -0.0000    0.0016    0.0000   -0.0008
 AT.   2 MG X    -0.0038   -0.0154    0.0002   -0.0050   -0.0001    0.0011
            Y     0.0115   -0.0054   -0.0004   -0.0010    0.0001    0.0013
            Z    -0.0005    0.0020   -0.0031   -0.0150    0.0000   -0.0008
 AT.   3 C  X     0.0090   -0.0262   -0.0040   -0.0280    0.0026   -0.0019
            Y    -0.0379    0.0030   -0.0368   -0.0302   -0.0055    0.0027
            Z     0.0005    0.0044    0.0007   -0.0004    0.0001    0.1435
 AT.   4 C  X     0.0204    0.0261   -0.0413    0.0444    0.0021    0.0024
            Y     0.0293   -0.0134    0.0000    0.0131   -0.0027   -0.0055
            Z     0.0030   -0.0039    0.0010    0.0005    0.1435   -0.0001
 AT.   5 O  X     0.0686   -0.0228    0.0583    0.0451   -0.0013   -0.0039
            Y     0.0166    0.0442    0.0271    0.0576    0.0021   -0.0052
            Z     0.0060    0.0043    0.0057    0.0117   -0.0005   -0.0380
 AT.   6 O  X    -0.0429   -0.0476    0.0796    0.0572    0.0033    0.0024
            Y     0.0475   -0.0550    0.0140    0.0231   -0.0030    0.0014
            Z     0.0049    0.0082   -0.0087   -0.0100   -0.0428   -0.0056
 AT.   7 O  X    -0.0150    0.0585    0.0590    0.0544    0.0028    0.0001
            Y    -0.0686   -0.0300    0.0155    0.0401   -0.0061   -0.0027
            Z     0.0061    0.0094    0.0011   -0.0007    0.0399    0.0462
 AT.   8 O  X    -0.0205   -0.0773   -0.0492    0.0495    0.0010    0.0058
            Y     0.0564   -0.0223   -0.0546    0.0327   -0.0024    0.0034
            Z     0.0045   -0.0090   -0.0077    0.0084   -0.0054    0.0413
 AT.   9 O  X    -0.0440    0.0352   -0.0626    0.0750   -0.0037    0.0047
            Y    -0.0495   -0.0459   -0.0344    0.0054    0.0030   -0.0008
            Z     0.0056   -0.0052    0.0068   -0.0127    0.0455   -0.0407
 AT.  10 O  X     0.0595    0.0014   -0.0443    0.0642   -0.0027   -0.0004
            Y    -0.0147    0.0665   -0.0433    0.0217    0.0055   -0.0008
            Z     0.0054   -0.0093    0.0023    0.0028   -0.0368    0.0008

 FREQ(CM**-1)   1132.51   1132.53   1505.39   1515.86   1556.08   1595.65

 AT.   1 CA X     0.0033   -0.0000   -0.0001   -0.0002    0.0003    0.0051
            Y    -0.0011   -0.0001    0.0004    0.0004    0.0002    0.0025
            Z     0.0002    0.0000    0.0019   -0.0001   -0.0006   -0.0001
 AT.   2 MG X     0.0015   -0.0003   -0.0022    0.0002    0.0064    0.0020
            Y     0.0089    0.0001    0.0027   -0.0003    0.0053    0.0009
            Z    -0.0002   -0.0000    0.0011    0.0006   -0.0003    0.0017
 AT.   3 C  X     0.0030   -0.0030   -0.0309    0.1254   -0.0681   -0.1173
            Y     0.0007   -0.0006   -0.0865    0.0086   -0.0921    0.0265
            Z    -0.0004   -0.0003   -0.0009   -0.0011    0.0006   -0.0018
 AT.   4 C  X    -0.0032   -0.0031    0.1011   -0.0203   -0.1131    0.0083
            Y    -0.0015   -0.0013   -0.0739   -0.0878    0.0411   -0.1125
            Z    -0.0000    0.0000   -0.0041   -0.0014   -0.0036    0.0023
 AT.   5 O  X    -0.0711   -0.0664   -0.0056   -0.0367    0.0072    0.0380
            Y     0.0539    0.0504    0.0119    0.0225    0.0075   -0.0278
            Z     0.0004    0.0019    0.0014   -0.0016   -0.0001   -0.0012
 AT.   6 O  X     0.0102    0.0110   -0.0045    0.0135   -0.0084   -0.0148
            Y     0.0872    0.0915    0.0206    0.0416    0.0102   -0.0412
            Z    -0.0020   -0.0001    0.0021    0.0007   -0.0010    0.0027
 AT.   7 O  X     0.0010    0.0055    0.0072   -0.0116   -0.0011    0.0071
            Y     0.0010    0.0029   -0.0078   -0.0097   -0.0133    0.0111
            Z    -0.0005    0.0005   -0.0016   -0.0006    0.0029   -0.0012
 AT.   8 O  X    -0.0678    0.0697    0.0397    0.0358   -0.0342    0.0380
            Y     0.0514   -0.0529   -0.0366   -0.0235    0.0320   -0.0286
            Z     0.0003   -0.0019   -0.0035    0.0016   -0.0022   -0.0012
 AT.   9 O  X     0.0107   -0.0105    0.0059   -0.0136   -0.0083   -0.0148
            Y     0.0908   -0.0880    0.0295   -0.0389   -0.0385   -0.0397
            Z    -0.0020    0.0001   -0.0007   -0.0003   -0.0000    0.0026
 AT.  10 O  X     0.0081    0.0016   -0.0275    0.0212    0.0338    0.0097
            Y     0.0040    0.0001   -0.0053    0.0135    0.0084    0.0119
            Z    -0.0004   -0.0004   -0.0003    0.0005    0.0005   -0.0010


  DISPERSION K POINT NUMBER    13 COORD:  C(  1  1  0 )    WEIGHT:    1.

    MODES         EIGV          FREQUENCIES     IRREP
             (HARTREE**2)   (CM**-1)     (THZ)
    1-   1    0.2247E-06    104.0446    3.1192  (  1)
    2-   2    0.2424E-06    108.0667    3.2398  (  1)
    3-   3    0.4129E-06    141.0246    4.2278  (  1)
    4-   4    0.4417E-06    145.8678    4.3730  (  1)
    5-   5    0.5680E-06    165.4071    4.9588  (  1)
    6-   6    0.6508E-06    177.0580    5.3081  (  1)
    7-   7    0.8103E-06    197.5697    5.9230  (  1)
    8-   8    0.8972E-06    207.8897    6.2324  (  1)
    9-   9    0.1236E-05    243.9965    7.3148  (  1)
   10-  10    0.1431E-05    262.5184    7.8701  (  1)
   11-  11    0.1684E-05    284.7748    8.5373  (  1)
   12-  12    0.1752E-05    290.4931    8.7088  (  1)
   13-  13    0.2047E-05    314.0432    9.4148  (  1)
   14-  14    0.2263E-05    330.1369    9.8973  (  1)
   15-  15    0.2877E-05    372.2368   11.1594  (  1)
   16-  16    0.3022E-05    381.5559   11.4388  (  1)
   17-  17    0.3063E-05    384.1085   11.5153  (  1)
   18-  18    0.4008E-05    439.3780   13.1722  (  1)
   19-  19    0.1097E-04    726.9927   21.7947  (  1)
   20-  20    0.1110E-04    731.0934   21.9176  (  1)
   21-  21    0.1135E-04    739.4215   22.1673  (  1)
   22-  22    0.1141E-04    741.4813   22.2291  (  1)
   23-  23    0.1641E-04    889.1868   26.6571  (  1)
   24-  24    0.1656E-04    893.1123   26.7748  (  1)
   25-  25    0.2663E-04   1132.5883   33.9541  (  1)
   26-  26    0.2670E-04   1134.1207   34.0001  (  1)
   27-  27    0.4534E-04   1477.8006   44.3033  (  1)
   28-  28    0.4735E-04   1510.2608   45.2765  (  1)
   29-  29    0.4865E-04   1530.7826   45.8917  (  1)
   30-  30    0.5369E-04   1608.1511   48.2112  (  1)

 MODES IN PHASE

 FREQ(CM**-1)    104.04    108.07    141.02    145.87    165.41    177.06

 AT.   1 CA X    -0.0109    0.0680    0.0045   -0.0718   -0.0143    0.0138
            Y    -0.0505    0.0391    0.0110    0.0670   -0.0329    0.0353
            Z    -0.0201   -0.0430    0.0985   -0.0041    0.0078   -0.0055
 AT.   2 MG X    -0.0380    0.0122    0.0054    0.0279    0.0009    0.0035
            Y     0.0055   -0.0027    0.0114    0.0004   -0.0222   -0.0007
            Z     0.0160    0.0246   -0.0058    0.0145   -0.0146   -0.0001
 AT.   3 C  X     0.0025    0.0263    0.0137   -0.0336    0.0238    0.0001
            Y     0.0148   -0.0129    0.0073    0.0294    0.0032   -0.0140
            Z    -0.0319   -0.0086    0.0109   -0.0095   -0.0327    0.0339
 AT.   4 C  X     0.0332   -0.0261   -0.0108   -0.0081   -0.0315   -0.0247
            Y    -0.0246    0.0158   -0.0186    0.0191    0.0338    0.0080
            Z    -0.0316   -0.0249   -0.0181   -0.0258    0.0147   -0.0388
 AT.   5 O  X     0.0013    0.0461    0.0324   -0.0268    0.0284   -0.0080
            Y     0.0138    0.0150    0.0310    0.0381    0.0080   -0.0269
            Z    -0.0488    0.0094    0.0148   -0.0364   -0.0679    0.0339
 AT.   6 O  X     0.0084   -0.0057   -0.0184   -0.0412    0.0130    0.0287
            Y     0.0130   -0.0071    0.0114    0.0317    0.0021   -0.0135
            Z    -0.0482   -0.0504    0.0418    0.0063    0.0028    0.0457
 AT.   7 O  X     0.0432   -0.0267    0.0054    0.0217   -0.0283    0.0408
            Y    -0.0681    0.0273   -0.0472    0.0006    0.0340    0.0187
            Z    -0.0395   -0.0567   -0.0100   -0.0369    0.0671    0.0026
 AT.   8 O  X    -0.0354    0.0425    0.0435   -0.0207    0.0278    0.0435
            Y     0.0043    0.0174    0.0339    0.0149    0.0137   -0.0026
            Z    -0.0090    0.0016    0.0053    0.0013   -0.0723   -0.0374
 AT.   9 O  X     0.0131   -0.0094   -0.0353   -0.0351    0.0097    0.0799
            Y     0.0227   -0.0042    0.0018    0.0126    0.0060    0.0048
            Z    -0.0370   -0.0574    0.0276    0.0162    0.0001    0.0813
 AT.  10 O  X     0.0501   -0.0332   -0.0102   -0.0096   -0.0294   -0.0152
            Y    -0.0647    0.0342   -0.0187    0.0199    0.0327   -0.0164
            Z    -0.0432   -0.0471    0.0116   -0.0348    0.0664   -0.0218

 FREQ(CM**-1)    197.57    207.89    244.00    262.52    284.77    290.49

 AT.   1 CA X     0.0412   -0.0264    0.0226    0.0074   -0.0477    0.0354
            Y     0.0134    0.0196    0.0105    0.0111   -0.0284   -0.0111
            Z     0.0376   -0.0310    0.0182   -0.0013    0.0570   -0.0103
 AT.   2 MG X    -0.0246   -0.0154   -0.0215    0.0354    0.0092   -0.0136
            Y     0.0326    0.0114    0.0106    0.0315   -0.0282    0.0065
            Z     0.0232   -0.0324   -0.0174    0.0161    0.0140    0.0152
 AT.   3 C  X     0.0047    0.0168   -0.0208   -0.0190    0.0256   -0.0135
            Y     0.0337   -0.0368   -0.0006   -0.0030    0.0014   -0.0192
            Z     0.0071   -0.0283    0.0006   -0.0146   -0.0117   -0.0015
 AT.   4 C  X     0.0236    0.0455    0.0124   -0.0092   -0.0089    0.0164
            Y     0.0124   -0.0056    0.0392   -0.0485    0.0127    0.0140
            Z     0.0213    0.0121   -0.0131    0.0163    0.0147   -0.0113
 AT.   5 O  X     0.0095    0.0381   -0.0283   -0.0198    0.0160   -0.0205
            Y     0.0400   -0.0118   -0.0066   -0.0036   -0.0141   -0.0175
            Z    -0.0288   -0.0359    0.0529   -0.0931    0.0333   -0.0406
 AT.   6 O  X    -0.0014   -0.0044   -0.0221    0.0038    0.0130   -0.0159
            Y     0.0330   -0.0349    0.0026   -0.0026   -0.0006   -0.0120
            Z    -0.0144   -0.0036   -0.0322    0.0459   -0.0533   -0.0309
 AT.   7 O  X     0.0081    0.0113    0.0498    0.0242    0.0053    0.0196
            Y     0.0060    0.0677    0.0215    0.0331    0.0224   -0.0310
            Z    -0.0004    0.0572    0.0323   -0.0508   -0.0471   -0.0204
 AT.   8 O  X    -0.0011   -0.0034   -0.0597    0.0206    0.0206    0.0146
            Y     0.0525    0.0003   -0.0738    0.0282   -0.0086    0.0458
            Z     0.0077   -0.0443    0.0815    0.0896    0.0377   -0.0066
 AT.   9 O  X    -0.0646   -0.0576   -0.0077    0.0029    0.0265   -0.0491
            Y     0.0274   -0.0265   -0.0485    0.0320    0.0069    0.0124
            Z    -0.0611   -0.0245   -0.0068   -0.0434   -0.0305    0.0526
 AT.  10 O  X     0.0065    0.0426    0.0198   -0.0093   -0.0061    0.0216
            Y     0.0452    0.0019    0.0211   -0.0431    0.0197    0.0038
            Z     0.0633    0.0095    0.0053    0.0520   -0.0346   -0.0705

 FREQ(CM**-1)    314.04    330.14    372.24    381.56    384.11    439.38

 AT.   1 CA X    -0.0051    0.0029   -0.0275    0.0146    0.0007   -0.0071
            Y     0.0068   -0.0086   -0.0536   -0.0112    0.0020   -0.0201
            Z    -0.0052   -0.0135   -0.0305    0.0010   -0.0059   -0.0118
 AT.   2 MG X     0.0360    0.0188   -0.0214   -0.0143    0.1101    0.0901
            Y     0.0091   -0.0126    0.0017   -0.0988   -0.0593    0.1027
            Z    -0.0306    0.0099   -0.0194    0.1099   -0.0435    0.0860
 AT.   3 C  X     0.0102    0.0176    0.0089   -0.0153    0.0159    0.0228
            Y     0.0111    0.0060    0.0087   -0.0146   -0.0210    0.0325
            Z    -0.0445   -0.0059    0.0582    0.0116   -0.0056    0.0212
 AT.   4 C  X    -0.0139    0.0153    0.0098   -0.0096    0.0146    0.0232
            Y    -0.0029   -0.0289    0.0119   -0.0153   -0.0017    0.0327
            Z    -0.0341    0.0045   -0.0505    0.0090   -0.0029    0.0218
 AT.   5 O  X    -0.0202    0.0250    0.0415   -0.0024    0.0236    0.0257
            Y    -0.0319    0.0084    0.0439   -0.0000   -0.0185    0.0332
            Z    -0.0026    0.0523    0.0636   -0.0128   -0.0261    0.0362
 AT.   6 O  X     0.0689    0.0053   -0.0420   -0.0200    0.0261    0.0010
            Y     0.0058    0.0076    0.0127   -0.0123   -0.0271    0.0307
            Z    -0.0430   -0.0661    0.0244    0.0297   -0.0302    0.0015
 AT.   7 O  X     0.0274   -0.0212   -0.0091    0.0255   -0.0075   -0.0061
            Y    -0.0501    0.0066    0.0498    0.0376   -0.0246   -0.0140
            Z     0.0590   -0.0835   -0.0318    0.0160    0.0138    0.0245
 AT.   8 O  X     0.0299   -0.0299    0.0415   -0.0266   -0.0252   -0.0239
            Y     0.0364    0.0190    0.0439    0.0084    0.0238   -0.0206
            Z     0.0197   -0.0277    0.0636   -0.0044    0.0479   -0.0364
 AT.   9 O  X    -0.0686   -0.0149   -0.0423   -0.0326   -0.0269    0.0009
            Y    -0.0033    0.0145    0.0126    0.0082    0.0368   -0.0259
            Z     0.0331    0.0952    0.0248    0.0562    0.0233    0.0215
 AT.  10 O  X    -0.0301    0.0056   -0.0089   -0.0059    0.0112    0.0242
            Y     0.0377   -0.0113    0.0497   -0.0266    0.0121    0.0140
            Z    -0.0435    0.0973   -0.0315    0.0145    0.0113    0.0020

 FREQ(CM**-1)    726.99    731.09    739.42    741.48    889.19    893.11

 AT.   1 CA X     0.0056    0.0014    0.0030    0.0006    0.0002    0.0021
            Y     0.0006    0.0007   -0.0064    0.0015    0.0007    0.0006
            Z    -0.0018   -0.0014    0.0039   -0.0004    0.0005   -0.0022
 AT.   2 MG X    -0.0003    0.0063    0.0010   -0.0005   -0.0014   -0.0002
            Y     0.0006   -0.0104    0.0005   -0.0021   -0.0020    0.0001
            Z    -0.0004    0.0009   -0.0009    0.0005   -0.0038   -0.0002
 AT.   3 C  X     0.0259    0.0429   -0.0337    0.0215   -0.0050   -0.0036
            Y     0.0255    0.0312    0.0416   -0.0279   -0.0053   -0.0039
            Z     0.0016    0.0013    0.0026    0.0034    0.1796   -0.1767
 AT.   4 C  X    -0.0162   -0.0122    0.0331    0.0145   -0.0049    0.0037
            Y    -0.0203   -0.0109   -0.0411   -0.0252   -0.0054    0.0039
            Z    -0.0025   -0.0033   -0.0027    0.0017    0.1784    0.1778
 AT.   5 O  X    -0.0367   -0.0474   -0.0764    0.0508   -0.0070    0.0021
            Y    -0.0667   -0.0999    0.0330   -0.0125   -0.0065    0.0022
            Z    -0.0084   -0.0164   -0.0022    0.0019   -0.0475    0.0503
 AT.   6 O  X    -0.0455   -0.0675    0.0891   -0.0524    0.0067   -0.0052
            Y     0.0492    0.0662    0.0456   -0.0308    0.0015    0.0043
            Z     0.0057    0.0078   -0.0072    0.0091   -0.0484    0.0489
 AT.   7 O  X     0.0209   -0.0410   -0.0092    0.0284   -0.0009   -0.0023
            Y     0.0088   -0.0039    0.0502   -0.1058   -0.0018    0.0035
            Z     0.0005   -0.0041   -0.0054    0.0175    0.0242   -0.0274
 AT.   8 O  X    -0.0458    0.0317   -0.0479   -0.0797    0.0038    0.0003
            Y    -0.0992    0.0692    0.0221    0.0181    0.0021    0.0013
            Z    -0.0145    0.0131   -0.0006   -0.0022    0.0189    0.0255
 AT.   9 O  X    -0.0707    0.0513    0.0575    0.0801   -0.0031   -0.0023
            Y     0.0661   -0.0451    0.0273    0.0523   -0.0002    0.0023
            Z     0.0107   -0.0064   -0.0052   -0.0152    0.0198    0.0233
 AT.  10 O  X    -0.0436   -0.0233   -0.0174   -0.0166    0.0017   -0.0041
            Y     0.0049    0.0024    0.1045    0.0509    0.0040    0.0060
            Z    -0.0018   -0.0015   -0.0100   -0.0085   -0.0471   -0.0487

 FREQ(CM**-1)   1132.59   1134.12   1477.80   1510.26   1530.78   1608.15

 AT.   1 CA X     0.0000   -0.0009   -0.0006    0.0014    0.0032    0.0008
            Y     0.0002   -0.0038    0.0001    0.0020   -0.0008    0.0007
            Z     0.0010   -0.0014   -0.0001   -0.0030    0.0010    0.0007
 AT.   2 MG X    -0.0009    0.0061    0.0008   -0.0001   -0.0006    0.0002
            Y    -0.0008    0.0063   -0.0023   -0.0006    0.0006   -0.0029
            Z     0.0054    0.0038   -0.0002    0.0009    0.0003   -0.0026
 AT.   3 C  X    -0.0005   -0.0005    0.1482    0.0905   -0.1476    0.0805
            Y     0.0018    0.0004   -0.0746    0.1466    0.0924    0.1495
            Z    -0.0007   -0.0004    0.0013   -0.0042    0.0011    0.0048
 AT.   4 C  X    -0.0005    0.0038    0.1563   -0.0885    0.1442    0.0777
            Y     0.0013   -0.0002   -0.0772   -0.1468   -0.0864    0.1518
            Z    -0.0006   -0.0007    0.0017    0.0042   -0.0007    0.0048
 AT.   5 O  X    -0.0792    0.0405   -0.0574   -0.0016    0.0559    0.0002
            Y     0.0597   -0.0317    0.0408   -0.0140   -0.0423   -0.0203
            Z     0.0015   -0.0005    0.0000    0.0021   -0.0008   -0.0052
 AT.   6 O  X    -0.0109    0.0056   -0.0044   -0.0136    0.0068   -0.0149
            Y    -0.0989    0.0506    0.0252   -0.0647   -0.0345   -0.0682
            Z     0.0012   -0.0002   -0.0009    0.0022   -0.0012   -0.0016
 AT.   7 O  X    -0.0648    0.0934    0.0340    0.0237   -0.0199    0.0265
            Y    -0.0262    0.0382    0.0101    0.0123   -0.0025    0.0171
            Z    -0.0002    0.0023   -0.0001   -0.0018   -0.0009    0.0018
 AT.   8 O  X     0.0402    0.0801    0.0295    0.0011    0.0141    0.0036
            Y    -0.0311   -0.0606   -0.0203   -0.0059   -0.0076    0.0082
            Z    -0.0006   -0.0010   -0.0003    0.0001    0.0008    0.0027
 AT.   9 O  X     0.0047    0.0121    0.0016   -0.0057    0.0038    0.0094
            Y     0.0514    0.0982   -0.0145   -0.0249   -0.0049    0.0362
            Z    -0.0007   -0.0009    0.0006    0.0021   -0.0003    0.0008
 AT.  10 O  X     0.0948    0.0633   -0.0456    0.0527   -0.0419   -0.0500
            Y     0.0384    0.0260   -0.0132    0.0292   -0.0083   -0.0297
            Z     0.0005    0.0018   -0.0003   -0.0029   -0.0016   -0.0035

 MODES IN ANTI-PHASE

 FREQ(CM**-1)    104.04    108.07    141.02    145.87    165.41    177.06

 AT.   1 CA X    -0.0035   -0.0089   -0.0012   -0.0487    0.0006   -0.0137
            Y    -0.0163   -0.0051   -0.0029    0.0455    0.0014   -0.0350
            Z    -0.0065    0.0056   -0.0257   -0.0028   -0.0003    0.0054
 AT.   2 MG X     0.0343   -0.0292   -0.0197   -0.0135   -0.0018    0.0133
            Y    -0.0050    0.0065   -0.0415   -0.0002    0.0427   -0.0026
            Z    -0.0145   -0.0592    0.0211   -0.0070    0.0280   -0.0006
 AT.   3 C  X    -0.0331    0.0107   -0.0019   -0.0162    0.0218   -0.0499
            Y     0.0262   -0.0095    0.0240   -0.0011   -0.0435   -0.0086
            Z     0.0285    0.0436    0.0171    0.0254    0.0049   -0.0188
 AT.   4 C  X     0.0009   -0.0111   -0.0086    0.0364   -0.0070   -0.0434
            Y    -0.0174    0.0024    0.0169   -0.0224   -0.0275   -0.0144
            Z     0.0288    0.0368    0.0092   -0.0083    0.0296    0.0003
 AT.   5 O  X    -0.0623    0.0080   -0.0310   -0.0117    0.0066   -0.0435
            Y    -0.0117   -0.0114   -0.0140    0.0008   -0.0656    0.0024
            Z     0.0522    0.0294    0.0156    0.0159    0.0528    0.0376
 AT.   6 O  X     0.0106    0.0151    0.0394   -0.0214    0.0383   -0.0797
            Y     0.0207   -0.0106    0.0167    0.0010   -0.0447   -0.0049
            Z     0.0035    0.0338    0.0182    0.0149    0.0309   -0.0810
 AT.   7 O  X     0.0258    0.0288    0.0305   -0.0190    0.0141    0.0155
            Y    -0.0162   -0.0304   -0.0460    0.0212    0.0126    0.0165
            Z    -0.0192   -0.0300   -0.0415   -0.0228    0.0051    0.0218
 AT.   8 O  X     0.0512   -0.0195    0.0112   -0.0206   -0.0091    0.0083
            Y     0.0176    0.0071   -0.0029    0.0351    0.0647    0.0268
            Z    -0.0709   -0.0309   -0.0208   -0.0397   -0.0466   -0.0341
 AT.   9 O  X    -0.0037   -0.0131   -0.0254   -0.0304   -0.0393   -0.0281
            Y    -0.0092    0.0121   -0.0202    0.0291    0.0443    0.0135
            Z    -0.0310   -0.0198   -0.0363    0.0003   -0.0311   -0.0451
 AT.  10 O  X     0.0044   -0.0210   -0.0292    0.0272   -0.0116   -0.0409
            Y    -0.0267    0.0224    0.0632   -0.0073   -0.0155   -0.0188
            Z    -0.0076    0.0436    0.0410   -0.0258   -0.0109   -0.0028

 FREQ(CM**-1)    197.57    207.89    244.00    262.52    284.77    290.49

 AT.   1 CA X     0.0289   -0.0152    0.0154   -0.0229    0.0089   -0.0320
            Y     0.0094    0.0112    0.0072   -0.0343    0.0053    0.0100
            Z     0.0264   -0.0178    0.0124    0.0039   -0.0107    0.0093
 AT.   2 MG X     0.0114    0.0090    0.0103    0.0392   -0.0260   -0.0631
            Y    -0.0151   -0.0066   -0.0051    0.0350    0.0803    0.0303
            Z    -0.0108    0.0188    0.0083    0.0178   -0.0399    0.0709
 AT.   3 C  X    -0.0269   -0.0428   -0.0326   -0.0112   -0.0177    0.0100
            Y     0.0123   -0.0145   -0.0508   -0.0491   -0.0220   -0.0085
            Z    -0.0219   -0.0301    0.0174    0.0149   -0.0089   -0.0308
 AT.   4 C  X     0.0138    0.0067    0.0367   -0.0201   -0.0298    0.0035
            Y    -0.0337    0.0391    0.0323   -0.0081   -0.0180   -0.0157
            Z     0.0087    0.0395   -0.0114   -0.0130    0.0004   -0.0287
 AT.   5 O  X    -0.0046   -0.0262   -0.0531   -0.0077   -0.0157   -0.0168
            Y     0.0414    0.0072   -0.0766   -0.0429   -0.0128   -0.0478
            Z     0.0186   -0.0303    0.0669   -0.0243   -0.0186    0.0026
 AT.   6 O  X    -0.0682   -0.0641    0.0004   -0.0103   -0.0398    0.0478
            Y     0.0173   -0.0104   -0.0531   -0.0510   -0.0205   -0.0137
            Z    -0.0597   -0.0263    0.0052    0.0106   -0.0530   -0.0560
 AT.   7 O  X     0.0040    0.0427    0.0019   -0.0175    0.0305   -0.0197
            Y     0.0459   -0.0373    0.0143    0.0278    0.0033   -0.0069
            Z     0.0674   -0.0224   -0.0069   -0.0185   -0.0255    0.0688
 AT.   8 O  X     0.0105    0.0461   -0.0072    0.0054    0.0089    0.0221
            Y     0.0236   -0.0138    0.0216   -0.0326    0.0170    0.0222
            Z    -0.0334   -0.0158    0.0251    0.0350    0.0053    0.0402
 AT.   9 O  X     0.0218    0.0286   -0.0208   -0.0106    0.0324    0.0111
            Y     0.0252   -0.0249    0.0216   -0.0398    0.0193    0.0134
            Z     0.0067    0.0102   -0.0319   -0.0183    0.0687    0.0364
 AT.  10 O  X     0.0063   -0.0118    0.0457   -0.0284   -0.0303   -0.0176
            Y    -0.0099    0.0773    0.0148    0.0031   -0.0112    0.0315
            Z    -0.0232    0.0607    0.0326    0.0149    0.0408    0.0134

 FREQ(CM**-1)    314.04    330.14    372.24    381.56    384.11    439.38

 AT.   1 CA X     0.0293   -0.0075   -0.0001    0.0204    0.0033   -0.0117
            Y    -0.0393    0.0224   -0.0002   -0.0157    0.0095   -0.0332
            Z     0.0297    0.0353   -0.0001    0.0014   -0.0289   -0.0194
 AT.   2 MG X     0.0301    0.0232    0.0367    0.0014    0.0366   -0.0018
            Y     0.0076   -0.0155   -0.0029    0.0096   -0.0197   -0.0021
            Z    -0.0256    0.0122    0.0332   -0.0107   -0.0144   -0.0018
 AT.   3 C  X    -0.0160    0.0193   -0.0162   -0.0280    0.0031   -0.0088
            Y    -0.0050   -0.0282   -0.0186    0.0047    0.0252   -0.0035
            Z    -0.0266    0.0033    0.0250    0.0123    0.0027   -0.0129
 AT.   4 C  X     0.0129    0.0212   -0.0157    0.0304    0.0070    0.0079
            Y     0.0118    0.0001   -0.0167   -0.0018   -0.0328    0.0022
            Z    -0.0390   -0.0051   -0.0383   -0.0143   -0.0055    0.0120
 AT.   5 O  X    -0.0324    0.0168    0.0005   -0.0290   -0.0089   -0.0135
            Y    -0.0188   -0.0377    0.0038    0.0089    0.0173   -0.0059
            Z    -0.0511   -0.0168    0.0002   -0.0091    0.0606   -0.0221
 AT.   6 O  X     0.0110    0.0163   -0.0294   -0.0413   -0.0074    0.0015
            Y    -0.0064   -0.0301   -0.0119    0.0045    0.0300   -0.0131
            Z     0.0220   -0.0688    0.0485    0.0696   -0.0111    0.0250
 AT.   7 O  X     0.0128    0.0152    0.0284    0.0025    0.0109    0.0241
            Y     0.0280    0.0096   -0.0127   -0.0152   -0.0265    0.0085
            Z    -0.0356   -0.0526    0.0370    0.0208    0.0608    0.0151
 AT.   8 O  X    -0.0237   -0.0042   -0.0002   -0.0116    0.0012    0.0165
            Y    -0.0069   -0.0337   -0.0034    0.0029    0.0086    0.0267
            Z    -0.0472   -0.0475    0.0003   -0.0151    0.0453    0.0217
 AT.   9 O  X    -0.0129    0.0086    0.0291   -0.0323    0.0035    0.0016
            Y    -0.0080   -0.0275    0.0120   -0.0102    0.0169    0.0211
            Z     0.0352   -0.0070   -0.0483    0.0507   -0.0221    0.0129
 AT.  10 O  X     0.0029    0.0255   -0.0285    0.0249    0.0071    0.0058
            Y     0.0433    0.0027    0.0131    0.0307   -0.0340   -0.0085
            Z    -0.0534    0.0166   -0.0373    0.0218    0.0614    0.0287

 FREQ(CM**-1)    726.99    731.09    739.42    741.48    889.19    893.11

 AT.   1 CA X    -0.0023   -0.0034   -0.0015   -0.0013    0.0004   -0.0010
            Y    -0.0002   -0.0017    0.0032   -0.0030    0.0010   -0.0003
            Z     0.0007    0.0035   -0.0019    0.0008    0.0007    0.0011
 AT.   2 MG X     0.0020    0.0082   -0.0162   -0.0008    0.0001    0.0026
            Y    -0.0049   -0.0135   -0.0072   -0.0031    0.0001   -0.0022
            Z     0.0027    0.0011    0.0135    0.0008    0.0002    0.0043
 AT.   3 C  X    -0.0341   -0.0012    0.0028    0.0247   -0.0004   -0.0010
            Y    -0.0164   -0.0030   -0.0009   -0.0390    0.0008    0.0003
            Z     0.0037   -0.0031    0.0006    0.0033   -0.0005   -0.0200
 AT.   4 C  X    -0.0397    0.0411    0.0070    0.0294    0.0010   -0.0005
            Y    -0.0224    0.0293   -0.0061   -0.0408   -0.0002    0.0008
            Z     0.0031    0.0005    0.0003    0.0044   -0.0203    0.0006
 AT.   5 O  X     0.0281    0.0027    0.0020    0.0614    0.0011    0.0013
            Y     0.0736    0.0022   -0.0026   -0.0132   -0.0005   -0.0000
            Z     0.0121   -0.0022   -0.0009    0.0013    0.0001    0.0057
 AT.   6 O  X     0.0545   -0.0050   -0.0044   -0.0608   -0.0004   -0.0010
            Y    -0.0443   -0.0024    0.0004   -0.0423    0.0004    0.0003
            Z    -0.0095    0.0012    0.0010    0.0122    0.0007    0.0073
 AT.   7 O  X     0.0826    0.0742    0.0149   -0.0008    0.0015    0.0034
            Y     0.0020    0.0005   -0.0931    0.0165    0.0036   -0.0049
            Z     0.0030    0.0062    0.0084   -0.0026   -0.0409    0.0403
 AT.   8 O  X     0.0060    0.0354    0.0595   -0.0032   -0.0060   -0.0025
            Y    -0.0050    0.0721   -0.0247    0.0020   -0.0062   -0.0017
            Z    -0.0026    0.0100    0.0023   -0.0007   -0.0435   -0.0437
 AT.   9 O  X    -0.0064    0.0442   -0.0682    0.0049    0.0060    0.0048
            Y    -0.0034   -0.0484   -0.0365   -0.0011    0.0015   -0.0036
            Z     0.0027   -0.0046    0.0051    0.0002   -0.0442   -0.0436
 AT.  10 O  X    -0.0732    0.0815   -0.0017   -0.0231   -0.0003   -0.0002
            Y    -0.0076    0.0031    0.0164    0.0942   -0.0003    0.0002
            Z    -0.0025    0.0073   -0.0008   -0.0155    0.0061   -0.0021

 FREQ(CM**-1)   1132.59   1134.12   1477.80   1510.26   1530.78   1608.15

 AT.   1 CA X     0.0001   -0.0004   -0.0016   -0.0011   -0.0023    0.0018
            Y     0.0004   -0.0017    0.0002   -0.0016    0.0006    0.0016
            Z     0.0022   -0.0006   -0.0003    0.0023   -0.0007    0.0016
 AT.   2 MG X    -0.0001   -0.0045    0.0001   -0.0008   -0.0059    0.0000
            Y    -0.0001   -0.0047   -0.0003   -0.0044    0.0061   -0.0003
            Z     0.0006   -0.0028   -0.0000    0.0063    0.0029   -0.0003
 AT.   3 C  X     0.0000   -0.0041    0.0500   -0.0061   -0.0016   -0.0059
            Y    -0.0020    0.0004   -0.0202   -0.0218    0.0202    0.0269
            Z     0.0003    0.0006    0.0013    0.0004    0.0015    0.0005
 AT.   4 C  X    -0.0001    0.0016   -0.0055    0.0199   -0.0314    0.0219
            Y     0.0023   -0.0005   -0.0019    0.0208    0.0385    0.0036
            Z    -0.0004    0.0002   -0.0009   -0.0008    0.0017    0.0004
 AT.   5 O  X    -0.0188    0.0717   -0.0179   -0.0015    0.0037    0.0050
            Y     0.0131   -0.0534    0.0136    0.0027   -0.0060   -0.0070
            Z     0.0006   -0.0008   -0.0004    0.0004   -0.0011   -0.0010
 AT.   6 O  X    -0.0038    0.0114   -0.0023    0.0026   -0.0018   -0.0006
            Y    -0.0220    0.0870    0.0055    0.0101   -0.0063   -0.0120
            Z     0.0001   -0.0011   -0.0000   -0.0016   -0.0000   -0.0003
 AT.   7 O  X     0.0692   -0.0006   -0.0303   -0.0486    0.0376   -0.0433
            Y     0.0281   -0.0001   -0.0085   -0.0271    0.0079   -0.0246
            Z     0.0006    0.0002   -0.0006    0.0025    0.0014   -0.0031
 AT.   8 O  X    -0.0707   -0.0193   -0.0524    0.0019   -0.0542    0.0035
            Y     0.0526    0.0132    0.0379    0.0130    0.0420   -0.0199
            Z     0.0015    0.0002   -0.0003   -0.0021    0.0011   -0.0046
 AT.   9 O  X    -0.0105   -0.0037   -0.0047    0.0126   -0.0059   -0.0115
            Y    -0.0873   -0.0224    0.0213    0.0606    0.0347   -0.0590
            Z     0.0010    0.0007   -0.0006   -0.0017    0.0012   -0.0014
 AT.  10 O  X    -0.0001    0.0687    0.0013   -0.0117    0.0071   -0.0089
            Y    -0.0000    0.0280    0.0008   -0.0056   -0.0001   -0.0035
            Z     0.0003    0.0016   -0.0005    0.0012    0.0004   -0.0007


  DISPERSION K POINT NUMBER    14 COORD:  C(  1  1  1 )    WEIGHT:    1.

    MODES         EIGV          FREQUENCIES     IRREP
             (HARTREE**2)   (CM**-1)     (THZ)
    1-   2    0.1406E-06     82.3040    2.4674  (  1)
    3-   3    0.3516E-06    130.1371    3.9014  (  2)
    4-   5    0.4155E-06    141.4696    4.2412  (  1)
    6-   7    0.6781E-06    180.7343    5.4183  (  1)
    8-   8    0.7940E-06    195.5682    5.8630  (  2)
    9-   9    0.1007E-05    220.2261    6.6022  (  2)
   10-  11    0.1496E-05    268.4270    8.0472  (  1)
   12-  12    0.1629E-05    280.1046    8.3973  (  2)
   13-  14    0.2112E-05    318.9737    9.5626  (  1)
   15-  16    0.3050E-05    383.3080   11.4913  (  1)
   17-  17    0.3355E-05    402.0112   12.0520  (  2)
   18-  18    0.4435E-05    462.2272   13.8572  (  2)
   19-  20    0.1129E-04    737.4411   22.1079  (  1)
   21-  22    0.1141E-04    741.3642   22.2255  (  1)
   23-  23    0.1679E-04    899.3172   26.9609  (  2)
   24-  24    0.1721E-04    910.4660   27.2951  (  2)
   25-  25    0.2673E-04   1134.6723   34.0166  (  2)
   26-  26    0.2678E-04   1135.7011   34.0475  (  2)
   27-  28    0.4523E-04   1476.1088   44.2526  (  1)
   29-  30    0.4663E-04   1498.7551   44.9315  (  1)

 MODES IN PHASE

 FREQ(CM**-1)     82.30     82.30    130.14    141.47    141.47    180.73

 AT.   1 CA X     0.0347   -0.0347    0.0000    0.0319   -0.0319    0.0456
            Y     0.0345   -0.0345    0.0000   -0.0481    0.0481    0.0242
            Z     0.0000    0.0000    0.0595    0.0000    0.0000    0.0000
 AT.   2 MG X    -0.0385    0.0385    0.0000   -0.0044    0.0044   -0.0041
            Y    -0.0317    0.0317    0.0000   -0.0297    0.0297    0.0016
            Z     0.0000    0.0000   -0.0610    0.0000    0.0000    0.0000
 AT.   3 C  X     0.0566   -0.0072    0.0000   -0.0481   -0.0239   -0.0440
            Y     0.0006   -0.0472    0.0000   -0.0173    0.0120    0.0127
            Z     0.0000    0.0000    0.0728    0.0000    0.0000    0.0000
 AT.   4 C  X     0.0072   -0.0566    0.0000    0.0239    0.0481    0.0068
            Y     0.0472   -0.0006    0.0000   -0.0120    0.0173    0.0332
            Z     0.0000    0.0000    0.0209    0.0000    0.0000    0.0000
 AT.   5 O  X     0.0566   -0.0084   -0.0046   -0.0512   -0.0247   -0.0487
            Y    -0.0004   -0.0489   -0.0060   -0.0201    0.0126    0.0100
            Z    -0.0054   -0.0059    0.0734    0.0422   -0.0156    0.0437
 AT.   6 O  X     0.0567   -0.0082    0.0075   -0.0544   -0.0230   -0.0557
            Y     0.0000   -0.0477   -0.0009   -0.0172    0.0134    0.0133
            Z     0.0176    0.0018    0.0734   -0.0625    0.0344   -0.0727
 AT.   7 O  X     0.0570   -0.0073   -0.0029   -0.0502   -0.0231   -0.0494
            Y    -0.0002   -0.0485    0.0070   -0.0159    0.0115    0.0177
            Z    -0.0122    0.0042    0.0734    0.0203   -0.0188    0.0290
 AT.   8 O  X     0.0084   -0.0566    0.0056    0.0247    0.0512    0.0039
            Y     0.0489    0.0004    0.0049   -0.0126    0.0201    0.0305
            Z     0.0059    0.0054    0.0216    0.0156   -0.0422    0.0200
 AT.   9 O  X     0.0082   -0.0567   -0.0070    0.0230    0.0544    0.0005
            Y     0.0477   -0.0000    0.0025   -0.0134    0.0172    0.0346
            Z    -0.0018   -0.0176    0.0216   -0.0344    0.0625   -0.0378
 AT.  10 O  X     0.0073   -0.0570    0.0014    0.0231    0.0502    0.0057
            Y     0.0485    0.0002   -0.0073   -0.0115    0.0159    0.0355
            Z    -0.0042    0.0122    0.0216    0.0188   -0.0203    0.0178

 FREQ(CM**-1)    180.73    195.57    220.23    268.43    268.43    280.10

 AT.   1 CA X    -0.0456    0.0000    0.0000    0.0147   -0.0147    0.0000
            Y    -0.0242    0.0000    0.0000   -0.0322    0.0322    0.0000
            Z     0.0000    0.0763    0.0261    0.0000    0.0000   -0.0060
 AT.   2 MG X     0.0041    0.0000    0.0000    0.0561   -0.0561    0.0000
            Y    -0.0016    0.0000    0.0000   -0.0381    0.0381    0.0000
            Z     0.0000    0.0014    0.0079    0.0000    0.0000   -0.0094
 AT.   3 C  X    -0.0068    0.0000    0.0000    0.0072    0.0081    0.0000
            Y    -0.0332    0.0000    0.0000    0.0031   -0.0099    0.0000
            Z     0.0000   -0.0166   -0.0156    0.0000    0.0000   -0.0384
 AT.   4 C  X     0.0440    0.0000    0.0000   -0.0081   -0.0072    0.0000
            Y    -0.0127    0.0000    0.0000    0.0099   -0.0031    0.0000
            Z     0.0000   -0.0148    0.0636    0.0000    0.0000    0.0362
 AT.   5 O  X    -0.0039    0.0533    0.0203    0.0027    0.0002   -0.0418
            Y    -0.0305    0.0669    0.0256   -0.0053   -0.0229   -0.0570
            Z    -0.0200   -0.0199   -0.0170    0.0735    0.0767   -0.0322
 AT.   6 O  X    -0.0005   -0.0845   -0.0324    0.0063   -0.0060    0.0703
            Y    -0.0346    0.0127    0.0048    0.0036   -0.0121   -0.0077
            Z     0.0378   -0.0199   -0.0170   -0.0365   -0.0769   -0.0322
 AT.   7 O  X    -0.0057    0.0313    0.0120    0.0122    0.0065   -0.0285
            Y    -0.0355   -0.0796   -0.0304   -0.0040   -0.0121    0.0647
            Z    -0.0178   -0.0199   -0.0170   -0.0370    0.0002   -0.0322
 AT.   8 O  X     0.0487    0.0516   -0.0381   -0.0002   -0.0027    0.0428
            Y    -0.0100    0.0646   -0.0512    0.0229    0.0053    0.0592
            Z    -0.0437   -0.0177    0.0653   -0.0767   -0.0735    0.0296
 AT.   9 O  X     0.0557   -0.0818    0.0634    0.0060   -0.0063   -0.0727
            Y    -0.0133    0.0124   -0.0074    0.0121   -0.0036    0.0074
            Z     0.0727   -0.0177    0.0653    0.0769    0.0365    0.0296
 AT.  10 O  X     0.0494    0.0302   -0.0253   -0.0065   -0.0122    0.0299
            Y    -0.0177   -0.0770    0.0586    0.0121    0.0040   -0.0666
            Z    -0.0290   -0.0177    0.0653   -0.0002    0.0370    0.0296

 FREQ(CM**-1)    318.97    318.97    383.31    383.31    402.01    462.23

 AT.   1 CA X     0.0521   -0.0521   -0.0073    0.0073    0.0000    0.0000
            Y    -0.0079    0.0079    0.0035   -0.0035    0.0000    0.0000
            Z     0.0000    0.0000    0.0000    0.0000    0.0869   -0.0318
 AT.   2 MG X     0.0006   -0.0006    0.1127   -0.1127    0.0000    0.0000
            Y    -0.0018    0.0018    0.0011   -0.0011    0.0000    0.0000
            Z     0.0000    0.0000    0.0000    0.0000    0.0467    0.1581
 AT.   3 C  X    -0.0288    0.0299    0.0045   -0.0185    0.0000    0.0000
            Y    -0.0178   -0.0072   -0.0230   -0.0168    0.0000    0.0000
            Z     0.0000    0.0000    0.0000    0.0000   -0.0670    0.0460
 AT.   4 C  X    -0.0299    0.0288    0.0185   -0.0045    0.0000    0.0000
            Y     0.0072    0.0178    0.0168    0.0230    0.0000    0.0000
            Z     0.0000    0.0000    0.0000    0.0000   -0.0562    0.0450
 AT.   5 O  X    -0.0254    0.0307    0.0160   -0.0169   -0.0282    0.0144
            Y    -0.0085   -0.0131   -0.0192   -0.0177   -0.0383    0.0154
            Z    -0.0770    0.0100   -0.0367   -0.0471   -0.0462    0.0249
 AT.   6 O  X    -0.0246    0.0259    0.0159   -0.0079    0.0473   -0.0205
            Y    -0.0174   -0.0092   -0.0297   -0.0239   -0.0053    0.0048
            Z     0.0572   -0.0650   -0.0027    0.0323   -0.0462    0.0249
 AT.   7 O  X    -0.0328    0.0317    0.0069   -0.0178   -0.0191    0.0061
            Y    -0.0136   -0.0070   -0.0243   -0.0285    0.0436   -0.0202
            Z     0.0198    0.0550    0.0394    0.0149   -0.0462    0.0249
 AT.   8 O  X    -0.0307    0.0254    0.0169   -0.0160   -0.0241    0.0141
            Y     0.0131    0.0085    0.0177    0.0192   -0.0337    0.0151
            Z    -0.0100    0.0770    0.0471    0.0367   -0.0388    0.0244
 AT.   9 O  X    -0.0259    0.0246    0.0079   -0.0159    0.0412   -0.0201
            Y     0.0092    0.0174    0.0239    0.0297   -0.0040    0.0047
            Z     0.0650   -0.0572   -0.0323    0.0027   -0.0388    0.0244
 AT.  10 O  X    -0.0317    0.0328    0.0178   -0.0069   -0.0171    0.0060
            Y     0.0070    0.0136    0.0285    0.0243    0.0377   -0.0198
            Z    -0.0550   -0.0198   -0.0149   -0.0394   -0.0388    0.0244

 FREQ(CM**-1)    737.44    737.44    741.36    741.36    899.32    910.47

 AT.   1 CA X     0.0029   -0.0029    0.0020   -0.0020    0.0000    0.0000
            Y     0.0005   -0.0005   -0.0000    0.0000    0.0000    0.0000
            Z     0.0000    0.0000    0.0000    0.0000    0.0051    0.0050
 AT.   2 MG X    -0.0008    0.0008    0.0098   -0.0098    0.0000    0.0000
            Y    -0.0002    0.0002    0.0009   -0.0009    0.0000    0.0000
            Z     0.0000    0.0000    0.0000    0.0000    0.0048   -0.0147
 AT.   3 C  X    -0.0251   -0.0193    0.0383    0.0232    0.0000    0.0000
            Y     0.0330   -0.0320    0.0079   -0.0361    0.0000    0.0000
            Z     0.0000    0.0000    0.0000    0.0000    0.1759    0.0117
 AT.   4 C  X     0.0193    0.0251   -0.0232   -0.0383    0.0000    0.0000
            Y     0.0320   -0.0330    0.0361   -0.0079    0.0000    0.0000
            Z     0.0000    0.0000    0.0000    0.0000   -0.0111    0.1737
 AT.   5 O  X    -0.0599    0.0484   -0.0088    0.0591   -0.0044   -0.0002
            Y     0.0167    0.0578   -0.0682   -0.0169   -0.0043   -0.0005
            Z    -0.0029    0.0080   -0.0122    0.0002   -0.0511   -0.0032
 AT.   6 O  X     0.0609    0.0259   -0.0657   -0.0605    0.0059    0.0005
            Y     0.0371   -0.0546    0.0298   -0.0361   -0.0017    0.0001
            Z    -0.0045   -0.0041    0.0104    0.0105   -0.0511   -0.0032
 AT.   7 O  X     0.0181   -0.0602    0.0476   -0.0173   -0.0015   -0.0004
            Y    -0.0777    0.0211    0.0301    0.0771    0.0060    0.0004
            Z     0.0074   -0.0038    0.0017   -0.0107   -0.0511   -0.0032
 AT.   8 O  X    -0.0484    0.0599   -0.0591    0.0088    0.0006   -0.0063
            Y    -0.0578   -0.0167    0.0169    0.0682   -0.0001   -0.0048
            Z    -0.0080    0.0029   -0.0002    0.0122    0.0035   -0.0519
 AT.   9 O  X    -0.0259   -0.0609    0.0605    0.0657   -0.0002    0.0073
            Y     0.0546   -0.0371    0.0361   -0.0298    0.0005   -0.0030
            Z     0.0041    0.0045   -0.0105   -0.0104    0.0035   -0.0519
 AT.  10 O  X     0.0602   -0.0181    0.0173   -0.0476   -0.0003   -0.0011
            Y    -0.0211    0.0777   -0.0771   -0.0301   -0.0004    0.0078
            Z     0.0038   -0.0074    0.0107   -0.0017    0.0035   -0.0519

 FREQ(CM**-1)   1134.67   1135.70   1476.11   1476.11   1498.76   1498.76

 AT.   1 CA X     0.0000    0.0000   -0.0015    0.0015    0.0000   -0.0000
            Y     0.0000    0.0000   -0.0010    0.0010   -0.0001    0.0001
            Z    -0.0024   -0.0017    0.0000    0.0000    0.0000    0.0000
 AT.   2 MG X     0.0000    0.0000    0.0023   -0.0023   -0.0023    0.0023
            Y     0.0000    0.0000   -0.0013    0.0013   -0.0041    0.0041
            Z     0.0018   -0.0076    0.0000    0.0000    0.0000    0.0000
 AT.   3 C  X     0.0000    0.0000    0.1235   -0.1241    0.1235    0.1241
            Y     0.0000    0.0000   -0.0017    0.0011    0.0001   -0.0015
            Z    -0.0000    0.0016    0.0000    0.0000    0.0000    0.0000
 AT.   4 C  X     0.0000    0.0000    0.1241   -0.1235   -0.1241   -0.1235
            Y     0.0000    0.0000   -0.0011    0.0017    0.0015   -0.0001
            Z     0.0002   -0.0004    0.0000    0.0000    0.0000    0.0000
 AT.   5 O  X     0.0115    0.0808   -0.0370    0.0354   -0.0351   -0.0340
            Y    -0.0092   -0.0621    0.0225   -0.0215    0.0225    0.0219
            Z    -0.0002   -0.0016    0.0007   -0.0009   -0.0006   -0.0004
 AT.   6 O  X     0.0022    0.0134   -0.0066    0.0083   -0.0067   -0.0082
            Y     0.0145    0.1010   -0.0039    0.0046   -0.0065   -0.0063
            Z    -0.0002   -0.0016    0.0005   -0.0007    0.0002    0.0004
 AT.   7 O  X    -0.0137   -0.0942   -0.0447    0.0445   -0.0460   -0.0455
            Y    -0.0053   -0.0389   -0.0170    0.0151   -0.0167   -0.0145
            Z    -0.0002   -0.0016   -0.0012    0.0016    0.0004   -0.0000
 AT.   8 O  X     0.0805   -0.0117   -0.0354    0.0370    0.0340    0.0351
            Y    -0.0627    0.0087    0.0215   -0.0225   -0.0219   -0.0225
            Z    -0.0015    0.0002    0.0009   -0.0007    0.0004    0.0006
 AT.   9 O  X     0.0140   -0.0017   -0.0083    0.0066    0.0082    0.0067
            Y     0.1011   -0.0145   -0.0046    0.0039    0.0063    0.0065
            Z    -0.0015    0.0002    0.0007   -0.0005   -0.0004   -0.0002
 AT.  10 O  X    -0.0945    0.0134   -0.0445    0.0447    0.0455    0.0460
            Y    -0.0384    0.0058   -0.0151    0.0170    0.0145    0.0167
            Z    -0.0015    0.0002   -0.0016    0.0012    0.0000   -0.0004

 MODES IN ANTI-PHASE

 FREQ(CM**-1)     82.30     82.30    130.14    141.47    141.47    180.73

 AT.   1 CA X     0.0345    0.0345    0.0000    0.0481    0.0481    0.0242
            Y    -0.0347   -0.0347    0.0000    0.0319    0.0319   -0.0456
            Z     0.0000    0.0000    0.0382    0.0000    0.0000    0.0000
 AT.   2 MG X    -0.0317   -0.0317    0.0000    0.0297    0.0297    0.0016
            Y     0.0385    0.0385    0.0000   -0.0044   -0.0044    0.0041
            Z     0.0000    0.0000   -0.0392    0.0000    0.0000    0.0000
 AT.   3 C  X     0.0006    0.0472    0.0000    0.0173    0.0120    0.0127
            Y    -0.0566   -0.0072    0.0000   -0.0481    0.0239    0.0440
            Z     0.0000    0.0000   -0.0103    0.0000    0.0000    0.0000
 AT.   4 C  X     0.0472    0.0006    0.0000    0.0120    0.0173    0.0332
            Y    -0.0072   -0.0566    0.0000    0.0239   -0.0481   -0.0068
            Z     0.0000    0.0000    0.0705    0.0000    0.0000    0.0000
 AT.   5 O  X    -0.0000    0.0478    0.0083    0.0153    0.0124    0.0173
            Y    -0.0569   -0.0075    0.0081   -0.0527    0.0225    0.0538
            Z     0.0172    0.0014   -0.0098    0.0478    0.0307   -0.0587
 AT.   6 O  X    -0.0005    0.0490   -0.0112    0.0183    0.0116    0.0141
            Y    -0.0569   -0.0077    0.0031   -0.0495    0.0242    0.0469
            Z    -0.0039   -0.0058   -0.0098    0.0126   -0.0018   -0.0085
 AT.   7 O  X    -0.0002    0.0483    0.0029    0.0195    0.0135    0.0096
            Y    -0.0565   -0.0086   -0.0113   -0.0536    0.0241    0.0532
            Z    -0.0133    0.0045   -0.0098   -0.0605   -0.0289    0.0672
 AT.   8 O  X     0.0478   -0.0000   -0.0076    0.0124    0.0153    0.0366
            Y    -0.0075   -0.0569   -0.0089    0.0225   -0.0527   -0.0029
            Z     0.0014    0.0172    0.0708    0.0307    0.0478   -0.0321
 AT.   9 O  X     0.0490   -0.0005    0.0115    0.0116    0.0183    0.0325
            Y    -0.0077   -0.0569   -0.0022    0.0242   -0.0495   -0.0063
            Z    -0.0058   -0.0039    0.0708   -0.0018    0.0126   -0.0013
 AT.  10 O  X     0.0483   -0.0002   -0.0039    0.0135    0.0195    0.0316
            Y    -0.0086   -0.0565    0.0110    0.0241   -0.0536   -0.0010
            Z     0.0045   -0.0133    0.0708   -0.0289   -0.0605    0.0334

 FREQ(CM**-1)    180.73    195.57    220.23    268.43    268.43    280.10

 AT.   1 CA X     0.0242    0.0000    0.0000   -0.0322   -0.0322    0.0000
            Y    -0.0456    0.0000    0.0000   -0.0147   -0.0147    0.0000
            Z     0.0000    0.0068    0.0349    0.0000    0.0000    0.0584
 AT.   2 MG X     0.0016    0.0000    0.0000   -0.0381   -0.0381    0.0000
            Y     0.0041    0.0000    0.0000   -0.0561   -0.0561    0.0000
            Z     0.0000    0.0001    0.0106    0.0000    0.0000    0.0915
 AT.   3 C  X     0.0332    0.0000    0.0000    0.0031    0.0099    0.0000
            Y    -0.0068    0.0000    0.0000   -0.0072    0.0081    0.0000
            Z     0.0000    0.0089    0.0617    0.0000    0.0000    0.0072
 AT.   4 C  X     0.0127    0.0000    0.0000    0.0099    0.0031    0.0000
            Y     0.0440    0.0000    0.0000    0.0081   -0.0072    0.0000
            Z     0.0000   -0.0117    0.0024    0.0000    0.0000    0.0149
 AT.   5 O  X     0.0366   -0.0047   -0.0338    0.0015    0.0085   -0.0091
            Y    -0.0029   -0.0069   -0.0458   -0.0114    0.0002   -0.0165
            Z    -0.0321    0.0106    0.0631    0.0003    0.0445    0.0096
 AT.   6 O  X     0.0325    0.0083    0.0565   -0.0074    0.0193    0.0189
            Y    -0.0063   -0.0006   -0.0063   -0.0078    0.0064    0.0004
            Z    -0.0013    0.0106    0.0631   -0.0638    0.0442    0.0096
 AT.   7 O  X     0.0316   -0.0037   -0.0228    0.0002    0.0193   -0.0098
            Y    -0.0010    0.0075    0.0521   -0.0019   -0.0061    0.0162
            Z     0.0334    0.0106    0.0631    0.0636   -0.0887    0.0096
 AT.   8 O  X     0.0173    0.0140    0.0100    0.0085    0.0015   -0.0004
            Y     0.0538    0.0186    0.0116    0.0002   -0.0114   -0.0046
            Z    -0.0587   -0.0139    0.0015    0.0445    0.0003    0.0159
 AT.   9 O  X     0.0141   -0.0231   -0.0151    0.0193   -0.0074    0.0042
            Y     0.0469    0.0028    0.0028    0.0064   -0.0078    0.0019
            Z    -0.0085   -0.0139    0.0015    0.0442   -0.0638    0.0159
 AT.  10 O  X     0.0096    0.0091    0.0051    0.0193    0.0002   -0.0038
            Y     0.0532   -0.0214   -0.0145   -0.0061   -0.0019    0.0027
            Z     0.0672   -0.0139    0.0015   -0.0887    0.0636    0.0159

 FREQ(CM**-1)    318.97    318.97    383.31    383.31    402.01    462.23

 AT.   1 CA X    -0.0079   -0.0079    0.0035    0.0035    0.0000    0.0000
            Y    -0.0521   -0.0521    0.0073    0.0073    0.0000    0.0000
            Z     0.0000    0.0000    0.0000    0.0000   -0.0112   -0.0003
 AT.   2 MG X    -0.0018   -0.0018    0.0011    0.0011    0.0000    0.0000
            Y    -0.0006   -0.0006   -0.1127   -0.1127    0.0000    0.0000
            Z     0.0000    0.0000    0.0000    0.0000   -0.0060    0.0015
 AT.   3 C  X    -0.0178    0.0072   -0.0230    0.0168    0.0000    0.0000
            Y     0.0288    0.0299   -0.0045   -0.0185    0.0000    0.0000
            Z     0.0000    0.0000    0.0000    0.0000   -0.0337   -0.0559
 AT.   4 C  X     0.0072   -0.0178    0.0168   -0.0230    0.0000    0.0000
            Y     0.0299    0.0288   -0.0185   -0.0045    0.0000    0.0000
            Z     0.0000    0.0000    0.0000    0.0000    0.0496    0.0568
 AT.   5 O  X    -0.0178    0.0064   -0.0296    0.0291   -0.0124   -0.0170
            Y     0.0298    0.0282   -0.0098   -0.0115   -0.0132   -0.0151
            Z     0.0216    0.0693   -0.0243   -0.0100   -0.0231   -0.0293
 AT.   6 O  X    -0.0089    0.0103   -0.0191    0.0229    0.0176    0.0216
            Y     0.0306    0.0330   -0.0100   -0.0204   -0.0042   -0.0071
            Z     0.0559   -0.0260    0.0439   -0.0358   -0.0231   -0.0293
 AT.   7 O  X    -0.0127    0.0125   -0.0245    0.0183   -0.0052   -0.0046
            Y     0.0225    0.0272   -0.0190   -0.0106    0.0173    0.0223
            Z    -0.0775   -0.0433   -0.0196    0.0458   -0.0231   -0.0293
 AT.   8 O  X     0.0064   -0.0178    0.0291   -0.0296    0.0192    0.0172
            Y     0.0282    0.0298   -0.0115   -0.0098    0.0225    0.0154
            Z     0.0693    0.0216   -0.0100   -0.0243    0.0341    0.0298
 AT.   9 O  X     0.0103   -0.0089    0.0229   -0.0191   -0.0291   -0.0220
            Y     0.0330    0.0306   -0.0204   -0.0100    0.0054    0.0072
            Z    -0.0260    0.0559   -0.0358    0.0439    0.0341    0.0298
 AT.  10 O  X     0.0125   -0.0127    0.0183   -0.0245    0.0099    0.0047
            Y     0.0272    0.0225   -0.0106   -0.0190   -0.0279   -0.0226
            Z    -0.0433   -0.0775    0.0458   -0.0196    0.0341    0.0298

 FREQ(CM**-1)    737.44    737.44    741.36    741.36    899.32    910.47

 AT.   1 CA X     0.0005    0.0005   -0.0000   -0.0000    0.0000    0.0000
            Y    -0.0029   -0.0029   -0.0020   -0.0020    0.0000    0.0000
            Z     0.0000    0.0000    0.0000    0.0000   -0.0054   -0.0047
 AT.   2 MG X    -0.0002   -0.0002    0.0009    0.0009    0.0000    0.0000
            Y     0.0008    0.0008   -0.0098   -0.0098    0.0000    0.0000
            Z     0.0000    0.0000    0.0000    0.0000   -0.0051    0.0139
 AT.   3 C  X     0.0330    0.0320    0.0079    0.0361    0.0000    0.0000
            Y     0.0251   -0.0193   -0.0383    0.0232    0.0000    0.0000
            Z     0.0000    0.0000    0.0000    0.0000    0.0010   -0.1733
 AT.   4 C  X     0.0320    0.0330    0.0361    0.0079    0.0000    0.0000
            Y    -0.0193    0.0251    0.0232   -0.0383    0.0000    0.0000
            Z     0.0000    0.0000    0.0000    0.0000   -0.1756   -0.0017
 AT.   5 O  X    -0.0326    0.0416    0.0626   -0.0329   -0.0003    0.0063
            Y    -0.0726   -0.0390    0.0091   -0.0716    0.0003    0.0048
            Z    -0.0068    0.0002    0.0050   -0.0122   -0.0005    0.0518
 AT.   6 O  X    -0.0530   -0.0708   -0.0353   -0.0522   -0.0001   -0.0073
            Y     0.0481   -0.0165   -0.0478    0.0480   -0.0004    0.0030
            Z     0.0059    0.0068    0.0081    0.0063   -0.0005    0.0518
 AT.   7 O  X     0.0618    0.0049   -0.0356    0.0611    0.0004    0.0010
            Y     0.0054    0.0696    0.0655    0.0048    0.0001   -0.0078
            Z     0.0009   -0.0070   -0.0131    0.0059   -0.0005    0.0518
 AT.   8 O  X     0.0416   -0.0326   -0.0329    0.0626    0.0044   -0.0002
            Y    -0.0390   -0.0726   -0.0716    0.0091    0.0043    0.0003
            Z     0.0002   -0.0068   -0.0122    0.0050    0.0509    0.0002
 AT.   9 O  X    -0.0708   -0.0530   -0.0522   -0.0353   -0.0059   -0.0001
            Y    -0.0165    0.0481    0.0480   -0.0478    0.0017   -0.0003
            Z     0.0068    0.0059    0.0063    0.0081    0.0509    0.0002
 AT.  10 O  X     0.0049    0.0618    0.0611   -0.0356    0.0015    0.0003
            Y     0.0696    0.0054    0.0048    0.0655   -0.0060    0.0000
            Z    -0.0070    0.0009    0.0059   -0.0131    0.0509    0.0002

 FREQ(CM**-1)   1134.67   1135.70   1476.11   1476.11   1498.76   1498.76

 AT.   1 CA X     0.0000    0.0000   -0.0010   -0.0010    0.0001    0.0001
            Y     0.0000    0.0000    0.0015    0.0015    0.0000    0.0000
            Z    -0.0021   -0.0020    0.0000    0.0000    0.0000    0.0000
 AT.   2 MG X     0.0000    0.0000   -0.0013   -0.0013    0.0041    0.0041
            Y     0.0000    0.0000   -0.0023   -0.0023   -0.0023   -0.0023
            Z     0.0016   -0.0088    0.0000    0.0000    0.0000    0.0000
 AT.   3 C  X     0.0000    0.0000   -0.0017   -0.0011   -0.0001   -0.0015
            Y     0.0000    0.0000   -0.1235   -0.1241    0.1235   -0.1241
            Z     0.0002   -0.0002    0.0000    0.0000    0.0000    0.0000
 AT.   4 C  X     0.0000    0.0000   -0.0011   -0.0017   -0.0015   -0.0001
            Y     0.0000    0.0000   -0.1241   -0.1235   -0.1241    0.1235
            Z    -0.0001    0.0016    0.0000    0.0000    0.0000    0.0000
 AT.   5 O  X     0.0797   -0.0001   -0.0214   -0.0203    0.0229   -0.0212
            Y    -0.0620   -0.0002    0.0219    0.0233   -0.0234    0.0245
            Z    -0.0015   -0.0000    0.0010    0.0014    0.0001    0.0003
 AT.   6 O  X     0.0139    0.0002    0.0049    0.0058   -0.0060    0.0070
            Y     0.1000    0.0000    0.0522    0.0505   -0.0518    0.0502
            Z    -0.0015   -0.0000   -0.0011   -0.0015   -0.0005    0.0002
 AT.   7 O  X    -0.0936   -0.0001    0.0181    0.0163   -0.0162    0.0152
            Y    -0.0380    0.0002    0.0142    0.0143   -0.0125    0.0130
            Z    -0.0015   -0.0000    0.0001    0.0001    0.0004   -0.0004
 AT.   8 O  X    -0.0001    0.0799   -0.0203   -0.0214   -0.0212    0.0229
            Y    -0.0002   -0.0615    0.0233    0.0219    0.0245   -0.0234
            Z    -0.0000   -0.0016    0.0014    0.0010    0.0003    0.0001
 AT.   9 O  X     0.0002    0.0133    0.0058    0.0049    0.0070   -0.0060
            Y    -0.0000    0.0999    0.0505    0.0522    0.0502   -0.0518
            Z    -0.0000   -0.0016   -0.0015   -0.0011    0.0002   -0.0005
 AT.  10 O  X    -0.0001   -0.0932    0.0163    0.0181    0.0152   -0.0162
            Y     0.0002   -0.0385    0.0143    0.0142    0.0130   -0.0125
            Z    -0.0000   -0.0016    0.0001    0.0001   -0.0004    0.0004


  DISPERSION K POINT NUMBER    15 COORD:  C(  1  1  2 )    WEIGHT:    1.

    MODES         EIGV          FREQUENCIES     IRREP
             (HARTREE**2)   (CM**-1)     (THZ)
    1-   1    0.1633E-06     88.6910    2.6589  (  1)
    2-   2    0.3259E-06    125.2924    3.7562  (  1)
    3-   3    0.3368E-06    127.3649    3.8183  (  1)
    4-   4    0.4449E-06    146.3851    4.3885  (  1)
    5-   5    0.5589E-06    164.0796    4.9190  (  1)
    6-   6    0.7917E-06    195.2881    5.8546  (  1)
    7-   7    0.8056E-06    196.9899    5.9056  (  1)
    8-   8    0.9073E-06    209.0496    6.2671  (  1)
    9-   9    0.1151E-05    235.4588    7.0589  (  1)
   10-  10    0.1380E-05    257.8101    7.7290  (  1)
   11-  11    0.1645E-05    281.5224    8.4398  (  1)
   12-  12    0.1993E-05    309.8368    9.2887  (  1)
   13-  13    0.2124E-05    319.8627    9.5892  (  1)
   14-  14    0.2419E-05    341.3731   10.2341  (  1)
   15-  15    0.2646E-05    357.0088   10.7029  (  1)
   16-  16    0.3012E-05    380.9231   11.4198  (  1)
   17-  17    0.3187E-05    391.8107   11.7462  (  1)
   18-  18    0.3574E-05    414.9020   12.4384  (  1)
   19-  19    0.1097E-04    726.8394   21.7901  (  1)
   20-  20    0.1109E-04    730.9321   21.9128  (  1)
   21-  21    0.1130E-04    737.6530   22.1143  (  1)
   22-  22    0.1145E-04    742.6807   22.2650  (  1)
   23-  23    0.1655E-04    892.8407   26.7667  (  1)
   24-  24    0.1656E-04    893.0690   26.7735  (  1)
   25-  25    0.2663E-04   1132.6753   33.9567  (  1)
   26-  26    0.2669E-04   1133.9526   33.9950  (  1)
   27-  27    0.4556E-04   1481.3679   44.4103  (  1)
   28-  28    0.4818E-04   1523.3354   45.6684  (  1)
   29-  29    0.4847E-04   1527.9329   45.8063  (  1)
   30-  30    0.5154E-04   1575.6198   47.2359  (  1)

 MODES IN PHASE

 FREQ(CM**-1)     88.69    125.29    127.36    146.39    164.08    195.29

 AT.   1 CA X     0.0790    0.0086    0.0430   -0.0326   -0.0343   -0.0318
            Y     0.0400    0.0480    0.0016    0.0669    0.0573    0.0206
            Z     0.0208    0.0606   -0.0667   -0.0451    0.0022    0.0074
 AT.   2 MG X    -0.0241    0.0021    0.0004    0.0059    0.0006   -0.0070
            Y     0.0016   -0.0283    0.0006    0.0202    0.0023    0.0036
            Z    -0.0171   -0.0335   -0.0006   -0.0153   -0.0047    0.0121
 AT.   3 C  X     0.0532   -0.0190   -0.0032    0.0036   -0.0188    0.0128
            Y    -0.0208    0.0447   -0.0237   -0.0035   -0.0089   -0.0119
            Z     0.0104    0.0425   -0.0171    0.0250   -0.0292    0.0342
 AT.   4 C  X    -0.0333    0.0069    0.0030    0.0131    0.0265   -0.0218
            Y     0.0139   -0.0149    0.0245    0.0398    0.0081   -0.0097
            Z    -0.0123   -0.0131    0.0178   -0.0510    0.0317    0.0111
 AT.   5 O  X     0.0761   -0.0144    0.0078   -0.0065    0.0172   -0.0044
            Y     0.0099    0.0487   -0.0067   -0.0185    0.0339   -0.0382
            Z     0.0218    0.0565   -0.0092   -0.0006   -0.0388    0.0191
 AT.   6 O  X     0.0133   -0.0268   -0.0157    0.0322   -0.0709    0.0534
            Y    -0.0161    0.0453   -0.0202   -0.0037   -0.0018   -0.0162
            Z     0.0069    0.0003   -0.0686    0.0568   -0.0352    0.0785
 AT.   7 O  X    -0.0365    0.0025   -0.0224    0.0134   -0.0132   -0.0270
            Y     0.0267   -0.0064    0.0670    0.0277    0.0138   -0.0001
            Z    -0.0114   -0.0119    0.0257   -0.0448   -0.0208   -0.0089
 AT.   8 O  X     0.0758   -0.0135   -0.0279   -0.0097   -0.0103   -0.0053
            Y     0.0099    0.0491   -0.0205   -0.0270    0.0093   -0.0393
            Z     0.0223    0.0560    0.0255    0.0105   -0.0153    0.0210
 AT.   9 O  X     0.0128   -0.0281    0.0217    0.0311   -0.0324    0.0537
            Y    -0.0160    0.0449    0.0014   -0.0115   -0.0002   -0.0166
            Z     0.0065    0.0011   -0.0545    0.0635    0.0140    0.0790
 AT.  10 O  X    -0.0385    0.0003   -0.0021    0.0146    0.0006   -0.0267
            Y     0.0285   -0.0011    0.0319    0.0322    0.0658   -0.0006
            Z    -0.0105   -0.0037   -0.0201   -0.0446    0.0461   -0.0090

 FREQ(CM**-1)    196.99    209.05    235.46    257.81    281.52    309.84

 AT.   1 CA X     0.0010   -0.0039    0.0267    0.0675   -0.0007   -0.0243
            Y     0.0015   -0.0003   -0.0059    0.0145   -0.0006    0.0025
            Z    -0.0025   -0.0031    0.0358   -0.0242    0.0006   -0.0561
 AT.   2 MG X    -0.0150   -0.0198    0.0212    0.0333    0.0529    0.0123
            Y     0.0166    0.0036   -0.0084   -0.0224    0.0467   -0.0484
            Z     0.0211   -0.0153    0.0011    0.0220   -0.0593   -0.0289
 AT.   3 C  X    -0.0295   -0.0611   -0.0305   -0.0014    0.0283   -0.0009
            Y     0.0415    0.0040   -0.0346    0.0414    0.0001   -0.0207
            Z     0.0230   -0.0199    0.0063   -0.0177   -0.0145    0.0063
 AT.   4 C  X     0.0063   -0.0412    0.0052   -0.0079    0.0304   -0.0187
            Y     0.0158    0.0116    0.0340   -0.0151    0.0161   -0.0425
            Z     0.0057   -0.0185   -0.0169    0.0027   -0.0270   -0.0073
 AT.   5 O  X    -0.0351   -0.0521   -0.0409    0.0032    0.0093    0.0037
            Y     0.0374    0.0226   -0.0503    0.0468   -0.0331   -0.0180
            Z    -0.0455    0.0332    0.0764   -0.0543    0.0373    0.0054
 AT.   6 O  X    -0.0166   -0.0969   -0.0130    0.0217    0.0517    0.0073
            Y     0.0411    0.0104   -0.0356    0.0413   -0.0044   -0.0243
            Z     0.0171   -0.0751    0.0054    0.0522   -0.0914    0.0017
 AT.   7 O  X     0.0052    0.0184   -0.0070   -0.0115   -0.0296   -0.0351
            Y    -0.0310    0.0051    0.0264   -0.0088   -0.0067    0.0015
            Z    -0.0454   -0.0134    0.0107    0.0137    0.0198    0.0543
 AT.   8 O  X     0.0329    0.0526   -0.0486    0.0028   -0.0083    0.0293
            Y    -0.0368   -0.0171   -0.0455    0.0468    0.0339    0.0334
            Z     0.0482   -0.0400    0.0770   -0.0543   -0.0382    0.0827
 AT.   9 O  X     0.0150    0.0922   -0.0186    0.0217   -0.0511    0.0069
            Y    -0.0408   -0.0071   -0.0295    0.0414    0.0050    0.0258
            Z    -0.0198    0.0697   -0.0075    0.0521    0.0914    0.0085
 AT.  10 O  X    -0.0005   -0.0303    0.0066   -0.0113    0.0297   -0.0284
            Y     0.0248   -0.0091    0.0317   -0.0098    0.0078   -0.0178
            Z     0.0357    0.0052    0.0339    0.0147   -0.0181    0.0537

 FREQ(CM**-1)    319.86    341.37    357.01    380.92    391.81    414.90

 AT.   1 CA X    -0.0256   -0.0341   -0.0012    0.0059   -0.0040   -0.0026
            Y     0.0247   -0.0574   -0.0194   -0.0024    0.0056    0.0119
            Z    -0.0097   -0.0005   -0.0225   -0.0120   -0.0024    0.0108
 AT.   2 MG X     0.0247   -0.0035    0.0610   -0.0778   -0.0456    0.1119
            Y    -0.0209   -0.0332   -0.0273    0.1055   -0.0897    0.0737
            Z    -0.0014    0.0045    0.0095    0.0578    0.1134    0.0939
 AT.   3 C  X     0.0259    0.0132    0.0043    0.0021    0.0256   -0.0036
            Y     0.0339    0.0324    0.0070    0.0150   -0.0069   -0.0144
            Z     0.0132   -0.0031    0.0581    0.0068   -0.0171   -0.0070
 AT.   4 C  X     0.0165   -0.0073    0.0066    0.0006    0.0255   -0.0016
            Y     0.0299    0.0254    0.0094    0.0187   -0.0070   -0.0138
            Z     0.0331   -0.0244    0.0555    0.0088   -0.0171   -0.0050
 AT.   5 O  X     0.0324    0.0136    0.0404   -0.0006    0.0229    0.0031
            Y     0.0359    0.0285    0.0475    0.0142   -0.0101   -0.0102
            Z     0.0653    0.0328    0.0507    0.0366    0.0158   -0.0103
 AT.   6 O  X     0.0095    0.0148   -0.0435   -0.0144    0.0285   -0.0069
            Y     0.0326    0.0285    0.0119    0.0187   -0.0046   -0.0100
            Z    -0.0169    0.0104    0.0357   -0.0089   -0.0880   -0.0105
 AT.   7 O  X    -0.0219   -0.0340   -0.0083    0.0047   -0.0065   -0.0192
            Y    -0.0381    0.0221    0.0597   -0.0196   -0.0026    0.0097
            Z     0.0558   -0.0438   -0.0283    0.0460   -0.0237   -0.0503
 AT.   8 O  X    -0.0135    0.0398   -0.0131   -0.0121   -0.0081    0.0291
            Y    -0.0421    0.0242   -0.0110    0.0177    0.0026    0.0170
            Z    -0.0032    0.0391   -0.0326    0.0241   -0.0106    0.0343
 AT.   9 O  X     0.0627   -0.0212   -0.0128   -0.0209   -0.0175    0.0095
            Y    -0.0056    0.0039   -0.0197    0.0203   -0.0069    0.0167
            Z    -0.0579   -0.0284    0.0344    0.0256    0.0570   -0.0235
 AT.  10 O  X     0.0319   -0.0141    0.0255    0.0019    0.0189   -0.0009
            Y    -0.0090    0.0482   -0.0349    0.0150    0.0339   -0.0217
            Z     0.0046   -0.0961    0.0434   -0.0135    0.0309    0.0193

 FREQ(CM**-1)    726.84    730.93    737.65    742.68    892.84    893.07

 AT.   1 CA X     0.0000    0.0071    0.0025    0.0010   -0.0017    0.0023
            Y     0.0000    0.0005   -0.0051    0.0010   -0.0007    0.0022
            Z    -0.0000   -0.0030    0.0052   -0.0012    0.0034    0.0019
 AT.   2 MG X    -0.0006    0.0060   -0.0058   -0.0123   -0.0008    0.0005
            Y     0.0036   -0.0075    0.0041   -0.0110    0.0031    0.0010
            Z     0.0005    0.0010    0.0061    0.0145   -0.0028    0.0046
 AT.   3 C  X    -0.0425    0.0392   -0.0235   -0.0312    0.0053   -0.0007
            Y    -0.0305    0.0357    0.0195    0.0448    0.0035   -0.0041
            Z     0.0031    0.0047    0.0021    0.0015    0.1783   -0.0287
 AT.   4 C  X    -0.0197   -0.0124    0.0154   -0.0310    0.0000   -0.0049
            Y    -0.0141   -0.0249   -0.0232    0.0447   -0.0039   -0.0028
            Z     0.0012   -0.0016    0.0031    0.0018    0.0289    0.1782
 AT.   5 O  X     0.0464   -0.0535   -0.0402   -0.0811   -0.0009    0.0004
            Y     0.0989   -0.0954    0.0266    0.0162   -0.0020   -0.0005
            Z     0.0147   -0.0153   -0.0001   -0.0048   -0.0494    0.0081
 AT.   6 O  X     0.0701   -0.0585    0.0559    0.0789    0.0047   -0.0016
            Y    -0.0669    0.0690    0.0200    0.0546   -0.0049    0.0026
            Z    -0.0095    0.0066   -0.0052   -0.0111   -0.0492    0.0055
 AT.   7 O  X     0.0403   -0.0441   -0.0059   -0.0210    0.0033    0.0010
            Y     0.0088    0.0207    0.1056    0.0489   -0.0032    0.0030
            Z    -0.0002   -0.0065   -0.0121   -0.0067    0.0235   -0.0465
 AT.   8 O  X    -0.0464   -0.0535   -0.0683    0.0426   -0.0008    0.0028
            Y    -0.0989   -0.0954    0.0435   -0.0147   -0.0010    0.0015
            Z    -0.0147   -0.0153    0.0028   -0.0006   -0.0385    0.0246
 AT.   9 O  X    -0.0701   -0.0585    0.0954   -0.0493    0.0046   -0.0041
            Y     0.0669    0.0690    0.0363   -0.0247   -0.0047    0.0022
            Z     0.0095    0.0066   -0.0139    0.0096   -0.0380    0.0225
 AT.  10 O  X    -0.0404   -0.0441   -0.0045    0.0315   -0.0004    0.0015
            Y    -0.0088    0.0207    0.0482   -0.1042    0.0022    0.0031
            Z     0.0002   -0.0065   -0.0062    0.0151   -0.0083   -0.0491

 FREQ(CM**-1)   1132.68   1133.95   1481.37   1523.34   1527.93   1575.62

 AT.   1 CA X    -0.0006   -0.0001   -0.0000    0.0039   -0.0000   -0.0018
            Y    -0.0029   -0.0004    0.0001   -0.0002   -0.0005   -0.0026
            Z     0.0005   -0.0005   -0.0001    0.0002    0.0009    0.0030
 AT.   2 MG X     0.0007   -0.0067    0.0008   -0.0055    0.0013   -0.0014
            Y     0.0007   -0.0069    0.0006    0.0032   -0.0050   -0.0020
            Z    -0.0037   -0.0044   -0.0014    0.0050    0.0042    0.0011
 AT.   3 C  X     0.0003   -0.0010    0.1561   -0.0754    0.0017    0.0088
            Y     0.0000   -0.0027   -0.0719    0.1293   -0.0100   -0.0180
            Z     0.0007   -0.0007    0.0013    0.0001    0.0018    0.0017
 AT.   4 C  X    -0.0007   -0.0033    0.0532    0.0221    0.1442    0.0629
            Y     0.0006   -0.0012   -0.0562    0.0310    0.0954    0.1595
            Z    -0.0010   -0.0003   -0.0002    0.0025   -0.0052    0.0033
 AT.   5 O  X     0.0151    0.0403   -0.0589    0.0415   -0.0036   -0.0065
            Y    -0.0124   -0.0315    0.0412   -0.0374    0.0020    0.0046
            Z    -0.0006   -0.0000   -0.0008   -0.0013   -0.0007   -0.0010
 AT.   6 O  X     0.0009    0.0057   -0.0058   -0.0001    0.0009    0.0025
            Y     0.0189    0.0519    0.0235   -0.0533    0.0060    0.0095
            Z     0.0000   -0.0006    0.0000   -0.0001   -0.0029   -0.0021
 AT.   7 O  X     0.0897    0.0933    0.0170   -0.0240    0.0575   -0.0383
            Y     0.0366    0.0378    0.0028   -0.0007    0.0282   -0.0223
            Z     0.0009    0.0020    0.0013   -0.0024   -0.0028   -0.0029
 AT.   8 O  X     0.0407   -0.0142    0.0589    0.0443    0.0154   -0.0084
            Y    -0.0315    0.0121   -0.0415   -0.0381   -0.0040    0.0123
            Z    -0.0012   -0.0002    0.0006    0.0014   -0.0010    0.0004
 AT.   9 O  X     0.0047   -0.0017    0.0055    0.0019    0.0067    0.0071
            Y     0.0507   -0.0203   -0.0251   -0.0382    0.0167    0.0324
            Z    -0.0005    0.0002    0.0000    0.0015    0.0011   -0.0017
 AT.  10 O  X     0.0949   -0.0881   -0.0106   -0.0125   -0.0672   -0.0444
            Y     0.0386   -0.0356   -0.0010   -0.0074   -0.0323   -0.0260
            Z     0.0008   -0.0017   -0.0012    0.0006    0.0032   -0.0034

 MODES IN ANTI-PHASE

 FREQ(CM**-1)     88.69    125.29    127.36    146.39    164.08    195.29

 AT.   1 CA X     0.0015   -0.0005    0.0236    0.0033   -0.0349   -0.0003
            Y     0.0008   -0.0029    0.0009   -0.0068    0.0583    0.0002
            Z     0.0004   -0.0037   -0.0367    0.0046    0.0023    0.0001
 AT.   2 MG X    -0.0437    0.0031    0.0212    0.0082   -0.0023   -0.0124
            Y     0.0030   -0.0429    0.0308    0.0281   -0.0082    0.0064
            Z    -0.0310   -0.0508   -0.0307   -0.0212    0.0168    0.0215
 AT.   3 C  X    -0.0059   -0.0006   -0.0062    0.0150   -0.0201   -0.0177
            Y     0.0034    0.0029    0.0209    0.0408   -0.0009   -0.0185
            Z    -0.0079    0.0039    0.0168   -0.0454   -0.0128    0.0337
 AT.   4 C  X     0.0419   -0.0177   -0.0063    0.0081   -0.0076    0.0018
            Y    -0.0158    0.0422    0.0199    0.0096    0.0038   -0.0198
            Z     0.0046    0.0406    0.0161    0.0093    0.0040    0.0467
 AT.   5 O  X    -0.0064   -0.0070   -0.0380    0.0165   -0.0100   -0.0443
            Y     0.0020   -0.0059   -0.0200    0.0440    0.0099   -0.0515
            Z     0.0124    0.0003    0.0361   -0.0558   -0.0159    0.0891
 AT.   6 O  X    -0.0130    0.0120    0.0356    0.0024   -0.0336    0.0115
            Y     0.0028    0.0009    0.0145    0.0393   -0.0002   -0.0211
            Z    -0.0108   -0.0065   -0.0210   -0.0394    0.0134    0.0233
 AT.   7 O  X    -0.0563    0.0175    0.0117   -0.0072    0.0004    0.0140
            Y     0.0481   -0.0435   -0.0048   -0.0256    0.0661   -0.0217
            Z     0.0222   -0.0677   -0.0402    0.0036    0.0458   -0.0043
 AT.   8 O  X     0.0092    0.0087    0.0269   -0.0148    0.0170    0.0442
            Y    -0.0017    0.0000    0.0050   -0.0394    0.0341    0.0507
            Z    -0.0116   -0.0071   -0.0271    0.0548   -0.0391   -0.0887
 AT.   9 O  X     0.0134   -0.0086   -0.0323   -0.0088   -0.0714   -0.0104
            Y    -0.0034   -0.0063   -0.0249   -0.0378   -0.0018    0.0207
            Z     0.0110    0.0064   -0.0467    0.0272   -0.0350   -0.0216
 AT.  10 O  X     0.0549   -0.0177   -0.0251    0.0043   -0.0132   -0.0145
            Y    -0.0471    0.0440    0.0591    0.0196    0.0149    0.0217
            Z    -0.0226    0.0686    0.0432    0.0054   -0.0200    0.0041

 FREQ(CM**-1)    196.99    209.05    235.46    257.81    281.52    309.84

 AT.   1 CA X     0.0184    0.0305    0.0045    0.0007    0.0327    0.0153
            Y     0.0273    0.0027   -0.0010    0.0001    0.0245   -0.0016
            Z    -0.0456    0.0248    0.0060   -0.0002   -0.0264    0.0352
 AT.   2 MG X     0.0098    0.0083    0.0571    0.0590   -0.0289    0.0065
            Y    -0.0108   -0.0015   -0.0227   -0.0397   -0.0256   -0.0256
            Z    -0.0138    0.0064    0.0030    0.0390    0.0325   -0.0153
 AT.   3 C  X    -0.0197   -0.0023   -0.0274   -0.0101   -0.0180   -0.0221
            Y     0.0009   -0.0124    0.0120    0.0074   -0.0190   -0.0373
            Z     0.0038    0.0064   -0.0184   -0.0075    0.0228   -0.0132
 AT.   4 C  X     0.0349    0.0452   -0.0407   -0.0064   -0.0141    0.0117
            Y    -0.0383    0.0058   -0.0136    0.0393    0.0102    0.0039
            Z    -0.0227    0.0097   -0.0098   -0.0191   -0.0001    0.0126
 AT.   5 O  X    -0.0178   -0.0087   -0.0304   -0.0189   -0.0217   -0.0308
            Y     0.0028   -0.0190    0.0063   -0.0019   -0.0185   -0.0458
            Z     0.0268    0.0312    0.0147   -0.0006    0.0205   -0.0891
 AT.   6 O  X    -0.0131    0.0063   -0.0195   -0.0025   -0.0131   -0.0042
            Y     0.0001   -0.0117    0.0125    0.0046   -0.0138   -0.0403
            Z    -0.0255    0.0124   -0.0384   -0.0027   -0.0031   -0.0086
 AT.   7 O  X     0.0419    0.0499    0.0401    0.0105   -0.0020    0.0146
            Y    -0.0537    0.0165    0.0208   -0.0521   -0.0222    0.0205
            Z    -0.0845    0.0311    0.0727    0.0520   -0.0363   -0.0334
 AT.   8 O  X    -0.0216    0.0046    0.0154    0.0190   -0.0221    0.0100
            Y     0.0069   -0.0241   -0.0224    0.0028   -0.0170    0.0361
            Z     0.0215    0.0219    0.0112   -0.0004    0.0188    0.0338
 AT.   9 O  X    -0.0149    0.0303    0.0141    0.0029   -0.0154   -0.0048
            Y     0.0047   -0.0140   -0.0235   -0.0038   -0.0136    0.0394
            Z    -0.0234    0.0308    0.0381    0.0037    0.0011    0.0022
 AT.  10 O  X     0.0422    0.0437   -0.0402   -0.0107   -0.0006    0.0253
            Y    -0.0568    0.0147   -0.0110    0.0519   -0.0219   -0.0103
            Z    -0.0890    0.0334   -0.0651   -0.0518   -0.0372   -0.0345

 FREQ(CM**-1)    319.86    341.37    357.01    380.92    391.81    414.90

 AT.   1 CA X     0.0271    0.0200    0.0018   -0.0121    0.0069    0.0050
            Y    -0.0262    0.0336    0.0296    0.0048   -0.0097   -0.0227
            Z     0.0103    0.0003    0.0344    0.0244    0.0041   -0.0206
 AT.   2 MG X     0.0059   -0.0020    0.0034    0.0051    0.0001   -0.0045
            Y    -0.0049   -0.0189   -0.0015   -0.0070    0.0002   -0.0029
            Z    -0.0003    0.0026    0.0005   -0.0038   -0.0003   -0.0038
 AT.   3 C  X    -0.0149   -0.0164    0.0205    0.0117    0.0066   -0.0243
            Y    -0.0009    0.0104    0.0218   -0.0286    0.0150   -0.0068
            Z     0.0475   -0.0265   -0.0201   -0.0158   -0.0140   -0.0247
 AT.   4 C  X     0.0249    0.0198   -0.0199   -0.0119   -0.0067    0.0245
            Y     0.0160    0.0226   -0.0208    0.0264   -0.0150    0.0079
            Z    -0.0365    0.0109    0.0265    0.0147    0.0141    0.0252
 AT.   5 O  X     0.0116   -0.0380   -0.0034    0.0157   -0.0040   -0.0374
            Y     0.0401   -0.0117   -0.0088   -0.0332    0.0028   -0.0136
            Z    -0.0007   -0.0264    0.0135   -0.0585    0.0030   -0.0346
 AT.   6 O  X    -0.0634    0.0327    0.0329    0.0375    0.0037   -0.0067
            Y     0.0037    0.0115    0.0163   -0.0400    0.0107   -0.0133
            Z     0.0590    0.0384   -0.0531   -0.0255   -0.0146    0.0358
 AT.   7 O  X    -0.0306   -0.0030   -0.0242   -0.0060   -0.0181    0.0143
            Y     0.0113   -0.0428    0.0120   -0.0038   -0.0377    0.0197
            Z    -0.0079    0.0856   -0.0351   -0.0184   -0.0219    0.0113
 AT.   8 O  X    -0.0317    0.0068   -0.0384    0.0100   -0.0218   -0.0238
            Y    -0.0334   -0.0191   -0.0470   -0.0315    0.0101    0.0007
            Z    -0.0652   -0.0157   -0.0411   -0.0647   -0.0122   -0.0111
 AT.   9 O  X    -0.0132   -0.0289    0.0530    0.0343   -0.0227    0.0019
            Y    -0.0324   -0.0305   -0.0044   -0.0392    0.0094    0.0007
            Z     0.0204   -0.0279   -0.0539   -0.0084    0.0686    0.0289
 AT.  10 O  X     0.0200    0.0311   -0.0021   -0.0074   -0.0035    0.0240
            Y     0.0387    0.0017   -0.0499    0.0132   -0.0168    0.0032
            Z    -0.0562   -0.0037    0.0119   -0.0477    0.0094    0.0479

 FREQ(CM**-1)    726.84    730.93    737.65    742.68    892.84    893.07

 AT.   1 CA X    -0.0024    0.0000   -0.0014   -0.0019    0.0006   -0.0004
            Y    -0.0029    0.0000    0.0029   -0.0017    0.0002   -0.0004
            Z     0.0019   -0.0000   -0.0029    0.0022   -0.0012   -0.0004
 AT.   2 MG X     0.0003    0.0104   -0.0035    0.0002   -0.0007    0.0006
            Y    -0.0021   -0.0129    0.0025    0.0002    0.0027    0.0012
            Z    -0.0003    0.0018    0.0036   -0.0003   -0.0024    0.0054
 AT.   3 C  X    -0.0019    0.0083    0.0301   -0.0052   -0.0008   -0.0051
            Y    -0.0014   -0.0081   -0.0367    0.0004   -0.0045   -0.0035
            Z     0.0004    0.0009    0.0024   -0.0086    0.0003    0.1758
 AT.   4 C  X     0.0377    0.0381   -0.0349    0.0063    0.0054   -0.0015
            Y     0.0271    0.0269    0.0345   -0.0020    0.0042   -0.0046
            Z    -0.0029    0.0045    0.0007    0.0086    0.1759   -0.0001
 AT.   5 O  X     0.0068    0.0132    0.0554    0.0005    0.0001   -0.0067
            Y     0.0012   -0.0100   -0.0347    0.0072   -0.0009   -0.0056
            Z     0.0022    0.0013   -0.0034    0.0037    0.0004   -0.0481
 AT.   6 O  X    -0.0068   -0.0150   -0.0776    0.0088   -0.0016    0.0072
            Y    -0.0058   -0.0076   -0.0303   -0.0050    0.0015    0.0006
            Z    -0.0005    0.0013    0.0131   -0.0043   -0.0001   -0.0487
 AT.   7 O  X     0.0754   -0.0724    0.0016   -0.0240    0.0047   -0.0017
            Y    -0.0012   -0.0031    0.0088    0.0924   -0.0073   -0.0008
            Z     0.0042   -0.0059   -0.0002   -0.0136    0.0420    0.0157
 AT.   8 O  X     0.0067   -0.0132    0.0049    0.0690    0.0005    0.0061
            Y     0.0010    0.0100   -0.0043   -0.0100    0.0019    0.0054
            Z     0.0022   -0.0013    0.0019    0.0060    0.0309    0.0421
 AT.   9 O  X    -0.0070    0.0150   -0.0065   -0.0623   -0.0017   -0.0062
            Y    -0.0056    0.0076   -0.0010   -0.0489    0.0020   -0.0015
            Z    -0.0005   -0.0013   -0.0025    0.0072    0.0312    0.0436
 AT.  10 O  X     0.0753    0.0724    0.0042    0.0051   -0.0057    0.0012
            Y    -0.0012    0.0031   -0.0943    0.0075    0.0077   -0.0004
            Z     0.0042    0.0059    0.0104   -0.0016   -0.0474    0.0018

 FREQ(CM**-1)   1132.68   1133.95   1481.37   1523.34   1527.93   1575.62

 AT.   1 CA X     0.0001    0.0006   -0.0004   -0.0024   -0.0001    0.0003
            Y     0.0005    0.0025    0.0013    0.0001   -0.0021    0.0004
            Z    -0.0001    0.0030   -0.0013   -0.0001    0.0036   -0.0005
 AT.   2 MG X     0.0008    0.0025   -0.0005   -0.0030   -0.0012   -0.0017
            Y     0.0009    0.0026   -0.0004    0.0017    0.0049   -0.0024
            Z    -0.0044    0.0016    0.0010    0.0027   -0.0041    0.0014
 AT.   3 C  X    -0.0006    0.0038    0.0053    0.0761   -0.1442    0.0656
            Y     0.0006   -0.0014    0.0317   -0.0480   -0.0955    0.1589
            Z    -0.0009   -0.0004    0.0007    0.0029    0.0052    0.0036
 AT.   4 C  X     0.0002   -0.0022   -0.1468   -0.1048    0.0009    0.0206
            Y     0.0001    0.0028    0.0549    0.1344    0.0117    0.0113
            Z     0.0005    0.0008   -0.0015   -0.0015   -0.0019    0.0023
 AT.   5 O  X    -0.0800   -0.0720    0.0041   -0.0287    0.0253    0.0068
            Y     0.0599    0.0534   -0.0056    0.0238   -0.0046   -0.0240
            Z     0.0019    0.0007   -0.0014   -0.0022   -0.0035   -0.0041
 AT.   6 O  X    -0.0115   -0.0112   -0.0016   -0.0021    0.0155   -0.0141
            Y    -0.0992   -0.0865   -0.0133    0.0160    0.0453   -0.0702
            Z     0.0015    0.0009    0.0004   -0.0017   -0.0031   -0.0008
 AT.   7 O  X    -0.0312    0.0002    0.0434    0.0020   -0.0350    0.0248
            Y    -0.0125   -0.0001    0.0128    0.0079   -0.0159    0.0147
            Z     0.0002   -0.0006    0.0002   -0.0019    0.0016    0.0021
 AT.   8 O  X     0.0705   -0.0813   -0.0043   -0.0242    0.0204   -0.0042
            Y    -0.0524    0.0608    0.0003    0.0228   -0.0031    0.0211
            Z    -0.0016    0.0007   -0.0015    0.0021   -0.0034    0.0042
 AT.   9 O  X     0.0106   -0.0124   -0.0024    0.0010    0.0140    0.0124
            Y     0.0874   -0.0988   -0.0098    0.0405    0.0425    0.0630
            Z    -0.0014    0.0010    0.0004    0.0009   -0.0041    0.0015
 AT.  10 O  X    -0.0003   -0.0307    0.0454    0.0206   -0.0028   -0.0106
            Y    -0.0004   -0.0126    0.0131   -0.0029   -0.0002   -0.0064
            Z    -0.0005   -0.0012    0.0003    0.0030    0.0001   -0.0010


  DISPERSION K POINT NUMBER    16 COORD:  C(  1  2  0 )    WEIGHT:    1.

    MODES         EIGV          FREQUENCIES     IRREP
             (HARTREE**2)   (CM**-1)     (THZ)
    1-   1    0.2471E-06    109.1015    3.2708  (  1)
    2-   2    0.3761E-06    134.5929    4.0350  (  1)
    3-   3    0.4602E-06    148.8917    4.4637  (  1)
    4-   4    0.4967E-06    154.6859    4.6374  (  1)
    5-   5    0.5328E-06    160.2087    4.8029  (  1)
    6-   6    0.7033E-06    184.0545    5.5178  (  1)
    7-   7    0.9694E-06    216.0869    6.4781  (  1)
    8-   8    0.1188E-05    239.1835    7.1705  (  1)
    9-   9    0.1201E-05    240.5610    7.2118  (  1)
   10-  10    0.1397E-05    259.4025    7.7767  (  1)
   11-  11    0.1812E-05    295.4218    8.8565  (  1)
   12-  12    0.1898E-05    302.3323    9.0637  (  1)
   13-  13    0.2158E-05    322.4106    9.6656  (  1)
   14-  14    0.2260E-05    329.9349    9.8912  (  1)
   15-  15    0.2533E-05    349.2746   10.4710  (  1)
   16-  16    0.2983E-05    379.0704   11.3642  (  1)
   17-  17    0.3110E-05    387.0477   11.6034  (  1)
   18-  18    0.3154E-05    389.7960   11.6858  (  1)
   19-  19    0.1095E-04    726.2550   21.7726  (  1)
   20-  20    0.1115E-04    732.7818   21.9682  (  1)
   21-  21    0.1117E-04    733.3612   21.9856  (  1)
   22-  22    0.1120E-04    734.5993   22.0227  (  1)
   23-  23    0.1646E-04    890.4671   26.6955  (  1)
   24-  24    0.1646E-04    890.4847   26.6961  (  1)
   25-  25    0.2663E-04   1132.5140   33.9519  (  1)
   26-  26    0.2663E-04   1132.5319   33.9525  (  1)
   27-  27    0.4705E-04   1505.3916   45.1305  (  1)
   28-  28    0.4770E-04   1515.8639   45.4445  (  1)
   29-  29    0.5027E-04   1556.0804   46.6501  (  1)
   30-  30    0.5286E-04   1595.6460   47.8363  (  1)

 MODES IN PHASE

 FREQ(CM**-1)    109.10    134.59    148.89    154.69    160.21    184.05

 AT.   1 CA X    -0.0073   -0.0287    0.0051   -0.0738   -0.0321   -0.0100
            Y    -0.0008    0.0381    0.0828   -0.0522    0.0070    0.0143
            Z    -0.0018   -0.0151    0.0612    0.0659   -0.0579    0.0118
 AT.   2 MG X    -0.0003    0.0181    0.0352   -0.0049    0.0161    0.0078
            Y    -0.0024   -0.0130    0.0252   -0.0337   -0.0156    0.0034
            Z    -0.0066   -0.0021   -0.0226   -0.0169   -0.0015    0.0229
 AT.   3 C  X    -0.0147   -0.0048    0.0235   -0.0013   -0.0133   -0.0207
            Y    -0.0066   -0.0102   -0.0233   -0.0204   -0.0004    0.0297
            Z     0.0394    0.0078   -0.0159   -0.0295   -0.0347    0.0403
 AT.   4 C  X    -0.0142    0.0051   -0.0029   -0.0017    0.0034    0.0189
            Y     0.0019    0.0227    0.0243   -0.0297    0.0107   -0.0031
            Z     0.0144   -0.0266   -0.0082    0.0325   -0.0098    0.0128
 AT.   5 O  X    -0.0386    0.0056    0.0473   -0.0127   -0.0049   -0.0309
            Y    -0.0406    0.0016    0.0121   -0.0339    0.0118    0.0115
            Z     0.0644   -0.0245   -0.0102    0.0068   -0.0497    0.0506
 AT.   6 O  X    -0.0462   -0.0487   -0.0221   -0.0080   -0.0425    0.0148
            Y     0.0117    0.0281    0.0006    0.0336   -0.0152   -0.0146
            Z    -0.0547   -0.0390    0.0456    0.0221   -0.0479    0.0551
 AT.   7 O  X     0.0154   -0.0254   -0.0130   -0.0017    0.0139   -0.0003
            Y     0.0071    0.0439    0.0549   -0.0153    0.0492   -0.0203
            Z     0.0293    0.0096    0.0378    0.0670    0.0369   -0.0640
 AT.   8 O  X     0.0372   -0.0407    0.0480   -0.0126   -0.0106    0.0135
            Y     0.0351   -0.0698    0.0123   -0.0201    0.0021   -0.0069
            Z    -0.0787    0.0536   -0.0139   -0.0103   -0.0294   -0.0240
 AT.   9 O  X     0.0447   -0.0262   -0.0252   -0.0101    0.0436   -0.0133
            Y    -0.0126    0.0011   -0.0027    0.0316    0.0058    0.0273
            Z     0.0615    0.0064    0.0497    0.0318    0.0453   -0.0367
 AT.  10 O  X    -0.0093    0.0191   -0.0182   -0.0033   -0.0005    0.0199
            Y    -0.0144   -0.0113    0.0584   -0.0234    0.0211   -0.0118
            Z    -0.0344   -0.0394    0.0420    0.0516   -0.0162    0.0059

 FREQ(CM**-1)    216.09    239.18    240.56    259.40    295.42    302.33

 AT.   1 CA X     0.0000   -0.0113   -0.0069    0.0033   -0.0207    0.0693
            Y    -0.0016    0.0041    0.0078    0.0010    0.0642    0.0257
            Z     0.0087    0.0130   -0.0189   -0.0014   -0.0308   -0.0061
 AT.   2 MG X    -0.0031    0.0225   -0.0046    0.0060   -0.0742   -0.0318
            Y     0.0030   -0.0056   -0.0258    0.0189    0.0220   -0.0863
            Z    -0.0037    0.0114    0.0216   -0.0365    0.0142   -0.0302
 AT.   3 C  X     0.0478    0.0342    0.0227   -0.0098   -0.0080    0.0193
            Y     0.0099    0.0035   -0.0030   -0.0290    0.0360   -0.0255
            Z     0.0266   -0.0008   -0.0217    0.0019   -0.0187   -0.0281
 AT.   4 C  X     0.0356    0.0193   -0.0028   -0.0094    0.0243   -0.0112
            Y     0.0288   -0.0387   -0.0267   -0.0293   -0.0198   -0.0074
            Z     0.0170    0.0127   -0.0144    0.0017    0.0315    0.0101
 AT.   5 O  X     0.0288    0.0387    0.0210   -0.0076   -0.0199   -0.0027
            Y    -0.0111    0.0093   -0.0070   -0.0241    0.0197   -0.0481
            Z    -0.0248   -0.0007   -0.0354    0.0224    0.0008   -0.0194
 AT.   6 O  X    -0.0499    0.0183    0.0117   -0.0424    0.0133   -0.0017
            Y     0.0246   -0.0407    0.0455    0.0352   -0.0274    0.0293
            Z    -0.0583    0.0332   -0.0016    0.0498    0.0408    0.0534
 AT.   7 O  X    -0.0093   -0.0665   -0.0591    0.0172    0.0364   -0.0016
            Y    -0.0542    0.0645   -0.0240    0.0293   -0.0349   -0.0179
            Z    -0.0535    0.0425    0.0103   -0.0626    0.0502   -0.0018
 AT.   8 O  X    -0.0287   -0.0656    0.0615    0.0010   -0.0095   -0.0026
            Y     0.0241    0.0264    0.0659    0.0606    0.0267   -0.0452
            Z     0.0107   -0.0249   -0.0501   -0.0626    0.0196   -0.0172
 AT.   9 O  X     0.0192    0.0209   -0.0400    0.0735    0.0206   -0.0052
            Y    -0.0315   -0.0023   -0.0236   -0.0065   -0.0208    0.0303
            Z     0.0381    0.0211   -0.0239   -0.0073    0.0409    0.0647
 AT.  10 O  X     0.0216    0.0245   -0.0064   -0.0046    0.0318   -0.0024
            Y     0.0570   -0.0567   -0.0126   -0.0503   -0.0408   -0.0169
            Z     0.0546   -0.0231   -0.0482    0.0240    0.0508    0.0050

 FREQ(CM**-1)    322.41    329.93    349.27    379.07    387.05    389.80

 AT.   1 CA X     0.0278   -0.0072   -0.0382    0.0050    0.0098    0.0016
            Y    -0.0215   -0.0021   -0.0355   -0.0346   -0.0141    0.0003
            Z    -0.0184   -0.0135   -0.0174   -0.0014    0.0073   -0.0276
 AT.   2 MG X     0.0308   -0.0212   -0.0017    0.0078   -0.0578    0.1371
            Y     0.0104    0.0124    0.0262   -0.0597    0.1305    0.0598
            Z    -0.0204    0.0061   -0.0406    0.1315    0.0521    0.0303
 AT.   3 C  X    -0.0265    0.0002    0.0428   -0.0077   -0.0036    0.0156
            Y     0.0093    0.0340   -0.0045   -0.0079   -0.0229   -0.0070
            Z     0.0162    0.0260    0.0142    0.0145   -0.0355   -0.0061
 AT.   4 C  X     0.0113    0.0026   -0.0303    0.0227   -0.0062   -0.0098
            Y    -0.0230   -0.0001    0.0201    0.0077    0.0161   -0.0142
            Z     0.0181   -0.0202   -0.0167   -0.0136    0.0095    0.0323
 AT.   5 O  X    -0.0238    0.0182    0.0519    0.0076   -0.0149    0.0210
            Y     0.0200    0.0514    0.0058    0.0059   -0.0405   -0.0072
            Z     0.0077    0.1007    0.0444   -0.0218   -0.0702   -0.0010
 AT.   6 O  X    -0.0331    0.0137   -0.0165   -0.0171   -0.0211    0.0009
            Y    -0.0214   -0.0133   -0.0223    0.0019    0.0164    0.0207
            Z     0.0057    0.0010    0.0732    0.0466    0.0202   -0.0022
 AT.   7 O  X     0.0084   -0.0069   -0.0103    0.0226   -0.0066   -0.0009
            Y     0.0402   -0.0068    0.0303    0.0356    0.0122   -0.0496
            Z    -0.0490    0.0535   -0.0516    0.0056   -0.0208    0.0459
 AT.   8 O  X    -0.0122   -0.0156    0.0474    0.0188   -0.0153    0.0209
            Y    -0.0299   -0.0449    0.0115    0.0063   -0.0407   -0.0072
            Z     0.0141   -0.0614    0.0634   -0.0123   -0.0700   -0.0010
 AT.   9 O  X    -0.0368   -0.0248   -0.0106   -0.0265   -0.0205    0.0008
            Y     0.0099    0.0335   -0.0289   -0.0021    0.0158    0.0207
            Z     0.0601    0.0144    0.0449    0.0617    0.0199   -0.0021
 AT.  10 O  X     0.0205   -0.0097   -0.0324    0.0178   -0.0063   -0.0008
            Y    -0.0487    0.0145    0.0240    0.0386    0.0121   -0.0496
            Z     0.0680   -0.0140   -0.0634   -0.0099   -0.0208    0.0460

 FREQ(CM**-1)    726.26    732.78    733.36    734.60    890.47    890.48

 AT.   1 CA X     0.0000    0.0004   -0.0008   -0.0031    0.0001   -0.0017
            Y     0.0005    0.0001   -0.0075    0.0004    0.0009    0.0002
            Z    -0.0025   -0.0063   -0.0001   -0.0006   -0.0003    0.0012
 AT.   2 MG X    -0.0082   -0.0128    0.0010   -0.0013    0.0003    0.0025
            Y    -0.0092    0.0109    0.0016    0.0014    0.0014   -0.0005
            Z    -0.0005   -0.0021   -0.0135    0.0056   -0.0003    0.0011
 AT.   3 C  X     0.0050    0.0348   -0.0155    0.0367   -0.0006    0.0009
            Y    -0.0363    0.0071   -0.0350    0.0034    0.0008   -0.0001
            Z    -0.0039    0.0036    0.0001   -0.0003    0.1778    0.1791
 AT.   4 C  X     0.0237   -0.0326    0.0308    0.0400   -0.0010   -0.0005
            Y     0.0311   -0.0012   -0.0267   -0.0081    0.0002    0.0007
            Z     0.0012   -0.0041    0.0012   -0.0004    0.1791   -0.1778
 AT.   5 O  X     0.0670    0.0056    0.0555   -0.0086   -0.0049   -0.0029
            Y     0.0221   -0.0636    0.0476   -0.0612   -0.0063   -0.0016
            Z     0.0062   -0.0089    0.0079   -0.0097   -0.0459   -0.0506
 AT.   6 O  X    -0.0494    0.0242    0.0654   -0.0291   -0.0005   -0.0045
            Y     0.0507    0.0437    0.0382   -0.0507    0.0022   -0.0006
            Z     0.0061   -0.0039   -0.0071    0.0051    0.0199    0.0237
 AT.   7 O  X    -0.0189   -0.0715    0.0409   -0.0004   -0.0015    0.0033
            Y    -0.0613    0.0114    0.0369   -0.0840   -0.0028   -0.0034
            Z     0.0050   -0.0079   -0.0013    0.0116    0.0294    0.0236
 AT.   8 O  X    -0.0163    0.0578    0.0180    0.0508    0.0017   -0.0019
            Y     0.0594    0.0290    0.0696    0.0343    0.0032   -0.0006
            Z     0.0055    0.0088    0.0074    0.0089    0.0228   -0.0207
 AT.   9 O  X    -0.0394   -0.0562    0.0197    0.0760   -0.0029    0.0036
            Y    -0.0455    0.0569    0.0573    0.0369   -0.0016   -0.0033
            Z     0.0045    0.0087   -0.0022   -0.0126    0.0243   -0.0286
 AT.  10 O  X     0.0649   -0.0248   -0.0005    0.0344   -0.0000    0.0029
            Y    -0.0142   -0.0522    0.0731    0.0465    0.0053   -0.0054
            Z     0.0057    0.0048   -0.0070   -0.0031   -0.0497    0.0467

 FREQ(CM**-1)   1132.51   1132.53   1505.39   1515.86   1556.08   1595.65

 AT.   1 CA X     0.0006   -0.0016   -0.0001   -0.0019    0.0001   -0.0037
            Y    -0.0030   -0.0003   -0.0001   -0.0029   -0.0001    0.0025
            Z    -0.0002   -0.0000    0.0010   -0.0011    0.0003   -0.0001
 AT.   2 MG X     0.0075   -0.0015   -0.0006    0.0012    0.0035   -0.0014
            Y     0.0028    0.0039   -0.0017    0.0025   -0.0013    0.0010
            Z     0.0002    0.0000    0.0006    0.0053    0.0001    0.0014
 AT.   3 C  X    -0.0023   -0.0027    0.0357    0.0216    0.1185    0.1272
            Y     0.0011    0.0025    0.1359   -0.0928    0.0355   -0.0042
            Z     0.0002    0.0002   -0.0045    0.0014    0.0021    0.0014
 AT.   4 C  X     0.0021    0.0006   -0.0253   -0.0939    0.1131   -0.1194
            Y    -0.0009   -0.0014    0.0914    0.1043    0.0619   -0.0230
            Z    -0.0002   -0.0004   -0.0028   -0.0009    0.0029   -0.0018
 AT.   5 O  X     0.0415    0.0361    0.0137   -0.0212   -0.0320   -0.0369
            Y    -0.0305   -0.0279   -0.0197    0.0214    0.0117    0.0238
            Z    -0.0001   -0.0003    0.0002   -0.0011   -0.0031    0.0009
 AT.   6 O  X     0.0066   -0.0121    0.0116    0.0042    0.0042    0.0116
            Y     0.0516   -0.1001    0.0450   -0.0327   -0.0364    0.0431
            Z    -0.0001    0.0021   -0.0032   -0.0011   -0.0015   -0.0013
 AT.   7 O  X     0.0939   -0.0535   -0.0183   -0.0403    0.0330    0.0173
            Y     0.0399   -0.0230   -0.0037   -0.0122    0.0235   -0.0038
            Z     0.0022    0.0000   -0.0012    0.0020    0.0012    0.0007
 AT.   8 O  X    -0.0336    0.0400   -0.0027   -0.0479    0.0375    0.0142
            Y     0.0258   -0.0296    0.0141    0.0337   -0.0256   -0.0214
            Z     0.0009   -0.0011   -0.0012   -0.0003    0.0016   -0.0027
 AT.   9 O  X     0.0126    0.0069   -0.0094    0.0068    0.0052   -0.0029
            Y     0.1016    0.0500   -0.0235    0.0302    0.0559    0.0322
            Z    -0.0005   -0.0013    0.0021    0.0012    0.0025   -0.0006
 AT.  10 O  X     0.0520    0.0937   -0.0043    0.0207   -0.0479    0.0506
            Y     0.0229    0.0400   -0.0085    0.0001   -0.0234    0.0157
            Z     0.0013    0.0003    0.0019    0.0013   -0.0007    0.0035

 MODES IN ANTI-PHASE

 FREQ(CM**-1)    109.10    134.59    148.89    154.69    160.21    184.05

 AT.   1 CA X     0.0609    0.0377   -0.0004   -0.0176   -0.0312    0.0271
            Y     0.0068   -0.0500   -0.0070   -0.0124    0.0068   -0.0390
            Z     0.0147    0.0198   -0.0052    0.0157   -0.0562   -0.0320
 AT.   2 MG X     0.0024   -0.0238   -0.0030   -0.0012    0.0156   -0.0211
            Y     0.0199    0.0170   -0.0021   -0.0080   -0.0152   -0.0092
            Z     0.0551    0.0027    0.0019   -0.0040   -0.0014   -0.0623
 AT.   3 C  X    -0.0105    0.0025   -0.0158    0.0018   -0.0281    0.0154
            Y     0.0039    0.0218   -0.0123    0.0309   -0.0210    0.0023
            Z     0.0035   -0.0296    0.0239   -0.0309   -0.0374    0.0204
 AT.   4 C  X    -0.0112   -0.0017   -0.0281    0.0014    0.0308   -0.0176
            Y    -0.0075    0.0080    0.0101    0.0220    0.0181    0.0296
            Z     0.0368   -0.0153    0.0275    0.0278    0.0501    0.0433
 AT.   5 O  X     0.0014    0.0407   -0.0082   -0.0027   -0.0104    0.0155
            Y     0.0183    0.0719   -0.0023    0.0226    0.0017   -0.0029
            Z     0.0679   -0.0489    0.0232   -0.0364   -0.0280   -0.0225
 AT.   6 O  X     0.0009    0.0406    0.0208   -0.0065    0.0449    0.0032
            Y     0.0055   -0.0089    0.0195    0.0036    0.0063   -0.0250
            Z    -0.0352    0.0041   -0.0279    0.0269    0.0468   -0.0082
 AT.   7 O  X    -0.0241   -0.0128    0.0322   -0.0038   -0.0009   -0.0305
            Y     0.0319   -0.0003   -0.0254   -0.0215    0.0197    0.0421
            Z     0.0250    0.0382   -0.0278   -0.0181   -0.0173    0.0662
 AT.   8 O  X     0.0105    0.0054    0.0001   -0.0033   -0.0046    0.0318
            Y     0.0274    0.0175    0.0002   -0.0355    0.0117   -0.0096
            Z     0.0507    0.0107   -0.0212    0.0356   -0.0488   -0.0499
 AT.   9 O  X     0.0118    0.0577   -0.0168    0.0022   -0.0438   -0.0072
            Y     0.0026   -0.0295   -0.0193    0.0119   -0.0153   -0.0095
            Z    -0.0212    0.0387    0.0198   -0.0140   -0.0493   -0.0420
 AT.  10 O  X    -0.0271    0.0210   -0.0296    0.0026    0.0139   -0.0230
            Y     0.0294   -0.0424    0.0158    0.0123    0.0486    0.0453
            Z     0.0174    0.0009    0.0211    0.0464    0.0374    0.0919

 FREQ(CM**-1)    216.09    239.18    240.56    259.40    295.42    302.33

 AT.   1 CA X     0.0001    0.0174   -0.0070    0.0056    0.0029    0.0054
            Y    -0.0078   -0.0063    0.0079    0.0016   -0.0091    0.0020
            Z     0.0431   -0.0201   -0.0192   -0.0024    0.0044   -0.0005
 AT.   2 MG X    -0.0156   -0.0346   -0.0047    0.0103    0.0105   -0.0025
            Y     0.0147    0.0087   -0.0262    0.0323   -0.0031   -0.0067
            Z    -0.0183   -0.0176    0.0220   -0.0623   -0.0020   -0.0023
 AT.   3 C  X    -0.0041    0.0486    0.0464   -0.0297   -0.0267    0.0046
            Y     0.0346   -0.0452    0.0494    0.0186   -0.0089    0.0178
            Z    -0.0069    0.0152   -0.0093    0.0145   -0.0261   -0.0000
 AT.   4 C  X     0.0322    0.0562   -0.0516    0.0298   -0.0137   -0.0164
            Y    -0.0215   -0.0237   -0.0417   -0.0182   -0.0313    0.0302
            Z     0.0216    0.0083    0.0187   -0.0145   -0.0059    0.0262
 AT.   5 O  X    -0.0056    0.0546    0.0618   -0.0031   -0.0345    0.0009
            Y     0.0357   -0.0331    0.0658    0.0559   -0.0278    0.0151
            Z    -0.0316    0.0276   -0.0507   -0.0592   -0.0679    0.0123
 AT.   6 O  X    -0.0694   -0.0311   -0.0398    0.0605   -0.0278   -0.0229
            Y    -0.0227    0.0207   -0.0229    0.0122   -0.0199    0.0086
            Z    -0.0406   -0.0379   -0.0240    0.0195   -0.0059    0.0776
 AT.   7 O  X     0.0336    0.0029   -0.0073    0.0044    0.0113   -0.0050
            Y     0.0181    0.0333   -0.0130   -0.0412    0.0264    0.0047
            Z     0.0136    0.0063   -0.0481   -0.0075   -0.0094    0.0435
 AT.   8 O  X     0.0060   -0.0131    0.0219   -0.0081    0.0387   -0.0013
            Y     0.0287   -0.0220   -0.0060    0.0063    0.0212   -0.0224
            Z    -0.0387    0.0119   -0.0361   -0.0094    0.0650   -0.0152
 AT.   9 O  X    -0.0833   -0.0294    0.0111   -0.0075    0.0230    0.0224
            Y    -0.0114    0.0456    0.0452    0.0367    0.0267   -0.0040
            Z    -0.0599   -0.0458   -0.0020    0.0529   -0.0057   -0.0684
 AT.  10 O  X     0.0274    0.0618   -0.0592    0.0172   -0.0210    0.0047
            Y    -0.0042   -0.0453   -0.0242    0.0054   -0.0156   -0.0074
            Z    -0.0081   -0.0363    0.0096   -0.0583   -0.0050   -0.0432

 FREQ(CM**-1)    322.41    329.93    349.27    379.07    387.05    389.80

 AT.   1 CA X    -0.0387    0.0207    0.0100   -0.0009   -0.0001    0.0000
            Y     0.0300    0.0059    0.0093    0.0061    0.0001    0.0000
            Z     0.0256    0.0387    0.0046    0.0002   -0.0001   -0.0000
 AT.   2 MG X    -0.0428    0.0605    0.0005   -0.0014    0.0005    0.0002
            Y    -0.0145   -0.0353   -0.0069    0.0105   -0.0012    0.0001
            Z     0.0284   -0.0175    0.0107   -0.0231   -0.0005    0.0000
 AT.   3 C  X    -0.0083    0.0027   -0.0129   -0.0261    0.0094    0.0024
            Y    -0.0225    0.0050   -0.0319   -0.0026   -0.0049    0.0203
            Z     0.0384   -0.0165    0.0089    0.0039    0.0103   -0.0337
 AT.   4 C  X    -0.0254    0.0006   -0.0328   -0.0150    0.0079   -0.0124
            Y    -0.0079    0.0344   -0.0252    0.0031    0.0171    0.0161
            Z     0.0376    0.0232    0.0004   -0.0064    0.0357   -0.0114
 AT.   5 O  X     0.0209    0.0021   -0.0044   -0.0343    0.0232   -0.0268
            Y     0.0248    0.0076   -0.0131   -0.0021    0.0119   -0.0030
            Z    -0.0175   -0.0276   -0.0503   -0.0242   -0.0097    0.0014
 AT.   6 O  X     0.0499    0.0227   -0.0077    0.0308   -0.0327   -0.0351
            Y    -0.0032   -0.0371    0.0193    0.0115    0.0340   -0.0020
            Z    -0.0653   -0.0243    0.0385   -0.0524    0.0143    0.0321
 AT.   7 O  X    -0.0245    0.0241    0.0477    0.0100   -0.0152    0.0168
            Y     0.0379   -0.0147    0.0049   -0.0152    0.0045   -0.0160
            Z    -0.0553   -0.0446    0.0376    0.0445   -0.0018    0.0491
 AT.   8 O  X     0.0292   -0.0097   -0.0217    0.0296   -0.0229    0.0268
            Y    -0.0110   -0.0261    0.0086   -0.0001   -0.0111    0.0030
            Z    -0.0128   -0.0844    0.0220    0.0302    0.0109   -0.0014
 AT.   9 O  X     0.0473    0.0092    0.0148   -0.0231    0.0330    0.0351
            Y     0.0193   -0.0208   -0.0058   -0.0115   -0.0343    0.0021
            Z    -0.0263   -0.0196   -0.0695    0.0334   -0.0146   -0.0321
 AT.  10 O  X    -0.0158    0.0231   -0.0365   -0.0171    0.0153   -0.0168
            Y    -0.0261   -0.0073   -0.0191    0.0022   -0.0048    0.0158
            Z     0.0288   -0.0682   -0.0074   -0.0438    0.0022   -0.0489

 FREQ(CM**-1)    726.26    732.78    733.36    734.60    890.47    890.48

 AT.   1 CA X    -0.0000   -0.0003   -0.0003   -0.0078    0.0003    0.0011
            Y    -0.0007   -0.0001   -0.0029    0.0009    0.0018   -0.0001
            Z     0.0035    0.0044   -0.0000   -0.0015   -0.0005   -0.0008
 AT.   2 MG X     0.0115    0.0089    0.0004   -0.0032    0.0005   -0.0017
            Y     0.0129   -0.0076    0.0006    0.0036    0.0028    0.0003
            Z     0.0008    0.0015   -0.0052    0.0141   -0.0006   -0.0007
 AT.   3 C  X     0.0359    0.0096   -0.0348    0.0168   -0.0035    0.0036
            Y     0.0095    0.0330    0.0198   -0.0395   -0.0049    0.0048
            Z    -0.0018   -0.0030   -0.0012   -0.0004    0.0210   -0.0001
 AT.   4 C  X     0.0275    0.0155    0.0224   -0.0056    0.0035    0.0037
            Y    -0.0210    0.0338    0.0302    0.0388    0.0050    0.0048
            Z    -0.0042   -0.0023    0.0001    0.0003    0.0001    0.0210
 AT.   5 O  X    -0.0055   -0.0594   -0.0349    0.0650   -0.0015    0.0009
            Y    -0.0702   -0.0540    0.0512   -0.0150   -0.0008    0.0000
            Z    -0.0079   -0.0126    0.0024    0.0027   -0.0058    0.0008
 AT.   6 O  X     0.0583    0.0686   -0.0431    0.0801   -0.0040   -0.0058
            Y     0.0309   -0.0447    0.0433    0.0000   -0.0004    0.0033
            Z    -0.0069   -0.0107    0.0046   -0.0130    0.0451    0.0413
 AT.   7 O  X    -0.0622    0.0004   -0.0462    0.0497   -0.0012   -0.0017
            Y     0.0357    0.0597    0.0683   -0.0214    0.0046    0.0044
            Z    -0.0077   -0.0079   -0.0090    0.0078   -0.0401   -0.0407
 AT.   8 O  X    -0.0652    0.0151    0.0631    0.0414   -0.0048    0.0023
            Y    -0.0435    0.0783   -0.0062   -0.0528   -0.0055    0.0015
            Z    -0.0085    0.0126    0.0035   -0.0047   -0.0403    0.0462
 AT.   9 O  X     0.0655   -0.0462    0.0758    0.0384   -0.0028    0.0064
            Y    -0.0381   -0.0258   -0.0066   -0.0347    0.0015   -0.0008
            Z    -0.0080    0.0073   -0.0082   -0.0059    0.0429   -0.0380
 AT.  10 O  X    -0.0020    0.0670    0.0618    0.0360   -0.0019   -0.0024
            Y     0.0695   -0.0312   -0.0261   -0.0732    0.0005    0.0014
            Z    -0.0072    0.0101    0.0058    0.0136   -0.0005   -0.0056

 FREQ(CM**-1)   1132.51   1132.53   1505.39   1515.86   1556.08   1595.65

 AT.   1 CA X    -0.0003    0.0030   -0.0006    0.0021    0.0003    0.0028
            Y     0.0016    0.0006   -0.0006    0.0031   -0.0001   -0.0019
            Z     0.0001    0.0001    0.0043    0.0012    0.0006    0.0001
 AT.   2 MG X    -0.0039    0.0028   -0.0027   -0.0013    0.0081    0.0010
            Y    -0.0015   -0.0075   -0.0073   -0.0027   -0.0030   -0.0008
            Z    -0.0001   -0.0001    0.0026   -0.0056    0.0003   -0.0010
 AT.   3 C  X     0.0021   -0.0007   -0.0965   -0.1363   -0.0107    0.0179
            Y    -0.0023   -0.0004   -0.0364    0.0489    0.1220   -0.1154
            Z     0.0004   -0.0004    0.0016    0.0005    0.0038   -0.0020
 AT.   4 C  X     0.0022   -0.0027    0.0997   -0.1011    0.0370    0.0473
            Y    -0.0024    0.0020    0.1070   -0.0112   -0.1109   -0.1132
            Z     0.0003   -0.0000   -0.0039    0.0012   -0.0032   -0.0016
 AT.   5 O  X     0.0695   -0.0735    0.0225    0.0495    0.0214   -0.0256
            Y    -0.0523    0.0553   -0.0086   -0.0352   -0.0241    0.0293
            Z    -0.0011    0.0015   -0.0024    0.0003   -0.0007    0.0030
 AT.   6 O  X    -0.0108    0.0000    0.0026   -0.0072    0.0111    0.0065
            Y    -0.0878    0.0083    0.0397   -0.0280    0.0426   -0.0208
            Z     0.0006    0.0001   -0.0018   -0.0011    0.0021    0.0003
 AT.   7 O  X     0.0016   -0.0769   -0.0483   -0.0181   -0.0347   -0.0477
            Y    -0.0003   -0.0327   -0.0276    0.0008   -0.0100   -0.0175
            Z    -0.0001   -0.0003    0.0020   -0.0014    0.0001   -0.0035
 AT.   8 O  X    -0.0737   -0.0714    0.0262    0.0245   -0.0088    0.0426
            Y     0.0548    0.0544   -0.0163   -0.0237   -0.0079   -0.0311
            Z     0.0007    0.0011   -0.0020    0.0011   -0.0028   -0.0017
 AT.   9 O  X     0.0007    0.0100    0.0073   -0.0047    0.0106   -0.0130
            Y     0.0073    0.0871    0.0552    0.0307    0.0024   -0.0355
            Z    -0.0003   -0.0016   -0.0030    0.0011    0.0003    0.0012
 AT.  10 O  X    -0.0782    0.0004   -0.0515    0.0390    0.0005   -0.0032
            Y    -0.0327    0.0004   -0.0265    0.0122    0.0104    0.0086
            Z    -0.0017   -0.0002    0.0013   -0.0021    0.0010    0.0003


  DISPERSION K POINT NUMBER    17 COORD:  C(  1  2  1 )    WEIGHT:    1.

    MODES         EIGV          FREQUENCIES     IRREP
             (HARTREE**2)   (CM**-1)     (THZ)
    1-   1    0.1633E-06     88.6910    2.6589  (  1)
    2-   2    0.3259E-06    125.2924    3.7562  (  1)
    3-   3    0.3368E-06    127.3649    3.8183  (  1)
    4-   4    0.4449E-06    146.3851    4.3885  (  1)
    5-   5    0.5589E-06    164.0796    4.9190  (  1)
    6-   6    0.7917E-06    195.2881    5.8546  (  1)
    7-   7    0.8056E-06    196.9899    5.9056  (  1)
    8-   8    0.9073E-06    209.0496    6.2671  (  1)
    9-   9    0.1151E-05    235.4588    7.0589  (  1)
   10-  10    0.1380E-05    257.8101    7.7290  (  1)
   11-  11    0.1645E-05    281.5224    8.4398  (  1)
   12-  12    0.1993E-05    309.8368    9.2887  (  1)
   13-  13    0.2124E-05    319.8627    9.5892  (  1)
   14-  14    0.2419E-05    341.3731   10.2341  (  1)
   15-  15    0.2646E-05    357.0088   10.7029  (  1)
   16-  16    0.3012E-05    380.9231   11.4198  (  1)
   17-  17    0.3187E-05    391.8107   11.7462  (  1)
   18-  18    0.3574E-05    414.9020   12.4384  (  1)
   19-  19    0.1097E-04    726.8394   21.7901  (  1)
   20-  20    0.1109E-04    730.9321   21.9128  (  1)
   21-  21    0.1130E-04    737.6530   22.1143  (  1)
   22-  22    0.1145E-04    742.6807   22.2650  (  1)
   23-  23    0.1655E-04    892.8407   26.7667  (  1)
   24-  24    0.1656E-04    893.0690   26.7735  (  1)
   25-  25    0.2663E-04   1132.6753   33.9567  (  1)
   26-  26    0.2669E-04   1133.9526   33.9950  (  1)
   27-  27    0.4556E-04   1481.3679   44.4103  (  1)
   28-  28    0.4818E-04   1523.3354   45.6684  (  1)
   29-  29    0.4847E-04   1527.9329   45.8063  (  1)
   30-  30    0.5154E-04   1575.6198   47.2359  (  1)

 MODES IN PHASE

 FREQ(CM**-1)     88.69    125.29    127.36    146.39    164.08    195.29

 AT.   1 CA X     0.0049   -0.0331    0.0229   -0.0654    0.0951    0.0012
            Y     0.0885    0.0279    0.0434    0.0046    0.0015    0.0006
            Z    -0.0208   -0.0537    0.0761    0.0397    0.0032    0.0003
 AT.   2 MG X    -0.0141    0.0392   -0.0084   -0.0005   -0.0034   -0.0114
            Y    -0.0209   -0.0190    0.0178    0.0005    0.0034   -0.0074
            Z     0.0178    0.0514    0.0162    0.0005    0.0095   -0.0210
 AT.   3 C  X     0.0444   -0.0451    0.0054    0.0198    0.0080    0.0065
            Y     0.0356    0.0058   -0.0100   -0.0179    0.0271   -0.0248
            Z    -0.0102   -0.0403    0.0061   -0.0464   -0.0290   -0.0321
 AT.   4 C  X     0.0445   -0.0398    0.0072   -0.0065    0.0075   -0.0076
            Y     0.0356    0.0046   -0.0107    0.0143    0.0274    0.0244
            Z    -0.0103   -0.0343    0.0076   -0.0051   -0.0302    0.0345
 AT.   5 O  X     0.0204   -0.0459    0.0110    0.0346    0.0349    0.0221
            Y     0.0032    0.0039   -0.0010    0.0091    0.0632   -0.0023
            Z    -0.0067    0.0024    0.0698   -0.0691   -0.0134   -0.0197
 AT.   6 O  X    -0.0430    0.0252   -0.0545   -0.0248    0.0549    0.0263
            Y    -0.0188   -0.0037    0.0161    0.0318   -0.0219    0.0023
            Z     0.0108    0.0387   -0.0017    0.0389    0.0204    0.0039
 AT.   7 O  X     0.0294   -0.0444    0.0075    0.0275    0.0239    0.0210
            Y     0.0707    0.0071   -0.0189   -0.0329   -0.0184   -0.0631
            Z    -0.0221   -0.0516   -0.0105   -0.0312   -0.0377   -0.0882
 AT.   8 O  X     0.0205   -0.0478    0.0110    0.0048    0.0362   -0.0249
            Y     0.0034   -0.0061   -0.0038    0.0325    0.0656   -0.0003
            Z    -0.0068   -0.0036    0.0707   -0.0367   -0.0168    0.0251
 AT.   9 O  X    -0.0423   -0.0182   -0.0571   -0.0086    0.0522   -0.0254
            Y    -0.0186    0.0025    0.0161    0.0159   -0.0193   -0.0007
            Z     0.0111   -0.0247   -0.0047    0.0397    0.0157   -0.0045
 AT.  10 O  X     0.0294   -0.0431    0.0079    0.0000    0.0245   -0.0232
            Y     0.0708    0.0148   -0.0165    0.0005   -0.0210    0.0647
            Z    -0.0220   -0.0482   -0.0082    0.0225   -0.0394    0.0895

 FREQ(CM**-1)    196.99    209.05    235.46    257.81    281.52    309.84

 AT.   1 CA X    -0.0036    0.0046   -0.0186   -0.0067    0.0011   -0.0038
            Y     0.0073    0.0098   -0.0204   -0.0208   -0.0091   -0.0052
            Z     0.0113   -0.0088    0.0361   -0.0077   -0.0059    0.0149
 AT.   2 MG X     0.0252   -0.0090   -0.0201   -0.0718   -0.0153   -0.0398
            Y     0.0054   -0.0106   -0.0159   -0.0352    0.0753    0.0113
            Z     0.0243    0.0105    0.0013    0.0439    0.0647   -0.0240
 AT.   3 C  X     0.0451   -0.0256   -0.0136    0.0221    0.0123   -0.0258
            Y    -0.0005   -0.0488    0.0445   -0.0012    0.0291    0.0393
            Z     0.0208    0.0146    0.0055   -0.0126    0.0188   -0.0104
 AT.   4 C  X    -0.0517    0.0353   -0.0072    0.0011   -0.0155    0.0274
            Y    -0.0079    0.0476    0.0470   -0.0111   -0.0176   -0.0345
            Z    -0.0234   -0.0208    0.0008    0.0014   -0.0084    0.0048
 AT.   5 O  X     0.0398   -0.0446   -0.0234    0.0126    0.0280   -0.0391
            Y    -0.0093   -0.0698    0.0295   -0.0123    0.0454    0.0243
            Z     0.0240    0.0607    0.0037    0.0134    0.0889   -0.0075
 AT.   6 O  X    -0.0078    0.0092    0.0262   -0.0485   -0.0125    0.0161
            Y     0.0134    0.0403   -0.0092    0.0205   -0.0259   -0.0119
            Z    -0.0179   -0.0027    0.0140    0.0537   -0.0267   -0.0137
 AT.   7 O  X     0.0442   -0.0347   -0.0221    0.0194    0.0316   -0.0286
            Y     0.0070   -0.0378    0.0615    0.0085   -0.0027    0.0487
            Z    -0.0514   -0.0439    0.0770   -0.0173   -0.0324   -0.0824
 AT.   8 O  X    -0.0444    0.0589   -0.0175    0.0032   -0.0301    0.0407
            Y     0.0039    0.0765    0.0308   -0.0127   -0.0368   -0.0209
            Z    -0.0119   -0.0760   -0.0057    0.0195   -0.0893    0.0048
 AT.   9 O  X     0.0419   -0.0022    0.0246    0.0470    0.0042   -0.0207
            Y    -0.0090   -0.0061   -0.0197   -0.0114    0.0313   -0.0048
            Z     0.0608   -0.0202    0.0309   -0.0447    0.0103   -0.0149
 AT.  10 O  X    -0.0512    0.0472   -0.0163    0.0053   -0.0336    0.0295
            Y    -0.0142    0.0290    0.0647   -0.0249    0.0151   -0.0391
            Z     0.0395    0.0251    0.0774   -0.0171    0.0412    0.0591

 FREQ(CM**-1)    319.86    341.37    357.01    380.92    391.81    414.90

 AT.   1 CA X    -0.0211    0.0321    0.0215   -0.0054    0.0072   -0.0113
            Y    -0.0060   -0.0572   -0.0143   -0.0043    0.0007    0.0036
            Z     0.0060    0.0005    0.0300   -0.0129   -0.0025   -0.0105
 AT.   2 MG X    -0.0179    0.0275    0.0520    0.1305   -0.0549   -0.0079
            Y    -0.0065   -0.0200    0.0376    0.0146    0.0843    0.1336
            Z    -0.0008   -0.0046   -0.0091    0.0579    0.1134   -0.0938
 AT.   3 C  X     0.0122   -0.0220   -0.0018    0.0131   -0.0191    0.0106
            Y    -0.0021    0.0274    0.0004   -0.0095   -0.0182   -0.0106
            Z     0.0490    0.0039   -0.0612    0.0074   -0.0167    0.0074
 AT.   4 C  X    -0.0176    0.0053    0.0092    0.0181    0.0004   -0.0010
            Y     0.0332    0.0208   -0.0295    0.0020    0.0205    0.0259
            Z    -0.0274   -0.0221   -0.0096    0.0089    0.0205   -0.0242
 AT.   5 O  X     0.0411   -0.0171   -0.0317    0.0254   -0.0185    0.0053
            Y     0.0403    0.0281   -0.0394    0.0036   -0.0221   -0.0112
            Z     0.0486   -0.0115   -0.0471   -0.0080   -0.0875    0.0100
 AT.   6 O  X     0.0152   -0.0350   -0.0490   -0.0193    0.0018   -0.0182
            Y     0.0334   -0.0191    0.0256    0.0054    0.0058   -0.0115
            Z     0.0132    0.0412    0.0193    0.0467   -0.0229    0.0502
 AT.   7 O  X     0.0323   -0.0181   -0.0217    0.0140   -0.0203    0.0103
            Y    -0.0449    0.0248    0.0588   -0.0067   -0.0148   -0.0030
            Z     0.0234   -0.0320   -0.0461    0.0388    0.0157    0.0108
 AT.   8 O  X    -0.0332   -0.0136    0.0033    0.0299    0.0022   -0.0097
            Y     0.0067   -0.0176   -0.0305    0.0083    0.0181    0.0166
            Z    -0.0023    0.0292   -0.0460    0.0259    0.0547    0.0231
 AT.   9 O  X     0.0132   -0.0483    0.0319    0.0114    0.0203    0.0185
            Y    -0.0426    0.0127    0.0108   -0.0091   -0.0337   -0.0113
            Z    -0.0506    0.0962   -0.0395   -0.0117    0.0305   -0.0200
 AT.  10 O  X    -0.0231   -0.0004   -0.0021    0.0226    0.0057   -0.0003
            Y     0.0531    0.0464   -0.0031    0.0013    0.0052    0.0334
            Z    -0.0618   -0.0386    0.0221    0.0265   -0.0102   -0.0342

 FREQ(CM**-1)    726.84    730.93    737.65    742.68    892.84    893.07

 AT.   1 CA X     0.0011   -0.0016    0.0053    0.0004    0.0003   -0.0003
            Y    -0.0030   -0.0034   -0.0004   -0.0016    0.0018    0.0011
            Z    -0.0016   -0.0016   -0.0049   -0.0014    0.0034   -0.0007
 AT.   2 MG X     0.0034   -0.0189    0.0007    0.0014    0.0007    0.0006
            Y    -0.0013   -0.0029    0.0003   -0.0068   -0.0002   -0.0010
            Z     0.0005    0.0020    0.0007   -0.0061   -0.0007    0.0046
 AT.   3 C  X    -0.0025   -0.0036   -0.0546   -0.0264    0.0025    0.0001
            Y     0.0256   -0.0298   -0.0116   -0.0059   -0.0068    0.0056
            Z     0.0013    0.0032    0.0013    0.0071    0.1379    0.1782
 AT.   4 C  X     0.0030    0.0154   -0.0233    0.0538    0.0004    0.0020
            Y    -0.0295   -0.0246   -0.0097    0.0042   -0.0063   -0.0066
            Z    -0.0020    0.0017   -0.0023    0.0024    0.1783   -0.1379
 AT.   5 O  X    -0.0479    0.0475    0.0159    0.0044   -0.0064   -0.0035
            Y    -0.0219    0.0228    0.0995    0.0465   -0.0016   -0.0065
            Z    -0.0046    0.0046    0.0141    0.0088   -0.0380   -0.0490
 AT.   6 O  X     0.0262    0.0495   -0.0345   -0.1059    0.0021   -0.0002
            Y     0.0341    0.0693    0.0153    0.0256   -0.0007    0.0022
            Z    -0.0036   -0.0084    0.0050    0.0152   -0.0083    0.0230
 AT.   7 O  X     0.0351   -0.0423   -0.0707   -0.0293   -0.0005   -0.0014
            Y    -0.0420    0.0439   -0.0369   -0.0236    0.0011    0.0085
            Z     0.0059   -0.0069   -0.0030   -0.0013   -0.0385   -0.0487
 AT.   8 O  X     0.0504    0.0459    0.0092    0.0087   -0.0066    0.0011
            Y     0.0069   -0.0058    0.0490   -0.0946   -0.0016    0.0056
            Z     0.0055    0.0023    0.0037   -0.0106   -0.0492    0.0394
 AT.   9 O  X     0.0395   -0.0075   -0.0946    0.0428   -0.0044   -0.0012
            Y     0.0757   -0.0401    0.0480   -0.0035   -0.0012   -0.0004
            Z    -0.0035    0.0016    0.0121   -0.0052    0.0235    0.0097
 AT.  10 O  X    -0.0310   -0.0163   -0.0366    0.0537   -0.0012    0.0016
            Y     0.0528    0.0548   -0.0181    0.0622    0.0018   -0.0074
            Z    -0.0097   -0.0091    0.0005   -0.0051   -0.0494    0.0376

 FREQ(CM**-1)   1132.68   1133.95   1481.37   1523.34   1527.93   1575.62

 AT.   1 CA X     0.0008    0.0018    0.0001   -0.0025   -0.0018   -0.0001
            Y    -0.0007   -0.0016   -0.0000   -0.0039    0.0011    0.0003
            Z    -0.0002    0.0028   -0.0001    0.0002    0.0037    0.0003
 AT.   2 MG X    -0.0004    0.0022    0.0001    0.0029    0.0028    0.0012
            Y     0.0015   -0.0076   -0.0010    0.0016   -0.0008   -0.0028
            Z     0.0057    0.0037   -0.0015    0.0026   -0.0024   -0.0015
 AT.   3 C  X    -0.0007   -0.0017   -0.1409    0.1685   -0.0133   -0.1031
            Y    -0.0001   -0.0034   -0.0986    0.0241    0.1632    0.1358
            Z     0.0004    0.0000    0.0013   -0.0016    0.0055   -0.0037
 AT.   4 C  X     0.0009   -0.0034    0.1422    0.1695   -0.0120    0.0957
            Y     0.0003   -0.0021    0.0962    0.0209    0.1712   -0.1310
            Z    -0.0010   -0.0005   -0.0012   -0.0013    0.0054    0.0040
 AT.   5 O  X     0.0610   -0.0811    0.0235   -0.0466    0.0312    0.0532
            Y    -0.0462    0.0613   -0.0069    0.0256   -0.0352   -0.0467
            Z    -0.0013    0.0010    0.0000    0.0009   -0.0039    0.0009
 AT.   6 O  X     0.0025    0.0069   -0.0058    0.0061    0.0020   -0.0003
            Y     0.0201    0.0505   -0.0150    0.0207    0.0138    0.0257
            Z    -0.0006   -0.0015    0.0013   -0.0009    0.0006   -0.0019
 AT.   7 O  X    -0.0699    0.0949    0.0652   -0.0636   -0.0144    0.0236
            Y    -0.0304    0.0404    0.0304   -0.0215   -0.0177   -0.0063
            Z    -0.0014    0.0006   -0.0007    0.0002   -0.0035    0.0042
 AT.   8 O  X    -0.0818   -0.0599   -0.0243   -0.0476    0.0318   -0.0500
            Y     0.0605    0.0459    0.0076    0.0264   -0.0363    0.0437
            Z     0.0014    0.0007    0.0000    0.0007   -0.0035   -0.0013
 AT.   9 O  X     0.0073   -0.0029    0.0048    0.0071    0.0030    0.0003
            Y     0.0512   -0.0194    0.0109    0.0212    0.0281   -0.0160
            Z    -0.0000   -0.0002   -0.0012   -0.0012    0.0012    0.0012
 AT.  10 O  X     0.0937    0.0715   -0.0655   -0.0635   -0.0159   -0.0214
            Y     0.0399    0.0313   -0.0303   -0.0213   -0.0191    0.0068
            Z     0.0020    0.0007    0.0006   -0.0001   -0.0036   -0.0042

 MODES IN ANTI-PHASE

 FREQ(CM**-1)     88.69    125.29    127.36    146.39    164.08    195.29

 AT.   1 CA X    -0.0000    0.0173   -0.0007   -0.0361   -0.0047    0.0338
            Y    -0.0005   -0.0146   -0.0014    0.0025   -0.0001    0.0172
            Z     0.0001    0.0282   -0.0024    0.0219   -0.0002    0.0074
 AT.   2 MG X    -0.0241    0.0248   -0.0136   -0.0250   -0.0052    0.0071
            Y    -0.0358   -0.0120    0.0287    0.0260    0.0053    0.0046
            Z     0.0305    0.0325    0.0261    0.0262    0.0146    0.0131
 AT.   3 C  X    -0.0070    0.0172   -0.0279   -0.0201    0.0049   -0.0171
            Y    -0.0043   -0.0016    0.0118    0.0282   -0.0036   -0.0040
            Z     0.0082    0.0139   -0.0232    0.0232    0.0133    0.0357
 AT.   4 C  X     0.0065    0.0273    0.0275    0.0275   -0.0057   -0.0166
            Y     0.0039   -0.0039   -0.0112   -0.0302    0.0009   -0.0057
            Z    -0.0081    0.0253    0.0227   -0.0516   -0.0103    0.0334
 AT.   5 O  X    -0.0094    0.0264   -0.0004   -0.0161   -0.0143   -0.0418
            Y    -0.0099    0.0101    0.0449    0.0327   -0.0271   -0.0381
            Z     0.0109    0.0060   -0.0169    0.0001    0.0352    0.0795
 AT.   6 O  X    -0.0688    0.0396    0.0438    0.0055    0.0241    0.0123
            Y    -0.0242   -0.0056   -0.0006   -0.0012   -0.0256    0.0234
            Z    -0.0225    0.0568    0.0476    0.0225    0.0459   -0.0091
 AT.   7 O  X    -0.0057    0.0217   -0.0064   -0.0173   -0.0065   -0.0319
            Y    -0.0062   -0.0131   -0.0387    0.0213    0.0262    0.0257
            Z    -0.0119    0.0229   -0.0358    0.0463    0.0184    0.0231
 AT.   8 O  X     0.0092    0.0228   -0.0003    0.0378    0.0107   -0.0401
            Y     0.0098   -0.0089   -0.0447   -0.0097    0.0207   -0.0382
            Z    -0.0108   -0.0054    0.0124   -0.0585   -0.0337    0.0779
 AT.   9 O  X     0.0693   -0.0432   -0.0403   -0.0239   -0.0294    0.0140
            Y     0.0244    0.0062   -0.0005    0.0275    0.0276    0.0235
            Z     0.0223   -0.0641   -0.0474    0.0209   -0.0477   -0.0088
 AT.  10 O  X     0.0054    0.0241    0.0059    0.0325    0.0041   -0.0304
            Y     0.0054    0.0016    0.0398   -0.0392   -0.0243    0.0214
            Z     0.0121    0.0294    0.0364   -0.0511   -0.0146    0.0170

 FREQ(CM**-1)    196.99    209.05    235.46    257.81    281.52    309.84

 AT.   1 CA X     0.0140    0.0122   -0.0023    0.0201   -0.0047   -0.0165
            Y    -0.0287    0.0262   -0.0025    0.0624    0.0396   -0.0228
            Z    -0.0442   -0.0234    0.0044    0.0230    0.0257    0.0645
 AT.   2 MG X    -0.0071    0.0109   -0.0473    0.0147    0.0047    0.0371
            Y    -0.0015    0.0129   -0.0374    0.0072   -0.0232   -0.0105
            Z    -0.0068   -0.0128    0.0030   -0.0090   -0.0199    0.0223
 AT.   3 C  X     0.0253    0.0243    0.0247   -0.0313    0.0101    0.0096
            Y     0.0173    0.0165    0.0157    0.0200   -0.0197    0.0019
            Z     0.0106   -0.0149   -0.0187    0.0146   -0.0195   -0.0103
 AT.   4 C  X     0.0007    0.0015   -0.0273   -0.0383    0.0038   -0.0027
            Y     0.0154   -0.0197   -0.0045    0.0168   -0.0304    0.0189
            Z    -0.0007   -0.0016    0.0195    0.0192   -0.0257   -0.0138
 AT.   5 O  X     0.0196    0.0386    0.0217   -0.0221    0.0113    0.0126
            Y     0.0089    0.0364    0.0093    0.0375   -0.0093    0.0023
            Z    -0.0192   -0.0460   -0.0386   -0.0505    0.0214   -0.0044
 AT.   6 O  X    -0.0732    0.0072   -0.0033   -0.0137    0.0161   -0.0144
            Y    -0.0057    0.0369   -0.0447   -0.0084   -0.0184   -0.0355
            Z    -0.0942   -0.0337    0.0721    0.0029    0.0316   -0.0623
 AT.   7 O  X     0.0258    0.0320    0.0217   -0.0347    0.0118    0.0086
            Y     0.0169    0.0007    0.0205    0.0302   -0.0291    0.0108
            Z     0.0118   -0.0121    0.0112    0.0515   -0.0276   -0.0344
 AT.   8 O  X    -0.0019   -0.0003   -0.0267   -0.0253   -0.0020   -0.0058
            Y     0.0123   -0.0185   -0.0019    0.0374   -0.0282    0.0127
            Z    -0.0283    0.0053    0.0384   -0.0484   -0.0195   -0.0073
 AT.   9 O  X    -0.0605    0.0114    0.0095    0.0182    0.0199   -0.0059
            Y    -0.0114    0.0543    0.0412   -0.0191   -0.0053   -0.0371
            Z    -0.0742   -0.0272   -0.0666   -0.0299    0.0401   -0.0620
 AT.  10 O  X     0.0015    0.0013   -0.0264   -0.0394   -0.0031   -0.0048
            Y     0.0115   -0.0244   -0.0050    0.0191   -0.0251    0.0310
            Z     0.0350   -0.0380    0.0077    0.0516   -0.0108   -0.0670

 FREQ(CM**-1)    319.86    341.37    357.01    380.92    391.81    414.90

 AT.   1 CA X    -0.0451   -0.0201   -0.0203    0.0100   -0.0116    0.0223
            Y    -0.0129    0.0358    0.0134    0.0079   -0.0011   -0.0071
            Z     0.0128   -0.0003   -0.0282    0.0239    0.0041    0.0207
 AT.   2 MG X     0.0257    0.0146    0.0156   -0.0036   -0.0017    0.0004
            Y     0.0093   -0.0106    0.0113   -0.0004    0.0026   -0.0072
            Z     0.0012   -0.0024   -0.0027   -0.0016    0.0035    0.0051
 AT.   3 C  X    -0.0128   -0.0165   -0.0093   -0.0302    0.0091   -0.0065
            Y     0.0415   -0.0098    0.0296    0.0038   -0.0138   -0.0243
            Z     0.0051    0.0264    0.0060   -0.0155   -0.0146    0.0246
 AT.   4 C  X     0.0012    0.0270    0.0024   -0.0275    0.0211   -0.0123
            Y     0.0250   -0.0203   -0.0021    0.0101    0.0102   -0.0058
            Z     0.0410   -0.0151    0.0607   -0.0147    0.0084    0.0086
 AT.   5 O  X    -0.0090    0.0069   -0.0052   -0.0524    0.0068    0.0081
            Y     0.0423    0.0332    0.0282   -0.0123   -0.0093   -0.0123
            Z     0.0374   -0.0381    0.0433   -0.0258   -0.0175   -0.0359
 AT.   6 O  X     0.0298    0.0367   -0.0349   -0.0011   -0.0236   -0.0096
            Y    -0.0277   -0.0234   -0.0092    0.0073    0.0347    0.0224
            Z    -0.0548   -0.0869    0.0407   -0.0166   -0.0227   -0.0120
 AT.   7 O  X    -0.0032   -0.0083    0.0008   -0.0361    0.0038   -0.0071
            Y     0.0317   -0.0396    0.0066    0.0028    0.0015   -0.0392
            Z    -0.0610    0.0274   -0.0250   -0.0571    0.0035    0.0344
 AT.   8 O  X     0.0258    0.0124    0.0320   -0.0499    0.0196    0.0005
            Y     0.0581   -0.0398    0.0376   -0.0098    0.0156    0.0018
            Z     0.0613    0.0270    0.0444   -0.0075    0.0705   -0.0293
 AT.   9 O  X     0.0307    0.0155    0.0510    0.0155   -0.0121    0.0090
            Y     0.0080    0.0274   -0.0249   -0.0005    0.0103    0.0225
            Z    -0.0249    0.0009   -0.0217   -0.0482    0.0104   -0.0476
 AT.  10 O  X     0.0228    0.0199    0.0216   -0.0315    0.0199   -0.0125
            Y    -0.0142   -0.0051   -0.0591    0.0071    0.0140   -0.0207
            Z    -0.0211    0.0169    0.0476   -0.0637   -0.0125    0.0116

 FREQ(CM**-1)    726.84    730.93    737.65    742.68    892.84    893.07

 AT.   1 CA X    -0.0007    0.0027    0.0038    0.0005    0.0001   -0.0007
            Y     0.0019    0.0054   -0.0003   -0.0023    0.0006    0.0029
            Z     0.0010    0.0025   -0.0035   -0.0020    0.0012   -0.0018
 AT.   2 MG X     0.0018   -0.0005   -0.0075   -0.0031    0.0040   -0.0007
            Y    -0.0007   -0.0001   -0.0035    0.0147   -0.0011    0.0012
            Z     0.0003    0.0001   -0.0070    0.0132   -0.0036   -0.0054
 AT.   3 C  X    -0.0045   -0.0155   -0.0056    0.0476   -0.0025    0.0032
            Y     0.0454    0.0425   -0.0063    0.0023   -0.0017   -0.0036
            Z     0.0028   -0.0035   -0.0029    0.0052    0.1130    0.0000
 AT.   4 C  X     0.0042   -0.0038   -0.0497   -0.0087    0.0035    0.0025
            Y    -0.0429    0.0457   -0.0088   -0.0048   -0.0030    0.0008
            Z    -0.0024   -0.0045    0.0021    0.0084   -0.0001    0.1128
 AT.   5 O  X    -0.0797   -0.0753    0.0042    0.0108   -0.0025   -0.0025
            Y    -0.0184   -0.0049    0.0171   -0.0838   -0.0005    0.0010
            Z    -0.0083   -0.0050   -0.0010   -0.0081   -0.0312    0.0024
 AT.   6 O  X    -0.0311   -0.0164   -0.0881    0.0073   -0.0095   -0.0021
            Y    -0.0676    0.0100    0.0455    0.0055   -0.0011    0.0020
            Z     0.0021    0.0024    0.0110   -0.0000    0.0474    0.0434
 AT.   7 O  X     0.0517    0.0395   -0.0140    0.0465   -0.0014    0.0009
            Y    -0.0795   -0.0834   -0.0062    0.0576    0.0014   -0.0013
            Z     0.0137    0.0137    0.0016   -0.0059   -0.0309   -0.0003
 AT.   8 O  X     0.0781   -0.0762    0.0136    0.0078   -0.0021   -0.0042
            Y     0.0278   -0.0225    0.0882    0.0153   -0.0007   -0.0034
            Z     0.0078   -0.0064    0.0136    0.0055    0.0001   -0.0292
 AT.   9 O  X    -0.0099   -0.0516   -0.0035   -0.0971    0.0087   -0.0018
            Y    -0.0008   -0.0575   -0.0005    0.0259    0.0004    0.0029
            Z     0.0024    0.0086    0.0011    0.0143   -0.0420    0.0481
 AT.  10 O  X    -0.0543    0.0555   -0.0622   -0.0117    0.0008   -0.0002
            Y     0.0727   -0.0767   -0.0328   -0.0026   -0.0004    0.0044
            Z    -0.0113    0.0123   -0.0034   -0.0032   -0.0004   -0.0311

 FREQ(CM**-1)   1132.68   1133.95   1481.37   1523.34   1527.93   1575.62

 AT.   1 CA X    -0.0021   -0.0007    0.0014   -0.0001   -0.0002   -0.0014
            Y     0.0019    0.0006   -0.0003   -0.0002    0.0001    0.0029
            Z     0.0005   -0.0011   -0.0013    0.0000    0.0004    0.0031
 AT.   2 MG X     0.0001    0.0018   -0.0001    0.0056    0.0063   -0.0009
            Y    -0.0002   -0.0062    0.0006    0.0032   -0.0018    0.0020
            Z    -0.0009    0.0030    0.0009    0.0051   -0.0053    0.0010
 AT.   3 C  X    -0.0006    0.0031    0.0212    0.0184    0.0052   -0.0273
            Y    -0.0004   -0.0006   -0.0230   -0.0343    0.0564    0.0109
            Z     0.0010    0.0008    0.0008    0.0025    0.0001    0.0014
 AT.   4 C  X     0.0000   -0.0012    0.0084   -0.0033   -0.0078   -0.0472
            Y    -0.0002    0.0027   -0.0318    0.0363   -0.0227    0.0376
            Z     0.0005   -0.0007    0.0009   -0.0026    0.0010    0.0006
 AT.   5 O  X     0.0544   -0.0011   -0.0101   -0.0136    0.0065    0.0108
            Y    -0.0391   -0.0003    0.0078    0.0099   -0.0089   -0.0103
            Z    -0.0007    0.0000    0.0004   -0.0015    0.0017   -0.0021
 AT.   6 O  X    -0.0138    0.0121   -0.0108    0.0112    0.0054   -0.0002
            Y    -0.0995    0.0860   -0.0444    0.0072    0.0732    0.0463
            Z     0.0007   -0.0015    0.0002   -0.0029    0.0032   -0.0030
 AT.   7 O  X    -0.0624   -0.0008   -0.0052   -0.0010   -0.0091    0.0089
            Y    -0.0258   -0.0016    0.0001    0.0011   -0.0087    0.0029
            Z    -0.0015   -0.0003   -0.0014   -0.0025   -0.0005   -0.0007
 AT.   8 O  X     0.0001    0.0547   -0.0079    0.0094   -0.0001    0.0211
            Y     0.0015   -0.0405    0.0072   -0.0076    0.0017   -0.0193
            Z     0.0003   -0.0007    0.0004    0.0015   -0.0024   -0.0018
 AT.   9 O  X    -0.0120   -0.0136   -0.0113   -0.0106   -0.0049   -0.0003
            Y    -0.0877   -0.0978   -0.0456   -0.0053   -0.0689    0.0504
            Z     0.0009    0.0021    0.0003    0.0028   -0.0030   -0.0033
 AT.  10 O  X    -0.0001   -0.0625    0.0007   -0.0047    0.0060    0.0134
            Y     0.0009   -0.0257    0.0028   -0.0030    0.0050    0.0016
            Z    -0.0002   -0.0001   -0.0015    0.0025   -0.0002    0.0001


  DISPERSION K POINT NUMBER    18 COORD:  C(  1  2  2 )    WEIGHT:    1.

    MODES         EIGV          FREQUENCIES     IRREP
             (HARTREE**2)   (CM**-1)     (THZ)
    1-   1    0.1633E-06     88.6910    2.6589  (  1)
    2-   2    0.3259E-06    125.2924    3.7562  (  1)
    3-   3    0.3368E-06    127.3649    3.8183  (  1)
    4-   4    0.4449E-06    146.3851    4.3885  (  1)
    5-   5    0.5589E-06    164.0796    4.9190  (  1)
    6-   6    0.7917E-06    195.2881    5.8546  (  1)
    7-   7    0.8056E-06    196.9899    5.9056  (  1)
    8-   8    0.9073E-06    209.0496    6.2671  (  1)
    9-   9    0.1151E-05    235.4588    7.0589  (  1)
   10-  10    0.1380E-05    257.8101    7.7290  (  1)
   11-  11    0.1645E-05    281.5224    8.4398  (  1)
   12-  12    0.1993E-05    309.8368    9.2887  (  1)
   13-  13    0.2124E-05    319.8627    9.5892  (  1)
   14-  14    0.2419E-05    341.3731   10.2341  (  1)
   15-  15    0.2646E-05    357.0088   10.7029  (  1)
   16-  16    0.3012E-05    380.9231   11.4198  (  1)
   17-  17    0.3187E-05    391.8107   11.7462  (  1)
   18-  18    0.3574E-05    414.9020   12.4384  (  1)
   19-  19    0.1097E-04    726.8394   21.7901  (  1)
   20-  20    0.1109E-04    730.9321   21.9128  (  1)
   21-  21    0.1130E-04    737.6530   22.1143  (  1)
   22-  22    0.1145E-04    742.6807   22.2650  (  1)
   23-  23    0.1655E-04    892.8407   26.7667  (  1)
   24-  24    0.1656E-04    893.0690   26.7735  (  1)
   25-  25    0.2663E-04   1132.6753   33.9567  (  1)
   26-  26    0.2669E-04   1133.9526   33.9950  (  1)
   27-  27    0.4556E-04   1481.3679   44.4103  (  1)
   28-  28    0.4818E-04   1523.3354   45.6684  (  1)
   29-  29    0.4847E-04   1527.9329   45.8063  (  1)
   30-  30    0.5154E-04   1575.6198   47.2359  (  1)

 MODES IN PHASE

 FREQ(CM**-1)     88.69    125.29    127.36    146.39    164.08    195.29

 AT.   1 CA X     0.0738   -0.0066    0.0261    0.0419    0.0256   -0.0019
            Y    -0.0482   -0.0024   -0.0414    0.0620    0.0460   -0.0365
            Z    -0.0207    0.0087    0.0759    0.0453   -0.0018    0.0071
 AT.   2 MG X    -0.0128    0.0396    0.0209    0.0183    0.0038    0.0002
            Y     0.0261    0.0269   -0.0017    0.0045    0.0010   -0.0040
            Z     0.0206   -0.0565    0.0172    0.0137    0.0078    0.0062
 AT.   3 C  X    -0.0051    0.0284    0.0265    0.0391   -0.0047    0.0230
            Y     0.0392    0.0374    0.0153    0.0088    0.0122   -0.0103
            Z     0.0126   -0.0415   -0.0229    0.0518    0.0026    0.0236
 AT.   4 C  X     0.0086   -0.0003   -0.0138   -0.0067   -0.0071    0.0107
            Y    -0.0568   -0.0013   -0.0016   -0.0057    0.0141    0.0147
            Z    -0.0110   -0.0003    0.0085   -0.0305    0.0065    0.0422
 AT.   5 O  X     0.0064    0.0292    0.0402    0.0325   -0.0057    0.0101
            Y     0.0531    0.0372    0.0375    0.0027    0.0117   -0.0285
            Z     0.0087   -0.0687    0.0003    0.0449    0.0291   -0.0075
 AT.   6 O  X     0.0461    0.0013   -0.0214   -0.0227    0.0366    0.0169
            Y    -0.0598   -0.0105    0.0040   -0.0042   -0.0006    0.0181
            Z    -0.0231    0.0117   -0.0119   -0.0035    0.0351   -0.0045
 AT.   7 O  X    -0.0077   -0.0118   -0.0047    0.0102   -0.0330   -0.0155
            Y    -0.0180    0.0004   -0.0100   -0.0310    0.0538    0.0473
            Z    -0.0056   -0.0063    0.0690   -0.0595    0.0371    0.0699
 AT.   8 O  X     0.0038   -0.0285    0.0433    0.0337    0.0551    0.0163
            Y     0.0391   -0.0363    0.0429    0.0030    0.0282   -0.0161
            Z     0.0131    0.0664   -0.0066    0.0448   -0.0491   -0.0097
 AT.   9 O  X     0.0466   -0.0115   -0.0169   -0.0250   -0.0043    0.0524
            Y    -0.0613    0.0000    0.0003   -0.0046    0.0129    0.0112
            Z    -0.0208    0.0045   -0.0067   -0.0064    0.0075    0.0431
 AT.  10 O  X    -0.0070    0.0045   -0.0104    0.0084   -0.0090   -0.0088
            Y    -0.0205   -0.0137   -0.0067   -0.0317    0.0158    0.0579
            Z    -0.0078    0.0065    0.0711   -0.0613   -0.0204    0.0819

 FREQ(CM**-1)    196.99    209.05    235.46    257.81    281.52    309.84

 AT.   1 CA X    -0.0320    0.0177    0.0045   -0.0223    0.0001   -0.0011
            Y     0.0022   -0.0252   -0.0142    0.0246   -0.0001    0.0024
            Z    -0.0444   -0.0249   -0.0195   -0.0116    0.0001    0.0061
 AT.   2 MG X     0.0057    0.0043    0.0095    0.0056   -0.0661    0.0331
            Y     0.0176   -0.0119   -0.0648    0.0814    0.0222    0.0322
            Z    -0.0174   -0.0095   -0.0032    0.0448   -0.0587   -0.0267
 AT.   3 C  X     0.0101    0.0280    0.0453    0.0352    0.0292   -0.0207
            Y     0.0465   -0.0377   -0.0127    0.0223   -0.0179   -0.0096
            Z    -0.0200   -0.0104    0.0040    0.0180    0.0270   -0.0056
 AT.   4 C  X     0.0025   -0.0109   -0.0279   -0.0160    0.0135   -0.0456
            Y    -0.0303   -0.0061   -0.0159    0.0001   -0.0243   -0.0054
            Z     0.0104   -0.0071   -0.0179   -0.0021    0.0139    0.0066
 AT.   5 O  X     0.0206    0.0354    0.0426    0.0414    0.0210   -0.0150
            Y     0.0584   -0.0312   -0.0149    0.0284   -0.0221   -0.0120
            Z    -0.0747   -0.0332   -0.0711    0.0524    0.0191   -0.0052
 AT.   6 O  X     0.0091   -0.0189   -0.0340   -0.0101    0.0245    0.0553
            Y    -0.0075   -0.0141    0.0312   -0.0234    0.0245    0.0022
            Z     0.0347   -0.0233   -0.0433   -0.0262    0.0377   -0.0770
 AT.   7 O  X     0.0113    0.0017   -0.0135   -0.0245   -0.0217    0.0409
            Y    -0.0049   -0.0303    0.0187   -0.0048    0.0469    0.0231
            Z    -0.0282   -0.0283    0.0332    0.0222   -0.0914   -0.0068
 AT.   8 O  X     0.0315    0.0387   -0.0152   -0.0283   -0.0212    0.0101
            Y     0.0662   -0.0344    0.0309   -0.0334    0.0220    0.0170
            Z    -0.0940   -0.0315    0.0468   -0.0387   -0.0188   -0.0065
 AT.   9 O  X     0.0019   -0.0206   -0.0356   -0.0303   -0.0247   -0.0521
            Y    -0.0304   -0.0040   -0.0150    0.0034   -0.0244   -0.0044
            Z     0.0123   -0.0300   -0.0403   -0.0260   -0.0379    0.0675
 AT.  10 O  X    -0.0018   -0.0056   -0.0258   -0.0204    0.0216   -0.0400
            Y    -0.0212   -0.0145   -0.0215    0.0030   -0.0469   -0.0244
            Z    -0.0194   -0.0150   -0.0321    0.0279    0.0914    0.0057

 FREQ(CM**-1)    319.86    341.37    357.01    380.92    391.81    414.90

 AT.   1 CA X    -0.0090   -0.0734    0.0272    0.0008   -0.0028    0.0088
            Y    -0.0359    0.0009    0.0135   -0.0055   -0.0061    0.0081
            Z    -0.0101    0.0006   -0.0352    0.0104   -0.0023   -0.0106
 AT.   2 MG X    -0.0015   -0.0263   -0.0060    0.0521    0.1005    0.1197
            Y    -0.0081   -0.0117    0.0583    0.1193    0.0054   -0.0600
            Z     0.0004   -0.0039    0.0084   -0.0574    0.1134   -0.0939
 AT.   3 C  X    -0.0330   -0.0100   -0.0284   -0.0236   -0.0106   -0.0083
            Y    -0.0012    0.0169    0.0068   -0.0235   -0.0145    0.0173
            Z     0.0345    0.0243   -0.0245    0.0169   -0.0034    0.0177
 AT.   4 C  X    -0.0426    0.0223    0.0288    0.0049    0.0175    0.0229
            Y     0.0060   -0.0115   -0.0069    0.0146   -0.0115   -0.0121
            Z     0.0113   -0.0179    0.0222   -0.0073    0.0208   -0.0242
 AT.   5 O  X    -0.0064    0.0100   -0.0436   -0.0150    0.0058   -0.0010
            Y     0.0322    0.0435   -0.0217   -0.0136   -0.0043    0.0215
            Z     0.0068    0.0605   -0.0103   -0.0447   -0.0238    0.0502
 AT.   6 O  X     0.0414    0.0368   -0.0593    0.0106   -0.0027   -0.0076
            Y     0.0098   -0.0031    0.0095    0.0055    0.0248   -0.0075
            Z    -0.0005   -0.0376    0.0399   -0.0326    0.0159    0.0107
 AT.   7 O  X    -0.0279    0.0260    0.0235    0.0079   -0.0103   -0.0123
            Y     0.0569    0.0060   -0.0481    0.0183    0.0270    0.0010
            Z    -0.0587   -0.0023    0.0551    0.0106   -0.0881    0.0101
 AT.   8 O  X     0.0437    0.0304   -0.0034    0.0144   -0.0387   -0.0191
            Y     0.0014    0.0409    0.0256    0.0067   -0.0005   -0.0103
            Z     0.0561    0.0933    0.0340    0.0167    0.0309   -0.0198
 AT.   9 O  X    -0.0456    0.0427   -0.0115    0.0078    0.0018    0.0291
            Y     0.0106   -0.0187   -0.0010    0.0177   -0.0085   -0.0165
            Z     0.0653   -0.0415   -0.0117   -0.0197   -0.0106   -0.0342
 AT.  10 O  X    -0.0341    0.0014    0.0309    0.0060    0.0148    0.0192
            Y    -0.0058    0.0179   -0.0219    0.0249   -0.0119    0.0001
            Z    -0.0193    0.0221    0.0543   -0.0250    0.0575    0.0232

 FREQ(CM**-1)    726.84    730.93    737.65    742.68    892.84    893.07

 AT.   1 CA X    -0.0002   -0.0040   -0.0032    0.0014    0.0014   -0.0031
            Y     0.0000    0.0059   -0.0047   -0.0004   -0.0011    0.0009
            Z    -0.0001   -0.0030   -0.0052    0.0012    0.0034    0.0019
 AT.   2 MG X     0.0027    0.0032    0.0006   -0.0157   -0.0005   -0.0006
            Y     0.0022    0.0084    0.0071    0.0052   -0.0005   -0.0000
            Z    -0.0004    0.0009   -0.0061   -0.0145   -0.0006    0.0024
 AT.   3 C  X     0.0238    0.0262   -0.0170   -0.0132    0.0033    0.0048
            Y    -0.0108    0.0024   -0.0535   -0.0199    0.0020   -0.0029
            Z     0.0013   -0.0014   -0.0010    0.0083    0.0294    0.1782
 AT.   4 C  X     0.0475   -0.0504    0.0169   -0.0101   -0.0057    0.0039
            Y    -0.0215    0.0165    0.0536   -0.0295    0.0029    0.0014
            Z     0.0030    0.0047    0.0010   -0.0066    0.1783   -0.0293
 AT.   5 O  X     0.0294    0.0028    0.0885    0.0307   -0.0017   -0.0034
            Y    -0.0333   -0.0463    0.0579    0.0416   -0.0015   -0.0003
            Z    -0.0000   -0.0063    0.0121    0.0065   -0.0085   -0.0490
 AT.   6 O  X     0.1089    0.1092    0.0029   -0.0266    0.0012   -0.0027
            Y     0.0090    0.0008    0.0477    0.0783   -0.0002    0.0017
            Z    -0.0148   -0.0153    0.0001    0.0048   -0.0384    0.0245
 AT.   7 O  X    -0.0232   -0.0310    0.0447    0.0867    0.0018    0.0001
            Y    -0.0939   -0.0847   -0.0380   -0.0409    0.0064   -0.0046
            Z     0.0095    0.0066    0.0051    0.0111   -0.0379    0.0223
 AT.   8 O  X    -0.0262    0.0055    0.0389   -0.0747    0.0011   -0.0031
            Y     0.0277   -0.0507    0.0276   -0.0794    0.0044   -0.0007
            Z    -0.0003   -0.0067    0.0061   -0.0151    0.0237   -0.0466
 AT.   9 O  X    -0.1086    0.1093    0.0036    0.0082    0.0022    0.0002
            Y    -0.0095    0.0019    0.0809   -0.0432    0.0002    0.0007
            Z     0.0146   -0.0152   -0.0028    0.0007   -0.0494    0.0083
 AT.  10 O  X     0.0225   -0.0300    0.0791   -0.0449    0.0019   -0.0014
            Y     0.0942   -0.0854   -0.0644    0.0299    0.0065   -0.0027
            Z    -0.0095    0.0067    0.0139   -0.0095   -0.0491    0.0057

 FREQ(CM**-1)   1132.68   1133.95   1481.37   1523.34   1527.93   1575.62

 AT.   1 CA X    -0.0010   -0.0023    0.0000   -0.0011    0.0019   -0.0030
            Y    -0.0003   -0.0007    0.0000    0.0021    0.0010    0.0002
            Z    -0.0002    0.0028    0.0000    0.0001    0.0037   -0.0029
 AT.   2 MG X     0.0015   -0.0077    0.0010   -0.0000   -0.0016   -0.0007
            Y    -0.0004    0.0019   -0.0004   -0.0072   -0.0016    0.0001
            Z     0.0057    0.0037    0.0015    0.0057   -0.0019   -0.0004
 AT.   3 C  X    -0.0002   -0.0008    0.0196    0.0643   -0.0189    0.1706
            Y     0.0003   -0.0037    0.0883    0.1579   -0.0009    0.0231
            Z     0.0007    0.0007   -0.0001    0.0015   -0.0021   -0.0036
 AT.   4 C  X    -0.0002   -0.0001   -0.0129   -0.0030    0.1550    0.0153
            Y    -0.0009    0.0040    0.1714   -0.0889   -0.0766   -0.0129
            Z    -0.0010   -0.0005    0.0012   -0.0029    0.0053   -0.0022
 AT.   5 O  X     0.0155    0.0398    0.0093    0.0077    0.0049   -0.0458
            Y    -0.0118   -0.0308   -0.0118   -0.0192   -0.0045    0.0261
            Z    -0.0006   -0.0015   -0.0013   -0.0030    0.0002    0.0035
 AT.   6 O  X     0.0087   -0.0124    0.0063    0.0076   -0.0078    0.0088
            Y     0.0762   -0.1024    0.0718    0.0319    0.0200    0.0155
            Z    -0.0014    0.0006    0.0007   -0.0021   -0.0035   -0.0010
 AT.   7 O  X    -0.0709    0.0936    0.0180    0.0353   -0.0448    0.0406
            Y    -0.0300    0.0396    0.0170    0.0192   -0.0092    0.0132
            Z    -0.0013    0.0010   -0.0000   -0.0009   -0.0040    0.0015
 AT.   8 O  X     0.0402   -0.0148   -0.0078    0.0077    0.0284   -0.0342
            Y    -0.0315    0.0118    0.0103    0.0024   -0.0204    0.0196
            Z     0.0000   -0.0002    0.0012    0.0019    0.0015    0.0025
 AT.   9 O  X    -0.0123   -0.0087   -0.0064    0.0062   -0.0086   -0.0020
            Y    -0.1011   -0.0780   -0.0719    0.0364    0.0240    0.0051
            Z     0.0020    0.0007   -0.0006    0.0022   -0.0035    0.0017
 AT.  10 O  X     0.0932    0.0702   -0.0185    0.0125   -0.0473   -0.0011
            Y     0.0406    0.0291   -0.0172    0.0097   -0.0093   -0.0010
            Z     0.0014    0.0007   -0.0000    0.0017   -0.0032    0.0022

 MODES IN ANTI-PHASE

 FREQ(CM**-1)     88.69    125.29    127.36    146.39    164.08    195.29

 AT.   1 CA X     0.0072   -0.0454    0.0019    0.0011   -0.0386    0.0005
            Y    -0.0047   -0.0164   -0.0030    0.0016   -0.0694    0.0101
            Z    -0.0020    0.0600    0.0056    0.0012    0.0026   -0.0020
 AT.   2 MG X     0.0179    0.0158   -0.0308   -0.0299    0.0077   -0.0008
            Y    -0.0365    0.0107    0.0025   -0.0073    0.0020    0.0155
            Z    -0.0288   -0.0225   -0.0254   -0.0223    0.0156   -0.0239
 AT.   3 C  X     0.0069    0.0071    0.0034    0.0174   -0.0197    0.0103
            Y    -0.0412    0.0103    0.0100   -0.0012    0.0167    0.0149
            Z    -0.0036   -0.0096   -0.0072   -0.0028    0.0318    0.0418
 AT.   4 C  X     0.0007   -0.0293    0.0229    0.0423    0.0190    0.0228
            Y     0.0023   -0.0388    0.0182    0.0067   -0.0151   -0.0105
            Z     0.0071    0.0426   -0.0224    0.0419   -0.0313    0.0229
 AT.   5 O  X    -0.0129   -0.0017    0.0241    0.0234   -0.0574   -0.0149
            Y    -0.0671   -0.0023    0.0393    0.0064   -0.0356   -0.0161
            Z     0.0234    0.0021   -0.0477    0.0003    0.0410    0.0064
 AT.   6 O  X     0.0068   -0.0360    0.0294   -0.0447   -0.0108   -0.0736
            Y    -0.0136   -0.0354   -0.0247   -0.0074   -0.0137    0.0083
            Z     0.0098    0.0552    0.0353   -0.0557   -0.0230   -0.0910
 AT.   7 O  X     0.0031   -0.0239   -0.0393   -0.0361    0.0237   -0.0088
            Y    -0.0148   -0.0470    0.0217   -0.0153   -0.0400   -0.0338
            Z    -0.0115    0.0016    0.0197   -0.0350    0.0065   -0.0427
 AT.   8 O  X     0.0139    0.0067   -0.0179   -0.0217   -0.0171    0.0075
            Y     0.0761    0.0084   -0.0334   -0.0063   -0.0247    0.0285
            Z    -0.0212   -0.0176    0.0472    0.0021   -0.0109   -0.0016
 AT.   9 O  X     0.0023   -0.0341   -0.0322    0.0435   -0.0379    0.0543
            Y     0.0017   -0.0370    0.0250    0.0072   -0.0048   -0.0164
            Z    -0.0141    0.0563   -0.0367    0.0555   -0.0413    0.0803
 AT.  10 O  X    -0.0046   -0.0263    0.0382    0.0366    0.0397    0.0155
            Y     0.0111   -0.0449   -0.0229    0.0137   -0.0652    0.0046
            Z     0.0102   -0.0002   -0.0095    0.0319   -0.0317    0.0005

 FREQ(CM**-1)    196.99    209.05    235.46    257.81    281.52    309.84

 AT.   1 CA X    -0.0078    0.0016    0.0071   -0.0406    0.0376    0.0118
            Y     0.0005   -0.0023   -0.0223    0.0449   -0.0161   -0.0262
            Z    -0.0109   -0.0023   -0.0306   -0.0212    0.0264   -0.0659
 AT.   2 MG X    -0.0059   -0.0060   -0.0004    0.0001   -0.0379    0.0234
            Y    -0.0184    0.0168    0.0029    0.0018    0.0127    0.0227
            Z     0.0182    0.0135    0.0001    0.0010   -0.0336   -0.0189
 AT.   3 C  X     0.0207    0.0095    0.0023   -0.0002    0.0010    0.0423
            Y     0.0168   -0.0401    0.0284   -0.0117    0.0178   -0.0010
            Z    -0.0121   -0.0181    0.0191   -0.0070   -0.0006   -0.0135
 AT.   4 C  X     0.0229    0.0275   -0.0358   -0.0313   -0.0258   -0.0117
            Y     0.0391   -0.0547    0.0267   -0.0252    0.0068    0.0079
            Z    -0.0209   -0.0196    0.0076   -0.0191   -0.0232    0.0130
 AT.   5 O  X     0.0285    0.0218    0.0030   -0.0070   -0.0198    0.0258
            Y     0.0312   -0.0206    0.0272   -0.0215   -0.0098   -0.0289
            Z    -0.0601    0.0064    0.0185   -0.0124    0.0367    0.0636
 AT.   6 O  X    -0.0134   -0.0108   -0.0551   -0.0424   -0.0264   -0.0126
            Y    -0.0513    0.0546   -0.0020   -0.0109    0.0100    0.0126
            Z    -0.0398   -0.0392   -0.0646   -0.0476   -0.0198    0.0452
 AT.   7 O  X    -0.0256   -0.0400   -0.0348   -0.0398   -0.0189   -0.0012
            Y    -0.0364    0.0845   -0.0151    0.0005    0.0054    0.0090
            Z     0.0121    0.0707   -0.0200    0.0473    0.0013    0.0054
 AT.   8 O  X    -0.0158   -0.0150    0.0399    0.0311   -0.0197    0.0281
            Y    -0.0007    0.0146   -0.0021    0.0124   -0.0100   -0.0262
            Z     0.0187   -0.0123   -0.0566    0.0374    0.0368    0.0635
 AT.   9 O  X     0.0161    0.0072   -0.0541   -0.0313   -0.0262   -0.0225
            Y     0.0421   -0.0563    0.0274   -0.0256    0.0101    0.0120
            Z     0.0513    0.0343   -0.0665   -0.0477   -0.0196    0.0584
 AT.  10 O  X     0.0280    0.0397   -0.0269   -0.0421   -0.0191   -0.0086
            Y     0.0301   -0.0886    0.0106   -0.0038    0.0057    0.0047
            Z    -0.0238   -0.0747    0.0217    0.0442    0.0007    0.0066

 FREQ(CM**-1)    319.86    341.37    357.01    380.92    391.81    414.90

 AT.   1 CA X     0.0088   -0.0245    0.0164    0.0019   -0.0050    0.0172
            Y     0.0352    0.0003    0.0082   -0.0132   -0.0109    0.0158
            Z     0.0099    0.0002   -0.0213    0.0252   -0.0042   -0.0207
 AT.   2 MG X    -0.0057    0.0233    0.0033    0.0070    0.0009    0.0060
            Y    -0.0317    0.0104   -0.0321    0.0160    0.0000   -0.0030
            Z     0.0014    0.0034   -0.0046   -0.0077    0.0011   -0.0047
 AT.   3 C  X    -0.0276    0.0332   -0.0104    0.0011   -0.0141   -0.0214
            Y     0.0136    0.0105    0.0008   -0.0089    0.0212    0.0055
            Z    -0.0352    0.0112    0.0564    0.0031   -0.0219    0.0186
 AT.   4 C  X     0.0065    0.0266   -0.0093    0.0231    0.0025   -0.0013
            Y    -0.0122    0.0163    0.0005    0.0204    0.0229   -0.0135
            Z     0.0480    0.0198    0.0573   -0.0155   -0.0076   -0.0085
 AT.   5 O  X    -0.0438    0.0373    0.0190    0.0053   -0.0416   -0.0242
            Y    -0.0008    0.0101    0.0403   -0.0042   -0.0032    0.0028
            Z    -0.0560    0.0748    0.0438   -0.0214    0.0218    0.0118
 AT.   6 O  X     0.0465    0.0221    0.0182    0.0217    0.0005    0.0304
            Y    -0.0104   -0.0270   -0.0062    0.0307    0.0050   -0.0257
            Z    -0.0653   -0.0190   -0.0341   -0.0608   -0.0029   -0.0345
 AT.   7 O  X     0.0336   -0.0324    0.0226    0.0164    0.0110    0.0148
            Y     0.0070    0.0217    0.0005    0.0538    0.0023    0.0008
            Z     0.0180    0.0397    0.0324   -0.0248    0.0140    0.0359
 AT.   8 O  X     0.0073   -0.0238   -0.0475   -0.0068   -0.0165   -0.0149
            Y    -0.0321    0.0180   -0.0380   -0.0126   -0.0054    0.0191
            Z    -0.0057   -0.0235   -0.0295   -0.0467   -0.0092    0.0477
 AT.   9 O  X    -0.0423    0.0044   -0.0610    0.0228   -0.0021    0.0116
            Y    -0.0096    0.0197    0.0113    0.0257    0.0239   -0.0211
            Z     0.0019   -0.0073    0.0511   -0.0661    0.0121   -0.0114
 AT.  10 O  X     0.0272    0.0415    0.0103    0.0172   -0.0032   -0.0014
            Y    -0.0570   -0.0138   -0.0428    0.0510    0.0243    0.0013
            Z     0.0583   -0.0331    0.0337   -0.0101   -0.0682    0.0292

 FREQ(CM**-1)    726.84    730.93    737.65    742.68    892.84    893.07

 AT.   1 CA X     0.0037    0.0001   -0.0018    0.0024   -0.0005    0.0005
            Y    -0.0007   -0.0002   -0.0027   -0.0007    0.0004   -0.0002
            Z     0.0019    0.0001   -0.0029    0.0021   -0.0012   -0.0003
 AT.   2 MG X     0.0017   -0.0061   -0.0004   -0.0000    0.0030    0.0017
            Y     0.0014   -0.0158   -0.0042    0.0000    0.0029    0.0001
            Z    -0.0003   -0.0018    0.0036   -0.0000    0.0036   -0.0067
 AT.   3 C  X    -0.0413   -0.0433   -0.0041    0.0192   -0.0063    0.0047
            Y     0.0187    0.0195    0.0035    0.0455    0.0026    0.0010
            Z    -0.0028    0.0046   -0.0030    0.0029    0.1759    0.0004
 AT.   4 C  X     0.0041    0.0047   -0.0044    0.0210    0.0043    0.0055
            Y    -0.0018    0.0106    0.0025    0.0399    0.0015   -0.0027
            Z     0.0005    0.0007   -0.0030   -0.0058   -0.0003    0.1758
 AT.   5 O  X    -0.0354   -0.0391   -0.0078   -0.0685   -0.0038   -0.0003
            Y     0.0645    0.0628   -0.0026   -0.0676   -0.0088    0.0013
            Z     0.0042    0.0061   -0.0001   -0.0137   -0.0474    0.0016
 AT.   6 O  X     0.0003   -0.0060    0.0024   -0.0060   -0.0020   -0.0077
            Y     0.0057   -0.0164    0.0657   -0.0044   -0.0005    0.0026
            Z     0.0016   -0.0007   -0.0034    0.0037    0.0310    0.0421
 AT.   7 O  X     0.0074   -0.0130    0.0654   -0.0015   -0.0009    0.0044
            Y    -0.0071    0.0122   -0.0523    0.0108   -0.0025   -0.0046
            Z    -0.0001   -0.0016    0.0132   -0.0045    0.0313    0.0437
 AT.   8 O  X    -0.0378    0.0388    0.0799   -0.0079    0.0040    0.0015
            Y     0.0671   -0.0594    0.0510    0.0019    0.0077   -0.0011
            Z     0.0042   -0.0056    0.0105   -0.0013    0.0419    0.0155
 AT.   9 O  X    -0.0090   -0.0018    0.0013   -0.0260    0.0007    0.0082
            Y     0.0049    0.0164    0.0070    0.0655    0.0005   -0.0030
            Z     0.0028    0.0018    0.0019    0.0060    0.0006   -0.0480
 AT.  10 O  X     0.0094    0.0152    0.0047    0.0742   -0.0005   -0.0042
            Y     0.0009   -0.0062   -0.0057   -0.0299   -0.0021    0.0059
            Z    -0.0009    0.0011   -0.0024    0.0073    0.0000   -0.0487

 FREQ(CM**-1)   1132.68   1133.95   1481.37   1523.34   1527.93   1575.62

 AT.   1 CA X    -0.0027   -0.0009   -0.0010   -0.0018   -0.0004    0.0010
            Y    -0.0008   -0.0003   -0.0010    0.0035   -0.0002   -0.0001
            Z    -0.0005    0.0011   -0.0013    0.0002   -0.0007    0.0010
 AT.   2 MG X     0.0003    0.0063    0.0006    0.0000    0.0049    0.0037
            Y    -0.0001   -0.0016   -0.0002    0.0002    0.0048   -0.0004
            Z     0.0010   -0.0030    0.0009   -0.0001    0.0055    0.0018
 AT.   3 C  X     0.0002   -0.0028    0.0278   -0.0374    0.1539   -0.0063
            Y     0.0009    0.0016   -0.1470    0.0048   -0.0774   -0.0160
            Z     0.0009    0.0005   -0.0015    0.0025    0.0051   -0.0018
 AT.   4 C  X     0.0002   -0.0030   -0.0315   -0.0743    0.0005    0.1701
            Y    -0.0001    0.0003    0.0048   -0.1306   -0.0106    0.0249
            Z    -0.0005    0.0007    0.0009    0.0001   -0.0015   -0.0033
 AT.   5 O  X     0.0794   -0.0687   -0.0333    0.0127   -0.0615   -0.0038
            Y    -0.0618    0.0537    0.0318   -0.0073    0.0419    0.0020
            Z    -0.0007    0.0015    0.0002    0.0006   -0.0032    0.0005
 AT.   6 O  X    -0.0087    0.0011    0.0025    0.0109    0.0038    0.0150
            Y    -0.0664   -0.0008    0.0029    0.0576   -0.0142    0.0120
            Z     0.0015    0.0003   -0.0014    0.0013    0.0009   -0.0041
 AT.   7 O  X     0.0605   -0.0010    0.0114    0.0325    0.0155    0.0552
            Y     0.0274   -0.0013    0.0044    0.0209    0.0020    0.0190
            Z     0.0007   -0.0000    0.0004    0.0015   -0.0013   -0.0017
 AT.   8 O  X     0.0702    0.0780   -0.0337    0.0127    0.0547    0.0308
            Y    -0.0545   -0.0608    0.0323   -0.0204   -0.0368   -0.0174
            Z    -0.0009   -0.0021    0.0003   -0.0024    0.0029   -0.0025
 AT.   9 O  X    -0.0009   -0.0089    0.0022    0.0118   -0.0005   -0.0173
            Y    -0.0004   -0.0664   -0.0004    0.0549    0.0054   -0.0189
            Z     0.0002    0.0001   -0.0015   -0.0012    0.0006    0.0039
 AT.  10 O  X    -0.0006    0.0620    0.0106    0.0463    0.0031   -0.0685
            Y     0.0011    0.0269    0.0037    0.0267    0.0017   -0.0231
            Z    -0.0003    0.0007    0.0004   -0.0001    0.0028    0.0005


  DISPERSION K POINT NUMBER    19 COORD:  C(  2  0  0 )    WEIGHT:    1.

    MODES         EIGV          FREQUENCIES     IRREP
             (HARTREE**2)   (CM**-1)     (THZ)
    1-   1    0.1057E-06     71.3633    2.1394  (  1)
    2-   2    0.3086E-06    121.9237    3.6552  (  1)
    3-   3    0.3693E-06    133.3813    3.9987  (  1)
    4-   4    0.4418E-06    145.8788    4.3733  (  1)
    5-   5    0.4997E-06    155.1390    4.6509  (  1)
    6-   6    0.8194E-06    198.6704    5.9560  (  1)
    7-   7    0.9168E-06    210.1480    6.3001  (  1)
    8-   8    0.1064E-05    226.4034    6.7874  (  1)
    9-   9    0.1100E-05    230.1703    6.9003  (  1)
   10-  10    0.1322E-05    252.3115    7.5641  (  1)
   11-  11    0.1661E-05    282.8770    8.4804  (  1)
   12-  12    0.1933E-05    305.1802    9.1491  (  1)
   13-  13    0.2089E-05    317.2492    9.5109  (  1)
   14-  14    0.2185E-05    324.4171    9.7258  (  1)
   15-  15    0.2760E-05    364.6302   10.9313  (  1)
   16-  16    0.2990E-05    379.4971   11.3770  (  1)
   17-  17    0.3082E-05    385.2913   11.5507  (  1)
   18-  18    0.3604E-05    416.6457   12.4907  (  1)
   19-  19    0.1097E-04    726.8269   21.7897  (  1)
   20-  20    0.1112E-04    731.9066   21.9420  (  1)
   21-  21    0.1132E-04    738.3699   22.1358  (  1)
   22-  22    0.1149E-04    744.0963   22.3074  (  1)
   23-  23    0.1640E-04    888.8604   26.6474  (  1)
   24-  24    0.1655E-04    892.9100   26.7688  (  1)
   25-  25    0.2663E-04   1132.6280   33.9553  (  1)
   26-  26    0.2668E-04   1133.6666   33.9865  (  1)
   27-  27    0.4623E-04   1492.1890   44.7347  (  1)
   28-  28    0.4741E-04   1511.1758   45.3039  (  1)
   29-  29    0.4926E-04   1540.3791   46.1794  (  1)
   30-  30    0.5390E-04   1611.2346   48.3036  (  1)

 MODES IN PHASE

 FREQ(CM**-1)     71.36    121.92    133.38    145.88    155.14    198.67

 AT.   1 CA X     0.0082   -0.0172    0.0315   -0.0096    0.0395    0.0001
            Y     0.0338    0.0576   -0.0784    0.0215    0.0178    0.0001
            Z    -0.0275    0.0534    0.0050   -0.0992   -0.0031    0.0002
 AT.   2 MG X    -0.0002   -0.0069    0.0016    0.0104    0.0200    0.0258
            Y     0.0064    0.0286    0.0027    0.0029   -0.0152    0.0027
            Z    -0.0100    0.0219   -0.0050   -0.0072    0.0071    0.0068
 AT.   3 C  X     0.0172    0.0074    0.0080   -0.0225    0.0049   -0.0440
            Y     0.0198   -0.0108    0.0323   -0.0103   -0.0007   -0.0082
            Z    -0.0192   -0.0136   -0.0333   -0.0062    0.0135   -0.0183
 AT.   4 C  X     0.0088   -0.0157    0.0003    0.0240    0.0110   -0.0198
            Y     0.0299    0.0492   -0.0122    0.0312    0.0024   -0.0358
            Z    -0.0557    0.0326    0.0219    0.0150    0.0188   -0.0186
 AT.   5 O  X     0.0326    0.0190    0.0307   -0.0278   -0.0076   -0.0394
            Y     0.0400    0.0077    0.0598   -0.0209   -0.0188   -0.0015
            Z    -0.0603    0.0118   -0.0569   -0.0198    0.0621    0.0293
 AT.   6 O  X    -0.0145   -0.0166    0.0335    0.0558    0.0109    0.0499
            Y     0.0154    0.0530   -0.0251    0.0275   -0.0154    0.0361
            Z    -0.0344    0.0338    0.0028    0.0042   -0.0181    0.0560
 AT.   7 O  X     0.0031   -0.0166   -0.0197    0.0090   -0.0316    0.0078
            Y     0.0034    0.0540    0.0174    0.0721    0.0155    0.0631
            Z    -0.0600    0.0568    0.0818    0.0248   -0.0151    0.0214
 AT.   8 O  X     0.0136    0.0174    0.0297   -0.0221    0.0424    0.0393
            Y     0.0050    0.0190    0.0603   -0.0167    0.0484    0.0020
            Z    -0.0148    0.0141   -0.0493   -0.0267   -0.0379   -0.0294
 AT.   9 O  X    -0.0190   -0.0129    0.0268    0.0625    0.0114   -0.0491
            Y     0.0330    0.0484   -0.0147    0.0259    0.0002   -0.0364
            Z    -0.0568    0.0323   -0.0080    0.0057    0.0046   -0.0546
 AT.  10 O  X     0.0209   -0.0181   -0.0134    0.0002    0.0101   -0.0071
            Y     0.0041    0.0541    0.0188    0.0801    0.0021   -0.0634
            Z    -0.0537    0.0583    0.0840    0.0298   -0.0085   -0.0219

 FREQ(CM**-1)    210.15    226.40    230.17    252.31    282.88    305.18

 AT.   1 CA X     0.0017    0.0509    0.0381   -0.0050    0.0107   -0.0263
            Y     0.0013   -0.0312   -0.0540   -0.0145   -0.0403   -0.0291
            Z     0.0009    0.0107    0.0094   -0.0367   -0.0240   -0.0048
 AT.   2 MG X    -0.0016    0.0112    0.0073   -0.0030   -0.0859   -0.0210
            Y     0.0480    0.0124    0.0114   -0.0042   -0.0208    0.0728
            Z     0.0147    0.0094   -0.0056   -0.0218   -0.0004   -0.0530
 AT.   3 C  X     0.0325   -0.0424    0.0283    0.0087    0.0103    0.0051
            Y    -0.0208   -0.0072   -0.0177    0.0056   -0.0172   -0.0147
            Z    -0.0094   -0.0009    0.0366   -0.0076    0.0270   -0.0272
 AT.   4 C  X     0.0356    0.0377   -0.0076    0.0106    0.0001   -0.0178
            Y    -0.0560    0.0178    0.0283    0.0022    0.0150    0.0174
            Z    -0.0245   -0.0137   -0.0228   -0.0036   -0.0339    0.0164
 AT.   5 O  X     0.0335   -0.0356    0.0012    0.0310    0.0114    0.0035
            Y    -0.0147   -0.0029   -0.0574    0.0385   -0.0175   -0.0172
            Z    -0.0580    0.0673    0.0340    0.0024    0.0578   -0.0596
 AT.   6 O  X    -0.0170    0.0472   -0.0212    0.0026   -0.0292    0.0083
            Y     0.0544    0.0180    0.0348   -0.0081    0.0159   -0.0005
            Z    -0.0004    0.0156   -0.0615   -0.0612    0.0773    0.0270
 AT.   7 O  X    -0.0349    0.0562    0.0074   -0.0085   -0.0276    0.0409
            Y     0.0675    0.0081    0.0205    0.0099    0.0075   -0.0362
            Z     0.0469   -0.0120    0.0362    0.0561   -0.0066   -0.0003
 AT.   8 O  X    -0.0300   -0.0504    0.0050   -0.0032   -0.0207    0.0422
            Y     0.0108   -0.0143   -0.0505    0.0014    0.0206   -0.0075
            Z     0.0574    0.0615    0.0332   -0.0399   -0.0147    0.0301
 AT.   9 O  X     0.0205    0.0275   -0.0382   -0.0146    0.0287   -0.0072
            Y    -0.0533    0.0179    0.0366    0.0064    0.0139    0.0213
            Z     0.0045   -0.0091   -0.0740    0.0431    0.0120    0.0476
 AT.  10 O  X     0.0360    0.0472    0.0032    0.0276   -0.0079   -0.0198
            Y    -0.0650   -0.0007    0.0133   -0.0308    0.0315    0.0227
            Z    -0.0440   -0.0194    0.0326   -0.0805   -0.0439   -0.0527

 FREQ(CM**-1)    317.25    324.42    364.63    379.50    385.29    416.65

 AT.   1 CA X    -0.0360    0.0066    0.0164    0.0124   -0.0050    0.0124
            Y    -0.0295    0.0178   -0.0044    0.0094    0.0001   -0.0033
            Z     0.0159   -0.0745   -0.0002    0.0019   -0.0030   -0.0016
 AT.   2 MG X    -0.0016    0.0011    0.0127   -0.0126    0.0148    0.1595
            Y    -0.0026    0.0054    0.0024    0.1323    0.0601   -0.0152
            Z     0.0012    0.0017   -0.0281   -0.0452    0.1420   -0.0245
 AT.   3 C  X     0.0082    0.0275   -0.0244    0.0050    0.0055    0.0391
            Y     0.0127    0.0202    0.0125    0.0209    0.0060   -0.0079
            Z    -0.0292   -0.0043   -0.0201   -0.0068    0.0228   -0.0054
 AT.   4 C  X    -0.0140   -0.0139   -0.0112    0.0282   -0.0083   -0.0002
            Y     0.0106   -0.0198    0.0045    0.0041    0.0190    0.0128
            Z    -0.0429    0.0177   -0.0427    0.0132   -0.0187   -0.0158
 AT.   5 O  X    -0.0089    0.0150   -0.0328   -0.0093    0.0180    0.0329
            Y    -0.0124   -0.0002    0.0001    0.0068    0.0208   -0.0117
            Z     0.0278    0.0757   -0.0006    0.0224    0.0318   -0.0033
 AT.   6 O  X     0.0058   -0.0550   -0.0480   -0.0130    0.0273   -0.0410
            Y    -0.0047   -0.0234    0.0136   -0.0309   -0.0342   -0.0008
            Z     0.0242    0.0562    0.0615    0.0435   -0.0228    0.0393
 AT.   7 O  X    -0.0367   -0.0134    0.0143   -0.0302    0.0016   -0.0246
            Y     0.0242   -0.0513   -0.0436   -0.0346   -0.0098   -0.0317
            Z     0.0048    0.0549    0.0168   -0.0020    0.0589    0.0182
 AT.   8 O  X     0.0406    0.0110    0.0259   -0.0295    0.0090   -0.0064
            Y     0.0232   -0.0034   -0.0249   -0.0243   -0.0251    0.0198
            Z     0.0621    0.0831   -0.0374   -0.0531   -0.0437   -0.0048
 AT.   9 O  X     0.0431   -0.0486    0.0258    0.0041   -0.0085    0.0069
            Y     0.0021   -0.0197    0.0008    0.0104    0.0202    0.0107
            Z     0.0064    0.0430   -0.0320   -0.0408    0.0130   -0.0096
 AT.  10 O  X    -0.0311   -0.0060   -0.0214    0.0327   -0.0132   -0.0016
            Y     0.0432   -0.0474    0.0411    0.0013    0.0208    0.0232
            Z    -0.0752    0.0530   -0.0379    0.0327   -0.0674   -0.0365

 FREQ(CM**-1)    726.83    731.91    738.37    744.10    888.86    892.91

 AT.   1 CA X    -0.0058   -0.0003   -0.0020    0.0009    0.0018   -0.0015
            Y     0.0041    0.0018   -0.0049    0.0003   -0.0006    0.0012
            Z    -0.0032    0.0002   -0.0053    0.0005   -0.0002    0.0011
 AT.   2 MG X     0.0042   -0.0071   -0.0059    0.0155    0.0001    0.0005
            Y     0.0031   -0.0193    0.0001   -0.0051    0.0001    0.0013
            Z     0.0015    0.0019   -0.0014    0.0144    0.0002   -0.0006
 AT.   3 C  X     0.0489    0.0256   -0.0181   -0.0156   -0.0009    0.0004
            Y    -0.0175   -0.0086   -0.0376   -0.0199    0.0040    0.0005
            Z     0.0009   -0.0005   -0.0022    0.0065    0.0719    0.1779
 AT.   4 C  X    -0.0490    0.0166    0.0222   -0.0210   -0.0019   -0.0005
            Y     0.0175   -0.0202    0.0537   -0.0441   -0.0001    0.0029
            Z    -0.0009   -0.0005    0.0030    0.0030    0.1798   -0.0711
 AT.   5 O  X     0.0388    0.0202    0.0599    0.0294   -0.0030   -0.0036
            Y    -0.0779   -0.0424    0.0491    0.0479   -0.0056   -0.0040
            Z    -0.0039   -0.0046    0.0081    0.0102   -0.0177   -0.0490
 AT.   6 O  X     0.0464    0.1056   -0.0053   -0.0356    0.0042   -0.0033
            Y     0.0022    0.0225    0.0773    0.0773   -0.0017    0.0006
            Z    -0.0074   -0.0154   -0.0025    0.0081   -0.0285    0.0246
 AT.   7 O  X    -0.0127   -0.0080    0.0784    0.0872   -0.0019    0.0011
            Y    -0.0366   -0.0972   -0.0559   -0.0340    0.0051   -0.0032
            Z     0.0056    0.0085    0.0151    0.0090   -0.0265    0.0227
 AT.   8 O  X     0.0221   -0.0566    0.0371   -0.0488    0.0010   -0.0036
            Y    -0.0446    0.0583    0.0323   -0.0672   -0.0005   -0.0037
            Z    -0.0016    0.0053    0.0042   -0.0137    0.0258   -0.0489
 AT.   9 O  X     0.1098   -0.0446   -0.0060    0.0297    0.0047   -0.0028
            Y     0.0021   -0.0222    0.0801   -0.0747   -0.0013    0.0005
            Z    -0.0139    0.0045   -0.0026   -0.0067   -0.0475    0.0199
 AT.  10 O  X    -0.0306   -0.0072    0.0818   -0.0824   -0.0007    0.0010
            Y    -0.0895    0.0464   -0.0572    0.0369    0.0068   -0.0027
            Z     0.0091   -0.0030    0.0152   -0.0086   -0.0473    0.0178

 FREQ(CM**-1)   1132.63   1133.67   1492.19   1511.18   1540.38   1611.23

 AT.   1 CA X    -0.0033    0.0001   -0.0001    0.0000    0.0011   -0.0008
            Y    -0.0011    0.0000    0.0021    0.0000   -0.0001    0.0001
            Z     0.0021    0.0001    0.0010    0.0000    0.0009   -0.0004
 AT.   2 MG X    -0.0006    0.0091    0.0010    0.0008   -0.0073   -0.0048
            Y     0.0002   -0.0023    0.0029    0.0063   -0.0014   -0.0017
            Z    -0.0032   -0.0034   -0.0007   -0.0027   -0.0053   -0.0022
 AT.   3 C  X    -0.0021    0.0025   -0.0287    0.0276   -0.0324    0.1688
            Y    -0.0008   -0.0026    0.1716    0.1002   -0.0307    0.0064
            Z     0.0004    0.0000    0.0028   -0.0026    0.0003    0.0017
 AT.   4 C  X     0.0015    0.0038    0.0328    0.0236    0.1706    0.0326
            Y     0.0003   -0.0018   -0.1003    0.1725   -0.0023   -0.0271
            Z    -0.0009    0.0000   -0.0026   -0.0027    0.0008    0.0008
 AT.   5 O  X     0.0504    0.0389    0.0379    0.0097    0.0006   -0.0507
            Y    -0.0390   -0.0304   -0.0366   -0.0139    0.0005    0.0284
            Z    -0.0004   -0.0009   -0.0002   -0.0014   -0.0017   -0.0003
 AT.   6 O  X    -0.0123   -0.0125    0.0040    0.0089    0.0106    0.0065
            Y    -0.1006   -0.1019    0.0353    0.0710   -0.0043   -0.0057
            Z     0.0020    0.0005   -0.0005   -0.0023    0.0006    0.0007
 AT.   7 O  X     0.0916    0.0944    0.0135    0.0318    0.0418    0.0262
            Y     0.0400    0.0399    0.0105    0.0241    0.0135    0.0065
            Z     0.0010    0.0015    0.0002   -0.0011   -0.0016   -0.0001
 AT.   8 O  X     0.0406   -0.0486   -0.0110   -0.0077    0.0364    0.0503
            Y    -0.0313    0.0380    0.0122    0.0115   -0.0221   -0.0283
            Z    -0.0002    0.0012    0.0005    0.0013    0.0020    0.0009
 AT.   9 O  X    -0.0123    0.0125    0.0034   -0.0092   -0.0149   -0.0018
            Y    -0.1016    0.1008    0.0404   -0.0714   -0.0065    0.0098
            Z     0.0021   -0.0006    0.0023    0.0025    0.0003   -0.0009
 AT.  10 O  X     0.0926   -0.0934    0.0004   -0.0325   -0.0615   -0.0074
            Y     0.0402   -0.0397    0.0065   -0.0243   -0.0204   -0.0005
            Z     0.0010   -0.0015   -0.0002    0.0011    0.0006    0.0012

 MODES IN ANTI-PHASE

 FREQ(CM**-1)     71.36    121.92    133.38    145.88    155.14    198.67

 AT.   1 CA X    -0.0027   -0.0016   -0.0053    0.0019   -0.0912    0.0163
            Y    -0.0109    0.0052    0.0133   -0.0042   -0.0410    0.0123
            Z     0.0089    0.0048   -0.0008    0.0194    0.0073    0.0255
 AT.   2 MG X     0.0007    0.0097   -0.0044   -0.0304    0.0269    0.0146
            Y    -0.0300   -0.0405   -0.0074   -0.0083   -0.0205    0.0015
            Z     0.0464   -0.0311    0.0134    0.0209    0.0095    0.0038
 AT.   3 C  X     0.0071   -0.0144    0.0018    0.0211   -0.0275   -0.0018
            Y     0.0281    0.0554   -0.0062    0.0301   -0.0136    0.0364
            Z    -0.0541    0.0313    0.0159    0.0143   -0.0247    0.0111
 AT.   4 C  X     0.0165   -0.0037    0.0082   -0.0194    0.0256    0.0394
            Y     0.0169    0.0276    0.0306   -0.0060    0.0134   -0.0105
            Z    -0.0136    0.0098   -0.0297   -0.0042    0.0209    0.0106
 AT.   5 O  X     0.0220   -0.0069   -0.0022   -0.0099   -0.0509   -0.0105
            Y     0.0470    0.0636   -0.0116   -0.0073   -0.0487    0.0278
            Z    -0.0584    0.0136   -0.0133    0.0221   -0.0062   -0.0058
 AT.   6 O  X     0.0123    0.0192    0.0148   -0.0287   -0.0257    0.0482
            Y    -0.0351   -0.0209   -0.0275   -0.0009    0.0141   -0.0143
            Z     0.0493   -0.0056    0.0323   -0.0048    0.0106    0.0788
 AT.   7 O  X    -0.0314   -0.0102   -0.0157    0.0217    0.0158    0.0416
            Y    -0.0023    0.0054   -0.0071   -0.0353   -0.0173   -0.0192
            Z     0.0085    0.0135   -0.0206   -0.0182    0.0258   -0.0274
 AT.   8 O  X    -0.0369    0.0102   -0.0080    0.0196   -0.0292   -0.0112
            Y    -0.0615   -0.0612   -0.0087    0.0146   -0.0195    0.0277
            Z     0.0826   -0.0112    0.0313   -0.0130   -0.0496   -0.0053
 AT.   9 O  X    -0.0015   -0.0218   -0.0250    0.0056   -0.0255    0.0491
            Y     0.0195    0.0301    0.0342   -0.0095    0.0208   -0.0137
            Z    -0.0199    0.0116   -0.0315    0.0029    0.0204    0.0798
 AT.  10 O  X     0.0236    0.0071    0.0213   -0.0235    0.0338    0.0418
            Y    -0.0001    0.0044    0.0010    0.0056   -0.0232   -0.0182
            Z     0.0282   -0.0031   -0.0075    0.0076    0.0286   -0.0271

 FREQ(CM**-1)    210.15    226.40    230.17    252.31    282.88    305.18

 AT.   1 CA X    -0.0313   -0.0104    0.0046    0.0050    0.0088   -0.0219
            Y    -0.0239    0.0063   -0.0065    0.0145   -0.0333   -0.0242
            Z    -0.0166   -0.0022    0.0011    0.0367   -0.0198   -0.0040
 AT.   2 MG X    -0.0011   -0.0335   -0.0097   -0.0113    0.0320    0.0077
            Y     0.0312   -0.0369   -0.0152   -0.0157    0.0078   -0.0269
            Z     0.0095   -0.0281    0.0075   -0.0814    0.0002    0.0195
 AT.   3 C  X    -0.0203    0.0328    0.0166    0.0060   -0.0299    0.0391
            Y     0.0541    0.0170    0.0223   -0.0054    0.0039   -0.0107
            Z     0.0235   -0.0139    0.0035    0.0059    0.0255    0.0276
 AT.   4 C  X    -0.0144   -0.0380    0.0319   -0.0009   -0.0316    0.0351
            Y    -0.0150   -0.0051    0.0026    0.0075    0.0093   -0.0052
            Z    -0.0062   -0.0026    0.0288   -0.0089    0.0153    0.0351
 AT.   5 O  X    -0.0318    0.0452    0.0157    0.0032   -0.0233    0.0423
            Y     0.0360    0.0296    0.0218   -0.0014    0.0243   -0.0045
            Z     0.0032    0.0011    0.0006    0.0399   -0.0261    0.0416
 AT.   6 O  X    -0.0340    0.0406   -0.0738    0.0146    0.0349   -0.0089
            Y    -0.0076   -0.0034    0.0117   -0.0063    0.0111    0.0218
            Z    -0.0391    0.0601   -0.0600   -0.0430   -0.0026    0.0434
 AT.   7 O  X    -0.0123    0.0117   -0.0165   -0.0276   -0.0027   -0.0277
            Y    -0.0206    0.0208   -0.0277    0.0308    0.0306    0.0298
            Z    -0.0247    0.0213   -0.0105    0.0804   -0.0435   -0.0535
 AT.   8 O  X    -0.0352   -0.0277   -0.0149   -0.0310    0.0156   -0.0042
            Y     0.0374   -0.0261   -0.0348   -0.0385   -0.0218   -0.0161
            Z     0.0093   -0.0273    0.0075   -0.0024    0.0617   -0.0662
 AT.   9 O  X    -0.0320   -0.0558    0.0666   -0.0026   -0.0353    0.0098
            Y    -0.0133   -0.0039   -0.0030    0.0081    0.0135   -0.0044
            Z    -0.0389   -0.0614    0.0436    0.0611    0.0764    0.0186
 AT.  10 O  X    -0.0086   -0.0327    0.0178    0.0085   -0.0266    0.0452
            Y    -0.0276   -0.0223    0.0318   -0.0099    0.0016   -0.0410
            Z    -0.0295   -0.0150    0.0188   -0.0560    0.0018    0.0094

 FREQ(CM**-1)    317.25    324.42    364.63    379.50    385.29    416.65

 AT.   1 CA X     0.0230   -0.0010   -0.0556    0.0241   -0.0084    0.0216
            Y     0.0188   -0.0027    0.0150    0.0183    0.0002   -0.0057
            Z    -0.0102    0.0113    0.0008    0.0036   -0.0051   -0.0027
 AT.   2 MG X    -0.0356   -0.0029    0.0133   -0.0006   -0.0001    0.0007
            Y    -0.0585   -0.0137    0.0025    0.0066   -0.0006   -0.0001
            Z     0.0263   -0.0043   -0.0295   -0.0022   -0.0014   -0.0001
 AT.   3 C  X    -0.0229   -0.0081   -0.0231   -0.0332    0.0063   -0.0219
            Y     0.0040   -0.0158    0.0145   -0.0140   -0.0258   -0.0102
            Z    -0.0318    0.0172    0.0544   -0.0114    0.0081    0.0212
 AT.   4 C  X     0.0199    0.0250    0.0317   -0.0183   -0.0015   -0.0448
            Y     0.0081    0.0163   -0.0186   -0.0248   -0.0185    0.0019
            Z    -0.0056   -0.0004   -0.0393    0.0015   -0.0153    0.0151
 AT.   5 O  X    -0.0489    0.0109    0.0031   -0.0431    0.0202    0.0119
            Y    -0.0313    0.0111    0.0458   -0.0251   -0.0172    0.0162
            Z    -0.0556   -0.0363    0.0700   -0.0493   -0.0324   -0.0075
 AT.   6 O  X    -0.0448   -0.0133    0.0269   -0.0043    0.0053   -0.0162
            Y    -0.0045   -0.0090   -0.0225   -0.0094    0.0042    0.0120
            Z     0.0042    0.0358   -0.0363   -0.0190    0.0023    0.0120
 AT.   7 O  X     0.0172   -0.0230    0.0174    0.0186   -0.0141   -0.0163
            Y    -0.0364   -0.0053   -0.0082   -0.0232    0.0183    0.0083
            Z     0.0851   -0.0019    0.0439    0.0389   -0.0445   -0.0316
 AT.   8 O  X     0.0287   -0.0149    0.0204   -0.0327    0.0255    0.0344
            Y     0.0244   -0.0105    0.0384   -0.0091    0.0099   -0.0019
            Z    -0.0019    0.0122    0.0592   -0.0106    0.0122   -0.0067
 AT.   9 O  X     0.0136    0.0290    0.0487   -0.0130    0.0265   -0.0435
            Y     0.0062    0.0155   -0.0263   -0.0306   -0.0280    0.0053
            Z    -0.0237   -0.0509   -0.0639    0.0242   -0.0188    0.0400
 AT.  10 O  X     0.0261    0.0260    0.0069   -0.0137   -0.0054   -0.0294
            Y    -0.0066    0.0203    0.0167   -0.0416    0.0002   -0.0230
            Z    -0.0401   -0.0146    0.0278    0.0211    0.0301   -0.0003

 FREQ(CM**-1)    726.83    731.91    738.37    744.10    888.86    892.91

 AT.   1 CA X    -0.0034   -0.0005   -0.0003    0.0055   -0.0009    0.0001
            Y     0.0024    0.0030   -0.0008    0.0016    0.0003   -0.0001
            Z    -0.0019    0.0003   -0.0009    0.0031    0.0001   -0.0001
 AT.   2 MG X    -0.0024    0.0001    0.0072    0.0058   -0.0021   -0.0010
            Y    -0.0018    0.0002   -0.0002   -0.0019   -0.0012   -0.0025
            Z    -0.0008   -0.0000    0.0017    0.0054   -0.0033    0.0011
 AT.   3 C  X     0.0059   -0.0349    0.0130    0.0184   -0.0017   -0.0003
            Y     0.0028    0.0288    0.0386    0.0410   -0.0018    0.0034
            Z    -0.0008    0.0009    0.0021   -0.0018    0.1648    0.0011
 AT.   4 C  X     0.0049   -0.0400   -0.0022    0.0117   -0.0001    0.0003
            Y     0.0032    0.0222    0.0043    0.0116    0.0044    0.0018
            Z    -0.0008    0.0009    0.0001   -0.0060   -0.0010    0.1631
 AT.   5 O  X     0.0039   -0.0535   -0.0609   -0.0649   -0.0035   -0.0004
            Y    -0.0082    0.0432   -0.0442   -0.0678   -0.0034   -0.0021
            Z     0.0004    0.0035   -0.0106   -0.0124   -0.0449    0.0022
 AT.   6 O  X     0.0998    0.0071   -0.0031   -0.0125   -0.0027   -0.0039
            Y     0.0012   -0.0130    0.0216   -0.0047    0.0003    0.0012
            Z    -0.0118   -0.0034   -0.0009    0.0030    0.0380    0.0433
 AT.   7 O  X    -0.0279   -0.0126    0.0236    0.0004   -0.0006    0.0008
            Y    -0.0820   -0.0005   -0.0132    0.0147   -0.0047   -0.0043
            Z     0.0073    0.0013    0.0027   -0.0004    0.0392    0.0447
 AT.   8 O  X     0.0322   -0.0081    0.0769   -0.0519    0.0045    0.0008
            Y    -0.0643   -0.0163    0.0577   -0.0487    0.0066    0.0025
            Z    -0.0036   -0.0023    0.0126   -0.0084    0.0407    0.0030
 AT.   9 O  X    -0.0074    0.0959    0.0012   -0.0233   -0.0018    0.0042
            Y     0.0013    0.0135    0.0044    0.0205    0.0012   -0.0013
            Z    -0.0009   -0.0151    0.0000    0.0055    0.0006   -0.0456
 AT.  10 O  X     0.0023   -0.0131    0.0028    0.0285    0.0019   -0.0009
            Y     0.0074   -0.0854   -0.0054    0.0030   -0.0013    0.0046
            Z     0.0014    0.0081    0.0023    0.0025   -0.0017   -0.0468

 FREQ(CM**-1)   1132.63   1133.67   1492.19   1511.18   1540.38   1611.23

 AT.   1 CA X    -0.0002    0.0018   -0.0002   -0.0006    0.0027   -0.0055
            Y    -0.0001    0.0005    0.0033   -0.0009   -0.0004    0.0009
            Z     0.0002    0.0015    0.0015   -0.0005    0.0022   -0.0024
 AT.   2 MG X     0.0009    0.0044   -0.0000    0.0005   -0.0011   -0.0019
            Y    -0.0002   -0.0011   -0.0001    0.0041   -0.0002   -0.0007
            Z     0.0047   -0.0016    0.0000   -0.0018   -0.0008   -0.0009
 AT.   3 C  X     0.0002   -0.0031   -0.0198   -0.0092   -0.1676    0.0071
            Y    -0.0003    0.0010    0.0003   -0.1404    0.0097    0.0294
            Z    -0.0009    0.0000    0.0012    0.0015   -0.0009   -0.0004
 AT.   4 C  X    -0.0015   -0.0012    0.0118   -0.0171   -0.0076   -0.1658
            Y    -0.0008    0.0020   -0.1392    0.0002    0.0321   -0.0131
            Z    -0.0002   -0.0000   -0.0016    0.0012   -0.0005   -0.0016
 AT.   5 O  X    -0.0635   -0.0689    0.0051   -0.0208    0.0536    0.0057
            Y     0.0495    0.0538   -0.0032    0.0249   -0.0316   -0.0037
            Z     0.0009    0.0015    0.0005    0.0016    0.0011    0.0022
 AT.   6 O  X    -0.0010    0.0011    0.0055    0.0037   -0.0105    0.0159
            Y    -0.0144   -0.0003    0.0603    0.0081   -0.0141    0.0154
            Z     0.0007   -0.0004    0.0023   -0.0021    0.0011   -0.0009
 AT.   7 O  X     0.0133   -0.0002    0.0065    0.0087   -0.0453    0.0627
            Y     0.0044   -0.0010    0.0119    0.0033   -0.0155    0.0203
            Z     0.0002   -0.0001   -0.0002    0.0005   -0.0008    0.0037
 AT.   8 O  X     0.0702   -0.0625    0.0367   -0.0217    0.0393   -0.0089
            Y    -0.0546    0.0488   -0.0347    0.0262   -0.0226    0.0044
            Z    -0.0009    0.0014    0.0001    0.0017   -0.0004    0.0020
 AT.   9 O  X    -0.0008   -0.0007    0.0059    0.0028   -0.0003    0.0171
            Y    -0.0004   -0.0152    0.0570    0.0011   -0.0132    0.0132
            Z    -0.0004   -0.0003    0.0005   -0.0019    0.0012   -0.0006
 AT.  10 O  X     0.0002    0.0136    0.0150    0.0056   -0.0042    0.0676
            Y     0.0014    0.0048    0.0144    0.0009   -0.0019    0.0213
            Z    -0.0001    0.0002    0.0001    0.0006   -0.0017    0.0035


  DISPERSION K POINT NUMBER    20 COORD:  C(  2  0  1 )    WEIGHT:    1.

    MODES         EIGV          FREQUENCIES     IRREP
             (HARTREE**2)   (CM**-1)     (THZ)
    1-   1    0.2471E-06    109.1015    3.2708  (  1)
    2-   2    0.3761E-06    134.5929    4.0350  (  1)
    3-   3    0.4602E-06    148.8917    4.4637  (  1)
    4-   4    0.4967E-06    154.6859    4.6374  (  1)
    5-   5    0.5328E-06    160.2087    4.8029  (  1)
    6-   6    0.7033E-06    184.0545    5.5178  (  1)
    7-   7    0.9694E-06    216.0869    6.4781  (  1)
    8-   8    0.1188E-05    239.1835    7.1705  (  1)
    9-   9    0.1201E-05    240.5610    7.2118  (  1)
   10-  10    0.1397E-05    259.4025    7.7767  (  1)
   11-  11    0.1812E-05    295.4218    8.8565  (  1)
   12-  12    0.1898E-05    302.3323    9.0637  (  1)
   13-  13    0.2158E-05    322.4106    9.6656  (  1)
   14-  14    0.2260E-05    329.9349    9.8912  (  1)
   15-  15    0.2533E-05    349.2746   10.4710  (  1)
   16-  16    0.2983E-05    379.0704   11.3642  (  1)
   17-  17    0.3110E-05    387.0477   11.6034  (  1)
   18-  18    0.3154E-05    389.7960   11.6858  (  1)
   19-  19    0.1095E-04    726.2550   21.7726  (  1)
   20-  20    0.1115E-04    732.7818   21.9682  (  1)
   21-  21    0.1117E-04    733.3612   21.9856  (  1)
   22-  22    0.1120E-04    734.5993   22.0227  (  1)
   23-  23    0.1646E-04    890.4671   26.6955  (  1)
   24-  24    0.1646E-04    890.4847   26.6961  (  1)
   25-  25    0.2663E-04   1132.5140   33.9519  (  1)
   26-  26    0.2663E-04   1132.5319   33.9525  (  1)
   27-  27    0.4705E-04   1505.3916   45.1305  (  1)
   28-  28    0.4770E-04   1515.8639   45.4445  (  1)
   29-  29    0.5027E-04   1556.0804   46.6501  (  1)
   30-  30    0.5286E-04   1595.6460   47.8363  (  1)

 MODES IN PHASE

 FREQ(CM**-1)    109.10    134.59    148.89    154.69    160.21    184.05

 AT.   1 CA X     0.0247    0.0443   -0.0692   -0.0084    0.0060   -0.0294
            Y     0.0566    0.0054    0.0458    0.0921    0.0066   -0.0025
            Z    -0.0148   -0.0141   -0.0612    0.0674   -0.0157   -0.0199
 AT.   2 MG X    -0.0162   -0.0190   -0.0043   -0.0273   -0.0059    0.0016
            Y     0.0121   -0.0086    0.0431    0.0215   -0.0017    0.0142
            Z    -0.0555   -0.0019    0.0226   -0.0173   -0.0004   -0.0387
 AT.   3 C  X     0.0065   -0.0027   -0.0135    0.0298   -0.0036   -0.0363
            Y     0.0171    0.0064   -0.0215   -0.0196    0.0356   -0.0041
            Z     0.0337    0.0015   -0.0286    0.0021   -0.0401   -0.0388
 AT.   4 C  X    -0.0084   -0.0056    0.0310   -0.0134   -0.0069   -0.0362
            Y    -0.0051    0.0086    0.0118    0.0089    0.0228   -0.0068
            Z     0.0014    0.0063    0.0197   -0.0334   -0.0126   -0.0334
 AT.   5 O  X    -0.0005    0.0114   -0.0115    0.0334    0.0164   -0.0305
            Y     0.0075    0.0204   -0.0189   -0.0081    0.0604    0.0050
            Z     0.0287    0.0083   -0.0457    0.0297   -0.0660    0.0241
 AT.   6 O  X    -0.0396   -0.0216   -0.0541   -0.0172    0.0194    0.0330
            Y    -0.0068   -0.0107    0.0162    0.0133   -0.0250    0.0102
            Z    -0.0215   -0.0393   -0.0379    0.0574    0.0402    0.0189
 AT.   7 O  X    -0.0169   -0.0394    0.0132   -0.0149    0.0066    0.0058
            Y     0.0165    0.0694    0.0470    0.0235   -0.0059    0.0019
            Z    -0.0600    0.0541    0.0102   -0.0055   -0.0250    0.0098
 AT.   8 O  X    -0.0002    0.0473   -0.0103    0.0337   -0.0187    0.0132
            Y     0.0077    0.0266   -0.0232   -0.0092   -0.0594    0.0079
            Z     0.0282   -0.0388   -0.0496    0.0255    0.0653   -0.0553
 AT.   9 O  X    -0.0396    0.0509   -0.0596   -0.0146   -0.0047    0.0306
            Y    -0.0070    0.0006    0.0135    0.0110    0.0123   -0.0086
            Z    -0.0212    0.0114   -0.0419    0.0640   -0.0346    0.0794
 AT.  10 O  X    -0.0170    0.0006    0.0134   -0.0200   -0.0012   -0.0272
            Y     0.0169   -0.0091    0.0477    0.0265    0.0077   -0.0234
            Z    -0.0594   -0.0269    0.0139    0.0019    0.0035   -0.0548

 FREQ(CM**-1)    216.09    239.18    240.56    259.40    295.42    302.33

 AT.   1 CA X     0.0068    0.0135   -0.0108   -0.0002    0.0655    0.0080
            Y    -0.0038    0.0114   -0.0022   -0.0006   -0.0141    0.0470
            Z    -0.0432    0.0192    0.0200   -0.0003   -0.0306    0.0040
 AT.   2 MG X    -0.0206   -0.0238    0.0212    0.0025    0.0557    0.0380
            Y    -0.0062   -0.0245   -0.0179   -0.0027    0.0528   -0.0456
            Z     0.0184    0.0168   -0.0228   -0.0067    0.0141    0.0195
 AT.   3 C  X    -0.0107   -0.0408   -0.0240    0.0326   -0.0142   -0.0328
            Y    -0.0478   -0.0367    0.0443    0.0143    0.0291   -0.0027
            Z     0.0254    0.0060   -0.0041    0.0143   -0.0119   -0.0280
 AT.   4 C  X    -0.0318    0.0090   -0.0190    0.0345    0.0315    0.0316
            Y     0.0144   -0.0226    0.0656   -0.0091   -0.0193   -0.0064
            Z     0.0065   -0.0060    0.0102    0.0069   -0.0092    0.0197
 AT.   5 O  X    -0.0312   -0.0306   -0.0335    0.0552   -0.0305   -0.0306
            Y    -0.0778   -0.0168    0.0303    0.0421    0.0037   -0.0050
            Z     0.0594    0.0358    0.0030    0.0369    0.0405   -0.0942
 AT.   6 O  X     0.0168   -0.0329   -0.0083    0.0312   -0.0475    0.0032
            Y     0.0223    0.0175   -0.0638   -0.0339   -0.0151   -0.0077
            Z     0.0074   -0.0089   -0.0076   -0.0536    0.0497   -0.0343
 AT.   7 O  X    -0.0223    0.0565    0.0150   -0.0366    0.0267    0.0131
            Y     0.0193    0.0331    0.0196    0.0276    0.0094   -0.0086
            Z     0.0386   -0.0275    0.0382    0.0453   -0.0024    0.0013
 AT.   8 O  X    -0.0157   -0.0533   -0.0015   -0.0534   -0.0277   -0.0049
            Y    -0.0719   -0.0015   -0.0445   -0.0497   -0.0090    0.0203
            Z     0.0414    0.0444    0.0240   -0.0290    0.0406    0.0180
 AT.   9 O  X     0.0017    0.0739    0.0072   -0.0357   -0.0514    0.0149
            Y     0.0377    0.0304   -0.0154    0.0338   -0.0059   -0.0058
            Z    -0.0129    0.0376    0.0476    0.0464    0.0505    0.0323
 AT.  10 O  X    -0.0334    0.0089   -0.0254    0.0431    0.0278    0.0372
            Y     0.0133   -0.0250    0.0870   -0.0299   -0.0071   -0.0244
            Z     0.0319   -0.0103    0.0521   -0.0527    0.0226    0.0224

 FREQ(CM**-1)    322.41    329.93    349.27    379.07    387.05    389.80

 AT.   1 CA X    -0.0543   -0.0042   -0.0085   -0.0302   -0.0168    0.0005
            Y    -0.0222   -0.0170    0.0370    0.0121   -0.0014    0.0016
            Z    -0.0307    0.0315   -0.0126   -0.0013    0.0072    0.0276
 AT.   2 MG X    -0.0106   -0.0495    0.0171   -0.0517    0.1398    0.0168
            Y    -0.0532   -0.0283   -0.0084    0.0215   -0.0150    0.1487
            Z    -0.0340   -0.0143   -0.0295    0.1223    0.0513   -0.0303
 AT.   3 C  X    -0.0109   -0.0035    0.0116    0.0099   -0.0024   -0.0211
            Y     0.0216    0.0051    0.0436    0.0100   -0.0103    0.0056
            Z     0.0408    0.0161   -0.0080   -0.0072    0.0216    0.0261
 AT.   4 C  X     0.0223    0.0131    0.0058   -0.0085   -0.0193    0.0137
            Y    -0.0100   -0.0106   -0.0409   -0.0044    0.0134    0.0101
            Z    -0.0293   -0.0064   -0.0006    0.0099   -0.0334    0.0063
 AT.   5 O  X     0.0168   -0.0067    0.0010    0.0087    0.0161   -0.0174
            Y     0.0570    0.0039    0.0204    0.0058    0.0079    0.0112
            Z     0.0473   -0.0133    0.0826    0.0330    0.0172    0.0023
 AT.   6 O  X    -0.0066   -0.0106    0.0170    0.0147    0.0116    0.0424
            Y    -0.0221   -0.0150   -0.0276   -0.0366   -0.0023   -0.0255
            Z    -0.0004   -0.0688   -0.0252    0.0159   -0.0201   -0.0457
 AT.   7 O  X     0.0147   -0.0275   -0.0227    0.0049   -0.0269    0.0168
            Y     0.0280    0.0326   -0.0359   -0.0020    0.0373    0.0146
            Z     0.0173   -0.1006    0.0125   -0.0269   -0.0673    0.0010
 AT.   8 O  X     0.0248   -0.0472   -0.0233    0.0115    0.0319   -0.0176
            Y     0.0536   -0.0028    0.0153    0.0294    0.0118    0.0109
            Z     0.0625   -0.0224    0.0032    0.0678    0.0222    0.0021
 AT.   9 O  X    -0.0298   -0.0241    0.0326    0.0263    0.0156    0.0426
            Y    -0.0127   -0.0094    0.0348   -0.0305    0.0014   -0.0255
            Z     0.0322   -0.0231   -0.0583   -0.0199   -0.0208   -0.0461
 AT.  10 O  X     0.0010    0.0175   -0.0025   -0.0074   -0.0275    0.0167
            Y     0.0322   -0.0198   -0.0329   -0.0249    0.0285    0.0144
            Z     0.0191    0.0093    0.0658   -0.0048   -0.0709    0.0010

 FREQ(CM**-1)    726.26    732.78    733.36    734.60    890.47    890.48

 AT.   1 CA X    -0.0006   -0.0001    0.0064    0.0009   -0.0016    0.0010
            Y     0.0003   -0.0003   -0.0047    0.0012    0.0012    0.0013
            Z     0.0035   -0.0047    0.0001   -0.0003    0.0006    0.0012
 AT.   2 MG X     0.0055    0.0117   -0.0009    0.0009   -0.0024   -0.0017
            Y    -0.0165    0.0041    0.0018    0.0002    0.0020   -0.0020
            Z     0.0008   -0.0016    0.0142    0.0026    0.0007    0.0011
 AT.   3 C  X     0.0342    0.0032   -0.0411   -0.0356    0.0006    0.0016
            Y     0.0065   -0.0417    0.0036    0.0154    0.0008   -0.0049
            Z     0.0043    0.0014    0.0010   -0.0003    0.1791    0.1072
 AT.   4 C  X     0.0288   -0.0035   -0.0000   -0.0092    0.0017   -0.0006
            Y    -0.0249   -0.0396   -0.0370    0.0312   -0.0048   -0.0008
            Z     0.0031    0.0025    0.0006    0.0001   -0.1072    0.1791
 AT.   5 O  X    -0.0033    0.0739   -0.0094   -0.0206   -0.0024   -0.0046
            Y    -0.0662    0.0354    0.0724    0.0635   -0.0031   -0.0015
            Z    -0.0069    0.0105    0.0063    0.0077   -0.0493   -0.0286
 AT.   6 O  X     0.0625   -0.0497   -0.0239   -0.0623   -0.0035   -0.0061
            Y     0.0354    0.0324    0.0524    0.0480    0.0001    0.0002
            Z    -0.0078    0.0076    0.0027    0.0097    0.0252    0.0467
 AT.   7 O  X    -0.0579    0.0148   -0.0227   -0.0384    0.0011    0.0004
            Y     0.0407   -0.0774    0.0704    0.0472   -0.0045    0.0020
            Z    -0.0080    0.0122   -0.0081   -0.0100    0.0235   -0.0207
 AT.   8 O  X    -0.0655    0.0023   -0.0327    0.0041   -0.0025    0.0018
            Y    -0.0383   -0.0520    0.0547   -0.0793   -0.0028    0.0042
            Z    -0.0081   -0.0070    0.0034   -0.0112   -0.0490    0.0237
 AT.   9 O  X     0.0618    0.0592   -0.0547    0.0391   -0.0031   -0.0046
            Y    -0.0324    0.0443    0.0419   -0.0530   -0.0002   -0.0012
            Z    -0.0073   -0.0099    0.0060   -0.0058    0.0200    0.0236
 AT.  10 O  X    -0.0057   -0.0603   -0.0451    0.0177    0.0014    0.0000
            Y     0.0784    0.0496    0.0576   -0.0580   -0.0052    0.0033
            Z    -0.0085   -0.0123   -0.0079    0.0096    0.0280   -0.0506

 FREQ(CM**-1)   1132.51   1132.53   1505.39   1515.86   1556.08   1595.65

 AT.   1 CA X     0.0001   -0.0011    0.0002    0.0023    0.0001    0.0001
            Y    -0.0000   -0.0033   -0.0008   -0.0046    0.0001    0.0001
            Z     0.0000    0.0001   -0.0040    0.0017   -0.0003   -0.0000
 AT.   2 MG X     0.0001   -0.0089    0.0046   -0.0023    0.0035    0.0000
            Y     0.0003    0.0015   -0.0056    0.0033    0.0029    0.0000
            Z    -0.0000   -0.0001   -0.0024   -0.0077   -0.0001    0.0000
 AT.   3 C  X     0.0021   -0.0017    0.0964   -0.0693    0.0922    0.0511
            Y     0.0014   -0.0012   -0.1125   -0.0972   -0.0932    0.1129
            Z     0.0002    0.0003   -0.0047   -0.0010    0.0043   -0.0017
 AT.   4 C  X    -0.0018   -0.0015    0.0058    0.1418    0.0187    0.1277
            Y     0.0000    0.0002   -0.1211    0.0426    0.1244    0.0282
            Z     0.0004   -0.0004   -0.0026   -0.0007   -0.0024    0.0008
 AT.   5 O  X     0.0406    0.0464   -0.0465    0.0027   -0.0454    0.0028
            Y    -0.0304   -0.0338    0.0375    0.0079    0.0333   -0.0158
            Z    -0.0005   -0.0009    0.0034   -0.0002   -0.0026   -0.0006
 AT.   6 O  X     0.0071    0.0054   -0.0039    0.0016   -0.0044   -0.0006
            Y     0.0515    0.0431   -0.0546   -0.0136   -0.0525    0.0312
            Z    -0.0010   -0.0003   -0.0008   -0.0024    0.0007   -0.0023
 AT.   7 O  X     0.0929    0.0944    0.0295   -0.0613    0.0410    0.0542
            Y     0.0398    0.0398    0.0132   -0.0245    0.0186    0.0183
            Z     0.0010    0.0014    0.0017    0.0009   -0.0013    0.0029
 AT.   8 O  X    -0.0459    0.0412   -0.0249    0.0086    0.0307   -0.0010
            Y     0.0344   -0.0299    0.0143    0.0042   -0.0118    0.0144
            Z     0.0005   -0.0008    0.0011    0.0001    0.0013    0.0005
 AT.   9 O  X    -0.0063    0.0062    0.0010   -0.0005   -0.0046   -0.0001
            Y    -0.0448    0.0499   -0.0503   -0.0200    0.0371   -0.0332
            Z     0.0008   -0.0003   -0.0022   -0.0024   -0.0012    0.0025
 AT.  10 O  X    -0.0926    0.0946    0.0130   -0.0587   -0.0232   -0.0538
            Y    -0.0396    0.0399    0.0144   -0.0227   -0.0212   -0.0178
            Z    -0.0011    0.0015    0.0024    0.0010    0.0032   -0.0030

 MODES IN ANTI-PHASE

 FREQ(CM**-1)    109.10    134.59    148.89    154.69    160.21    184.05

 AT.   1 CA X     0.0001    0.0644    0.0057    0.0008    0.0303   -0.0409
            Y     0.0002    0.0079   -0.0038   -0.0092    0.0333   -0.0035
            Z    -0.0001   -0.0205    0.0051   -0.0068   -0.0791   -0.0277
 AT.   2 MG X    -0.0001   -0.0276    0.0004    0.0027   -0.0295    0.0023
            Y     0.0000   -0.0125   -0.0036   -0.0022   -0.0084    0.0198
            Z    -0.0002   -0.0028   -0.0019    0.0017   -0.0020   -0.0539
 AT.   3 C  X     0.0060    0.0186   -0.0290   -0.0084   -0.0066    0.0031
            Y    -0.0039   -0.0147    0.0023    0.0054   -0.0089    0.0142
            Z    -0.0207   -0.0306   -0.0019    0.0427    0.0315   -0.0232
 AT.   4 C  X    -0.0027   -0.0179   -0.0080   -0.0279    0.0030    0.0041
            Y    -0.0168    0.0135    0.0181    0.0183    0.0287   -0.0131
            Z    -0.0395    0.0300    0.0209    0.0267   -0.0494    0.0304
 AT.   5 O  X     0.0335    0.0550   -0.0065   -0.0048   -0.0094    0.0036
            Y     0.0336    0.0362    0.0277    0.0068   -0.0094    0.0100
            Z    -0.0584   -0.0384    0.0278    0.0182    0.0113   -0.0502
 AT.   6 O  X     0.0030    0.0462    0.0380   -0.0117    0.0347    0.0435
            Y    -0.0162   -0.0035    0.0152    0.0103   -0.0283   -0.0056
            Z     0.0320   -0.0028    0.0278   -0.0391    0.0067    0.0901
 AT.   7 O  X    -0.0140   -0.0144   -0.0021    0.0273    0.0127   -0.0267
            Y     0.0522    0.0168   -0.0082   -0.0176    0.0058   -0.0241
            Z     0.0718   -0.0081   -0.0232   -0.0367   -0.0512   -0.0545
 AT.   8 O  X    -0.0335    0.0303    0.0083   -0.0019   -0.0024   -0.0277
            Y    -0.0335    0.0320   -0.0242   -0.0051    0.0144    0.0079
            Z     0.0587   -0.0059   -0.0199   -0.0237   -0.0148    0.0068
 AT.   9 O  X    -0.0033   -0.0037   -0.0286    0.0149    0.0394    0.0452
            Y     0.0161   -0.0113   -0.0177   -0.0127   -0.0357    0.0079
            Z    -0.0322   -0.0377   -0.0212    0.0269    0.0216    0.0467
 AT.  10 O  X     0.0139   -0.0420   -0.0001   -0.0238    0.0143   -0.0031
            Y    -0.0521    0.0709    0.0003    0.0126    0.0031   -0.0059
            Z    -0.0723    0.0476    0.0212    0.0370   -0.0569   -0.0081

 FREQ(CM**-1)    216.09    239.18    240.56    259.40    295.42    302.33

 AT.   1 CA X     0.0013    0.0100   -0.0098   -0.0016   -0.0124   -0.0095
            Y    -0.0007    0.0085   -0.0020   -0.0066    0.0027   -0.0560
            Z    -0.0081    0.0143    0.0181   -0.0027    0.0058   -0.0047
 AT.   2 MG X    -0.0038   -0.0177    0.0192    0.0263   -0.0106   -0.0452
            Y    -0.0012   -0.0182   -0.0162   -0.0289   -0.0100    0.0543
            Z     0.0034    0.0125   -0.0207   -0.0719   -0.0027   -0.0232
 AT.   3 C  X     0.0338   -0.0506   -0.0009    0.0175   -0.0327    0.0100
            Y    -0.0071   -0.0035   -0.0507   -0.0244   -0.0056   -0.0132
            Z    -0.0105    0.0139   -0.0232   -0.0032    0.0298   -0.0027
 AT.   4 C  X     0.0158    0.0644    0.0147    0.0133   -0.0167   -0.0135
            Y     0.0462    0.0292    0.0154    0.0268   -0.0225   -0.0119
            Z    -0.0267   -0.0139    0.0213    0.0129    0.0307   -0.0201
 AT.   5 O  X     0.0373   -0.0464    0.0018    0.0041   -0.0019    0.0104
            Y     0.0020    0.0035   -0.0477   -0.0449    0.0339   -0.0198
            Z    -0.0389    0.0356    0.0238    0.0387   -0.0078   -0.0017
 AT.   6 O  X    -0.0388    0.0872    0.0080   -0.0273    0.0194   -0.0157
            Y     0.0469    0.0265   -0.0092    0.0027   -0.0223    0.0072
            Z    -0.0547    0.0420    0.0486   -0.0333   -0.0117   -0.0267
 AT.   7 O  X    -0.0349   -0.0077   -0.0270    0.0381   -0.0081   -0.0401
            Y    -0.0131   -0.0361    0.0855   -0.0150    0.0434    0.0263
            Z    -0.0112   -0.0025    0.0486   -0.0442   -0.0678   -0.0229
 AT.   8 O  X    -0.0461   -0.0158   -0.0335    0.0143    0.0129    0.0320
            Y    -0.0300   -0.0171    0.0348   -0.0363   -0.0329    0.0015
            Z     0.0577    0.0240    0.0006    0.0449   -0.0076    0.0924
 AT.   9 O  X     0.0423   -0.0568   -0.0091   -0.0210   -0.0007   -0.0059
            Y    -0.0357    0.0091   -0.0626   -0.0036    0.0263    0.0088
            Z     0.0537   -0.0207   -0.0123   -0.0427   -0.0073    0.0292
 AT.  10 O  X     0.0245    0.0564    0.0176    0.0306   -0.0022   -0.0199
            Y     0.0192    0.0421    0.0111   -0.0096   -0.0438    0.0130
            Z     0.0244   -0.0256    0.0332   -0.0350    0.0640   -0.0052

 FREQ(CM**-1)    322.41    329.93    349.27    379.07    387.05    389.80

 AT.   1 CA X     0.0127    0.0035    0.0086    0.0132   -0.0029    0.0000
            Y     0.0052    0.0142   -0.0374   -0.0053   -0.0002    0.0000
            Z     0.0071   -0.0262    0.0128    0.0006    0.0013    0.0001
 AT.   2 MG X     0.0025    0.0412   -0.0173    0.0226    0.0244    0.0001
            Y     0.0124    0.0235    0.0085   -0.0094   -0.0026    0.0006
            Z     0.0079    0.0119    0.0299   -0.0534    0.0090   -0.0001
 AT.   3 C  X    -0.0238    0.0293    0.0309   -0.0053    0.0200   -0.0038
            Y    -0.0144   -0.0171   -0.0066   -0.0242   -0.0118   -0.0148
            Z    -0.0084    0.0262   -0.0147   -0.0132    0.0300   -0.0221
 AT.   4 C  X    -0.0138    0.0265    0.0325   -0.0074    0.0059    0.0165
            Y    -0.0240   -0.0144    0.0166   -0.0258    0.0080   -0.0121
            Z    -0.0297    0.0301   -0.0167   -0.0112   -0.0159   -0.0336
 AT.   5 O  X    -0.0222    0.0467    0.0233   -0.0076    0.0495   -0.0159
            Y    -0.0054    0.0036   -0.0155   -0.0347    0.0129   -0.0313
            Z    -0.0454    0.0203   -0.0042   -0.0619    0.0177   -0.0321
 AT.   6 O  X     0.0541    0.0226   -0.0328   -0.0222    0.0138    0.0224
            Y    -0.0163    0.0068   -0.0345    0.0077    0.0106    0.0065
            Z    -0.0739    0.0107    0.0586    0.0420   -0.0056   -0.0492
 AT.   7 O  X     0.0275   -0.0229    0.0028    0.0146   -0.0063   -0.0107
            Y    -0.0160    0.0262    0.0333    0.0321   -0.0196   -0.0246
            Z    -0.0081   -0.0281   -0.0659   -0.0184   -0.0222   -0.0014
 AT.   8 O  X     0.0125   -0.0020   -0.0007   -0.0011   -0.0411    0.0157
            Y    -0.0204   -0.0045   -0.0206    0.0194   -0.0095    0.0314
            Z     0.0198    0.0094   -0.0827    0.0179   -0.0108    0.0321
 AT.   9 O  X    -0.0456    0.0063   -0.0174    0.0043   -0.0091   -0.0220
            Y     0.0244    0.0135    0.0272    0.0216   -0.0108   -0.0067
            Z     0.0665    0.0657    0.0259   -0.0402   -0.0016    0.0488
 AT.  10 O  X    -0.0312    0.0312    0.0227   -0.0135   -0.0032    0.0109
            Y     0.0020   -0.0369    0.0363   -0.0203    0.0311    0.0248
            Z    -0.0004    0.1040   -0.0133    0.0322   -0.0019    0.0014

 FREQ(CM**-1)    726.26    732.78    733.36    734.60    890.47    890.48

 AT.   1 CA X    -0.0004   -0.0001    0.0014    0.0050    0.0001    0.0007
            Y     0.0002   -0.0004   -0.0010    0.0067   -0.0001    0.0009
            Z     0.0024   -0.0061    0.0000   -0.0016   -0.0000    0.0008
 AT.   2 MG X     0.0038    0.0154   -0.0002    0.0050    0.0001   -0.0011
            Y    -0.0115    0.0054    0.0004    0.0010   -0.0001   -0.0013
            Z     0.0005   -0.0020    0.0031    0.0150   -0.0000    0.0008
 AT.   3 C  X    -0.0090    0.0262    0.0040    0.0280   -0.0026    0.0019
            Y     0.0379   -0.0030    0.0368    0.0302    0.0055   -0.0027
            Z    -0.0005   -0.0044   -0.0007    0.0004   -0.0001   -0.1435
 AT.   4 C  X    -0.0204   -0.0261    0.0413   -0.0444   -0.0021   -0.0024
            Y    -0.0293    0.0134   -0.0000   -0.0131    0.0027    0.0055
            Z    -0.0030    0.0039   -0.0010   -0.0005   -0.1435    0.0001
 AT.   5 O  X    -0.0686    0.0228   -0.0583   -0.0451    0.0013    0.0039
            Y    -0.0166   -0.0442   -0.0271   -0.0576   -0.0021    0.0052
            Z    -0.0060   -0.0043   -0.0057   -0.0117    0.0005    0.0380
 AT.   6 O  X     0.0429    0.0476   -0.0796   -0.0572   -0.0033   -0.0024
            Y    -0.0475    0.0550   -0.0140   -0.0231    0.0030   -0.0014
            Z    -0.0049   -0.0082    0.0087    0.0100    0.0428    0.0056
 AT.   7 O  X     0.0150   -0.0585   -0.0590   -0.0544   -0.0028   -0.0001
            Y     0.0686    0.0300   -0.0155   -0.0401    0.0061    0.0027
            Z    -0.0061   -0.0094   -0.0011    0.0007   -0.0399   -0.0462
 AT.   8 O  X     0.0205    0.0773    0.0492   -0.0495   -0.0010   -0.0058
            Y    -0.0564    0.0223    0.0546   -0.0327    0.0024   -0.0034
            Z    -0.0045    0.0090    0.0077   -0.0084    0.0054   -0.0413
 AT.   9 O  X     0.0440   -0.0352    0.0626   -0.0750    0.0037   -0.0047
            Y     0.0495    0.0459    0.0344   -0.0054   -0.0030    0.0008
            Z    -0.0056    0.0052   -0.0068    0.0127   -0.0455    0.0407
 AT.  10 O  X    -0.0595   -0.0014    0.0443   -0.0642    0.0027    0.0004
            Y     0.0147   -0.0665    0.0433   -0.0217   -0.0055    0.0008
            Z    -0.0054    0.0093   -0.0023   -0.0028    0.0368   -0.0008

 FREQ(CM**-1)   1132.51   1132.53   1505.39   1515.86   1556.08   1595.65

 AT.   1 CA X    -0.0033    0.0000    0.0001    0.0002   -0.0003   -0.0051
            Y     0.0011    0.0001   -0.0004   -0.0004   -0.0002   -0.0025
            Z    -0.0002   -0.0000   -0.0019    0.0001    0.0006    0.0001
 AT.   2 MG X    -0.0015    0.0003    0.0022   -0.0002   -0.0064   -0.0020
            Y    -0.0089   -0.0001   -0.0027    0.0003   -0.0053   -0.0009
            Z     0.0002    0.0000   -0.0011   -0.0006    0.0003   -0.0017
 AT.   3 C  X    -0.0030    0.0030    0.0309   -0.1254    0.0681    0.1173
            Y    -0.0007    0.0006    0.0865   -0.0086    0.0921   -0.0265
            Z     0.0004    0.0003    0.0009    0.0011   -0.0006    0.0018
 AT.   4 C  X     0.0032    0.0031   -0.1011    0.0203    0.1131   -0.0083
            Y     0.0015    0.0013    0.0739    0.0878   -0.0411    0.1125
            Z     0.0000   -0.0000    0.0041    0.0014    0.0036   -0.0023
 AT.   5 O  X     0.0711    0.0664    0.0056    0.0367   -0.0072   -0.0380
            Y    -0.0539   -0.0504   -0.0119   -0.0225   -0.0075    0.0278
            Z    -0.0004   -0.0019   -0.0014    0.0016    0.0001    0.0012
 AT.   6 O  X    -0.0102   -0.0110    0.0045   -0.0135    0.0084    0.0148
            Y    -0.0872   -0.0915   -0.0206   -0.0416   -0.0102    0.0412
            Z     0.0020    0.0001   -0.0021   -0.0007    0.0010   -0.0027
 AT.   7 O  X    -0.0010   -0.0055   -0.0072    0.0116    0.0011   -0.0071
            Y    -0.0010   -0.0029    0.0078    0.0097    0.0133   -0.0111
            Z     0.0005   -0.0005    0.0016    0.0006   -0.0029    0.0012
 AT.   8 O  X     0.0678   -0.0697   -0.0397   -0.0358    0.0342   -0.0380
            Y    -0.0514    0.0529    0.0366    0.0235   -0.0320    0.0286
            Z    -0.0003    0.0019    0.0035   -0.0016    0.0022    0.0012
 AT.   9 O  X    -0.0107    0.0105   -0.0059    0.0136    0.0083    0.0148
            Y    -0.0908    0.0880   -0.0295    0.0389    0.0385    0.0397
            Z     0.0020   -0.0001    0.0007    0.0003    0.0000   -0.0026
 AT.  10 O  X    -0.0081   -0.0016    0.0275   -0.0212   -0.0338   -0.0097
            Y    -0.0040   -0.0001    0.0053   -0.0135   -0.0084   -0.0119
            Z     0.0004    0.0004    0.0003   -0.0005   -0.0005    0.0010


  DISPERSION K POINT NUMBER    21 COORD:  C(  2  0  2 )    WEIGHT:    1.

    MODES         EIGV          FREQUENCIES     IRREP
             (HARTREE**2)   (CM**-1)     (THZ)
    1-   1    0.2247E-06    104.0446    3.1192  (  1)
    2-   2    0.2424E-06    108.0667    3.2398  (  1)
    3-   3    0.4129E-06    141.0246    4.2278  (  1)
    4-   4    0.4417E-06    145.8678    4.3730  (  1)
    5-   5    0.5680E-06    165.4071    4.9588  (  1)
    6-   6    0.6508E-06    177.0580    5.3081  (  1)
    7-   7    0.8103E-06    197.5697    5.9230  (  1)
    8-   8    0.8972E-06    207.8897    6.2324  (  1)
    9-   9    0.1236E-05    243.9965    7.3148  (  1)
   10-  10    0.1431E-05    262.5184    7.8701  (  1)
   11-  11    0.1684E-05    284.7748    8.5373  (  1)
   12-  12    0.1752E-05    290.4931    8.7088  (  1)
   13-  13    0.2047E-05    314.0432    9.4148  (  1)
   14-  14    0.2263E-05    330.1369    9.8973  (  1)
   15-  15    0.2877E-05    372.2368   11.1594  (  1)
   16-  16    0.3022E-05    381.5559   11.4388  (  1)
   17-  17    0.3063E-05    384.1085   11.5153  (  1)
   18-  18    0.4008E-05    439.3780   13.1722  (  1)
   19-  19    0.1097E-04    726.9927   21.7947  (  1)
   20-  20    0.1110E-04    731.0934   21.9176  (  1)
   21-  21    0.1135E-04    739.4215   22.1673  (  1)
   22-  22    0.1141E-04    741.4813   22.2291  (  1)
   23-  23    0.1641E-04    889.1868   26.6571  (  1)
   24-  24    0.1656E-04    893.1123   26.7748  (  1)
   25-  25    0.2663E-04   1132.5883   33.9541  (  1)
   26-  26    0.2670E-04   1134.1207   34.0001  (  1)
   27-  27    0.4534E-04   1477.8006   44.3033  (  1)
   28-  28    0.4735E-04   1510.2608   45.2765  (  1)
   29-  29    0.4865E-04   1530.7826   45.8917  (  1)
   30-  30    0.5369E-04   1608.1511   48.2112  (  1)

 MODES IN PHASE

 FREQ(CM**-1)    104.04    108.07    141.02    145.87    165.41    177.06

 AT.   1 CA X     0.0164    0.0001   -0.0068    0.1135    0.0158   -0.0254
            Y    -0.0148    0.0785    0.0088    0.0346   -0.0214    0.0319
            Z     0.0086    0.0430   -0.0924   -0.0049   -0.0057    0.0059
 AT.   2 MG X     0.0188    0.0086   -0.0024   -0.0078   -0.0091   -0.0087
            Y     0.0238    0.0094    0.0035   -0.0140    0.0047   -0.0099
            Z     0.0127   -0.0251    0.0020    0.0083   -0.0067   -0.0005
 AT.   3 C  X    -0.0402    0.0242   -0.0034    0.0393    0.0381    0.0185
            Y    -0.0144    0.0163    0.0172    0.0200    0.0152    0.0467
            Z    -0.0250    0.0089   -0.0138    0.0059    0.0220   -0.0217
 AT.   4 C  X     0.0214    0.0202    0.0142    0.0386   -0.0277    0.0136
            Y     0.0180    0.0147    0.0054    0.0202    0.0178   -0.0031
            Z     0.0425    0.0191    0.0025    0.0070    0.0267   -0.0353
 AT.   5 O  X    -0.0133    0.0032   -0.0178    0.0466    0.0406    0.0377
            Y     0.0209   -0.0086   -0.0025    0.0265    0.0165    0.0728
            Z     0.0017    0.0507   -0.0444    0.0134   -0.0220   -0.0847
 AT.   6 O  X     0.0354   -0.0374    0.0527    0.0065   -0.0359    0.0069
            Y     0.0145   -0.0096   -0.0180   -0.0128    0.0061   -0.0177
            Z     0.0233    0.0565    0.0172   -0.0433   -0.0548    0.0215
 AT.   7 O  X    -0.0221    0.0099   -0.0110    0.0425    0.0441    0.0255
            Y    -0.0586    0.0474    0.0368    0.0088    0.0047    0.0345
            Z    -0.0467   -0.0092   -0.0174   -0.0218    0.0184    0.0345
 AT.   8 O  X     0.0047   -0.0010   -0.0180    0.0459   -0.0374    0.0288
            Y    -0.0053   -0.0102   -0.0349    0.0266    0.0011    0.0237
            Z     0.0348    0.0572   -0.0207    0.0137    0.0198   -0.0520
 AT.   9 O  X     0.0338   -0.0460   -0.0014    0.0077   -0.0282    0.0047
            Y    -0.0084   -0.0116   -0.0167   -0.0122   -0.0184    0.0428
            Z     0.0122    0.0475   -0.0187   -0.0433   -0.0440   -0.0009
 AT.  10 O  X     0.0080    0.0063   -0.0060    0.0417   -0.0372    0.0211
            Y     0.0498    0.0456    0.0552    0.0090    0.0394   -0.0173
            Z     0.0715   -0.0018   -0.0015   -0.0205    0.0854   -0.0307

 FREQ(CM**-1)    197.57    207.89    244.00    262.52    284.77    290.49

 AT.   1 CA X    -0.0085    0.0348   -0.0022   -0.0005   -0.0007   -0.0282
            Y    -0.0404    0.0151   -0.0254    0.0009    0.0550   -0.0259
            Z     0.0359   -0.0358    0.0186    0.0001    0.0565   -0.0106
 AT.   2 MG X     0.0416    0.0105   -0.0009   -0.0123   -0.0252    0.0104
            Y     0.0051    0.0046   -0.0006    0.0592    0.0054    0.0071
            Z     0.0238   -0.0193    0.0008   -0.0205    0.0122    0.0127
 AT.   3 C  X     0.0253   -0.0310   -0.0215    0.0040   -0.0121   -0.0094
            Y    -0.0220    0.0248    0.0565   -0.0270   -0.0216    0.0215
            Z     0.0085   -0.0393    0.0162    0.0097   -0.0121   -0.0004
 AT.   4 C  X     0.0307   -0.0300    0.0089   -0.0057   -0.0065    0.0109
            Y     0.0107    0.0261    0.0202    0.0283   -0.0315    0.0072
            Z    -0.0190   -0.0398    0.0012   -0.0088   -0.0071    0.0303
 AT.   5 O  X     0.0261   -0.0134   -0.0372    0.0151   -0.0069   -0.0012
            Y    -0.0185    0.0479    0.0311   -0.0079   -0.0089    0.0210
            Z    -0.0106   -0.0158   -0.0079   -0.0470   -0.0557   -0.0289
 AT.   6 O  X    -0.0012    0.0205    0.0081   -0.0252    0.0162   -0.0368
            Y    -0.0083   -0.0471   -0.0293    0.0356   -0.0171   -0.0022
            Z    -0.0046    0.0393    0.0064    0.0540   -0.0482   -0.0229
 AT.   7 O  X     0.0274   -0.0163   -0.0333    0.0031   -0.0204   -0.0037
            Y    -0.0271   -0.0145    0.0884   -0.0262   -0.0059    0.0251
            Z    -0.0299   -0.0461    0.0824    0.0961    0.0324   -0.0407
 AT.   8 O  X     0.0553   -0.0122    0.0117   -0.0169   -0.0073    0.0351
            Y     0.0441    0.0494    0.0188    0.0095   -0.0281    0.0369
            Z    -0.0614   -0.0166   -0.0320    0.0468   -0.0272    0.0513
 AT.   9 O  X     0.0366    0.0179   -0.0059    0.0265    0.0204   -0.0088
            Y    -0.0281   -0.0469   -0.0541   -0.0350   -0.0031   -0.0205
            Z     0.0646    0.0376    0.0320   -0.0540   -0.0327   -0.0710
 AT.  10 O  X     0.0450   -0.0152    0.0071   -0.0047   -0.0172    0.0321
            Y    -0.0240   -0.0135    0.0307    0.0272   -0.0143   -0.0345
            Z     0.0098   -0.0464    0.0552   -0.0959    0.0379   -0.0080

 FREQ(CM**-1)    314.04    330.14    372.24    381.56    384.11    439.38

 AT.   1 CA X     0.0401   -0.0082   -0.0308   -0.0176   -0.0026    0.0135
            Y     0.0047    0.0017    0.0476   -0.0073    0.0030   -0.0158
            Z    -0.0245   -0.0125   -0.0287    0.0011    0.0115    0.0115
 AT.   2 MG X    -0.0013   -0.0210    0.0043   -0.0782    0.1113   -0.0439
            Y    -0.0046   -0.0103    0.0062    0.0616    0.0687    0.1294
            Z    -0.0039    0.0103   -0.0068    0.1096    0.0455   -0.0860
 AT.   3 C  X     0.0006   -0.0046    0.0002   -0.0046    0.0217   -0.0167
            Y    -0.0217   -0.0183   -0.0033    0.0211    0.0062    0.0362
            Z    -0.0131   -0.0058    0.0633    0.0119    0.0050   -0.0214
 AT.   4 C  X    -0.0053    0.0248    0.0056    0.0188   -0.0331    0.0068
            Y    -0.0085    0.0156   -0.0192    0.0147    0.0060   -0.0254
            Z     0.0433    0.0023    0.0465    0.0083   -0.0062    0.0214
 AT.   5 O  X    -0.0133    0.0029    0.0316   -0.0000    0.0300   -0.0262
            Y    -0.0402   -0.0084    0.0390    0.0243    0.0106    0.0163
            Z    -0.0461   -0.0681    0.0395    0.0314    0.0317   -0.0011
 AT.   6 O  X    -0.0533    0.0163    0.0362    0.0195    0.0228    0.0090
            Y     0.0185    0.0145   -0.0222   -0.0408   -0.0191   -0.0126
            Z     0.0670   -0.0850   -0.0172    0.0165   -0.0255   -0.0243
 AT.   7 O  X    -0.0125   -0.0064    0.0173    0.0017    0.0234   -0.0158
            Y    -0.0024   -0.0257   -0.0551    0.0026    0.0112    0.0391
            Z     0.0339    0.0518    0.0598   -0.0131    0.0137   -0.0364
 AT.   8 O  X     0.0227    0.0192    0.0287    0.0236   -0.0469    0.0231
            Y     0.0330    0.0058    0.0178    0.0249   -0.0025   -0.0123
            Z    -0.0011    0.0949    0.0068    0.0574   -0.0185   -0.0213
 AT.   9 O  X     0.0088   -0.0129    0.0534   -0.0197    0.0017   -0.0002
            Y     0.0220    0.0001   -0.0099    0.0175    0.0133    0.0279
            Z     0.0064    0.0977   -0.0424    0.0150   -0.0232   -0.0016
 AT.  10 O  X     0.0077    0.0305    0.0152    0.0208   -0.0339    0.0061
            Y    -0.0483    0.0170   -0.0537    0.0191   -0.0086   -0.0314
            Z     0.0472   -0.0290    0.0599   -0.0048   -0.0559    0.0367

 FREQ(CM**-1)    726.99    731.09    739.42    741.48    889.19    893.11

 AT.   1 CA X    -0.0004   -0.0002    0.0062    0.0013    0.0005    0.0005
            Y    -0.0009   -0.0040   -0.0005   -0.0018   -0.0005    0.0019
            Z    -0.0003   -0.0037   -0.0034   -0.0006    0.0005    0.0020
 AT.   2 MG X    -0.0041    0.0070    0.0018    0.0027   -0.0010   -0.0029
            Y     0.0006    0.0002    0.0164   -0.0026    0.0022   -0.0011
            Z     0.0021   -0.0005    0.0126   -0.0009   -0.0038    0.0038
 AT.   3 C  X     0.0072    0.0047   -0.0245    0.0567   -0.0021    0.0015
            Y     0.0136   -0.0300   -0.0054    0.0037    0.0070   -0.0020
            Z     0.0040    0.0033   -0.0006   -0.0044    0.1796    0.0709
 AT.   4 C  X    -0.0049    0.0032   -0.0513   -0.0248    0.0017    0.0015
            Y    -0.0287   -0.0143   -0.0078   -0.0042   -0.0028   -0.0051
            Z    -0.0040    0.0033   -0.0027    0.0026   -0.0715    0.1778
 AT.   5 O  X    -0.0215    0.0478    0.0045    0.0058   -0.0021   -0.0025
            Y    -0.0135    0.0088    0.0459   -0.0927   -0.0066   -0.0006
            Z    -0.0051    0.0031    0.0040   -0.0149   -0.0484   -0.0180
 AT.   6 O  X    -0.0351    0.0402   -0.1001    0.0322   -0.0011   -0.0072
            Y    -0.0735    0.0745    0.0378   -0.0053    0.0017   -0.0006
            Z     0.0028   -0.0074    0.0099   -0.0051    0.0242    0.0486
 AT.   7 O  X     0.0216   -0.0336   -0.0314    0.0536   -0.0021   -0.0009
            Y    -0.0178    0.0511   -0.0216    0.0583    0.0093    0.0005
            Z     0.0058   -0.0068    0.0001   -0.0020   -0.0475   -0.0202
 AT.   8 O  X     0.0489    0.0201    0.0045    0.0008    0.0013   -0.0064
            Y     0.0210    0.0004    0.0970    0.0444    0.0028   -0.0025
            Z     0.0079    0.0006    0.0068    0.0064    0.0198   -0.0494
 AT.   9 O  X     0.0392    0.0396   -0.0287   -0.1066    0.0026   -0.0034
            Y     0.0757    0.0713    0.0098    0.0292   -0.0035   -0.0002
            Z    -0.0031   -0.0070    0.0035    0.0177   -0.0471    0.0225
 AT.  10 O  X    -0.0393   -0.0147   -0.0646   -0.0269   -0.0001   -0.0007
            Y     0.0446    0.0239   -0.0484   -0.0274   -0.0043    0.0030
            Z    -0.0098   -0.0016    0.0024    0.0015    0.0189   -0.0506

 FREQ(CM**-1)   1132.59   1134.12   1477.80   1510.26   1530.78   1608.15

 AT.   1 CA X     0.0002    0.0025   -0.0007   -0.0011   -0.0022   -0.0002
            Y    -0.0002   -0.0023   -0.0009    0.0025   -0.0022    0.0012
            Z     0.0014    0.0012    0.0002    0.0033    0.0010   -0.0008
 AT.   2 MG X    -0.0003   -0.0027    0.0024   -0.0030   -0.0077    0.0026
            Y     0.0012    0.0096   -0.0005    0.0025   -0.0019   -0.0013
            Z     0.0054   -0.0043    0.0002    0.0054   -0.0027    0.0026
 AT.   3 C  X     0.0014   -0.0000    0.1450   -0.0463    0.0204   -0.0908
            Y    -0.0002    0.0006    0.0969    0.0738    0.0287    0.1447
            Z    -0.0006    0.0005   -0.0017    0.0020   -0.0012   -0.0048
 AT.   4 C  X    -0.0024   -0.0023   -0.0269   -0.0832    0.1547    0.0337
            Y     0.0011   -0.0030   -0.0131    0.1523    0.0808   -0.0816
            Z     0.0006   -0.0003   -0.0006    0.0042    0.0012    0.0025
 AT.   5 O  X    -0.0820   -0.0246   -0.0247    0.0260   -0.0038    0.0522
            Y     0.0606    0.0176    0.0086   -0.0239   -0.0017   -0.0473
            Z     0.0012   -0.0001    0.0008   -0.0023   -0.0003    0.0016
 AT.   6 O  X     0.0072    0.0133    0.0053    0.0012    0.0135   -0.0016
            Y     0.0512    0.0976    0.0228    0.0616    0.0399    0.0280
            Z    -0.0000   -0.0022    0.0003    0.0030   -0.0016   -0.0016
 AT.   7 O  X     0.0936    0.0284   -0.0673    0.0073   -0.0092    0.0183
            Y     0.0399    0.0109   -0.0306   -0.0033   -0.0066   -0.0099
            Z     0.0016    0.0003    0.0001   -0.0005    0.0009    0.0053
 AT.   8 O  X     0.0256   -0.0809    0.0059    0.0498   -0.0335   -0.0235
            Y    -0.0174    0.0613   -0.0034   -0.0448    0.0117    0.0235
            Z    -0.0005    0.0011   -0.0004   -0.0024   -0.0012   -0.0007
 AT.   9 O  X    -0.0138    0.0067   -0.0108    0.0013    0.0069    0.0006
            Y    -0.0988    0.0499   -0.0431    0.0353    0.0159   -0.0587
            Z     0.0006   -0.0014    0.0005    0.0022   -0.0008    0.0036
 AT.  10 O  X    -0.0281    0.0949    0.0115    0.0117   -0.0649   -0.0041
            Y    -0.0111    0.0403    0.0060   -0.0083   -0.0272    0.0067
            Z    -0.0003    0.0010    0.0004   -0.0020   -0.0008   -0.0024

 MODES IN ANTI-PHASE

 FREQ(CM**-1)    104.04    108.07    141.02    145.87    165.41    177.06

 AT.   1 CA X     0.0367    0.0000   -0.0032   -0.0022    0.0144    0.0215
            Y    -0.0333    0.0096    0.0041   -0.0007   -0.0195   -0.0269
            Z     0.0193    0.0053   -0.0428    0.0001   -0.0052   -0.0050
 AT.   2 MG X    -0.0259    0.0202   -0.0270   -0.0130    0.0417   -0.0031
            Y    -0.0329    0.0220    0.0391   -0.0232   -0.0218   -0.0036
            Z    -0.0175   -0.0590    0.0218    0.0138    0.0308   -0.0002
 AT.   3 C  X    -0.0073   -0.0138    0.0215    0.0170   -0.0315   -0.0106
            Y     0.0112   -0.0046   -0.0075   -0.0044    0.0164    0.0111
            Z     0.0347    0.0436    0.0149   -0.0265    0.0247    0.0321
 AT.   4 C  X    -0.0348    0.0192   -0.0165   -0.0186    0.0409   -0.0165
            Y    -0.0033    0.0084    0.0179    0.0036    0.0135   -0.0479
            Z     0.0046   -0.0401   -0.0202    0.0262    0.0195    0.0161
 AT.   5 O  X    -0.0057   -0.0167   -0.0085    0.0165   -0.0415   -0.0228
            Y     0.0117   -0.0077   -0.0436   -0.0043   -0.0005   -0.0117
            Z     0.0483    0.0334    0.0104   -0.0091    0.0220    0.0384
 AT.   6 O  X     0.0772   -0.0404   -0.0465   -0.0290   -0.0249   -0.0036
            Y     0.0018   -0.0097   -0.0067   -0.0153   -0.0190   -0.0464
            Z     0.0372   -0.0305   -0.0390   -0.0010   -0.0390    0.0045
 AT.   7 O  X    -0.0090   -0.0139    0.0014    0.0198   -0.0415   -0.0171
            Y     0.0143   -0.0016    0.0411   -0.0059    0.0391    0.0235
            Z     0.0541    0.0295    0.0127   -0.0332    0.0840    0.0370
 AT.   8 O  X    -0.0137    0.0170   -0.0081   -0.0184    0.0444   -0.0334
            Y     0.0234    0.0054    0.0263    0.0033    0.0164   -0.0698
            Z     0.0335   -0.0202   -0.0406    0.0085   -0.0239    0.0771
 AT.   9 O  X     0.0779    0.0302    0.0702    0.0287   -0.0334   -0.0062
            Y     0.0120    0.0071   -0.0094    0.0158    0.0079    0.0252
            Z     0.0422    0.0432    0.0383    0.0027   -0.0508   -0.0219
 AT.  10 O  X    -0.0224    0.0159   -0.0093   -0.0215    0.0478   -0.0223
            Y    -0.0340    0.0130    0.0016    0.0055    0.0010   -0.0380
            Z     0.0014   -0.0308   -0.0215    0.0340    0.0104   -0.0403

 FREQ(CM**-1)    197.57    207.89    244.00    262.52    284.77    290.49

 AT.   1 CA X     0.0069   -0.0006   -0.0014   -0.0192   -0.0002   -0.0237
            Y     0.0324   -0.0003   -0.0161    0.0389    0.0130   -0.0218
            Z    -0.0287    0.0006    0.0118    0.0041    0.0133   -0.0089
 AT.   2 MG X     0.0162    0.0174    0.0221    0.0075   -0.0838   -0.0582
            Y     0.0020    0.0076    0.0147   -0.0361    0.0178   -0.0398
            Z     0.0093   -0.0321   -0.0192    0.0125    0.0405   -0.0714
 AT.   3 C  X    -0.0258   -0.0272    0.0200   -0.0374    0.0096    0.0127
            Y    -0.0158   -0.0370   -0.0042    0.0277   -0.0273    0.0036
            Z     0.0214    0.0127   -0.0062    0.0184    0.0083    0.0308
 AT.   4 C  X    -0.0191    0.0283   -0.0280   -0.0371   -0.0140   -0.0114
            Y     0.0249    0.0361    0.0530    0.0264    0.0148    0.0205
            Z    -0.0130   -0.0113    0.0173    0.0189   -0.0128   -0.0057
 AT.   5 O  X    -0.0508   -0.0337    0.0304   -0.0363   -0.0025    0.0358
            Y    -0.0494   -0.0430    0.0061    0.0336   -0.0452    0.0338
            Z     0.0605    0.0213   -0.0316   -0.0029    0.0505    0.0571
 AT.   6 O  X    -0.0378    0.0726   -0.0103    0.0268    0.0132   -0.0026
            Y     0.0270   -0.0050   -0.0460    0.0120    0.0272   -0.0205
            Z    -0.0672    0.0472    0.0324   -0.0032    0.0233   -0.0681
 AT.   7 O  X    -0.0400   -0.0311    0.0234   -0.0339    0.0022    0.0332
            Y     0.0185   -0.0298   -0.0076    0.0216   -0.0203   -0.0393
            Z    -0.0167    0.0092    0.0223    0.0033    0.0201   -0.0011
 AT.   8 O  X    -0.0144    0.0342   -0.0466   -0.0355   -0.0009   -0.0073
            Y     0.0288    0.0412    0.0256    0.0331    0.0364    0.0150
            Z    -0.0028   -0.0207    0.0063   -0.0052   -0.0701   -0.0382
 AT.   9 O  X     0.0094   -0.0733    0.0116    0.0255   -0.0045   -0.0358
            Y     0.0022    0.0066   -0.0070    0.0136   -0.0320    0.0013
            Z     0.0192   -0.0486   -0.0080   -0.0006   -0.0424   -0.0109
 AT.  10 O  X    -0.0181    0.0316   -0.0401   -0.0337   -0.0111   -0.0093
            Y     0.0224    0.0303    0.0833    0.0203    0.0155    0.0314
            Z     0.0328   -0.0075    0.0651    0.0079   -0.0035   -0.0399

 FREQ(CM**-1)    314.04    330.14    372.24    381.56    384.11    439.38

 AT.   1 CA X     0.0288   -0.0234   -0.0111    0.0234    0.0062   -0.0230
            Y     0.0034    0.0048    0.0171    0.0097   -0.0072    0.0269
            Z    -0.0176   -0.0357   -0.0103   -0.0014   -0.0272   -0.0196
 AT.   2 MG X     0.0131    0.0244    0.0238   -0.0095   -0.0137   -0.0003
            Y     0.0463    0.0120    0.0346    0.0075   -0.0085    0.0010
            Z     0.0397   -0.0119   -0.0378    0.0133   -0.0056   -0.0006
 AT.   3 C  X    -0.0057    0.0340    0.0085   -0.0182    0.0251    0.0016
            Y    -0.0016    0.0021   -0.0261   -0.0214   -0.0144    0.0089
            Z     0.0501   -0.0035   -0.0036   -0.0121    0.0037   -0.0126
 AT.   4 C  X     0.0024    0.0237   -0.0065   -0.0006    0.0019    0.0154
            Y    -0.0201   -0.0098    0.0180   -0.0262   -0.0145   -0.0272
            Z    -0.0285   -0.0063    0.0430   -0.0148   -0.0010    0.0126
 AT.   5 O  X     0.0285    0.0344    0.0068   -0.0246    0.0363   -0.0118
            Y     0.0484   -0.0012   -0.0192   -0.0330   -0.0067    0.0051
            Z     0.0144    0.0668   -0.0372   -0.0689   -0.0049    0.0251
 AT.   6 O  X     0.0273   -0.0002    0.0400    0.0149   -0.0244   -0.0048
            Y     0.0170    0.0184    0.0114   -0.0064    0.0000   -0.0250
            Z    -0.0159    0.0502   -0.0457   -0.0204    0.0569    0.0154
 AT.   7 O  X     0.0123    0.0409    0.0030   -0.0221    0.0245    0.0019
            Y    -0.0502   -0.0051   -0.0176   -0.0206    0.0012    0.0141
            Z     0.0383    0.0184    0.0215    0.0087    0.0645   -0.0217
 AT.   8 O  X    -0.0217    0.0287    0.0149   -0.0068    0.0037    0.0172
            Y    -0.0536   -0.0061    0.0397   -0.0325   -0.0122   -0.0117
            Z    -0.0483    0.0098    0.0539   -0.0493   -0.0263    0.0132
 AT.   9 O  X    -0.0592    0.0100   -0.0078   -0.0146   -0.0333   -0.0102
            Y     0.0121    0.0235   -0.0229    0.0374    0.0137   -0.0012
            Z     0.0686   -0.0137    0.0243   -0.0215    0.0579    0.0288
 AT.  10 O  X    -0.0158    0.0280    0.0086   -0.0078    0.0002    0.0147
            Y     0.0138   -0.0200   -0.0215   -0.0082   -0.0072   -0.0272
            Z     0.0199    0.0466    0.0215    0.0150    0.0350    0.0213

 FREQ(CM**-1)    726.99    731.09    739.42    741.48    889.19    893.11

 AT.   1 CA X    -0.0025   -0.0000   -0.0049   -0.0017   -0.0007   -0.0003
            Y    -0.0055   -0.0007    0.0004    0.0023    0.0008   -0.0013
            Z    -0.0019   -0.0006    0.0027    0.0007   -0.0007   -0.0013
 AT.   2 MG X     0.0033    0.0186    0.0007    0.0004   -0.0001   -0.0014
            Y    -0.0005    0.0004    0.0065   -0.0004    0.0001   -0.0005
            Z    -0.0017   -0.0013    0.0050   -0.0001   -0.0002    0.0019
 AT.   3 C  X     0.0062   -0.0037    0.0469    0.0117   -0.0009   -0.0010
            Y    -0.0498    0.0434    0.0068    0.0034    0.0000    0.0048
            Z    -0.0005    0.0005    0.0026   -0.0016    0.0007   -0.1631
 AT.   4 C  X     0.0082    0.0050    0.0131   -0.0523    0.0016   -0.0010
            Y    -0.0429   -0.0508    0.0037   -0.0028   -0.0064   -0.0001
            Z     0.0008    0.0006   -0.0001    0.0039   -0.1647   -0.0008
 AT.   5 O  X     0.0901   -0.0775   -0.0035   -0.0022   -0.0006    0.0058
            Y     0.0258   -0.0245   -0.0889   -0.0232   -0.0002    0.0025
            Z     0.0098   -0.0073   -0.0060   -0.0030   -0.0008    0.0460
 AT.   6 O  X     0.0184    0.0049    0.0059    0.1019   -0.0024    0.0006
            Y     0.0190    0.0022   -0.0012   -0.0288    0.0031    0.0000
            Z    -0.0012    0.0002   -0.0012   -0.0169    0.0409   -0.0036
 AT.   7 O  X    -0.0596    0.0530    0.0590    0.0146    0.0010    0.0004
            Y     0.0875   -0.0754    0.0447    0.0141    0.0007   -0.0031
            Z    -0.0135    0.0151   -0.0024   -0.0011   -0.0002    0.0464
 AT.   8 O  X     0.0787    0.0888   -0.0035   -0.0062    0.0017   -0.0000
            Y     0.0202    0.0260   -0.0244    0.0846    0.0060   -0.0005
            Z     0.0077    0.0079   -0.0025    0.0138    0.0442   -0.0016
 AT.   9 O  X     0.0064    0.0084    0.0961   -0.0073    0.0001    0.0064
            Y    -0.0053    0.0220   -0.0365   -0.0016   -0.0004    0.0005
            Z    -0.0003   -0.0025   -0.0094    0.0010   -0.0061   -0.0432
 AT.  10 O  X    -0.0497   -0.0610    0.0171   -0.0487    0.0024    0.0007
            Y     0.0774    0.0879    0.0108   -0.0534   -0.0083    0.0007
            Z    -0.0110   -0.0164    0.0004    0.0017    0.0435    0.0003

 FREQ(CM**-1)   1132.59   1134.12   1477.80   1510.26   1530.78   1608.15

 AT.   1 CA X    -0.0003   -0.0019    0.0008    0.0006    0.0018    0.0004
            Y     0.0002    0.0017    0.0011   -0.0014    0.0019   -0.0023
            Z    -0.0019   -0.0009   -0.0002   -0.0018   -0.0008    0.0016
 AT.   2 MG X    -0.0000   -0.0012    0.0005   -0.0018   -0.0028   -0.0001
            Y     0.0001    0.0042   -0.0001    0.0015   -0.0007    0.0000
            Z     0.0006   -0.0019    0.0000    0.0033   -0.0010   -0.0001
 AT.   3 C  X     0.0021    0.0024    0.0046    0.0692   -0.1535    0.0200
            Y    -0.0010    0.0033   -0.0019   -0.1335   -0.0769    0.0016
            Z    -0.0004    0.0005    0.0008   -0.0037   -0.0014    0.0002
 AT.   4 C  X    -0.0007   -0.0007   -0.1425    0.0023    0.0076    0.0866
            Y    -0.0001   -0.0015   -0.0961    0.0087   -0.0143   -0.1195
            Z     0.0004   -0.0006    0.0018    0.0003    0.0015    0.0041
 AT.   5 O  X    -0.0010    0.0770   -0.0021   -0.0425    0.0334   -0.0065
            Y    -0.0009   -0.0587    0.0021    0.0379   -0.0122    0.0033
            Z     0.0001   -0.0011    0.0003    0.0014    0.0012   -0.0002
 AT.   6 O  X     0.0122   -0.0028    0.0101   -0.0008   -0.0046    0.0003
            Y     0.0875   -0.0215    0.0400   -0.0030   -0.0089    0.0518
            Z    -0.0006    0.0007   -0.0005   -0.0007    0.0005   -0.0032
 AT.   7 O  X    -0.0001   -0.0906   -0.0011   -0.0093    0.0643   -0.0073
            Y    -0.0010   -0.0388   -0.0013    0.0077    0.0265   -0.0015
            Z    -0.0002   -0.0009   -0.0004    0.0021    0.0010   -0.0007
 AT.   8 O  X     0.0779    0.0003    0.0241    0.0006   -0.0023   -0.0470
            Y    -0.0580    0.0009   -0.0081    0.0000    0.0039    0.0412
            Z    -0.0011    0.0004   -0.0008    0.0012    0.0000   -0.0014
 AT.   9 O  X    -0.0032   -0.0119   -0.0037   -0.0006   -0.0125    0.0014
            Y    -0.0225   -0.0866   -0.0164   -0.0505   -0.0377    0.0054
            Z    -0.0001    0.0019   -0.0004   -0.0022    0.0015   -0.0005
 AT.  10 O  X    -0.0893    0.0002    0.0663   -0.0012   -0.0026   -0.0193
            Y    -0.0384    0.0012    0.0300   -0.0013    0.0017    0.0074
            Z    -0.0016   -0.0000   -0.0002   -0.0007   -0.0011   -0.0048


  DISPERSION K POINT NUMBER    22 COORD:  C(  2  1  0 )    WEIGHT:    1.

    MODES         EIGV          FREQUENCIES     IRREP
             (HARTREE**2)   (CM**-1)     (THZ)
    1-   1    0.2471E-06    109.1015    3.2708  (  1)
    2-   2    0.3761E-06    134.5929    4.0350  (  1)
    3-   3    0.4602E-06    148.8917    4.4637  (  1)
    4-   4    0.4967E-06    154.6859    4.6374  (  1)
    5-   5    0.5328E-06    160.2087    4.8029  (  1)
    6-   6    0.7033E-06    184.0545    5.5178  (  1)
    7-   7    0.9694E-06    216.0869    6.4781  (  1)
    8-   8    0.1188E-05    239.1835    7.1705  (  1)
    9-   9    0.1201E-05    240.5610    7.2118  (  1)
   10-  10    0.1397E-05    259.4025    7.7767  (  1)
   11-  11    0.1812E-05    295.4218    8.8565  (  1)
   12-  12    0.1898E-05    302.3323    9.0637  (  1)
   13-  13    0.2158E-05    322.4106    9.6656  (  1)
   14-  14    0.2260E-05    329.9349    9.8912  (  1)
   15-  15    0.2533E-05    349.2746   10.4710  (  1)
   16-  16    0.2983E-05    379.0704   11.3642  (  1)
   17-  17    0.3110E-05    387.0477   11.6034  (  1)
   18-  18    0.3154E-05    389.7960   11.6858  (  1)
   19-  19    0.1095E-04    726.2550   21.7726  (  1)
   20-  20    0.1115E-04    732.7818   21.9682  (  1)
   21-  21    0.1117E-04    733.3612   21.9856  (  1)
   22-  22    0.1120E-04    734.5993   22.0227  (  1)
   23-  23    0.1646E-04    890.4671   26.6955  (  1)
   24-  24    0.1646E-04    890.4847   26.6961  (  1)
   25-  25    0.2663E-04   1132.5140   33.9519  (  1)
   26-  26    0.2663E-04   1132.5319   33.9525  (  1)
   27-  27    0.4705E-04   1505.3916   45.1305  (  1)
   28-  28    0.4770E-04   1515.8639   45.4445  (  1)
   29-  29    0.5027E-04   1556.0804   46.6501  (  1)
   30-  30    0.5286E-04   1595.6460   47.8363  (  1)

 MODES IN PHASE

 FREQ(CM**-1)    109.10    134.59    148.89    154.69    160.21    184.05

 AT.   1 CA X    -0.0073   -0.0287    0.0051   -0.0738   -0.0321   -0.0100
            Y    -0.0008    0.0381    0.0828   -0.0522    0.0070    0.0143
            Z    -0.0018   -0.0151    0.0612    0.0659   -0.0579    0.0118
 AT.   2 MG X    -0.0003    0.0181    0.0352   -0.0049    0.0161    0.0078
            Y    -0.0024   -0.0130    0.0252   -0.0337   -0.0156    0.0034
            Z    -0.0066   -0.0021   -0.0226   -0.0169   -0.0015    0.0229
 AT.   3 C  X    -0.0147   -0.0048    0.0235   -0.0013   -0.0133   -0.0207
            Y    -0.0066   -0.0102   -0.0233   -0.0204   -0.0004    0.0297
            Z     0.0394    0.0078   -0.0159   -0.0295   -0.0347    0.0403
 AT.   4 C  X    -0.0142    0.0051   -0.0029   -0.0017    0.0034    0.0189
            Y     0.0019    0.0227    0.0243   -0.0297    0.0107   -0.0031
            Z     0.0144   -0.0266   -0.0082    0.0325   -0.0098    0.0128
 AT.   5 O  X    -0.0386    0.0056    0.0473   -0.0127   -0.0049   -0.0309
            Y    -0.0406    0.0016    0.0121   -0.0339    0.0118    0.0115
            Z     0.0644   -0.0245   -0.0102    0.0068   -0.0497    0.0506
 AT.   6 O  X    -0.0462   -0.0487   -0.0221   -0.0080   -0.0425    0.0148
            Y     0.0117    0.0281    0.0006    0.0336   -0.0152   -0.0146
            Z    -0.0547   -0.0390    0.0456    0.0221   -0.0479    0.0551
 AT.   7 O  X     0.0154   -0.0254   -0.0130   -0.0017    0.0139   -0.0003
            Y     0.0071    0.0439    0.0549   -0.0153    0.0492   -0.0203
            Z     0.0293    0.0096    0.0378    0.0670    0.0369   -0.0640
 AT.   8 O  X     0.0372   -0.0407    0.0480   -0.0126   -0.0106    0.0135
            Y     0.0351   -0.0698    0.0123   -0.0201    0.0021   -0.0069
            Z    -0.0787    0.0536   -0.0139   -0.0103   -0.0294   -0.0240
 AT.   9 O  X     0.0447   -0.0262   -0.0252   -0.0101    0.0436   -0.0133
            Y    -0.0126    0.0011   -0.0027    0.0316    0.0058    0.0273
            Z     0.0615    0.0064    0.0497    0.0318    0.0453   -0.0367
 AT.  10 O  X    -0.0093    0.0191   -0.0182   -0.0033   -0.0005    0.0199
            Y    -0.0144   -0.0113    0.0584   -0.0234    0.0211   -0.0118
            Z    -0.0344   -0.0394    0.0420    0.0516   -0.0162    0.0059

 FREQ(CM**-1)    216.09    239.18    240.56    259.40    295.42    302.33

 AT.   1 CA X     0.0000   -0.0113   -0.0069    0.0033   -0.0207    0.0693
            Y    -0.0016    0.0041    0.0078    0.0010    0.0642    0.0257
            Z     0.0087    0.0130   -0.0189   -0.0014   -0.0308   -0.0061
 AT.   2 MG X    -0.0031    0.0225   -0.0046    0.0060   -0.0742   -0.0318
            Y     0.0030   -0.0056   -0.0258    0.0189    0.0220   -0.0863
            Z    -0.0037    0.0114    0.0216   -0.0365    0.0142   -0.0302
 AT.   3 C  X     0.0478    0.0342    0.0227   -0.0098   -0.0080    0.0193
            Y     0.0099    0.0035   -0.0030   -0.0290    0.0360   -0.0255
            Z     0.0266   -0.0008   -0.0217    0.0019   -0.0187   -0.0281
 AT.   4 C  X     0.0356    0.0193   -0.0028   -0.0094    0.0243   -0.0112
            Y     0.0288   -0.0387   -0.0267   -0.0293   -0.0198   -0.0074
            Z     0.0170    0.0127   -0.0144    0.0017    0.0315    0.0101
 AT.   5 O  X     0.0288    0.0387    0.0210   -0.0076   -0.0199   -0.0027
            Y    -0.0111    0.0093   -0.0070   -0.0241    0.0197   -0.0481
            Z    -0.0248   -0.0007   -0.0354    0.0224    0.0008   -0.0194
 AT.   6 O  X    -0.0499    0.0183    0.0117   -0.0424    0.0133   -0.0017
            Y     0.0246   -0.0407    0.0455    0.0352   -0.0274    0.0293
            Z    -0.0583    0.0332   -0.0016    0.0498    0.0408    0.0534
 AT.   7 O  X    -0.0093   -0.0665   -0.0591    0.0172    0.0364   -0.0016
            Y    -0.0542    0.0645   -0.0240    0.0293   -0.0349   -0.0179
            Z    -0.0535    0.0425    0.0103   -0.0626    0.0502   -0.0018
 AT.   8 O  X    -0.0287   -0.0656    0.0615    0.0010   -0.0095   -0.0026
            Y     0.0241    0.0264    0.0659    0.0606    0.0267   -0.0452
            Z     0.0107   -0.0249   -0.0501   -0.0626    0.0196   -0.0172
 AT.   9 O  X     0.0192    0.0209   -0.0400    0.0735    0.0206   -0.0052
            Y    -0.0315   -0.0023   -0.0236   -0.0065   -0.0208    0.0303
            Z     0.0381    0.0211   -0.0239   -0.0073    0.0409    0.0647
 AT.  10 O  X     0.0216    0.0245   -0.0064   -0.0046    0.0318   -0.0024
            Y     0.0570   -0.0567   -0.0126   -0.0503   -0.0408   -0.0169
            Z     0.0546   -0.0231   -0.0482    0.0240    0.0508    0.0050

 FREQ(CM**-1)    322.41    329.93    349.27    379.07    387.05    389.80

 AT.   1 CA X     0.0278   -0.0072   -0.0382    0.0050    0.0098    0.0016
            Y    -0.0215   -0.0021   -0.0355   -0.0346   -0.0141    0.0003
            Z    -0.0184   -0.0135   -0.0174   -0.0014    0.0073   -0.0276
 AT.   2 MG X     0.0308   -0.0212   -0.0017    0.0078   -0.0578    0.1371
            Y     0.0104    0.0124    0.0262   -0.0597    0.1305    0.0598
            Z    -0.0204    0.0061   -0.0406    0.1315    0.0521    0.0303
 AT.   3 C  X    -0.0265    0.0002    0.0428   -0.0077   -0.0036    0.0156
            Y     0.0093    0.0340   -0.0045   -0.0079   -0.0229   -0.0070
            Z     0.0162    0.0260    0.0142    0.0145   -0.0355   -0.0061
 AT.   4 C  X     0.0113    0.0026   -0.0303    0.0227   -0.0062   -0.0098
            Y    -0.0230   -0.0001    0.0201    0.0077    0.0161   -0.0142
            Z     0.0181   -0.0202   -0.0167   -0.0136    0.0095    0.0323
 AT.   5 O  X    -0.0238    0.0182    0.0519    0.0076   -0.0149    0.0210
            Y     0.0200    0.0514    0.0058    0.0059   -0.0405   -0.0072
            Z     0.0077    0.1007    0.0444   -0.0218   -0.0702   -0.0010
 AT.   6 O  X    -0.0331    0.0137   -0.0165   -0.0171   -0.0211    0.0009
            Y    -0.0214   -0.0133   -0.0223    0.0019    0.0164    0.0207
            Z     0.0057    0.0010    0.0732    0.0466    0.0202   -0.0022
 AT.   7 O  X     0.0084   -0.0069   -0.0103    0.0226   -0.0066   -0.0009
            Y     0.0402   -0.0068    0.0303    0.0356    0.0122   -0.0496
            Z    -0.0490    0.0535   -0.0516    0.0056   -0.0208    0.0459
 AT.   8 O  X    -0.0122   -0.0156    0.0474    0.0188   -0.0153    0.0209
            Y    -0.0299   -0.0449    0.0115    0.0063   -0.0407   -0.0072
            Z     0.0141   -0.0614    0.0634   -0.0123   -0.0700   -0.0010
 AT.   9 O  X    -0.0368   -0.0248   -0.0106   -0.0265   -0.0205    0.0008
            Y     0.0099    0.0335   -0.0289   -0.0021    0.0158    0.0207
            Z     0.0601    0.0144    0.0449    0.0617    0.0199   -0.0021
 AT.  10 O  X     0.0205   -0.0097   -0.0324    0.0178   -0.0063   -0.0008
            Y    -0.0487    0.0145    0.0240    0.0386    0.0121   -0.0496
            Z     0.0680   -0.0140   -0.0634   -0.0099   -0.0208    0.0460

 FREQ(CM**-1)    726.26    732.78    733.36    734.60    890.47    890.48

 AT.   1 CA X     0.0000    0.0004   -0.0008   -0.0031    0.0001   -0.0017
            Y     0.0005    0.0001   -0.0075    0.0004    0.0009    0.0002
            Z    -0.0025   -0.0063   -0.0001   -0.0006   -0.0003    0.0012
 AT.   2 MG X    -0.0082   -0.0128    0.0010   -0.0013    0.0003    0.0025
            Y    -0.0092    0.0109    0.0016    0.0014    0.0014   -0.0005
            Z    -0.0005   -0.0021   -0.0135    0.0056   -0.0003    0.0011
 AT.   3 C  X     0.0050    0.0348   -0.0155    0.0367   -0.0006    0.0009
            Y    -0.0363    0.0071   -0.0350    0.0034    0.0008   -0.0001
            Z    -0.0039    0.0036    0.0001   -0.0003    0.1778    0.1791
 AT.   4 C  X     0.0237   -0.0326    0.0308    0.0400   -0.0010   -0.0005
            Y     0.0311   -0.0012   -0.0267   -0.0081    0.0002    0.0007
            Z     0.0012   -0.0041    0.0012   -0.0004    0.1791   -0.1778
 AT.   5 O  X     0.0670    0.0056    0.0555   -0.0086   -0.0049   -0.0029
            Y     0.0221   -0.0636    0.0476   -0.0612   -0.0063   -0.0016
            Z     0.0062   -0.0089    0.0079   -0.0097   -0.0459   -0.0506
 AT.   6 O  X    -0.0494    0.0242    0.0654   -0.0291   -0.0005   -0.0045
            Y     0.0507    0.0437    0.0382   -0.0507    0.0022   -0.0006
            Z     0.0061   -0.0039   -0.0071    0.0051    0.0199    0.0237
 AT.   7 O  X    -0.0189   -0.0715    0.0409   -0.0004   -0.0015    0.0033
            Y    -0.0613    0.0114    0.0369   -0.0840   -0.0028   -0.0034
            Z     0.0050   -0.0079   -0.0013    0.0116    0.0294    0.0236
 AT.   8 O  X    -0.0163    0.0578    0.0180    0.0508    0.0017   -0.0019
            Y     0.0594    0.0290    0.0696    0.0343    0.0032   -0.0006
            Z     0.0055    0.0088    0.0074    0.0089    0.0228   -0.0207
 AT.   9 O  X    -0.0394   -0.0562    0.0197    0.0760   -0.0029    0.0036
            Y    -0.0455    0.0569    0.0573    0.0369   -0.0016   -0.0033
            Z     0.0045    0.0087   -0.0022   -0.0126    0.0243   -0.0286
 AT.  10 O  X     0.0649   -0.0248   -0.0005    0.0344   -0.0000    0.0029
            Y    -0.0142   -0.0522    0.0731    0.0465    0.0053   -0.0054
            Z     0.0057    0.0048   -0.0070   -0.0031   -0.0497    0.0467

 FREQ(CM**-1)   1132.51   1132.53   1505.39   1515.86   1556.08   1595.65

 AT.   1 CA X     0.0006   -0.0016   -0.0001   -0.0019    0.0001   -0.0037
            Y    -0.0030   -0.0003   -0.0001   -0.0029   -0.0001    0.0025
            Z    -0.0002   -0.0000    0.0010   -0.0011    0.0003   -0.0001
 AT.   2 MG X     0.0075   -0.0015   -0.0006    0.0012    0.0035   -0.0014
            Y     0.0028    0.0039   -0.0017    0.0025   -0.0013    0.0010
            Z     0.0002    0.0000    0.0006    0.0053    0.0001    0.0014
 AT.   3 C  X    -0.0023   -0.0027    0.0357    0.0216    0.1185    0.1272
            Y     0.0011    0.0025    0.1359   -0.0928    0.0355   -0.0042
            Z     0.0002    0.0002   -0.0045    0.0014    0.0021    0.0014
 AT.   4 C  X     0.0021    0.0006   -0.0253   -0.0939    0.1131   -0.1194
            Y    -0.0009   -0.0014    0.0914    0.1043    0.0619   -0.0230
            Z    -0.0002   -0.0004   -0.0028   -0.0009    0.0029   -0.0018
 AT.   5 O  X     0.0415    0.0361    0.0137   -0.0212   -0.0320   -0.0369
            Y    -0.0305   -0.0279   -0.0197    0.0214    0.0117    0.0238
            Z    -0.0001   -0.0003    0.0002   -0.0011   -0.0031    0.0009
 AT.   6 O  X     0.0066   -0.0121    0.0116    0.0042    0.0042    0.0116
            Y     0.0516   -0.1001    0.0450   -0.0327   -0.0364    0.0431
            Z    -0.0001    0.0021   -0.0032   -0.0011   -0.0015   -0.0013
 AT.   7 O  X     0.0939   -0.0535   -0.0183   -0.0403    0.0330    0.0173
            Y     0.0399   -0.0230   -0.0037   -0.0122    0.0235   -0.0038
            Z     0.0022    0.0000   -0.0012    0.0020    0.0012    0.0007
 AT.   8 O  X    -0.0336    0.0400   -0.0027   -0.0479    0.0375    0.0142
            Y     0.0258   -0.0296    0.0141    0.0337   -0.0256   -0.0214
            Z     0.0009   -0.0011   -0.0012   -0.0003    0.0016   -0.0027
 AT.   9 O  X     0.0126    0.0069   -0.0094    0.0068    0.0052   -0.0029
            Y     0.1016    0.0500   -0.0235    0.0302    0.0559    0.0322
            Z    -0.0005   -0.0013    0.0021    0.0012    0.0025   -0.0006
 AT.  10 O  X     0.0520    0.0937   -0.0043    0.0207   -0.0479    0.0506
            Y     0.0229    0.0400   -0.0085    0.0001   -0.0234    0.0157
            Z     0.0013    0.0003    0.0019    0.0013   -0.0007    0.0035

 MODES IN ANTI-PHASE

 FREQ(CM**-1)    109.10    134.59    148.89    154.69    160.21    184.05

 AT.   1 CA X    -0.0609   -0.0377    0.0004    0.0176    0.0312   -0.0271
            Y    -0.0068    0.0500    0.0070    0.0124   -0.0068    0.0390
            Z    -0.0147   -0.0198    0.0052   -0.0157    0.0562    0.0320
 AT.   2 MG X    -0.0024    0.0238    0.0030    0.0012   -0.0156    0.0211
            Y    -0.0199   -0.0170    0.0021    0.0080    0.0152    0.0092
            Z    -0.0551   -0.0027   -0.0019    0.0040    0.0014    0.0623
 AT.   3 C  X     0.0105   -0.0025    0.0158   -0.0018    0.0281   -0.0154
            Y    -0.0039   -0.0218    0.0123   -0.0309    0.0210   -0.0023
            Z    -0.0035    0.0296   -0.0239    0.0309    0.0374   -0.0204
 AT.   4 C  X     0.0112    0.0017    0.0281   -0.0014   -0.0308    0.0176
            Y     0.0075   -0.0080   -0.0101   -0.0220   -0.0181   -0.0296
            Z    -0.0368    0.0153   -0.0275   -0.0278   -0.0501   -0.0433
 AT.   5 O  X    -0.0014   -0.0407    0.0082    0.0027    0.0104   -0.0155
            Y    -0.0183   -0.0719    0.0023   -0.0226   -0.0017    0.0029
            Z    -0.0679    0.0489   -0.0232    0.0364    0.0280    0.0225
 AT.   6 O  X    -0.0009   -0.0406   -0.0208    0.0065   -0.0449   -0.0032
            Y    -0.0055    0.0089   -0.0195   -0.0036   -0.0063    0.0250
            Z     0.0352   -0.0041    0.0279   -0.0269   -0.0468    0.0082
 AT.   7 O  X     0.0241    0.0128   -0.0322    0.0038    0.0009    0.0305
            Y    -0.0319    0.0003    0.0254    0.0215   -0.0197   -0.0421
            Z    -0.0250   -0.0382    0.0278    0.0181    0.0173   -0.0662
 AT.   8 O  X    -0.0105   -0.0054   -0.0001    0.0033    0.0046   -0.0318
            Y    -0.0274   -0.0175   -0.0002    0.0355   -0.0117    0.0096
            Z    -0.0507   -0.0107    0.0212   -0.0356    0.0488    0.0499
 AT.   9 O  X    -0.0118   -0.0577    0.0168   -0.0022    0.0438    0.0072
            Y    -0.0026    0.0295    0.0193   -0.0119    0.0153    0.0095
            Z     0.0212   -0.0387   -0.0198    0.0140    0.0493    0.0420
 AT.  10 O  X     0.0271   -0.0210    0.0296   -0.0026   -0.0139    0.0230
            Y    -0.0294    0.0424   -0.0158   -0.0123   -0.0486   -0.0453
            Z    -0.0174   -0.0009   -0.0211   -0.0464   -0.0374   -0.0919

 FREQ(CM**-1)    216.09    239.18    240.56    259.40    295.42    302.33

 AT.   1 CA X    -0.0001   -0.0174    0.0070   -0.0056   -0.0029   -0.0054
            Y     0.0078    0.0063   -0.0079   -0.0016    0.0091   -0.0020
            Z    -0.0431    0.0201    0.0192    0.0024   -0.0044    0.0005
 AT.   2 MG X     0.0156    0.0346    0.0047   -0.0103   -0.0105    0.0025
            Y    -0.0147   -0.0087    0.0262   -0.0323    0.0031    0.0067
            Z     0.0183    0.0176   -0.0220    0.0623    0.0020    0.0023
 AT.   3 C  X     0.0041   -0.0486   -0.0464    0.0297    0.0267   -0.0046
            Y    -0.0346    0.0452   -0.0494   -0.0186    0.0089   -0.0178
            Z     0.0069   -0.0152    0.0093   -0.0145    0.0261    0.0000
 AT.   4 C  X    -0.0322   -0.0562    0.0516   -0.0298    0.0137    0.0164
            Y     0.0215    0.0237    0.0417    0.0182    0.0313   -0.0302
            Z    -0.0216   -0.0083   -0.0187    0.0145    0.0059   -0.0262
 AT.   5 O  X     0.0056   -0.0546   -0.0618    0.0031    0.0345   -0.0009
            Y    -0.0357    0.0331   -0.0658   -0.0559    0.0278   -0.0151
            Z     0.0316   -0.0276    0.0507    0.0592    0.0679   -0.0123
 AT.   6 O  X     0.0694    0.0311    0.0398   -0.0605    0.0278    0.0229
            Y     0.0227   -0.0207    0.0229   -0.0122    0.0199   -0.0086
            Z     0.0406    0.0379    0.0240   -0.0195    0.0059   -0.0776
 AT.   7 O  X    -0.0336   -0.0029    0.0073   -0.0044   -0.0113    0.0050
            Y    -0.0181   -0.0333    0.0130    0.0412   -0.0264   -0.0047
            Z    -0.0136   -0.0063    0.0481    0.0075    0.0094   -0.0435
 AT.   8 O  X    -0.0060    0.0131   -0.0219    0.0081   -0.0387    0.0013
            Y    -0.0287    0.0220    0.0060   -0.0063   -0.0212    0.0224
            Z     0.0387   -0.0119    0.0361    0.0094   -0.0650    0.0152
 AT.   9 O  X     0.0833    0.0294   -0.0111    0.0075   -0.0230   -0.0224
            Y     0.0114   -0.0456   -0.0452   -0.0367   -0.0267    0.0040
            Z     0.0599    0.0458    0.0020   -0.0529    0.0057    0.0684
 AT.  10 O  X    -0.0274   -0.0618    0.0592   -0.0172    0.0210   -0.0047
            Y     0.0042    0.0453    0.0242   -0.0054    0.0156    0.0074
            Z     0.0081    0.0363   -0.0096    0.0583    0.0050    0.0432

 FREQ(CM**-1)    322.41    329.93    349.27    379.07    387.05    389.80

 AT.   1 CA X     0.0387   -0.0207   -0.0100    0.0009    0.0001   -0.0000
            Y    -0.0300   -0.0059   -0.0093   -0.0061   -0.0001   -0.0000
            Z    -0.0256   -0.0387   -0.0046   -0.0002    0.0001    0.0000
 AT.   2 MG X     0.0428   -0.0605   -0.0005    0.0014   -0.0005   -0.0002
            Y     0.0145    0.0353    0.0069   -0.0105    0.0012   -0.0001
            Z    -0.0284    0.0175   -0.0107    0.0231    0.0005   -0.0000
 AT.   3 C  X     0.0083   -0.0027    0.0129    0.0261   -0.0094   -0.0024
            Y     0.0225   -0.0050    0.0319    0.0026    0.0049   -0.0203
            Z    -0.0384    0.0165   -0.0089   -0.0039   -0.0103    0.0337
 AT.   4 C  X     0.0254   -0.0006    0.0328    0.0150   -0.0079    0.0124
            Y     0.0079   -0.0344    0.0252   -0.0031   -0.0171   -0.0161
            Z    -0.0376   -0.0232   -0.0004    0.0064   -0.0357    0.0114
 AT.   5 O  X    -0.0209   -0.0021    0.0044    0.0343   -0.0232    0.0268
            Y    -0.0248   -0.0076    0.0131    0.0021   -0.0119    0.0030
            Z     0.0175    0.0276    0.0503    0.0242    0.0097   -0.0014
 AT.   6 O  X    -0.0499   -0.0227    0.0077   -0.0308    0.0327    0.0351
            Y     0.0032    0.0371   -0.0193   -0.0115   -0.0340    0.0020
            Z     0.0653    0.0243   -0.0385    0.0524   -0.0143   -0.0321
 AT.   7 O  X     0.0245   -0.0241   -0.0477   -0.0100    0.0152   -0.0168
            Y    -0.0379    0.0147   -0.0049    0.0152   -0.0045    0.0160
            Z     0.0553    0.0446   -0.0376   -0.0445    0.0018   -0.0491
 AT.   8 O  X    -0.0292    0.0097    0.0217   -0.0296    0.0229   -0.0268
            Y     0.0110    0.0261   -0.0086    0.0001    0.0111   -0.0030
            Z     0.0128    0.0844   -0.0220   -0.0302   -0.0109    0.0014
 AT.   9 O  X    -0.0473   -0.0092   -0.0148    0.0231   -0.0330   -0.0351
            Y    -0.0193    0.0208    0.0058    0.0115    0.0343   -0.0021
            Z     0.0263    0.0196    0.0695   -0.0334    0.0146    0.0321
 AT.  10 O  X     0.0158   -0.0231    0.0365    0.0171   -0.0153    0.0168
            Y     0.0261    0.0073    0.0191   -0.0022    0.0048   -0.0158
            Z    -0.0288    0.0682    0.0074    0.0438   -0.0022    0.0489

 FREQ(CM**-1)    726.26    732.78    733.36    734.60    890.47    890.48

 AT.   1 CA X     0.0000    0.0003    0.0003    0.0078   -0.0003   -0.0011
            Y     0.0007    0.0001    0.0029   -0.0009   -0.0018    0.0001
            Z    -0.0035   -0.0044    0.0000    0.0015    0.0005    0.0008
 AT.   2 MG X    -0.0115   -0.0089   -0.0004    0.0032   -0.0005    0.0017
            Y    -0.0129    0.0076   -0.0006   -0.0036   -0.0028   -0.0003
            Z    -0.0008   -0.0015    0.0052   -0.0141    0.0006    0.0007
 AT.   3 C  X    -0.0359   -0.0096    0.0348   -0.0168    0.0035   -0.0036
            Y    -0.0095   -0.0330   -0.0198    0.0395    0.0049   -0.0048
            Z     0.0018    0.0030    0.0012    0.0004   -0.0210    0.0001
 AT.   4 C  X    -0.0275   -0.0155   -0.0224    0.0056   -0.0035   -0.0037
            Y     0.0210   -0.0338   -0.0302   -0.0388   -0.0050   -0.0048
            Z     0.0042    0.0023   -0.0001   -0.0003   -0.0001   -0.0210
 AT.   5 O  X     0.0055    0.0594    0.0349   -0.0650    0.0015   -0.0009
            Y     0.0702    0.0540   -0.0512    0.0150    0.0008   -0.0000
            Z     0.0079    0.0126   -0.0024   -0.0027    0.0058   -0.0008
 AT.   6 O  X    -0.0583   -0.0686    0.0431   -0.0801    0.0040    0.0058
            Y    -0.0309    0.0447   -0.0433   -0.0000    0.0004   -0.0033
            Z     0.0069    0.0107   -0.0046    0.0130   -0.0451   -0.0413
 AT.   7 O  X     0.0622   -0.0004    0.0462   -0.0497    0.0012    0.0017
            Y    -0.0357   -0.0597   -0.0683    0.0214   -0.0046   -0.0044
            Z     0.0077    0.0079    0.0090   -0.0078    0.0401    0.0407
 AT.   8 O  X     0.0652   -0.0151   -0.0631   -0.0414    0.0048   -0.0023
            Y     0.0435   -0.0783    0.0062    0.0528    0.0055   -0.0015
            Z     0.0085   -0.0126   -0.0035    0.0047    0.0403   -0.0462
 AT.   9 O  X    -0.0655    0.0462   -0.0758   -0.0384    0.0028   -0.0064
            Y     0.0381    0.0258    0.0066    0.0347   -0.0015    0.0008
            Z     0.0080   -0.0073    0.0082    0.0059   -0.0429    0.0380
 AT.  10 O  X     0.0020   -0.0670   -0.0618   -0.0360    0.0019    0.0024
            Y    -0.0695    0.0312    0.0261    0.0732   -0.0005   -0.0014
            Z     0.0072   -0.0101   -0.0058   -0.0136    0.0005    0.0056

 FREQ(CM**-1)   1132.51   1132.53   1505.39   1515.86   1556.08   1595.65

 AT.   1 CA X     0.0003   -0.0030    0.0006   -0.0021   -0.0003   -0.0028
            Y    -0.0016   -0.0006    0.0006   -0.0031    0.0001    0.0019
            Z    -0.0001   -0.0001   -0.0043   -0.0012   -0.0006   -0.0001
 AT.   2 MG X     0.0039   -0.0028    0.0027    0.0013   -0.0081   -0.0010
            Y     0.0015    0.0075    0.0073    0.0027    0.0030    0.0008
            Z     0.0001    0.0001   -0.0026    0.0056   -0.0003    0.0010
 AT.   3 C  X    -0.0021    0.0007    0.0965    0.1363    0.0107   -0.0179
            Y     0.0023    0.0004    0.0364   -0.0489   -0.1220    0.1154
            Z    -0.0004    0.0004   -0.0016   -0.0005   -0.0038    0.0020
 AT.   4 C  X    -0.0022    0.0027   -0.0997    0.1011   -0.0370   -0.0473
            Y     0.0024   -0.0020   -0.1070    0.0112    0.1109    0.1132
            Z    -0.0003    0.0000    0.0039   -0.0012    0.0032    0.0016
 AT.   5 O  X    -0.0695    0.0735   -0.0225   -0.0495   -0.0214    0.0256
            Y     0.0523   -0.0553    0.0086    0.0352    0.0241   -0.0293
            Z     0.0011   -0.0015    0.0024   -0.0003    0.0007   -0.0030
 AT.   6 O  X     0.0108   -0.0000   -0.0026    0.0072   -0.0111   -0.0065
            Y     0.0878   -0.0083   -0.0397    0.0280   -0.0426    0.0208
            Z    -0.0006   -0.0001    0.0018    0.0011   -0.0021   -0.0003
 AT.   7 O  X    -0.0016    0.0769    0.0483    0.0181    0.0347    0.0477
            Y     0.0003    0.0327    0.0276   -0.0008    0.0100    0.0175
            Z     0.0001    0.0003   -0.0020    0.0014   -0.0001    0.0035
 AT.   8 O  X     0.0737    0.0714   -0.0262   -0.0245    0.0088   -0.0426
            Y    -0.0548   -0.0544    0.0163    0.0237    0.0079    0.0311
            Z    -0.0007   -0.0011    0.0020   -0.0011    0.0028    0.0017
 AT.   9 O  X    -0.0007   -0.0100   -0.0073    0.0047   -0.0106    0.0130
            Y    -0.0073   -0.0871   -0.0552   -0.0307   -0.0024    0.0355
            Z     0.0003    0.0016    0.0030   -0.0011   -0.0003   -0.0012
 AT.  10 O  X     0.0782   -0.0004    0.0515   -0.0390   -0.0005    0.0032
            Y     0.0327   -0.0004    0.0265   -0.0122   -0.0104   -0.0086
            Z     0.0017    0.0002   -0.0013    0.0021   -0.0010   -0.0003


  DISPERSION K POINT NUMBER    23 COORD:  C(  2  1  1 )    WEIGHT:    1.

    MODES         EIGV          FREQUENCIES     IRREP
             (HARTREE**2)   (CM**-1)     (THZ)
    1-   1    0.1633E-06     88.6910    2.6589  (  1)
    2-   2    0.3259E-06    125.2924    3.7562  (  1)
    3-   3    0.3368E-06    127.3649    3.8183  (  1)
    4-   4    0.4449E-06    146.3851    4.3885  (  1)
    5-   5    0.5589E-06    164.0796    4.9190  (  1)
    6-   6    0.7917E-06    195.2881    5.8546  (  1)
    7-   7    0.8056E-06    196.9899    5.9056  (  1)
    8-   8    0.9073E-06    209.0496    6.2671  (  1)
    9-   9    0.1151E-05    235.4588    7.0589  (  1)
   10-  10    0.1380E-05    257.8101    7.7290  (  1)
   11-  11    0.1645E-05    281.5224    8.4398  (  1)
   12-  12    0.1993E-05    309.8368    9.2887  (  1)
   13-  13    0.2124E-05    319.8627    9.5892  (  1)
   14-  14    0.2419E-05    341.3731   10.2341  (  1)
   15-  15    0.2646E-05    357.0088   10.7029  (  1)
   16-  16    0.3012E-05    380.9231   11.4198  (  1)
   17-  17    0.3187E-05    391.8107   11.7462  (  1)
   18-  18    0.3574E-05    414.9020   12.4384  (  1)
   19-  19    0.1097E-04    726.8394   21.7901  (  1)
   20-  20    0.1109E-04    730.9321   21.9128  (  1)
   21-  21    0.1130E-04    737.6530   22.1143  (  1)
   22-  22    0.1145E-04    742.6807   22.2650  (  1)
   23-  23    0.1655E-04    892.8407   26.7667  (  1)
   24-  24    0.1656E-04    893.0690   26.7735  (  1)
   25-  25    0.2663E-04   1132.6753   33.9567  (  1)
   26-  26    0.2669E-04   1133.9526   33.9950  (  1)
   27-  27    0.4556E-04   1481.3679   44.4103  (  1)
   28-  28    0.4818E-04   1523.3354   45.6684  (  1)
   29-  29    0.4847E-04   1527.9329   45.8063  (  1)
   30-  30    0.5154E-04   1575.6198   47.2359  (  1)

 MODES IN PHASE

 FREQ(CM**-1)     88.69    125.29    127.36    146.39    164.08    195.29

 AT.   1 CA X     0.0738   -0.0066    0.0261    0.0419    0.0256   -0.0019
            Y    -0.0482   -0.0024   -0.0414    0.0620    0.0460   -0.0365
            Z    -0.0207    0.0087    0.0759    0.0453   -0.0018    0.0071
 AT.   2 MG X    -0.0128    0.0396    0.0209    0.0183    0.0038    0.0002
            Y     0.0261    0.0269   -0.0017    0.0045    0.0010   -0.0040
            Z     0.0206   -0.0565    0.0172    0.0137    0.0078    0.0062
 AT.   3 C  X    -0.0051    0.0284    0.0265    0.0391   -0.0047    0.0230
            Y     0.0392    0.0374    0.0153    0.0088    0.0122   -0.0103
            Z     0.0126   -0.0415   -0.0229    0.0518    0.0026    0.0236
 AT.   4 C  X     0.0086   -0.0003   -0.0138   -0.0067   -0.0071    0.0107
            Y    -0.0568   -0.0013   -0.0016   -0.0057    0.0141    0.0147
            Z    -0.0110   -0.0003    0.0085   -0.0305    0.0065    0.0422
 AT.   5 O  X     0.0064    0.0292    0.0402    0.0325   -0.0057    0.0101
            Y     0.0531    0.0372    0.0375    0.0027    0.0117   -0.0285
            Z     0.0087   -0.0687    0.0003    0.0449    0.0291   -0.0075
 AT.   6 O  X     0.0461    0.0013   -0.0214   -0.0227    0.0366    0.0169
            Y    -0.0598   -0.0105    0.0040   -0.0042   -0.0006    0.0181
            Z    -0.0231    0.0117   -0.0119   -0.0035    0.0351   -0.0045
 AT.   7 O  X    -0.0077   -0.0118   -0.0047    0.0102   -0.0330   -0.0155
            Y    -0.0180    0.0004   -0.0100   -0.0310    0.0538    0.0473
            Z    -0.0056   -0.0063    0.0690   -0.0595    0.0371    0.0699
 AT.   8 O  X     0.0038   -0.0285    0.0433    0.0337    0.0551    0.0163
            Y     0.0391   -0.0363    0.0429    0.0030    0.0282   -0.0161
            Z     0.0131    0.0664   -0.0066    0.0448   -0.0491   -0.0097
 AT.   9 O  X     0.0466   -0.0115   -0.0169   -0.0250   -0.0043    0.0524
            Y    -0.0613    0.0000    0.0003   -0.0046    0.0129    0.0112
            Z    -0.0208    0.0045   -0.0067   -0.0064    0.0075    0.0431
 AT.  10 O  X    -0.0070    0.0045   -0.0104    0.0084   -0.0090   -0.0088
            Y    -0.0205   -0.0137   -0.0067   -0.0317    0.0158    0.0579
            Z    -0.0078    0.0065    0.0711   -0.0613   -0.0204    0.0819

 FREQ(CM**-1)    196.99    209.05    235.46    257.81    281.52    309.84

 AT.   1 CA X    -0.0320    0.0177    0.0045   -0.0223    0.0001   -0.0011
            Y     0.0022   -0.0252   -0.0142    0.0246   -0.0001    0.0024
            Z    -0.0444   -0.0249   -0.0195   -0.0116    0.0001    0.0061
 AT.   2 MG X     0.0057    0.0043    0.0095    0.0056   -0.0661    0.0331
            Y     0.0176   -0.0119   -0.0648    0.0814    0.0222    0.0322
            Z    -0.0174   -0.0095   -0.0032    0.0448   -0.0587   -0.0267
 AT.   3 C  X     0.0101    0.0280    0.0453    0.0352    0.0292   -0.0207
            Y     0.0465   -0.0377   -0.0127    0.0223   -0.0179   -0.0096
            Z    -0.0200   -0.0104    0.0040    0.0180    0.0270   -0.0056
 AT.   4 C  X     0.0025   -0.0109   -0.0279   -0.0160    0.0135   -0.0456
            Y    -0.0303   -0.0061   -0.0159    0.0001   -0.0243   -0.0054
            Z     0.0104   -0.0071   -0.0179   -0.0021    0.0139    0.0066
 AT.   5 O  X     0.0206    0.0354    0.0426    0.0414    0.0210   -0.0150
            Y     0.0584   -0.0312   -0.0149    0.0284   -0.0221   -0.0120
            Z    -0.0747   -0.0332   -0.0711    0.0524    0.0191   -0.0052
 AT.   6 O  X     0.0091   -0.0189   -0.0340   -0.0101    0.0245    0.0553
            Y    -0.0075   -0.0141    0.0312   -0.0234    0.0245    0.0022
            Z     0.0347   -0.0233   -0.0433   -0.0262    0.0377   -0.0770
 AT.   7 O  X     0.0113    0.0017   -0.0135   -0.0245   -0.0217    0.0409
            Y    -0.0049   -0.0303    0.0187   -0.0048    0.0469    0.0231
            Z    -0.0282   -0.0283    0.0332    0.0222   -0.0914   -0.0068
 AT.   8 O  X     0.0315    0.0387   -0.0152   -0.0283   -0.0212    0.0101
            Y     0.0662   -0.0344    0.0309   -0.0334    0.0220    0.0170
            Z    -0.0940   -0.0315    0.0468   -0.0387   -0.0188   -0.0065
 AT.   9 O  X     0.0019   -0.0206   -0.0356   -0.0303   -0.0247   -0.0521
            Y    -0.0304   -0.0040   -0.0150    0.0034   -0.0244   -0.0044
            Z     0.0123   -0.0300   -0.0403   -0.0260   -0.0379    0.0675
 AT.  10 O  X    -0.0018   -0.0056   -0.0258   -0.0204    0.0216   -0.0400
            Y    -0.0212   -0.0145   -0.0215    0.0030   -0.0469   -0.0244
            Z    -0.0194   -0.0150   -0.0321    0.0279    0.0914    0.0057

 FREQ(CM**-1)    319.86    341.37    357.01    380.92    391.81    414.90

 AT.   1 CA X    -0.0090   -0.0734    0.0272    0.0008   -0.0028    0.0088
            Y    -0.0359    0.0009    0.0135   -0.0055   -0.0061    0.0081
            Z    -0.0101    0.0006   -0.0352    0.0104   -0.0023   -0.0106
 AT.   2 MG X    -0.0015   -0.0263   -0.0060    0.0521    0.1005    0.1197
            Y    -0.0081   -0.0117    0.0583    0.1193    0.0054   -0.0600
            Z     0.0004   -0.0039    0.0084   -0.0574    0.1134   -0.0939
 AT.   3 C  X    -0.0330   -0.0100   -0.0284   -0.0236   -0.0106   -0.0083
            Y    -0.0012    0.0169    0.0068   -0.0235   -0.0145    0.0173
            Z     0.0345    0.0243   -0.0245    0.0169   -0.0034    0.0177
 AT.   4 C  X    -0.0426    0.0223    0.0288    0.0049    0.0175    0.0229
            Y     0.0060   -0.0115   -0.0069    0.0146   -0.0115   -0.0121
            Z     0.0113   -0.0179    0.0222   -0.0073    0.0208   -0.0242
 AT.   5 O  X    -0.0064    0.0100   -0.0436   -0.0150    0.0058   -0.0010
            Y     0.0322    0.0435   -0.0217   -0.0136   -0.0043    0.0215
            Z     0.0068    0.0605   -0.0103   -0.0447   -0.0238    0.0502
 AT.   6 O  X     0.0414    0.0368   -0.0593    0.0106   -0.0027   -0.0076
            Y     0.0098   -0.0031    0.0095    0.0055    0.0248   -0.0075
            Z    -0.0005   -0.0376    0.0399   -0.0326    0.0159    0.0107
 AT.   7 O  X    -0.0279    0.0260    0.0235    0.0079   -0.0103   -0.0123
            Y     0.0569    0.0060   -0.0481    0.0183    0.0270    0.0010
            Z    -0.0587   -0.0023    0.0551    0.0106   -0.0881    0.0101
 AT.   8 O  X     0.0437    0.0304   -0.0034    0.0144   -0.0387   -0.0191
            Y     0.0014    0.0409    0.0256    0.0067   -0.0005   -0.0103
            Z     0.0561    0.0933    0.0340    0.0167    0.0309   -0.0198
 AT.   9 O  X    -0.0456    0.0427   -0.0115    0.0078    0.0018    0.0291
            Y     0.0106   -0.0187   -0.0010    0.0177   -0.0085   -0.0165
            Z     0.0653   -0.0415   -0.0117   -0.0197   -0.0106   -0.0342
 AT.  10 O  X    -0.0341    0.0014    0.0309    0.0060    0.0148    0.0192
            Y    -0.0058    0.0179   -0.0219    0.0249   -0.0119    0.0001
            Z    -0.0193    0.0221    0.0543   -0.0250    0.0575    0.0232

 FREQ(CM**-1)    726.84    730.93    737.65    742.68    892.84    893.07

 AT.   1 CA X    -0.0002   -0.0040   -0.0032    0.0014    0.0014   -0.0031
            Y     0.0000    0.0059   -0.0047   -0.0004   -0.0011    0.0009
            Z    -0.0001   -0.0030   -0.0052    0.0012    0.0034    0.0019
 AT.   2 MG X     0.0027    0.0032    0.0006   -0.0157   -0.0005   -0.0006
            Y     0.0022    0.0084    0.0071    0.0052   -0.0005   -0.0000
            Z    -0.0004    0.0009   -0.0061   -0.0145   -0.0006    0.0024
 AT.   3 C  X     0.0238    0.0262   -0.0170   -0.0132    0.0033    0.0048
            Y    -0.0108    0.0024   -0.0535   -0.0199    0.0020   -0.0029
            Z     0.0013   -0.0014   -0.0010    0.0083    0.0294    0.1782
 AT.   4 C  X     0.0475   -0.0504    0.0169   -0.0101   -0.0057    0.0039
            Y    -0.0215    0.0165    0.0536   -0.0295    0.0029    0.0014
            Z     0.0030    0.0047    0.0010   -0.0066    0.1783   -0.0293
 AT.   5 O  X     0.0294    0.0028    0.0885    0.0307   -0.0017   -0.0034
            Y    -0.0333   -0.0463    0.0579    0.0416   -0.0015   -0.0003
            Z    -0.0000   -0.0063    0.0121    0.0065   -0.0085   -0.0490
 AT.   6 O  X     0.1089    0.1092    0.0029   -0.0266    0.0012   -0.0027
            Y     0.0090    0.0008    0.0477    0.0783   -0.0002    0.0017
            Z    -0.0148   -0.0153    0.0001    0.0048   -0.0384    0.0245
 AT.   7 O  X    -0.0232   -0.0310    0.0447    0.0867    0.0018    0.0001
            Y    -0.0939   -0.0847   -0.0380   -0.0409    0.0064   -0.0046
            Z     0.0095    0.0066    0.0051    0.0111   -0.0379    0.0223
 AT.   8 O  X    -0.0262    0.0055    0.0389   -0.0747    0.0011   -0.0031
            Y     0.0277   -0.0507    0.0276   -0.0794    0.0044   -0.0007
            Z    -0.0003   -0.0067    0.0061   -0.0151    0.0237   -0.0466
 AT.   9 O  X    -0.1086    0.1093    0.0036    0.0082    0.0022    0.0002
            Y    -0.0095    0.0019    0.0809   -0.0432    0.0002    0.0007
            Z     0.0146   -0.0152   -0.0028    0.0007   -0.0494    0.0083
 AT.  10 O  X     0.0225   -0.0300    0.0791   -0.0449    0.0019   -0.0014
            Y     0.0942   -0.0854   -0.0644    0.0299    0.0065   -0.0027
            Z    -0.0095    0.0067    0.0139   -0.0095   -0.0491    0.0057

 FREQ(CM**-1)   1132.68   1133.95   1481.37   1523.34   1527.93   1575.62

 AT.   1 CA X    -0.0010   -0.0023    0.0000   -0.0011    0.0019   -0.0030
            Y    -0.0003   -0.0007    0.0000    0.0021    0.0010    0.0002
            Z    -0.0002    0.0028    0.0000    0.0001    0.0037   -0.0029
 AT.   2 MG X     0.0015   -0.0077    0.0010   -0.0000   -0.0016   -0.0007
            Y    -0.0004    0.0019   -0.0004   -0.0072   -0.0016    0.0001
            Z     0.0057    0.0037    0.0015    0.0057   -0.0019   -0.0004
 AT.   3 C  X    -0.0002   -0.0008    0.0196    0.0643   -0.0189    0.1706
            Y     0.0003   -0.0037    0.0883    0.1579   -0.0009    0.0231
            Z     0.0007    0.0007   -0.0001    0.0015   -0.0021   -0.0036
 AT.   4 C  X    -0.0002   -0.0001   -0.0129   -0.0030    0.1550    0.0153
            Y    -0.0009    0.0040    0.1714   -0.0889   -0.0766   -0.0129
            Z    -0.0010   -0.0005    0.0012   -0.0029    0.0053   -0.0022
 AT.   5 O  X     0.0155    0.0398    0.0093    0.0077    0.0049   -0.0458
            Y    -0.0118   -0.0308   -0.0118   -0.0192   -0.0045    0.0261
            Z    -0.0006   -0.0015   -0.0013   -0.0030    0.0002    0.0035
 AT.   6 O  X     0.0087   -0.0124    0.0063    0.0076   -0.0078    0.0088
            Y     0.0762   -0.1024    0.0718    0.0319    0.0200    0.0155
            Z    -0.0014    0.0006    0.0007   -0.0021   -0.0035   -0.0010
 AT.   7 O  X    -0.0709    0.0936    0.0180    0.0353   -0.0448    0.0406
            Y    -0.0300    0.0396    0.0170    0.0192   -0.0092    0.0132
            Z    -0.0013    0.0010   -0.0000   -0.0009   -0.0040    0.0015
 AT.   8 O  X     0.0402   -0.0148   -0.0078    0.0077    0.0284   -0.0342
            Y    -0.0315    0.0118    0.0103    0.0024   -0.0204    0.0196
            Z     0.0000   -0.0002    0.0012    0.0019    0.0015    0.0025
 AT.   9 O  X    -0.0123   -0.0087   -0.0064    0.0062   -0.0086   -0.0020
            Y    -0.1011   -0.0780   -0.0719    0.0364    0.0240    0.0051
            Z     0.0020    0.0007   -0.0006    0.0022   -0.0035    0.0017
 AT.  10 O  X     0.0932    0.0702   -0.0185    0.0125   -0.0473   -0.0011
            Y     0.0406    0.0291   -0.0172    0.0097   -0.0093   -0.0010
            Z     0.0014    0.0007   -0.0000    0.0017   -0.0032    0.0022

 MODES IN ANTI-PHASE

 FREQ(CM**-1)     88.69    125.29    127.36    146.39    164.08    195.29

 AT.   1 CA X    -0.0072    0.0454   -0.0019   -0.0011    0.0386   -0.0005
            Y     0.0047    0.0164    0.0030   -0.0016    0.0694   -0.0101
            Z     0.0020   -0.0600   -0.0056   -0.0012   -0.0026    0.0020
 AT.   2 MG X    -0.0179   -0.0158    0.0308    0.0299   -0.0077    0.0008
            Y     0.0365   -0.0107   -0.0025    0.0073   -0.0020   -0.0155
            Z     0.0288    0.0225    0.0254    0.0223   -0.0156    0.0239
 AT.   3 C  X    -0.0069   -0.0071   -0.0034   -0.0174    0.0197   -0.0103
            Y     0.0412   -0.0103   -0.0100    0.0012   -0.0167   -0.0149
            Z     0.0036    0.0096    0.0072    0.0028   -0.0318   -0.0418
 AT.   4 C  X    -0.0007    0.0293   -0.0229   -0.0423   -0.0190   -0.0228
            Y    -0.0023    0.0388   -0.0182   -0.0067    0.0151    0.0105
            Z    -0.0071   -0.0426    0.0224   -0.0419    0.0313   -0.0229
 AT.   5 O  X     0.0129    0.0017   -0.0241   -0.0234    0.0574    0.0149
            Y     0.0671    0.0023   -0.0393   -0.0064    0.0356    0.0161
            Z    -0.0234   -0.0021    0.0477   -0.0003   -0.0410   -0.0064
 AT.   6 O  X    -0.0068    0.0360   -0.0294    0.0447    0.0108    0.0736
            Y     0.0136    0.0354    0.0247    0.0074    0.0137   -0.0083
            Z    -0.0098   -0.0552   -0.0353    0.0557    0.0230    0.0910
 AT.   7 O  X    -0.0031    0.0239    0.0393    0.0361   -0.0237    0.0088
            Y     0.0148    0.0470   -0.0217    0.0153    0.0400    0.0338
            Z     0.0115   -0.0016   -0.0197    0.0350   -0.0065    0.0427
 AT.   8 O  X    -0.0139   -0.0067    0.0179    0.0217    0.0171   -0.0075
            Y    -0.0761   -0.0084    0.0334    0.0063    0.0247   -0.0285
            Z     0.0212    0.0176   -0.0472   -0.0021    0.0109    0.0016
 AT.   9 O  X    -0.0023    0.0341    0.0322   -0.0435    0.0379   -0.0543
            Y    -0.0017    0.0370   -0.0250   -0.0072    0.0048    0.0164
            Z     0.0141   -0.0563    0.0367   -0.0555    0.0413   -0.0803
 AT.  10 O  X     0.0046    0.0263   -0.0382   -0.0366   -0.0397   -0.0155
            Y    -0.0111    0.0449    0.0229   -0.0137    0.0652   -0.0046
            Z    -0.0102    0.0002    0.0095   -0.0319    0.0317   -0.0005

 FREQ(CM**-1)    196.99    209.05    235.46    257.81    281.52    309.84

 AT.   1 CA X     0.0078   -0.0016   -0.0071    0.0406   -0.0376   -0.0118
            Y    -0.0005    0.0023    0.0223   -0.0449    0.0161    0.0262
            Z     0.0109    0.0023    0.0306    0.0212   -0.0264    0.0659
 AT.   2 MG X     0.0059    0.0060    0.0004   -0.0001    0.0379   -0.0234
            Y     0.0184   -0.0168   -0.0029   -0.0018   -0.0127   -0.0227
            Z    -0.0182   -0.0135   -0.0001   -0.0010    0.0336    0.0189
 AT.   3 C  X    -0.0207   -0.0095   -0.0023    0.0002   -0.0010   -0.0423
            Y    -0.0168    0.0401   -0.0284    0.0117   -0.0178    0.0010
            Z     0.0121    0.0181   -0.0191    0.0070    0.0006    0.0135
 AT.   4 C  X    -0.0229   -0.0275    0.0358    0.0313    0.0258    0.0117
            Y    -0.0391    0.0547   -0.0267    0.0252   -0.0068   -0.0079
            Z     0.0209    0.0196   -0.0076    0.0191    0.0232   -0.0130
 AT.   5 O  X    -0.0285   -0.0218   -0.0030    0.0070    0.0198   -0.0258
            Y    -0.0312    0.0206   -0.0272    0.0215    0.0098    0.0289
            Z     0.0601   -0.0064   -0.0185    0.0124   -0.0367   -0.0636
 AT.   6 O  X     0.0134    0.0108    0.0551    0.0424    0.0264    0.0126
            Y     0.0513   -0.0546    0.0020    0.0109   -0.0100   -0.0126
            Z     0.0398    0.0392    0.0646    0.0476    0.0198   -0.0452
 AT.   7 O  X     0.0256    0.0400    0.0348    0.0398    0.0189    0.0012
            Y     0.0364   -0.0845    0.0151   -0.0005   -0.0054   -0.0090
            Z    -0.0121   -0.0707    0.0200   -0.0473   -0.0013   -0.0054
 AT.   8 O  X     0.0158    0.0150   -0.0399   -0.0311    0.0197   -0.0281
            Y     0.0007   -0.0146    0.0021   -0.0124    0.0100    0.0262
            Z    -0.0187    0.0123    0.0566   -0.0374   -0.0368   -0.0635
 AT.   9 O  X    -0.0161   -0.0072    0.0541    0.0313    0.0262    0.0225
            Y    -0.0421    0.0563   -0.0274    0.0256   -0.0101   -0.0120
            Z    -0.0513   -0.0343    0.0665    0.0477    0.0196   -0.0584
 AT.  10 O  X    -0.0280   -0.0397    0.0269    0.0421    0.0191    0.0086
            Y    -0.0301    0.0886   -0.0106    0.0038   -0.0057   -0.0047
            Z     0.0238    0.0747   -0.0217   -0.0442   -0.0007   -0.0066

 FREQ(CM**-1)    319.86    341.37    357.01    380.92    391.81    414.90

 AT.   1 CA X    -0.0088    0.0245   -0.0164   -0.0019    0.0050   -0.0172
            Y    -0.0352   -0.0003   -0.0082    0.0132    0.0109   -0.0158
            Z    -0.0099   -0.0002    0.0213   -0.0252    0.0042    0.0207
 AT.   2 MG X     0.0057   -0.0233   -0.0033   -0.0070   -0.0009   -0.0060
            Y     0.0317   -0.0104    0.0321   -0.0160   -0.0000    0.0030
            Z    -0.0014   -0.0034    0.0046    0.0077   -0.0011    0.0047
 AT.   3 C  X     0.0276   -0.0332    0.0104   -0.0011    0.0141    0.0214
            Y    -0.0136   -0.0105   -0.0008    0.0089   -0.0212   -0.0055
            Z     0.0352   -0.0112   -0.0564   -0.0031    0.0219   -0.0186
 AT.   4 C  X    -0.0065   -0.0266    0.0093   -0.0231   -0.0025    0.0013
            Y     0.0122   -0.0163   -0.0005   -0.0204   -0.0229    0.0135
            Z    -0.0480   -0.0198   -0.0573    0.0155    0.0076    0.0085
 AT.   5 O  X     0.0438   -0.0373   -0.0190   -0.0053    0.0416    0.0242
            Y     0.0008   -0.0101   -0.0403    0.0042    0.0032   -0.0028
            Z     0.0560   -0.0748   -0.0438    0.0214   -0.0218   -0.0118
 AT.   6 O  X    -0.0465   -0.0221   -0.0182   -0.0217   -0.0005   -0.0304
            Y     0.0104    0.0270    0.0062   -0.0307   -0.0050    0.0257
            Z     0.0653    0.0190    0.0341    0.0608    0.0029    0.0345
 AT.   7 O  X    -0.0336    0.0324   -0.0226   -0.0164   -0.0110   -0.0148
            Y    -0.0070   -0.0217   -0.0005   -0.0538   -0.0023   -0.0008
            Z    -0.0180   -0.0397   -0.0324    0.0248   -0.0140   -0.0359
 AT.   8 O  X    -0.0073    0.0238    0.0475    0.0068    0.0165    0.0149
            Y     0.0321   -0.0180    0.0380    0.0126    0.0054   -0.0191
            Z     0.0057    0.0235    0.0295    0.0467    0.0092   -0.0477
 AT.   9 O  X     0.0423   -0.0044    0.0610   -0.0228    0.0021   -0.0116
            Y     0.0096   -0.0197   -0.0113   -0.0257   -0.0239    0.0211
            Z    -0.0019    0.0073   -0.0511    0.0661   -0.0121    0.0114
 AT.  10 O  X    -0.0272   -0.0415   -0.0103   -0.0172    0.0032    0.0014
            Y     0.0570    0.0138    0.0428   -0.0510   -0.0243   -0.0013
            Z    -0.0583    0.0331   -0.0337    0.0101    0.0682   -0.0292

 FREQ(CM**-1)    726.84    730.93    737.65    742.68    892.84    893.07

 AT.   1 CA X    -0.0037   -0.0001    0.0018   -0.0024    0.0005   -0.0005
            Y     0.0007    0.0002    0.0027    0.0007   -0.0004    0.0002
            Z    -0.0019   -0.0001    0.0029   -0.0021    0.0012    0.0003
 AT.   2 MG X    -0.0017    0.0061    0.0004    0.0000   -0.0030   -0.0017
            Y    -0.0014    0.0158    0.0042   -0.0000   -0.0029   -0.0001
            Z     0.0003    0.0018   -0.0036    0.0000   -0.0036    0.0067
 AT.   3 C  X     0.0413    0.0433    0.0041   -0.0192    0.0063   -0.0047
            Y    -0.0187   -0.0195   -0.0035   -0.0455   -0.0026   -0.0010
            Z     0.0028   -0.0046    0.0030   -0.0029   -0.1759   -0.0004
 AT.   4 C  X    -0.0041   -0.0047    0.0044   -0.0210   -0.0043   -0.0055
            Y     0.0018   -0.0106   -0.0025   -0.0399   -0.0015    0.0027
            Z    -0.0005   -0.0007    0.0030    0.0058    0.0003   -0.1758
 AT.   5 O  X     0.0354    0.0391    0.0078    0.0685    0.0038    0.0003
            Y    -0.0645   -0.0628    0.0026    0.0676    0.0088   -0.0013
            Z    -0.0042   -0.0061    0.0001    0.0137    0.0474   -0.0016
 AT.   6 O  X    -0.0003    0.0060   -0.0024    0.0060    0.0020    0.0077
            Y    -0.0057    0.0164   -0.0657    0.0044    0.0005   -0.0026
            Z    -0.0016    0.0007    0.0034   -0.0037   -0.0310   -0.0421
 AT.   7 O  X    -0.0074    0.0130   -0.0654    0.0015    0.0009   -0.0044
            Y     0.0071   -0.0122    0.0523   -0.0108    0.0025    0.0046
            Z     0.0001    0.0016   -0.0132    0.0045   -0.0313   -0.0437
 AT.   8 O  X     0.0378   -0.0388   -0.0799    0.0079   -0.0040   -0.0015
            Y    -0.0671    0.0594   -0.0510   -0.0019   -0.0077    0.0011
            Z    -0.0042    0.0056   -0.0105    0.0013   -0.0419   -0.0155
 AT.   9 O  X     0.0090    0.0018   -0.0013    0.0260   -0.0007   -0.0082
            Y    -0.0049   -0.0164   -0.0070   -0.0655   -0.0005    0.0030
            Z    -0.0028   -0.0018   -0.0019   -0.0060   -0.0006    0.0480
 AT.  10 O  X    -0.0094   -0.0152   -0.0047   -0.0742    0.0005    0.0042
            Y    -0.0009    0.0062    0.0057    0.0299    0.0021   -0.0059
            Z     0.0009   -0.0011    0.0024   -0.0073   -0.0000    0.0487

 FREQ(CM**-1)   1132.68   1133.95   1481.37   1523.34   1527.93   1575.62

 AT.   1 CA X     0.0027    0.0009    0.0010    0.0018    0.0004   -0.0010
            Y     0.0008    0.0003    0.0010   -0.0035    0.0002    0.0001
            Z     0.0005   -0.0011    0.0013   -0.0002    0.0007   -0.0010
 AT.   2 MG X    -0.0003   -0.0063   -0.0006   -0.0000   -0.0049   -0.0037
            Y     0.0001    0.0016    0.0002   -0.0002   -0.0048    0.0004
            Z    -0.0010    0.0030   -0.0009    0.0001   -0.0055   -0.0018
 AT.   3 C  X    -0.0002    0.0028   -0.0278    0.0374   -0.1539    0.0063
            Y    -0.0009   -0.0016    0.1470   -0.0048    0.0774    0.0160
            Z    -0.0009   -0.0005    0.0015   -0.0025   -0.0051    0.0018
 AT.   4 C  X    -0.0002    0.0030    0.0315    0.0743   -0.0005   -0.1701
            Y     0.0001   -0.0003   -0.0048    0.1306    0.0106   -0.0249
            Z     0.0005   -0.0007   -0.0009   -0.0001    0.0015    0.0033
 AT.   5 O  X    -0.0794    0.0687    0.0333   -0.0127    0.0615    0.0038
            Y     0.0618   -0.0537   -0.0318    0.0073   -0.0419   -0.0020
            Z     0.0007   -0.0015   -0.0002   -0.0006    0.0032   -0.0005
 AT.   6 O  X     0.0087   -0.0011   -0.0025   -0.0109   -0.0038   -0.0150
            Y     0.0664    0.0008   -0.0029   -0.0576    0.0142   -0.0120
            Z    -0.0015   -0.0003    0.0014   -0.0013   -0.0009    0.0041
 AT.   7 O  X    -0.0605    0.0010   -0.0114   -0.0325   -0.0155   -0.0552
            Y    -0.0274    0.0013   -0.0044   -0.0209   -0.0020   -0.0190
            Z    -0.0007    0.0000   -0.0004   -0.0015    0.0013    0.0017
 AT.   8 O  X    -0.0702   -0.0780    0.0337   -0.0127   -0.0547   -0.0308
            Y     0.0545    0.0608   -0.0323    0.0204    0.0368    0.0174
            Z     0.0009    0.0021   -0.0003    0.0024   -0.0029    0.0025
 AT.   9 O  X     0.0009    0.0089   -0.0022   -0.0118    0.0005    0.0173
            Y     0.0004    0.0664    0.0004   -0.0549   -0.0054    0.0189
            Z    -0.0002   -0.0001    0.0015    0.0012   -0.0006   -0.0039
 AT.  10 O  X     0.0006   -0.0620   -0.0106   -0.0463   -0.0031    0.0685
            Y    -0.0011   -0.0269   -0.0037   -0.0267   -0.0017    0.0231
            Z     0.0003   -0.0007   -0.0004    0.0001   -0.0028   -0.0005


  DISPERSION K POINT NUMBER    24 COORD:  C(  2  1  2 )    WEIGHT:    1.

    MODES         EIGV          FREQUENCIES     IRREP
             (HARTREE**2)   (CM**-1)     (THZ)
    1-   1    0.1633E-06     88.6910    2.6589  (  1)
    2-   2    0.3259E-06    125.2924    3.7562  (  1)
    3-   3    0.3368E-06    127.3649    3.8183  (  1)
    4-   4    0.4449E-06    146.3851    4.3885  (  1)
    5-   5    0.5589E-06    164.0796    4.9190  (  1)
    6-   6    0.7917E-06    195.2881    5.8546  (  1)
    7-   7    0.8056E-06    196.9899    5.9056  (  1)
    8-   8    0.9073E-06    209.0496    6.2671  (  1)
    9-   9    0.1151E-05    235.4588    7.0589  (  1)
   10-  10    0.1380E-05    257.8101    7.7290  (  1)
   11-  11    0.1645E-05    281.5224    8.4398  (  1)
   12-  12    0.1993E-05    309.8368    9.2887  (  1)
   13-  13    0.2124E-05    319.8627    9.5892  (  1)
   14-  14    0.2419E-05    341.3731   10.2341  (  1)
   15-  15    0.2646E-05    357.0088   10.7029  (  1)
   16-  16    0.3012E-05    380.9231   11.4198  (  1)
   17-  17    0.3187E-05    391.8107   11.7462  (  1)
   18-  18    0.3574E-05    414.9020   12.4384  (  1)
   19-  19    0.1097E-04    726.8394   21.7901  (  1)
   20-  20    0.1109E-04    730.9321   21.9128  (  1)
   21-  21    0.1130E-04    737.6530   22.1143  (  1)
   22-  22    0.1145E-04    742.6807   22.2650  (  1)
   23-  23    0.1655E-04    892.8407   26.7667  (  1)
   24-  24    0.1656E-04    893.0690   26.7735  (  1)
   25-  25    0.2663E-04   1132.6753   33.9567  (  1)
   26-  26    0.2669E-04   1133.9526   33.9950  (  1)
   27-  27    0.4556E-04   1481.3679   44.4103  (  1)
   28-  28    0.4818E-04   1523.3354   45.6684  (  1)
   29-  29    0.4847E-04   1527.9329   45.8063  (  1)
   30-  30    0.5154E-04   1575.6198   47.2359  (  1)

 MODES IN PHASE

 FREQ(CM**-1)     88.69    125.29    127.36    146.39    164.08    195.29

 AT.   1 CA X     0.0049   -0.0331    0.0229   -0.0654    0.0951    0.0012
            Y     0.0885    0.0279    0.0434    0.0046    0.0015    0.0006
            Z    -0.0208   -0.0537    0.0761    0.0397    0.0032    0.0003
 AT.   2 MG X    -0.0141    0.0392   -0.0084   -0.0005   -0.0034   -0.0114
            Y    -0.0209   -0.0190    0.0178    0.0005    0.0034   -0.0074
            Z     0.0178    0.0514    0.0162    0.0005    0.0095   -0.0210
 AT.   3 C  X     0.0444   -0.0451    0.0054    0.0198    0.0080    0.0065
            Y     0.0356    0.0058   -0.0100   -0.0179    0.0271   -0.0248
            Z    -0.0102   -0.0403    0.0061   -0.0464   -0.0290   -0.0321
 AT.   4 C  X     0.0445   -0.0398    0.0072   -0.0065    0.0075   -0.0076
            Y     0.0356    0.0046   -0.0107    0.0143    0.0274    0.0244
            Z    -0.0103   -0.0343    0.0076   -0.0051   -0.0302    0.0345
 AT.   5 O  X     0.0204   -0.0459    0.0110    0.0346    0.0349    0.0221
            Y     0.0032    0.0039   -0.0010    0.0091    0.0632   -0.0023
            Z    -0.0067    0.0024    0.0698   -0.0691   -0.0134   -0.0197
 AT.   6 O  X    -0.0430    0.0252   -0.0545   -0.0248    0.0549    0.0263
            Y    -0.0188   -0.0037    0.0161    0.0318   -0.0219    0.0023
            Z     0.0108    0.0387   -0.0017    0.0389    0.0204    0.0039
 AT.   7 O  X     0.0294   -0.0444    0.0075    0.0275    0.0239    0.0210
            Y     0.0707    0.0071   -0.0189   -0.0329   -0.0184   -0.0631
            Z    -0.0221   -0.0516   -0.0105   -0.0312   -0.0377   -0.0882
 AT.   8 O  X     0.0205   -0.0478    0.0110    0.0048    0.0362   -0.0249
            Y     0.0034   -0.0061   -0.0038    0.0325    0.0656   -0.0003
            Z    -0.0068   -0.0036    0.0707   -0.0367   -0.0168    0.0251
 AT.   9 O  X    -0.0423   -0.0182   -0.0571   -0.0086    0.0522   -0.0254
            Y    -0.0186    0.0025    0.0161    0.0159   -0.0193   -0.0007
            Z     0.0111   -0.0247   -0.0047    0.0397    0.0157   -0.0045
 AT.  10 O  X     0.0294   -0.0431    0.0079    0.0000    0.0245   -0.0232
            Y     0.0708    0.0148   -0.0165    0.0005   -0.0210    0.0647
            Z    -0.0220   -0.0482   -0.0082    0.0225   -0.0394    0.0895

 FREQ(CM**-1)    196.99    209.05    235.46    257.81    281.52    309.84

 AT.   1 CA X    -0.0036    0.0046   -0.0186   -0.0067    0.0011   -0.0038
            Y     0.0073    0.0098   -0.0204   -0.0208   -0.0091   -0.0052
            Z     0.0113   -0.0088    0.0361   -0.0077   -0.0059    0.0149
 AT.   2 MG X     0.0252   -0.0090   -0.0201   -0.0718   -0.0153   -0.0398
            Y     0.0054   -0.0106   -0.0159   -0.0352    0.0753    0.0113
            Z     0.0243    0.0105    0.0013    0.0439    0.0647   -0.0240
 AT.   3 C  X     0.0451   -0.0256   -0.0136    0.0221    0.0123   -0.0258
            Y    -0.0005   -0.0488    0.0445   -0.0012    0.0291    0.0393
            Z     0.0208    0.0146    0.0055   -0.0126    0.0188   -0.0104
 AT.   4 C  X    -0.0517    0.0353   -0.0072    0.0011   -0.0155    0.0274
            Y    -0.0079    0.0476    0.0470   -0.0111   -0.0176   -0.0345
            Z    -0.0234   -0.0208    0.0008    0.0014   -0.0084    0.0048
 AT.   5 O  X     0.0398   -0.0446   -0.0234    0.0126    0.0280   -0.0391
            Y    -0.0093   -0.0698    0.0295   -0.0123    0.0454    0.0243
            Z     0.0240    0.0607    0.0037    0.0134    0.0889   -0.0075
 AT.   6 O  X    -0.0078    0.0092    0.0262   -0.0485   -0.0125    0.0161
            Y     0.0134    0.0403   -0.0092    0.0205   -0.0259   -0.0119
            Z    -0.0179   -0.0027    0.0140    0.0537   -0.0267   -0.0137
 AT.   7 O  X     0.0442   -0.0347   -0.0221    0.0194    0.0316   -0.0286
            Y     0.0070   -0.0378    0.0615    0.0085   -0.0027    0.0487
            Z    -0.0514   -0.0439    0.0770   -0.0173   -0.0324   -0.0824
 AT.   8 O  X    -0.0444    0.0589   -0.0175    0.0032   -0.0301    0.0407
            Y     0.0039    0.0765    0.0308   -0.0127   -0.0368   -0.0209
            Z    -0.0119   -0.0760   -0.0057    0.0195   -0.0893    0.0048
 AT.   9 O  X     0.0419   -0.0022    0.0246    0.0470    0.0042   -0.0207
            Y    -0.0090   -0.0061   -0.0197   -0.0114    0.0313   -0.0048
            Z     0.0608   -0.0202    0.0309   -0.0447    0.0103   -0.0149
 AT.  10 O  X    -0.0512    0.0472   -0.0163    0.0053   -0.0336    0.0295
            Y    -0.0142    0.0290    0.0647   -0.0249    0.0151   -0.0391
            Z     0.0395    0.0251    0.0774   -0.0171    0.0412    0.0591

 FREQ(CM**-1)    319.86    341.37    357.01    380.92    391.81    414.90

 AT.   1 CA X    -0.0211    0.0321    0.0215   -0.0054    0.0072   -0.0113
            Y    -0.0060   -0.0572   -0.0143   -0.0043    0.0007    0.0036
            Z     0.0060    0.0005    0.0300   -0.0129   -0.0025   -0.0105
 AT.   2 MG X    -0.0179    0.0275    0.0520    0.1305   -0.0549   -0.0079
            Y    -0.0065   -0.0200    0.0376    0.0146    0.0843    0.1336
            Z    -0.0008   -0.0046   -0.0091    0.0579    0.1134   -0.0938
 AT.   3 C  X     0.0122   -0.0220   -0.0018    0.0131   -0.0191    0.0106
            Y    -0.0021    0.0274    0.0004   -0.0095   -0.0182   -0.0106
            Z     0.0490    0.0039   -0.0612    0.0074   -0.0167    0.0074
 AT.   4 C  X    -0.0176    0.0053    0.0092    0.0181    0.0004   -0.0010
            Y     0.0332    0.0208   -0.0295    0.0020    0.0205    0.0259
            Z    -0.0274   -0.0221   -0.0096    0.0089    0.0205   -0.0242
 AT.   5 O  X     0.0411   -0.0171   -0.0317    0.0254   -0.0185    0.0053
            Y     0.0403    0.0281   -0.0394    0.0036   -0.0221   -0.0112
            Z     0.0486   -0.0115   -0.0471   -0.0080   -0.0875    0.0100
 AT.   6 O  X     0.0152   -0.0350   -0.0490   -0.0193    0.0018   -0.0182
            Y     0.0334   -0.0191    0.0256    0.0054    0.0058   -0.0115
            Z     0.0132    0.0412    0.0193    0.0467   -0.0229    0.0502
 AT.   7 O  X     0.0323   -0.0181   -0.0217    0.0140   -0.0203    0.0103
            Y    -0.0449    0.0248    0.0588   -0.0067   -0.0148   -0.0030
            Z     0.0234   -0.0320   -0.0461    0.0388    0.0157    0.0108
 AT.   8 O  X    -0.0332   -0.0136    0.0033    0.0299    0.0022   -0.0097
            Y     0.0067   -0.0176   -0.0305    0.0083    0.0181    0.0166
            Z    -0.0023    0.0292   -0.0460    0.0259    0.0547    0.0231
 AT.   9 O  X     0.0132   -0.0483    0.0319    0.0114    0.0203    0.0185
            Y    -0.0426    0.0127    0.0108   -0.0091   -0.0337   -0.0113
            Z    -0.0506    0.0962   -0.0395   -0.0117    0.0305   -0.0200
 AT.  10 O  X    -0.0231   -0.0004   -0.0021    0.0226    0.0057   -0.0003
            Y     0.0531    0.0464   -0.0031    0.0013    0.0052    0.0334
            Z    -0.0618   -0.0386    0.0221    0.0265   -0.0102   -0.0342

 FREQ(CM**-1)    726.84    730.93    737.65    742.68    892.84    893.07

 AT.   1 CA X     0.0011   -0.0016    0.0053    0.0004    0.0003   -0.0003
            Y    -0.0030   -0.0034   -0.0004   -0.0016    0.0018    0.0011
            Z    -0.0016   -0.0016   -0.0049   -0.0014    0.0034   -0.0007
 AT.   2 MG X     0.0034   -0.0189    0.0007    0.0014    0.0007    0.0006
            Y    -0.0013   -0.0029    0.0003   -0.0068   -0.0002   -0.0010
            Z     0.0005    0.0020    0.0007   -0.0061   -0.0007    0.0046
 AT.   3 C  X    -0.0025   -0.0036   -0.0546   -0.0264    0.0025    0.0001
            Y     0.0256   -0.0298   -0.0116   -0.0059   -0.0068    0.0056
            Z     0.0013    0.0032    0.0013    0.0071    0.1379    0.1782
 AT.   4 C  X     0.0030    0.0154   -0.0233    0.0538    0.0004    0.0020
            Y    -0.0295   -0.0246   -0.0097    0.0042   -0.0063   -0.0066
            Z    -0.0020    0.0017   -0.0023    0.0024    0.1783   -0.1379
 AT.   5 O  X    -0.0479    0.0475    0.0159    0.0044   -0.0064   -0.0035
            Y    -0.0219    0.0228    0.0995    0.0465   -0.0016   -0.0065
            Z    -0.0046    0.0046    0.0141    0.0088   -0.0380   -0.0490
 AT.   6 O  X     0.0262    0.0495   -0.0345   -0.1059    0.0021   -0.0002
            Y     0.0341    0.0693    0.0153    0.0256   -0.0007    0.0022
            Z    -0.0036   -0.0084    0.0050    0.0152   -0.0083    0.0230
 AT.   7 O  X     0.0351   -0.0423   -0.0707   -0.0293   -0.0005   -0.0014
            Y    -0.0420    0.0439   -0.0369   -0.0236    0.0011    0.0085
            Z     0.0059   -0.0069   -0.0030   -0.0013   -0.0385   -0.0487
 AT.   8 O  X     0.0504    0.0459    0.0092    0.0087   -0.0066    0.0011
            Y     0.0069   -0.0058    0.0490   -0.0946   -0.0016    0.0056
            Z     0.0055    0.0023    0.0037   -0.0106   -0.0492    0.0394
 AT.   9 O  X     0.0395   -0.0075   -0.0946    0.0428   -0.0044   -0.0012
            Y     0.0757   -0.0401    0.0480   -0.0035   -0.0012   -0.0004
            Z    -0.0035    0.0016    0.0121   -0.0052    0.0235    0.0097
 AT.  10 O  X    -0.0310   -0.0163   -0.0366    0.0537   -0.0012    0.0016
            Y     0.0528    0.0548   -0.0181    0.0622    0.0018   -0.0074
            Z    -0.0097   -0.0091    0.0005   -0.0051   -0.0494    0.0376

 FREQ(CM**-1)   1132.68   1133.95   1481.37   1523.34   1527.93   1575.62

 AT.   1 CA X     0.0008    0.0018    0.0001   -0.0025   -0.0018   -0.0001
            Y    -0.0007   -0.0016   -0.0000   -0.0039    0.0011    0.0003
            Z    -0.0002    0.0028   -0.0001    0.0002    0.0037    0.0003
 AT.   2 MG X    -0.0004    0.0022    0.0001    0.0029    0.0028    0.0012
            Y     0.0015   -0.0076   -0.0010    0.0016   -0.0008   -0.0028
            Z     0.0057    0.0037   -0.0015    0.0026   -0.0024   -0.0015
 AT.   3 C  X    -0.0007   -0.0017   -0.1409    0.1685   -0.0133   -0.1031
            Y    -0.0001   -0.0034   -0.0986    0.0241    0.1632    0.1358
            Z     0.0004    0.0000    0.0013   -0.0016    0.0055   -0.0037
 AT.   4 C  X     0.0009   -0.0034    0.1422    0.1695   -0.0120    0.0957
            Y     0.0003   -0.0021    0.0962    0.0209    0.1712   -0.1310
            Z    -0.0010   -0.0005   -0.0012   -0.0013    0.0054    0.0040
 AT.   5 O  X     0.0610   -0.0811    0.0235   -0.0466    0.0312    0.0532
            Y    -0.0462    0.0613   -0.0069    0.0256   -0.0352   -0.0467
            Z    -0.0013    0.0010    0.0000    0.0009   -0.0039    0.0009
 AT.   6 O  X     0.0025    0.0069   -0.0058    0.0061    0.0020   -0.0003
            Y     0.0201    0.0505   -0.0150    0.0207    0.0138    0.0257
            Z    -0.0006   -0.0015    0.0013   -0.0009    0.0006   -0.0019
 AT.   7 O  X    -0.0699    0.0949    0.0652   -0.0636   -0.0144    0.0236
            Y    -0.0304    0.0404    0.0304   -0.0215   -0.0177   -0.0063
            Z    -0.0014    0.0006   -0.0007    0.0002   -0.0035    0.0042
 AT.   8 O  X    -0.0818   -0.0599   -0.0243   -0.0476    0.0318   -0.0500
            Y     0.0605    0.0459    0.0076    0.0264   -0.0363    0.0437
            Z     0.0014    0.0007    0.0000    0.0007   -0.0035   -0.0013
 AT.   9 O  X     0.0073   -0.0029    0.0048    0.0071    0.0030    0.0003
            Y     0.0512   -0.0194    0.0109    0.0212    0.0281   -0.0160
            Z    -0.0000   -0.0002   -0.0012   -0.0012    0.0012    0.0012
 AT.  10 O  X     0.0937    0.0715   -0.0655   -0.0635   -0.0159   -0.0214
            Y     0.0399    0.0313   -0.0303   -0.0213   -0.0191    0.0068
            Z     0.0020    0.0007    0.0006   -0.0001   -0.0036   -0.0042

 MODES IN ANTI-PHASE

 FREQ(CM**-1)     88.69    125.29    127.36    146.39    164.08    195.29

 AT.   1 CA X     0.0000   -0.0173    0.0007    0.0361    0.0047   -0.0338
            Y     0.0005    0.0146    0.0014   -0.0025    0.0001   -0.0172
            Z    -0.0001   -0.0282    0.0024   -0.0219    0.0002   -0.0074
 AT.   2 MG X     0.0241   -0.0248    0.0136    0.0250    0.0052   -0.0071
            Y     0.0358    0.0120   -0.0287   -0.0260   -0.0053   -0.0046
            Z    -0.0305   -0.0325   -0.0261   -0.0262   -0.0146   -0.0131
 AT.   3 C  X     0.0070   -0.0172    0.0279    0.0201   -0.0049    0.0171
            Y     0.0043    0.0016   -0.0118   -0.0282    0.0036    0.0040
            Z    -0.0082   -0.0139    0.0232   -0.0232   -0.0133   -0.0357
 AT.   4 C  X    -0.0065   -0.0273   -0.0275   -0.0275    0.0057    0.0166
            Y    -0.0039    0.0039    0.0112    0.0302   -0.0009    0.0057
            Z     0.0081   -0.0253   -0.0227    0.0516    0.0103   -0.0334
 AT.   5 O  X     0.0094   -0.0264    0.0004    0.0161    0.0143    0.0418
            Y     0.0099   -0.0101   -0.0449   -0.0327    0.0271    0.0381
            Z    -0.0109   -0.0060    0.0169   -0.0001   -0.0352   -0.0795
 AT.   6 O  X     0.0688   -0.0396   -0.0438   -0.0055   -0.0241   -0.0123
            Y     0.0242    0.0056    0.0006    0.0012    0.0256   -0.0234
            Z     0.0225   -0.0568   -0.0476   -0.0225   -0.0459    0.0091
 AT.   7 O  X     0.0057   -0.0217    0.0064    0.0173    0.0065    0.0319
            Y     0.0062    0.0131    0.0387   -0.0213   -0.0262   -0.0257
            Z     0.0119   -0.0229    0.0358   -0.0463   -0.0184   -0.0231
 AT.   8 O  X    -0.0092   -0.0228    0.0003   -0.0378   -0.0107    0.0401
            Y    -0.0098    0.0089    0.0447    0.0097   -0.0207    0.0382
            Z     0.0108    0.0054   -0.0124    0.0585    0.0337   -0.0779
 AT.   9 O  X    -0.0693    0.0432    0.0403    0.0239    0.0294   -0.0140
            Y    -0.0244   -0.0062    0.0005   -0.0275   -0.0276   -0.0235
            Z    -0.0223    0.0641    0.0474   -0.0209    0.0477    0.0088
 AT.  10 O  X    -0.0054   -0.0241   -0.0059   -0.0325   -0.0041    0.0304
            Y    -0.0054   -0.0016   -0.0398    0.0392    0.0243   -0.0214
            Z    -0.0121   -0.0294   -0.0364    0.0511    0.0146   -0.0170

 FREQ(CM**-1)    196.99    209.05    235.46    257.81    281.52    309.84

 AT.   1 CA X    -0.0140   -0.0122    0.0023   -0.0201    0.0047    0.0165
            Y     0.0287   -0.0262    0.0025   -0.0624   -0.0396    0.0228
            Z     0.0442    0.0234   -0.0044   -0.0230   -0.0257   -0.0645
 AT.   2 MG X     0.0071   -0.0109    0.0473   -0.0147   -0.0047   -0.0371
            Y     0.0015   -0.0129    0.0374   -0.0072    0.0232    0.0105
            Z     0.0068    0.0128   -0.0030    0.0090    0.0199   -0.0223
 AT.   3 C  X    -0.0253   -0.0243   -0.0247    0.0313   -0.0101   -0.0096
            Y    -0.0173   -0.0165   -0.0157   -0.0200    0.0197   -0.0019
            Z    -0.0106    0.0149    0.0187   -0.0146    0.0195    0.0103
 AT.   4 C  X    -0.0007   -0.0015    0.0273    0.0383   -0.0038    0.0027
            Y    -0.0154    0.0197    0.0045   -0.0168    0.0304   -0.0189
            Z     0.0007    0.0016   -0.0195   -0.0192    0.0257    0.0138
 AT.   5 O  X    -0.0196   -0.0386   -0.0217    0.0221   -0.0113   -0.0126
            Y    -0.0089   -0.0364   -0.0093   -0.0375    0.0093   -0.0023
            Z     0.0192    0.0460    0.0386    0.0505   -0.0214    0.0044
 AT.   6 O  X     0.0732   -0.0072    0.0033    0.0137   -0.0161    0.0144
            Y     0.0057   -0.0369    0.0447    0.0084    0.0184    0.0355
            Z     0.0942    0.0337   -0.0721   -0.0029   -0.0316    0.0623
 AT.   7 O  X    -0.0258   -0.0320   -0.0217    0.0347   -0.0118   -0.0086
            Y    -0.0169   -0.0007   -0.0205   -0.0302    0.0291   -0.0108
            Z    -0.0118    0.0121   -0.0112   -0.0515    0.0276    0.0344
 AT.   8 O  X     0.0019    0.0003    0.0267    0.0253    0.0020    0.0058
            Y    -0.0123    0.0185    0.0019   -0.0374    0.0282   -0.0127
            Z     0.0283   -0.0053   -0.0384    0.0484    0.0195    0.0073
 AT.   9 O  X     0.0605   -0.0114   -0.0095   -0.0182   -0.0199    0.0059
            Y     0.0114   -0.0543   -0.0412    0.0191    0.0053    0.0371
            Z     0.0742    0.0272    0.0666    0.0299   -0.0401    0.0620
 AT.  10 O  X    -0.0015   -0.0013    0.0264    0.0394    0.0031    0.0048
            Y    -0.0115    0.0244    0.0050   -0.0191    0.0251   -0.0310
            Z    -0.0350    0.0380   -0.0077   -0.0516    0.0108    0.0670

 FREQ(CM**-1)    319.86    341.37    357.01    380.92    391.81    414.90

 AT.   1 CA X     0.0451    0.0201    0.0203   -0.0100    0.0116   -0.0223
            Y     0.0129   -0.0358   -0.0134   -0.0079    0.0011    0.0071
            Z    -0.0128    0.0003    0.0282   -0.0239   -0.0041   -0.0207
 AT.   2 MG X    -0.0257   -0.0146   -0.0156    0.0036    0.0017   -0.0004
            Y    -0.0093    0.0106   -0.0113    0.0004   -0.0026    0.0072
            Z    -0.0012    0.0024    0.0027    0.0016   -0.0035   -0.0051
 AT.   3 C  X     0.0128    0.0165    0.0093    0.0302   -0.0091    0.0065
            Y    -0.0415    0.0098   -0.0296   -0.0038    0.0138    0.0243
            Z    -0.0051   -0.0264   -0.0060    0.0155    0.0146   -0.0246
 AT.   4 C  X    -0.0012   -0.0270   -0.0024    0.0275   -0.0211    0.0123
            Y    -0.0250    0.0203    0.0021   -0.0101   -0.0102    0.0058
            Z    -0.0410    0.0151   -0.0607    0.0147   -0.0084   -0.0086
 AT.   5 O  X     0.0090   -0.0069    0.0052    0.0524   -0.0068   -0.0081
            Y    -0.0423   -0.0332   -0.0282    0.0123    0.0093    0.0123
            Z    -0.0374    0.0381   -0.0433    0.0258    0.0175    0.0359
 AT.   6 O  X    -0.0298   -0.0367    0.0349    0.0011    0.0236    0.0096
            Y     0.0277    0.0234    0.0092   -0.0073   -0.0347   -0.0224
            Z     0.0548    0.0869   -0.0407    0.0166    0.0227    0.0120
 AT.   7 O  X     0.0032    0.0083   -0.0008    0.0361   -0.0038    0.0071
            Y    -0.0317    0.0396   -0.0066   -0.0028   -0.0015    0.0392
            Z     0.0610   -0.0274    0.0250    0.0571   -0.0035   -0.0344
 AT.   8 O  X    -0.0258   -0.0124   -0.0320    0.0499   -0.0196   -0.0005
            Y    -0.0581    0.0398   -0.0376    0.0098   -0.0156   -0.0018
            Z    -0.0613   -0.0270   -0.0444    0.0075   -0.0705    0.0293
 AT.   9 O  X    -0.0307   -0.0155   -0.0510   -0.0155    0.0121   -0.0090
            Y    -0.0080   -0.0274    0.0249    0.0005   -0.0103   -0.0225
            Z     0.0249   -0.0009    0.0217    0.0482   -0.0104    0.0476
 AT.  10 O  X    -0.0228   -0.0199   -0.0216    0.0315   -0.0199    0.0125
            Y     0.0142    0.0051    0.0591   -0.0071   -0.0140    0.0207
            Z     0.0211   -0.0169   -0.0476    0.0637    0.0125   -0.0116

 FREQ(CM**-1)    726.84    730.93    737.65    742.68    892.84    893.07

 AT.   1 CA X     0.0007   -0.0027   -0.0038   -0.0005   -0.0001    0.0007
            Y    -0.0019   -0.0054    0.0003    0.0023   -0.0006   -0.0029
            Z    -0.0010   -0.0025    0.0035    0.0020   -0.0012    0.0018
 AT.   2 MG X    -0.0018    0.0005    0.0075    0.0031   -0.0040    0.0007
            Y     0.0007    0.0001    0.0035   -0.0147    0.0011   -0.0012
            Z    -0.0003   -0.0001    0.0070   -0.0132    0.0036    0.0054
 AT.   3 C  X     0.0045    0.0155    0.0056   -0.0476    0.0025   -0.0032
            Y    -0.0454   -0.0425    0.0063   -0.0023    0.0017    0.0036
            Z    -0.0028    0.0035    0.0029   -0.0052   -0.1130   -0.0000
 AT.   4 C  X    -0.0042    0.0038    0.0497    0.0087   -0.0035   -0.0025
            Y     0.0429   -0.0457    0.0088    0.0048    0.0030   -0.0008
            Z     0.0024    0.0045   -0.0021   -0.0084    0.0001   -0.1128
 AT.   5 O  X     0.0797    0.0753   -0.0042   -0.0108    0.0025    0.0025
            Y     0.0184    0.0049   -0.0171    0.0838    0.0005   -0.0010
            Z     0.0083    0.0050    0.0010    0.0081    0.0312   -0.0024
 AT.   6 O  X     0.0311    0.0164    0.0881   -0.0073    0.0095    0.0021
            Y     0.0676   -0.0100   -0.0455   -0.0055    0.0011   -0.0020
            Z    -0.0021   -0.0024   -0.0110    0.0000   -0.0474   -0.0434
 AT.   7 O  X    -0.0517   -0.0395    0.0140   -0.0465    0.0014   -0.0009
            Y     0.0795    0.0834    0.0062   -0.0576   -0.0014    0.0013
            Z    -0.0137   -0.0137   -0.0016    0.0059    0.0309    0.0003
 AT.   8 O  X    -0.0781    0.0762   -0.0136   -0.0078    0.0021    0.0042
            Y    -0.0278    0.0225   -0.0882   -0.0153    0.0007    0.0034
            Z    -0.0078    0.0064   -0.0136   -0.0055   -0.0001    0.0292
 AT.   9 O  X     0.0099    0.0516    0.0035    0.0971   -0.0087    0.0018
            Y     0.0008    0.0575    0.0005   -0.0259   -0.0004   -0.0029
            Z    -0.0024   -0.0086   -0.0011   -0.0143    0.0420   -0.0481
 AT.  10 O  X     0.0543   -0.0555    0.0622    0.0117   -0.0008    0.0002
            Y    -0.0727    0.0767    0.0328    0.0026    0.0004   -0.0044
            Z     0.0113   -0.0123    0.0034    0.0032    0.0004    0.0311

 FREQ(CM**-1)   1132.68   1133.95   1481.37   1523.34   1527.93   1575.62

 AT.   1 CA X     0.0021    0.0007   -0.0014    0.0001    0.0002    0.0014
            Y    -0.0019   -0.0006    0.0003    0.0002   -0.0001   -0.0029
            Z    -0.0005    0.0011    0.0013   -0.0000   -0.0004   -0.0031
 AT.   2 MG X    -0.0001   -0.0018    0.0001   -0.0056   -0.0063    0.0009
            Y     0.0002    0.0062   -0.0006   -0.0032    0.0018   -0.0020
            Z     0.0009   -0.0030   -0.0009   -0.0051    0.0053   -0.0010
 AT.   3 C  X     0.0006   -0.0031   -0.0212   -0.0184   -0.0052    0.0273
            Y     0.0004    0.0006    0.0230    0.0343   -0.0564   -0.0109
            Z    -0.0010   -0.0008   -0.0008   -0.0025   -0.0001   -0.0014
 AT.   4 C  X    -0.0000    0.0012   -0.0084    0.0033    0.0078    0.0472
            Y     0.0002   -0.0027    0.0318   -0.0363    0.0227   -0.0376
            Z    -0.0005    0.0007   -0.0009    0.0026   -0.0010   -0.0006
 AT.   5 O  X    -0.0544    0.0011    0.0101    0.0136   -0.0065   -0.0108
            Y     0.0391    0.0003   -0.0078   -0.0099    0.0089    0.0103
            Z     0.0007   -0.0000   -0.0004    0.0015   -0.0017    0.0021
 AT.   6 O  X     0.0138   -0.0121    0.0108   -0.0112   -0.0054    0.0002
            Y     0.0995   -0.0860    0.0444   -0.0072   -0.0732   -0.0463
            Z    -0.0007    0.0015   -0.0002    0.0029   -0.0032    0.0030
 AT.   7 O  X     0.0624    0.0008    0.0052    0.0010    0.0091   -0.0089
            Y     0.0258    0.0016   -0.0001   -0.0011    0.0087   -0.0029
            Z     0.0015    0.0003    0.0014    0.0025    0.0005    0.0007
 AT.   8 O  X    -0.0001   -0.0547    0.0079   -0.0094    0.0001   -0.0211
            Y    -0.0015    0.0405   -0.0072    0.0076   -0.0017    0.0193
            Z    -0.0003    0.0007   -0.0004   -0.0015    0.0024    0.0018
 AT.   9 O  X     0.0120    0.0136    0.0113    0.0106    0.0049    0.0003
            Y     0.0877    0.0978    0.0456    0.0053    0.0689   -0.0504
            Z    -0.0009   -0.0021   -0.0003   -0.0028    0.0030    0.0033
 AT.  10 O  X     0.0001    0.0625   -0.0007    0.0047   -0.0060   -0.0134
            Y    -0.0009    0.0257   -0.0028    0.0030   -0.0050   -0.0016
            Z     0.0002    0.0001    0.0015   -0.0025    0.0002   -0.0001


  DISPERSION K POINT NUMBER    25 COORD:  C(  2  2  0 )    WEIGHT:    1.

    MODES         EIGV          FREQUENCIES     IRREP
             (HARTREE**2)   (CM**-1)     (THZ)
    1-   1    0.2247E-06    104.0446    3.1192  (  1)
    2-   2    0.2424E-06    108.0667    3.2398  (  1)
    3-   3    0.4129E-06    141.0246    4.2278  (  1)
    4-   4    0.4417E-06    145.8678    4.3730  (  1)
    5-   5    0.5680E-06    165.4071    4.9588  (  1)
    6-   6    0.6508E-06    177.0580    5.3081  (  1)
    7-   7    0.8103E-06    197.5697    5.9230  (  1)
    8-   8    0.8972E-06    207.8897    6.2324  (  1)
    9-   9    0.1236E-05    243.9965    7.3148  (  1)
   10-  10    0.1431E-05    262.5184    7.8701  (  1)
   11-  11    0.1684E-05    284.7748    8.5373  (  1)
   12-  12    0.1752E-05    290.4931    8.7088  (  1)
   13-  13    0.2047E-05    314.0432    9.4148  (  1)
   14-  14    0.2263E-05    330.1369    9.8973  (  1)
   15-  15    0.2877E-05    372.2368   11.1594  (  1)
   16-  16    0.3022E-05    381.5559   11.4388  (  1)
   17-  17    0.3063E-05    384.1085   11.5153  (  1)
   18-  18    0.4008E-05    439.3780   13.1722  (  1)
   19-  19    0.1097E-04    726.9927   21.7947  (  1)
   20-  20    0.1110E-04    731.0934   21.9176  (  1)
   21-  21    0.1135E-04    739.4215   22.1673  (  1)
   22-  22    0.1141E-04    741.4813   22.2291  (  1)
   23-  23    0.1641E-04    889.1868   26.6571  (  1)
   24-  24    0.1656E-04    893.1123   26.7748  (  1)
   25-  25    0.2663E-04   1132.5883   33.9541  (  1)
   26-  26    0.2670E-04   1134.1207   34.0001  (  1)
   27-  27    0.4534E-04   1477.8006   44.3033  (  1)
   28-  28    0.4735E-04   1510.2608   45.2765  (  1)
   29-  29    0.4865E-04   1530.7826   45.8917  (  1)
   30-  30    0.5369E-04   1608.1511   48.2112  (  1)

 MODES IN PHASE

 FREQ(CM**-1)    104.04    108.07    141.02    145.87    165.41    177.06

 AT.   1 CA X    -0.0109    0.0680    0.0045   -0.0718   -0.0143    0.0138
            Y    -0.0505    0.0391    0.0110    0.0670   -0.0329    0.0353
            Z    -0.0201   -0.0430    0.0985   -0.0041    0.0078   -0.0055
 AT.   2 MG X    -0.0380    0.0122    0.0054    0.0279    0.0009    0.0035
            Y     0.0055   -0.0027    0.0114    0.0004   -0.0222   -0.0007
            Z     0.0160    0.0246   -0.0058    0.0145   -0.0146   -0.0001
 AT.   3 C  X     0.0025    0.0263    0.0137   -0.0336    0.0238    0.0001
            Y     0.0148   -0.0129    0.0073    0.0294    0.0032   -0.0140
            Z    -0.0319   -0.0086    0.0109   -0.0095   -0.0327    0.0339
 AT.   4 C  X     0.0332   -0.0261   -0.0108   -0.0081   -0.0315   -0.0247
            Y    -0.0246    0.0158   -0.0186    0.0191    0.0338    0.0080
            Z    -0.0316   -0.0249   -0.0181   -0.0258    0.0147   -0.0388
 AT.   5 O  X     0.0013    0.0461    0.0324   -0.0268    0.0284   -0.0080
            Y     0.0138    0.0150    0.0310    0.0381    0.0080   -0.0269
            Z    -0.0488    0.0094    0.0148   -0.0364   -0.0679    0.0339
 AT.   6 O  X     0.0084   -0.0057   -0.0184   -0.0412    0.0130    0.0287
            Y     0.0130   -0.0071    0.0114    0.0317    0.0021   -0.0135
            Z    -0.0482   -0.0504    0.0418    0.0063    0.0028    0.0457
 AT.   7 O  X     0.0432   -0.0267    0.0054    0.0217   -0.0283    0.0408
            Y    -0.0681    0.0273   -0.0472    0.0006    0.0340    0.0187
            Z    -0.0395   -0.0567   -0.0100   -0.0369    0.0671    0.0026
 AT.   8 O  X    -0.0354    0.0425    0.0435   -0.0207    0.0278    0.0435
            Y     0.0043    0.0174    0.0339    0.0149    0.0137   -0.0026
            Z    -0.0090    0.0016    0.0053    0.0013   -0.0723   -0.0374
 AT.   9 O  X     0.0131   -0.0094   -0.0353   -0.0351    0.0097    0.0799
            Y     0.0227   -0.0042    0.0018    0.0126    0.0060    0.0048
            Z    -0.0370   -0.0574    0.0276    0.0162    0.0001    0.0813
 AT.  10 O  X     0.0501   -0.0332   -0.0102   -0.0096   -0.0294   -0.0152
            Y    -0.0647    0.0342   -0.0187    0.0199    0.0327   -0.0164
            Z    -0.0432   -0.0471    0.0116   -0.0348    0.0664   -0.0218

 FREQ(CM**-1)    197.57    207.89    244.00    262.52    284.77    290.49

 AT.   1 CA X     0.0412   -0.0264    0.0226    0.0074   -0.0477    0.0354
            Y     0.0134    0.0196    0.0105    0.0111   -0.0284   -0.0111
            Z     0.0376   -0.0310    0.0182   -0.0013    0.0570   -0.0103
 AT.   2 MG X    -0.0246   -0.0154   -0.0215    0.0354    0.0092   -0.0136
            Y     0.0326    0.0114    0.0106    0.0315   -0.0282    0.0065
            Z     0.0232   -0.0324   -0.0174    0.0161    0.0140    0.0152
 AT.   3 C  X     0.0047    0.0168   -0.0208   -0.0190    0.0256   -0.0135
            Y     0.0337   -0.0368   -0.0006   -0.0030    0.0014   -0.0192
            Z     0.0071   -0.0283    0.0006   -0.0146   -0.0117   -0.0015
 AT.   4 C  X     0.0236    0.0455    0.0124   -0.0092   -0.0089    0.0164
            Y     0.0124   -0.0056    0.0392   -0.0485    0.0127    0.0140
            Z     0.0213    0.0121   -0.0131    0.0163    0.0147   -0.0113
 AT.   5 O  X     0.0095    0.0381   -0.0283   -0.0198    0.0160   -0.0205
            Y     0.0400   -0.0118   -0.0066   -0.0036   -0.0141   -0.0175
            Z    -0.0288   -0.0359    0.0529   -0.0931    0.0333   -0.0406
 AT.   6 O  X    -0.0014   -0.0044   -0.0221    0.0038    0.0130   -0.0159
            Y     0.0330   -0.0349    0.0026   -0.0026   -0.0006   -0.0120
            Z    -0.0144   -0.0036   -0.0322    0.0459   -0.0533   -0.0309
 AT.   7 O  X     0.0081    0.0113    0.0498    0.0242    0.0053    0.0196
            Y     0.0060    0.0677    0.0215    0.0331    0.0224   -0.0310
            Z    -0.0004    0.0572    0.0323   -0.0508   -0.0471   -0.0204
 AT.   8 O  X    -0.0011   -0.0034   -0.0597    0.0206    0.0206    0.0146
            Y     0.0525    0.0003   -0.0738    0.0282   -0.0086    0.0458
            Z     0.0077   -0.0443    0.0815    0.0896    0.0377   -0.0066
 AT.   9 O  X    -0.0646   -0.0576   -0.0077    0.0029    0.0265   -0.0491
            Y     0.0274   -0.0265   -0.0485    0.0320    0.0069    0.0124
            Z    -0.0611   -0.0245   -0.0068   -0.0434   -0.0305    0.0526
 AT.  10 O  X     0.0065    0.0426    0.0198   -0.0093   -0.0061    0.0216
            Y     0.0452    0.0019    0.0211   -0.0431    0.0197    0.0038
            Z     0.0633    0.0095    0.0053    0.0520   -0.0346   -0.0705

 FREQ(CM**-1)    314.04    330.14    372.24    381.56    384.11    439.38

 AT.   1 CA X    -0.0051    0.0029   -0.0275    0.0146    0.0007   -0.0071
            Y     0.0068   -0.0086   -0.0536   -0.0112    0.0020   -0.0201
            Z    -0.0052   -0.0135   -0.0305    0.0010   -0.0059   -0.0118
 AT.   2 MG X     0.0360    0.0188   -0.0214   -0.0143    0.1101    0.0901
            Y     0.0091   -0.0126    0.0017   -0.0988   -0.0593    0.1027
            Z    -0.0306    0.0099   -0.0194    0.1099   -0.0435    0.0860
 AT.   3 C  X     0.0102    0.0176    0.0089   -0.0153    0.0159    0.0228
            Y     0.0111    0.0060    0.0087   -0.0146   -0.0210    0.0325
            Z    -0.0445   -0.0059    0.0582    0.0116   -0.0056    0.0212
 AT.   4 C  X    -0.0139    0.0153    0.0098   -0.0096    0.0146    0.0232
            Y    -0.0029   -0.0289    0.0119   -0.0153   -0.0017    0.0327
            Z    -0.0341    0.0045   -0.0505    0.0090   -0.0029    0.0218
 AT.   5 O  X    -0.0202    0.0250    0.0415   -0.0024    0.0236    0.0257
            Y    -0.0319    0.0084    0.0439   -0.0000   -0.0185    0.0332
            Z    -0.0026    0.0523    0.0636   -0.0128   -0.0261    0.0362
 AT.   6 O  X     0.0689    0.0053   -0.0420   -0.0200    0.0261    0.0010
            Y     0.0058    0.0076    0.0127   -0.0123   -0.0271    0.0307
            Z    -0.0430   -0.0661    0.0244    0.0297   -0.0302    0.0015
 AT.   7 O  X     0.0274   -0.0212   -0.0091    0.0255   -0.0075   -0.0061
            Y    -0.0501    0.0066    0.0498    0.0376   -0.0246   -0.0140
            Z     0.0590   -0.0835   -0.0318    0.0160    0.0138    0.0245
 AT.   8 O  X     0.0299   -0.0299    0.0415   -0.0266   -0.0252   -0.0239
            Y     0.0364    0.0190    0.0439    0.0084    0.0238   -0.0206
            Z     0.0197   -0.0277    0.0636   -0.0044    0.0479   -0.0364
 AT.   9 O  X    -0.0686   -0.0149   -0.0423   -0.0326   -0.0269    0.0009
            Y    -0.0033    0.0145    0.0126    0.0082    0.0368   -0.0259
            Z     0.0331    0.0952    0.0248    0.0562    0.0233    0.0215
 AT.  10 O  X    -0.0301    0.0056   -0.0089   -0.0059    0.0112    0.0242
            Y     0.0377   -0.0113    0.0497   -0.0266    0.0121    0.0140
            Z    -0.0435    0.0973   -0.0315    0.0145    0.0113    0.0020

 FREQ(CM**-1)    726.99    731.09    739.42    741.48    889.19    893.11

 AT.   1 CA X     0.0056    0.0014    0.0030    0.0006    0.0002    0.0021
            Y     0.0006    0.0007   -0.0064    0.0015    0.0007    0.0006
            Z    -0.0018   -0.0014    0.0039   -0.0004    0.0005   -0.0022
 AT.   2 MG X    -0.0003    0.0063    0.0010   -0.0005   -0.0014   -0.0002
            Y     0.0006   -0.0104    0.0005   -0.0021   -0.0020    0.0001
            Z    -0.0004    0.0009   -0.0009    0.0005   -0.0038   -0.0002
 AT.   3 C  X     0.0259    0.0429   -0.0337    0.0215   -0.0050   -0.0036
            Y     0.0255    0.0312    0.0416   -0.0279   -0.0053   -0.0039
            Z     0.0016    0.0013    0.0026    0.0034    0.1796   -0.1767
 AT.   4 C  X    -0.0162   -0.0122    0.0331    0.0145   -0.0049    0.0037
            Y    -0.0203   -0.0109   -0.0411   -0.0252   -0.0054    0.0039
            Z    -0.0025   -0.0033   -0.0027    0.0017    0.1784    0.1778
 AT.   5 O  X    -0.0367   -0.0474   -0.0764    0.0508   -0.0070    0.0021
            Y    -0.0667   -0.0999    0.0330   -0.0125   -0.0065    0.0022
            Z    -0.0084   -0.0164   -0.0022    0.0019   -0.0475    0.0503
 AT.   6 O  X    -0.0455   -0.0675    0.0891   -0.0524    0.0067   -0.0052
            Y     0.0492    0.0662    0.0456   -0.0308    0.0015    0.0043
            Z     0.0057    0.0078   -0.0072    0.0091   -0.0484    0.0489
 AT.   7 O  X     0.0209   -0.0410   -0.0092    0.0284   -0.0009   -0.0023
            Y     0.0088   -0.0039    0.0502   -0.1058   -0.0018    0.0035
            Z     0.0005   -0.0041   -0.0054    0.0175    0.0242   -0.0274
 AT.   8 O  X    -0.0458    0.0317   -0.0479   -0.0797    0.0038    0.0003
            Y    -0.0992    0.0692    0.0221    0.0181    0.0021    0.0013
            Z    -0.0145    0.0131   -0.0006   -0.0022    0.0189    0.0255
 AT.   9 O  X    -0.0707    0.0513    0.0575    0.0801   -0.0031   -0.0023
            Y     0.0661   -0.0451    0.0273    0.0523   -0.0002    0.0023
            Z     0.0107   -0.0064   -0.0052   -0.0152    0.0198    0.0233
 AT.  10 O  X    -0.0436   -0.0233   -0.0174   -0.0166    0.0017   -0.0041
            Y     0.0049    0.0024    0.1045    0.0509    0.0040    0.0060
            Z    -0.0018   -0.0015   -0.0100   -0.0085   -0.0471   -0.0487

 FREQ(CM**-1)   1132.59   1134.12   1477.80   1510.26   1530.78   1608.15

 AT.   1 CA X     0.0000   -0.0009   -0.0006    0.0014    0.0032    0.0008
            Y     0.0002   -0.0038    0.0001    0.0020   -0.0008    0.0007
            Z     0.0010   -0.0014   -0.0001   -0.0030    0.0010    0.0007
 AT.   2 MG X    -0.0009    0.0061    0.0008   -0.0001   -0.0006    0.0002
            Y    -0.0008    0.0063   -0.0023   -0.0006    0.0006   -0.0029
            Z     0.0054    0.0038   -0.0002    0.0009    0.0003   -0.0026
 AT.   3 C  X    -0.0005   -0.0005    0.1482    0.0905   -0.1476    0.0805
            Y     0.0018    0.0004   -0.0746    0.1466    0.0924    0.1495
            Z    -0.0007   -0.0004    0.0013   -0.0042    0.0011    0.0048
 AT.   4 C  X    -0.0005    0.0038    0.1563   -0.0885    0.1442    0.0777
            Y     0.0013   -0.0002   -0.0772   -0.1468   -0.0864    0.1518
            Z    -0.0006   -0.0007    0.0017    0.0042   -0.0007    0.0048
 AT.   5 O  X    -0.0792    0.0405   -0.0574   -0.0016    0.0559    0.0002
            Y     0.0597   -0.0317    0.0408   -0.0140   -0.0423   -0.0203
            Z     0.0015   -0.0005    0.0000    0.0021   -0.0008   -0.0052
 AT.   6 O  X    -0.0109    0.0056   -0.0044   -0.0136    0.0068   -0.0149
            Y    -0.0989    0.0506    0.0252   -0.0647   -0.0345   -0.0682
            Z     0.0012   -0.0002   -0.0009    0.0022   -0.0012   -0.0016
 AT.   7 O  X    -0.0648    0.0934    0.0340    0.0237   -0.0199    0.0265
            Y    -0.0262    0.0382    0.0101    0.0123   -0.0025    0.0171
            Z    -0.0002    0.0023   -0.0001   -0.0018   -0.0009    0.0018
 AT.   8 O  X     0.0402    0.0801    0.0295    0.0011    0.0141    0.0036
            Y    -0.0311   -0.0606   -0.0203   -0.0059   -0.0076    0.0082
            Z    -0.0006   -0.0010   -0.0003    0.0001    0.0008    0.0027
 AT.   9 O  X     0.0047    0.0121    0.0016   -0.0057    0.0038    0.0094
            Y     0.0514    0.0982   -0.0145   -0.0249   -0.0049    0.0362
            Z    -0.0007   -0.0009    0.0006    0.0021   -0.0003    0.0008
 AT.  10 O  X     0.0948    0.0633   -0.0456    0.0527   -0.0419   -0.0500
            Y     0.0384    0.0260   -0.0132    0.0292   -0.0083   -0.0297
            Z     0.0005    0.0018   -0.0003   -0.0029   -0.0016   -0.0035

 MODES IN ANTI-PHASE

 FREQ(CM**-1)    104.04    108.07    141.02    145.87    165.41    177.06

 AT.   1 CA X     0.0035    0.0089    0.0012    0.0487   -0.0006    0.0137
            Y     0.0163    0.0051    0.0029   -0.0455   -0.0014    0.0350
            Z     0.0065   -0.0056    0.0257    0.0028    0.0003   -0.0054
 AT.   2 MG X    -0.0343    0.0292    0.0197    0.0135    0.0018   -0.0133
            Y     0.0050   -0.0065    0.0415    0.0002   -0.0427    0.0026
            Z     0.0145    0.0592   -0.0211    0.0070   -0.0280    0.0006
 AT.   3 C  X     0.0331   -0.0107    0.0019    0.0162   -0.0218    0.0499
            Y    -0.0262    0.0095   -0.0240    0.0011    0.0435    0.0086
            Z    -0.0285   -0.0436   -0.0171   -0.0254   -0.0049    0.0188
 AT.   4 C  X    -0.0009    0.0111    0.0086   -0.0364    0.0070    0.0434
            Y     0.0174   -0.0024   -0.0169    0.0224    0.0275    0.0144
            Z    -0.0288   -0.0368   -0.0092    0.0083   -0.0296   -0.0003
 AT.   5 O  X     0.0623   -0.0080    0.0310    0.0117   -0.0066    0.0435
            Y     0.0117    0.0114    0.0140   -0.0008    0.0656   -0.0024
            Z    -0.0522   -0.0294   -0.0156   -0.0159   -0.0528   -0.0376
 AT.   6 O  X    -0.0106   -0.0151   -0.0394    0.0214   -0.0383    0.0797
            Y    -0.0207    0.0106   -0.0167   -0.0010    0.0447    0.0049
            Z    -0.0035   -0.0338   -0.0182   -0.0149   -0.0309    0.0810
 AT.   7 O  X    -0.0258   -0.0288   -0.0305    0.0190   -0.0141   -0.0155
            Y     0.0162    0.0304    0.0460   -0.0212   -0.0126   -0.0165
            Z     0.0192    0.0300    0.0415    0.0228   -0.0051   -0.0218
 AT.   8 O  X    -0.0512    0.0195   -0.0112    0.0206    0.0091   -0.0083
            Y    -0.0176   -0.0071    0.0029   -0.0351   -0.0647   -0.0268
            Z     0.0709    0.0309    0.0208    0.0397    0.0466    0.0341
 AT.   9 O  X     0.0037    0.0131    0.0254    0.0304    0.0393    0.0281
            Y     0.0092   -0.0121    0.0202   -0.0291   -0.0443   -0.0135
            Z     0.0310    0.0198    0.0363   -0.0003    0.0311    0.0451
 AT.  10 O  X    -0.0044    0.0210    0.0292   -0.0272    0.0116    0.0409
            Y     0.0267   -0.0224   -0.0632    0.0073    0.0155    0.0188
            Z     0.0076   -0.0436   -0.0410    0.0258    0.0109    0.0028

 FREQ(CM**-1)    197.57    207.89    244.00    262.52    284.77    290.49

 AT.   1 CA X    -0.0289    0.0152   -0.0154    0.0229   -0.0089    0.0320
            Y    -0.0094   -0.0112   -0.0072    0.0343   -0.0053   -0.0100
            Z    -0.0264    0.0178   -0.0124   -0.0039    0.0107   -0.0093
 AT.   2 MG X    -0.0114   -0.0090   -0.0103   -0.0392    0.0260    0.0631
            Y     0.0151    0.0066    0.0051   -0.0350   -0.0803   -0.0303
            Z     0.0108   -0.0188   -0.0083   -0.0178    0.0399   -0.0709
 AT.   3 C  X     0.0269    0.0428    0.0326    0.0112    0.0177   -0.0100
            Y    -0.0123    0.0145    0.0508    0.0491    0.0220    0.0085
            Z     0.0219    0.0301   -0.0174   -0.0149    0.0089    0.0308
 AT.   4 C  X    -0.0138   -0.0067   -0.0367    0.0201    0.0298   -0.0035
            Y     0.0337   -0.0391   -0.0323    0.0081    0.0180    0.0157
            Z    -0.0087   -0.0395    0.0114    0.0130   -0.0004    0.0287
 AT.   5 O  X     0.0046    0.0262    0.0531    0.0077    0.0157    0.0168
            Y    -0.0414   -0.0072    0.0766    0.0429    0.0128    0.0478
            Z    -0.0186    0.0303   -0.0669    0.0243    0.0186   -0.0026
 AT.   6 O  X     0.0682    0.0641   -0.0004    0.0103    0.0398   -0.0478
            Y    -0.0173    0.0104    0.0531    0.0510    0.0205    0.0137
            Z     0.0597    0.0263   -0.0052   -0.0106    0.0530    0.0560
 AT.   7 O  X    -0.0040   -0.0427   -0.0019    0.0175   -0.0305    0.0197
            Y    -0.0459    0.0373   -0.0143   -0.0278   -0.0033    0.0069
            Z    -0.0674    0.0224    0.0069    0.0185    0.0255   -0.0688
 AT.   8 O  X    -0.0105   -0.0461    0.0072   -0.0054   -0.0089   -0.0221
            Y    -0.0236    0.0138   -0.0216    0.0326   -0.0170   -0.0222
            Z     0.0334    0.0158   -0.0251   -0.0350   -0.0053   -0.0402
 AT.   9 O  X    -0.0218   -0.0286    0.0208    0.0106   -0.0324   -0.0111
            Y    -0.0252    0.0249   -0.0216    0.0398   -0.0193   -0.0134
            Z    -0.0067   -0.0102    0.0319    0.0183   -0.0687   -0.0364
 AT.  10 O  X    -0.0063    0.0118   -0.0457    0.0284    0.0303    0.0176
            Y     0.0099   -0.0773   -0.0148   -0.0031    0.0112   -0.0315
            Z     0.0232   -0.0607   -0.0326   -0.0149   -0.0408   -0.0134

 FREQ(CM**-1)    314.04    330.14    372.24    381.56    384.11    439.38

 AT.   1 CA X    -0.0293    0.0075    0.0001   -0.0204   -0.0033    0.0117
            Y     0.0393   -0.0224    0.0002    0.0157   -0.0095    0.0332
            Z    -0.0297   -0.0353    0.0001   -0.0014    0.0289    0.0194
 AT.   2 MG X    -0.0301   -0.0232   -0.0367   -0.0014   -0.0366    0.0018
            Y    -0.0076    0.0155    0.0029   -0.0096    0.0197    0.0021
            Z     0.0256   -0.0122   -0.0332    0.0107    0.0144    0.0018
 AT.   3 C  X     0.0160   -0.0193    0.0162    0.0280   -0.0031    0.0088
            Y     0.0050    0.0282    0.0186   -0.0047   -0.0252    0.0035
            Z     0.0266   -0.0033   -0.0250   -0.0123   -0.0027    0.0129
 AT.   4 C  X    -0.0129   -0.0212    0.0157   -0.0304   -0.0070   -0.0079
            Y    -0.0118   -0.0001    0.0167    0.0018    0.0328   -0.0022
            Z     0.0390    0.0051    0.0383    0.0143    0.0055   -0.0120
 AT.   5 O  X     0.0324   -0.0168   -0.0005    0.0290    0.0089    0.0135
            Y     0.0188    0.0377   -0.0038   -0.0089   -0.0173    0.0059
            Z     0.0511    0.0168   -0.0002    0.0091   -0.0606    0.0221
 AT.   6 O  X    -0.0110   -0.0163    0.0294    0.0413    0.0074   -0.0015
            Y     0.0064    0.0301    0.0119   -0.0045   -0.0300    0.0131
            Z    -0.0220    0.0688   -0.0485   -0.0696    0.0111   -0.0250
 AT.   7 O  X    -0.0128   -0.0152   -0.0284   -0.0025   -0.0109   -0.0241
            Y    -0.0280   -0.0096    0.0127    0.0152    0.0265   -0.0085
            Z     0.0356    0.0526   -0.0370   -0.0208   -0.0608   -0.0151
 AT.   8 O  X     0.0237    0.0042    0.0002    0.0116   -0.0012   -0.0165
            Y     0.0069    0.0337    0.0034   -0.0029   -0.0086   -0.0267
            Z     0.0472    0.0475   -0.0003    0.0151   -0.0453   -0.0217
 AT.   9 O  X     0.0129   -0.0086   -0.0291    0.0323   -0.0035   -0.0016
            Y     0.0080    0.0275   -0.0120    0.0102   -0.0169   -0.0211
            Z    -0.0352    0.0070    0.0483   -0.0507    0.0221   -0.0129
 AT.  10 O  X    -0.0029   -0.0255    0.0285   -0.0249   -0.0071   -0.0058
            Y    -0.0433   -0.0027   -0.0131   -0.0307    0.0340    0.0085
            Z     0.0534   -0.0166    0.0373   -0.0218   -0.0614   -0.0287

 FREQ(CM**-1)    726.99    731.09    739.42    741.48    889.19    893.11

 AT.   1 CA X     0.0023    0.0034    0.0015    0.0013   -0.0004    0.0010
            Y     0.0002    0.0017   -0.0032    0.0030   -0.0010    0.0003
            Z    -0.0007   -0.0035    0.0019   -0.0008   -0.0007   -0.0011
 AT.   2 MG X    -0.0020   -0.0082    0.0162    0.0008   -0.0001   -0.0026
            Y     0.0049    0.0135    0.0072    0.0031   -0.0001    0.0022
            Z    -0.0027   -0.0011   -0.0135   -0.0008   -0.0002   -0.0043
 AT.   3 C  X     0.0341    0.0012   -0.0028   -0.0247    0.0004    0.0010
            Y     0.0164    0.0030    0.0009    0.0390   -0.0008   -0.0003
            Z    -0.0037    0.0031   -0.0006   -0.0033    0.0005    0.0200
 AT.   4 C  X     0.0397   -0.0411   -0.0070   -0.0294   -0.0010    0.0005
            Y     0.0224   -0.0293    0.0061    0.0408    0.0002   -0.0008
            Z    -0.0031   -0.0005   -0.0003   -0.0044    0.0203   -0.0006
 AT.   5 O  X    -0.0281   -0.0027   -0.0020   -0.0614   -0.0011   -0.0013
            Y    -0.0736   -0.0022    0.0026    0.0132    0.0005    0.0000
            Z    -0.0121    0.0022    0.0009   -0.0013   -0.0001   -0.0057
 AT.   6 O  X    -0.0545    0.0050    0.0044    0.0608    0.0004    0.0010
            Y     0.0443    0.0024   -0.0004    0.0423   -0.0004   -0.0003
            Z     0.0095   -0.0012   -0.0010   -0.0122   -0.0007   -0.0073
 AT.   7 O  X    -0.0826   -0.0742   -0.0149    0.0008   -0.0015   -0.0034
            Y    -0.0020   -0.0005    0.0931   -0.0165   -0.0036    0.0049
            Z    -0.0030   -0.0062   -0.0084    0.0026    0.0409   -0.0403
 AT.   8 O  X    -0.0060   -0.0354   -0.0595    0.0032    0.0060    0.0025
            Y     0.0050   -0.0721    0.0247   -0.0020    0.0062    0.0017
            Z     0.0026   -0.0100   -0.0023    0.0007    0.0435    0.0437
 AT.   9 O  X     0.0064   -0.0442    0.0682   -0.0049   -0.0060   -0.0048
            Y     0.0034    0.0484    0.0365    0.0011   -0.0015    0.0036
            Z    -0.0027    0.0046   -0.0051   -0.0002    0.0442    0.0436
 AT.  10 O  X     0.0732   -0.0815    0.0017    0.0231    0.0003    0.0002
            Y     0.0076   -0.0031   -0.0164   -0.0942    0.0003   -0.0002
            Z     0.0025   -0.0073    0.0008    0.0155   -0.0061    0.0021

 FREQ(CM**-1)   1132.59   1134.12   1477.80   1510.26   1530.78   1608.15

 AT.   1 CA X    -0.0001    0.0004    0.0016    0.0011    0.0023   -0.0018
            Y    -0.0004    0.0017   -0.0002    0.0016   -0.0006   -0.0016
            Z    -0.0022    0.0006    0.0003   -0.0023    0.0007   -0.0016
 AT.   2 MG X     0.0001    0.0045   -0.0001    0.0008    0.0059   -0.0000
            Y     0.0001    0.0047    0.0003    0.0044   -0.0061    0.0003
            Z    -0.0006    0.0028    0.0000   -0.0063   -0.0029    0.0003
 AT.   3 C  X    -0.0000    0.0041   -0.0500    0.0061    0.0016    0.0059
            Y     0.0020   -0.0004    0.0202    0.0218   -0.0202   -0.0269
            Z    -0.0003   -0.0006   -0.0013   -0.0004   -0.0015   -0.0005
 AT.   4 C  X     0.0001   -0.0016    0.0055   -0.0199    0.0314   -0.0219
            Y    -0.0023    0.0005    0.0019   -0.0208   -0.0385   -0.0036
            Z     0.0004   -0.0002    0.0009    0.0008   -0.0017   -0.0004
 AT.   5 O  X     0.0188   -0.0717    0.0179    0.0015   -0.0037   -0.0050
            Y    -0.0131    0.0534   -0.0136   -0.0027    0.0060    0.0070
            Z    -0.0006    0.0008    0.0004   -0.0004    0.0011    0.0010
 AT.   6 O  X     0.0038   -0.0114    0.0023   -0.0026    0.0018    0.0006
            Y     0.0220   -0.0870   -0.0055   -0.0101    0.0063    0.0120
            Z    -0.0001    0.0011    0.0000    0.0016    0.0000    0.0003
 AT.   7 O  X    -0.0692    0.0006    0.0303    0.0486   -0.0376    0.0433
            Y    -0.0281    0.0001    0.0085    0.0271   -0.0079    0.0246
            Z    -0.0006   -0.0002    0.0006   -0.0025   -0.0014    0.0031
 AT.   8 O  X     0.0707    0.0193    0.0524   -0.0019    0.0542   -0.0035
            Y    -0.0526   -0.0132   -0.0379   -0.0130   -0.0420    0.0199
            Z    -0.0015   -0.0002    0.0003    0.0021   -0.0011    0.0046
 AT.   9 O  X     0.0105    0.0037    0.0047   -0.0126    0.0059    0.0115
            Y     0.0873    0.0224   -0.0213   -0.0606   -0.0347    0.0590
            Z    -0.0010   -0.0007    0.0006    0.0017   -0.0012    0.0014
 AT.  10 O  X     0.0001   -0.0687   -0.0013    0.0117   -0.0071    0.0089
            Y     0.0000   -0.0280   -0.0008    0.0056    0.0001    0.0035
            Z    -0.0003   -0.0016    0.0005   -0.0012   -0.0004    0.0007


  DISPERSION K POINT NUMBER    26 COORD:  C(  2  2  1 )    WEIGHT:    1.

    MODES         EIGV          FREQUENCIES     IRREP
             (HARTREE**2)   (CM**-1)     (THZ)
    1-   1    0.1633E-06     88.6910    2.6589  (  1)
    2-   2    0.3259E-06    125.2924    3.7562  (  1)
    3-   3    0.3368E-06    127.3649    3.8183  (  1)
    4-   4    0.4449E-06    146.3851    4.3885  (  1)
    5-   5    0.5589E-06    164.0796    4.9190  (  1)
    6-   6    0.7917E-06    195.2881    5.8546  (  1)
    7-   7    0.8056E-06    196.9899    5.9056  (  1)
    8-   8    0.9073E-06    209.0496    6.2671  (  1)
    9-   9    0.1151E-05    235.4588    7.0589  (  1)
   10-  10    0.1380E-05    257.8101    7.7290  (  1)
   11-  11    0.1645E-05    281.5224    8.4398  (  1)
   12-  12    0.1993E-05    309.8368    9.2887  (  1)
   13-  13    0.2124E-05    319.8627    9.5892  (  1)
   14-  14    0.2419E-05    341.3731   10.2341  (  1)
   15-  15    0.2646E-05    357.0088   10.7029  (  1)
   16-  16    0.3012E-05    380.9231   11.4198  (  1)
   17-  17    0.3187E-05    391.8107   11.7462  (  1)
   18-  18    0.3574E-05    414.9020   12.4384  (  1)
   19-  19    0.1097E-04    726.8394   21.7901  (  1)
   20-  20    0.1109E-04    730.9321   21.9128  (  1)
   21-  21    0.1130E-04    737.6530   22.1143  (  1)
   22-  22    0.1145E-04    742.6807   22.2650  (  1)
   23-  23    0.1655E-04    892.8407   26.7667  (  1)
   24-  24    0.1656E-04    893.0690   26.7735  (  1)
   25-  25    0.2663E-04   1132.6753   33.9567  (  1)
   26-  26    0.2669E-04   1133.9526   33.9950  (  1)
   27-  27    0.4556E-04   1481.3679   44.4103  (  1)
   28-  28    0.4818E-04   1523.3354   45.6684  (  1)
   29-  29    0.4847E-04   1527.9329   45.8063  (  1)
   30-  30    0.5154E-04   1575.6198   47.2359  (  1)

 MODES IN PHASE

 FREQ(CM**-1)     88.69    125.29    127.36    146.39    164.08    195.29

 AT.   1 CA X     0.0790    0.0086    0.0430   -0.0326   -0.0343   -0.0318
            Y     0.0400    0.0480    0.0016    0.0669    0.0573    0.0206
            Z     0.0208    0.0606   -0.0667   -0.0451    0.0022    0.0074
 AT.   2 MG X    -0.0241    0.0021    0.0004    0.0059    0.0006   -0.0070
            Y     0.0016   -0.0283    0.0006    0.0202    0.0023    0.0036
            Z    -0.0171   -0.0335   -0.0006   -0.0153   -0.0047    0.0121
 AT.   3 C  X     0.0532   -0.0190   -0.0032    0.0036   -0.0188    0.0128
            Y    -0.0208    0.0447   -0.0237   -0.0035   -0.0089   -0.0119
            Z     0.0104    0.0425   -0.0171    0.0250   -0.0292    0.0342
 AT.   4 C  X    -0.0333    0.0069    0.0030    0.0131    0.0265   -0.0218
            Y     0.0139   -0.0149    0.0245    0.0398    0.0081   -0.0097
            Z    -0.0123   -0.0131    0.0178   -0.0510    0.0317    0.0111
 AT.   5 O  X     0.0761   -0.0144    0.0078   -0.0065    0.0172   -0.0044
            Y     0.0099    0.0487   -0.0067   -0.0185    0.0339   -0.0382
            Z     0.0218    0.0565   -0.0092   -0.0006   -0.0388    0.0191
 AT.   6 O  X     0.0133   -0.0268   -0.0157    0.0322   -0.0709    0.0534
            Y    -0.0161    0.0453   -0.0202   -0.0037   -0.0018   -0.0162
            Z     0.0069    0.0003   -0.0686    0.0568   -0.0352    0.0785
 AT.   7 O  X    -0.0365    0.0025   -0.0224    0.0134   -0.0132   -0.0270
            Y     0.0267   -0.0064    0.0670    0.0277    0.0138   -0.0001
            Z    -0.0114   -0.0119    0.0257   -0.0448   -0.0208   -0.0089
 AT.   8 O  X     0.0758   -0.0135   -0.0279   -0.0097   -0.0103   -0.0053
            Y     0.0099    0.0491   -0.0205   -0.0270    0.0093   -0.0393
            Z     0.0223    0.0560    0.0255    0.0105   -0.0153    0.0210
 AT.   9 O  X     0.0128   -0.0281    0.0217    0.0311   -0.0324    0.0537
            Y    -0.0160    0.0449    0.0014   -0.0115   -0.0002   -0.0166
            Z     0.0065    0.0011   -0.0545    0.0635    0.0140    0.0790
 AT.  10 O  X    -0.0385    0.0003   -0.0021    0.0146    0.0006   -0.0267
            Y     0.0285   -0.0011    0.0319    0.0322    0.0658   -0.0006
            Z    -0.0105   -0.0037   -0.0201   -0.0446    0.0461   -0.0090

 FREQ(CM**-1)    196.99    209.05    235.46    257.81    281.52    309.84

 AT.   1 CA X     0.0010   -0.0039    0.0267    0.0675   -0.0007   -0.0243
            Y     0.0015   -0.0003   -0.0059    0.0145   -0.0006    0.0025
            Z    -0.0025   -0.0031    0.0358   -0.0242    0.0006   -0.0561
 AT.   2 MG X    -0.0150   -0.0198    0.0212    0.0333    0.0529    0.0123
            Y     0.0166    0.0036   -0.0084   -0.0224    0.0467   -0.0484
            Z     0.0211   -0.0153    0.0011    0.0220   -0.0593   -0.0289
 AT.   3 C  X    -0.0295   -0.0611   -0.0305   -0.0014    0.0283   -0.0009
            Y     0.0415    0.0040   -0.0346    0.0414    0.0001   -0.0207
            Z     0.0230   -0.0199    0.0063   -0.0177   -0.0145    0.0063
 AT.   4 C  X     0.0063   -0.0412    0.0052   -0.0079    0.0304   -0.0187
            Y     0.0158    0.0116    0.0340   -0.0151    0.0161   -0.0425
            Z     0.0057   -0.0185   -0.0169    0.0027   -0.0270   -0.0073
 AT.   5 O  X    -0.0351   -0.0521   -0.0409    0.0032    0.0093    0.0037
            Y     0.0374    0.0226   -0.0503    0.0468   -0.0331   -0.0180
            Z    -0.0455    0.0332    0.0764   -0.0543    0.0373    0.0054
 AT.   6 O  X    -0.0166   -0.0969   -0.0130    0.0217    0.0517    0.0073
            Y     0.0411    0.0104   -0.0356    0.0413   -0.0044   -0.0243
            Z     0.0171   -0.0751    0.0054    0.0522   -0.0914    0.0017
 AT.   7 O  X     0.0052    0.0184   -0.0070   -0.0115   -0.0296   -0.0351
            Y    -0.0310    0.0051    0.0264   -0.0088   -0.0067    0.0015
            Z    -0.0454   -0.0134    0.0107    0.0137    0.0198    0.0543
 AT.   8 O  X     0.0329    0.0526   -0.0486    0.0028   -0.0083    0.0293
            Y    -0.0368   -0.0171   -0.0455    0.0468    0.0339    0.0334
            Z     0.0482   -0.0400    0.0770   -0.0543   -0.0382    0.0827
 AT.   9 O  X     0.0150    0.0922   -0.0186    0.0217   -0.0511    0.0069
            Y    -0.0408   -0.0071   -0.0295    0.0414    0.0050    0.0258
            Z    -0.0198    0.0697   -0.0075    0.0521    0.0914    0.0085
 AT.  10 O  X    -0.0005   -0.0303    0.0066   -0.0113    0.0297   -0.0284
            Y     0.0248   -0.0091    0.0317   -0.0098    0.0078   -0.0178
            Z     0.0357    0.0052    0.0339    0.0147   -0.0181    0.0537

 FREQ(CM**-1)    319.86    341.37    357.01    380.92    391.81    414.90

 AT.   1 CA X    -0.0256   -0.0341   -0.0012    0.0059   -0.0040   -0.0026
            Y     0.0247   -0.0574   -0.0194   -0.0024    0.0056    0.0119
            Z    -0.0097   -0.0005   -0.0225   -0.0120   -0.0024    0.0108
 AT.   2 MG X     0.0247   -0.0035    0.0610   -0.0778   -0.0456    0.1119
            Y    -0.0209   -0.0332   -0.0273    0.1055   -0.0897    0.0737
            Z    -0.0014    0.0045    0.0095    0.0578    0.1134    0.0939
 AT.   3 C  X     0.0259    0.0132    0.0043    0.0021    0.0256   -0.0036
            Y     0.0339    0.0324    0.0070    0.0150   -0.0069   -0.0144
            Z     0.0132   -0.0031    0.0581    0.0068   -0.0171   -0.0070
 AT.   4 C  X     0.0165   -0.0073    0.0066    0.0006    0.0255   -0.0016
            Y     0.0299    0.0254    0.0094    0.0187   -0.0070   -0.0138
            Z     0.0331   -0.0244    0.0555    0.0088   -0.0171   -0.0050
 AT.   5 O  X     0.0324    0.0136    0.0404   -0.0006    0.0229    0.0031
            Y     0.0359    0.0285    0.0475    0.0142   -0.0101   -0.0102
            Z     0.0653    0.0328    0.0507    0.0366    0.0158   -0.0103
 AT.   6 O  X     0.0095    0.0148   -0.0435   -0.0144    0.0285   -0.0069
            Y     0.0326    0.0285    0.0119    0.0187   -0.0046   -0.0100
            Z    -0.0169    0.0104    0.0357   -0.0089   -0.0880   -0.0105
 AT.   7 O  X    -0.0219   -0.0340   -0.0083    0.0047   -0.0065   -0.0192
            Y    -0.0381    0.0221    0.0597   -0.0196   -0.0026    0.0097
            Z     0.0558   -0.0438   -0.0283    0.0460   -0.0237   -0.0503
 AT.   8 O  X    -0.0135    0.0398   -0.0131   -0.0121   -0.0081    0.0291
            Y    -0.0421    0.0242   -0.0110    0.0177    0.0026    0.0170
            Z    -0.0032    0.0391   -0.0326    0.0241   -0.0106    0.0343
 AT.   9 O  X     0.0627   -0.0212   -0.0128   -0.0209   -0.0175    0.0095
            Y    -0.0056    0.0039   -0.0197    0.0203   -0.0069    0.0167
            Z    -0.0579   -0.0284    0.0344    0.0256    0.0570   -0.0235
 AT.  10 O  X     0.0319   -0.0141    0.0255    0.0019    0.0189   -0.0009
            Y    -0.0090    0.0482   -0.0349    0.0150    0.0339   -0.0217
            Z     0.0046   -0.0961    0.0434   -0.0135    0.0309    0.0193

 FREQ(CM**-1)    726.84    730.93    737.65    742.68    892.84    893.07

 AT.   1 CA X     0.0000    0.0071    0.0025    0.0010   -0.0017    0.0023
            Y     0.0000    0.0005   -0.0051    0.0010   -0.0007    0.0022
            Z    -0.0000   -0.0030    0.0052   -0.0012    0.0034    0.0019
 AT.   2 MG X    -0.0006    0.0060   -0.0058   -0.0123   -0.0008    0.0005
            Y     0.0036   -0.0075    0.0041   -0.0110    0.0031    0.0010
            Z     0.0005    0.0010    0.0061    0.0145   -0.0028    0.0046
 AT.   3 C  X    -0.0425    0.0392   -0.0235   -0.0312    0.0053   -0.0007
            Y    -0.0305    0.0357    0.0195    0.0448    0.0035   -0.0041
            Z     0.0031    0.0047    0.0021    0.0015    0.1783   -0.0287
 AT.   4 C  X    -0.0197   -0.0124    0.0154   -0.0310    0.0000   -0.0049
            Y    -0.0141   -0.0249   -0.0232    0.0447   -0.0039   -0.0028
            Z     0.0012   -0.0016    0.0031    0.0018    0.0289    0.1782
 AT.   5 O  X     0.0464   -0.0535   -0.0402   -0.0811   -0.0009    0.0004
            Y     0.0989   -0.0954    0.0266    0.0162   -0.0020   -0.0005
            Z     0.0147   -0.0153   -0.0001   -0.0048   -0.0494    0.0081
 AT.   6 O  X     0.0701   -0.0585    0.0559    0.0789    0.0047   -0.0016
            Y    -0.0669    0.0690    0.0200    0.0546   -0.0049    0.0026
            Z    -0.0095    0.0066   -0.0052   -0.0111   -0.0492    0.0055
 AT.   7 O  X     0.0403   -0.0441   -0.0059   -0.0210    0.0033    0.0010
            Y     0.0088    0.0207    0.1056    0.0489   -0.0032    0.0030
            Z    -0.0002   -0.0065   -0.0121   -0.0067    0.0235   -0.0465
 AT.   8 O  X    -0.0464   -0.0535   -0.0683    0.0426   -0.0008    0.0028
            Y    -0.0989   -0.0954    0.0435   -0.0147   -0.0010    0.0015
            Z    -0.0147   -0.0153    0.0028   -0.0006   -0.0385    0.0246
 AT.   9 O  X    -0.0701   -0.0585    0.0954   -0.0493    0.0046   -0.0041
            Y     0.0669    0.0690    0.0363   -0.0247   -0.0047    0.0022
            Z     0.0095    0.0066   -0.0139    0.0096   -0.0380    0.0225
 AT.  10 O  X    -0.0404   -0.0441   -0.0045    0.0315   -0.0004    0.0015
            Y    -0.0088    0.0207    0.0482   -0.1042    0.0022    0.0031
            Z     0.0002   -0.0065   -0.0062    0.0151   -0.0083   -0.0491

 FREQ(CM**-1)   1132.68   1133.95   1481.37   1523.34   1527.93   1575.62

 AT.   1 CA X    -0.0006   -0.0001   -0.0000    0.0039   -0.0000   -0.0018
            Y    -0.0029   -0.0004    0.0001   -0.0002   -0.0005   -0.0026
            Z     0.0005   -0.0005   -0.0001    0.0002    0.0009    0.0030
 AT.   2 MG X     0.0007   -0.0067    0.0008   -0.0055    0.0013   -0.0014
            Y     0.0007   -0.0069    0.0006    0.0032   -0.0050   -0.0020
            Z    -0.0037   -0.0044   -0.0014    0.0050    0.0042    0.0011
 AT.   3 C  X     0.0003   -0.0010    0.1561   -0.0754    0.0017    0.0088
            Y     0.0000   -0.0027   -0.0719    0.1293   -0.0100   -0.0180
            Z     0.0007   -0.0007    0.0013    0.0001    0.0018    0.0017
 AT.   4 C  X    -0.0007   -0.0033    0.0532    0.0221    0.1442    0.0629
            Y     0.0006   -0.0012   -0.0562    0.0310    0.0954    0.1595
            Z    -0.0010   -0.0003   -0.0002    0.0025   -0.0052    0.0033
 AT.   5 O  X     0.0151    0.0403   -0.0589    0.0415   -0.0036   -0.0065
            Y    -0.0124   -0.0315    0.0412   -0.0374    0.0020    0.0046
            Z    -0.0006   -0.0000   -0.0008   -0.0013   -0.0007   -0.0010
 AT.   6 O  X     0.0009    0.0057   -0.0058   -0.0001    0.0009    0.0025
            Y     0.0189    0.0519    0.0235   -0.0533    0.0060    0.0095
            Z     0.0000   -0.0006    0.0000   -0.0001   -0.0029   -0.0021
 AT.   7 O  X     0.0897    0.0933    0.0170   -0.0240    0.0575   -0.0383
            Y     0.0366    0.0378    0.0028   -0.0007    0.0282   -0.0223
            Z     0.0009    0.0020    0.0013   -0.0024   -0.0028   -0.0029
 AT.   8 O  X     0.0407   -0.0142    0.0589    0.0443    0.0154   -0.0084
            Y    -0.0315    0.0121   -0.0415   -0.0381   -0.0040    0.0123
            Z    -0.0012   -0.0002    0.0006    0.0014   -0.0010    0.0004
 AT.   9 O  X     0.0047   -0.0017    0.0055    0.0019    0.0067    0.0071
            Y     0.0507   -0.0203   -0.0251   -0.0382    0.0167    0.0324
            Z    -0.0005    0.0002    0.0000    0.0015    0.0011   -0.0017
 AT.  10 O  X     0.0949   -0.0881   -0.0106   -0.0125   -0.0672   -0.0444
            Y     0.0386   -0.0356   -0.0010   -0.0074   -0.0323   -0.0260
            Z     0.0008   -0.0017   -0.0012    0.0006    0.0032   -0.0034

 MODES IN ANTI-PHASE

 FREQ(CM**-1)     88.69    125.29    127.36    146.39    164.08    195.29

 AT.   1 CA X    -0.0015    0.0005   -0.0236   -0.0033    0.0349    0.0003
            Y    -0.0008    0.0029   -0.0009    0.0068   -0.0583   -0.0002
            Z    -0.0004    0.0037    0.0367   -0.0046   -0.0023   -0.0001
 AT.   2 MG X     0.0437   -0.0031   -0.0212   -0.0082    0.0023    0.0124
            Y    -0.0030    0.0429   -0.0308   -0.0281    0.0082   -0.0064
            Z     0.0310    0.0508    0.0307    0.0212   -0.0168   -0.0215
 AT.   3 C  X     0.0059    0.0006    0.0062   -0.0150    0.0201    0.0177
            Y    -0.0034   -0.0029   -0.0209   -0.0408    0.0009    0.0185
            Z     0.0079   -0.0039   -0.0168    0.0454    0.0128   -0.0337
 AT.   4 C  X    -0.0419    0.0177    0.0063   -0.0081    0.0076   -0.0018
            Y     0.0158   -0.0422   -0.0199   -0.0096   -0.0038    0.0198
            Z    -0.0046   -0.0406   -0.0161   -0.0093   -0.0040   -0.0467
 AT.   5 O  X     0.0064    0.0070    0.0380   -0.0165    0.0100    0.0443
            Y    -0.0020    0.0059    0.0200   -0.0440   -0.0099    0.0515
            Z    -0.0124   -0.0003   -0.0361    0.0558    0.0159   -0.0891
 AT.   6 O  X     0.0130   -0.0120   -0.0356   -0.0024    0.0336   -0.0115
            Y    -0.0028   -0.0009   -0.0145   -0.0393    0.0002    0.0211
            Z     0.0108    0.0065    0.0210    0.0394   -0.0134   -0.0233
 AT.   7 O  X     0.0563   -0.0175   -0.0117    0.0072   -0.0004   -0.0140
            Y    -0.0481    0.0435    0.0048    0.0256   -0.0661    0.0217
            Z    -0.0222    0.0677    0.0402   -0.0036   -0.0458    0.0043
 AT.   8 O  X    -0.0092   -0.0087   -0.0269    0.0148   -0.0170   -0.0442
            Y     0.0017   -0.0000   -0.0050    0.0394   -0.0341   -0.0507
            Z     0.0116    0.0071    0.0271   -0.0548    0.0391    0.0887
 AT.   9 O  X    -0.0134    0.0086    0.0323    0.0088    0.0714    0.0104
            Y     0.0034    0.0063    0.0249    0.0378    0.0018   -0.0207
            Z    -0.0110   -0.0064    0.0467   -0.0272    0.0350    0.0216
 AT.  10 O  X    -0.0549    0.0177    0.0251   -0.0043    0.0132    0.0145
            Y     0.0471   -0.0440   -0.0591   -0.0196   -0.0149   -0.0217
            Z     0.0226   -0.0686   -0.0432   -0.0054    0.0200   -0.0041

 FREQ(CM**-1)    196.99    209.05    235.46    257.81    281.52    309.84

 AT.   1 CA X    -0.0184   -0.0305   -0.0045   -0.0007   -0.0327   -0.0153
            Y    -0.0273   -0.0027    0.0010   -0.0001   -0.0245    0.0016
            Z     0.0456   -0.0248   -0.0060    0.0002    0.0264   -0.0352
 AT.   2 MG X    -0.0098   -0.0083   -0.0571   -0.0590    0.0289   -0.0065
            Y     0.0108    0.0015    0.0227    0.0397    0.0256    0.0256
            Z     0.0138   -0.0064   -0.0030   -0.0390   -0.0325    0.0153
 AT.   3 C  X     0.0197    0.0023    0.0274    0.0101    0.0180    0.0221
            Y    -0.0009    0.0124   -0.0120   -0.0074    0.0190    0.0373
            Z    -0.0038   -0.0064    0.0184    0.0075   -0.0228    0.0132
 AT.   4 C  X    -0.0349   -0.0452    0.0407    0.0064    0.0141   -0.0117
            Y     0.0383   -0.0058    0.0136   -0.0393   -0.0102   -0.0039
            Z     0.0227   -0.0097    0.0098    0.0191    0.0001   -0.0126
 AT.   5 O  X     0.0178    0.0087    0.0304    0.0189    0.0217    0.0308
            Y    -0.0028    0.0190   -0.0063    0.0019    0.0185    0.0458
            Z    -0.0268   -0.0312   -0.0147    0.0006   -0.0205    0.0891
 AT.   6 O  X     0.0131   -0.0063    0.0195    0.0025    0.0131    0.0042
            Y    -0.0001    0.0117   -0.0125   -0.0046    0.0138    0.0403
            Z     0.0255   -0.0124    0.0384    0.0027    0.0031    0.0086
 AT.   7 O  X    -0.0419   -0.0499   -0.0401   -0.0105    0.0020   -0.0146
            Y     0.0537   -0.0165   -0.0208    0.0521    0.0222   -0.0205
            Z     0.0845   -0.0311   -0.0727   -0.0520    0.0363    0.0334
 AT.   8 O  X     0.0216   -0.0046   -0.0154   -0.0190    0.0221   -0.0100
            Y    -0.0069    0.0241    0.0224   -0.0028    0.0170   -0.0361
            Z    -0.0215   -0.0219   -0.0112    0.0004   -0.0188   -0.0338
 AT.   9 O  X     0.0149   -0.0303   -0.0141   -0.0029    0.0154    0.0048
            Y    -0.0047    0.0140    0.0235    0.0038    0.0136   -0.0394
            Z     0.0234   -0.0308   -0.0381   -0.0037   -0.0011   -0.0022
 AT.  10 O  X    -0.0422   -0.0437    0.0402    0.0107    0.0006   -0.0253
            Y     0.0568   -0.0147    0.0110   -0.0519    0.0219    0.0103
            Z     0.0890   -0.0334    0.0651    0.0518    0.0372    0.0345

 FREQ(CM**-1)    319.86    341.37    357.01    380.92    391.81    414.90

 AT.   1 CA X    -0.0271   -0.0200   -0.0018    0.0121   -0.0069   -0.0050
            Y     0.0262   -0.0336   -0.0296   -0.0048    0.0097    0.0227
            Z    -0.0103   -0.0003   -0.0344   -0.0244   -0.0041    0.0206
 AT.   2 MG X    -0.0059    0.0020   -0.0034   -0.0051   -0.0001    0.0045
            Y     0.0049    0.0189    0.0015    0.0070   -0.0002    0.0029
            Z     0.0003   -0.0026   -0.0005    0.0038    0.0003    0.0038
 AT.   3 C  X     0.0149    0.0164   -0.0205   -0.0117   -0.0066    0.0243
            Y     0.0009   -0.0104   -0.0218    0.0286   -0.0150    0.0068
            Z    -0.0475    0.0265    0.0201    0.0158    0.0140    0.0247
 AT.   4 C  X    -0.0249   -0.0198    0.0199    0.0119    0.0067   -0.0245
            Y    -0.0160   -0.0226    0.0208   -0.0264    0.0150   -0.0079
            Z     0.0365   -0.0109   -0.0265   -0.0147   -0.0141   -0.0252
 AT.   5 O  X    -0.0116    0.0380    0.0034   -0.0157    0.0040    0.0374
            Y    -0.0401    0.0117    0.0088    0.0332   -0.0028    0.0136
            Z     0.0007    0.0264   -0.0135    0.0585   -0.0030    0.0346
 AT.   6 O  X     0.0634   -0.0327   -0.0329   -0.0375   -0.0037    0.0067
            Y    -0.0037   -0.0115   -0.0163    0.0400   -0.0107    0.0133
            Z    -0.0590   -0.0384    0.0531    0.0255    0.0146   -0.0358
 AT.   7 O  X     0.0306    0.0030    0.0242    0.0060    0.0181   -0.0143
            Y    -0.0113    0.0428   -0.0120    0.0038    0.0377   -0.0197
            Z     0.0079   -0.0856    0.0351    0.0184    0.0219   -0.0113
 AT.   8 O  X     0.0317   -0.0068    0.0384   -0.0100    0.0218    0.0238
            Y     0.0334    0.0191    0.0470    0.0315   -0.0101   -0.0007
            Z     0.0652    0.0157    0.0411    0.0647    0.0122    0.0111
 AT.   9 O  X     0.0132    0.0289   -0.0530   -0.0343    0.0227   -0.0019
            Y     0.0324    0.0305    0.0044    0.0392   -0.0094   -0.0007
            Z    -0.0204    0.0279    0.0539    0.0084   -0.0686   -0.0289
 AT.  10 O  X    -0.0200   -0.0311    0.0021    0.0074    0.0035   -0.0240
            Y    -0.0387   -0.0017    0.0499   -0.0132    0.0168   -0.0032
            Z     0.0562    0.0037   -0.0119    0.0477   -0.0094   -0.0479

 FREQ(CM**-1)    726.84    730.93    737.65    742.68    892.84    893.07

 AT.   1 CA X     0.0024   -0.0000    0.0014    0.0019   -0.0006    0.0004
            Y     0.0029   -0.0000   -0.0029    0.0017   -0.0002    0.0004
            Z    -0.0019    0.0000    0.0029   -0.0022    0.0012    0.0004
 AT.   2 MG X    -0.0003   -0.0104    0.0035   -0.0002    0.0007   -0.0006
            Y     0.0021    0.0129   -0.0025   -0.0002   -0.0027   -0.0012
            Z     0.0003   -0.0018   -0.0036    0.0003    0.0024   -0.0054
 AT.   3 C  X     0.0019   -0.0083   -0.0301    0.0052    0.0008    0.0051
            Y     0.0014    0.0081    0.0367   -0.0004    0.0045    0.0035
            Z    -0.0004   -0.0009   -0.0024    0.0086   -0.0003   -0.1758
 AT.   4 C  X    -0.0377   -0.0381    0.0349   -0.0063   -0.0054    0.0015
            Y    -0.0271   -0.0269   -0.0345    0.0020   -0.0042    0.0046
            Z     0.0029   -0.0045   -0.0007   -0.0086   -0.1759    0.0001
 AT.   5 O  X    -0.0068   -0.0132   -0.0554   -0.0005   -0.0001    0.0067
            Y    -0.0012    0.0100    0.0347   -0.0072    0.0009    0.0056
            Z    -0.0022   -0.0013    0.0034   -0.0037   -0.0004    0.0481
 AT.   6 O  X     0.0068    0.0150    0.0776   -0.0088    0.0016   -0.0072
            Y     0.0058    0.0076    0.0303    0.0050   -0.0015   -0.0006
            Z     0.0005   -0.0013   -0.0131    0.0043    0.0001    0.0487
 AT.   7 O  X    -0.0754    0.0724   -0.0016    0.0240   -0.0047    0.0017
            Y     0.0012    0.0031   -0.0088   -0.0924    0.0073    0.0008
            Z    -0.0042    0.0059    0.0002    0.0136   -0.0420   -0.0157
 AT.   8 O  X    -0.0067    0.0132   -0.0049   -0.0690   -0.0005   -0.0061
            Y    -0.0010   -0.0100    0.0043    0.0100   -0.0019   -0.0054
            Z    -0.0022    0.0013   -0.0019   -0.0060   -0.0309   -0.0421
 AT.   9 O  X     0.0070   -0.0150    0.0065    0.0623    0.0017    0.0062
            Y     0.0056   -0.0076    0.0010    0.0489   -0.0020    0.0015
            Z     0.0005    0.0013    0.0025   -0.0072   -0.0312   -0.0436
 AT.  10 O  X    -0.0753   -0.0724   -0.0042   -0.0051    0.0057   -0.0012
            Y     0.0012   -0.0031    0.0943   -0.0075   -0.0077    0.0004
            Z    -0.0042   -0.0059   -0.0104    0.0016    0.0474   -0.0018

 FREQ(CM**-1)   1132.68   1133.95   1481.37   1523.34   1527.93   1575.62

 AT.   1 CA X    -0.0001   -0.0006    0.0004    0.0024    0.0001   -0.0003
            Y    -0.0005   -0.0025   -0.0013   -0.0001    0.0021   -0.0004
            Z     0.0001   -0.0030    0.0013    0.0001   -0.0036    0.0005
 AT.   2 MG X    -0.0008   -0.0025    0.0005    0.0030    0.0012    0.0017
            Y    -0.0009   -0.0026    0.0004   -0.0017   -0.0049    0.0024
            Z     0.0044   -0.0016   -0.0010   -0.0027    0.0041   -0.0014
 AT.   3 C  X     0.0006   -0.0038   -0.0053   -0.0761    0.1442   -0.0656
            Y    -0.0006    0.0014   -0.0317    0.0480    0.0955   -0.1589
            Z     0.0009    0.0004   -0.0007   -0.0029   -0.0052   -0.0036
 AT.   4 C  X    -0.0002    0.0022    0.1468    0.1048   -0.0009   -0.0206
            Y    -0.0001   -0.0028   -0.0549   -0.1344   -0.0117   -0.0113
            Z    -0.0005   -0.0008    0.0015    0.0015    0.0019   -0.0023
 AT.   5 O  X     0.0800    0.0720   -0.0041    0.0287   -0.0253   -0.0068
            Y    -0.0599   -0.0534    0.0056   -0.0238    0.0046    0.0240
            Z    -0.0019   -0.0007    0.0014    0.0022    0.0035    0.0041
 AT.   6 O  X     0.0115    0.0112    0.0016    0.0021   -0.0155    0.0141
            Y     0.0992    0.0865    0.0133   -0.0160   -0.0453    0.0702
            Z    -0.0015   -0.0009   -0.0004    0.0017    0.0031    0.0008
 AT.   7 O  X     0.0312   -0.0002   -0.0434   -0.0020    0.0350   -0.0248
            Y     0.0125    0.0001   -0.0128   -0.0079    0.0159   -0.0147
            Z    -0.0002    0.0006   -0.0002    0.0019   -0.0016   -0.0021
 AT.   8 O  X    -0.0705    0.0813    0.0043    0.0242   -0.0204    0.0042
            Y     0.0524   -0.0608   -0.0003   -0.0228    0.0031   -0.0211
            Z     0.0016   -0.0007    0.0015   -0.0021    0.0034   -0.0042
 AT.   9 O  X    -0.0106    0.0124    0.0024   -0.0010   -0.0140   -0.0124
            Y    -0.0874    0.0988    0.0098   -0.0405   -0.0425   -0.0630
            Z     0.0014   -0.0010   -0.0004   -0.0009    0.0041   -0.0015
 AT.  10 O  X     0.0003    0.0307   -0.0454   -0.0206    0.0028    0.0106
            Y     0.0004    0.0126   -0.0131    0.0029    0.0002    0.0064
            Z     0.0005    0.0012   -0.0003   -0.0030   -0.0001    0.0010


  DISPERSION K POINT NUMBER    27 COORD:  C(  2  2  2 )    WEIGHT:    1.

    MODES         EIGV          FREQUENCIES     IRREP
             (HARTREE**2)   (CM**-1)     (THZ)
    1-   2    0.1406E-06     82.3040    2.4674  (  1)
    3-   3    0.3516E-06    130.1371    3.9014  (  2)
    4-   5    0.4155E-06    141.4696    4.2412  (  1)
    6-   7    0.6781E-06    180.7343    5.4183  (  1)
    8-   8    0.7940E-06    195.5682    5.8630  (  2)
    9-   9    0.1007E-05    220.2261    6.6022  (  2)
   10-  11    0.1496E-05    268.4270    8.0472  (  1)
   12-  12    0.1629E-05    280.1046    8.3973  (  2)
   13-  14    0.2112E-05    318.9737    9.5626  (  1)
   15-  16    0.3050E-05    383.3080   11.4913  (  1)
   17-  17    0.3355E-05    402.0112   12.0520  (  2)
   18-  18    0.4435E-05    462.2272   13.8572  (  2)
   19-  20    0.1129E-04    737.4411   22.1079  (  1)
   21-  22    0.1141E-04    741.3642   22.2255  (  1)
   23-  23    0.1679E-04    899.3172   26.9609  (  2)
   24-  24    0.1721E-04    910.4660   27.2951  (  2)
   25-  25    0.2673E-04   1134.6723   34.0166  (  2)
   26-  26    0.2678E-04   1135.7011   34.0475  (  2)
   27-  28    0.4523E-04   1476.1088   44.2526  (  1)
   29-  30    0.4663E-04   1498.7551   44.9315  (  1)

 MODES IN PHASE

 FREQ(CM**-1)     82.30     82.30    130.14    141.47    141.47    180.73

 AT.   1 CA X     0.0488   -0.0488    0.0000    0.0435   -0.0435   -0.0272
            Y    -0.0039    0.0039    0.0000   -0.0380    0.0380   -0.0439
            Z     0.0000    0.0000    0.0595    0.0000    0.0000    0.0000
 AT.   2 MG X    -0.0491    0.0491    0.0000    0.0035   -0.0035    0.0044
            Y     0.0085   -0.0085    0.0000   -0.0298    0.0298    0.0007
            Z     0.0000    0.0000   -0.0610    0.0000    0.0000    0.0000
 AT.   3 C  X     0.0405   -0.0373    0.0000   -0.0418   -0.0262    0.0109
            Y     0.0253    0.0425    0.0000   -0.0293    0.0053   -0.0321
            Z     0.0000    0.0000    0.0728    0.0000    0.0000    0.0000
 AT.   4 C  X     0.0373   -0.0405    0.0000    0.0262    0.0418    0.0444
            Y    -0.0425   -0.0253    0.0000   -0.0053    0.0293    0.0112
            Z     0.0000    0.0000    0.0209    0.0000    0.0000    0.0000
 AT.   5 O  X     0.0418   -0.0369   -0.0046   -0.0453   -0.0271    0.0151
            Y     0.0262    0.0435   -0.0060   -0.0333    0.0062   -0.0278
            Z     0.0049   -0.0096    0.0734    0.0533   -0.0232   -0.0335
 AT.   6 O  X     0.0425   -0.0366    0.0075   -0.0476   -0.0252    0.0160
            Y     0.0252    0.0431   -0.0009   -0.0296    0.0065   -0.0330
            Z    -0.0056   -0.0085    0.0734   -0.0570    0.0337    0.0320
 AT.   7 O  X     0.0414   -0.0370   -0.0029   -0.0433   -0.0259    0.0110
            Y     0.0250    0.0431    0.0070   -0.0294    0.0047   -0.0312
            Z     0.0007    0.0180    0.0734    0.0037   -0.0105    0.0015
 AT.   8 O  X     0.0369   -0.0418    0.0056    0.0271    0.0453    0.0508
            Y    -0.0435   -0.0262    0.0049   -0.0062    0.0333    0.0185
            Z     0.0096   -0.0049    0.0216    0.0232   -0.0533   -0.0674
 AT.   9 O  X     0.0366   -0.0425   -0.0070    0.0252    0.0476    0.0552
            Y    -0.0431   -0.0252    0.0025   -0.0065    0.0296    0.0122
            Z     0.0085    0.0056    0.0216   -0.0337    0.0570    0.0585
 AT.  10 O  X     0.0370   -0.0414    0.0014    0.0259    0.0433    0.0475
            Y    -0.0431   -0.0250   -0.0073   -0.0047    0.0294    0.0116
            Z    -0.0180   -0.0007    0.0216    0.0105   -0.0037    0.0089

 FREQ(CM**-1)    180.73    195.57    220.23    268.43    268.43    280.10

 AT.   1 CA X     0.0272    0.0000    0.0000    0.0055   -0.0055    0.0000
            Y     0.0439    0.0000    0.0000    0.0350   -0.0350    0.0000
            Z     0.0000    0.0763    0.0261    0.0000    0.0000   -0.0060
 AT.   2 MG X    -0.0044    0.0000    0.0000   -0.0258    0.0258    0.0000
            Y    -0.0007    0.0000    0.0000    0.0627   -0.0627    0.0000
            Z     0.0000    0.0014    0.0079    0.0000    0.0000   -0.0094
 AT.   3 C  X    -0.0444    0.0000    0.0000    0.0013    0.0077    0.0000
            Y    -0.0112    0.0000    0.0000   -0.0127   -0.0014    0.0000
            Z     0.0000   -0.0166   -0.0156    0.0000    0.0000   -0.0384
 AT.   4 C  X    -0.0109    0.0000    0.0000   -0.0077   -0.0013    0.0000
            Y     0.0321    0.0000    0.0000    0.0014    0.0127    0.0000
            Z     0.0000   -0.0148    0.0636    0.0000    0.0000    0.0362
 AT.   5 O  X    -0.0508    0.0533    0.0203   -0.0045    0.0031   -0.0418
            Y    -0.0185    0.0669    0.0256   -0.0192   -0.0107   -0.0570
            Z     0.0674   -0.0199   -0.0170    0.0394    0.0615   -0.0322
 AT.   6 O  X    -0.0552   -0.0845   -0.0324   -0.0157    0.0011    0.0703
            Y    -0.0122    0.0127    0.0048   -0.0136   -0.0013   -0.0077
            Z    -0.0585   -0.0199   -0.0170   -0.0885   -0.0657   -0.0322
 AT.   7 O  X    -0.0475    0.0313    0.0120   -0.0053    0.0103   -0.0285
            Y    -0.0116   -0.0796   -0.0304   -0.0067   -0.0043    0.0647
            Z    -0.0089   -0.0199   -0.0170    0.0491    0.0042   -0.0322
 AT.   8 O  X    -0.0151    0.0516   -0.0381   -0.0031    0.0045    0.0428
            Y     0.0278    0.0646   -0.0512    0.0107    0.0192    0.0592
            Z     0.0335   -0.0177    0.0653   -0.0615   -0.0394    0.0296
 AT.   9 O  X    -0.0160   -0.0818    0.0634   -0.0011    0.0157   -0.0727
            Y     0.0330    0.0124   -0.0074    0.0013    0.0136    0.0074
            Z    -0.0320   -0.0177    0.0653    0.0657    0.0885    0.0296
 AT.  10 O  X    -0.0110    0.0302   -0.0253   -0.0103    0.0053    0.0299
            Y     0.0312   -0.0770    0.0586    0.0043    0.0067   -0.0666
            Z    -0.0015   -0.0177    0.0653   -0.0042   -0.0491    0.0296

 FREQ(CM**-1)    318.97    318.97    383.31    383.31    402.01    462.23

 AT.   1 CA X     0.0462   -0.0462   -0.0073    0.0073    0.0000    0.0000
            Y     0.0254   -0.0254    0.0035   -0.0035    0.0000    0.0000
            Z     0.0000    0.0000    0.0000    0.0000    0.0869   -0.0318
 AT.   2 MG X     0.0015   -0.0015    0.1127   -0.1127    0.0000    0.0000
            Y    -0.0010    0.0010    0.0006   -0.0006    0.0000    0.0000
            Z     0.0000    0.0000    0.0000    0.0000    0.0467    0.1581
 AT.   3 C  X    -0.0281    0.0120    0.0186   -0.0044    0.0000    0.0000
            Y    -0.0126    0.0316    0.0167    0.0230    0.0000    0.0000
            Z     0.0000    0.0000    0.0000    0.0000   -0.0670    0.0460
 AT.   4 C  X    -0.0120    0.0281    0.0044   -0.0186    0.0000    0.0000
            Y    -0.0316    0.0126   -0.0230   -0.0167    0.0000    0.0000
            Z     0.0000    0.0000    0.0000    0.0000   -0.0562    0.0450
 AT.   5 O  X    -0.0283    0.0093    0.0170   -0.0159   -0.0282    0.0144
            Y    -0.0068    0.0249    0.0177    0.0193   -0.0383    0.0154
            Z    -0.0501    0.0742    0.0471    0.0368   -0.0462    0.0249
 AT.   6 O  X    -0.0268    0.0141    0.0081   -0.0158    0.0473   -0.0205
            Y    -0.0128    0.0324    0.0239    0.0298   -0.0053    0.0048
            Z     0.0673   -0.0113   -0.0324    0.0025   -0.0462    0.0249
 AT.   7 O  X    -0.0328    0.0182    0.0179   -0.0068   -0.0191    0.0061
            Y    -0.0110    0.0245    0.0285    0.0244    0.0436   -0.0202
            Z    -0.0172   -0.0629   -0.0147   -0.0393   -0.0462    0.0249
 AT.   8 O  X    -0.0093    0.0283    0.0159   -0.0170   -0.0241    0.0141
            Y    -0.0249    0.0068   -0.0193   -0.0177   -0.0337    0.0151
            Z    -0.0742    0.0501   -0.0368   -0.0471   -0.0388    0.0244
 AT.   9 O  X    -0.0141    0.0268    0.0158   -0.0081    0.0412   -0.0201
            Y    -0.0324    0.0128   -0.0298   -0.0239   -0.0040    0.0047
            Z     0.0113   -0.0673   -0.0025    0.0324   -0.0388    0.0244
 AT.  10 O  X    -0.0182    0.0328    0.0068   -0.0179   -0.0171    0.0060
            Y    -0.0245    0.0110   -0.0244   -0.0285    0.0377   -0.0198
            Z     0.0629    0.0172    0.0393    0.0147   -0.0388    0.0244

 FREQ(CM**-1)    737.44    737.44    741.36    741.36    899.32    910.47

 AT.   1 CA X     0.0029   -0.0029   -0.0020    0.0020    0.0000    0.0000
            Y     0.0005   -0.0005    0.0000   -0.0000    0.0000    0.0000
            Z     0.0000    0.0000    0.0000    0.0000    0.0051    0.0050
 AT.   2 MG X    -0.0008    0.0008   -0.0098    0.0098    0.0000    0.0000
            Y    -0.0002    0.0002   -0.0009    0.0009    0.0000    0.0000
            Z     0.0000    0.0000    0.0000    0.0000    0.0048   -0.0147
 AT.   3 C  X     0.0193    0.0250   -0.0383   -0.0232    0.0000    0.0000
            Y     0.0320   -0.0330   -0.0080    0.0361    0.0000    0.0000
            Z     0.0000    0.0000    0.0000    0.0000    0.1759    0.0117
 AT.   4 C  X    -0.0250   -0.0193    0.0232    0.0383    0.0000    0.0000
            Y     0.0330   -0.0320   -0.0361    0.0080    0.0000    0.0000
            Z     0.0000    0.0000    0.0000    0.0000   -0.0111    0.1737
 AT.   5 O  X    -0.0484    0.0599    0.0088   -0.0591   -0.0044   -0.0002
            Y    -0.0578   -0.0167    0.0682    0.0170   -0.0043   -0.0005
            Z    -0.0080    0.0029    0.0122   -0.0002   -0.0511   -0.0032
 AT.   6 O  X    -0.0259   -0.0608    0.0656    0.0606    0.0059    0.0005
            Y     0.0546   -0.0371   -0.0298    0.0361   -0.0017    0.0001
            Z     0.0041    0.0045   -0.0104   -0.0105   -0.0511   -0.0032
 AT.   7 O  X     0.0602   -0.0182   -0.0477    0.0173   -0.0015   -0.0004
            Y    -0.0211    0.0777   -0.0300   -0.0771    0.0060    0.0004
            Z     0.0038   -0.0074   -0.0018    0.0107   -0.0511   -0.0032
 AT.   8 O  X    -0.0599    0.0484    0.0591   -0.0088    0.0006   -0.0063
            Y     0.0167    0.0578   -0.0170   -0.0682   -0.0001   -0.0048
            Z    -0.0029    0.0080    0.0002   -0.0122    0.0035   -0.0519
 AT.   9 O  X     0.0608    0.0259   -0.0606   -0.0656   -0.0002    0.0073
            Y     0.0371   -0.0546   -0.0361    0.0298    0.0005   -0.0030
            Z    -0.0045   -0.0041    0.0105    0.0104    0.0035   -0.0519
 AT.  10 O  X     0.0182   -0.0602   -0.0173    0.0477   -0.0003   -0.0011
            Y    -0.0777    0.0211    0.0771    0.0300   -0.0004    0.0078
            Z     0.0074   -0.0038   -0.0107    0.0018    0.0035   -0.0519

 FREQ(CM**-1)   1134.67   1135.70   1476.11   1476.11   1498.76   1498.76

 AT.   1 CA X     0.0000    0.0000   -0.0015    0.0015   -0.0000    0.0000
            Y     0.0000    0.0000   -0.0010    0.0010    0.0001   -0.0001
            Z    -0.0024   -0.0017    0.0000    0.0000    0.0000    0.0000
 AT.   2 MG X     0.0000    0.0000    0.0023   -0.0023    0.0023   -0.0023
            Y     0.0000    0.0000   -0.0013    0.0013    0.0041   -0.0041
            Z     0.0018   -0.0076    0.0000    0.0000    0.0000    0.0000
 AT.   3 C  X     0.0000    0.0000    0.1241   -0.1235   -0.1235   -0.1241
            Y     0.0000    0.0000   -0.0012    0.0018   -0.0002    0.0014
            Z    -0.0000    0.0016    0.0000    0.0000    0.0000    0.0000
 AT.   4 C  X     0.0000    0.0000    0.1235   -0.1241    0.1241    0.1235
            Y     0.0000    0.0000   -0.0018    0.0012   -0.0014    0.0002
            Z     0.0002   -0.0004    0.0000    0.0000    0.0000    0.0000
 AT.   5 O  X     0.0115    0.0808   -0.0355    0.0370    0.0351    0.0340
            Y    -0.0092   -0.0621    0.0215   -0.0225   -0.0225   -0.0219
            Z    -0.0002   -0.0016    0.0009   -0.0007    0.0006    0.0004
 AT.   6 O  X     0.0022    0.0134   -0.0083    0.0066    0.0067    0.0082
            Y     0.0145    0.1010   -0.0046    0.0039    0.0065    0.0063
            Z    -0.0002   -0.0016    0.0007   -0.0005   -0.0002   -0.0004
 AT.   7 O  X    -0.0137   -0.0942   -0.0445    0.0446    0.0460    0.0455
            Y    -0.0053   -0.0389   -0.0151    0.0170    0.0167    0.0145
            Z    -0.0002   -0.0016   -0.0016    0.0012   -0.0004    0.0000
 AT.   8 O  X     0.0805   -0.0117   -0.0370    0.0355   -0.0340   -0.0351
            Y    -0.0627    0.0087    0.0225   -0.0215    0.0219    0.0225
            Z    -0.0015    0.0002    0.0007   -0.0009   -0.0004   -0.0006
 AT.   9 O  X     0.0140   -0.0017   -0.0066    0.0083   -0.0082   -0.0067
            Y     0.1011   -0.0145   -0.0039    0.0046   -0.0063   -0.0065
            Z    -0.0015    0.0002    0.0005   -0.0007    0.0004    0.0002
 AT.  10 O  X    -0.0945    0.0134   -0.0446    0.0445   -0.0455   -0.0460
            Y    -0.0384    0.0058   -0.0170    0.0151   -0.0145   -0.0167
            Z    -0.0015    0.0002   -0.0012    0.0016   -0.0000    0.0004

 MODES IN ANTI-PHASE

 FREQ(CM**-1)     82.30     82.30    130.14    141.47    141.47    180.73

 AT.   1 CA X    -0.0039   -0.0039    0.0000   -0.0380   -0.0380   -0.0439
            Y    -0.0488   -0.0488    0.0000   -0.0435   -0.0435    0.0272
            Z     0.0000    0.0000   -0.0382    0.0000    0.0000    0.0000
 AT.   2 MG X     0.0085    0.0085    0.0000   -0.0298   -0.0298    0.0007
            Y     0.0491    0.0491    0.0000   -0.0035   -0.0035   -0.0044
            Z     0.0000    0.0000    0.0392    0.0000    0.0000    0.0000
 AT.   3 C  X     0.0253   -0.0425    0.0000   -0.0293   -0.0053   -0.0321
            Y    -0.0405   -0.0373    0.0000    0.0418   -0.0262   -0.0109
            Z     0.0000    0.0000    0.0103    0.0000    0.0000    0.0000
 AT.   4 C  X    -0.0425    0.0253    0.0000   -0.0053   -0.0293    0.0112
            Y    -0.0373   -0.0405    0.0000   -0.0262    0.0418   -0.0444
            Z     0.0000    0.0000   -0.0705    0.0000    0.0000    0.0000
 AT.   5 O  X     0.0248   -0.0430   -0.0083   -0.0283   -0.0054   -0.0336
            Y    -0.0420   -0.0368   -0.0081    0.0455   -0.0250   -0.0129
            Z    -0.0036    0.0153    0.0098   -0.0350   -0.0255    0.0176
 AT.   6 O  X     0.0257   -0.0433    0.0112   -0.0319   -0.0051   -0.0283
            Y    -0.0412   -0.0371   -0.0031    0.0432   -0.0269   -0.0121
            Z    -0.0025   -0.0159    0.0098   -0.0287   -0.0073    0.0202
 AT.   7 O  X     0.0259   -0.0434   -0.0029   -0.0321   -0.0069   -0.0302
            Y    -0.0424   -0.0366    0.0113    0.0476   -0.0262   -0.0171
            Z     0.0061    0.0006    0.0098    0.0637    0.0328   -0.0378
 AT.   8 O  X    -0.0430    0.0248    0.0076   -0.0054   -0.0283    0.0097
            Y    -0.0368   -0.0420    0.0089   -0.0250    0.0455   -0.0515
            Z     0.0153   -0.0036   -0.0708   -0.0255   -0.0350    0.0286
 AT.   9 O  X    -0.0433    0.0257   -0.0115   -0.0051   -0.0319    0.0160
            Y    -0.0371   -0.0412    0.0022   -0.0269    0.0432   -0.0472
            Z    -0.0159   -0.0025   -0.0708   -0.0073   -0.0287    0.0440
 AT.  10 O  X    -0.0434    0.0259    0.0039   -0.0069   -0.0321    0.0166
            Y    -0.0366   -0.0424   -0.0110   -0.0262    0.0476   -0.0548
            Z     0.0006    0.0061   -0.0708    0.0328    0.0637   -0.0727

 FREQ(CM**-1)    180.73    195.57    220.23    268.43    268.43    280.10

 AT.   1 CA X    -0.0439    0.0000    0.0000    0.0350    0.0350    0.0000
            Y     0.0272    0.0000    0.0000   -0.0055   -0.0055    0.0000
            Z     0.0000   -0.0068   -0.0349    0.0000    0.0000   -0.0584
 AT.   2 MG X     0.0007    0.0000    0.0000    0.0627    0.0627    0.0000
            Y    -0.0044    0.0000    0.0000    0.0258    0.0258    0.0000
            Z     0.0000   -0.0001   -0.0106    0.0000    0.0000   -0.0915
 AT.   3 C  X     0.0112    0.0000    0.0000   -0.0127    0.0014    0.0000
            Y    -0.0444    0.0000    0.0000   -0.0013    0.0077    0.0000
            Z     0.0000   -0.0089   -0.0617    0.0000    0.0000   -0.0072
 AT.   4 C  X    -0.0321    0.0000    0.0000    0.0014   -0.0127    0.0000
            Y    -0.0109    0.0000    0.0000    0.0077   -0.0013    0.0000
            Z     0.0000    0.0117   -0.0024    0.0000    0.0000   -0.0149
 AT.   5 O  X     0.0097    0.0047    0.0338   -0.0072    0.0002    0.0091
            Y    -0.0515    0.0069    0.0458    0.0125    0.0066    0.0165
            Z     0.0286   -0.0106   -0.0631   -0.0795    0.0404   -0.0096
 AT.   6 O  X     0.0160   -0.0083   -0.0565   -0.0128    0.0096   -0.0189
            Y    -0.0472    0.0006    0.0063    0.0013    0.0085   -0.0004
            Z     0.0440   -0.0106   -0.0631    0.0056    0.0330   -0.0096
 AT.   7 O  X     0.0166    0.0037    0.0228   -0.0196    0.0066    0.0098
            Y    -0.0548   -0.0075   -0.0521    0.0118   -0.0006   -0.0162
            Z    -0.0727   -0.0106   -0.0631    0.0738   -0.0734   -0.0096
 AT.   8 O  X    -0.0336   -0.0140   -0.0100    0.0002   -0.0072    0.0004
            Y    -0.0129   -0.0186   -0.0116    0.0066    0.0125    0.0046
            Z     0.0176    0.0139   -0.0015    0.0404   -0.0795   -0.0159
 AT.   9 O  X    -0.0283    0.0231    0.0151    0.0096   -0.0128   -0.0042
            Y    -0.0121   -0.0028   -0.0028    0.0085    0.0013   -0.0019
            Z     0.0202    0.0139   -0.0015    0.0330    0.0056   -0.0159
 AT.  10 O  X    -0.0302   -0.0091   -0.0051    0.0066   -0.0196    0.0038
            Y    -0.0171    0.0214    0.0145   -0.0006    0.0118   -0.0027
            Z    -0.0378    0.0139   -0.0015   -0.0734    0.0738   -0.0159

 FREQ(CM**-1)    318.97    318.97    383.31    383.31    402.01    462.23

 AT.   1 CA X     0.0254    0.0254    0.0035    0.0035    0.0000    0.0000
            Y    -0.0462   -0.0462    0.0073    0.0073    0.0000    0.0000
            Z     0.0000    0.0000    0.0000    0.0000    0.0112    0.0003
 AT.   2 MG X    -0.0010   -0.0010    0.0006    0.0006    0.0000    0.0000
            Y    -0.0015   -0.0015   -0.1127   -0.1127    0.0000    0.0000
            Z     0.0000    0.0000    0.0000    0.0000    0.0060   -0.0015
 AT.   3 C  X    -0.0126   -0.0316    0.0167   -0.0230    0.0000    0.0000
            Y     0.0281    0.0120   -0.0186   -0.0044    0.0000    0.0000
            Z     0.0000    0.0000    0.0000    0.0000    0.0337    0.0559
 AT.   4 C  X    -0.0316   -0.0126   -0.0230    0.0167    0.0000    0.0000
            Y     0.0120    0.0281   -0.0044   -0.0186    0.0000    0.0000
            Z     0.0000    0.0000    0.0000    0.0000   -0.0496   -0.0568
 AT.   5 O  X    -0.0137   -0.0297    0.0290   -0.0297    0.0124    0.0170
            Y     0.0303    0.0185   -0.0116   -0.0097    0.0132    0.0151
            Z     0.0488   -0.0298   -0.0103   -0.0242    0.0231    0.0293
 AT.   6 O  X    -0.0076   -0.0221    0.0228   -0.0192   -0.0176   -0.0216
            Y     0.0318    0.0137   -0.0205   -0.0099    0.0042    0.0071
            Z     0.0190    0.0791   -0.0357    0.0439    0.0231    0.0293
 AT.   7 O  X    -0.0094   -0.0300    0.0182   -0.0246    0.0052    0.0046
            Y     0.0258    0.0095   -0.0107   -0.0189   -0.0173   -0.0223
            Z    -0.0678   -0.0494    0.0459   -0.0198    0.0231    0.0293
 AT.   8 O  X    -0.0297   -0.0137   -0.0297    0.0290   -0.0192   -0.0172
            Y     0.0185    0.0303   -0.0097   -0.0116   -0.0225   -0.0154
            Z    -0.0298    0.0488   -0.0242   -0.0103   -0.0341   -0.0298
 AT.   9 O  X    -0.0221   -0.0076   -0.0192    0.0228    0.0291    0.0220
            Y     0.0137    0.0318   -0.0099   -0.0205   -0.0054   -0.0072
            Z     0.0791    0.0190    0.0439   -0.0357   -0.0341   -0.0298
 AT.  10 O  X    -0.0300   -0.0094   -0.0246    0.0182   -0.0099   -0.0047
            Y     0.0095    0.0258   -0.0189   -0.0107    0.0279    0.0226
            Z    -0.0494   -0.0678   -0.0198    0.0459   -0.0341   -0.0298

 FREQ(CM**-1)    737.44    737.44    741.36    741.36    899.32    910.47

 AT.   1 CA X     0.0005    0.0005   -0.0000   -0.0000    0.0000    0.0000
            Y    -0.0029   -0.0029   -0.0020   -0.0020    0.0000    0.0000
            Z     0.0000    0.0000    0.0000    0.0000    0.0054    0.0047
 AT.   2 MG X    -0.0002   -0.0002    0.0009    0.0009    0.0000    0.0000
            Y     0.0008    0.0008   -0.0098   -0.0098    0.0000    0.0000
            Z     0.0000    0.0000    0.0000    0.0000    0.0051   -0.0139
 AT.   3 C  X     0.0320    0.0330    0.0080    0.0361    0.0000    0.0000
            Y    -0.0193    0.0250   -0.0383    0.0232    0.0000    0.0000
            Z     0.0000    0.0000    0.0000    0.0000   -0.0010    0.1733
 AT.   4 C  X     0.0330    0.0320    0.0361    0.0080    0.0000    0.0000
            Y     0.0250   -0.0193    0.0232   -0.0383    0.0000    0.0000
            Z     0.0000    0.0000    0.0000    0.0000    0.1756    0.0017
 AT.   5 O  X     0.0416   -0.0326    0.0626   -0.0330    0.0003   -0.0063
            Y    -0.0390   -0.0727    0.0090   -0.0716   -0.0003   -0.0048
            Z     0.0002   -0.0068    0.0050   -0.0122    0.0005   -0.0518
 AT.   6 O  X    -0.0708   -0.0531   -0.0354   -0.0521    0.0001    0.0073
            Y    -0.0165    0.0481   -0.0478    0.0481    0.0004   -0.0030
            Z     0.0068    0.0060    0.0081    0.0063    0.0005   -0.0518
 AT.   7 O  X     0.0049    0.0618   -0.0356    0.0611   -0.0004   -0.0010
            Y     0.0696    0.0055    0.0655    0.0048   -0.0001    0.0078
            Z    -0.0070    0.0009   -0.0131    0.0059    0.0005   -0.0518
 AT.   8 O  X    -0.0326    0.0416   -0.0330    0.0626   -0.0044    0.0002
            Y    -0.0727   -0.0390   -0.0716    0.0090   -0.0043   -0.0003
            Z    -0.0068    0.0002   -0.0122    0.0050   -0.0509   -0.0002
 AT.   9 O  X    -0.0531   -0.0708   -0.0521   -0.0354    0.0059    0.0001
            Y     0.0481   -0.0165    0.0481   -0.0478   -0.0017    0.0003
            Z     0.0060    0.0068    0.0063    0.0081   -0.0509   -0.0002
 AT.  10 O  X     0.0618    0.0049    0.0611   -0.0356   -0.0015   -0.0003
            Y     0.0055    0.0696    0.0048    0.0655    0.0060   -0.0000
            Z     0.0009   -0.0070    0.0059   -0.0131   -0.0509   -0.0002

 FREQ(CM**-1)   1134.67   1135.70   1476.11   1476.11   1498.76   1498.76

 AT.   1 CA X     0.0000    0.0000   -0.0010   -0.0010    0.0001    0.0001
            Y     0.0000    0.0000    0.0015    0.0015    0.0000    0.0000
            Z     0.0021    0.0020    0.0000    0.0000    0.0000    0.0000
 AT.   2 MG X     0.0000    0.0000   -0.0013   -0.0013    0.0041    0.0041
            Y     0.0000    0.0000   -0.0023   -0.0023   -0.0023   -0.0023
            Z    -0.0016    0.0088    0.0000    0.0000    0.0000    0.0000
 AT.   3 C  X     0.0000    0.0000   -0.0012   -0.0018   -0.0002   -0.0014
            Y     0.0000    0.0000   -0.1241   -0.1235    0.1235   -0.1241
            Z    -0.0002    0.0002    0.0000    0.0000    0.0000    0.0000
 AT.   4 C  X     0.0000    0.0000   -0.0018   -0.0012   -0.0014   -0.0002
            Y     0.0000    0.0000   -0.1235   -0.1241   -0.1241    0.1235
            Z     0.0001   -0.0016    0.0000    0.0000    0.0000    0.0000
 AT.   5 O  X    -0.0797    0.0001   -0.0203   -0.0214    0.0230   -0.0212
            Y     0.0620    0.0002    0.0233    0.0218   -0.0234    0.0245
            Z     0.0015    0.0000    0.0014    0.0010    0.0001    0.0003
 AT.   6 O  X    -0.0139   -0.0002    0.0058    0.0049   -0.0060    0.0070
            Y    -0.1000   -0.0000    0.0505    0.0522   -0.0518    0.0502
            Z     0.0015    0.0000   -0.0015   -0.0011   -0.0005    0.0002
 AT.   7 O  X     0.0936    0.0001    0.0163    0.0181   -0.0162    0.0152
            Y     0.0380   -0.0002    0.0143    0.0142   -0.0125    0.0130
            Z     0.0015    0.0000    0.0001    0.0001    0.0004   -0.0004
 AT.   8 O  X     0.0001   -0.0799   -0.0214   -0.0203   -0.0212    0.0230
            Y     0.0002    0.0615    0.0218    0.0233    0.0245   -0.0234
            Z     0.0000    0.0016    0.0010    0.0014    0.0003    0.0001
 AT.   9 O  X    -0.0002   -0.0133    0.0049    0.0058    0.0070   -0.0060
            Y     0.0000   -0.0999    0.0522    0.0505    0.0502   -0.0518
            Z     0.0000    0.0016   -0.0011   -0.0015    0.0002   -0.0005
 AT.  10 O  X     0.0001    0.0932    0.0181    0.0163    0.0152   -0.0162
            Y    -0.0002    0.0385    0.0142    0.0143    0.0130   -0.0125
            Z     0.0000    0.0016    0.0001    0.0001   -0.0004    0.0004

 TTTTTTTTTTTTTTTTTTTTTTTTTTTTTTTTTTTTTTTTTTTTTTTTTTTTTTTTTTTTTTTTTTTTTTTTTTTTTTT

  THERMODYNAMICAL PROPERTIES ARE CALCULATED AS A SUM OVER   807 MODES



 *******************************************************************************

 HARMONIC VIBRATIONAL CONTRIBUTIONS TO THERMODYNAMIC FUNCTIONS AT GIVEN
 TEMPERATURE AND PRESSURE:

 (EL = ELECTRONIC ENERGY
  E0 = ZERO-POINT ENERGY
  ET = THERMAL CONTRIBUTION TO THE VIBRATIONAL ENERGY
  PV = PRESSURE * VOLUME
  TS = TEMPERATURE * ENTROPY)

                          AU/CELL             EV/CELL                 KJ/MOL
 EL            :   -1405.090106341422  -38234.445595203215    -3689063.55431606
 E0            :       0.040180563118       1.093368708243         105.49405360


 *******************************************************************************

 THERMODYNAMIC FUNCTIONS WITH VIBRATIONAL CONTRIBUTIONS

 AT (T =  298.15 K, P =   0.10132500E+00 MPA):

                          AU/CELL             EV/CELL                 KJ/MOL
 ET            :       0.009466257945       0.257589974291          24.85365673
 PV            :       0.000002424456       0.000065972789           0.00636541
 TS            :       0.016842092298       0.458296630787          44.21890710
 ET+PV-TS      :      -0.007373409898      -0.200640683706         -19.35888496
 EL+E0+ET+PV-TS:   -1405.057299188202  -38233.552867178681    -3688977.41914742

 OTHER THERMODYNAMIC FUNCTIONS:

                      mHARTREE/(CELL*K)     mEV/(CELL*K)              J/(MOL*K)
 ENTROPY       :       0.056488654363       1.537134431618         148.31094113
 HEAT CAPACITY :       0.057205623608       1.556644156628         150.19334362

 *******************************************************************************
 TTTTTTTTTTTTTTTTTTTTTTTTTTTTTT END         TELAPSE  1253186.58 TCPU  1252145.57
 EEEEEEEEEE TERMINATION  DATE 02 01 2025 TIME 18:51:13.0
NODE    0 CPU TIME =   1252145.574
NODE    1 CPU TIME =   1252546.801
NODE    2 CPU TIME =   1252553.850
NODE    3 CPU TIME =   1252582.007
NODE    4 CPU TIME =   1252572.931
NODE    5 CPU TIME =   1252576.601
NODE    6 CPU TIME =   1252596.691
NODE    7 CPU TIME =   1252596.927
NODE    8 CPU TIME =   1252595.588
NODE    9 CPU TIME =   1252605.242
NODE   10 CPU TIME =   1252594.708
NODE   11 CPU TIME =   1252582.006
NODE   12 CPU TIME =   1252590.972
NODE   13 CPU TIME =   1252589.625
NODE   14 CPU TIME =   1252561.626
NODE   15 CPU TIME =   1252575.678
NODE   16 CPU TIME =   1251841.021
NODE   17 CPU TIME =   1252475.017
NODE   18 CPU TIME =   1251940.544
NODE   19 CPU TIME =   1251926.193
NODE   20 CPU TIME =   1251962.724
NODE   21 CPU TIME =   1251887.770
NODE   22 CPU TIME =   1251888.635
NODE   23 CPU TIME =   1251990.919
NODE   24 CPU TIME =   1251802.993
NODE   25 CPU TIME =   1251968.108
NODE   26 CPU TIME =   1251881.784
NODE   27 CPU TIME =   1251983.191
NODE   28 CPU TIME =   1251618.690
NODE   29 CPU TIME =   1251989.931
NODE   30 CPU TIME =   1251869.371
NODE   31 CPU TIME =   1252073.445
    TOTAL CPU TIME =  40071967.162
gio 2 gen 2025, 18:51:15, CET

