###################################################################
# CRYSTAL23 - Pcrystal
# Number of cores requested:  32
# Script started on:          node05
# Temporary directory:        /scratch/users/franellucci/tmp_p731835
#
# Input file:                 dol_pbe0_333scp_v3.d12
spectra with PBE0
CRYSTAL
0 0 0
148
4.83944484    16.38684044
4
20 0.000000000000E+00  0.000000000000E+00  0.000000000000E+00
12 -5.322485695006E-17 -2.661242847503E-17 -5.000000000000E-01
6 3.333333333333E-01 -3.333333333333E-01 -9.120744823239E-02
8 -4.200993023553E-01 -3.672109839635E-01 -9.002829380258E-02
COORPRT
SCELPHONO
3 0 0
0 3 0
0 0 3
FREQCALC
DISPERSI
MODES
ENDFREQ
ENDGEOM
20 7
0 0 8 2. 1.
 191300. 0.0002204
 26970. 0.001925
 5696. 0.01109
 1489.4 0.04995
 448.3 0.17014
 154.62 0.3685
 60.37 0.4034
 25.09 0.1452
0 1 6 8. 1.
 448.6 -0.00575 0.00847
 105.7 -0.0767 0.06027
 34.69 -0.1122 0.2124
 13.50 0.2537 0.3771
 5.820 0.688 0.401
 1.819 0.349 0.198
0 1 5 8. 1.
 20.75 -0.0020 -0.0365
 8.40 -0.1255 -0.0685
 3.597 -0.6960 0.1570
 1.408 1.029 1.482
 0.726 0.944 1.025
0 1 1 2. 1.
 0.453 1. 1.
0 1 1 0. 1.
 0.295 1. 1.
0 3 2 0. 1.
 3.1910 0.160
 0.8683 0.313
0 3 1 0. 1.
 0.2891 0.406
12 5
0 0 8 2.0 1.0
 68370.0 0.0002226
 9661.0 0.001901
 2041.0 0.011042
 529.6 0.05005
 159.17 0.1690
 54.71 0.36695
 21.236 0.4008
 8.791 0.1487
0 1 5 8.0 1.0
 143.7 -0.00671 0.00807
 31.27 -0.07927 0.06401
 9.661 -0.08088 0.2092
 3.726 0.2947 0.3460
 1.598 0.5714 0.3731
0 1 1 2.0 1.0
 0.688 1.0 1.0
0 1 1 0.0 1.0
 0.28 1.0 1.0
0 3 1 0. 1.
 0.500 1.
6 6
0 0 6 2.0 1.00
 0.4563240000D+04 0.1966650000D-02
 0.6820240000D+03 0.1523060000D-01
 0.1549730000D+03 0.7612690000D-01
 0.4445530000D+02 0.2608010000D+00
 0.1302900000D+02 0.6164620000D+00
 0.1827730000D+01 0.2210060000D+00
0 1 3 4.0 1.00
 0.2096420000D+02 0.1146600000D+00 0.4024870000D-01
 0.4803310000D+01 0.9199990000D+00 0.2375940000D+00
 0.1459330000D+01 -0.3030680000D-02 0.8158540000D+00
0 1 1 0.0 1.00
 0.4834560000D+00 0.1000000000D+01 0.1000000000D+01
0 1 1 0.0 1.00
 0.1455850000D+00 0.1000000000D+01 0.1000000000D+01
0 3 1 0.0 1.0
 2.0 .1000000000D+01
0 3 1 0.0 1.0
 0.6 .1000000000D+01
8 6
0 0 8 2.0 1.0
 8020. 0.001080
 1338. 0.008040
 255.4 0.053240
 69.22 0.168100
 23.90 0.358100
 9.264 0.385500
 3.851 0.146800
 1.212 0.072800
0 1 4 6. 1.0
 49.43 -0.008830 0.009580
 10.47 -0.091500 0.069600
 3.235 -0.040200 0.206500
 1.217 0.379000 0.347000
0 1 1 0. 1.0
 0.486 1. 1.
0 1 1 0. 1.0
 0.1925 1. 1.
0 3 1 0. 1.
 2.0 1.
0 3 1 0. 1.
 0.500 1.
99 0
ENDBS
DFT
PBE0
XLGRID
ENDDFT
SCFDIR
MAXCYCLE
200
TOLDEE
10
TOLINTEG
9 9 9 9 18
BIPOSIZE
32000000
EXCHSIZE
32000000
SHRINK
3 3
END
#
###################################################################

mer 18 dic 2024, 09:16:13, CET
 PROCESS           29  OF           32  WORKING
 PROCESS           30  OF           32  WORKING
 PROCESS           17  OF           32  WORKING
 PROCESS           26  OF           32  WORKING
 PROCESS           12  OF           32  WORKING
 PROCESS           19  OF           32  WORKING
 PROCESS           22  OF           32  WORKING
 PROCESS           20  OF           32  WORKING
 PROCESS           11  OF           32  WORKING
 PROCESS           18  OF           32  WORKING
 PROCESS           21  OF           32  WORKING
 PROCESS           23  OF           32  WORKING
 PROCESS           24  OF           32  WORKING
 PROCESS           25  OF           32  WORKING
 PROCESS           27  OF           32  WORKING
 PROCESS            5  OF           32  WORKING
 PROCESS            9  OF           32  WORKING
 PROCESS            8  OF           32  WORKING
 PROCESS           15  OF           32  WORKING
 PROCESS            1  OF           32  WORKING
 PROCESS            2  OF           32  WORKING
 PROCESS            3  OF           32  WORKING
 PROCESS            4  OF           32  WORKING
 PROCESS            6  OF           32  WORKING
 PROCESS            7  OF           32  WORKING
 PROCESS           10  OF           32  WORKING
 PROCESS           14  OF           32  WORKING
 PROCESS            0  OF           32  WORKING
 PROCESS           13  OF           32  WORKING
 PROCESS           28  OF           32  WORKING
 PROCESS           16  OF           32  WORKING
 PROCESS           31  OF           32  WORKING

         
 *******************************************************************************
 *                                                                             *
 *                               CRYSTAL23                                     *
 *                      public : 1.0.1 - October 2022                          *
 *                       HTTP://WWW.CRYSTAL.UNITO.IT                           *
 *                                                                             *
 *                              MAIN AUTHORS                                   *
 *                                                                             *
 *  R. DOVESI(1,11), V.R. SAUNDERS(2), C. ROETTI(1,11), R. ORLANDO(1,11),      *
 *  C.M. ZICOVICH-WILSON(1,3), F. PASCALE(4), B. CIVALLERI(1,11),              *
 *  K. DOLL(5), N.M. HARRISON(6), I.J. BUSH(7), Ph. D'ARCO(8),                 *
 *  M. LLUNELL(9), M. CAUSA'(10), Y. NOEL(8), L. MASCHIO(1,11), A. ERBA(1,11)  *
 *  M. RE'RAT(14), S. CASASSA(1,11), B.G. SEARLE(2), J.K. DESMARAIS(1)         *
 *                                                                             *
 *        CONTRIBUTIONS TO THE CODE HAVE ALSO BEEN GIVEN BY                    *
 *                                                                             *
 *  M. FERRABONE(1,11), M. DE LA PIERRE(1,11), M. FERRERO(1,11),               *
 *  J. BAIMA(1,11), E. ALBANESE(1,11), M.F. PEINTINGER(12), R. BAST(13),       *
 *  B. KIRTMAN(15), V. LACIVITA(1,11), R. DEMICHELIS(1,16)                     *
 *  G. BRANDEBURG(17), S. SALUSTRO(1,11), G. SANSONE(1,11)                     *
 *  M.T. RUGGIERO(18), L.E. DAGA(1), L. DONA'(1), A. COSSARD(1)                *
 *                                                                             *
 * (1) THEORETICAL CHEMISTRY GROUP - UNIVERSITA' DI TORINO - TORINO (ITALY)    *
 * (2) SCIENTIFIC COMPUTING DEPARTMENT - STFC DARESBURY (UK)                   *
 * (3) UNIVERSIDAD AUTONOMA DEL ESTADO DE MORELOS - CUERNAVACA (MEXICO)        *
 * (4) UNIVERSITE' DE LORRAINE - NANCY (FRANCE)                                *
 * (5) UNIVERSITAET STUTTGART- STUTTGART (GERMANY)                             *
 * (6) IMPERIAL COLLEGE - LONDON (UK)                                          *
 * (7) SCIENTIFIC COMPUTING DEPARTMENT - STFC RAL (UK)                         *
 * (8) UPMC - SORBONNE UNIVERSITES - PARIS (FRANCE)                            *
 * (9) UNIVERSIDAD DE BARCELONA - BARCELONA (SPAIN)                            *
 *(10) UNIVERSITA' DI NAPOLI "FEDERICO II" - NAPOLI (ITALY)                    *
 *(11) NIS - NANOSTRUCTURED INTERFACES AND SURFACES - TORINO (ITALY)           *
 *(12) MPI FUER CHEMISCHE ENERGIEKONVERSION - MUELHEIM AN DER RUHR (GERMANY)   *
 *(13) UNIVERSITY OF TROMSO - TROMSO (NORWAY)                                  *
 *(14) UNIVERSITE' DE PAU ET DES PAYS DE L'ADOUR - PAU (FRANCE)                *
 *(15) UNIVERSITY OF CALIFORNIA SANTA BARBARA - SANTA BARBARA (USA)            *
 *(16) CURTIN UNIVERSITY - PERTH (AUSTRALIA)                                   *
 *(17) UNIVERSITY COLLEGE LONDON - LONDON (UK)                                 *
 *(18) UNIVERSITY OF VERMONT - BURLINGTON (USA)                                *
 *                                                                             *
 *******************************************************************************
 EEEEEEEEEE STARTING  DATE 18 12 2024 TIME 09:16:13.6
 spectra with PBE0                                                               

 CRYSTAL CALCULATION
 (INPUT ACCORDING TO THE INTERNATIONAL TABLES FOR X-RAY CRYSTALLOGRAPHY)
 CRYSTAL FAMILY                       :  HEXAGONAL   
 CRYSTAL CLASS  (GROTH - 1921)        :  TRIGONAL RHOMBOHEDRAL                

 SPACE GROUP (CENTROSYMMETRIC)        :  R -3            

 LATTICE PARAMETERS  (ANGSTROMS AND DEGREES) - CONVENTIONAL CELL
        A           B           C        ALPHA        BETA       GAMMA
     4.83944     4.83944    16.38684    90.00000    90.00000   120.00000


 NUMBER OF IRREDUCIBLE ATOMS IN THE CONVENTIONAL CELL:    4

 INPUT COORDINATES

 ATOM AT. N.              COORDINATES
   1  20     0.000000000000E+00  0.000000000000E+00  0.000000000000E+00
   2  12    -5.322485695006E-17 -2.661242847503E-17 -5.000000000000E-01
   3   6     3.333333333333E-01 -3.333333333333E-01 -9.120744823239E-02
   4   8    -4.200993023553E-01 -3.672109839635E-01 -9.002829380258E-02

 *******************************************************************************

 << INFORMATION >>: FROM NOW ON, ALL COORDINATES REFER TO THE PRIMITIVE CELL

 *******************************************************************************

 LATTICE PARAMETERS  (ANGSTROMS AND DEGREES) - PRIMITIVE CELL
       A          B          C        ALPHA      BETA     GAMMA        VOLUME
    6.13541    6.13541    6.13541    46.45543  46.45543  46.45543    110.788757

 COORDINATES OF THE EQUIVALENT ATOMS (FRACTIONAL UNITS)

 N. ATOM EQUIV AT. N.          X                  Y                  Z

   1   1   1   20 CA    0.00000000000E+00  0.00000000000E+00  0.00000000000E+00

   2   2   1   12 MG    5.00000000000E-01  5.00000000000E-01  5.00000000000E-01

   3   3   1    6 C     2.42125885101E-01  2.42125885101E-01  2.42125885101E-01
   4   3   2    6 C    -2.42125885101E-01 -2.42125885101E-01 -2.42125885101E-01

   5   4   1    8 O     4.89872403842E-01 -3.71399754108E-02  2.77182690161E-01
   6   4   2    8 O     2.77182690161E-01  4.89872403842E-01 -3.71399754108E-02
   7   4   3    8 O    -3.71399754108E-02  2.77182690161E-01  4.89872403842E-01
   8   4   4    8 O    -4.89872403842E-01  3.71399754108E-02 -2.77182690161E-01
   9   4   5    8 O    -2.77182690161E-01 -4.89872403842E-01  3.71399754108E-02
  10   4   6    8 O     3.71399754108E-02 -2.77182690161E-01 -4.89872403842E-01

 NUMBER OF SYMMETRY OPERATORS         :    6
 *******************************************************************************
 * GEOMETRY EDITING - INPUT COORDINATES ARE GIVEN IN ANGSTROM         
 *******************************************************************************

 GEOMETRY NOW FULLY CONSISTENT WITH THE GROUP
 *******************************************************************************
 LATTICE PARAMETERS (ANGSTROMS AND DEGREES) - BOHR = 0.5291772083 ANGSTROM
 PRIMITIVE CELL - CENTRING CODE 7/0 VOLUME=   110.788757 - DENSITY  2.757 g/cm^3
         A              B              C           ALPHA      BETA       GAMMA 
     6.13540924     6.13540924     6.13540924    46.455431  46.455431  46.455431
 *******************************************************************************
 ATOMS IN THE ASYMMETRIC UNIT    4 - ATOMS IN THE UNIT CELL:   10
     ATOM                 X/A                 Y/B                 Z/C    
 *******************************************************************************
      1 T  20 CA    0.000000000000E+00  0.000000000000E+00  0.000000000000E+00
      2 T  12 MG   -5.000000000000E-01 -5.000000000000E-01 -5.000000000000E-01
      3 T   6 C     2.421258851009E-01  2.421258851009E-01  2.421258851009E-01
      4 F   6 C    -2.421258851009E-01 -2.421258851009E-01 -2.421258851009E-01
      5 T   8 O     4.898724038421E-01 -3.713997541078E-02  2.771826901609E-01
      6 F   8 O     2.771826901609E-01  4.898724038421E-01 -3.713997541078E-02
      7 F   8 O    -3.713997541078E-02  2.771826901609E-01  4.898724038421E-01
      8 F   8 O    -4.898724038421E-01  3.713997541078E-02 -2.771826901609E-01
      9 F   8 O    -2.771826901609E-01 -4.898724038421E-01  3.713997541078E-02
     10 F   8 O     3.713997541078E-02 -2.771826901609E-01 -4.898724038421E-01

 TRANSFORMATION MATRIX PRIMITIVE-CRYSTALLOGRAPHIC CELL
  1.0000  0.0000  1.0000 -1.0000  1.0000  1.0000  0.0000 -1.0000  1.0000

 *******************************************************************************
 CRYSTALLOGRAPHIC CELL (VOLUME=        332.36627131)
         A              B              C           ALPHA      BETA       GAMMA 
     4.83944484     4.83944484    16.38684044    90.000000  90.000000 120.000000

 COORDINATES IN THE CRYSTALLOGRAPHIC CELL
     ATOM                 X/A                 Y/B                 Z/C    
 *******************************************************************************
      1 T  20 CA    0.000000000000E+00  0.000000000000E+00  0.000000000000E+00
      2 T  12 MG   -3.333333333333E-01  3.333333333333E-01 -1.666666666667E-01
      3 T   6 C     3.333333333333E-01 -3.333333333333E-01 -9.120744823239E-02
      4 F   6 C    -3.333333333333E-01  3.333333333333E-01  9.120744823239E-02
      5 T   8 O    -4.200993023553E-01 -3.672109839635E-01 -9.002829380258E-02
      6 F   8 O     3.672109839635E-01 -5.288831839180E-02 -9.002829380258E-02
      7 F   8 O     5.288831839180E-02  4.200993023553E-01 -9.002829380258E-02
      8 F   8 O     4.200993023553E-01  3.672109839635E-01  9.002829380258E-02
      9 F   8 O    -3.672109839635E-01  5.288831839180E-02  9.002829380258E-02
     10 F   8 O    -5.288831839180E-02 -4.200993023553E-01  9.002829380258E-02

 T = ATOM BELONGING TO THE ASYMMETRIC UNIT

 NO SYMMOPS WITH FINITE TRANSLATIONAL COMPONENT

 GCALCO - MAX INDICES DIRECT LATTICE VECTOR    14    14    14
 NO.OF VECTORS CREATED 6999 STARS  515 RMAX    57.00643 BOHR

 *******************************************************************************
 * SUPERCELL OPTION
 *******************************************************************************


        EXPANSION MATRIX OF PRIMITIVE CELL
 E1     3.000     0.000     0.000
 E2     0.000     3.000     0.000
 E3     0.000     0.000     3.000

 NUMBER OF ATOMS PER SUPERCELL   270

        DIRECT LATTICE VECTORS COMPONENTS (ANGSTROM)
 B1     8.382    -0.000    16.387
 B2    -4.191     7.259    16.387
 B3    -4.191    -7.259    16.387

 LATTICE PARAMETERS  (ANGSTROM AND DEGREES)
       A          B          C         ALPHA     BETA     GAMMA        VOLUME
   18.40623   18.40623   18.40623    46.45543  46.45543  46.45543   2991.296442


 **** ATOMS BELONGING TO THE SUPERCELL
 LABEL AT.NO.      COORDINATES (ANGSTROM AND FRACTIONAL)
     1    20     0.0000     0.0000     0.0000     0.0000     0.0000     0.0000
     2    20    -1.3970    -2.4197     5.4623     0.0000    -0.0000     0.3333
     3    20     1.3970     2.4197    -5.4623     0.0000    -0.0000    -0.3333
     4    20    -1.3970     2.4197     5.4623     0.0000     0.3333    -0.0000
     5    20    -2.7941    -0.0000    10.9246     0.0000     0.3333     0.3333
     6    20    -0.0000     4.8394     0.0000     0.0000     0.3333    -0.3333
     7    20     1.3970    -2.4197    -5.4623     0.0000    -0.3333    -0.0000
     8    20    -0.0000    -4.8394     0.0000     0.0000    -0.3333     0.3333
     9    20     2.7941    -0.0000   -10.9246     0.0000    -0.3333    -0.3333
    10    20     2.7941    -0.0000     5.4623     0.3333    -0.0000    -0.0000
    11    20     1.3970    -2.4197    10.9246     0.3333    -0.0000     0.3333
    12    20     4.1911     2.4197     0.0000     0.3333    -0.0000    -0.3333
    13    20     1.3970     2.4197    10.9246     0.3333     0.3333    -0.0000
    14    20     0.0000     0.0000    16.3868     0.3333     0.3333     0.3333
    15    20     2.7941     4.8394     5.4623     0.3333     0.3333    -0.3333
    16    20     4.1911    -2.4197     0.0000     0.3333    -0.3333    -0.0000
    17    20     2.7941    -4.8394     5.4623     0.3333    -0.3333     0.3333
    18    20     5.5881     0.0000    -5.4623     0.3333    -0.3333    -0.3333
    19    20    -2.7941     0.0000    -5.4623    -0.3333    -0.0000    -0.0000
    20    20    -4.1911    -2.4197     0.0000    -0.3333    -0.0000     0.3333
    21    20    -1.3970     2.4197   -10.9246    -0.3333    -0.0000    -0.3333
    22    20    -4.1911     2.4197     0.0000    -0.3333     0.3333    -0.0000
    23    20    -5.5881    -0.0000     5.4623    -0.3333     0.3333     0.3333
    24    20    -2.7941     4.8394    -5.4623    -0.3333     0.3333    -0.3333
    25    20    -1.3970    -2.4197   -10.9246    -0.3333    -0.3333    -0.0000
    26    20    -2.7941    -4.8394    -5.4623    -0.3333    -0.3333     0.3333
    27    20     0.0000     0.0000   -16.3868    -0.3333    -0.3333    -0.3333
    28    12     0.0000    -0.0000     8.1934     0.1667     0.1667     0.1667
    29    12     2.7941     4.8394    -2.7311     0.1667     0.1667    -0.5000
    30    12     1.3970     2.4197     2.7311     0.1667     0.1667    -0.1667
    31    12     2.7941    -4.8394    -2.7311     0.1667    -0.5000     0.1667
    32    12    -2.7941    -0.0000    19.1180     0.1667     0.5000     0.5000
    33    12     4.1911    -2.4197    -8.1934     0.1667    -0.5000    -0.1667
    34    12     1.3970    -2.4197     2.7311     0.1667    -0.1667     0.1667
    35    12     0.0000    -4.8394     8.1934     0.1667    -0.1667     0.5000
    36    12     2.7941    -0.0000    -2.7311     0.1667    -0.1667    -0.1667
    37    12    -5.5881     0.0000    -2.7311    -0.5000     0.1667     0.1667
    38    12    -6.9851    -2.4197     2.7311    -0.5000     0.1667     0.5000
    39    12    -4.1911     2.4197    -8.1934    -0.5000     0.1667    -0.1667
    40    12    -6.9851     2.4197     2.7311    -0.5000     0.5000     0.1667
    41    12    -8.3822    -0.0000     8.1934    -0.5000     0.5000     0.5000
    42    12    -5.5881     4.8394    -2.7311    -0.5000     0.5000    -0.1667
    43    12    -4.1911    -2.4197    -8.1934    -0.5000    -0.1667     0.1667
    44    12    -1.3970     2.4197   -19.1180    -0.5000    -0.1667    -0.5000
    45    12    -2.7941     0.0000   -13.6557    -0.5000    -0.1667    -0.1667
    46    12    -2.7941    -0.0000     2.7311    -0.1667     0.1667     0.1667
    47    12    -4.1911    -2.4197     8.1934    -0.1667     0.1667     0.5000
    48    12    -1.3970     2.4197    -2.7311    -0.1667     0.1667    -0.1667
    49    12    -4.1911     2.4197     8.1934    -0.1667     0.5000     0.1667
    50    12    -5.5881    -0.0000    13.6557    -0.1667     0.5000     0.5000
    51    12    -2.7941     4.8394     2.7311    -0.1667     0.5000    -0.1667
    52    12    -1.3970    -2.4197    -2.7311    -0.1667    -0.1667     0.1667
    53    12    -2.7941    -4.8394     2.7311    -0.1667    -0.1667     0.5000
    54    12     0.0000    -0.0000    -8.1934    -0.1667    -0.1667    -0.1667
    55     6    -2.7941    -0.0000    -1.4946    -0.2526     0.0807     0.0807
    56     6    -4.1911    -2.4197     3.9677    -0.2526     0.0807     0.4140
    57     6    -1.3970     2.4197    -6.9569    -0.2526     0.0807    -0.2526
    58     6    -4.1911     2.4197     3.9677    -0.2526     0.4140     0.0807
    59     6    -5.5881     0.0000     9.4300    -0.2526     0.4140     0.4140
    60     6    -2.7941     4.8394    -1.4946    -0.2526     0.4140    -0.2526
    61     6    -1.3970    -2.4197    -6.9569    -0.2526    -0.2526     0.0807
    62     6    -2.7941    -4.8394    -1.4946    -0.2526    -0.2526     0.4140
    63     6     0.0000     0.0000   -12.4192    -0.2526    -0.2526    -0.2526
    64     6     0.0000    -0.0000     3.9677     0.0807     0.0807     0.0807
    65     6    -1.3970    -2.4197     9.4300     0.0807     0.0807     0.4140
    66     6     1.3970     2.4197    -1.4946     0.0807     0.0807    -0.2526
    67     6    -1.3970     2.4197     9.4300     0.0807     0.4140     0.0807
    68     6    -2.7941     0.0000    14.8922     0.0807     0.4140     0.4140
    69     6     0.0000     4.8394     3.9677     0.0807     0.4140    -0.2526
    70     6     1.3970    -2.4197    -1.4946     0.0807    -0.2526     0.0807
    71     6     0.0000    -4.8394     3.9677     0.0807    -0.2526     0.4140
    72     6     2.7941    -0.0000    -6.9569     0.0807    -0.2526    -0.2526
    73     6     2.7941    -0.0000     9.4300     0.4140     0.0807     0.0807
    74     6     1.3970    -2.4197    14.8922     0.4140     0.0807     0.4140
    75     6     4.1911     2.4197     3.9677     0.4140     0.0807    -0.2526
    76     6     1.3970     2.4197    14.8922     0.4140     0.4140     0.0807
    77     6     0.0000    -0.0000    20.3545     0.4140     0.4140     0.4140
    78     6     2.7941     4.8394     9.4300     0.4140     0.4140    -0.2526
    79     6     4.1911    -2.4197     3.9677     0.4140    -0.2526     0.0807
    80     6     2.7941    -4.8394     9.4300     0.4140    -0.2526     0.4140
    81     6     5.5881    -0.0000    -1.4946     0.4140    -0.2526    -0.2526
    82     6    -1.3970    -2.4197     1.4946    -0.0807    -0.0807     0.2526
    83     6     1.3970     2.4197    -9.4300    -0.0807    -0.0807    -0.4140
    84     6    -0.0000    -0.0000    -3.9677    -0.0807    -0.0807    -0.0807
    85     6    -2.7941     0.0000     6.9569    -0.0807     0.2526     0.2526
    86     6     0.0000     4.8394    -3.9677    -0.0807     0.2526    -0.4140
    87     6    -1.3970     2.4197     1.4946    -0.0807     0.2526    -0.0807
    88     6    -0.0000    -4.8394    -3.9677    -0.0807    -0.4140     0.2526
    89     6     2.7941    -0.0000   -14.8922    -0.0807    -0.4140    -0.4140
    90     6     1.3970    -2.4197    -9.4300    -0.0807    -0.4140    -0.0807
    91     6     1.3970    -2.4197     6.9569     0.2526    -0.0807     0.2526
    92     6     4.1911     2.4197    -3.9677     0.2526    -0.0807    -0.4140
    93     6     2.7941    -0.0000     1.4946     0.2526    -0.0807    -0.0807
    94     6     0.0000    -0.0000    12.4192     0.2526     0.2526     0.2526
    95     6     2.7941     4.8394     1.4946     0.2526     0.2526    -0.4140
    96     6     1.3970     2.4197     6.9569     0.2526     0.2526    -0.0807
    97     6     2.7941    -4.8394     1.4946     0.2526    -0.4140     0.2526
    98     6     5.5881    -0.0000    -9.4300     0.2526    -0.4140    -0.4140
    99     6     4.1911    -2.4197    -3.9677     0.2526    -0.4140    -0.0807
   100     6    -4.1911    -2.4197    -3.9677    -0.4140    -0.0807     0.2526
   101     6    -1.3970     2.4197   -14.8922    -0.4140    -0.0807    -0.4140
   102     6    -2.7941    -0.0000    -9.4300    -0.4140    -0.0807    -0.0807
   103     6    -5.5881     0.0000     1.4946    -0.4140     0.2526     0.2526
   104     6    -2.7941     4.8394    -9.4300    -0.4140     0.2526    -0.4140
   105     6    -4.1911     2.4197    -3.9677    -0.4140     0.2526    -0.0807
   106     6    -2.7941    -4.8394    -9.4300    -0.4140    -0.4140     0.2526
   107     6     0.0000     0.0000   -20.3545    -0.4140    -0.4140    -0.4140
   108     6    -1.3970    -2.4197   -14.8922    -0.4140    -0.4140    -0.0807
   109     8    -1.7607    -0.7606    -1.4753    -0.1700    -0.0124     0.0924
   110     8    -3.1577    -3.1803     3.9870    -0.1700    -0.0124     0.4257
   111     8    -0.3636     1.6591    -6.9376    -0.1700    -0.0124    -0.2409
   112     8    -3.1577     1.6591     3.9870    -0.1700     0.3210     0.0924
   113     8    -4.5547    -0.7606     9.4493    -0.1700     0.3210     0.4257
   114     8    -1.7607     4.0789    -1.4753    -0.1700     0.3210    -0.2409
   115     8    -0.3636    -3.1803    -6.9376    -0.1700    -0.3457     0.0924
   116     8    -1.7607    -5.6000    -1.4753    -0.1700    -0.3457     0.4257
   117     8     1.0334    -0.7606   -12.3998    -0.1700    -0.3457    -0.2409
   118     8     1.0334    -0.7606     3.9870     0.1633    -0.0124     0.0924
   119     8    -0.3636    -3.1803     9.4493     0.1633    -0.0124     0.4257
   120     8     2.4304     1.6591    -1.4753     0.1633    -0.0124    -0.2409
   121     8    -0.3636     1.6591     9.4493     0.1633     0.3210     0.0924
   122     8    -1.7607    -0.7606    14.9116     0.1633     0.3210     0.4257
   123     8     1.0334     4.0789     3.9870     0.1633     0.3210    -0.2409
   124     8     2.4304    -3.1803    -1.4753     0.1633    -0.3457     0.0924
   125     8     1.0334    -5.6000     3.9870     0.1633    -0.3457     0.4257
   126     8     3.8274    -0.7606    -6.9376     0.1633    -0.3457    -0.2409
   127     8     3.8274    -0.7606     9.4493     0.4966    -0.0124     0.0924
   128     8     2.4304    -3.1803    14.9116     0.4966    -0.0124     0.4257
   129     8     5.2245     1.6591     3.9870     0.4966    -0.0124    -0.2409
   130     8     2.4304     1.6591    14.9116     0.4966     0.3210     0.0924
   131     8     1.0334    -0.7606    20.3738     0.4966     0.3210     0.4257
   132     8     3.8274     4.0789     9.4493     0.4966     0.3210    -0.2409
   133     8     5.2245    -3.1803     3.9870     0.4966    -0.3457     0.0924
   134     8     3.8274    -5.6000     9.4493     0.4966    -0.3457     0.4257
   135     8     6.6215    -0.7606    -1.4753     0.4966    -0.3457    -0.2409
   136     8     1.5390    -1.1445    -1.4753     0.0924    -0.1700    -0.0124
   137     8     0.1420    -3.5642     3.9870     0.0924    -0.1700     0.3210
   138     8     2.9360     1.2752    -6.9376     0.0924    -0.1700    -0.3457
   139     8     0.1420     1.2752     3.9870     0.0924     0.1633    -0.0124
   140     8    -1.2550    -1.1445     9.4493     0.0924     0.1633     0.3210
   141     8     1.5390     3.6949    -1.4753     0.0924     0.1633    -0.3457
   142     8    -1.2550     3.6949     9.4493     0.0924     0.4966    -0.0124
   143     8    -2.6521     1.2752    14.9116     0.0924     0.4966     0.3210
   144     8     0.1420     6.1147     3.9870     0.0924     0.4966    -0.3457
   145     8     4.3331    -1.1445     3.9870     0.4257    -0.1700    -0.0124
   146     8     2.9360    -3.5642     9.4493     0.4257    -0.1700     0.3210
   147     8     5.7301     1.2752    -1.4753     0.4257    -0.1700    -0.3457
   148     8     2.9360     1.2752     9.4493     0.4257     0.1633    -0.0124
   149     8     1.5390    -1.1445    14.9116     0.4257     0.1633     0.3210
   150     8     4.3331     3.6949     3.9870     0.4257     0.1633    -0.3457
   151     8     1.5390     3.6949    14.9116     0.4257     0.4966    -0.0124
   152     8     0.1420     1.2752    20.3738     0.4257     0.4966     0.3210
   153     8     2.9360     6.1147     9.4493     0.4257     0.4966    -0.3457
   154     8    -1.2550    -1.1445    -6.9376    -0.2409    -0.1700    -0.0124
   155     8    -2.6521    -3.5642    -1.4753    -0.2409    -0.1700     0.3210
   156     8     0.1420     1.2752   -12.3998    -0.2409    -0.1700    -0.3457
   157     8    -2.6521     1.2752    -1.4753    -0.2409     0.1633    -0.0124
   158     8    -4.0491    -1.1445     3.9870    -0.2409     0.1633     0.3210
   159     8    -1.2550     3.6949    -6.9376    -0.2409     0.1633    -0.3457
   160     8    -4.0491     3.6949     3.9870    -0.2409     0.4966    -0.0124
   161     8    -5.4461     1.2752     9.4493    -0.2409     0.4966     0.3210
   162     8    -2.6521     6.1147    -1.4753    -0.2409     0.4966    -0.3457
   163     8     0.2217     1.9051    -1.4753    -0.0124     0.0924    -0.1700
   164     8    -1.1754    -0.5147     3.9870    -0.0124     0.0924     0.1633
   165     8    -2.5724    -2.9344     9.4493    -0.0124     0.0924     0.4966
   166     8    -1.1754     4.3248     3.9870    -0.0124     0.4257    -0.1700
   167     8    -2.5724     1.9051     9.4493    -0.0124     0.4257     0.1633
   168     8    -3.9694    -0.5147    14.9116    -0.0124     0.4257     0.4966
   169     8     1.6187    -0.5147    -6.9376    -0.0124    -0.2409    -0.1700
   170     8     0.2217    -2.9344    -1.4753    -0.0124    -0.2409     0.1633
   171     8    -1.1754    -5.3541     3.9870    -0.0124    -0.2409     0.4966
   172     8     3.0157     1.9051     3.9870     0.3210     0.0924    -0.1700
   173     8     1.6187    -0.5147     9.4493     0.3210     0.0924     0.1633
   174     8     0.2217    -2.9344    14.9116     0.3210     0.0924     0.4966
   175     8     1.6187     4.3248     9.4493     0.3210     0.4257    -0.1700
   176     8     0.2217     1.9051    14.9116     0.3210     0.4257     0.1633
   177     8    -1.1754    -0.5147    20.3738     0.3210     0.4257     0.4966
   178     8     4.4127    -0.5147    -1.4753     0.3210    -0.2409    -0.1700
   179     8     3.0157    -2.9344     3.9870     0.3210    -0.2409     0.1633
   180     8     1.6187    -5.3541     9.4493     0.3210    -0.2409     0.4966
   181     8    -2.5724     1.9051    -6.9376    -0.3457     0.0924    -0.1700
   182     8    -3.9694    -0.5147    -1.4753    -0.3457     0.0924     0.1633
   183     8    -5.3665    -2.9344     3.9870    -0.3457     0.0924     0.4966
   184     8    -3.9694     4.3248    -1.4753    -0.3457     0.4257    -0.1700
   185     8    -5.3665     1.9051     3.9870    -0.3457     0.4257     0.1633
   186     8    -6.7635    -0.5147     9.4493    -0.3457     0.4257     0.4966
   187     8    -1.1754    -0.5147   -12.3998    -0.3457    -0.2409    -0.1700
   188     8    -2.5724    -2.9344    -6.9376    -0.3457    -0.2409     0.1633
   189     8    -3.9694    -5.3541    -1.4753    -0.3457    -0.2409     0.4966
   190     8     1.7607     0.7606     1.4753     0.1700     0.0124    -0.0924
   191     8     0.3636    -1.6591     6.9376     0.1700     0.0124     0.2409
   192     8     3.1577     3.1803    -3.9870     0.1700     0.0124    -0.4257
   193     8     0.3636     3.1803     6.9376     0.1700     0.3457    -0.0924
   194     8    -1.0334     0.7606    12.3998     0.1700     0.3457     0.2409
   195     8     1.7607     5.6000     1.4753     0.1700     0.3457    -0.4257
   196     8     3.1577    -1.6591    -3.9870     0.1700    -0.3210    -0.0924
   197     8     1.7607    -4.0789     1.4753     0.1700    -0.3210     0.2409
   198     8     4.5547     0.7606    -9.4493     0.1700    -0.3210    -0.4257
   199     8    -3.8274     0.7606    -9.4493    -0.4966     0.0124    -0.0924
   200     8    -5.2245    -1.6591    -3.9870    -0.4966     0.0124     0.2409
   201     8    -2.4304     3.1803   -14.9116    -0.4966     0.0124    -0.4257
   202     8    -5.2245     3.1803    -3.9870    -0.4966     0.3457    -0.0924
   203     8    -6.6215     0.7606     1.4753    -0.4966     0.3457     0.2409
   204     8    -3.8274     5.6000    -9.4493    -0.4966     0.3457    -0.4257
   205     8    -2.4304    -1.6591   -14.9116    -0.4966    -0.3210    -0.0924
   206     8    -3.8274    -4.0789    -9.4493    -0.4966    -0.3210     0.2409
   207     8    -1.0334     0.7606   -20.3738    -0.4966    -0.3210    -0.4257
   208     8    -1.0334     0.7606    -3.9870    -0.1633     0.0124    -0.0924
   209     8    -2.4304    -1.6591     1.4753    -0.1633     0.0124     0.2409
   210     8     0.3636     3.1803    -9.4493    -0.1633     0.0124    -0.4257
   211     8    -2.4304     3.1803     1.4753    -0.1633     0.3457    -0.0924
   212     8    -3.8274     0.7606     6.9376    -0.1633     0.3457     0.2409
   213     8    -1.0334     5.6000    -3.9870    -0.1633     0.3457    -0.4257
   214     8     0.3636    -1.6591    -9.4493    -0.1633    -0.3210    -0.0924
   215     8    -1.0334    -4.0789    -3.9870    -0.1633    -0.3210     0.2409
   216     8     1.7607     0.7606   -14.9116    -0.1633    -0.3210    -0.4257
   217     8    -1.5390     1.1445     1.4753    -0.0924     0.1700     0.0124
   218     8    -2.9360    -1.2752     6.9376    -0.0924     0.1700     0.3457
   219     8    -0.1420     3.5642    -3.9870    -0.0924     0.1700    -0.3210
   220     8     1.2550    -3.6949    -9.4493    -0.0924    -0.4966     0.0124
   221     8    -0.1420    -6.1147    -3.9870    -0.0924    -0.4966     0.3457
   222     8     2.6521    -1.2752   -14.9116    -0.0924    -0.4966    -0.3210
   223     8    -0.1420    -1.2752    -3.9870    -0.0924    -0.1633     0.0124
   224     8    -1.5390    -3.6949     1.4753    -0.0924    -0.1633     0.3457
   225     8     1.2550     1.1445    -9.4493    -0.0924    -0.1633    -0.3210
   226     8     1.2550     1.1445     6.9376     0.2409     0.1700     0.0124
   227     8    -0.1420    -1.2752    12.3998     0.2409     0.1700     0.3457
   228     8     2.6521     3.5642     1.4753     0.2409     0.1700    -0.3210
   229     8     4.0491    -3.6949    -3.9870     0.2409    -0.4966     0.0124
   230     8     2.6521    -6.1147     1.4753     0.2409    -0.4966     0.3457
   231     8     5.4461    -1.2752    -9.4493     0.2409    -0.4966    -0.3210
   232     8     2.6521    -1.2752     1.4753     0.2409    -0.1633     0.0124
   233     8     1.2550    -3.6949     6.9376     0.2409    -0.1633     0.3457
   234     8     4.0491     1.1445    -3.9870     0.2409    -0.1633    -0.3210
   235     8    -4.3331     1.1445    -3.9870    -0.4257     0.1700     0.0124
   236     8    -5.7301    -1.2752     1.4753    -0.4257     0.1700     0.3457
   237     8    -2.9360     3.5642    -9.4493    -0.4257     0.1700    -0.3210
   238     8    -1.5390    -3.6949   -14.9116    -0.4257    -0.4966     0.0124
   239     8    -2.9360    -6.1147    -9.4493    -0.4257    -0.4966     0.3457
   240     8    -0.1420    -1.2752   -20.3738    -0.4257    -0.4966    -0.3210
   241     8    -2.9360    -1.2752    -9.4493    -0.4257    -0.1633     0.0124
   242     8    -4.3331    -3.6949    -3.9870    -0.4257    -0.1633     0.3457
   243     8    -1.5390     1.1445   -14.9116    -0.4257    -0.1633    -0.3210
   244     8    -0.2217    -1.9051     1.4753     0.0124    -0.0924     0.1700
   245     8     2.5724     2.9344    -9.4493     0.0124    -0.0924    -0.4966
   246     8     1.1754     0.5147    -3.9870     0.0124    -0.0924    -0.1633
   247     8    -1.6187     0.5147     6.9376     0.0124     0.2409     0.1700
   248     8     1.1754     5.3541    -3.9870     0.0124     0.2409    -0.4966
   249     8    -0.2217     2.9344     1.4753     0.0124     0.2409    -0.1633
   250     8     1.1754    -4.3248    -3.9870     0.0124    -0.4257     0.1700
   251     8     3.9694     0.5147   -14.9116     0.0124    -0.4257    -0.4966
   252     8     2.5724    -1.9051    -9.4493     0.0124    -0.4257    -0.1633
   253     8     2.5724    -1.9051     6.9376     0.3457    -0.0924     0.1700
   254     8     5.3665     2.9344    -3.9870     0.3457    -0.0924    -0.4966
   255     8     3.9694     0.5147     1.4753     0.3457    -0.0924    -0.1633
   256     8     1.1754     0.5147    12.3998     0.3457     0.2409     0.1700
   257     8     3.9694     5.3541     1.4753     0.3457     0.2409    -0.4966
   258     8     2.5724     2.9344     6.9376     0.3457     0.2409    -0.1633
   259     8     3.9694    -4.3248     1.4753     0.3457    -0.4257     0.1700
   260     8     6.7635     0.5147    -9.4493     0.3457    -0.4257    -0.4966
   261     8     5.3665    -1.9051    -3.9870     0.3457    -0.4257    -0.1633
   262     8    -3.0157    -1.9051    -3.9870    -0.3210    -0.0924     0.1700
   263     8    -0.2217     2.9344   -14.9116    -0.3210    -0.0924    -0.4966
   264     8    -1.6187     0.5147    -9.4493    -0.3210    -0.0924    -0.1633
   265     8    -4.4127     0.5147     1.4753    -0.3210     0.2409     0.1700
   266     8    -1.6187     5.3541    -9.4493    -0.3210     0.2409    -0.4966
   267     8    -3.0157     2.9344    -3.9870    -0.3210     0.2409    -0.1633
   268     8    -1.6187    -4.3248    -9.4493    -0.3210    -0.4257     0.1700
   269     8     1.1754     0.5147   -20.3738    -0.3210    -0.4257    -0.4966
   270     8    -0.2217    -1.9051   -14.9116    -0.3210    -0.4257    -0.1633

 **************************** SUPERCELL GENERATED ****************************

 **** ATOMS IN THE SUPERCELL REORDERED FOR PHONON CALCULATION
      ATOMS IN THE SMALL CELL ON TOP

 LABEL AT.NO.      COORDINATES (ANGSTROM)
     1    20     0.0000     0.0000     0.0000
     2    12     0.0000    -0.0000     8.1934
     3     6    -2.7941    -0.0000    -1.4946
     4     6    -1.3970    -2.4197     1.4946
     5     8    -1.7607    -0.7606    -1.4753
     6     8     1.5390    -1.1445    -1.4753
     7     8     0.2217     1.9051    -1.4753
     8     8     1.7607     0.7606     1.4753
     9     8    -1.5390     1.1445     1.4753
    10     8    -0.2217    -1.9051     1.4753
    11    20     1.3970    -2.4197    10.9246
    12    20     4.1911     2.4197     0.0000
    13    20     1.3970     2.4197    10.9246
    14    20     0.0000     0.0000    16.3868
    15    20     2.7941     4.8394     5.4623
    16    20     4.1911    -2.4197     0.0000
    17    20     2.7941    -4.8394     5.4623
    18    20     5.5881     0.0000    -5.4623
    19    20    -2.7941     0.0000    -5.4623
    20    20    -4.1911    -2.4197     0.0000
    21    20    -1.3970     2.4197   -10.9246
    22    20    -4.1911     2.4197     0.0000
    23    20    -5.5881     0.0000     5.4623
    24    20    -2.7941     4.8394    -5.4623
    25    20    -1.3970    -2.4197   -10.9246
    26    20    -2.7941    -4.8394    -5.4623
    27    20     0.0000     0.0000   -16.3868
    28    20    -1.3970    -2.4197     5.4623
    29    12     2.7941     4.8394    -2.7311
    30    12     1.3970     2.4197     2.7311
    31    12     2.7941    -4.8394    -2.7311
    32    12    -2.7941     0.0000    19.1180
    33    12     4.1911    -2.4197    -8.1934
    34    12     1.3970    -2.4197     2.7311
    35    12     0.0000    -4.8394     8.1934
    36    12     2.7941    -0.0000    -2.7311
    37    12    -5.5881     0.0000    -2.7311
    38    12    -6.9851    -2.4197     2.7311
    39    12    -4.1911     2.4197    -8.1934
    40    12    -6.9851     2.4197     2.7311
    41    12    -8.3822    -0.0000     8.1934
    42    12    -5.5881     4.8394    -2.7311
    43    12    -4.1911    -2.4197    -8.1934
    44    12    -1.3970     2.4197   -19.1180
    45    12    -2.7941     0.0000   -13.6557
    46    12    -2.7941    -0.0000     2.7311
    47    12    -4.1911    -2.4197     8.1934
    48    12    -1.3970     2.4197    -2.7311
    49    12    -4.1911     2.4197     8.1934
    50    12    -5.5881    -0.0000    13.6557
    51    12    -2.7941     4.8394     2.7311
    52    12    -1.3970    -2.4197    -2.7311
    53    12    -2.7941    -4.8394     2.7311
    54    12     0.0000    -0.0000    -8.1934
    55    20     1.3970     2.4197    -5.4623
    56     6    -4.1911    -2.4197     3.9677
    57     6    -1.3970     2.4197    -6.9569
    58     6    -4.1911     2.4197     3.9677
    59     6    -5.5881     0.0000     9.4300
    60     6    -2.7941     4.8394    -1.4946
    61     6    -1.3970    -2.4197    -6.9569
    62     6    -2.7941    -4.8394    -1.4946
    63     6     0.0000     0.0000   -12.4192
    64     6     0.0000    -0.0000     3.9677
    65     6    -1.3970    -2.4197     9.4300
    66     6     1.3970     2.4197    -1.4946
    67     6    -1.3970     2.4197     9.4300
    68     6    -2.7941     0.0000    14.8922
    69     6     0.0000     4.8394     3.9677
    70     6     1.3970    -2.4197    -1.4946
    71     6     0.0000    -4.8394     3.9677
    72     6     2.7941    -0.0000    -6.9569
    73     6     2.7941    -0.0000     9.4300
    74     6     1.3970    -2.4197    14.8922
    75     6     4.1911     2.4197     3.9677
    76     6     1.3970     2.4197    14.8922
    77     6     0.0000    -0.0000    20.3545
    78     6     2.7941     4.8394     9.4300
    79     6     4.1911    -2.4197     3.9677
    80     6     2.7941    -4.8394     9.4300
    81     6     5.5881    -0.0000    -1.4946
    82    20    -1.3970     2.4197     5.4623
    83     6     1.3970     2.4197    -9.4300
    84     6    -0.0000    -0.0000    -3.9677
    85     6    -2.7941     0.0000     6.9569
    86     6     0.0000     4.8394    -3.9677
    87     6    -1.3970     2.4197     1.4946
    88     6     0.0000    -4.8394    -3.9677
    89     6     2.7941    -0.0000   -14.8922
    90     6     1.3970    -2.4197    -9.4300
    91     6     1.3970    -2.4197     6.9569
    92     6     4.1911     2.4197    -3.9677
    93     6     2.7941    -0.0000     1.4946
    94     6     0.0000    -0.0000    12.4192
    95     6     2.7941     4.8394     1.4946
    96     6     1.3970     2.4197     6.9569
    97     6     2.7941    -4.8394     1.4946
    98     6     5.5881    -0.0000    -9.4300
    99     6     4.1911    -2.4197    -3.9677
   100     6    -4.1911    -2.4197    -3.9677
   101     6    -1.3970     2.4197   -14.8922
   102     6    -2.7941    -0.0000    -9.4300
   103     6    -5.5881     0.0000     1.4946
   104     6    -2.7941     4.8394    -9.4300
   105     6    -4.1911     2.4197    -3.9677
   106     6    -2.7941    -4.8394    -9.4300
   107     6     0.0000     0.0000   -20.3545
   108     6    -1.3970    -2.4197   -14.8922
   109    20    -2.7941     0.0000    10.9246
   110     8    -3.1577    -3.1803     3.9870
   111     8    -0.3636     1.6591    -6.9376
   112     8    -3.1577     1.6591     3.9870
   113     8    -4.5547    -0.7606     9.4493
   114     8    -1.7607     4.0789    -1.4753
   115     8    -0.3636    -3.1803    -6.9376
   116     8    -1.7607    -5.6000    -1.4753
   117     8     1.0334    -0.7606   -12.3998
   118     8     1.0334    -0.7606     3.9870
   119     8    -0.3636    -3.1803     9.4493
   120     8     2.4304     1.6591    -1.4753
   121     8    -0.3636     1.6591     9.4493
   122     8    -1.7607    -0.7606    14.9116
   123     8     1.0334     4.0789     3.9870
   124     8     2.4304    -3.1803    -1.4753
   125     8     1.0334    -5.6000     3.9870
   126     8     3.8274    -0.7606    -6.9376
   127     8     3.8274    -0.7606     9.4493
   128     8     2.4304    -3.1803    14.9116
   129     8     5.2245     1.6591     3.9870
   130     8     2.4304     1.6591    14.9116
   131     8     1.0334    -0.7606    20.3738
   132     8     3.8274     4.0789     9.4493
   133     8     5.2245    -3.1803     3.9870
   134     8     3.8274    -5.6000     9.4493
   135     8     6.6215    -0.7606    -1.4753
   136    20    -0.0000     4.8394     0.0000
   137     8     0.1420    -3.5642     3.9870
   138     8     2.9360     1.2752    -6.9376
   139     8     0.1420     1.2752     3.9870
   140     8    -1.2550    -1.1445     9.4493
   141     8     1.5390     3.6949    -1.4753
   142     8    -1.2550     3.6949     9.4493
   143     8    -2.6521     1.2752    14.9116
   144     8     0.1420     6.1147     3.9870
   145     8     4.3331    -1.1445     3.9870
   146     8     2.9360    -3.5642     9.4493
   147     8     5.7301     1.2752    -1.4753
   148     8     2.9360     1.2752     9.4493
   149     8     1.5390    -1.1445    14.9116
   150     8     4.3331     3.6949     3.9870
   151     8     1.5390     3.6949    14.9116
   152     8     0.1420     1.2752    20.3738
   153     8     2.9360     6.1147     9.4493
   154     8    -1.2550    -1.1445    -6.9376
   155     8    -2.6521    -3.5642    -1.4753
   156     8     0.1420     1.2752   -12.3998
   157     8    -2.6521     1.2752    -1.4753
   158     8    -4.0491    -1.1445     3.9870
   159     8    -1.2550     3.6949    -6.9376
   160     8    -4.0491     3.6949     3.9870
   161     8    -5.4461     1.2752     9.4493
   162     8    -2.6521     6.1147    -1.4753
   163    20     1.3970    -2.4197    -5.4623
   164     8    -1.1754    -0.5147     3.9870
   165     8    -2.5724    -2.9344     9.4493
   166     8    -1.1754     4.3248     3.9870
   167     8    -2.5724     1.9051     9.4493
   168     8    -3.9694    -0.5147    14.9116
   169     8     1.6187    -0.5147    -6.9376
   170     8     0.2217    -2.9344    -1.4753
   171     8    -1.1754    -5.3541     3.9870
   172     8     3.0157     1.9051     3.9870
   173     8     1.6187    -0.5147     9.4493
   174     8     0.2217    -2.9344    14.9116
   175     8     1.6187     4.3248     9.4493
   176     8     0.2217     1.9051    14.9116
   177     8    -1.1754    -0.5147    20.3738
   178     8     4.4127    -0.5147    -1.4753
   179     8     3.0157    -2.9344     3.9870
   180     8     1.6187    -5.3541     9.4493
   181     8    -2.5724     1.9051    -6.9376
   182     8    -3.9694    -0.5147    -1.4753
   183     8    -5.3665    -2.9344     3.9870
   184     8    -3.9694     4.3248    -1.4753
   185     8    -5.3665     1.9051     3.9870
   186     8    -6.7635    -0.5147     9.4493
   187     8    -1.1754    -0.5147   -12.3998
   188     8    -2.5724    -2.9344    -6.9376
   189     8    -3.9694    -5.3541    -1.4753
   190    20     0.0000    -4.8394     0.0000
   191     8     0.3636    -1.6591     6.9376
   192     8     3.1577     3.1803    -3.9870
   193     8     0.3636     3.1803     6.9376
   194     8    -1.0334     0.7606    12.3998
   195     8     1.7607     5.6000     1.4753
   196     8     3.1577    -1.6591    -3.9870
   197     8     1.7607    -4.0789     1.4753
   198     8     4.5547     0.7606    -9.4493
   199     8    -3.8274     0.7606    -9.4493
   200     8    -5.2245    -1.6591    -3.9870
   201     8    -2.4304     3.1803   -14.9116
   202     8    -5.2245     3.1803    -3.9870
   203     8    -6.6215     0.7606     1.4753
   204     8    -3.8274     5.6000    -9.4493
   205     8    -2.4304    -1.6591   -14.9116
   206     8    -3.8274    -4.0789    -9.4493
   207     8    -1.0334     0.7606   -20.3738
   208     8    -1.0334     0.7606    -3.9870
   209     8    -2.4304    -1.6591     1.4753
   210     8     0.3636     3.1803    -9.4493
   211     8    -2.4304     3.1803     1.4753
   212     8    -3.8274     0.7606     6.9376
   213     8    -1.0334     5.6000    -3.9870
   214     8     0.3636    -1.6591    -9.4493
   215     8    -1.0334    -4.0789    -3.9870
   216     8     1.7607     0.7606   -14.9116
   217    20     2.7941    -0.0000   -10.9246
   218     8    -2.9360    -1.2752     6.9376
   219     8    -0.1420     3.5642    -3.9870
   220     8     1.2550    -3.6949    -9.4493
   221     8    -0.1420    -6.1147    -3.9870
   222     8     2.6521    -1.2752   -14.9116
   223     8    -0.1420    -1.2752    -3.9870
   224     8    -1.5390    -3.6949     1.4753
   225     8     1.2550     1.1445    -9.4493
   226     8     1.2550     1.1445     6.9376
   227     8    -0.1420    -1.2752    12.3998
   228     8     2.6521     3.5642     1.4753
   229     8     4.0491    -3.6949    -3.9870
   230     8     2.6521    -6.1147     1.4753
   231     8     5.4461    -1.2752    -9.4493
   232     8     2.6521    -1.2752     1.4753
   233     8     1.2550    -3.6949     6.9376
   234     8     4.0491     1.1445    -3.9870
   235     8    -4.3331     1.1445    -3.9870
   236     8    -5.7301    -1.2752     1.4753
   237     8    -2.9360     3.5642    -9.4493
   238     8    -1.5390    -3.6949   -14.9116
   239     8    -2.9360    -6.1147    -9.4493
   240     8    -0.1420    -1.2752   -20.3738
   241     8    -2.9360    -1.2752    -9.4493
   242     8    -4.3331    -3.6949    -3.9870
   243     8    -1.5390     1.1445   -14.9116
   244    20     2.7941    -0.0000     5.4623
   245     8     2.5724     2.9344    -9.4493
   246     8     1.1754     0.5147    -3.9870
   247     8    -1.6187     0.5147     6.9376
   248     8     1.1754     5.3541    -3.9870
   249     8    -0.2217     2.9344     1.4753
   250     8     1.1754    -4.3248    -3.9870
   251     8     3.9694     0.5147   -14.9116
   252     8     2.5724    -1.9051    -9.4493
   253     8     2.5724    -1.9051     6.9376
   254     8     5.3665     2.9344    -3.9870
   255     8     3.9694     0.5147     1.4753
   256     8     1.1754     0.5147    12.3998
   257     8     3.9694     5.3541     1.4753
   258     8     2.5724     2.9344     6.9376
   259     8     3.9694    -4.3248     1.4753
   260     8     6.7635     0.5147    -9.4493
   261     8     5.3665    -1.9051    -3.9870
   262     8    -3.0157    -1.9051    -3.9870
   263     8    -0.2217     2.9344   -14.9116
   264     8    -1.6187     0.5147    -9.4493
   265     8    -4.4127     0.5147     1.4753
   266     8    -1.6187     5.3541    -9.4493
   267     8    -3.0157     2.9344    -3.9870
   268     8    -1.6187    -4.3248    -9.4493
   269     8     1.1754     0.5147   -20.3738
   270     8    -0.2217    -1.9051   -14.9116

 FRQFRQFRQFRQFRQFRQFRQFRQFRQFRQFRQFRQFRQFRQFRQFRQFRQFRQFRQFRQFRQFRQFRQFRQFRQFRQ

                       FREQUENCY CALCULATION

 INFORMATION **** INPFREQ **** PHONON DISPERSION CALCULATION
 INFORMATION **** INPFREQ ****  PRINTING OF EIGENVECTORS
 INFORMATION **** INPFREQ **** NEW DEFAULT - IMPOSING ECKART CONDITIONS TO THE HESSIAN

 GCALCO - MAX INDICES DIRECT LATTICE VECTOR    14    14    14
 NO.OF VECTORS CREATED 6999 STARS  515 RMAX   323.17960 BOHR

 GEOMETRY FOR WAVE FUNCTION - DIMENSIONALITY OF THE SYSTEM    3
 (NON PERIODIC DIRECTION: LATTICE PARAMETER FORMALLY SET TO 500)
 *******************************************************************************
 LATTICE PARAMETERS (ANGSTROMS AND DEGREES) - BOHR = 0.5291772083 ANGSTROM
 PRIMITIVE CELL - CENTRING CODE 1/0 VOLUME=  2991.296442 - DENSITY  2.757 g/cm^3
         A              B              C           ALPHA      BETA       GAMMA 
    18.40622771    18.40622771    18.40622771    46.455431  46.455431  46.455431
 *******************************************************************************
 ATOMS IN THE ASYMMETRIC UNIT   50 - ATOMS IN THE UNIT CELL:  270
     ATOM                 X/A                 Y/B                 Z/C    
 *******************************************************************************
      1 T  20 CA    0.000000000000E+00  0.000000000000E+00  0.000000000000E+00
      2 T  12 MG    1.666666666667E-01  1.666666666667E-01  1.666666666667E-01
      3 T   6 C    -2.526247049664E-01  8.070862836698E-02  8.070862836698E-02
      4 F   6 C    -8.070862836698E-02 -8.070862836698E-02  2.526247049664E-01
      5 T   8 O    -1.700425320526E-01 -1.237999180359E-02  9.239423005364E-02
      6 F   8 O     9.239423005364E-02 -1.700425320526E-01 -1.237999180359E-02
      7 F   8 O    -1.237999180359E-02  9.239423005364E-02 -1.700425320526E-01
      8 F   8 O     1.700425320526E-01  1.237999180359E-02 -9.239423005364E-02
      9 F   8 O    -9.239423005364E-02  1.700425320526E-01  1.237999180359E-02
     10 F   8 O     1.237999180359E-02 -9.239423005364E-02  1.700425320526E-01
     11 T  20 CA    3.333333333333E-01 -4.939836079894E-17  3.333333333333E-01
     12 T  20 CA    3.333333333333E-01 -3.402103025850E-17 -3.333333333333E-01
     13 F  20 CA    3.333333333333E-01  3.333333333333E-01 -3.212958487122E-17
     14 T  20 CA    3.333333333333E-01  3.333333333333E-01  3.333333333333E-01
     15 T  20 CA    3.333333333333E-01  3.333333333333E-01 -3.333333333333E-01
     16 F  20 CA    3.333333333333E-01 -3.333333333333E-01 -5.881380472416E-18
     17 F  20 CA    3.333333333333E-01 -3.333333333333E-01  3.333333333333E-01
     18 F  20 CA    3.333333333333E-01 -3.333333333333E-01 -3.333333333333E-01
     19 T  20 CA   -3.333333333333E-01 -1.169078318002E-17 -1.169078318002E-17
     20 F  20 CA   -3.333333333333E-01  5.501140064487E-17  3.333333333333E-01
     21 F  20 CA   -3.333333333333E-01 -1.066482932069E-16 -3.333333333333E-01
     22 F  20 CA   -3.333333333333E-01  3.333333333333E-01 -2.318883433631E-18
     23 F  20 CA   -3.333333333333E-01  3.333333333333E-01  3.333333333333E-01
     24 F  20 CA   -3.333333333333E-01  3.333333333333E-01 -3.333333333333E-01
     25 F  20 CA   -3.333333333333E-01 -3.333333333333E-01 -4.065034228776E-17
     26 F  20 CA   -3.333333333333E-01 -3.333333333333E-01  3.333333333333E-01
     27 F  20 CA   -3.333333333333E-01 -3.333333333333E-01 -3.333333333333E-01
     28 F  20 CA   -1.606479243561E-17 -1.606479243561E-17  3.333333333333E-01
     29 T  12 MG    1.666666666667E-01  1.666666666667E-01  5.000000000000E-01
     30 T  12 MG    1.666666666667E-01  1.666666666667E-01 -1.666666666667E-01
     31 F  12 MG    1.666666666667E-01  5.000000000000E-01  1.666666666667E-01
     32 T  12 MG    1.666666666667E-01 -5.000000000000E-01 -5.000000000000E-01
     33 T  12 MG    1.666666666667E-01  5.000000000000E-01 -1.666666666667E-01
     34 F  12 MG    1.666666666667E-01 -1.666666666667E-01  1.666666666667E-01
     35 F  12 MG    1.666666666667E-01 -1.666666666667E-01  5.000000000000E-01
     36 F  12 MG    1.666666666667E-01 -1.666666666667E-01 -1.666666666667E-01
     37 F  12 MG   -5.000000000000E-01  1.666666666667E-01  1.666666666667E-01
     38 F  12 MG    5.000000000000E-01  1.666666666667E-01  5.000000000000E-01
     39 F  12 MG   -5.000000000000E-01  1.666666666667E-01 -1.666666666667E-01
     40 F  12 MG    5.000000000000E-01  5.000000000000E-01  1.666666666667E-01
     41 T  12 MG    5.000000000000E-01  5.000000000000E-01  5.000000000000E-01
     42 F  12 MG    5.000000000000E-01  5.000000000000E-01 -1.666666666667E-01
     43 F  12 MG   -5.000000000000E-01 -1.666666666667E-01  1.666666666667E-01
     44 F  12 MG   -5.000000000000E-01 -1.666666666667E-01  5.000000000000E-01
     45 F  12 MG   -5.000000000000E-01 -1.666666666667E-01 -1.666666666667E-01
     46 F  12 MG   -1.666666666667E-01  1.666666666667E-01  1.666666666667E-01
     47 F  12 MG   -1.666666666667E-01  1.666666666667E-01  5.000000000000E-01
     48 F  12 MG   -1.666666666667E-01  1.666666666667E-01 -1.666666666667E-01
     49 F  12 MG   -1.666666666667E-01  5.000000000000E-01  1.666666666667E-01
     50 F  12 MG   -1.666666666667E-01  5.000000000000E-01  5.000000000000E-01
     51 F  12 MG   -1.666666666667E-01  5.000000000000E-01 -1.666666666667E-01
     52 F  12 MG   -1.666666666667E-01 -1.666666666667E-01  1.666666666667E-01
     53 F  12 MG   -1.666666666667E-01 -1.666666666667E-01  5.000000000000E-01
     54 F  12 MG   -1.666666666667E-01 -1.666666666667E-01 -1.666666666667E-01
     55 F  20 CA    3.518598008738E-17 -6.195853456733E-17 -3.333333333333E-01
     56 T   6 C    -2.526247049664E-01  8.070862836698E-02  4.140419617003E-01
     57 T   6 C    -2.526247049664E-01  8.070862836698E-02 -2.526247049664E-01
     58 T   6 C    -2.526247049664E-01  4.140419617003E-01  8.070862836698E-02
     59 T   6 C    -2.526247049664E-01  4.140419617003E-01  4.140419617003E-01
     60 T   6 C    -2.526247049664E-01  4.140419617003E-01 -2.526247049664E-01
     61 F   6 C    -2.526247049664E-01 -2.526247049664E-01  8.070862836698E-02
     62 F   6 C    -2.526247049664E-01 -2.526247049664E-01  4.140419617003E-01
     63 T   6 C    -2.526247049664E-01 -2.526247049664E-01 -2.526247049664E-01
     64 T   6 C     8.070862836698E-02  8.070862836698E-02  8.070862836698E-02
     65 T   6 C     8.070862836698E-02  8.070862836698E-02  4.140419617003E-01
     66 F   6 C     8.070862836698E-02  8.070862836698E-02 -2.526247049664E-01
     67 F   6 C     8.070862836698E-02  4.140419617003E-01  8.070862836698E-02
     68 T   6 C     8.070862836698E-02  4.140419617003E-01  4.140419617003E-01
     69 F   6 C     8.070862836698E-02  4.140419617003E-01 -2.526247049664E-01
     70 F   6 C     8.070862836698E-02 -2.526247049664E-01  8.070862836698E-02
     71 F   6 C     8.070862836698E-02 -2.526247049664E-01  4.140419617003E-01
     72 F   6 C     8.070862836698E-02 -2.526247049664E-01 -2.526247049664E-01
     73 F   6 C     4.140419617003E-01  8.070862836698E-02  8.070862836698E-02
     74 F   6 C     4.140419617003E-01  8.070862836698E-02  4.140419617003E-01
     75 F   6 C     4.140419617003E-01  8.070862836698E-02 -2.526247049664E-01
     76 F   6 C     4.140419617003E-01  4.140419617003E-01  8.070862836698E-02
     77 T   6 C     4.140419617003E-01  4.140419617003E-01  4.140419617003E-01
     78 F   6 C     4.140419617003E-01  4.140419617003E-01 -2.526247049664E-01
     79 F   6 C     4.140419617003E-01 -2.526247049664E-01  8.070862836698E-02
     80 F   6 C     4.140419617003E-01 -2.526247049664E-01  4.140419617003E-01
     81 F   6 C     4.140419617003E-01 -2.526247049664E-01 -2.526247049664E-01
     82 F  20 CA    3.056395216159E-18  3.333333333333E-01  3.056395216159E-18
     83 F   6 C    -8.070862836698E-02 -8.070862836698E-02 -4.140419617003E-01
     84 F   6 C    -8.070862836698E-02 -8.070862836698E-02 -8.070862836698E-02
     85 F   6 C    -8.070862836698E-02  2.526247049664E-01  2.526247049664E-01
     86 F   6 C    -8.070862836698E-02  2.526247049664E-01 -4.140419617003E-01
     87 F   6 C    -8.070862836698E-02  2.526247049664E-01 -8.070862836698E-02
     88 F   6 C    -8.070862836698E-02 -4.140419617003E-01  2.526247049664E-01
     89 F   6 C    -8.070862836698E-02 -4.140419617003E-01 -4.140419617003E-01
     90 F   6 C    -8.070862836698E-02 -4.140419617003E-01 -8.070862836698E-02
     91 F   6 C     2.526247049664E-01 -8.070862836698E-02  2.526247049664E-01
     92 F   6 C     2.526247049664E-01 -8.070862836698E-02 -4.140419617003E-01
     93 F   6 C     2.526247049664E-01 -8.070862836698E-02 -8.070862836698E-02
     94 F   6 C     2.526247049664E-01  2.526247049664E-01  2.526247049664E-01
     95 F   6 C     2.526247049664E-01  2.526247049664E-01 -4.140419617003E-01
     96 F   6 C     2.526247049664E-01  2.526247049664E-01 -8.070862836698E-02
     97 F   6 C     2.526247049664E-01 -4.140419617003E-01  2.526247049664E-01
     98 F   6 C     2.526247049664E-01 -4.140419617003E-01 -4.140419617003E-01
     99 F   6 C     2.526247049664E-01 -4.140419617003E-01 -8.070862836698E-02
    100 F   6 C    -4.140419617003E-01 -8.070862836698E-02  2.526247049664E-01
    101 F   6 C    -4.140419617003E-01 -8.070862836698E-02 -4.140419617003E-01
    102 F   6 C    -4.140419617003E-01 -8.070862836698E-02 -8.070862836698E-02
    103 F   6 C    -4.140419617003E-01  2.526247049664E-01  2.526247049664E-01
    104 F   6 C    -4.140419617003E-01  2.526247049664E-01 -4.140419617003E-01
    105 F   6 C    -4.140419617003E-01  2.526247049664E-01 -8.070862836698E-02
    106 F   6 C    -4.140419617003E-01 -4.140419617003E-01  2.526247049664E-01
    107 F   6 C    -4.140419617003E-01 -4.140419617003E-01 -4.140419617003E-01
    108 F   6 C    -4.140419617003E-01 -4.140419617003E-01 -8.070862836698E-02
    109 F  20 CA    6.112790432318E-18  3.333333333333E-01  3.333333333333E-01
    110 T   8 O    -1.700425320526E-01 -1.237999180359E-02  4.257275633870E-01
    111 T   8 O    -1.700425320526E-01 -1.237999180359E-02 -2.409391032797E-01
    112 T   8 O    -1.700425320526E-01  3.209533415297E-01  9.239423005364E-02
    113 T   8 O    -1.700425320526E-01  3.209533415297E-01  4.257275633870E-01
    114 T   8 O    -1.700425320526E-01  3.209533415297E-01 -2.409391032797E-01
    115 T   8 O    -1.700425320526E-01 -3.457133251369E-01  9.239423005364E-02
    116 T   8 O    -1.700425320526E-01 -3.457133251369E-01  4.257275633870E-01
    117 T   8 O    -1.700425320526E-01 -3.457133251369E-01 -2.409391032797E-01
    118 T   8 O     1.632908012807E-01 -1.237999180359E-02  9.239423005364E-02
    119 T   8 O     1.632908012807E-01 -1.237999180359E-02  4.257275633870E-01
    120 T   8 O     1.632908012807E-01 -1.237999180359E-02 -2.409391032797E-01
    121 T   8 O     1.632908012807E-01  3.209533415297E-01  9.239423005364E-02
    122 T   8 O     1.632908012807E-01  3.209533415297E-01  4.257275633870E-01
    123 T   8 O     1.632908012807E-01  3.209533415297E-01 -2.409391032797E-01
    124 T   8 O     1.632908012807E-01 -3.457133251369E-01  9.239423005364E-02
    125 T   8 O     1.632908012807E-01 -3.457133251369E-01  4.257275633870E-01
    126 T   8 O     1.632908012807E-01 -3.457133251369E-01 -2.409391032797E-01
    127 T   8 O     4.966241346140E-01 -1.237999180359E-02  9.239423005364E-02
    128 T   8 O     4.966241346140E-01 -1.237999180359E-02  4.257275633870E-01
    129 T   8 O     4.966241346140E-01 -1.237999180359E-02 -2.409391032797E-01
    130 T   8 O     4.966241346140E-01  3.209533415297E-01  9.239423005364E-02
    131 T   8 O     4.966241346140E-01  3.209533415297E-01  4.257275633870E-01
    132 T   8 O     4.966241346140E-01  3.209533415297E-01 -2.409391032797E-01
    133 T   8 O     4.966241346140E-01 -3.457133251369E-01  9.239423005364E-02
    134 T   8 O     4.966241346140E-01 -3.457133251369E-01  4.257275633870E-01
    135 T   8 O     4.966241346140E-01 -3.457133251369E-01 -2.409391032797E-01
    136 F  20 CA    3.635615786198E-17  3.333333333333E-01 -3.333333333333E-01
    137 F   8 O     9.239423005364E-02 -1.700425320526E-01  3.209533415297E-01
    138 F   8 O     9.239423005364E-02 -1.700425320526E-01 -3.457133251369E-01
    139 F   8 O     9.239423005364E-02  1.632908012807E-01 -1.237999180359E-02
    140 F   8 O     9.239423005364E-02  1.632908012807E-01  3.209533415297E-01
    141 F   8 O     9.239423005364E-02  1.632908012807E-01 -3.457133251369E-01
    142 F   8 O     9.239423005364E-02  4.966241346140E-01 -1.237999180359E-02
    143 F   8 O     9.239423005364E-02  4.966241346140E-01  3.209533415297E-01
    144 F   8 O     9.239423005364E-02  4.966241346140E-01 -3.457133251369E-01
    145 F   8 O     4.257275633870E-01 -1.700425320526E-01 -1.237999180359E-02
    146 F   8 O     4.257275633870E-01 -1.700425320526E-01  3.209533415297E-01
    147 F   8 O     4.257275633870E-01 -1.700425320526E-01 -3.457133251369E-01
    148 F   8 O     4.257275633870E-01  1.632908012807E-01 -1.237999180359E-02
    149 F   8 O     4.257275633870E-01  1.632908012807E-01  3.209533415297E-01
    150 F   8 O     4.257275633870E-01  1.632908012807E-01 -3.457133251369E-01
    151 F   8 O     4.257275633870E-01  4.966241346140E-01 -1.237999180359E-02
    152 F   8 O     4.257275633870E-01  4.966241346140E-01  3.209533415297E-01
    153 F   8 O     4.257275633870E-01  4.966241346140E-01 -3.457133251369E-01
    154 F   8 O    -2.409391032797E-01 -1.700425320526E-01 -1.237999180359E-02
    155 F   8 O    -2.409391032797E-01 -1.700425320526E-01  3.209533415297E-01
    156 F   8 O    -2.409391032797E-01 -1.700425320526E-01 -3.457133251369E-01
    157 F   8 O    -2.409391032797E-01  1.632908012807E-01 -1.237999180359E-02
    158 F   8 O    -2.409391032797E-01  1.632908012807E-01  3.209533415297E-01
    159 F   8 O    -2.409391032797E-01  1.632908012807E-01 -3.457133251369E-01
    160 F   8 O    -2.409391032797E-01  4.966241346140E-01 -1.237999180359E-02
    161 F   8 O    -2.409391032797E-01  4.966241346140E-01  3.209533415297E-01
    162 F   8 O    -2.409391032797E-01  4.966241346140E-01 -3.457133251369E-01
    163 F  20 CA    3.518598008738E-17 -3.333333333333E-01 -6.195853456733E-17
    164 F   8 O    -1.237999180359E-02  9.239423005364E-02  1.632908012807E-01
    165 F   8 O    -1.237999180359E-02  9.239423005364E-02  4.966241346140E-01
    166 F   8 O    -1.237999180359E-02  4.257275633870E-01 -1.700425320526E-01
    167 F   8 O    -1.237999180359E-02  4.257275633870E-01  1.632908012807E-01
    168 F   8 O    -1.237999180359E-02  4.257275633870E-01  4.966241346140E-01
    169 F   8 O    -1.237999180359E-02 -2.409391032797E-01 -1.700425320526E-01
    170 F   8 O    -1.237999180359E-02 -2.409391032797E-01  1.632908012807E-01
    171 F   8 O    -1.237999180359E-02 -2.409391032797E-01  4.966241346140E-01
    172 F   8 O     3.209533415297E-01  9.239423005364E-02 -1.700425320526E-01
    173 F   8 O     3.209533415297E-01  9.239423005364E-02  1.632908012807E-01
    174 F   8 O     3.209533415297E-01  9.239423005364E-02  4.966241346140E-01
    175 F   8 O     3.209533415297E-01  4.257275633870E-01 -1.700425320526E-01
    176 F   8 O     3.209533415297E-01  4.257275633870E-01  1.632908012807E-01
    177 F   8 O     3.209533415297E-01  4.257275633870E-01  4.966241346140E-01
    178 F   8 O     3.209533415297E-01 -2.409391032797E-01 -1.700425320526E-01
    179 F   8 O     3.209533415297E-01 -2.409391032797E-01  1.632908012807E-01
    180 F   8 O     3.209533415297E-01 -2.409391032797E-01  4.966241346140E-01
    181 F   8 O    -3.457133251369E-01  9.239423005364E-02 -1.700425320526E-01
    182 F   8 O    -3.457133251369E-01  9.239423005364E-02  1.632908012807E-01
    183 F   8 O    -3.457133251369E-01  9.239423005364E-02  4.966241346140E-01
    184 F   8 O    -3.457133251369E-01  4.257275633870E-01 -1.700425320526E-01
    185 F   8 O    -3.457133251369E-01  4.257275633870E-01  1.632908012807E-01
    186 F   8 O    -3.457133251369E-01  4.257275633870E-01  4.966241346140E-01
    187 F   8 O    -3.457133251369E-01 -2.409391032797E-01 -1.700425320526E-01
    188 F   8 O    -3.457133251369E-01 -2.409391032797E-01  1.632908012807E-01
    189 F   8 O    -3.457133251369E-01 -2.409391032797E-01  4.966241346140E-01
    190 F  20 CA    7.750985112175E-17 -3.333333333333E-01  3.333333333333E-01
    191 F   8 O     1.700425320526E-01  1.237999180359E-02  2.409391032797E-01
    192 F   8 O     1.700425320526E-01  1.237999180359E-02 -4.257275633870E-01
    193 F   8 O     1.700425320526E-01  3.457133251369E-01 -9.239423005364E-02
    194 F   8 O     1.700425320526E-01  3.457133251369E-01  2.409391032797E-01
    195 F   8 O     1.700425320526E-01  3.457133251369E-01 -4.257275633870E-01
    196 F   8 O     1.700425320526E-01 -3.209533415297E-01 -9.239423005364E-02
    197 F   8 O     1.700425320526E-01 -3.209533415297E-01  2.409391032797E-01
    198 F   8 O     1.700425320526E-01 -3.209533415297E-01 -4.257275633870E-01
    199 F   8 O    -4.966241346140E-01  1.237999180359E-02 -9.239423005364E-02
    200 F   8 O    -4.966241346140E-01  1.237999180359E-02  2.409391032797E-01
    201 F   8 O    -4.966241346140E-01  1.237999180359E-02 -4.257275633870E-01
    202 F   8 O    -4.966241346140E-01  3.457133251369E-01 -9.239423005364E-02
    203 F   8 O    -4.966241346140E-01  3.457133251369E-01  2.409391032797E-01
    204 F   8 O    -4.966241346140E-01  3.457133251369E-01 -4.257275633870E-01
    205 F   8 O    -4.966241346140E-01 -3.209533415297E-01 -9.239423005364E-02
    206 F   8 O    -4.966241346140E-01 -3.209533415297E-01  2.409391032797E-01
    207 F   8 O    -4.966241346140E-01 -3.209533415297E-01 -4.257275633870E-01
    208 F   8 O    -1.632908012807E-01  1.237999180359E-02 -9.239423005364E-02
    209 F   8 O    -1.632908012807E-01  1.237999180359E-02  2.409391032797E-01
    210 F   8 O    -1.632908012807E-01  1.237999180359E-02 -4.257275633870E-01
    211 F   8 O    -1.632908012807E-01  3.457133251369E-01 -9.239423005364E-02
    212 F   8 O    -1.632908012807E-01  3.457133251369E-01  2.409391032797E-01
    213 F   8 O    -1.632908012807E-01  3.457133251369E-01 -4.257275633870E-01
    214 F   8 O    -1.632908012807E-01 -3.209533415297E-01 -9.239423005364E-02
    215 F   8 O    -1.632908012807E-01 -3.209533415297E-01  2.409391032797E-01
    216 F   8 O    -1.632908012807E-01 -3.209533415297E-01 -4.257275633870E-01
    217 F  20 CA    8.764073610247E-17 -3.333333333333E-01 -3.333333333333E-01
    218 F   8 O    -9.239423005364E-02  1.700425320526E-01  3.457133251369E-01
    219 F   8 O    -9.239423005364E-02  1.700425320526E-01 -3.209533415297E-01
    220 F   8 O    -9.239423005364E-02 -4.966241346140E-01  1.237999180359E-02
    221 F   8 O    -9.239423005364E-02 -4.966241346140E-01  3.457133251369E-01
    222 F   8 O    -9.239423005364E-02 -4.966241346140E-01 -3.209533415297E-01
    223 F   8 O    -9.239423005364E-02 -1.632908012807E-01  1.237999180359E-02
    224 F   8 O    -9.239423005364E-02 -1.632908012807E-01  3.457133251369E-01
    225 F   8 O    -9.239423005364E-02 -1.632908012807E-01 -3.209533415297E-01
    226 F   8 O     2.409391032797E-01  1.700425320526E-01  1.237999180359E-02
    227 F   8 O     2.409391032797E-01  1.700425320526E-01  3.457133251369E-01
    228 F   8 O     2.409391032797E-01  1.700425320526E-01 -3.209533415297E-01
    229 F   8 O     2.409391032797E-01 -4.966241346140E-01  1.237999180359E-02
    230 F   8 O     2.409391032797E-01 -4.966241346140E-01  3.457133251369E-01
    231 F   8 O     2.409391032797E-01 -4.966241346140E-01 -3.209533415297E-01
    232 F   8 O     2.409391032797E-01 -1.632908012807E-01  1.237999180359E-02
    233 F   8 O     2.409391032797E-01 -1.632908012807E-01  3.457133251369E-01
    234 F   8 O     2.409391032797E-01 -1.632908012807E-01 -3.209533415297E-01
    235 F   8 O    -4.257275633870E-01  1.700425320526E-01  1.237999180359E-02
    236 F   8 O    -4.257275633870E-01  1.700425320526E-01  3.457133251369E-01
    237 F   8 O    -4.257275633870E-01  1.700425320526E-01 -3.209533415297E-01
    238 F   8 O    -4.257275633870E-01 -4.966241346140E-01  1.237999180359E-02
    239 F   8 O    -4.257275633870E-01 -4.966241346140E-01  3.457133251369E-01
    240 F   8 O    -4.257275633870E-01 -4.966241346140E-01 -3.209533415297E-01
    241 F   8 O    -4.257275633870E-01 -1.632908012807E-01  1.237999180359E-02
    242 F   8 O    -4.257275633870E-01 -1.632908012807E-01  3.457133251369E-01
    243 F   8 O    -4.257275633870E-01 -1.632908012807E-01 -3.209533415297E-01
    244 F  20 CA    3.333333333333E-01  2.217758286793E-17  2.217758286793E-17
    245 F   8 O     1.237999180359E-02 -9.239423005364E-02 -4.966241346140E-01
    246 F   8 O     1.237999180359E-02 -9.239423005364E-02 -1.632908012807E-01
    247 F   8 O     1.237999180359E-02  2.409391032797E-01  1.700425320526E-01
    248 F   8 O     1.237999180359E-02  2.409391032797E-01 -4.966241346140E-01
    249 F   8 O     1.237999180359E-02  2.409391032797E-01 -1.632908012807E-01
    250 F   8 O     1.237999180359E-02 -4.257275633870E-01  1.700425320526E-01
    251 F   8 O     1.237999180359E-02 -4.257275633870E-01 -4.966241346140E-01
    252 F   8 O     1.237999180359E-02 -4.257275633870E-01 -1.632908012807E-01
    253 F   8 O     3.457133251369E-01 -9.239423005364E-02  1.700425320526E-01
    254 F   8 O     3.457133251369E-01 -9.239423005364E-02 -4.966241346140E-01
    255 F   8 O     3.457133251369E-01 -9.239423005364E-02 -1.632908012807E-01
    256 F   8 O     3.457133251369E-01  2.409391032797E-01  1.700425320526E-01
    257 F   8 O     3.457133251369E-01  2.409391032797E-01 -4.966241346140E-01
    258 F   8 O     3.457133251369E-01  2.409391032797E-01 -1.632908012807E-01
    259 F   8 O     3.457133251369E-01 -4.257275633870E-01  1.700425320526E-01
    260 F   8 O     3.457133251369E-01 -4.257275633870E-01 -4.966241346140E-01
    261 F   8 O     3.457133251369E-01 -4.257275633870E-01 -1.632908012807E-01
    262 F   8 O    -3.209533415297E-01 -9.239423005364E-02  1.700425320526E-01
    263 F   8 O    -3.209533415297E-01 -9.239423005364E-02 -4.966241346140E-01
    264 F   8 O    -3.209533415297E-01 -9.239423005364E-02 -1.632908012807E-01
    265 F   8 O    -3.209533415297E-01  2.409391032797E-01  1.700425320526E-01
    266 F   8 O    -3.209533415297E-01  2.409391032797E-01 -4.966241346140E-01
    267 F   8 O    -3.209533415297E-01  2.409391032797E-01 -1.632908012807E-01
    268 F   8 O    -3.209533415297E-01 -4.257275633870E-01  1.700425320526E-01
    269 F   8 O    -3.209533415297E-01 -4.257275633870E-01 -4.966241346140E-01
    270 F   8 O    -3.209533415297E-01 -4.257275633870E-01 -1.632908012807E-01

 T = ATOM BELONGING TO THE ASYMMETRIC UNIT

 ****    6 SYMMOPS - TRANSLATORS IN FRACTIONAL UNITS
 **** MATRICES AND TRANSLATORS IN THE CRYSTALLOGRAPHIC REFERENCE FRAME
   V INV                    ROTATION MATRICES                   TRANSLATORS
   1   1  1.00  0.00  0.00  0.00  1.00  0.00  0.00  0.00  1.00  0.00  0.00  0.00
   2   3 -0.00 -0.00  1.00  1.00  0.00  0.00  0.00  1.00 -0.00  0.00  0.00  0.00
   3   2 -0.00  1.00 -0.00  0.00 -0.00  1.00  1.00  0.00  0.00  0.00  0.00  0.00
   4   4 -1.00  0.00  0.00  0.00 -1.00 -0.00  0.00 -0.00 -1.00  0.00  0.00  0.00
   5   6  0.00  0.00 -1.00 -1.00 -0.00 -0.00 -0.00 -1.00  0.00  0.00  0.00  0.00
   6   5  0.00 -1.00  0.00 -0.00  0.00 -1.00 -1.00 -0.00 -0.00  0.00  0.00  0.00

 DIRECT LATTICE VECTORS CARTESIAN COMPONENTS (ANGSTROM)
          X                    Y                    Z
   0.838216434331E+01  -0.268643154389E-15   0.163868404400E+02
  -0.419108217165E+01   0.725916726000E+01   0.163868404400E+02
  -0.419108217165E+01  -0.725916726000E+01   0.163868404400E+02


 CARTESIAN COORDINATES - PRIMITIVE CELL
 *******************************************************************************
 *      ATOM          X(ANGSTROM)         Y(ANGSTROM)         Z(ANGSTROM)
 *******************************************************************************
    1    20 CA    0.000000000000E+00  0.000000000000E+00  0.000000000000E+00
    2    12 MG    1.954432249120E-16  6.716078859714E-17  8.193420220000E+00
    3     6 C    -2.794054781102E+00  9.191905907391E-17 -1.494601901124E+00
    4     6 C    -1.397027390551E+00 -2.419722420000E+00  1.494601901124E+00
    5     8 O    -1.760670696425E+00 -7.605736009980E-01 -1.475279285628E+00
    6     8 O     1.539011408125E+00 -1.144498750304E+00 -1.475279285628E+00
    7     8 O     2.216592883006E-01  1.905072351302E+00 -1.475279285628E+00
    8     8 O     1.760670696425E+00  7.605736009980E-01  1.475279285628E+00
    9     8 O    -1.539011408125E+00  1.144498750304E+00  1.475279285628E+00
   10     8 O    -2.216592883006E-01 -1.905072351302E+00  1.475279285628E+00
   11    20 CA    1.397027390551E+00 -2.419722420000E+00  1.092456029333E+01
   12    20 CA    4.191082171654E+00  2.419722420000E+00  4.032892496812E-15
   13    20 CA    1.397027390551E+00  2.419722420000E+00  1.092456029333E+01
   14    20 CA    8.655904105358E-16 -2.016041093622E-16  1.638684044000E+01
   15    20 CA    2.794054781102E+00  4.839444840000E+00  5.462280146667E+00
   16    20 CA    4.191082171654E+00 -2.419722420000E+00  3.824772924601E-15
   17    20 CA    2.794054781102E+00 -4.839444840000E+00  5.462280146667E+00
   18    20 CA    5.588109562205E+00 -6.728253216792E-17 -5.462280146667E+00
   19    20 CA   -2.794054781102E+00  8.954771812952E-17 -5.462280146667E+00
   20    20 CA   -4.191082171654E+00 -2.419722420000E+00  1.546442471797E-15
   21    20 CA   -1.397027390551E+00  2.419722420000E+00 -1.092456029333E+01
   22    20 CA   -4.191082171654E+00  2.419722420000E+00  1.911014669987E-15
   23    20 CA   -5.588109562205E+00  2.013606222206E-16  5.462280146667E+00
   24    20 CA   -2.794054781102E+00  4.839444840000E+00 -5.462280146667E+00
   25    20 CA   -1.397027390551E+00 -2.419722420000E+00 -1.092456029333E+01
   26    20 CA   -2.794054781102E+00 -4.839444840000E+00 -5.462280146667E+00
   27    20 CA    5.514711954459E-16 -6.728253216792E-17 -1.638684044000E+01
   28    20 CA   -1.397027390551E+00 -2.419722420000E+00  5.462280146667E+00
   29    12 MG   -1.397027390551E+00 -2.419722420000E+00  1.365570036667E+01
   30    12 MG    1.397027390551E+00  2.419722420000E+00  2.731140073333E+00
   31    12 MG   -1.397027390551E+00  2.419722420000E+00  1.365570036667E+01
   32    12 MG   -2.794054781102E+00  0.000000000000E+00  1.911798051333E+01
   33    12 MG   -7.676723473399E-17  4.839444840000E+00  8.193420220000E+00
   34    12 MG    1.397027390551E+00 -2.419722420000E+00  2.731140073333E+00
   35    12 MG    7.050056649138E-16 -4.839444840000E+00  8.193420220000E+00
   36    12 MG    2.794054781102E+00  6.728253216792E-17 -2.731140073333E+00
   37    12 MG    2.794054781102E+00 -2.348801447338E-16  1.365570036667E+01
   38    12 MG    1.397027390551E+00 -2.419722420000E+00  1.911798051333E+01
   39    12 MG    4.191082171654E+00  2.419722420000E+00  8.193420220000E+00
   40    12 MG    1.397027390551E+00  2.419722420000E+00  1.911798051333E+01
   41    12 MG    0.000000000000E+00  0.000000000000E+00  2.458026066000E+01
   42    12 MG    2.794054781102E+00  4.839444840000E+00  1.365570036667E+01
   43    12 MG    4.191082171654E+00 -2.419722420000E+00  8.193420220000E+00
   44    12 MG    2.794054781102E+00 -4.839444840000E+00  1.365570036667E+01
   45    12 MG    5.588109562205E+00 -2.351236318754E-16  2.731140073333E+00
   46    12 MG   -2.794054781102E+00  3.364126608396E-17  2.731140073333E+00
   47    12 MG   -4.191082171654E+00 -2.419722420000E+00  8.193420220000E+00
   48    12 MG   -1.397027390551E+00  2.419722420000E+00 -2.731140073333E+00
   49    12 MG   -4.191082171654E+00  2.419722420000E+00  8.193420220000E+00
   50    12 MG   -5.588109562205E+00  0.000000000000E+00  1.365570036667E+01
   51    12 MG   -2.794054781102E+00  4.839444840000E+00  2.731140073333E+00
   52    12 MG   -1.397027390551E+00 -2.419722420000E+00 -2.731140073333E+00
   53    12 MG   -2.794054781102E+00 -4.839444840000E+00  2.731140073333E+00
   54    12 MG    6.235382460772E-16 -1.677193561367E-16 -8.193420220000E+00
   55    20 CA    1.397027390551E+00  2.419722420000E+00 -5.462280146667E+00
   56     6 C    -4.191082171654E+00 -2.419722420000E+00  3.967678245543E+00
   57     6 C    -1.397027390551E+00  2.419722420000E+00 -6.956882047790E+00
   58     6 C    -4.191082171654E+00  2.419722420000E+00  3.967678245543E+00
   59     6 C    -5.588109562205E+00  1.925384983988E-16  9.429958392210E+00
   60     6 C    -2.794054781102E+00  4.839444840000E+00 -1.494601901124E+00
   61     6 C    -1.397027390551E+00 -2.419722420000E+00 -6.956882047790E+00
   62     6 C    -2.794054781102E+00 -4.839444840000E+00 -1.494601901124E+00
   63     6 C     5.779141254069E-16  2.481914226215E-17 -1.241916219446E+01
   64     6 C     6.768107838886E-16 -2.605837733830E-16  3.967678245543E+00
   65     6 C    -1.397027390551E+00 -2.419722420000E+00  9.429958392210E+00
   66     6 C     1.397027390551E+00  2.419722420000E+00 -1.494601901124E+00
   67     6 C    -1.397027390551E+00  2.419722420000E+00  9.429958392210E+00
   68     6 C    -2.794054781102E+00  5.955032299817E-16  1.489223853888E+01
   69     6 C     8.105659216602E-16  4.839444840000E+00  3.967678245543E+00
   70     6 C     1.397027390551E+00 -2.419722420000E+00 -1.494601901124E+00
   71     6 C     6.570314521923E-16 -4.839444840000E+00  3.967678245543E+00
   72     6 C     2.794054781102E+00 -4.451846343471E-16 -6.956882047790E+00
   73     6 C     2.794054781102E+00 -7.138277887356E-16  9.429958392210E+00
   74     6 C     1.397027390551E+00 -2.419722420000E+00  1.489223853888E+01
   75     6 C     4.191082171654E+00  2.419722420000E+00  3.967678245543E+00
   76     6 C     1.397027390551E+00  2.419722420000E+00  1.489223853888E+01
   77     6 C     1.364387209157E-15 -7.474690548196E-16  2.035451868554E+01
   78     6 C     2.794054781102E+00  4.839444840000E+00  9.429958392210E+00
   79     6 C     4.191082171654E+00 -2.419722420000E+00  3.967678245543E+00
   80     6 C     2.794054781102E+00 -4.839444840000E+00  9.429958392210E+00
   81     6 C     5.588109562205E+00 -1.431437010161E-16 -1.494601901124E+00
   82    20 CA   -1.397027390551E+00  2.419722420000E+00  5.462280146667E+00
   83     6 C     1.397027390551E+00  2.419722420000E+00 -9.429958392210E+00
   84     6 C    -2.021068231767E-16 -1.367852298849E-15 -3.967678245543E+00
   85     6 C    -2.794054781102E+00 -9.185818728852E-17  6.956882047790E+00
   86     6 C     7.482796935328E-16  4.839444840000E+00 -3.967678245543E+00
   87     6 C    -1.397027390551E+00  2.419722420000E+00  1.494601901124E+00
   88     6 C     1.247414474556E-16 -4.839444840000E+00 -3.967678245543E+00
   89     6 C     2.794054781102E+00 -1.254994533725E-16 -1.489223853888E+01
   90     6 C     1.397027390551E+00 -2.419722420000E+00 -9.429958392210E+00
   91     6 C     1.397027390551E+00 -2.419722420000E+00  6.956882047790E+00
   92     6 C     4.191082171654E+00  2.419722420000E+00 -3.967678245543E+00
   93     6 C     2.794054781102E+00 -1.485353243001E-15  1.494601901124E+00
   94     6 C     8.320972044207E-16 -9.648266954806E-16  1.241916219446E+01
   95     6 C     2.794054781102E+00  4.839444840000E+00  1.494601901124E+00
   96     6 C     1.397027390551E+00  2.419722420000E+00  6.956882047790E+00
   97     6 C     2.794054781102E+00 -4.839444840000E+00  1.494601901124E+00
   98     6 C     5.588109562205E+00 -5.846040834611E-17 -9.429958392210E+00
   99     6 C     4.191082171654E+00 -2.419722420000E+00 -3.967678245543E+00
  100     6 C    -4.191082171654E+00 -2.419722420000E+00 -3.967678245543E+00
  101     6 C    -1.397027390551E+00  2.419722420000E+00 -1.489223853888E+01
  102     6 C    -2.794054781102E+00 -8.473866231137E-16 -9.429958392210E+00
  103     6 C    -5.588109562205E+00  1.431437010161E-16  1.494601901124E+00
  104     6 C    -2.794054781102E+00  4.839444840000E+00 -9.429958392210E+00
  105     6 C    -4.191082171654E+00  2.419722420000E+00 -3.967678245543E+00
  106     6 C    -2.794054781102E+00 -4.839444840000E+00 -9.429958392210E+00
  107     6 C     4.327402861892E-17  1.150433786402E-15 -2.035451868554E+01
  108     6 C    -1.397027390551E+00 -2.419722420000E+00 -1.489223853888E+01
  109    20 CA   -2.794054781102E+00  2.013606222206E-16  1.092456029333E+01
  110     8 O    -3.157698086977E+00 -3.180296020998E+00  3.987000861038E+00
  111     8 O    -3.636433058742E-01  1.659148819002E+00 -6.937559432295E+00
  112     8 O    -3.157698086977E+00  1.659148819002E+00  3.987000861038E+00
  113     8 O    -4.554725477528E+00 -7.605736009980E-01  9.449281007705E+00
  114     8 O    -1.760670696425E+00  4.078871239002E+00 -1.475279285628E+00
  115     8 O    -3.636433058742E-01 -3.180296020998E+00 -6.937559432295E+00
  116     8 O    -1.760670696425E+00 -5.600018440998E+00 -1.475279285628E+00
  117     8 O     1.033384084677E+00 -7.605736009980E-01 -1.239983957896E+01
  118     8 O     1.033384084677E+00 -7.605736009980E-01  3.987000861038E+00
  119     8 O    -3.636433058742E-01 -3.180296020998E+00  9.449281007705E+00
  120     8 O     2.430411475228E+00  1.659148819002E+00 -1.475279285628E+00
  121     8 O    -3.636433058742E-01  1.659148819002E+00  9.449281007705E+00
  122     8 O    -1.760670696425E+00 -7.605736009980E-01  1.491156115437E+01
  123     8 O     1.033384084677E+00  4.078871239002E+00  3.987000861038E+00
  124     8 O     2.430411475228E+00 -3.180296020998E+00 -1.475279285628E+00
  125     8 O     1.033384084677E+00 -5.600018440998E+00  3.987000861038E+00
  126     8 O     3.827438865779E+00 -7.605736009980E-01 -6.937559432295E+00
  127     8 O     3.827438865779E+00 -7.605736009980E-01  9.449281007705E+00
  128     8 O     2.430411475228E+00 -3.180296020998E+00  1.491156115437E+01
  129     8 O     5.224466256330E+00  1.659148819002E+00  3.987000861038E+00
  130     8 O     2.430411475228E+00  1.659148819002E+00  1.491156115437E+01
  131     8 O     1.033384084677E+00 -7.605736009980E-01  2.037384130104E+01
  132     8 O     3.827438865779E+00  4.078871239002E+00  9.449281007705E+00
  133     8 O     5.224466256330E+00 -3.180296020998E+00  3.987000861038E+00
  134     8 O     3.827438865779E+00 -5.600018440998E+00  9.449281007705E+00
  135     8 O     6.621493646882E+00 -7.605736009980E-01 -1.475279285628E+00
  136    20 CA   -1.535344694680E-16  4.839444840000E+00  2.152877390375E-15
  137     8 O     1.419840175736E-01 -3.564221170304E+00  3.987000861038E+00
  138     8 O     2.936038798676E+00  1.275223669696E+00 -6.937559432295E+00
  139     8 O     1.419840175736E-01  1.275223669696E+00  3.987000861038E+00
  140     8 O    -1.255043372978E+00 -1.144498750304E+00  9.449281007705E+00
  141     8 O     1.539011408125E+00  3.694946089696E+00 -1.475279285628E+00
  142     8 O    -1.255043372978E+00  3.694946089696E+00  9.449281007705E+00
  143     8 O    -2.652070763529E+00  1.275223669696E+00  1.491156115437E+01
  144     8 O     1.419840175736E-01  6.114668509696E+00  3.987000861038E+00
  145     8 O     4.333066189227E+00 -1.144498750304E+00  3.987000861038E+00
  146     8 O     2.936038798676E+00 -3.564221170304E+00  9.449281007705E+00
  147     8 O     5.730093579778E+00  1.275223669696E+00 -1.475279285628E+00
  148     8 O     2.936038798676E+00  1.275223669696E+00  9.449281007705E+00
  149     8 O     1.539011408125E+00 -1.144498750304E+00  1.491156115437E+01
  150     8 O     4.333066189227E+00  3.694946089696E+00  3.987000861038E+00
  151     8 O     1.539011408125E+00  3.694946089696E+00  1.491156115437E+01
  152     8 O     1.419840175736E-01  1.275223669696E+00  2.037384130104E+01
  153     8 O     2.936038798676E+00  6.114668509696E+00  9.449281007705E+00
  154     8 O    -1.255043372978E+00 -1.144498750304E+00 -6.937559432295E+00
  155     8 O    -2.652070763529E+00 -3.564221170304E+00 -1.475279285628E+00
  156     8 O     1.419840175736E-01  1.275223669696E+00 -1.239983957896E+01
  157     8 O    -2.652070763529E+00  1.275223669696E+00 -1.475279285628E+00
  158     8 O    -4.049098154080E+00 -1.144498750304E+00  3.987000861038E+00
  159     8 O    -1.255043372978E+00  3.694946089696E+00 -6.937559432295E+00
  160     8 O    -4.049098154080E+00  3.694946089696E+00  3.987000861038E+00
  161     8 O    -5.446125544631E+00  1.275223669696E+00  9.449281007705E+00
  162     8 O    -2.652070763529E+00  6.114668509696E+00 -1.475279285628E+00
  163    20 CA    1.397027390551E+00 -2.419722420000E+00 -5.462280146667E+00
  164     8 O    -1.175368102251E+00 -5.146500686978E-01  3.987000861038E+00
  165     8 O    -2.572395492802E+00 -2.934372488698E+00  9.449281007705E+00
  166     8 O    -1.175368102251E+00  4.324794771302E+00  3.987000861038E+00
  167     8 O    -2.572395492802E+00  1.905072351302E+00  9.449281007705E+00
  168     8 O    -3.969422883353E+00 -5.146500686978E-01  1.491156115437E+01
  169     8 O     1.618686678852E+00 -5.146500686978E-01 -6.937559432295E+00
  170     8 O     2.216592883006E-01 -2.934372488698E+00 -1.475279285628E+00
  171     8 O    -1.175368102251E+00 -5.354094908698E+00  3.987000861038E+00
  172     8 O     3.015714069403E+00  1.905072351302E+00  3.987000861038E+00
  173     8 O     1.618686678852E+00 -5.146500686978E-01  9.449281007705E+00
  174     8 O     2.216592883006E-01 -2.934372488698E+00  1.491156115437E+01
  175     8 O     1.618686678852E+00  4.324794771302E+00  9.449281007705E+00
  176     8 O     2.216592883006E-01  1.905072351302E+00  1.491156115437E+01
  177     8 O    -1.175368102251E+00 -5.146500686978E-01  2.037384130104E+01
  178     8 O     4.412741459954E+00 -5.146500686978E-01 -1.475279285628E+00
  179     8 O     3.015714069403E+00 -2.934372488698E+00  3.987000861038E+00
  180     8 O     1.618686678852E+00 -5.354094908698E+00  9.449281007705E+00
  181     8 O    -2.572395492802E+00  1.905072351302E+00 -6.937559432295E+00
  182     8 O    -3.969422883353E+00 -5.146500686978E-01 -1.475279285628E+00
  183     8 O    -5.366450273904E+00 -2.934372488698E+00  3.987000861038E+00
  184     8 O    -3.969422883353E+00  4.324794771302E+00 -1.475279285628E+00
  185     8 O    -5.366450273904E+00  1.905072351302E+00  3.987000861038E+00
  186     8 O    -6.763477664455E+00 -5.146500686978E-01  9.449281007705E+00
  187     8 O    -1.175368102251E+00 -5.146500686978E-01 -1.239983957896E+01
  188     8 O    -2.572395492802E+00 -2.934372488698E+00 -6.937559432295E+00
  189     8 O    -3.969422883353E+00 -5.354094908698E+00 -1.475279285628E+00
  190    20 CA    1.582346535706E-16 -4.839444840000E+00  3.426457578234E-15
  191     8 O     3.636433058742E-01 -1.659148819002E+00  6.937559432295E+00
  192     8 O     3.157698086977E+00  3.180296020998E+00 -3.987000861038E+00
  193     8 O     3.636433058742E-01  3.180296020998E+00  6.937559432295E+00
  194     8 O    -1.033384084677E+00  7.605736009980E-01  1.239983957896E+01
  195     8 O     1.760670696425E+00  5.600018440998E+00  1.475279285628E+00
  196     8 O     3.157698086977E+00 -1.659148819002E+00 -3.987000861038E+00
  197     8 O     1.760670696425E+00 -4.078871239002E+00  1.475279285628E+00
  198     8 O     4.554725477528E+00  7.605736009980E-01 -9.449281007705E+00
  199     8 O    -3.827438865779E+00  7.605736009980E-01 -9.449281007705E+00
  200     8 O    -5.224466256330E+00 -1.659148819002E+00 -3.987000861038E+00
  201     8 O    -2.430411475228E+00  3.180296020998E+00 -1.491156115437E+01
  202     8 O    -5.224466256330E+00  3.180296020998E+00 -3.987000861038E+00
  203     8 O    -6.621493646882E+00  7.605736009980E-01  1.475279285628E+00
  204     8 O    -3.827438865779E+00  5.600018440998E+00 -9.449281007705E+00
  205     8 O    -2.430411475228E+00 -1.659148819002E+00 -1.491156115437E+01
  206     8 O    -3.827438865779E+00 -4.078871239002E+00 -9.449281007705E+00
  207     8 O    -1.033384084677E+00  7.605736009980E-01 -2.037384130104E+01
  208     8 O    -1.033384084677E+00  7.605736009980E-01 -3.987000861038E+00
  209     8 O    -2.430411475228E+00 -1.659148819002E+00  1.475279285628E+00
  210     8 O     3.636433058742E-01  3.180296020998E+00 -9.449281007705E+00
  211     8 O    -2.430411475228E+00  3.180296020998E+00  1.475279285628E+00
  212     8 O    -3.827438865779E+00  7.605736009980E-01  6.937559432295E+00
  213     8 O    -1.033384084677E+00  5.600018440998E+00 -3.987000861038E+00
  214     8 O     3.636433058742E-01 -1.659148819002E+00 -9.449281007705E+00
  215     8 O    -1.033384084677E+00 -4.078871239002E+00 -3.987000861038E+00
  216     8 O     1.760670696425E+00  7.605736009980E-01 -1.491156115437E+01
  217    20 CA    2.794054781102E+00 -2.013606222206E-16 -1.092456029333E+01
  218     8 O    -2.936038798676E+00 -1.275223669696E+00  6.937559432295E+00
  219     8 O    -1.419840175736E-01  3.564221170304E+00 -3.987000861038E+00
  220     8 O     1.255043372978E+00 -3.694946089696E+00 -9.449281007705E+00
  221     8 O    -1.419840175736E-01 -6.114668509696E+00 -3.987000861038E+00
  222     8 O     2.652070763529E+00 -1.275223669696E+00 -1.491156115437E+01
  223     8 O    -1.419840175736E-01 -1.275223669696E+00 -3.987000861038E+00
  224     8 O    -1.539011408125E+00 -3.694946089696E+00  1.475279285628E+00
  225     8 O     1.255043372978E+00  1.144498750304E+00 -9.449281007705E+00
  226     8 O     1.255043372978E+00  1.144498750304E+00  6.937559432295E+00
  227     8 O    -1.419840175736E-01 -1.275223669696E+00  1.239983957896E+01
  228     8 O     2.652070763529E+00  3.564221170304E+00  1.475279285628E+00
  229     8 O     4.049098154080E+00 -3.694946089696E+00 -3.987000861038E+00
  230     8 O     2.652070763529E+00 -6.114668509696E+00  1.475279285628E+00
  231     8 O     5.446125544631E+00 -1.275223669696E+00 -9.449281007705E+00
  232     8 O     2.652070763529E+00 -1.275223669696E+00  1.475279285628E+00
  233     8 O     1.255043372978E+00 -3.694946089696E+00  6.937559432295E+00
  234     8 O     4.049098154080E+00  1.144498750304E+00 -3.987000861038E+00
  235     8 O    -4.333066189227E+00  1.144498750304E+00 -3.987000861038E+00
  236     8 O    -5.730093579778E+00 -1.275223669696E+00  1.475279285628E+00
  237     8 O    -2.936038798676E+00  3.564221170304E+00 -9.449281007705E+00
  238     8 O    -1.539011408125E+00 -3.694946089696E+00 -1.491156115437E+01
  239     8 O    -2.936038798676E+00 -6.114668509696E+00 -9.449281007705E+00
  240     8 O    -1.419840175736E-01 -1.275223669696E+00 -2.037384130104E+01
  241     8 O    -2.936038798676E+00 -1.275223669696E+00 -9.449281007705E+00
  242     8 O    -4.333066189227E+00 -3.694946089696E+00 -3.987000861038E+00
  243     8 O    -1.539011408125E+00  1.144498750304E+00 -1.491156115437E+01
  244    20 CA    2.794054781102E+00 -8.954771812952E-17  5.462280146667E+00
  245     8 O     2.572395492802E+00  2.934372488698E+00 -9.449281007705E+00
  246     8 O     1.175368102251E+00  5.146500686978E-01 -3.987000861038E+00
  247     8 O    -1.618686678852E+00  5.146500686978E-01  6.937559432295E+00
  248     8 O     1.175368102251E+00  5.354094908698E+00 -3.987000861038E+00
  249     8 O    -2.216592883006E-01  2.934372488698E+00  1.475279285628E+00
  250     8 O     1.175368102251E+00 -4.324794771302E+00 -3.987000861038E+00
  251     8 O     3.969422883353E+00  5.146500686978E-01 -1.491156115437E+01
  252     8 O     2.572395492802E+00 -1.905072351302E+00 -9.449281007705E+00
  253     8 O     2.572395492802E+00 -1.905072351302E+00  6.937559432295E+00
  254     8 O     5.366450273904E+00  2.934372488698E+00 -3.987000861038E+00
  255     8 O     3.969422883353E+00  5.146500686978E-01  1.475279285628E+00
  256     8 O     1.175368102251E+00  5.146500686978E-01  1.239983957896E+01
  257     8 O     3.969422883353E+00  5.354094908698E+00  1.475279285628E+00
  258     8 O     2.572395492802E+00  2.934372488698E+00  6.937559432295E+00
  259     8 O     3.969422883353E+00 -4.324794771302E+00  1.475279285628E+00
  260     8 O     6.763477664455E+00  5.146500686978E-01 -9.449281007705E+00
  261     8 O     5.366450273904E+00 -1.905072351302E+00 -3.987000861038E+00
  262     8 O    -3.015714069403E+00 -1.905072351302E+00 -3.987000861038E+00
  263     8 O    -2.216592883006E-01  2.934372488698E+00 -1.491156115437E+01
  264     8 O    -1.618686678852E+00  5.146500686978E-01 -9.449281007705E+00
  265     8 O    -4.412741459954E+00  5.146500686978E-01  1.475279285628E+00
  266     8 O    -1.618686678852E+00  5.354094908698E+00 -9.449281007705E+00
  267     8 O    -3.015714069403E+00  2.934372488698E+00 -3.987000861038E+00
  268     8 O    -1.618686678852E+00 -4.324794771302E+00 -9.449281007705E+00
  269     8 O     1.175368102251E+00  5.146500686978E-01 -2.037384130104E+01
  270     8 O    -2.216592883006E-01 -1.905072351302E+00 -1.491156115437E+01

 *******************************************************************************
 LOCAL ATOMIC FUNCTIONS BASIS SET
 *******************************************************************************
   ATOM   X(AU)   Y(AU)   Z(AU)  N. TYPE  EXPONENT  S COEF   P COEF   D/F/G COEF
 *******************************************************************************
   1 CA   0.000   0.000   0.000
                                  1 S  
                                         1.913E+05 2.204E-04 0.000E+00 0.000E+00
                                         2.697E+04 1.925E-03 0.000E+00 0.000E+00
                                         5.696E+03 1.109E-02 0.000E+00 0.000E+00
                                         1.489E+03 4.995E-02 0.000E+00 0.000E+00
                                         4.483E+02 1.701E-01 0.000E+00 0.000E+00
                                         1.546E+02 3.685E-01 0.000E+00 0.000E+00
                                         6.037E+01 4.034E-01 0.000E+00 0.000E+00
                                         2.509E+01 1.452E-01 0.000E+00 0.000E+00
                           2-     5 SP 
                                         4.486E+02-5.750E-03 8.470E-03 0.000E+00
                                         1.057E+02-7.670E-02 6.027E-02 0.000E+00
                                         3.469E+01-1.122E-01 2.124E-01 0.000E+00
                                         1.350E+01 2.537E-01 3.771E-01 0.000E+00
                                         5.820E+00 6.880E-01 4.010E-01 0.000E+00
                                         1.819E+00 3.490E-01 1.980E-01 0.000E+00
                           6-     9 SP 
                                         2.075E+01-2.000E-03-3.650E-02 0.000E+00
                                         8.400E+00-1.255E-01-6.850E-02 0.000E+00
                                         3.597E+00-6.960E-01 1.570E-01 0.000E+00
                                         1.408E+00 1.029E+00 1.482E+00 0.000E+00
                                         7.260E-01 9.440E-01 1.025E+00 0.000E+00
                          10-    13 SP 
                                         4.530E-01 1.000E+00 1.000E+00 0.000E+00
                          14-    17 SP 
                                         2.950E-01 1.000E+00 1.000E+00 0.000E+00
                          18-    22 D  
                                         3.191E+00 0.000E+00 0.000E+00 1.600E-01
                                         8.683E-01 0.000E+00 0.000E+00 3.130E-01
                          23-    27 D  
                                         2.891E-01 0.000E+00 0.000E+00 4.060E-01
   2 MG   0.000   0.000  15.483
                                 28 S  
                                         6.837E+04 2.226E-04 0.000E+00 0.000E+00
                                         9.661E+03 1.901E-03 0.000E+00 0.000E+00
                                         2.041E+03 1.104E-02 0.000E+00 0.000E+00
                                         5.296E+02 5.005E-02 0.000E+00 0.000E+00
                                         1.592E+02 1.690E-01 0.000E+00 0.000E+00
                                         5.471E+01 3.669E-01 0.000E+00 0.000E+00
                                         2.124E+01 4.008E-01 0.000E+00 0.000E+00
                                         8.791E+00 1.487E-01 0.000E+00 0.000E+00
                          29-    32 SP 
                                         1.437E+02-6.710E-03 8.070E-03 0.000E+00
                                         3.127E+01-7.927E-02 6.401E-02 0.000E+00
                                         9.661E+00-8.088E-02 2.092E-01 0.000E+00
                                         3.726E+00 2.947E-01 3.460E-01 0.000E+00
                                         1.598E+00 5.714E-01 3.731E-01 0.000E+00
                          33-    36 SP 
                                         6.880E-01 1.000E+00 1.000E+00 0.000E+00
                          37-    40 SP 
                                         2.800E-01 1.000E+00 1.000E+00 0.000E+00
                          41-    45 D  
                                         5.000E-01 0.000E+00 0.000E+00 1.000E+00
   3 C   -5.280   0.000  -2.824
                                 46 S  
                                         4.563E+03 1.967E-03 0.000E+00 0.000E+00
                                         6.820E+02 1.523E-02 0.000E+00 0.000E+00
                                         1.550E+02 7.613E-02 0.000E+00 0.000E+00
                                         4.446E+01 2.608E-01 0.000E+00 0.000E+00
                                         1.303E+01 6.165E-01 0.000E+00 0.000E+00
                                         1.828E+00 2.210E-01 0.000E+00 0.000E+00
                          47-    50 SP 
                                         2.096E+01 1.147E-01 4.025E-02 0.000E+00
                                         4.803E+00 9.200E-01 2.376E-01 0.000E+00
                                         1.459E+00-3.031E-03 8.159E-01 0.000E+00
                          51-    54 SP 
                                         4.835E-01 1.000E+00 1.000E+00 0.000E+00
                          55-    58 SP 
                                         1.456E-01 1.000E+00 1.000E+00 0.000E+00
                          59-    63 D  
                                         2.000E+00 0.000E+00 0.000E+00 1.000E+00
                          64-    68 D  
                                         6.000E-01 0.000E+00 0.000E+00 1.000E+00
   4 C   -2.640  -4.573   2.824
   5 O   -3.327  -1.437  -2.788
                                 92 S  
                                         8.020E+03 1.080E-03 0.000E+00 0.000E+00
                                         1.338E+03 8.040E-03 0.000E+00 0.000E+00
                                         2.554E+02 5.324E-02 0.000E+00 0.000E+00
                                         6.922E+01 1.681E-01 0.000E+00 0.000E+00
                                         2.390E+01 3.581E-01 0.000E+00 0.000E+00
                                         9.264E+00 3.855E-01 0.000E+00 0.000E+00
                                         3.851E+00 1.468E-01 0.000E+00 0.000E+00
                                         1.212E+00 7.280E-02 0.000E+00 0.000E+00
                          93-    96 SP 
                                         4.943E+01-8.830E-03 9.580E-03 0.000E+00
                                         1.047E+01-9.150E-02 6.960E-02 0.000E+00
                                         3.235E+00-4.020E-02 2.065E-01 0.000E+00
                                         1.217E+00 3.790E-01 3.470E-01 0.000E+00
                          97-   100 SP 
                                         4.860E-01 1.000E+00 1.000E+00 0.000E+00
                         101-   104 SP 
                                         1.925E-01 1.000E+00 1.000E+00 0.000E+00
                         105-   109 D  
                                         2.000E+00 0.000E+00 0.000E+00 1.000E+00
                         110-   114 D  
                                         5.000E-01 0.000E+00 0.000E+00 1.000E+00
   6 O    2.908  -2.163  -2.788
   7 O    0.419   3.600  -2.788
   8 O    3.327   1.437   2.788
   9 O   -2.908   2.163   2.788
  10 O   -0.419  -3.600   2.788
  11 CA   2.640  -4.573  20.644
  12 CA   7.920   4.573   0.000
  13 CA   2.640   4.573  20.644
  14 CA   0.000  -0.000  30.967
  15 CA   5.280   9.145  10.322
  16 CA   7.920  -4.573   0.000
  17 CA   5.280  -9.145  10.322
  18 CA  10.560  -0.000 -10.322
  19 CA  -5.280   0.000 -10.322
  20 CA  -7.920  -4.573   0.000
  21 CA  -2.640   4.573 -20.644
  22 CA  -7.920   4.573   0.000
  23 CA -10.560   0.000  10.322
  24 CA  -5.280   9.145 -10.322
  25 CA  -2.640  -4.573 -20.644
  26 CA  -5.280  -9.145 -10.322
  27 CA   0.000  -0.000 -30.967
  28 CA  -2.640  -4.573  10.322
  29 MG  -2.640  -4.573  25.806
  30 MG   2.640   4.573   5.161
  31 MG  -2.640   4.573  25.806
  32 MG  -5.280   0.000  36.128
  33 MG  -0.000   9.145  15.483
  34 MG   2.640  -4.573   5.161
  35 MG   0.000  -9.145  15.483
  36 MG   5.280   0.000  -5.161
  37 MG   5.280  -0.000  25.806
  38 MG   2.640  -4.573  36.128
  39 MG   7.920   4.573  15.483
  40 MG   2.640   4.573  36.128
  41 MG   0.000   0.000  46.450
  42 MG   5.280   9.145  25.806
  43 MG   7.920  -4.573  15.483
  44 MG   5.280  -9.145  25.806
  45 MG  10.560  -0.000   5.161
  46 MG  -5.280   0.000   5.161
  47 MG  -7.920  -4.573  15.483
  48 MG  -2.640   4.573  -5.161
  49 MG  -7.920   4.573  15.483
  50 MG -10.560   0.000  25.806
  51 MG  -5.280   9.145   5.161
  52 MG  -2.640  -4.573  -5.161
  53 MG  -5.280  -9.145   5.161
  54 MG   0.000  -0.000 -15.483
  55 CA   2.640   4.573 -10.322
  56 C   -7.920  -4.573   7.498
  57 C   -2.640   4.573 -13.147
  58 C   -7.920   4.573   7.498
  59 C  -10.560   0.000  17.820
  60 C   -5.280   9.145  -2.824
  61 C   -2.640  -4.573 -13.147
  62 C   -5.280  -9.145  -2.824
  63 C    0.000   0.000 -23.469
  64 C    0.000  -0.000   7.498
  65 C   -2.640  -4.573  17.820
  66 C    2.640   4.573  -2.824
  67 C   -2.640   4.573  17.820
  68 C   -5.280   0.000  28.142
  69 C    0.000   9.145   7.498
  70 C    2.640  -4.573  -2.824
  71 C    0.000  -9.145   7.498
  72 C    5.280  -0.000 -13.147
  73 C    5.280  -0.000  17.820
  74 C    2.640  -4.573  28.142
  75 C    7.920   4.573   7.498
  76 C    2.640   4.573  28.142
  77 C    0.000  -0.000  38.464
  78 C    5.280   9.145  17.820
  79 C    7.920  -4.573   7.498
  80 C    5.280  -9.145  17.820
  81 C   10.560  -0.000  -2.824
  82 CA  -2.640   4.573  10.322
  83 C    2.640   4.573 -17.820
  84 C   -0.000  -0.000  -7.498
  85 C   -5.280  -0.000  13.147
  86 C    0.000   9.145  -7.498
  87 C   -2.640   4.573   2.824
  88 C    0.000  -9.145  -7.498
  89 C    5.280  -0.000 -28.142
  90 C    2.640  -4.573 -17.820
  91 C    2.640  -4.573  13.147
  92 C    7.920   4.573  -7.498
  93 C    5.280  -0.000   2.824
  94 C    0.000  -0.000  23.469
  95 C    5.280   9.145   2.824
  96 C    2.640   4.573  13.147
  97 C    5.280  -9.145   2.824
  98 C   10.560  -0.000 -17.820
  99 C    7.920  -4.573  -7.498
 100 C   -7.920  -4.573  -7.498
 101 C   -2.640   4.573 -28.142
 102 C   -5.280  -0.000 -17.820
 103 C  -10.560   0.000   2.824
 104 C   -5.280   9.145 -17.820
 105 C   -7.920   4.573  -7.498
 106 C   -5.280  -9.145 -17.820
 107 C    0.000   0.000 -38.464
 108 C   -2.640  -4.573 -28.142
 109 CA  -5.280   0.000  20.644
 110 O   -5.967  -6.010   7.534
 111 O   -0.687   3.135 -13.110
 112 O   -5.967   3.135   7.534
 113 O   -8.607  -1.437  17.857
 114 O   -3.327   7.708  -2.788
 115 O   -0.687  -6.010 -13.110
 116 O   -3.327 -10.583  -2.788
 117 O    1.953  -1.437 -23.432
 118 O    1.953  -1.437   7.534
 119 O   -0.687  -6.010  17.857
 120 O    4.593   3.135  -2.788
 121 O   -0.687   3.135  17.857
 122 O   -3.327  -1.437  28.179
 123 O    1.953   7.708   7.534
 124 O    4.593  -6.010  -2.788
 125 O    1.953 -10.583   7.534
 126 O    7.233  -1.437 -13.110
 127 O    7.233  -1.437  17.857
 128 O    4.593  -6.010  28.179
 129 O    9.873   3.135   7.534
 130 O    4.593   3.135  28.179
 131 O    1.953  -1.437  38.501
 132 O    7.233   7.708  17.857
 133 O    9.873  -6.010   7.534
 134 O    7.233 -10.583  17.857
 135 O   12.513  -1.437  -2.788
 136 CA  -0.000   9.145   0.000
 137 O    0.268  -6.735   7.534
 138 O    5.548   2.410 -13.110
 139 O    0.268   2.410   7.534
 140 O   -2.372  -2.163  17.857
 141 O    2.908   6.982  -2.788
 142 O   -2.372   6.982  17.857
 143 O   -5.012   2.410  28.179
 144 O    0.268  11.555   7.534
 145 O    8.188  -2.163   7.534
 146 O    5.548  -6.735  17.857
 147 O   10.828   2.410  -2.788
 148 O    5.548   2.410  17.857
 149 O    2.908  -2.163  28.179
 150 O    8.188   6.982   7.534
 151 O    2.908   6.982  28.179
 152 O    0.268   2.410  38.501
 153 O    5.548  11.555  17.857
 154 O   -2.372  -2.163 -13.110
 155 O   -5.012  -6.735  -2.788
 156 O    0.268   2.410 -23.432
 157 O   -5.012   2.410  -2.788
 158 O   -7.652  -2.163   7.534
 159 O   -2.372   6.982 -13.110
 160 O   -7.652   6.982   7.534
 161 O  -10.292   2.410  17.857
 162 O   -5.012  11.555  -2.788
 163 CA   2.640  -4.573 -10.322
 164 O   -2.221  -0.973   7.534
 165 O   -4.861  -5.545  17.857
 166 O   -2.221   8.173   7.534
 167 O   -4.861   3.600  17.857
 168 O   -7.501  -0.973  28.179
 169 O    3.059  -0.973 -13.110
 170 O    0.419  -5.545  -2.788
 171 O   -2.221 -10.118   7.534
 172 O    5.699   3.600   7.534
 173 O    3.059  -0.973  17.857
 174 O    0.419  -5.545  28.179
 175 O    3.059   8.173  17.857
 176 O    0.419   3.600  28.179
 177 O   -2.221  -0.973  38.501
 178 O    8.339  -0.973  -2.788
 179 O    5.699  -5.545   7.534
 180 O    3.059 -10.118  17.857
 181 O   -4.861   3.600 -13.110
 182 O   -7.501  -0.973  -2.788
 183 O  -10.141  -5.545   7.534
 184 O   -7.501   8.173  -2.788
 185 O  -10.141   3.600   7.534
 186 O  -12.781  -0.973  17.857
 187 O   -2.221  -0.973 -23.432
 188 O   -4.861  -5.545 -13.110
 189 O   -7.501 -10.118  -2.788
 190 CA   0.000  -9.145   0.000
 191 O    0.687  -3.135  13.110
 192 O    5.967   6.010  -7.534
 193 O    0.687   6.010  13.110
 194 O   -1.953   1.437  23.432
 195 O    3.327  10.583   2.788
 196 O    5.967  -3.135  -7.534
 197 O    3.327  -7.708   2.788
 198 O    8.607   1.437 -17.857
 199 O   -7.233   1.437 -17.857
 200 O   -9.873  -3.135  -7.534
 201 O   -4.593   6.010 -28.179
 202 O   -9.873   6.010  -7.534
 203 O  -12.513   1.437   2.788
 204 O   -7.233  10.583 -17.857
 205 O   -4.593  -3.135 -28.179
 206 O   -7.233  -7.708 -17.857
 207 O   -1.953   1.437 -38.501
 208 O   -1.953   1.437  -7.534
 209 O   -4.593  -3.135   2.788
 210 O    0.687   6.010 -17.857
 211 O   -4.593   6.010   2.788
 212 O   -7.233   1.437  13.110
 213 O   -1.953  10.583  -7.534
 214 O    0.687  -3.135 -17.857
 215 O   -1.953  -7.708  -7.534
 216 O    3.327   1.437 -28.179
 217 CA   5.280  -0.000 -20.644
 218 O   -5.548  -2.410  13.110
 219 O   -0.268   6.735  -7.534
 220 O    2.372  -6.982 -17.857
 221 O   -0.268 -11.555  -7.534
 222 O    5.012  -2.410 -28.179
 223 O   -0.268  -2.410  -7.534
 224 O   -2.908  -6.982   2.788
 225 O    2.372   2.163 -17.857
 226 O    2.372   2.163  13.110
 227 O   -0.268  -2.410  23.432
 228 O    5.012   6.735   2.788
 229 O    7.652  -6.982  -7.534
 230 O    5.012 -11.555   2.788
 231 O   10.292  -2.410 -17.857
 232 O    5.012  -2.410   2.788
 233 O    2.372  -6.982  13.110
 234 O    7.652   2.163  -7.534
 235 O   -8.188   2.163  -7.534
 236 O  -10.828  -2.410   2.788
 237 O   -5.548   6.735 -17.857
 238 O   -2.908  -6.982 -28.179
 239 O   -5.548 -11.555 -17.857
 240 O   -0.268  -2.410 -38.501
 241 O   -5.548  -2.410 -17.857
 242 O   -8.188  -6.982  -7.534
 243 O   -2.908   2.163 -28.179
 244 CA   5.280  -0.000  10.322
 245 O    4.861   5.545 -17.857
 246 O    2.221   0.973  -7.534
 247 O   -3.059   0.973  13.110
 248 O    2.221  10.118  -7.534
 249 O   -0.419   5.545   2.788
 250 O    2.221  -8.173  -7.534
 251 O    7.501   0.973 -28.179
 252 O    4.861  -3.600 -17.857
 253 O    4.861  -3.600  13.110
 254 O   10.141   5.545  -7.534
 255 O    7.501   0.973   2.788
 256 O    2.221   0.973  23.432
 257 O    7.501  10.118   2.788
 258 O    4.861   5.545  13.110
 259 O    7.501  -8.173   2.788
 260 O   12.781   0.973 -17.857
 261 O   10.141  -3.600  -7.534
 262 O   -5.699  -3.600  -7.534
 263 O   -0.419   5.545 -28.179
 264 O   -3.059   0.973 -17.857
 265 O   -8.339   0.973   2.788
 266 O   -3.059  10.118 -17.857
 267 O   -5.699   5.545  -7.534
 268 O   -3.059  -8.173 -17.857
 269 O    2.221   0.973 -38.501
 270 O   -0.419  -3.600 -28.179
 INFORMATION **** SET_MPP **** PCRYSTAL CALCULATION
 INFORMATION **** READM2 **** NEW DEFAULT: FOCK/KS MATRIX MIXING SET TO 30 %
 INFORMATION **** READM2 **** NEW DEFAULT: FULL DIRECT SCF MODE
 INFORMATION **** READM2 **** NEW DEFAULT: COULOMB BIPOLAR BUFFER SET TO 32 Mb
 INFORMATION **** READM2 **** NEW DEFAULT: EXCHANGE BIPOLAR BUFFER SET TO 32 Mb

 *******************************************************************************
 NEW DEFAULT: DFT INTEGRATION GRID INCREASED TO XLGRID
 NEW DEFAULT: DIIS ACCELERATOR ACTIVE
 USE KEYWORD NODIIS TO TURN IT OFF
 *******************************************************************************

 INFORMATION **** READM2 **** FULL DIRECT SCF (MONO AND BIEL INT) SELECTED
 INFORMATION **** MAXCYCLE **** MAX NUMBER OF SCF CYCLES SET TO         200
 INFORMATION **** TOLDEE **** SCF TOL ON TOTAL ENERGY SET TO          10
 INFORMATION **** TOLINTEG **** COULOMB AND EXCHANGE SERIES TOLERANCES MODIFIED
 INFORMATION **** BIPOSIZE **** COULOMB BIPOLAR BUFFER SET TO    32000000
 INFORMATION **** EXCHSIZE **** EXCHANGE BIPOLAR BUFFER SIZE SET TO    32000000
 *******************************************************************************
 N. OF ATOMS PER CELL       270  COULOMB OVERLAP TOL         (T1) 10**   -9
 NUMBER OF SHELLS          1620  COULOMB PENETRATION TOL     (T2) 10**   -9
 NUMBER OF AO              6183  EXCHANGE OVERLAP TOL        (T3) 10**   -9
 N. OF ELECTRONS PER CELL  2484  EXCHANGE PSEUDO OVP (F(G))  (T4) 10**   -9
 CORE ELECTRONS PER CELL   1188  EXCHANGE PSEUDO OVP (P(G))  (T5) 10**  -18
 N. OF SYMMETRY OPERATORS     6  POLE ORDER IN MONO ZONE                  4
 *******************************************************************************
 TYPE OF CALCULATION :  RESTRICTED CLOSED SHELL
 KOHN-SHAM HAMILTONIAN

 (EXCHANGE)[CORRELATION] FUNCTIONAL:(PERDEW-BURKE-ERNZERHOF)[PERDEW-BURKE-ERNZERHOF]


 HYBRID EXCHANGE - PERCENTAGE OF FOCK EXCHANGE    25.0000

 CAPPA:IS1  3;IS2  3;IS3  3; K PTS MONK NET   6; SYMMOPS:K SPACE   6;G SPACE   6

 *******************************************************************************
 MAX NUMBER OF SCF CYCLES     200  CONVERGENCE ON DELTAP        10**-20
 WEIGHT OF F(I) IN F(I+1)      30% CONVERGENCE ON ENERGY        10**-10
 SHRINK. FACT.(MONKH.)    3  3  3  NUMBER OF K POINTS IN THE IBZ      6
 SHRINKING FACTOR(GILAT NET)    3  NUMBER OF K POINTS(GILAT NET)      6
 *******************************************************************************
 *** K POINTS COORDINATES (OBLIQUE COORDINATES IN UNITS OF IS =  3)
   1-R(  0  0  0)   2-C(  1  0  0)   3-C(  1  1  0)   4-C(  2  1  0)
   5-C(  1  1  1)   6-C(  2  1  1)

 DIRECT LATTICE VECTORS COMPON. (A.U.)     RECIP. LATTICE VECTORS COMPON. (A.U.) 
        X            Y            Z              X            Y            Z
   15.8399950   -0.0000000   30.9666406      0.2644439    0.0000000    0.0676339
   -7.9199975   13.7178381   30.9666406     -0.1322220    0.2290151    0.0676339
   -7.9199975  -13.7178381   30.9666406     -0.1322220   -0.2290151    0.0676339

 DISK SPACE FOR EIGENVECTORS (FTN 10)   420524379 REALS

 SYMMETRY ADAPTION OF THE BLOCH FUNCTIONS ENABLED
 TTTTTTTTTTTTTTTTTTTTTTTTTTTTTT gordsh1     TELAPSE        4.74 TCPU        0.93

 MATRIX SIZE: P(G)18806121, F(G) 3347406, P(G) IRR 1574464, F(G) IRR  562871
 MAX G-VECTOR INDEX FOR 1- AND 2-ELECTRON INTEGRALS 165

 TTTTTTTTTTTTTTTTTTTTTTTTTTTTTT INPUT       TELAPSE        6.44 TCPU        2.62

 NEIGHBORS OF THE NON-EQUIVALENT ATOMS

 N = NUMBER OF NEIGHBORS AT DISTANCE R
    ATOM  N     R/ANG      R/AU   NEIGHBORS (ATOM LABELS AND CELL INDICES)
   1 CA   6     2.4197     4.5725    5 O    0 0 0    6 O    0 0 0    7 O    0 0 0
                                     8 O    0 0 0    9 O    0 0 0   10 O    0 0 0
   1 CA   6     3.1687     5.9880    3 C    0 0 0    4 C    0 0 0   66 C    0 0 0
                                    70 C    0 0 0   87 C    0 0 0   93 C    0 0 0
   1 CA   6     3.2918     6.2207  120 O    0 0 0  157 O    0 0 0  170 O    0 0 0
                                   209 O    0 0 0  232 O    0 0 0  249 O    0 0 0
   1 CA   6     3.9072     7.3835   30 MG   0 0 0   34 MG   0 0 0   36 MG   0 0 0
                                    46 MG   0 0 0   48 MG   0 0 0   52 MG   0 0 0
   1 CA   2     3.9677     7.4978   64 C    0 0 0   84 C    0 0 0
   1 CA   6     4.1884     7.9149  118 O    0 0 0  139 O    0 0 0  164 O    0 0 0
                                   208 O    0 0 0  223 O    0 0 0  246 O    0 0 0

   2 MG   6     2.1124     3.9918  121 O    0 0 0  140 O    0 0 0  173 O    0 0 0
                                   191 O    0 0 0  226 O    0 0 0  247 O    0 0 0
   2 MG   6     3.0554     5.7740   65 C    0 0 0   67 C    0 0 0   73 C    0 0 0
                                    85 C    0 0 0   91 C    0 0 0   96 C    0 0 0
   2 MG   6     3.4386     6.4979  119 O    0 0 0  148 O    0 0 0  167 O    0 0 0
                                   193 O    0 0 0  218 O    0 0 0  253 O    0 0 0
   2 MG   6     3.9072     7.3835   11 CA   0 0 0   13 CA   0 0 0   28 CA   0 0 0
                                    82 CA   0 0 0  109 CA   0 0 0  244 CA   0 0 0
   2 MG   6     4.0994     7.7467  127 O    0 0 0  142 O    0 0 0  165 O    0 0 0
                                   212 O    0 0 0  233 O    0 0 0  258 O    0 0 0
   2 MG   2     4.2257     7.9855   64 C    0 0 0   94 C    0 0 0

   3 C    3     1.2832     2.4250    5 O    0 0 0  157 O    0 0 0  182 O    0 0 0
   3 C    3     3.0554     5.7740   37 MG  -1 0 0   48 MG   0 0 0   52 MG   0 0 0
   3 C    3     3.1449     5.9430  208 O    0 0 0  235 O    0 0 0  262 O    0 0 0
   3 C    3     3.1687     5.9880    1 CA   0 0 0   20 CA   0 0 0   22 CA   0 0 0
   3 C    3     3.4213     6.4653    9 O    0 0 0  209 O    0 0 0  265 O    0 0 0
   3 C    3     3.5671     6.7408    7 O    0 0 0  130 O   -1 0 0  155 O    0 0 0

   5 O    1     1.2832     2.4250    3 C    0 0 0
   5 O    1     2.1124     3.9918   52 MG   0 0 0
   5 O    2     2.2224     4.1997  157 O    0 0 0  182 O    0 0 0
   5 O    1     2.4197     4.5725    1 CA   0 0 0
   5 O    2     2.9419     5.5595  155 O    0 0 0  170 O    0 0 0
   5 O    1     3.0252     5.7167  208 O    0 0 0

  11 CA   6     2.4197     4.5725  119 O    0 0 0  146 O    0 0 0  173 O    0 0 0
                                   200 O    1 0 0  227 O    0 0 0  254 O    0 0 1
  11 CA   6     3.1687     5.9880   65 C    0 0 0   73 C    0 0 0   80 C    0 0 0
                                    92 C    0 0 1   94 C    0 0 0  100 C    1 0 0
  11 CA   6     3.2918     6.2207  127 O    0 0 0  140 O    0 0 0  180 O    0 0 0
                                   192 O    0 0 1  242 O    1 0 0  256 O    0 0 0
  11 CA   6     3.9072     7.3835    2 MG   0 0 0   29 MG   0 0 0   35 MG   0 0 0
                                    37 MG   0 0 0   43 MG   0 0 0   44 MG   0 0 0
  11 CA   2     3.9677     7.4978   74 C    0 0 0   91 C    0 0 0
  11 CA   6     4.1884     7.9149  128 O    0 0 0  149 O    0 0 0  174 O    0 0 0
                                   191 O    0 0 0  233 O    0 0 0  253 O    0 0 0

  12 CA   6     2.4197     4.5725  120 O    0 0 0  147 O    0 0 0  174 O    0 0-1
                                   201 O    1 0 0  228 O    0 0 0  255 O    0 0 0
  12 CA   6     3.1687     5.9880   66 C    0 0 0   74 C    0 0-1   81 C    0 0 0
                                    93 C    0 0 0   95 C    0 0 0  101 C    1 0 0
  12 CA   6     3.2918     6.2207    8 O    0 0 0  128 O    0 0-1  141 O    0 0 0
                                   178 O    0 0 0  243 O    1 0 0  257 O    0 0 0
  12 CA   6     3.9072     7.3835   29 MG   0 0-1   30 MG   0 0 0   36 MG   0 0 0
                                    38 MG   0 0-1   44 MG   0 0-1   45 MG   0 0 0
  12 CA   2     3.9677     7.4978   75 C    0 0 0   92 C    0 0 0
  12 CA   6     4.1884     7.9149  129 O    0 0 0  150 O    0 0 0  172 O    0 0 0
                                   192 O    0 0 0  234 O    0 0 0  254 O    0 0 0

  14 CA   6     2.4197     4.5725  122 O    0 0 0  149 O    0 0 0  176 O    0 0 0
                                   203 O    1 0 0  230 O    0 1 0  257 O    0 0 1
  14 CA   6     3.1687     5.9880   68 C    0 0 0   74 C    0 0 0   76 C    0 0 0
                                    95 C    0 0 1   97 C    0 1 0  103 C    1 0 0
  14 CA   6     3.2918     6.2207  130 O    0 0 0  143 O    0 0 0  174 O    0 0 0
                                   195 O    0 0 1  236 O    1 0 0  259 O    0 1 0
  14 CA   6     3.9072     7.3835   29 MG   0 0 0   31 MG   0 0 0   32 MG   0 0 0
                                    37 MG   0 0 0   38 MG   0 0 0   40 MG   0 0 0
  14 CA   2     3.9677     7.4978   77 C    0 0 0   94 C    0 0 0
  14 CA   6     4.1884     7.9149  131 O    0 0 0  152 O    0 0 0  177 O    0 0 0
                                   194 O    0 0 0  227 O    0 0 0  256 O    0 0 0

  15 CA   6     2.4197     4.5725  123 O    0 0 0  150 O    0 0 0  177 O    0 0-1
                                   204 O    1 0 0  231 O    0 1 0  258 O    0 0 0
  15 CA   6     3.1687     5.9880   69 C    0 0 0   75 C    0 0 0   77 C    0 0-1
                                    96 C    0 0 0   98 C    0 1 0  104 C    1 0 0
  15 CA   6     3.2918     6.2207  131 O    0 0-1  144 O    0 0 0  172 O    0 0 0
                                   193 O    0 0 0  237 O    1 0 0  260 O    0 1 0
  15 CA   6     3.9072     7.3835   30 MG   0 0 0   32 MG   0 0-1   33 MG   0 0 0
                                    38 MG   0 0-1   39 MG   0 0 0   41 MG   0 0-1
  15 CA   2     3.9677     7.4978   78 C    0 0 0   95 C    0 0 0
  15 CA   6     4.1884     7.9149  132 O    0 0 0  153 O    0 0 0  175 O    0 0 0
                                   195 O    0 0 0  228 O    0 0 0  257 O    0 0 0

  19 CA   6     2.4197     4.5725  127 O   -1 0 0  154 O    0 0 0  181 O    0 0 0
                                   208 O    0 0 0  235 O    0 0 0  262 O    0 0 0
  19 CA   6     3.1687     5.9880   57 C    0 0 0   61 C    0 0 0   73 C   -1 0 0
                                    84 C    0 0 0  100 C    0 0 0  105 C    0 0 0
  19 CA   6     3.2918     6.2207  111 O    0 0 0  148 O   -1 0 0  188 O    0 0 0
                                   200 O    0 0 0  223 O    0 0 0  267 O    0 0 0
  19 CA   6     3.9072     7.3835   37 MG  -1 0 0   39 MG  -1 0 0   43 MG  -1 0 0
                                    48 MG   0 0 0   52 MG   0 0 0   54 MG   0 0 0
  19 CA   2     3.9677     7.4978    3 C    0 0 0  102 C    0 0 0
  19 CA   6     4.1884     7.9149    5 O    0 0 0  157 O    0 0 0  182 O    0 0 0
                                   199 O    0 0 0  241 O    0 0 0  264 O    0 0 0

  29 MG   6     2.1124     3.9918  122 O    0 0 0  141 O    0 0 1  174 O    0 0 0
                                   192 O    0 0 1  227 O    0 0 0  248 O    0 0 1
  29 MG   6     3.0554     5.7740   66 C    0 0 1   68 C    0 0 0   74 C    0 0 0
                                    86 C    0 0 1   92 C    0 0 1   94 C    0 0 0
  29 MG   6     3.4386     6.4979  120 O    0 0 1  149 O    0 0 0  168 O    0 0 0
                                   194 O    0 0 0  219 O    0 0 1  254 O    0 0 1
  29 MG   6     3.9072     7.3835   11 CA   0 0 0   12 CA   0 0 1   14 CA   0 0 0
                                    55 CA   0 0 1  109 CA   0 0 0  136 CA   0 0 1
  29 MG   6     4.0994     7.7467    7 O    0 0 1  128 O    0 0 0  143 O    0 0 0
                                   213 O    0 0 1  234 O    0 0 1  256 O    0 0 0
  29 MG   2     4.2257     7.9855   65 C    0 0 0   95 C    0 0 1

  30 MG   6     2.1124     3.9918    8 O    0 0 0  123 O    0 0 0  139 O    0 0 0
                                   172 O    0 0 0  228 O    0 0 0  249 O    0 0 0
  30 MG   6     3.0554     5.7740   64 C    0 0 0   69 C    0 0 0   75 C    0 0 0
                                    87 C    0 0 0   93 C    0 0 0   95 C    0 0 0
  30 MG   6     3.4386     6.4979    9 O    0 0 0  118 O    0 0 0  150 O    0 0 0
                                   166 O    0 0 0  195 O    0 0 0  255 O    0 0 0
  30 MG   6     3.9072     7.3835    1 CA   0 0 0   12 CA   0 0 0   15 CA   0 0 0
                                    82 CA   0 0 0  136 CA   0 0 0  244 CA   0 0 0
  30 MG   6     4.0994     7.7467  129 O    0 0 0  144 O    0 0 0  164 O    0 0 0
                                   211 O    0 0 0  232 O    0 0 0  257 O    0 0 0
  30 MG   2     4.2257     7.9855   66 C    0 0 0   96 C    0 0 0

  32 MG   6     2.1124     3.9918  125 O    0 1 0  144 O    0 0 1  177 O    0 0 0
                                   195 O    0 0 1  230 O    0 1 0  251 O    0 1 1
  32 MG   6     3.0554     5.7740   69 C    0 0 1   71 C    0 1 0   77 C    0 0 0
                                    89 C    0 1 1   95 C    0 0 1   97 C    0 1 0
  32 MG   6     3.4386     6.4979  123 O    0 0 1  152 O    0 0 0  171 O    0 1 0
                                   197 O    0 1 0  222 O    0 1 1  257 O    0 0 1
  32 MG   6     3.9072     7.3835   14 CA   0 0 0   15 CA   0 0 1   17 CA   0 1 0
                                   136 CA   0 0 1  190 CA   0 1 0  217 CA   0 1 1
  32 MG   6     4.0994     7.7467  131 O    0 0 0  137 O    0 1 0  166 O    0 0 1
                                   216 O    0 1 1  228 O    0 0 1  259 O    0 1 0
  32 MG   2     4.2257     7.9855   68 C    0 0 0   98 C    0 1 1

  33 MG   6     2.1124     3.9918  126 O    0 1 0  142 O    0 0 0  175 O    0 0 0
                                   193 O    0 0 0  231 O    0 1 0  252 O    0 1 0
  33 MG   6     3.0554     5.7740   67 C    0 0 0   72 C    0 1 0   78 C    0 0 0
                                    90 C    0 1 0   96 C    0 0 0   98 C    0 1 0
  33 MG   6     3.4386     6.4979  121 O    0 0 0  153 O    0 0 0  169 O    0 1 0
                                   198 O    0 1 0  220 O    0 1 0  258 O    0 0 0
  33 MG   6     3.9072     7.3835   13 CA   0 0 0   15 CA   0 0 0   18 CA   0 1 0
                                    82 CA   0 0 0  163 CA   0 1 0  217 CA   0 1 0
  33 MG   6     4.0994     7.7467  132 O    0 0 0  138 O    0 1 0  167 O    0 0 0
                                   214 O    0 1 0  226 O    0 0 0  260 O    0 1 0
  33 MG   2     4.2257     7.9855   69 C    0 0 0   99 C    0 1 0

  41 MG   6     2.1124     3.9918  134 O    0 1 0  153 O    0 0 1  186 O    1 0 0
                                   204 O    1 0 1  239 O    1 1 0  260 O    0 1 1
  41 MG   6     3.0554     5.7740   59 C    1 0 0   78 C    0 0 1   80 C    0 1 0
                                    98 C    0 1 1  104 C    1 0 1  106 C    1 1 0
  41 MG   6     3.4386     6.4979  132 O    0 0 1  161 O    1 0 0  180 O    0 1 0
                                   206 O    1 1 0  231 O    0 1 1  266 O    1 0 1
  41 MG   6     3.9072     7.3835   15 CA   0 0 1   17 CA   0 1 0   18 CA   0 1 1
                                    23 CA   1 0 0   24 CA   1 0 1   26 CA   1 1 0
  41 MG   6     4.0994     7.7467  113 O    1 0 0  146 O    0 1 0  175 O    0 0 1
                                   198 O    0 1 1  237 O    1 0 1  268 O    1 1 0
  41 MG   2     4.2257     7.9855   77 C    0 0 0  107 C    1 1 1

  56 C    3     1.2832     2.4250  110 O    0 0 0  158 O    0 0 0  183 O    0 0 0
  56 C    3     3.0554     5.7740   38 MG  -1 0 0   46 MG   0 0 0   53 MG   0 0 0
  56 C    3     3.1449     5.9430  209 O    0 0 0  236 O    0 0 0  263 O    0 0 1
  56 C    3     3.1687     5.9880   21 CA   0 0 1   23 CA   0 0 0   28 CA   0 0 0
  56 C    3     3.4213     6.4653  210 O    0 0 1  218 O    0 0 0  266 O    0 0 1
  56 C    3     3.5671     6.7408  131 O   -1 0 0  156 O    0 0 1  164 O    0 0 0

  57 C    3     1.2832     2.4250  111 O    0 0 0  159 O    0 0 0  181 O    0 0 0
  57 C    3     3.0554     5.7740   39 MG  -1 0 0   47 MG   0 0-1   54 MG   0 0 0
  57 C    3     3.1449     5.9430  210 O    0 0 0  237 O    0 0 0  264 O    0 0 0
  57 C    3     3.1687     5.9880   19 CA   0 0 0   24 CA   0 0 0   55 CA   0 0 0
  57 C    3     3.4213     6.4653  208 O    0 0 0  219 O    0 0 0  267 O    0 0 0
  57 C    3     3.5671     6.7408  132 O   -1 0 0  154 O    0 0 0  165 O    0 0-1

  58 C    3     1.2832     2.4250  112 O    0 0 0  160 O    0 0 0  185 O    0 0 0
  58 C    3     3.0554     5.7740   40 MG  -1 0 0   46 MG   0 0 0   51 MG   0 0 0
  58 C    3     3.1449     5.9430  211 O    0 0 0  238 O    0 1 0  265 O    0 0 0
  58 C    3     3.1687     5.9880   23 CA   0 0 0   25 CA   0 1 0   82 CA   0 0 0
  58 C    3     3.4213     6.4653  212 O    0 0 0  220 O    0 1 0  268 O    0 1 0
  58 C    3     3.5671     6.7408  133 O   -1 1 0  158 O    0 0 0  166 O    0 0 0

  59 C    3     1.2832     2.4250  113 O    0 0 0  161 O    0 0 0  186 O    0 0 0
  59 C    3     3.0554     5.7740   41 MG  -1 0 0   47 MG   0 0 0   49 MG   0 0 0
  59 C    3     3.1449     5.9430  212 O    0 0 0  239 O    0 1 0  266 O    0 0 1
  59 C    3     3.1687     5.9880   24 CA   0 0 1   26 CA   0 1 0  109 CA   0 0 0
  59 C    3     3.4213     6.4653  213 O    0 0 1  221 O    0 1 0  269 O    0 1 1
  59 C    3     3.5671     6.7408  134 O   -1 1 0  159 O    0 0 1  167 O    0 0 0

  60 C    3     1.2832     2.4250  114 O    0 0 0  162 O    0 0 0  184 O    0 0 0
  60 C    3     3.0554     5.7740   42 MG  -1 0 0   48 MG   0 0 0   50 MG   0 0-1
  60 C    3     3.1449     5.9430  213 O    0 0 0  240 O    0 1 0  267 O    0 0 0
  60 C    3     3.1687     5.9880   22 CA   0 0 0   27 CA   0 1 0  136 CA   0 0 0
  60 C    3     3.4213     6.4653  211 O    0 0 0  222 O    0 1 0  270 O    0 1 0
  60 C    3     3.5671     6.7408  135 O   -1 1 0  157 O    0 0 0  168 O    0 0-1

  63 C    3     1.2832     2.4250  117 O    0 0 0  156 O    0 0 0  187 O    0 0 0
  63 C    3     3.0554     5.7740   45 MG  -1 0 0   51 MG   0-1 0   53 MG   0 0-1
  63 C    3     3.1449     5.9430  216 O    0 0 0  243 O    0 0 0  270 O    0 0 0
  63 C    3     3.1687     5.9880   21 CA   0 0 0   25 CA   0 0 0  217 CA   0 0 0
  63 C    3     3.4213     6.4653  214 O    0 0 0  225 O    0 0 0  264 O    0 0 0
  63 C    3     3.5671     6.7408  129 O   -1 0 0  160 O    0-1 0  171 O    0 0-1

  64 C    3     1.2832     2.4250  118 O    0 0 0  139 O    0 0 0  164 O    0 0 0
  64 C    3     3.0554     5.7740   30 MG   0 0 0   34 MG   0 0 0   46 MG   0 0 0
  64 C    3     3.1449     5.9430    8 O    0 0 0    9 O    0 0 0   10 O    0 0 0
  64 C    3     3.1687     5.9880   28 CA   0 0 0   82 CA   0 0 0  244 CA   0 0 0
  64 C    3     3.4213     6.4653  191 O    0 0 0  226 O    0 0 0  247 O    0 0 0
  64 C    3     3.5671     6.7408  112 O    0 0 0  137 O    0 0 0  172 O    0 0 0

  65 C    3     1.2832     2.4250  119 O    0 0 0  140 O    0 0 0  165 O    0 0 0
  65 C    3     3.0554     5.7740    2 MG   0 0 0   35 MG   0 0 0   47 MG   0 0 0
  65 C    3     3.1449     5.9430  191 O    0 0 0  218 O    0 0 0  245 O    0 0 1
  65 C    3     3.1687     5.9880   11 CA   0 0 0   55 CA   0 0 1  109 CA   0 0 0
  65 C    3     3.4213     6.4653  192 O    0 0 1  227 O    0 0 0  248 O    0 0 1
  65 C    3     3.5671     6.7408  113 O    0 0 0  138 O    0 0 1  173 O    0 0 0

  68 C    3     1.2832     2.4250  122 O    0 0 0  143 O    0 0 0  168 O    0 0 0
  68 C    3     3.0554     5.7740   29 MG   0 0 0   31 MG   0 0 0   50 MG   0 0 0
  68 C    3     3.1449     5.9430  194 O    0 0 0  221 O    0 1 0  248 O    0 0 1
  68 C    3     3.1687     5.9880   14 CA   0 0 0  136 CA   0 0 1  190 CA   0 1 0
  68 C    3     3.4213     6.4653  195 O    0 0 1  230 O    0 1 0  251 O    0 1 1
  68 C    3     3.5671     6.7408  116 O    0 1 0  141 O    0 0 1  176 O    0 0 0

  77 C    3     1.2832     2.4250  131 O    0 0 0  152 O    0 0 0  177 O    0 0 0
  77 C    3     3.0554     5.7740   32 MG   0 0 0   38 MG   0 0 0   40 MG   0 0 0
  77 C    3     3.1449     5.9430  203 O    1 0 0  230 O    0 1 0  257 O    0 0 1
  77 C    3     3.1687     5.9880   15 CA   0 0 1   17 CA   0 1 0   23 CA   1 0 0
  77 C    3     3.4213     6.4653  204 O    1 0 1  239 O    1 1 0  260 O    0 1 1
  77 C    3     3.5671     6.7408  125 O    0 1 0  150 O    0 0 1  185 O    1 0 0

 110 O    1     1.2832     2.4250   56 C    0 0 0
 110 O    1     2.1124     3.9918   53 MG   0 0 0
 110 O    2     2.2224     4.1997  158 O    0 0 0  183 O    0 0 0
 110 O    1     2.4197     4.5725   28 CA   0 0 0
 110 O    2     2.9419     5.5595  156 O    0 0 1  171 O    0 0 0
 110 O    1     3.0252     5.7167  209 O    0 0 0

 111 O    1     1.2832     2.4250   57 C    0 0 0
 111 O    1     2.1124     3.9918   54 MG   0 0 0
 111 O    2     2.2224     4.1997  159 O    0 0 0  181 O    0 0 0
 111 O    1     2.4197     4.5725   55 CA   0 0 0
 111 O    2     2.9419     5.5595  154 O    0 0 0  169 O    0 0 0
 111 O    1     3.0252     5.7167  210 O    0 0 0

 112 O    1     1.2832     2.4250   58 C    0 0 0
 112 O    1     2.1124     3.9918   46 MG   0 0 0
 112 O    2     2.2224     4.1997  160 O    0 0 0  185 O    0 0 0
 112 O    1     2.4197     4.5725   82 CA   0 0 0
 112 O    2     2.9419     5.5595  158 O    0 0 0  164 O    0 0 0
 112 O    1     3.0252     5.7167  211 O    0 0 0

 113 O    1     1.2832     2.4250   59 C    0 0 0
 113 O    1     2.1124     3.9918   47 MG   0 0 0
 113 O    2     2.2224     4.1997  161 O    0 0 0  186 O    0 0 0
 113 O    1     2.4197     4.5725  109 CA   0 0 0
 113 O    2     2.9419     5.5595  159 O    0 0 1  165 O    0 0 0
 113 O    1     3.0252     5.7167  212 O    0 0 0

 114 O    1     1.2832     2.4250   60 C    0 0 0
 114 O    1     2.1124     3.9918   48 MG   0 0 0
 114 O    2     2.2224     4.1997  162 O    0 0 0  184 O    0 0 0
 114 O    1     2.4197     4.5725  136 CA   0 0 0
 114 O    2     2.9419     5.5595    7 O    0 0 0  157 O    0 0 0
 114 O    1     3.0252     5.7167  213 O    0 0 0

 115 O    1     1.2832     2.4250   61 C    0 0 0
 115 O    1     2.1124     3.9918   49 MG   0-1 0
 115 O    2     2.2224     4.1997  154 O    0 0 0  188 O    0 0 0
 115 O    1     2.4197     4.5725  163 CA   0 0 0
 115 O    2     2.9419     5.5595  161 O    0-1 0  167 O    0-1 0
 115 O    1     3.0252     5.7167  214 O    0 0 0

 116 O    1     1.2832     2.4250   62 C    0 0 0
 116 O    1     2.1124     3.9918   50 MG   0-1 0
 116 O    2     2.2224     4.1997  155 O    0 0 0  189 O    0 0 0
 116 O    1     2.4197     4.5725  190 CA   0 0 0
 116 O    2     2.9419     5.5595  162 O    0-1 1  168 O    0-1 0
 116 O    1     3.0252     5.7167  215 O    0 0 0

 117 O    1     1.2832     2.4250   63 C    0 0 0
 117 O    1     2.1124     3.9918   51 MG   0-1 0
 117 O    2     2.2224     4.1997  156 O    0 0 0  187 O    0 0 0
 117 O    1     2.4197     4.5725  217 CA   0 0 0
 117 O    2     2.9419     5.5595  160 O    0-1 0  166 O    0-1 0
 117 O    1     3.0252     5.7167  216 O    0 0 0

 118 O    1     1.2832     2.4250   64 C    0 0 0
 118 O    1     2.1124     3.9918   34 MG   0 0 0
 118 O    2     2.2224     4.1997  139 O    0 0 0  164 O    0 0 0
 118 O    1     2.4197     4.5725  244 CA   0 0 0
 118 O    2     2.9419     5.5595  137 O    0 0 0  179 O    0 0 0
 118 O    1     3.0252     5.7167    8 O    0 0 0

 119 O    1     1.2832     2.4250   65 C    0 0 0
 119 O    1     2.1124     3.9918   35 MG   0 0 0
 119 O    2     2.2224     4.1997  140 O    0 0 0  165 O    0 0 0
 119 O    1     2.4197     4.5725   11 CA   0 0 0
 119 O    2     2.9419     5.5595  138 O    0 0 1  180 O    0 0 0
 119 O    1     3.0252     5.7167  191 O    0 0 0

 120 O    1     1.2832     2.4250   66 C    0 0 0
 120 O    1     2.1124     3.9918   36 MG   0 0 0
 120 O    2     2.2224     4.1997    7 O    0 0 0  141 O    0 0 0
 120 O    1     2.4197     4.5725   12 CA   0 0 0
 120 O    2     2.9419     5.5595    6 O    0 0 0  178 O    0 0 0
 120 O    1     3.0252     5.7167  192 O    0 0 0

 121 O    1     1.2832     2.4250   67 C    0 0 0
 121 O    1     2.1124     3.9918    2 MG   0 0 0
 121 O    2     2.2224     4.1997  142 O    0 0 0  167 O    0 0 0
 121 O    1     2.4197     4.5725   13 CA   0 0 0
 121 O    2     2.9419     5.5595  140 O    0 0 0  173 O    0 0 0
 121 O    1     3.0252     5.7167  193 O    0 0 0

 122 O    1     1.2832     2.4250   68 C    0 0 0
 122 O    1     2.1124     3.9918   29 MG   0 0 0
 122 O    2     2.2224     4.1997  143 O    0 0 0  168 O    0 0 0
 122 O    1     2.4197     4.5725   14 CA   0 0 0
 122 O    2     2.9419     5.5595  141 O    0 0 1  174 O    0 0 0
 122 O    1     3.0252     5.7167  194 O    0 0 0

 123 O    1     1.2832     2.4250   69 C    0 0 0
 123 O    1     2.1124     3.9918   30 MG   0 0 0
 123 O    2     2.2224     4.1997  144 O    0 0 0  166 O    0 0 0
 123 O    1     2.4197     4.5725   15 CA   0 0 0
 123 O    2     2.9419     5.5595  139 O    0 0 0  172 O    0 0 0
 123 O    1     3.0252     5.7167  195 O    0 0 0

 124 O    1     1.2832     2.4250   70 C    0 0 0
 124 O    1     2.1124     3.9918   31 MG   0-1 0
 124 O    2     2.2224     4.1997    6 O    0 0 0  170 O    0 0 0
 124 O    1     2.4197     4.5725   16 CA   0 0 0
 124 O    2     2.9419     5.5595  143 O    0-1 0  176 O    0-1 0
 124 O    1     3.0252     5.7167  196 O    0 0 0

 125 O    1     1.2832     2.4250   71 C    0 0 0
 125 O    1     2.1124     3.9918   32 MG   0-1 0
 125 O    2     2.2224     4.1997  137 O    0 0 0  171 O    0 0 0
 125 O    1     2.4197     4.5725   17 CA   0 0 0
 125 O    2     2.9419     5.5595  144 O    0-1 1  177 O    0-1 0
 125 O    1     3.0252     5.7167  197 O    0 0 0

 126 O    1     1.2832     2.4250   72 C    0 0 0
 126 O    1     2.1124     3.9918   33 MG   0-1 0
 126 O    2     2.2224     4.1997  138 O    0 0 0  169 O    0 0 0
 126 O    1     2.4197     4.5725   18 CA   0 0 0
 126 O    2     2.9419     5.5595  142 O    0-1 0  175 O    0-1 0
 126 O    1     3.0252     5.7167  198 O    0 0 0

 127 O    1     1.2832     2.4250   73 C    0 0 0
 127 O    1     2.1124     3.9918   43 MG   0 0 0
 127 O    2     2.2224     4.1997  148 O    0 0 0  173 O    0 0 0
 127 O    1     2.4197     4.5725   19 CA   1 0 0
 127 O    2     2.9419     5.5595  146 O    0 0 0  188 O    1 0 0
 127 O    1     3.0252     5.7167  199 O    1 0 0

 128 O    1     1.2832     2.4250   74 C    0 0 0
 128 O    1     2.1124     3.9918   44 MG   0 0 0
 128 O    2     2.2224     4.1997  149 O    0 0 0  174 O    0 0 0
 128 O    1     2.4197     4.5725   20 CA   1 0 0
 128 O    2     2.9419     5.5595  147 O    0 0 1  189 O    1 0 0
 128 O    1     3.0252     5.7167  200 O    1 0 0

 129 O    1     1.2832     2.4250   75 C    0 0 0
 129 O    1     2.1124     3.9918   45 MG   0 0 0
 129 O    2     2.2224     4.1997  150 O    0 0 0  172 O    0 0 0
 129 O    1     2.4197     4.5725   21 CA   1 0 0
 129 O    2     2.9419     5.5595  145 O    0 0 0  187 O    1 0 0
 129 O    1     3.0252     5.7167  201 O    1 0 0

 130 O    1     1.2832     2.4250   76 C    0 0 0
 130 O    1     2.1124     3.9918   37 MG   0 0 0
 130 O    2     2.2224     4.1997  151 O    0 0 0  176 O    0 0 0
 130 O    1     2.4197     4.5725   22 CA   1 0 0
 130 O    2     2.9419     5.5595  149 O    0 0 0  182 O    1 0 0
 130 O    1     3.0252     5.7167  202 O    1 0 0

 131 O    1     1.2832     2.4250   77 C    0 0 0
 131 O    1     2.1124     3.9918   38 MG   0 0 0
 131 O    2     2.2224     4.1997  152 O    0 0 0  177 O    0 0 0
 131 O    1     2.4197     4.5725   23 CA   1 0 0
 131 O    2     2.9419     5.5595  150 O    0 0 1  183 O    1 0 0
 131 O    1     3.0252     5.7167  203 O    1 0 0

 132 O    1     1.2832     2.4250   78 C    0 0 0
 132 O    1     2.1124     3.9918   39 MG   0 0 0
 132 O    2     2.2224     4.1997  153 O    0 0 0  175 O    0 0 0
 132 O    1     2.4197     4.5725   24 CA   1 0 0
 132 O    2     2.9419     5.5595  148 O    0 0 0  181 O    1 0 0
 132 O    1     3.0252     5.7167  204 O    1 0 0

 133 O    1     1.2832     2.4250   79 C    0 0 0
 133 O    1     2.1124     3.9918   40 MG   0-1 0
 133 O    2     2.2224     4.1997  145 O    0 0 0  179 O    0 0 0
 133 O    1     2.4197     4.5725   25 CA   1 0 0
 133 O    2     2.9419     5.5595  152 O    0-1 0  185 O    1-1 0
 133 O    1     3.0252     5.7167  205 O    1 0 0

 134 O    1     1.2832     2.4250   80 C    0 0 0
 134 O    1     2.1124     3.9918   41 MG   0-1 0
 134 O    2     2.2224     4.1997  146 O    0 0 0  180 O    0 0 0
 134 O    1     2.4197     4.5725   26 CA   1 0 0
 134 O    2     2.9419     5.5595  153 O    0-1 1  186 O    1-1 0
 134 O    1     3.0252     5.7167  206 O    1 0 0

 135 O    1     1.2832     2.4250   81 C    0 0 0
 135 O    1     2.1124     3.9918   42 MG   0-1 0
 135 O    2     2.2224     4.1997  147 O    0 0 0  178 O    0 0 0
 135 O    1     2.4197     4.5725   27 CA   1 0 0
 135 O    2     2.9419     5.5595  151 O    0-1 0  184 O    1-1 0
 135 O    1     3.0252     5.7167  207 O    1 0 0


 SYMMETRY ALLOWED INTERNAL DEGREE(S) OF FREEDOM: 134
 TTTTTTTTTTTTTTTTTTTTTTTTTTTTTT SYMM        TELAPSE        6.50 TCPU        2.69
 TTTTTTTTTTTTTTTTTTTTTTTTTTTTTT INT_SCREEN  TELAPSE        6.83 TCPU        3.01

 *******************************************************************************
 *                                                                             *
 *                                                                             *
 *         FFFFF  RRRR   EEEE   QQQ   U   U  EEEE  N   N   CCC  Y   Y          *
 *         F      R   R  E     Q   Q  U   U  E     NN  N  C      Y Y           *
 *         FFF    RRRR   EEEE  Q   Q  U   U  EEEE  N N N  C       Y            *
 *         F      R   R  E     Q  QQ  U   U  E     N  NN  C       Y            *
 *         F      R   R  EEEE   QQ Q   UUU   EEEE  N   N   CCC    Y            *
 *                                                                             *
 *                                                                             *
 * CALCULATION OF PHONON FREQUENCIES AT A SET OF K POINTS BY USING A SUPERCELL *
 * SCHEME. THE FOLLOWING SUPERCELL HAS BEEN USED:                              *
 *     3.000     0.000     0.000                                               *
 *     0.000     3.000     0.000                                               *
 *     0.000     0.000     3.000                                               *
 * THAT PERMITS THE CALCULATION OF MODES AT    27 K POINTS                     *
 * INTENSITIES COMPUTED VIA THE BERRY PHASE APPROACH                           *
 *                                                                             *
 * REFERENCES TO BE QUOTED WHEN USING THIS MODULE:                             *
 *                                                                             *
 * F. Pascale, C.M. Zicovich-Wilson, F. Lopez, B. Civalleri                    *
 * R. Orlando, R. Dovesi                                                       *
 * The calculation of the vibration frequencies of crystalline                 *
 * compounds and its implementation in the CRYSTAL code                        *
 * J. Comput. Chem. 25 (2004) 888-897                                          *
 *                                                                             *
 * C.M. Zicovich-Wilson, F. Pascale, C. Roetti, V.R. Saunders,                 *
 * R. Orlando, R. Dovesi                                                       *
 * The calculation of the vibration frequencies of alpha-quartz:               *
 * the effect of hamiltonian and basis set                                     *
 * J. Comput. Chem. 25 (2004) 1873-1881                                        *
 *******************************************************************************



 ATOMS ISOTOPIC MASS (AMU) FOR FREQUENCY CALCULATION 

    1 CA     39.9626    2 MG     23.9850    3 C      12.0000    4 C      12.0000
    5 O      15.9949    6 O      15.9949    7 O      15.9949    8 O      15.9949
    9 O      15.9949   10 O      15.9949   11 CA     39.9626   12 CA     39.9626
   13 CA     39.9626   14 CA     39.9626   15 CA     39.9626   16 CA     39.9626
   17 CA     39.9626   18 CA     39.9626   19 CA     39.9626   20 CA     39.9626
   21 CA     39.9626   22 CA     39.9626   23 CA     39.9626   24 CA     39.9626
   25 CA     39.9626   26 CA     39.9626   27 CA     39.9626   28 CA     39.9626
   29 MG     23.9850   30 MG     23.9850   31 MG     23.9850   32 MG     23.9850
   33 MG     23.9850   34 MG     23.9850   35 MG     23.9850   36 MG     23.9850
   37 MG     23.9850   38 MG     23.9850   39 MG     23.9850   40 MG     23.9850
   41 MG     23.9850   42 MG     23.9850   43 MG     23.9850   44 MG     23.9850
   45 MG     23.9850   46 MG     23.9850   47 MG     23.9850   48 MG     23.9850
   49 MG     23.9850   50 MG     23.9850   51 MG     23.9850   52 MG     23.9850
   53 MG     23.9850   54 MG     23.9850   55 CA     39.9626   56 C      12.0000
   57 C      12.0000   58 C      12.0000   59 C      12.0000   60 C      12.0000
   61 C      12.0000   62 C      12.0000   63 C      12.0000   64 C      12.0000
   65 C      12.0000   66 C      12.0000   67 C      12.0000   68 C      12.0000
   69 C      12.0000   70 C      12.0000   71 C      12.0000   72 C      12.0000
   73 C      12.0000   74 C      12.0000   75 C      12.0000   76 C      12.0000
   77 C      12.0000   78 C      12.0000   79 C      12.0000   80 C      12.0000
   81 C      12.0000   82 CA     39.9626   83 C      12.0000   84 C      12.0000
   85 C      12.0000   86 C      12.0000   87 C      12.0000   88 C      12.0000
   89 C      12.0000   90 C      12.0000   91 C      12.0000   92 C      12.0000
   93 C      12.0000   94 C      12.0000   95 C      12.0000   96 C      12.0000
   97 C      12.0000   98 C      12.0000   99 C      12.0000  100 C      12.0000
  101 C      12.0000  102 C      12.0000  103 C      12.0000  104 C      12.0000
  105 C      12.0000  106 C      12.0000  107 C      12.0000  108 C      12.0000
  109 CA     39.9626  110 O      15.9949  111 O      15.9949  112 O      15.9949
  113 O      15.9949  114 O      15.9949  115 O      15.9949  116 O      15.9949
  117 O      15.9949  118 O      15.9949  119 O      15.9949  120 O      15.9949
  121 O      15.9949  122 O      15.9949  123 O      15.9949  124 O      15.9949
  125 O      15.9949  126 O      15.9949  127 O      15.9949  128 O      15.9949
  129 O      15.9949  130 O      15.9949  131 O      15.9949  132 O      15.9949
  133 O      15.9949  134 O      15.9949  135 O      15.9949  136 CA     39.9626
  137 O      15.9949  138 O      15.9949  139 O      15.9949  140 O      15.9949
  141 O      15.9949  142 O      15.9949  143 O      15.9949  144 O      15.9949
  145 O      15.9949  146 O      15.9949  147 O      15.9949  148 O      15.9949
  149 O      15.9949  150 O      15.9949  151 O      15.9949  152 O      15.9949
  153 O      15.9949  154 O      15.9949  155 O      15.9949  156 O      15.9949
  157 O      15.9949  158 O      15.9949  159 O      15.9949  160 O      15.9949
  161 O      15.9949  162 O      15.9949  163 CA     39.9626  164 O      15.9949
  165 O      15.9949  166 O      15.9949  167 O      15.9949  168 O      15.9949
  169 O      15.9949  170 O      15.9949  171 O      15.9949  172 O      15.9949
  173 O      15.9949  174 O      15.9949  175 O      15.9949  176 O      15.9949
  177 O      15.9949  178 O      15.9949  179 O      15.9949  180 O      15.9949
  181 O      15.9949  182 O      15.9949  183 O      15.9949  184 O      15.9949
  185 O      15.9949  186 O      15.9949  187 O      15.9949  188 O      15.9949
  189 O      15.9949  190 CA     39.9626  191 O      15.9949  192 O      15.9949
  193 O      15.9949  194 O      15.9949  195 O      15.9949  196 O      15.9949
  197 O      15.9949  198 O      15.9949  199 O      15.9949  200 O      15.9949
  201 O      15.9949  202 O      15.9949  203 O      15.9949  204 O      15.9949
  205 O      15.9949  206 O      15.9949  207 O      15.9949  208 O      15.9949
  209 O      15.9949  210 O      15.9949  211 O      15.9949  212 O      15.9949
  213 O      15.9949  214 O      15.9949  215 O      15.9949  216 O      15.9949
  217 CA     39.9626  218 O      15.9949  219 O      15.9949  220 O      15.9949
  221 O      15.9949  222 O      15.9949  223 O      15.9949  224 O      15.9949
  225 O      15.9949  226 O      15.9949  227 O      15.9949  228 O      15.9949
  229 O      15.9949  230 O      15.9949  231 O      15.9949  232 O      15.9949
  233 O      15.9949  234 O      15.9949  235 O      15.9949  236 O      15.9949
  237 O      15.9949  238 O      15.9949  239 O      15.9949  240 O      15.9949
  241 O      15.9949  242 O      15.9949  243 O      15.9949  244 CA     39.9626
  245 O      15.9949  246 O      15.9949  247 O      15.9949  248 O      15.9949
  249 O      15.9949  250 O      15.9949  251 O      15.9949  252 O      15.9949
  253 O      15.9949  254 O      15.9949  255 O      15.9949  256 O      15.9949
  257 O      15.9949  258 O      15.9949  259 O      15.9949  260 O      15.9949
  261 O      15.9949  262 O      15.9949  263 O      15.9949  264 O      15.9949
  265 O      15.9949  266 O      15.9949  267 O      15.9949  268 O      15.9949
  269 O      15.9949  270 O      15.9949
 *******************************************************************************
 *                                                                             *
 * LIST OF THE K POINTS USED FOF PHONON DISPERSION.                            *
 * IN THESE K POINTS THE DYNAMICAL MATRIX IS DIAGONALIZED                      *
 * AND THE RESULTING FREQUENCIES ARE USED FOR THERMODYNAMICS                   *
 *  K       WEIGHT       COORD                                                 *
 *      1         1.        0  0  0                                            *
 *      2         1.        0  0  1                                            *
 *      3         1.        0  0  2                                            *
 *      4         1.        0  1  0                                            *
 *      5         1.        0  1  1                                            *
 *      6         1.        0  1  2                                            *
 *      7         1.        0  2  0                                            *
 *      8         1.        0  2  1                                            *
 *      9         1.        0  2  2                                            *
 *     10         1.        1  0  0                                            *
 *     11         1.        1  0  1                                            *
 *     12         1.        1  0  2                                            *
 *     13         1.        1  1  0                                            *
 *     14         1.        1  1  1                                            *
 *     15         1.        1  1  2                                            *
 *     16         1.        1  2  0                                            *
 *     17         1.        1  2  1                                            *
 *     18         1.        1  2  2                                            *
 *     19         1.        2  0  0                                            *
 *     20         1.        2  0  1                                            *
 *     21         1.        2  0  2                                            *
 *     22         1.        2  1  0                                            *
 *     23         1.        2  1  1                                            *
 *     24         1.        2  1  2                                            *
 *     25         1.        2  2  0                                            *
 *     26         1.        2  2  1                                            *
 *     27         1.        2  2  2                                            *
 * WITH SHRINKING FACTORS: IS1 =     3 IS2 =     3 IS3 =     3                 *
 * AND RECIPROCAL LATTICE VECTORS:                                             *
 *       1.4991797    0.0000000    0.3834287                                   *
 *      -0.7495898    1.2983277    0.3834287                                   *
 *      -0.7495898   -1.2983277    0.3834287                                   *
 *******************************************************************************

 INFORMATION CONCERNING THE SCF+GRADIENT CALCULATIONS REQUIRED FOR
 GENERATING FREQUENCIES. IN PRINCIPLE 3N+1 SCF + GRADIENT
 CALCULATIONS  ARE REQUIRED;
 FOR EACH OF THEM THE REMAINING POINT SYMMETRY IS INDICATED.
 POINT SYMMETRY PERMITS TO GENERATE GRADIENTS FOR DISPLACEMENT B 
 STARTING FROM THE GRADIENT GENERATED BY DISPLACEMENT A.

   N   LABEL SYMBOL DISPLACEMENT     SYM. 

   1     EQUILIBRIUM GEOMETRY            6

   2      1   CA           DX           1
   3      1   CA           DY        GENERATED FROM LINE X WITH OP   2
   4      1   CA           DZ           3
   5      2   MG           DX           1
   6      2   MG           DY        GENERATED FROM LINE X WITH OP   2
   7      2   MG           DZ           3
   8      3   C            DX           1
   9      3   C            DY        GENERATED FROM LINE X WITH OP   2
  10      3   C            DZ           1
  11      5   O            DX           1
  12      5   O            DY           1
  13      5   O            DZ           1
 USE OF RESIDUAL SYMMETRY AFTER DISPLACEMENT

 NUMERICAL GRADIENT COMPUTED WITH A SINGLE DISPLACEMENT (+DX) FOR EACH
 CARTESIAN COORDINATE WITH RESPECT TO THE EQUILIBRIUM CONFIGURATION
 DX=  0.003 ANGSTROM
 NUMBER OF IRREDUCIBLE ATOMS                     4
 NUMBER OF SCF+GRADIENT CALCULATIONS            10

  ATOM  SYMOP  ORDER
    1      6      6
    2      3      3
    3      1      1
    5      1      1

 ATOM  : IRREDUCIBLE ATOM
 SYMOP : NUMBER OF SYMMETRY OPERATORS THAT DOESN'T MOVE THE IRREDUCIBLE ATOM
 ORDER : MAXIMUM ORDER AMONG THE OPERATORS OF THE IRREDUCIBLE ATOM

 *******************************************************************************


 GCALCO - MAX INDICES DIRECT LATTICE VECTOR    14    14    14
 NO.OF VECTORS CREATED 6999 STARS  515 RMAX   323.17960 BOHR

 CAPPA:IS1  3;IS2  3;IS3  3; K PTS MONK NET   6; SYMMOPS:K SPACE   6;G SPACE   6

 TTTTTTTTTTTTTTTTTTTTTTTTTTTTTT gordsh1     TELAPSE       15.70 TCPU        3.63

 MATRIX SIZE: P(G)18806121, F(G) 3347406, P(G) IRR 1574464, F(G) IRR  562871
 MAX G-VECTOR INDEX FOR 1- AND 2-ELECTRON INTEGRALS 165

 TTTTTTTTTTTTTTTTTTTTTTTTTTTTTT INPUT       TELAPSE       17.39 TCPU        5.31

 SYMMETRY ALLOWED INTERNAL DEGREE(S) OF FREEDOM: 134
 TTTTTTTTTTTTTTTTTTTTTTTTTTTTTT SYMM        TELAPSE       17.42 TCPU        5.34
 TTTTTTTTTTTTTTTTTTTTTTTTTTTTTT INT_SCREEN  TELAPSE       17.74 TCPU        5.66
 WARNING **** EXCBUF **** EXCH. BIPO BUFFER TOO SMALL - TO AVOID I/O SET EXCHSIZE =    60429285

 DFT PARAMETERS

     ATOM       ELECTRONS   NET CHARGE   R(ANGSTROM)
   1  20  CA     20.0000      0.0000     1.97000000
   2  12  MG     12.0000      0.0000     1.60000000
   3   6  C       6.0000      0.0000     0.77000000
   5   8  O       8.0000      0.0000     0.74000000

 SIZE OF GRID=    1097179
 TTTTTTTTTTTTTTTTTTTTTTTTTTTTTT MAKE_GRID2  TELAPSE       32.24 TCPU       20.06
 BECKE WEIGHT FUNCTION
 RADSAFE =     2.00
 TOLERANCES - DENSITY:10**- 6; POTENTIAL:10**- 9; GRID WGT:10**-14

 RADIAL INTEGRATION  - INTERVALS (POINTS,UPPER LIMIT):            1( 75,  4.0*R)

 ANGULAR INTEGRATION - INTERVALS (ACCURACY LEVEL [N. POINTS] UPPER LIMIT):
  1(  4[  86]   0.2)  2(  8[ 194]   0.5)  3( 12[ 350]   0.9)  4( 16[ 974]   3.5)
  5( 12[ 350]9999.0)
 TTTTTTTTTTTTTTTTTTTTTTTTTTTTTT INT_CALC    TELAPSE       32.46 TCPU       20.27

 *******************************************************************************
 spectra with PBE0                                                               
 CRYSTAL - SCF - TYPE OF CALCULATION :  RESTRICTED CLOSED SHELL
 *******************************************************************************

 CAPPA:IS1  3;IS2  3;IS3  3; K PTS MONK NET   6; SYMMOPS:K SPACE   6;G SPACE   6

 TTTTTTTTTTTTTTTTTTTTTTTTTTTTTT SDIK        TELAPSE      753.11 TCPU      740.20

 AAAAAAAAAAAAAAAAAAAAAAAAAAAAAAAAAAAAAAAAAAAAAAAAAAAAAAAAAAAAAAAAAAAAAAAAAAAAAAA
         ATOMIC WAVEFUNCTION(S)


 NUCLEAR CHARGE 20.0  SYMMETRY SPECIES            S    P
 N. ELECTRONS   20.0  NUMBER OF PRIMITIVE GTOS   21   13
                      NUMBER OF CONTRACTED GTOS   5    4
                      NUMBER OF CLOSED SHELLS     4    2
                      OPEN SHELL OCCUPATION       0    0

  ZNUC  SCFIT    TOTAL HF ENERGY   KINETIC ENERGY   VIRIAL THEOREM ACCURACY
  20.0     7    -6.759945013E+02  6.789840598E+02 -1.995597012E+00  3.2E-06

 NUCLEAR CHARGE 12.0  SYMMETRY SPECIES            S    P
 N. ELECTRONS   12.0  NUMBER OF PRIMITIVE GTOS   15    7
                      NUMBER OF CONTRACTED GTOS   4    3
                      NUMBER OF CLOSED SHELLS     3    1
                      OPEN SHELL OCCUPATION       0    0

  ZNUC  SCFIT    TOTAL HF ENERGY   KINETIC ENERGY   VIRIAL THEOREM ACCURACY
  12.0    10    -1.991550455E+02  2.010842408E+02 -1.990406034E+00  2.1E-06

 NUCLEAR CHARGE  6.0  SYMMETRY SPECIES            S    P
 N. ELECTRONS    6.0  NUMBER OF PRIMITIVE GTOS   11    5
                      NUMBER OF CONTRACTED GTOS   4    3
                      NUMBER OF CLOSED SHELLS     2    0
                      OPEN SHELL OCCUPATION       0    2

  ZNUC  SCFIT    TOTAL HF ENERGY   KINETIC ENERGY   VIRIAL THEOREM ACCURACY
   6.0    11    -3.768480057E+01  3.769831118E+01 -1.999641612E+00  2.0E-06

 NUCLEAR CHARGE  8.0  SYMMETRY SPECIES            S    P
 N. ELECTRONS    8.0  NUMBER OF PRIMITIVE GTOS   14    6
                      NUMBER OF CONTRACTED GTOS   4    3
                      NUMBER OF CLOSED SHELLS     2    0
                      OPEN SHELL OCCUPATION       0    4

  ZNUC  SCFIT    TOTAL HF ENERGY   KINETIC ENERGY   VIRIAL THEOREM ACCURACY
   8.0    13    -7.480044816E+01  7.461868841E+01 -2.002435848E+00  2.7E-06

 AAAAAAAAAAAAAAAAAAAAAAAAAAAAAAAAAAAAAAAAAAAAAAAAAAAAAAAAAAAAAAAAAAAAAAAAAAAAAAA

 TTTTTTTTTTTTTTTTTTTTTTTTTTTTTT MOQGAD      TELAPSE      753.62 TCPU      740.70
 TTTTTTTTTTTTTTTTTTTTTTTTTTTTTT SHELLXN     TELAPSE     1203.77 TCPU     1189.90
 TTTTTTTTTTTTTTTTTTTTTTTTTTTTTT MONMO3      TELAPSE     1213.88 TCPU     1200.00
 NUMERICALLY INTEGRATED DENSITY   2484.0071256980
 TTTTTTTTTTTTTTTTTTTTTTTTTTTTTT NUMDFT      TELAPSE     1229.47 TCPU     1215.56
 CYC   0 ETOT(AU) -3.792852800712E+04 DETOT -3.79E+04 tst  0.00E+00 PX  1.00E+00
 TTTTTTTTTTTTTTTTTTTTTTTTTTTTTT DIIS        TELAPSE     1232.31 TCPU     1218.39
 TTTTTTTTTTTTTTTTTTTTTTTTTTTTTT FDIK        TELAPSE    15567.75 TCPU    15539.32
 INSULATING STATE
 TOP OF VALENCE BANDS -    BAND   1242; K    4; EIG -3.3938001E-01 AU
 TOP OF VALENCE BANDS -    BAND   1242; K    1; EIG -3.4007001E-01 AU
 BOTTOM OF VIRTUAL BANDS - BAND   1243; K    1; EIG -4.2463683E-02 AU
 INDIRECT ENERGY BAND GAP:   8.0795 eV
 TTTTTTTTTTTTTTTTTTTTTTTTTTTTTT PDIG        TELAPSE    15708.66 TCPU    15680.04
 TTTTTTTTTTTTTTTTTTTTTTTTTTTTTT MOQGAD      TELAPSE    15708.94 TCPU    15680.32
 TTTTTTTTTTTTTTTTTTTTTTTTTTTTTT SHELLXN     TELAPSE    16197.69 TCPU    16168.01
 TTTTTTTTTTTTTTTTTTTTTTTTTTTTTT MONMO3      TELAPSE    16207.80 TCPU    16178.11
 NUMERICALLY INTEGRATED DENSITY   2484.0048963424
 TTTTTTTTTTTTTTTTTTTTTTTTTTTTTT NUMDFT      TELAPSE    16222.39 TCPU    16192.52
 CYC   1 ETOT(AU) -3.792733434242E+04 DETOT  1.19E+00 tst  0.00E+00 PX  1.00E+00
 TTTTTTTTTTTTTTTTTTTTTTTTTTTTTT DIIS        TELAPSE    16231.17 TCPU    16201.14
 DIIS TEST: 0.61574E+02 AT SCF   CYCLE   1 - MIX   30 %
 TTTTTTTTTTTTTTTTTTTTTTTTTTTTTT FDIK        TELAPSE    17598.41 TCPU    17566.41
 INSULATING STATE
 TOP OF VALENCE BANDS -    BAND   1242; K    4; EIG -1.5765786E-01 AU
 TOP OF VALENCE BANDS -    BAND   1242; K    1; EIG -1.5888867E-01 AU
 BOTTOM OF VIRTUAL BANDS - BAND   1243; K    5; EIG  6.5787835E-02 AU
 INDIRECT ENERGY BAND GAP:   6.0803 eV
 BOTTOM OF VIRTUAL BANDS - BAND   1243; K    1; EIG  6.8131996E-02 AU
 TTTTTTTTTTTTTTTTTTTTTTTTTTTTTT PDIG        TELAPSE    17739.12 TCPU    17706.98
 TTTTTTTTTTTTTTTTTTTTTTTTTTTTTT MOQGAD      TELAPSE    17739.39 TCPU    17707.25
 TTTTTTTTTTTTTTTTTTTTTTTTTTTTTT SHELLXN     TELAPSE    18223.37 TCPU    18189.88
 TTTTTTTTTTTTTTTTTTTTTTTTTTTTTT MONMO3      TELAPSE    18233.48 TCPU    18199.98
 NUMERICALLY INTEGRATED DENSITY   2484.0060495553
 TTTTTTTTTTTTTTTTTTTTTTTTTTTTTT NUMDFT      TELAPSE    18248.10 TCPU    18214.51
 CYC   2 ETOT(AU) -3.793379214086E+04 DETOT -6.46E+00 tst  1.06E-02 PX  1.69E-01
 TTTTTTTTTTTTTTTTTTTTTTTTTTTTTT DIIS        TELAPSE    18257.03 TCPU    18223.42
 DIIS TEST: 0.28548E+02 AT SCF   CYCLE   2 - DIIS ACTIVE - HISTORY:     2 CYCLES
 TTTTTTTTTTTTTTTTTTTTTTTTTTTTTT FDIK        TELAPSE    19657.92 TCPU    19622.90
 INSULATING STATE
 TOP OF VALENCE BANDS -    BAND   1242; K    4; EIG -2.1823005E-01 AU
 TOP OF VALENCE BANDS -    BAND   1242; K    1; EIG -2.1932942E-01 AU
 BOTTOM OF VIRTUAL BANDS - BAND   1243; K    1; EIG  7.6793431E-02 AU
 INDIRECT ENERGY BAND GAP:   8.0280 eV
 TTTTTTTTTTTTTTTTTTTTTTTTTTTTTT PDIG        TELAPSE    19798.32 TCPU    19763.15
 TTTTTTTTTTTTTTTTTTTTTTTTTTTTTT MOQGAD      TELAPSE    19798.60 TCPU    19763.43
 TTTTTTTTTTTTTTTTTTTTTTTTTTTTTT SHELLXN     TELAPSE    20283.17 TCPU    20247.13
 TTTTTTTTTTTTTTTTTTTTTTTTTTTTTT MONMO3      TELAPSE    20293.28 TCPU    20257.23
 NUMERICALLY INTEGRATED DENSITY   2484.0054871924
 TTTTTTTTTTTTTTTTTTTTTTTTTTTTTT NUMDFT      TELAPSE    20307.89 TCPU    20271.78
 CYC   3 ETOT(AU) -3.793732268397E+04 DETOT -3.53E+00 tst  3.15E-03 PX  7.83E-02
 TTTTTTTTTTTTTTTTTTTTTTTTTTTTTT DIIS        TELAPSE    20316.94 TCPU    20280.82
 DIIS TEST: 0.98924E+00 AT SCF   CYCLE   3 - DIIS ACTIVE - HISTORY:     3 CYCLES
 TTTTTTTTTTTTTTTTTTTTTTTTTTTTTT FDIK        TELAPSE    21750.77 TCPU    21713.20
 INSULATING STATE
 TOP OF VALENCE BANDS -    BAND   1242; K    4; EIG -2.2845814E-01 AU
 TOP OF VALENCE BANDS -    BAND   1242; K    1; EIG -2.2952573E-01 AU
 BOTTOM OF VIRTUAL BANDS - BAND   1243; K    5; EIG  6.3575302E-02 AU
 INDIRECT ENERGY BAND GAP:   7.9466 eV
 BOTTOM OF VIRTUAL BANDS - BAND   1243; K    1; EIG  6.4280636E-02 AU
 TTTTTTTTTTTTTTTTTTTTTTTTTTTTTT PDIG        TELAPSE    21891.20 TCPU    21853.49
 TTTTTTTTTTTTTTTTTTTTTTTTTTTTTT MOQGAD      TELAPSE    21891.48 TCPU    21853.76
 TTTTTTTTTTTTTTTTTTTTTTTTTTTTTT SHELLXN     TELAPSE    22376.03 TCPU    22337.45
 TTTTTTTTTTTTTTTTTTTTTTTTTTTTTT MONMO3      TELAPSE    22386.14 TCPU    22347.55
 NUMERICALLY INTEGRATED DENSITY   2484.0054613293
 TTTTTTTTTTTTTTTTTTTTTTTTTTTTTT NUMDFT      TELAPSE    22400.70 TCPU    22362.07
 CYC   4 ETOT(AU) -3.793744385833E+04 DETOT -1.21E-01 tst  1.00E-04 PX  2.04E-02
 TTTTTTTTTTTTTTTTTTTTTTTTTTTTTT DIIS        TELAPSE    22409.79 TCPU    22371.15
 DIIS TEST: 0.21654E-01 AT SCF   CYCLE   4 - DIIS ACTIVE - HISTORY:     4 CYCLES
 TTTTTTTTTTTTTTTTTTTTTTTTTTTTTT FDIK        TELAPSE    24188.12 TCPU    24147.67
 INSULATING STATE
 TOP OF VALENCE BANDS -    BAND   1242; K    4; EIG -2.2768660E-01 AU
 TOP OF VALENCE BANDS -    BAND   1242; K    1; EIG -2.2876315E-01 AU
 BOTTOM OF VIRTUAL BANDS - BAND   1243; K    5; EIG  6.5229167E-02 AU
 INDIRECT ENERGY BAND GAP:   7.9706 eV
 BOTTOM OF VIRTUAL BANDS - BAND   1243; K    1; EIG  6.5816899E-02 AU
 TTTTTTTTTTTTTTTTTTTTTTTTTTTTTT PDIG        TELAPSE    24328.87 TCPU    24288.27
 TTTTTTTTTTTTTTTTTTTTTTTTTTTTTT MOQGAD      TELAPSE    24329.14 TCPU    24288.55
 TTTTTTTTTTTTTTTTTTTTTTTTTTTTTT SHELLXN     TELAPSE    24813.69 TCPU    24772.21
 TTTTTTTTTTTTTTTTTTTTTTTTTTTTTT MONMO3      TELAPSE    24823.81 TCPU    24782.31
 NUMERICALLY INTEGRATED DENSITY   2484.0054572840
 TTTTTTTTTTTTTTTTTTTTTTTTTTTTTT NUMDFT      TELAPSE    24838.35 TCPU    24796.62
 CYC   5 ETOT(AU) -3.793744610788E+04 DETOT -2.25E-03 tst  6.94E-07 PX  2.54E-03
 TTTTTTTTTTTTTTTTTTTTTTTTTTTTTT DIIS        TELAPSE    24847.45 TCPU    24805.71
 DIIS TEST: 0.70787E-03 AT SCF   CYCLE   5 - DIIS ACTIVE - HISTORY:     5 CYCLES
 TTTTTTTTTTTTTTTTTTTTTTTTTTTTTT FDIK        TELAPSE    26727.00 TCPU    26683.34
 INSULATING STATE
 TOP OF VALENCE BANDS -    BAND   1242; K    4; EIG -2.2791899E-01 AU
 TOP OF VALENCE BANDS -    BAND   1242; K    1; EIG -2.2899367E-01 AU
 BOTTOM OF VIRTUAL BANDS - BAND   1243; K    5; EIG  6.5188528E-02 AU
 INDIRECT ENERGY BAND GAP:   7.9759 eV
 BOTTOM OF VIRTUAL BANDS - BAND   1243; K    1; EIG  6.5762123E-02 AU
 TTTTTTTTTTTTTTTTTTTTTTTTTTTTTT PDIG        TELAPSE    26867.57 TCPU    26823.77
 TTTTTTTTTTTTTTTTTTTTTTTTTTTTTT MOQGAD      TELAPSE    26867.85 TCPU    26824.04
 TTTTTTTTTTTTTTTTTTTTTTTTTTTTTT SHELLXN     TELAPSE    27352.35 TCPU    27307.68
 TTTTTTTTTTTTTTTTTTTTTTTTTTTTTT MONMO3      TELAPSE    27362.46 TCPU    27317.78
 NUMERICALLY INTEGRATED DENSITY   2484.0054585586
 TTTTTTTTTTTTTTTTTTTTTTTTTTTTTT NUMDFT      TELAPSE    27376.94 TCPU    27332.23
 CYC   6 ETOT(AU) -3.793744621358E+04 DETOT -1.06E-04 tst  6.27E-08 PX  9.46E-04
 TTTTTTTTTTTTTTTTTTTTTTTTTTTTTT DIIS        TELAPSE    27386.17 TCPU    27341.44
 DIIS TEST: 0.21209E-03 AT SCF   CYCLE   6 - DIIS ACTIVE - HISTORY:     6 CYCLES
 TTTTTTTTTTTTTTTTTTTTTTTTTTTTTT FDIK        TELAPSE    29803.34 TCPU    29756.19
 INSULATING STATE
 TOP OF VALENCE BANDS -    BAND   1242; K    4; EIG -2.2786729E-01 AU
 TOP OF VALENCE BANDS -    BAND   1242; K    1; EIG -2.2894281E-01 AU
 BOTTOM OF VIRTUAL BANDS - BAND   1243; K    5; EIG  6.5228960E-02 AU
 INDIRECT ENERGY BAND GAP:   7.9756 eV
 BOTTOM OF VIRTUAL BANDS - BAND   1243; K    1; EIG  6.5802507E-02 AU
 TTTTTTTTTTTTTTTTTTTTTTTTTTTTTT PDIG        TELAPSE    29944.04 TCPU    29896.74
 TTTTTTTTTTTTTTTTTTTTTTTTTTTTTT MOQGAD      TELAPSE    29944.32 TCPU    29897.02
 TTTTTTTTTTTTTTTTTTTTTTTTTTTTTT SHELLXN     TELAPSE    30428.84 TCPU    30380.68
 TTTTTTTTTTTTTTTTTTTTTTTTTTTTTT MONMO3      TELAPSE    30438.95 TCPU    30390.78
 NUMERICALLY INTEGRATED DENSITY   2484.0054570024
 TTTTTTTTTTTTTTTTTTTTTTTTTTTTTT NUMDFT      TELAPSE    30453.40 TCPU    30405.19
 CYC   7 ETOT(AU) -3.793744623939E+04 DETOT -2.58E-05 tst  1.24E-08 PX  2.21E-04
 TTTTTTTTTTTTTTTTTTTTTTTTTTTTTT DIIS        TELAPSE    30462.76 TCPU    30414.55
 DIIS TEST: 0.17297E-04 AT SCF   CYCLE   7 - DIIS ACTIVE - HISTORY:     7 CYCLES
 TTTTTTTTTTTTTTTTTTTTTTTTTTTTTT FDIK        TELAPSE    32168.99 TCPU    32119.05
 INSULATING STATE
 TOP OF VALENCE BANDS -    BAND   1242; K    4; EIG -2.2786631E-01 AU
 TOP OF VALENCE BANDS -    BAND   1242; K    1; EIG -2.2894226E-01 AU
 BOTTOM OF VIRTUAL BANDS - BAND   1243; K    5; EIG  6.5230517E-02 AU
 INDIRECT ENERGY BAND GAP:   7.9756 eV
 BOTTOM OF VIRTUAL BANDS - BAND   1243; K    1; EIG  6.5804732E-02 AU
 TTTTTTTTTTTTTTTTTTTTTTTTTTTTTT PDIG        TELAPSE    32309.44 TCPU    32259.36
 TTTTTTTTTTTTTTTTTTTTTTTTTTTTTT MOQGAD      TELAPSE    32309.72 TCPU    32259.63
 TTTTTTTTTTTTTTTTTTTTTTTTTTTTTT SHELLXN     TELAPSE    32794.52 TCPU    32743.57
 TTTTTTTTTTTTTTTTTTTTTTTTTTTTTT MONMO3      TELAPSE    32804.63 TCPU    32753.68
 NUMERICALLY INTEGRATED DENSITY   2484.0054573328
 TTTTTTTTTTTTTTTTTTTTTTTTTTTTTT NUMDFT      TELAPSE    32819.11 TCPU    32768.12
 CYC   8 ETOT(AU) -3.793744623921E+04 DETOT  1.83E-07 tst  5.06E-10 PX  1.01E-04
 TTTTTTTTTTTTTTTTTTTTTTTTTTTTTT DIIS        TELAPSE    32828.48 TCPU    32777.49
 DIIS TEST: 0.79536E-05 AT SCF   CYCLE   8 - DIIS ACTIVE - HISTORY:     8 CYCLES
 TTTTTTTTTTTTTTTTTTTTTTTTTTTTTT FDIK        TELAPSE    35150.41 TCPU    35097.07
 INSULATING STATE
 TOP OF VALENCE BANDS -    BAND   1242; K    4; EIG -2.2786961E-01 AU
 TOP OF VALENCE BANDS -    BAND   1242; K    1; EIG -2.2894570E-01 AU
 BOTTOM OF VIRTUAL BANDS - BAND   1243; K    5; EIG  6.5227392E-02 AU
 INDIRECT ENERGY BAND GAP:   7.9756 eV
 BOTTOM OF VIRTUAL BANDS - BAND   1243; K    1; EIG  6.5801092E-02 AU
 TTTTTTTTTTTTTTTTTTTTTTTTTTTTTT PDIG        TELAPSE    35291.29 TCPU    35237.81
 TTTTTTTTTTTTTTTTTTTTTTTTTTTTTT MOQGAD      TELAPSE    35291.57 TCPU    35238.09
 TTTTTTTTTTTTTTTTTTTTTTTTTTTTTT SHELLXN     TELAPSE    35776.17 TCPU    35721.83
 TTTTTTTTTTTTTTTTTTTTTTTTTTTTTT MONMO3      TELAPSE    35786.29 TCPU    35731.94
 NUMERICALLY INTEGRATED DENSITY   2484.0054571954
 TTTTTTTTTTTTTTTTTTTTTTTTTTTTTT NUMDFT      TELAPSE    35800.71 TCPU    35746.31
 CYC   9 ETOT(AU) -3.793744624068E+04 DETOT -1.47E-06 tst  4.25E-11 PX  3.52E-05
 TTTTTTTTTTTTTTTTTTTTTTTTTTTTTT DIIS        TELAPSE    35810.07 TCPU    35755.66
 DIIS TEST: 0.75485E-06 AT SCF   CYCLE   9 - DIIS ACTIVE - HISTORY:     9 CYCLES
 TTTTTTTTTTTTTTTTTTTTTTTTTTTTTT FDIK        TELAPSE    37294.22 TCPU    37238.32
 INSULATING STATE
 TOP OF VALENCE BANDS -    BAND   1242; K    4; EIG -2.2786856E-01 AU
 TOP OF VALENCE BANDS -    BAND   1242; K    1; EIG -2.2894484E-01 AU
 BOTTOM OF VIRTUAL BANDS - BAND   1243; K    5; EIG  6.5228519E-02 AU
 INDIRECT ENERGY BAND GAP:   7.9756 eV
 BOTTOM OF VIRTUAL BANDS - BAND   1243; K    1; EIG  6.5802053E-02 AU
 TTTTTTTTTTTTTTTTTTTTTTTTTTTTTT PDIG        TELAPSE    37434.92 TCPU    37378.87
 TTTTTTTTTTTTTTTTTTTTTTTTTTTTTT MOQGAD      TELAPSE    37435.20 TCPU    37379.15
 TTTTTTTTTTTTTTTTTTTTTTTTTTTTTT SHELLXN     TELAPSE    37920.02 TCPU    37863.08
 TTTTTTTTTTTTTTTTTTTTTTTTTTTTTT MONMO3      TELAPSE    37930.13 TCPU    37873.18
 NUMERICALLY INTEGRATED DENSITY   2484.0054572253
 TTTTTTTTTTTTTTTTTTTTTTTTTTTTTT NUMDFT      TELAPSE    37944.51 TCPU    37887.53
 CYC  10 ETOT(AU) -3.793744624056E+04 DETOT  1.22E-07 tst  3.01E-12 PX  6.81E-06
 TTTTTTTTTTTTTTTTTTTTTTTTTTTTTT DIIS        TELAPSE    37953.87 TCPU    37896.87
 DIIS TEST: 0.69438E-06 AT SCF   CYCLE  10 - DIIS ACTIVE - HISTORY:    10 CYCLES
 TTTTTTTTTTTTTTTTTTTTTTTTTTTTTT FDIK        TELAPSE    40918.82 TCPU    40858.84
 INSULATING STATE
 TOP OF VALENCE BANDS -    BAND   1242; K    4; EIG -2.2786891E-01 AU
 TOP OF VALENCE BANDS -    BAND   1242; K    1; EIG -2.2894514E-01 AU
 BOTTOM OF VIRTUAL BANDS - BAND   1243; K    5; EIG  6.5228196E-02 AU
 INDIRECT ENERGY BAND GAP:   7.9756 eV
 BOTTOM OF VIRTUAL BANDS - BAND   1243; K    1; EIG  6.5801696E-02 AU
 TTTTTTTTTTTTTTTTTTTTTTTTTTTTTT PDIG        TELAPSE    41059.48 TCPU    40999.35
 TTTTTTTTTTTTTTTTTTTTTTTTTTTTTT MOQGAD      TELAPSE    41059.75 TCPU    40999.63
 TTTTTTTTTTTTTTTTTTTTTTTTTTTTTT SHELLXN     TELAPSE    41544.46 TCPU    41483.48
 TTTTTTTTTTTTTTTTTTTTTTTTTTTTTT MONMO3      TELAPSE    41554.57 TCPU    41493.58
 NUMERICALLY INTEGRATED DENSITY   2484.0054572117
 TTTTTTTTTTTTTTTTTTTTTTTTTTTTTT NUMDFT      TELAPSE    41569.01 TCPU    41507.98
 CYC  11 ETOT(AU) -3.793744624065E+04 DETOT -9.77E-08 tst  1.49E-12 PX  7.64E-06
 TTTTTTTTTTTTTTTTTTTTTTTTTTTTTT DIIS        TELAPSE    41578.48 TCPU    41517.45
 DIIS TEST: 0.23157E-07 AT SCF   CYCLE  11 - DIIS ACTIVE - HISTORY:    11 CYCLES
 TTTTTTTTTTTTTTTTTTTTTTTTTTTTTT FDIK        TELAPSE    43183.64 TCPU    43120.99
 INSULATING STATE
 TOP OF VALENCE BANDS -    BAND   1242; K    4; EIG -2.2786891E-01 AU
 TOP OF VALENCE BANDS -    BAND   1242; K    1; EIG -2.2894471E-01 AU
 BOTTOM OF VIRTUAL BANDS - BAND   1243; K    5; EIG  6.5228168E-02 AU
 INDIRECT ENERGY BAND GAP:   7.9756 eV
 BOTTOM OF VIRTUAL BANDS - BAND   1243; K    1; EIG  6.5801629E-02 AU
 TTTTTTTTTTTTTTTTTTTTTTTTTTTTTT PDIG        TELAPSE    43324.31 TCPU    43261.51
 TTTTTTTTTTTTTTTTTTTTTTTTTTTTTT MOQGAD      TELAPSE    43324.59 TCPU    43261.78
 TTTTTTTTTTTTTTTTTTTTTTTTTTTTTT SHELLXN     TELAPSE    43809.44 TCPU    43745.78
 TTTTTTTTTTTTTTTTTTTTTTTTTTTTTT MONMO3      TELAPSE    43819.56 TCPU    43755.88
 NUMERICALLY INTEGRATED DENSITY   2484.0054572123
 TTTTTTTTTTTTTTTTTTTTTTTTTTTTTT NUMDFT      TELAPSE    43833.94 TCPU    43770.23
 CYC  12 ETOT(AU) -3.793744624065E+04 DETOT  7.08E-09 tst  6.84E-14 PX  5.06E-07
 TTTTTTTTTTTTTTTTTTTTTTTTTTTTTT DIIS        TELAPSE    43843.67 TCPU    43779.95
 DIIS TEST: 0.22775E-07 AT SCF   CYCLE  12 - DIIS ACTIVE - HISTORY:    12 CYCLES
 TTTTTTTTTTTTTTTTTTTTTTTTTTTTTT FDIK        TELAPSE    46499.75 TCPU    46433.36
 INSULATING STATE
 TOP OF VALENCE BANDS -    BAND   1242; K    4; EIG -2.2786890E-01 AU
 TOP OF VALENCE BANDS -    BAND   1242; K    1; EIG -2.2894474E-01 AU
 BOTTOM OF VIRTUAL BANDS - BAND   1243; K    5; EIG  6.5228182E-02 AU
 INDIRECT ENERGY BAND GAP:   7.9756 eV
 BOTTOM OF VIRTUAL BANDS - BAND   1243; K    1; EIG  6.5801642E-02 AU
 TTTTTTTTTTTTTTTTTTTTTTTTTTTTTT PDIG        TELAPSE    46640.18 TCPU    46573.65
 TTTTTTTTTTTTTTTTTTTTTTTTTTTTTT MOQGAD      TELAPSE    46640.46 TCPU    46573.93
 TTTTTTTTTTTTTTTTTTTTTTTTTTTTTT SHELLXN     TELAPSE    47123.90 TCPU    47056.49
 TTTTTTTTTTTTTTTTTTTTTTTTTTTTTT MONMO3      TELAPSE    47134.02 TCPU    47066.59
 NUMERICALLY INTEGRATED DENSITY   2484.0054572133
 TTTTTTTTTTTTTTTTTTTTTTTTTTTTTT NUMDFT      TELAPSE    47148.42 TCPU    47080.96
 CYC  13 ETOT(AU) -3.793744624064E+04 DETOT  6.60E-09 tst  5.46E-14 PX  2.21E-06
 TTTTTTTTTTTTTTTTTTTTTTTTTTTTTT DIIS        TELAPSE    47158.07 TCPU    47090.59
 DIIS TEST: 0.28230E-08 AT SCF   CYCLE  13 - DIIS ACTIVE - HISTORY:    13 CYCLES
 TTTTTTTTTTTTTTTTTTTTTTTTTTTTTT FDIK        TELAPSE    48889.76 TCPU    48820.55
 INSULATING STATE
 TOP OF VALENCE BANDS -    BAND   1242; K    4; EIG -2.2786891E-01 AU
 TOP OF VALENCE BANDS -    BAND   1242; K    1; EIG -2.2894511E-01 AU
 BOTTOM OF VIRTUAL BANDS - BAND   1243; K    5; EIG  6.5228185E-02 AU
 INDIRECT ENERGY BAND GAP:   7.9756 eV
 BOTTOM OF VIRTUAL BANDS - BAND   1243; K    1; EIG  6.5801653E-02 AU
 TTTTTTTTTTTTTTTTTTTTTTTTTTTTTT PDIG        TELAPSE    49030.43 TCPU    48961.08
 TTTTTTTTTTTTTTTTTTTTTTTTTTTTTT MOQGAD      TELAPSE    49030.71 TCPU    48961.35
 TTTTTTTTTTTTTTTTTTTTTTTTTTTTTT SHELLXN     TELAPSE    49514.04 TCPU    49443.83
 TTTTTTTTTTTTTTTTTTTTTTTTTTTTTT MONMO3      TELAPSE    49524.16 TCPU    49453.93
 NUMERICALLY INTEGRATED DENSITY   2484.0054572122
 TTTTTTTTTTTTTTTTTTTTTTTTTTTTTT NUMDFT      TELAPSE    49538.51 TCPU    49468.24
 CYC  14 ETOT(AU) -3.793744624064E+04 DETOT  1.38E-09 tst  2.52E-14 PX  5.18E-07
 TTTTTTTTTTTTTTTTTTTTTTTTTTTTTT DIIS        TELAPSE    49548.27 TCPU    49478.00
 DIIS TEST: 0.26910E-08 AT SCF   CYCLE  14 - DIIS ACTIVE - HISTORY:    14 CYCLES
 TTTTTTTTTTTTTTTTTTTTTTTTTTTTTT FDIK        TELAPSE    51243.71 TCPU    51171.74
 INSULATING STATE
 TOP OF VALENCE BANDS -    BAND   1242; K    4; EIG -2.2786890E-01 AU
 TOP OF VALENCE BANDS -    BAND   1242; K    1; EIG -2.2894500E-01 AU
 BOTTOM OF VIRTUAL BANDS - BAND   1243; K    5; EIG  6.5228189E-02 AU
 INDIRECT ENERGY BAND GAP:   7.9756 eV
 BOTTOM OF VIRTUAL BANDS - BAND   1243; K    1; EIG  6.5801649E-02 AU
 TTTTTTTTTTTTTTTTTTTTTTTTTTTTTT PDIG        TELAPSE    51384.19 TCPU    51312.07
 TTTTTTTTTTTTTTTTTTTTTTTTTTTTTT MOQGAD      TELAPSE    51384.47 TCPU    51312.35
 TTTTTTTTTTTTTTTTTTTTTTTTTTTTTT SHELLXN     TELAPSE    51867.85 TCPU    51794.87
 TTTTTTTTTTTTTTTTTTTTTTTTTTTTTT MONMO3      TELAPSE    51877.96 TCPU    51804.97
 NUMERICALLY INTEGRATED DENSITY   2484.0054572123
 TTTTTTTTTTTTTTTTTTTTTTTTTTTTTT NUMDFT      TELAPSE    51892.24 TCPU    51819.21
 CYC  15 ETOT(AU) -3.793744624064E+04 DETOT  1.56E-09 tst  1.30E-14 PX  4.44E-07
 TTTTTTTTTTTTTTTTTTTTTTTTTTTTTT DIIS        TELAPSE    51902.06 TCPU    51829.02
 DIIS TEST: 0.15116E-08 AT SCF   CYCLE  15 - DIIS ACTIVE - HISTORY:    15 CYCLES
 TTTTTTTTTTTTTTTTTTTTTTTTTTTTTT FDIK        TELAPSE    53574.73 TCPU    53500.01
 INSULATING STATE
 TOP OF VALENCE BANDS -    BAND   1242; K    4; EIG -2.2786890E-01 AU
 TOP OF VALENCE BANDS -    BAND   1242; K    1; EIG -2.2894491E-01 AU
 BOTTOM OF VIRTUAL BANDS - BAND   1243; K    5; EIG  6.5228192E-02 AU
 INDIRECT ENERGY BAND GAP:   7.9756 eV
 BOTTOM OF VIRTUAL BANDS - BAND   1243; K    1; EIG  6.5801643E-02 AU
 TTTTTTTTTTTTTTTTTTTTTTTTTTTTTT PDIG        TELAPSE    53715.22 TCPU    53640.36
 TTTTTTTTTTTTTTTTTTTTTTTTTTTTTT MOQGAD      TELAPSE    53715.50 TCPU    53640.63
 TTTTTTTTTTTTTTTTTTTTTTTTTTTTTT SHELLXN     TELAPSE    54198.94 TCPU    54123.22
 TTTTTTTTTTTTTTTTTTTTTTTTTTTTTT MONMO3      TELAPSE    54209.06 TCPU    54133.32
 NUMERICALLY INTEGRATED DENSITY   2484.0054572124
 TTTTTTTTTTTTTTTTTTTTTTTTTTTTTT NUMDFT      TELAPSE    54223.38 TCPU    54147.62
 CYC  16 ETOT(AU) -3.793744624064E+04 DETOT  1.22E-09 tst  4.12E-15 PX  4.44E-07
 TTTTTTTTTTTTTTTTTTTTTTTTTTTTTT DIIS        TELAPSE    54233.37 TCPU    54157.59
 DIIS TEST: 0.15084E-08 AT SCF   CYCLE  16 - DIIS ACTIVE - HISTORY:    16 CYCLES
 TTTTTTTTTTTTTTTTTTTTTTTTTTTTTT FDIK        TELAPSE    55717.33 TCPU    55640.06
 INSULATING STATE
 TOP OF VALENCE BANDS -    BAND   1242; K    4; EIG -2.2786890E-01 AU
 TOP OF VALENCE BANDS -    BAND   1242; K    1; EIG -2.2894494E-01 AU
 BOTTOM OF VIRTUAL BANDS - BAND   1243; K    5; EIG  6.5228190E-02 AU
 INDIRECT ENERGY BAND GAP:   7.9756 eV
 BOTTOM OF VIRTUAL BANDS - BAND   1243; K    1; EIG  6.5801642E-02 AU
 TTTTTTTTTTTTTTTTTTTTTTTTTTTTTT PDIG        TELAPSE    55857.94 TCPU    55780.53
 TTTTTTTTTTTTTTTTTTTTTTTTTTTTTT MOQGAD      TELAPSE    55858.21 TCPU    55780.80
 TTTTTTTTTTTTTTTTTTTTTTTTTTTTTT SHELLXN     TELAPSE    56341.63 TCPU    56263.36
 TTTTTTTTTTTTTTTTTTTTTTTTTTTTTT MONMO3      TELAPSE    56351.75 TCPU    56273.46
 NUMERICALLY INTEGRATED DENSITY   2484.0054572124
 TTTTTTTTTTTTTTTTTTTTTTTTTTTTTT NUMDFT      TELAPSE    56366.09 TCPU    56287.78
 CYC  17 ETOT(AU) -3.793744624064E+04 DETOT  3.64E-10 tst  3.59E-15 PX  1.26E-07
 TTTTTTTTTTTTTTTTTTTTTTTTTTTTTT DIIS        TELAPSE    56376.14 TCPU    56297.81
 DIIS TEST: 0.15082E-08 AT SCF   CYCLE  17 - DIIS ACTIVE - HISTORY:    17 CYCLES
 TTTTTTTTTTTTTTTTTTTTTTTTTTTTTT FDIK        TELAPSE    57757.94 TCPU    57678.22
 INSULATING STATE
 TOP OF VALENCE BANDS -    BAND   1242; K    4; EIG -2.2786890E-01 AU
 TOP OF VALENCE BANDS -    BAND   1242; K    1; EIG -2.2894493E-01 AU
 BOTTOM OF VIRTUAL BANDS - BAND   1243; K    5; EIG  6.5228187E-02 AU
 INDIRECT ENERGY BAND GAP:   7.9756 eV
 BOTTOM OF VIRTUAL BANDS - BAND   1243; K    1; EIG  6.5801636E-02 AU
 TTTTTTTTTTTTTTTTTTTTTTTTTTTTTT PDIG        TELAPSE    57898.46 TCPU    57818.59
 TTTTTTTTTTTTTTTTTTTTTTTTTTTTTT MOQGAD      TELAPSE    57898.73 TCPU    57818.87
 TTTTTTTTTTTTTTTTTTTTTTTTTTTTTT SHELLXN     TELAPSE    58382.44 TCPU    58301.72
 TTTTTTTTTTTTTTTTTTTTTTTTTTTTTT MONMO3      TELAPSE    58392.55 TCPU    58311.82
 NUMERICALLY INTEGRATED DENSITY   2484.0054572124
 TTTTTTTTTTTTTTTTTTTTTTTTTTTTTT NUMDFT      TELAPSE    58406.86 TCPU    58326.10
 CYC  18 ETOT(AU) -3.793744624064E+04 DETOT  4.29E-10 tst  2.87E-15 PX  6.19E-08
 TTTTTTTTTTTTTTTTTTTTTTTTTTTTTT DIIS        TELAPSE    58416.96 TCPU    58336.19
 DIIS TEST: 0.15015E-08 AT SCF   CYCLE  18 - DIIS ACTIVE - HISTORY:    18 CYCLES
 TTTTTTTTTTTTTTTTTTTTTTTTTTTTTT FDIK        TELAPSE    59812.88 TCPU    59730.71
 INSULATING STATE
 TOP OF VALENCE BANDS -    BAND   1242; K    4; EIG -2.2786890E-01 AU
 TOP OF VALENCE BANDS -    BAND   1242; K    1; EIG -2.2894493E-01 AU
 BOTTOM OF VIRTUAL BANDS - BAND   1243; K    5; EIG  6.5228187E-02 AU
 INDIRECT ENERGY BAND GAP:   7.9756 eV
 BOTTOM OF VIRTUAL BANDS - BAND   1243; K    1; EIG  6.5801634E-02 AU
 TTTTTTTTTTTTTTTTTTTTTTTTTTTTTT PDIG        TELAPSE    59953.61 TCPU    59871.29
 TTTTTTTTTTTTTTTTTTTTTTTTTTTTTT MOQGAD      TELAPSE    59953.89 TCPU    59871.57
 TTTTTTTTTTTTTTTTTTTTTTTTTTTTTT SHELLXN     TELAPSE    60437.24 TCPU    60354.06
 TTTTTTTTTTTTTTTTTTTTTTTTTTTTTT MONMO3      TELAPSE    60447.35 TCPU    60364.16
 NUMERICALLY INTEGRATED DENSITY   2484.0054572124
 TTTTTTTTTTTTTTTTTTTTTTTTTTTTTT NUMDFT      TELAPSE    60461.67 TCPU    60378.45
 CYC  19 ETOT(AU) -3.793744624063E+04 DETOT  6.55E-10 tst  2.87E-15 PX  1.44E-07
 TTTTTTTTTTTTTTTTTTTTTTTTTTTTTT DIIS        TELAPSE    60471.92 TCPU    60388.68
 DIIS TEST: 0.12273E-08 AT SCF   CYCLE  19 - DIIS ACTIVE - HISTORY:    19 CYCLES
 TTTTTTTTTTTTTTTTTTTTTTTTTTTTTT FDIK        TELAPSE    61765.04 TCPU    61680.51
 INSULATING STATE
 TOP OF VALENCE BANDS -    BAND   1242; K    4; EIG -2.2786890E-01 AU
 TOP OF VALENCE BANDS -    BAND   1242; K    1; EIG -2.2894494E-01 AU
 BOTTOM OF VIRTUAL BANDS - BAND   1243; K    5; EIG  6.5228187E-02 AU
 INDIRECT ENERGY BAND GAP:   7.9756 eV
 BOTTOM OF VIRTUAL BANDS - BAND   1243; K    1; EIG  6.5801634E-02 AU
 TTTTTTTTTTTTTTTTTTTTTTTTTTTTTT PDIG        TELAPSE    61905.58 TCPU    61820.91
 TTTTTTTTTTTTTTTTTTTTTTTTTTTTTT MOQGAD      TELAPSE    61905.86 TCPU    61821.18
 TTTTTTTTTTTTTTTTTTTTTTTTTTTTTT SHELLXN     TELAPSE    62389.09 TCPU    62303.55
 TTTTTTTTTTTTTTTTTTTTTTTTTTTTTT MONMO3      TELAPSE    62399.21 TCPU    62313.65
 NUMERICALLY INTEGRATED DENSITY   2484.0054572124
 TTTTTTTTTTTTTTTTTTTTTTTTTTTTTT NUMDFT      TELAPSE    62413.64 TCPU    62327.93
 CYC  20 ETOT(AU) -3.793744624063E+04 DETOT  0.00E+00 tst  2.67E-15 PX  3.47E-18
 TTTTTTTTTTTTTTTTTTTTTTTTTTTTTT DIIS        TELAPSE    62423.92 TCPU    62338.19
 DIIS TEST: 0.12273E-08 AT SCF   CYCLE  20 - DIIS ACTIVE - HISTORY:    20 CYCLES
 TTTTTTTTTTTTTTTTTTTTTTTTTTTTTT FDIK        TELAPSE    63711.46 TCPU    63624.44
 INSULATING STATE
 TOP OF VALENCE BANDS -    BAND   1242; K    4; EIG -2.2786890E-01 AU
 TOP OF VALENCE BANDS -    BAND   1242; K    1; EIG -2.2894494E-01 AU
 BOTTOM OF VIRTUAL BANDS - BAND   1243; K    5; EIG  6.5228187E-02 AU
 INDIRECT ENERGY BAND GAP:   7.9756 eV
 BOTTOM OF VIRTUAL BANDS - BAND   1243; K    1; EIG  6.5801634E-02 AU
 TTTTTTTTTTTTTTTTTTTTTTTTTTTTTT PDIG        TELAPSE    63851.73 TCPU    63764.57
 TTTTTTTTTTTTTTTTTTTTTTTTTTTTTT MOQGAD      TELAPSE    63852.01 TCPU    63764.84
 TTTTTTTTTTTTTTTTTTTTTTTTTTTTTT SHELLXN     TELAPSE    64335.33 TCPU    64247.31
 ::: PSEUDO TOTAL   ENERGY                        -3.5592829198012E+04
 ::: VIRIAL COEFFICIENT                            1.0302248863156E+00
 TTTTTTTTTTTTTTTTTTTTTTTTTTTTTT MONMO3      TELAPSE    64345.44 TCPU    64257.41
 NUMERICALLY INTEGRATED DENSITY   2484.0054572124
 EXCHANGE ENERGY: -0.225382064652E+04  CORRELATION ENERGY: -0.907963960970E+02
 TTTTTTTTTTTTTTTTTTTTTTTTTTTTTT NUMDFT      TELAPSE    64359.69 TCPU    64271.63
 CYC  21 ETOT(AU) -3.793744624063E+04 DETOT  1.16E-10 tst  2.67E-15 PX  3.47E-18

 == SCF ENDED - CONVERGENCE ON ENERGY      E(AU) -3.7937446240634E+04 CYCLES  21


 ENERGY EXPRESSION=HARTREE+FOCK EXCH*0.25000+(PBE        EXCH)*0.75000+PBE        CORR


 TOTAL ENERGY(DFT)(AU)( 21) -3.7937446240634E+04 DE 1.2E-10 tester 2.7E-15
 TTTTTTTTTTTTTTTTTTTTTTTTTTTTTT EDFT        TELAPSE    64359.72 TCPU    64271.65

 *******************************************************************************
 *                             FORCE CALCULATION                               *
 *******************************************************************************

 TTTTTTTTTTTTTTTTTTTTTTTTTTTTTT NUMDFG      TELAPSE    64449.07 TCPU    64360.85
 INFORMATION **** EXCPOG **** EXCH. BIPO BUFFER LENGTH (WORDS) =   128000000
 WARNING **** EXCPOG **** EXCH. BIPO BUFFER TOO SMALL - TO AVOID I/O SET EXCHSIZE =    60429285
 INFORMATION **** GENPOG **** BIPO BUFFER LENGTH (WORDS) =    21119400
 TTTTTTTTTTTTTTTTTTTTTTTTTTTTTT SHELXG      TELAPSE    67547.37 TCPU    67428.16

 CARTESIAN FORCES IN HARTREE/BOHR (ANALYTICAL)
   ATOM                     X                   Y                   Z
   1  20             6.647930464690E-15  4.810966440042E-15 -1.328274493241E-14
   2  12            -2.579024056753E-14 -9.159339953158E-15  1.545940529001E-05
   3   6            -5.715302387735E-05  5.426892514523E-05 -3.834381099827E-05
   4   6            -7.557477973341E-05 -2.236150799366E-05  3.834381096868E-05
   5   8            -3.597217476873E-05 -2.172007601129E-05  6.283542881010E-06
   6   8             3.679622498832E-05 -2.029277916812E-05  6.283542880825E-06
   7   8            -8.240502085281E-07  4.201285519303E-05  6.283542873831E-06
   8   8             3.597217477139E-05  2.172007599960E-05 -6.283542913392E-06
   9   8            -3.679622496090E-05  2.029277916871E-05 -6.283542888116E-06
  10   8             8.240502174098E-07 -4.201285516668E-05 -6.283542882342E-06
  11  20             5.605899229544E-05 -2.526266492466E-05 -2.767421171851E-05
  12  20             4.579387604939E-05 -2.610885466751E-05 -1.952012303952E-05
  13  20            -6.151386579653E-06  6.117984391867E-05 -2.767421169000E-05
  14  20            -3.062757685241E-14  1.058412616809E-14 -1.428911151563E-06
  15  20             3.527580900766E-05  4.734039586691E-05 -6.786373163943E-06
  16  20             2.860065965883E-07 -5.271308742829E-05  1.952012290853E-05
  17  20             2.336008096034E-05 -5.421994469427E-05 -6.786373236163E-06
  18  20             5.863589005768E-05 -6.879548806913E-06  6.786373157152E-06
  19  20             1.760950371395E-05  6.018659034927E-05  6.429619351809E-06
  20  20            -4.579387607480E-05  2.610885467674E-05  1.952012291664E-05
  21  20            -5.605899231716E-05  2.526266498330E-05  2.767421176370E-05
  22  20            -2.860066124645E-07  5.271308734696E-05 -1.952012307029E-05
  23  20            -5.863588995457E-05  6.879548809624E-06 -6.786373203578E-06
  24  20            -2.336008100521E-05  5.421994473973E-05  6.786373159983E-06
  25  20             6.151386603171E-06 -6.117984396988E-05  2.767421168565E-05
  26  20            -3.527580901836E-05 -4.734039594981E-05  6.786373160853E-06
  27  20             2.917503506185E-14  1.609823385706E-14  1.428910827322E-06
  28  20            -4.331836432844E-05  4.534357278745E-05 -6.429619318789E-06
  29  12            -3.027373522558E-05 -4.358960939274E-05  2.644139808697E-06
  30  12             8.446230492620E-06 -2.753845101443E-05  1.411462579314E-05
  31  12            -2.261284144881E-05  4.801262846923E-05  2.644139790721E-06
  32  12            -5.187332001697E-05 -1.799332969642E-05  2.326565945219E-05
  33  12             3.951574020736E-05 -3.551572318169E-05 -4.220667770342E-07
  34  12            -2.807211344741E-05  6.454575335341E-06  1.411462580213E-05
  35  12            -1.099964840813E-05 -5.197949639495E-05  4.220668400393E-07
  36  12            -1.962588294418E-05 -2.108387571480E-05 -1.411462574445E-05
  37  12             5.288657670312E-05 -4.423019102260E-06  2.644139832465E-06
  38  12             4.151934063602E-05 -3.592694803733E-05  2.326565948776E-05
  39  12             5.051538860053E-05  1.646377325670E-05  4.220668077596E-07
  40  12             1.035397938802E-05  5.392027774568E-05  2.326565949866E-05
  41  12            -9.873694205209E-15  3.100529092729E-14  4.505855412946E-14
  42  12            -1.035397937958E-05 -5.392027781848E-05 -2.326565947397E-05
  43  12            -5.051538859953E-05 -1.646377331210E-05 -4.220667703914E-07
  44  12            -4.151934060166E-05  3.592694813057E-05 -2.326565945456E-05
  45  12            -5.288657673507E-05  4.423019064411E-06 -2.644139779452E-06
  46  12             1.962588295620E-05  2.108387569350E-05  1.411462581240E-05
  47  12             1.099964842143E-05  5.197949645238E-05 -4.220667865775E-07
  48  12             2.807211345236E-05 -6.454575318356E-06 -1.411462574320E-05
  49  12            -3.951574015154E-05  3.551572315755E-05  4.220668041256E-07
  50  12             5.187332002512E-05  1.799332969800E-05 -2.326565946766E-05
  51  12             2.261284150832E-05 -4.801262853575E-05 -2.644139736449E-06
  52  12            -8.446230500336E-06  2.753845100844E-05 -1.411462577146E-05
  53  12             3.027373524380E-05  4.358960946290E-05 -2.644139772135E-06
  54  12            -1.645278566779E-15 -5.088522196199E-16 -1.545940522793E-05
  55  20             4.331836437652E-05 -4.534357272711E-05  6.429619333582E-06
  56   6            -2.746520224155E-05  1.212915566578E-04  3.695615941922E-05
  57   6             5.666550604109E-05  9.574263280953E-05  3.264142328468E-05
  58   6            -3.222460070265E-05 -8.954682907851E-05 -2.004669981263E-06
  59   6            -1.877004681421E-05 -1.748875428664E-06  1.471787491656E-05
  60   6             7.553823732751E-05  6.672074779705E-07  4.343805284858E-05
  61   6            -1.112483052897E-04  1.202451359051E-06  3.264142331984E-05
  62   6            -3.834693728451E-05  6.508442874387E-05  4.343805289576E-05
  63   6             3.073063079532E-15 -7.660538869914E-15  1.209059874657E-04
  64   6            -5.904348909263E-15  8.678243309153E-15  4.356550458950E-06
  65   6             7.343200205983E-05 -3.219759997628E-05 -5.387934302203E-05
  66   6             7.557477973231E-05  2.236150800948E-05 -3.834381095964E-05
  67   6            -6.459994054992E-05 -4.749517924812E-05 -5.387934301454E-05
  68   6             5.481484790692E-05 -4.431230565149E-05 -5.155018717378E-05
  69   6             1.187741704352E-04 -3.686021543125E-05  3.695615940556E-05
  70   6            -1.842175586039E-05 -7.663043315301E-05 -3.834381098068E-05
  71   6             9.366212919403E-05  1.686609170318E-05 -2.004670010934E-06
  72   6             5.458279921204E-05 -9.694508417163E-05  3.264142330703E-05
  73   6            -8.832061509063E-06  7.969277920859E-05 -5.387934296189E-05
  74   6             1.096815843807E-05  6.962720362635E-05 -5.155018714965E-05
  75   6            -6.143752848199E-05  7.268073738836E-05 -2.004669988267E-06
  76   6            -6.578300631723E-05 -2.531489795272E-05 -5.155018713195E-05
  77   6             3.965430650891E-15  6.083096989092E-15 -8.521200368287E-06
  78   6             7.870452895995E-06  1.712977513149E-05  1.471787489054E-05
  79   6            -9.130896817126E-05 -8.443134119167E-05  3.695615936862E-05
  80   6             1.089959399994E-05 -1.538089967994E-05  1.471787479431E-05
  81   6            -3.719130001550E-05 -6.575163624019E-05  4.343805288246E-05
  82  20             6.092786808067E-05  1.484301758753E-05 -6.429619349986E-06
  83   6            -7.343200202188E-05  3.219760000181E-05  5.387934302508E-05
  84   6             3.272773396206E-15  3.357036870710E-14 -4.356550435266E-06
  85   6            -5.458279918897E-05  9.694508416447E-05 -3.264142332024E-05
  86   6            -9.366212919042E-05 -1.686609172117E-05  2.004669999369E-06
  87   6             1.842175587107E-05  7.663043314154E-05  3.834381097159E-05
  88   6            -1.187741704249E-04  3.686021541922E-05 -3.695615940745E-05
  89   6            -5.481484785487E-05  4.431230564738E-05  5.155018714285E-05
  90   6             6.459994055202E-05  4.749517922622E-05  5.387934309969E-05
  91   6            -5.666550607101E-05 -9.574263278633E-05 -3.264142329614E-05
  92   6             2.746520225415E-05 -1.212915566148E-04 -3.695615942872E-05
  93   6             5.715302384751E-05 -5.426892509423E-05  3.834381098717E-05
  94   6            -3.151458498588E-17  9.034439862887E-15 -1.209059874301E-04
  95   6             3.834693725555E-05 -6.508442874089E-05 -4.343805287774E-05
  96   6             1.112483052271E-04 -1.202451349129E-06 -3.264142328698E-05
  97   6            -7.553823735426E-05 -6.672074580281E-07 -4.343805286830E-05
  98   6             1.877004683526E-05  1.748875459563E-06 -1.471787469190E-05
  99   6             3.222460070091E-05  8.954682908646E-05  2.004669971632E-06
 100   6             6.143752845484E-05 -7.268073740728E-05  2.004670019973E-06
 101   6            -1.096815844541E-05 -6.962720356611E-05  5.155018710438E-05
 102   6             8.832061457123E-06 -7.969277916555E-05  5.387934305303E-05
 103   6             3.719130006425E-05  6.575163621120E-05 -4.343805289890E-05
 104   6            -1.089959399177E-05  1.538089962702E-05 -1.471787482596E-05
 105   6             9.130896813660E-05  8.443134120523E-05 -3.695615943574E-05
 106   6            -7.870452878776E-06 -1.712977509565E-05 -1.471787476145E-05
 107   6             1.485805378693E-14 -1.373900992974E-14  8.521200269015E-06
 108   6             6.578300631803E-05  2.531489792153E-05  5.155018706942E-05
 109  20            -4.990760574608E-05 -3.591717897281E-05 -2.767421173626E-05
 110   8            -5.613931263892E-05 -5.999800131124E-05  4.886537035975E-05
 111   8            -5.501443972825E-05 -4.212615135085E-05  3.380137951414E-05
 112   8            -5.703419305047E-05 -5.309727064751E-06  9.448689337558E-05
 113   8            -1.225019619614E-05 -7.067759878974E-05  7.066468617933E-05
 114   8            -1.775515000923E-05 -9.449207011570E-06  3.644878181045E-05
 115   8            -9.569948325116E-05 -1.532349403608E-05  1.147466757132E-04
 116   8            -7.093736895080E-05 -5.027015804165E-05  7.416449034155E-05
 117   8            -1.521022941467E-05 -2.558730833639E-06  3.095640477513E-05
 118   8            -8.312750119783E-05 -1.305236334877E-04  1.406221418478E-04
 119   8            -8.853400767708E-05 -1.887888698915E-04  1.736910449882E-04
 120   8            -1.429663146289E-04 -1.935639764366E-04  1.512524732940E-04
 121   8            -4.635941883153E-05  1.338549155111E-05  1.212995107295E-04
 122   8             8.933059902134E-06 -6.280568758159E-06  3.646155456712E-05
 123   8            -9.447278610137E-05 -1.581080208568E-04  1.706135621939E-04
 124   8            -4.562411551345E-05  3.586683518936E-05  8.811114997283E-05
 125   8            -1.748586802911E-05 -3.747947014452E-05  8.216934914221E-05
 126   8            -5.065969099745E-05  7.888314116373E-06  1.108476444595E-04
 127   8            -1.398022350010E-04 -1.382092168383E-04  1.097653614528E-04
 128   8            -1.346991246182E-04 -2.014361812843E-04  1.222700308651E-04
 129   8            -1.354369632338E-04 -1.997394336943E-04  1.233379321267E-04
 130   8            -1.056117122736E-04 -1.613500420907E-05  9.439023728967E-05
 131   8            -9.466836175719E-05 -2.955234387608E-05  7.444253206197E-05
 132   8            -2.949372119009E-05  2.215388824419E-07  4.415119959655E-05
 133   8            -4.278440836017E-05  3.570215904700E-05  8.962509499684E-05
 134   8            -9.254045545092E-05 -1.319285959437E-04  1.433857641244E-04
 135   8             1.155370425018E-05  3.444602183898E-05 -1.779227940050E-05
 136  20             4.550786950208E-05  2.660423267066E-05  1.952012294073E-05
 137   8             3.311545507338E-05 -4.673819651683E-05  9.448689336614E-05
 138   8             6.112027672897E-05 -7.521643664321E-05  1.147466757064E-04
 139   8             1.546005329820E-04 -6.728711036908E-06  1.406221418491E-04
 140   8             1.158753368555E-05 -4.684118016896E-05  1.212995107089E-04
 141   8            -8.249532673821E-06 -5.744506064339E-05  8.811114996883E-05
 142   8             1.895938103358E-04 -5.196767858140E-05  1.097653614714E-04
 143   8             6.677917964978E-05 -8.339492365557E-05  9.439023732889E-05
 144   8            -9.526772541654E-06 -5.490346409091E-05  8.962509498574E-05
 145   8             8.002944964574E-05 -1.861907024881E-05  4.886537036452E-05
 146   8             6.733369414177E-05  2.472981829304E-05  7.066468618507E-05
 147   8             7.900391840610E-05 -3.629848458634E-05  7.416449035446E-05
 148   8             2.077629610968E-04  1.772173521060E-05  1.736910450040E-04
 149   8             9.726021519344E-07  1.087654121083E-05  3.646155451908E-05
 150   8             4.120110727887E-05  3.596529170812E-06  8.216934913529E-05
 151   8             2.417984125474E-04 -1.593477316464E-05  1.222700308803E-04
 152   8             7.292726140444E-05 -6.720903427893E-05  7.444253206331E-05
 153   8             1.605237432956E-04 -1.417808733347E-05  1.433857641245E-04
 154   8             6.398953708424E-05 -2.658082668132E-05  3.380137950844E-05
 155   8             1.706082831236E-05 -1.065180744523E-05  3.644878180027E-05
 156   8             9.821040596184E-06 -1.189307968223E-05  3.095640476680E-05
 157   8             2.391144781636E-04 -2.703047212190E-05  1.512524732897E-04
 158   8             1.841619556358E-04 -2.761822294677E-06  1.706135622097E-04
 159   8             1.849836508180E-05 -4.781673638758E-05  1.108476444634E-04
 160   8             2.406979053460E-04 -1.742213385851E-05  1.233379321394E-04
 161   8             1.455500230497E-05 -2.565308122515E-05  4.415119959859E-05
 162   8            -3.560798207461E-05 -7.217209492817E-06 -1.779227940717E-05
 163  20            -6.092786806678E-05 -1.484301763635E-05  6.429619347650E-06
 164   8            -7.147303180323E-05  1.372523445424E-04  1.406221418433E-04
 165   8            -4.979157534488E-05  1.901768954486E-04  1.097653614569E-04
 166   8            -2.389013700645E-05  7.861707156285E-05  4.886537034154E-05
 167   8            -1.192289534234E-04  1.710671346736E-04  1.736910450008E-04
 168   8            -1.070992879318E-04  2.173709544439E-04  1.222700309052E-04
 169   8            -8.975097362210E-06  6.870697806488E-05  3.380137950870E-05
 170   8            -9.614816355886E-05  2.205944485585E-04  1.512524732851E-04
 171   8            -1.052609421179E-04  2.171615676008E-04  1.233379321222E-04
 172   8             2.391873799970E-05  5.204792361415E-05  9.448689336263E-05
 173   8             3.477188512293E-05  3.345568861592E-05  1.212995107241E-04
 174   8             3.883253257648E-05  9.952992788034E-05  9.439023729170E-05
 175   8            -5.508349795907E-05  4.594778051209E-05  7.066468617889E-05
 176   8            -9.905662084082E-06 -4.595972448968E-06  3.646155454018E-05
 177   8             2.174110035260E-05  9.676137816522E-05  7.444253206275E-05
 178   8             6.943216836893E-07  2.010101445902E-05  3.644878182725E-05
 179   8            -8.968916957002E-05  1.608698431269E-04  1.706135622013E-04
 180   8             1.493871882284E-05  2.543154236225E-05  4.415119961535E-05
 181   8             3.457920656183E-05  9.053993067263E-05  1.147466757128E-04
 182   8             5.387364815441E-05  2.157822547387E-05  8.811114995573E-05
 183   8             5.231118087144E-05  1.920130498454E-05  8.962509498418E-05
 184   8            -8.066549434355E-06  8.656864262282E-05  7.416449035098E-05
 185   8            -2.371523927163E-05  3.388294097623E-05  8.216934911594E-05
 186   8            -6.798328789101E-05  1.461066832252E-04  1.433857641010E-04
 187   8             5.389188819635E-06  1.445181045843E-05  3.095640475814E-05
 188   8             3.216132589577E-05  3.992842229415E-05  1.108476444479E-04
 189   8             2.405427780722E-05 -2.722881231952E-05 -1.779227941793E-05
 190  20            -4.550786943528E-05 -2.660423271433E-05 -1.952012309799E-05
 191   8             5.501443972025E-05  4.212615133753E-05 -3.380137948912E-05
 192   8             5.613931263892E-05  5.999800135446E-05 -4.886537035942E-05
 193   8             9.569948330445E-05  1.532349398383E-05 -1.147466757032E-04
 194   8             1.521022944132E-05  2.558730796484E-06 -3.095640471632E-05
 195   8             7.093736896916E-05  5.027015803721E-05 -7.416449037752E-05
 196   8             5.703419307090E-05  5.309727042991E-06 -9.448689337813E-05
 197   8             1.775515004920E-05  9.449206986701E-06 -3.644878183354E-05
 198   8             1.225019621124E-05  7.067759878130E-05 -7.066468622988E-05
 199   8             1.398022350123E-04  1.382092168583E-04 -1.097653614630E-04
 200   8             1.354369631939E-04  1.997394337316E-04 -1.233379320985E-04
 201   8             1.346991246309E-04  2.014361813070E-04 -1.222700309142E-04
 202   8             4.278440838593E-05 -3.570215908046E-05 -8.962509498185E-05
 203   8            -1.155370424781E-05 -3.444602177858E-05  1.779227942300E-05
 204   8             9.254045541628E-05  1.319285959256E-04 -1.433857640974E-04
 205   8             1.056117122422E-04  1.613500418376E-05 -9.439023731217E-05
 206   8             2.949372120282E-05 -2.215388411417E-07 -4.415119959137E-05
 207   8             9.466836175364E-05  2.955234380592E-05 -7.444253206919E-05
 208   8             8.312750121708E-05  1.305236334899E-04 -1.406221418531E-04
 209   8             1.429663146316E-04  1.935639764486E-04 -1.512524732886E-04
 210   8             8.853400766554E-05  1.887888699095E-04 -1.736910449942E-04
 211   8             4.562411554720E-05 -3.586683521245E-05 -8.811114996998E-05
 212   8             5.065969101906E-05 -7.888314112821E-06 -1.108476444176E-04
 213   8             1.748586803266E-05  3.747947013875E-05 -8.216934911538E-05
 214   8             4.635941883864E-05 -1.338549157657E-05 -1.212995107687E-04
 215   8             9.447278609782E-05  1.581080208324E-04 -1.706135621914E-04
 216   8            -8.933059868383E-06  6.280568774146E-06 -3.646155458947E-05
 217  20             4.990760575378E-05  3.591717898899E-05  2.767421176584E-05
 218   8            -6.112027670998E-05  7.521643665121E-05 -1.147466756678E-04
 219   8            -3.311545504259E-05  4.673819657752E-05 -9.448689335881E-05
 220   8            -1.895938103287E-04  5.196767855091E-05 -1.097653615075E-04
 221   8             9.526772554347E-06  5.490346408203E-05 -8.962509497082E-05
 222   8            -6.677917962462E-05  8.339492363663E-05 -9.439023737001E-05
 223   8            -1.546005329841E-04  6.728711021809E-06 -1.406221418373E-04
 224   8             8.249532674376E-06  5.744506068069E-05 -8.811114997572E-05
 225   8            -1.158753364317E-05  4.684118017517E-05 -1.212995107209E-04
 226   8            -6.398953711096E-05  2.658082669819E-05 -3.380137949441E-05
 227   8            -9.821040595000E-06  1.189307968578E-05 -3.095640470984E-05
 228   8            -1.706082833620E-05  1.065180745885E-05 -3.644878182792E-05
 229   8            -2.406979053251E-04  1.742213384518E-05 -1.233379321266E-04
 230   8             3.560798205178E-05  7.217209532489E-06  1.779227939851E-05
 231   8            -1.455500232110E-05  2.565308119792E-05 -4.415119962109E-05
 232   8            -2.391144781878E-04  2.703047209437E-05 -1.512524732951E-04
 233   8            -1.849836509934E-05  4.781673643228E-05 -1.108476444193E-04
 234   8            -1.841619556112E-04  2.761822313033E-06 -1.706135622087E-04
 235   8            -8.002944967571E-05  1.861907024081E-05 -4.886537033703E-05
 236   8            -7.900391840655E-05  3.629848459108E-05 -7.416449033563E-05
 237   8            -6.733369413604E-05 -2.472981828239E-05 -7.066468617245E-05
 238   8            -2.417984125683E-04  1.593477314066E-05 -1.222700308941E-04
 239   8            -1.605237433051E-04  1.417808729705E-05 -1.433857640974E-04
 240   8            -7.292726137347E-05  6.720903430646E-05 -7.444253208884E-05
 241   8            -2.077629611252E-04 -1.772173524791E-05 -1.736910449905E-04
 242   8            -4.120110729064E-05 -3.596529137653E-06 -8.216934910143E-05
 243   8            -9.726021796159E-07 -1.087654119188E-05 -3.646155457289E-05
 244  20            -1.760950377549E-05 -6.018659035338E-05 -6.429619369191E-06
 245   8             4.979157533985E-05 -1.901768954285E-04 -1.097653614542E-04
 246   8             7.147303177096E-05 -1.372523445267E-04 -1.406221418456E-04
 247   8             8.975097373460E-06 -6.870697806192E-05 -3.380137946122E-05
 248   8             1.052609421543E-04 -2.171615676039E-04 -1.233379320933E-04
 249   8             9.614816354909E-05 -2.205944485629E-04 -1.512524732849E-04
 250   8             2.389013699135E-05 -7.861707158461E-05 -4.886537033025E-05
 251   8             1.070992879614E-04 -2.173709544627E-04 -1.222700309249E-04
 252   8             1.192289534468E-04 -1.710671346875E-04 -1.736910450252E-04
 253   8            -3.457920659765E-05 -9.053993065206E-05 -1.147466757014E-04
 254   8            -5.231118091496E-05 -1.920130496219E-05 -8.962509499159E-05
 255   8            -5.387364823286E-05 -2.157822546528E-05 -8.811114997375E-05
 256   8            -5.389188871742E-06 -1.445181047768E-05 -3.095640471736E-05
 257   8            -2.405427785814E-05  2.722881229465E-05  1.779227940739E-05
 258   8            -3.216132593663E-05 -3.992842228364E-05 -1.108476444388E-04
 259   8             8.066549402677E-06 -8.656864262681E-05 -7.416449038207E-05
 260   8             6.798328784335E-05 -1.461066832890E-04 -1.433857641392E-04
 261   8             2.371523925120E-05 -3.388294098585E-05 -8.216934912304E-05
 262   8            -2.391873802012E-05 -5.204792360882E-05 -9.448689335038E-05
 263   8            -3.883253259957E-05 -9.952992781950E-05 -9.439023735017E-05
 264   8            -3.477188512412E-05 -3.345568858069E-05 -1.212995107104E-04
 265   8            -6.943217192165E-07 -2.010101447190E-05 -3.644878181123E-05
 266   8            -1.493871880685E-05 -2.543154236669E-05 -4.415119958482E-05
 267   8             8.968916950963E-05 -1.608698431161E-04 -1.706135621718E-04
 268   8             5.508349794930E-05 -4.594778050528E-05 -7.066468618455E-05
 269   8            -2.174110035053E-05 -9.676137816922E-05 -7.444253209683E-05
 270   8             9.905662043522E-06  4.595972401894E-06 -3.646155453721E-05

 RESULTANT FORCE    -1.175095431524E-13  6.967084769754E-14 -1.542228801263E-14

 SYMMETRY ALLOWED FORCES (ANALYTICAL) (DIRECTION, FORCE)

    1  2.1862901E-05    2 -1.3999575E-04    3  1.3293118E-04    4 -9.3922772E-05
    5 -8.8113473E-05    6 -5.3203103E-05    7  1.5391474E-05    8  1.3731593E-04
    9 -6.1880639E-05   10 -6.7787698E-05   11  1.1217163E-04   12 -6.3953372E-05
   13 -4.7814341E-05   14 -2.0207853E-06   15  8.6407732E-05   16  1.1595981E-04
   17 -1.6623151E-05   18  4.3134299E-05   19  1.4742644E-04   20  1.5749287E-05
   21 -7.4155204E-05   22 -1.0677230E-04   23  6.4767933E-06   24  2.0688955E-05
   25 -6.7455153E-05   26  3.4573631E-05   27 -1.2706317E-04   28 -4.4074477E-05
   29  5.6988994E-05   30  9.6793400E-05   31 -8.6995400E-05   32 -1.0338483E-06
   33 -6.7275731E-05   34  2.9710242E-04   35  9.0523733E-05   36  1.3880158E-04
   37  2.3452060E-04   38  7.9954832E-05   39 -7.8933829E-05   40 -2.1934404E-04
   41 -4.9104186E-06   42 -4.5977037E-05   43 -4.2838525E-06   44  3.6051283E-05
   45  1.8503014E-04   46  1.6343179E-06   47  1.0640106E-04   48  1.7098689E-04
   49  6.1610927E-06   50  1.7987094E-04   51 -7.8867691E-05   52 -1.3197690E-04
   53  1.3426841E-04   54 -1.0854254E-04   55 -1.2627165E-04   56 -1.2050797E-05
   57 -1.3751267E-04   58 -1.4696449E-04   59  1.1969522E-04   60 -1.3475731E-04
   61 -1.0318758E-04   62  8.2796132E-05   63 -1.3970467E-04   64 -1.3006122E-05
   65  2.3144468E-04   66 -3.0006730E-05   67 -1.7312405E-04   68  1.7309242E-04
   69 -4.3491058E-05   70 -2.3145736E-05   71  8.9280917E-05   72 -2.3441490E-04
   73 -3.7534741E-05   74  2.8107081E-04   75 -1.7376036E-04   76 -1.2313624E-04
   77  1.8166516E-04   78 -3.7257301E-05   79 -6.2675849E-06   80  7.5827396E-05
   81 -2.0361996E-04   82 -3.1971630E-04   83  3.4445249E-04   84 -2.1686314E-04
   85 -4.6243640E-04   86  4.2545443E-04   87 -3.5019452E-04   88 -4.7413297E-04
   89  3.7049138E-04   90 -1.1355692E-04   91  3.2787624E-05   92  2.9712191E-04
   93  2.1881439E-05   94 -1.5384189E-05   95  8.9312204E-05   96 -2.3141012E-04
   97 -3.8728398E-04   98  4.1791617E-04   99 -1.1175580E-04  100  8.7855445E-05
  101  2.1582736E-04  102 -4.2831454E-05  103 -9.1805578E-05  104  2.0127298E-04
  105 -1.2409039E-04  106  1.9322345E-05  107  2.7152017E-04  108 -3.4244414E-04
  109 -3.3854206E-04  110  2.6886913E-04  111 -3.2994412E-04  112 -4.9341586E-04
  113  2.9949919E-04  114 -3.3175145E-04  115 -4.8925969E-04  116  3.0211500E-04
  117 -2.5869481E-04  118 -3.9522527E-05  119  2.3120792E-04  120 -2.3188918E-04
  121 -7.2388163E-05  122  1.8234622E-04  123 -7.2244567E-05  124  5.4265712E-07
  125  1.0814791E-04  126 -1.0479997E-04  127  8.7452072E-05  128  2.1953575E-04
  129 -2.2667690E-04  130 -3.2315774E-04  131  3.5122196E-04  132  2.8300680E-05
  133  8.4375177E-05  134 -4.3582006E-05
 TTTTTTTTTTTTTTTTTTTTTTTTTTTTTT TOTGRA      TELAPSE    67618.28 TCPU    67497.79

 HHHHHHHHHHHHHHHHHHHHHHHHHHHHHHHHHHHHHHHHHHHHHHHHHHHHHHHHHHHHHHHHHHHHHHHHHHHHHHH
                   FORCE CONSTANT MATRIX - NUMERICAL ESTIMATE
 HHHHHHHHHHHHHHHHHHHHHHHHHHHHHHHHHHHHHHHHHHHHHHHHHHHHHHHHHHHHHHHHHHHHHHHHHHHHHHH
 MAX ABS(DGRAD): MAXIMUM ABSOLUTE GRADIENT DIFFERENCE WITH RESPECT TO
                 THE CENTRAL POINT
 DE:             ENERGY DIFFERENCE WITH RESPECT TO THE CENTRAL POINT
                 (DE IS EXPECTED TO BE POSITIVE FOR ALL DISPLACEMENTS)

   ATOM      MAX ABS(DGRAD)       TOTAL ENERGY (AU)  N.CYC      DE       SYM
    CENTRAL POINT             -3.793744624063E+04    21     0.0000E+00     6
    1 CA DX   3.8257E-04      -3.793744623931E+04    10     1.3196E-06     1
    1 CA DY                   GENERATED FROM A PREVIOUS LINE
    1 CA DZ   4.0008E-04      -3.793744623932E+04    10     1.3139E-06     3
    2 MG DX   5.2926E-04      -3.793744623892E+04    10     1.7111E-06     1
    2 MG DY                   GENERATED FROM A PREVIOUS LINE
    2 MG DZ   5.1214E-04      -3.793744623911E+04     8     1.5212E-06     3
    3 C  DX   4.3638E-03      -3.793744622770E+04    12     1.2936E-05     1
    3 C  DY                   GENERATED FROM A PREVIOUS LINE
    3 C  DZ   1.6238E-03      -3.793744623480E+04    12     5.8309E-06     1
    5 O  DX   2.3351E-03      -3.793744623349E+04    12     7.1456E-06     1
    5 O  DY   1.7128E-03      -3.793744623537E+04    11     5.2659E-06     1
    5 O  DZ   5.3574E-04      -3.793744623943E+04    11     1.2019E-06     1

 GCALCO - MAX INDICES DIRECT LATTICE VECTOR    14    14    14
 NO.OF VECTORS CREATED 6999 STARS  515 RMAX   323.17960 BOHR

 CAPPA:IS1  3;IS2  3;IS3  3; K PTS MONK NET   6; SYMMOPS:K SPACE   6;G SPACE   6

 TTTTTTTTTTTTTTTTTTTTTTTTTTTTTT gordsh1     TELAPSE   997843.16 TCPU   995654.56

 MATRIX SIZE: P(G)18806121, F(G) 3347406, P(G) IRR 1574464, F(G) IRR  562871
 MAX G-VECTOR INDEX FOR 1- AND 2-ELECTRON INTEGRALS 165

 TTTTTTTTTTTTTTTTTTTTTTTTTTTTTT INPUT       TELAPSE   997845.56 TCPU   995656.65

 SYMMETRY ALLOWED INTERNAL DEGREE(S) OF FREEDOM: 134
 TTTTTTTTTTTTTTTTTTTTTTTTTTTTTT SYMM        TELAPSE   997845.67 TCPU   995656.73
 TTTTTTTTTTTTTTTTTTTTTTTTTTTTTT INT_SCREEN  TELAPSE   997846.07 TCPU   995657.07

 GCALCO - MAX INDICES DIRECT LATTICE VECTOR    14    14    14
 NO.OF VECTORS CREATED 6999 STARS  515 RMAX   107.72653 BOHR
 TTTTTTTTTTTTTTTTTTTTTTTTTTTTTT gordsh1     TELAPSE   997846.08 TCPU   995657.07

 MATRIX SIZE: P(G)  696523, F(G)  124404, P(G) IRR   61710, F(G) IRR   22519
 MAX G-VECTOR INDEX FOR 1- AND 2-ELECTRON INTEGRALS 265

 TTTTTTTTTTTTTTTTTTTTTTTTTTTTTT INPUT       TELAPSE   997846.08 TCPU   995657.07

 SYMMETRY ALLOWED INTERNAL DEGREE(S) OF FREEDOM:   4
 TTTTTTTTTTTTTTTTTTTTTTTTTTTTTT SYMM        TELAPSE   997846.08 TCPU   995657.07
 TTTTTTTTTTTTTTTTTTTTTTTTTTTTTT INT_SCREEN  TELAPSE   997846.10 TCPU   995657.09

 +++ SYMMETRY ADAPTION OF VIBRATIONAL MODES +++


 CLASS  | GROUP OPERATORS (SEE SYMMOPS KEYWORD)
 --------------------------------------------------------------------
 C3     |   2;
 C3'    |   3;
 I      |   4;
 S6     |   5;
 S6'    |   6;

 IRREP/CLA      E     C3      I     S6
 -------------------------------------
  MULTIP |      1      1      1      1
 -------------------------------------
    Ag   |   1.00   1.00   1.00   1.00
 RP Eg   |   2.00  -1.00   2.00  -1.00
    Au   |   1.00   1.00  -1.00  -1.00
 RP Eu   |   2.00  -1.00  -2.00   1.00
 
 Ag -(1,   4); Eg -(1,   8);
 Au -(1,   6); Eu -(1,  12);


  DISPERSION K POINT NUMBER     1 COORD:  R(  0  0  0 )    WEIGHT:    1.


 HHHHHHHHHHHHHHHHHHHHHHHHHHHHHHHHHHHHHHHHHHHHHHHHHHHHHHHHHHHHHHHHHHHHHHHHHHHHHH
 EIGENVALUES (EIGV) OF THE MASS WEIGHTED HESSIAN MATRIX AND HARMONIC TRANSVERSE
 OPTICAL (TO) FREQUENCIES. IRREP LABELS REFER TO SYMMETRY REPRESENTATION
 ANALYSIS; A AND I INDICATE WHETHER THE MODE IS ACTIVE OR INACTIVE,
 RESPECTIVELY, FOR IR AND RAMAN; INTEGRATED IR INTENSITIES IN BRACKETS.

 CONVERSION FACTORS FOR FREQUENCIES:
      1 CM**(-1) =   0.4556335E-05 HARTREE
      1 THZ      =   0.3335641E+02 CM**(-1)

 HHHHHHHHHHHHHHHHHHHHHHHHHHHHHHHHHHHHHHHHHHHHHHHHHHHHHHHHHHHHHHHHHHHHHHHHHHHHHH

    MODES         EIGV          FREQUENCIES     IRREP  IR   INTENS    RAMAN
             (HARTREE**2)   (CM**-1)     (THZ)             (KM/MOL)
    1-   1   -0.1784E-20      0.0000    0.0000  (Au )   A (     0.00)   I
    2-   3    0.5397E-18      0.0000    0.0000  (Eu )   A (     0.00)   I
    4-   4    0.5047E-06    155.9164    4.6743  (Au )   A (     0.00)   I
    5-   6    0.5338E-06    160.3501    4.8072  (Eu )   A (     0.00)   I
    7-   8    0.6049E-06    170.6996    5.1174  (Eg )   I (     0.00)   A
    9-   9    0.1049E-05    224.8367    6.7404  (Ag )   I (     0.00)   A
   10-  11    0.1261E-05    246.4495    7.3884  (Eu )   A (     0.00)   I
   12-  13    0.1702E-05    286.3563    8.5847  (Eg )   I (     0.00)   A
   14-  14    0.1774E-05    292.3010    8.7630  (Au )   A (     0.00)   I
   15-  15    0.2126E-05    319.9749    9.5926  (Ag )   I (     0.00)   A
   16-  17    0.2240E-05    328.4947    9.8480  (Eu )   A (     0.00)   I
   18-  18    0.2571E-05    351.9075   10.5499  (Au )   A (     0.00)   I
   19-  20    0.1091E-04    724.7760   21.7282  (Eg )   I (     0.00)   A
   21-  22    0.1100E-04    728.0136   21.8253  (Eu )   A (     0.00)   I
   23-  23    0.1638E-04    888.2584   26.6293  (Au )   A (     0.00)   I
   24-  24    0.1670E-04    896.8107   26.8857  (Ag )   I (     0.00)   A
   25-  25    0.2571E-04   1112.9291   33.3648  (Ag )   I (     0.00)   A
   26-  26    0.2579E-04   1114.5914   33.4146  (Au )   A (     0.00)   I
   27-  28    0.4359E-04   1449.0961   43.4428  (Eu )   A (     0.00)   I
   29-  30    0.4483E-04   1469.4304   44.0524  (Eg )   I (     0.00)   A

 NORMAL MODES NORMALIZED TO CLASSICAL AMPLITUDES (IN BOHR)

 FREQ(CM**-1)      0.00      0.00      0.00    155.92    160.35    160.35

 AT.   1 CA X     0.0000    0.0726   -0.0131    0.0000    0.1004   -0.0047
            Y     0.0000    0.0131    0.0726    0.0000    0.0047    0.1004
            Z     0.0737    0.0000    0.0000    0.0891    0.0000    0.0000
 AT.   2 MG X     0.0000    0.0726   -0.0131    0.0000   -0.0101   -0.0196
            Y     0.0000    0.0131    0.0726    0.0000    0.0196   -0.0101
            Z     0.0737    0.0000    0.0000    0.0343    0.0000    0.0000
 AT.   3 C  X     0.0000    0.0726   -0.0131    0.0000   -0.0256    0.0040
            Y     0.0000    0.0131    0.0726    0.0000   -0.0040   -0.0256
            Z     0.0737    0.0000    0.0000   -0.0305    0.0000    0.0000
 AT.   4 C  X     0.0000    0.0726   -0.0131    0.0000   -0.0256    0.0040
            Y     0.0000    0.0131    0.0726    0.0000   -0.0040   -0.0256
            Z     0.0737    0.0000    0.0000   -0.0305    0.0000    0.0000
 AT.   5 O  X     0.0000    0.0726   -0.0131    0.0436   -0.0320   -0.0006
            Y     0.0000    0.0131    0.0726    0.0569   -0.0123   -0.0338
            Z     0.0737   -0.0000    0.0000   -0.0380    0.0855    0.0472
 AT.   6 O  X    -0.0000    0.0726   -0.0131   -0.0711   -0.0390    0.0083
            Y     0.0000    0.0131    0.0726    0.0093   -0.0034   -0.0268
            Z     0.0737    0.0000    0.0000   -0.0380   -0.0836    0.0505
 AT.   7 O  X     0.0000    0.0726   -0.0131    0.0275   -0.0277    0.0099
            Y    -0.0000    0.0131    0.0726   -0.0662   -0.0018   -0.0380
            Z     0.0737    0.0000   -0.0000   -0.0380   -0.0019   -0.0976
 AT.   8 O  X     0.0000    0.0726   -0.0131    0.0436   -0.0320   -0.0006
            Y     0.0000    0.0131    0.0726    0.0569   -0.0123   -0.0338
            Z     0.0737   -0.0000    0.0000   -0.0380    0.0855    0.0472
 AT.   9 O  X    -0.0000    0.0726   -0.0131   -0.0711   -0.0390    0.0083
            Y     0.0000    0.0131    0.0726    0.0093   -0.0034   -0.0268
            Z     0.0737    0.0000    0.0000   -0.0380   -0.0836    0.0505
 AT.  10 O  X     0.0000    0.0726   -0.0131    0.0275   -0.0277    0.0099
            Y    -0.0000    0.0131    0.0726   -0.0662   -0.0018   -0.0380
            Z     0.0737    0.0000   -0.0000   -0.0380   -0.0019   -0.0976

 FREQ(CM**-1)    170.70    170.70    224.84    246.45    246.45    286.36

 AT.   1 CA X     0.0000    0.0000    0.0000    0.0951   -0.0004    0.0000
            Y     0.0000    0.0000    0.0000    0.0004    0.0951    0.0000
            Z     0.0000    0.0000    0.0000    0.0000    0.0000    0.0000
 AT.   2 MG X     0.0000    0.0000    0.0000   -0.0812    0.0338    0.0000
            Y     0.0000    0.0000    0.0000   -0.0338   -0.0812    0.0000
            Z     0.0000    0.0000    0.0000    0.0000    0.0000    0.0000
 AT.   3 C  X     0.0778   -0.0244    0.0000   -0.0188    0.0008    0.0136
            Y     0.0244    0.0778    0.0000   -0.0008   -0.0188   -0.0286
            Z     0.0000    0.0000   -0.0539    0.0000    0.0000    0.0000
 AT.   4 C  X    -0.0778    0.0244    0.0000   -0.0188    0.0008   -0.0136
            Y    -0.0244   -0.0778    0.0000   -0.0008   -0.0188    0.0286
            Z     0.0000    0.0000    0.0539    0.0000    0.0000    0.0000
 AT.   5 O  X     0.0840   -0.0245    0.0493   -0.0135   -0.0012    0.0174
            Y     0.0274    0.0836    0.0652    0.0157   -0.0157   -0.0266
            Z    -0.0350   -0.0299   -0.0549   -0.0803   -0.0462   -0.0707
 AT.   6 O  X     0.0849   -0.0269   -0.0811   -0.0089   -0.0130    0.0097
            Y     0.0251    0.0826    0.0101    0.0039   -0.0203   -0.0288
            Z     0.0434   -0.0154   -0.0549    0.0801   -0.0465   -0.0659
 AT.   7 O  X     0.0824   -0.0265    0.0318   -0.0214   -0.0112    0.0116
            Y     0.0254    0.0851   -0.0753    0.0058   -0.0078   -0.0211
            Z    -0.0084    0.0453   -0.0549    0.0002    0.0926    0.1366
 AT.   8 O  X    -0.0840    0.0245   -0.0493   -0.0135   -0.0012   -0.0174
            Y    -0.0274   -0.0836   -0.0652    0.0157   -0.0157    0.0266
            Z     0.0350    0.0299    0.0549   -0.0803   -0.0462    0.0707
 AT.   9 O  X    -0.0849    0.0269    0.0811   -0.0089   -0.0130   -0.0097
            Y    -0.0251   -0.0826   -0.0101    0.0039   -0.0203    0.0288
            Z    -0.0434    0.0154    0.0549    0.0801   -0.0465    0.0659
 AT.  10 O  X    -0.0824    0.0265   -0.0318   -0.0214   -0.0112   -0.0116
            Y    -0.0254   -0.0851    0.0753    0.0058   -0.0078    0.0211
            Z     0.0084   -0.0453    0.0549    0.0002    0.0926   -0.1366

 FREQ(CM**-1)    286.36    292.30    319.97    328.49    328.49    351.91

 AT.   1 CA X     0.0000    0.0000    0.0000    0.0057    0.0198    0.0000
            Y     0.0000    0.0000    0.0000    0.0198   -0.0057    0.0000
            Z     0.0000   -0.1005    0.0000    0.0000    0.0000   -0.0392
 AT.   2 MG X     0.0000    0.0000    0.0000   -0.0128    0.1666    0.0000
            Y     0.0000    0.0000    0.0000    0.1666    0.0128    0.0000
            Z     0.0000    0.0114    0.0000    0.0000    0.0000    0.1867
 AT.   3 C  X    -0.0286    0.0000    0.0000   -0.0039   -0.0343    0.0000
            Y    -0.0136    0.0000    0.0000   -0.0343    0.0039    0.0000
            Z     0.0000    0.0381    0.0850    0.0000    0.0000   -0.0310
 AT.   4 C  X     0.0286    0.0000    0.0000   -0.0039   -0.0343    0.0000
            Y     0.0136    0.0000    0.0000   -0.0343    0.0039    0.0000
            Z     0.0000    0.0381   -0.0850    0.0000    0.0000   -0.0310
 AT.   5 O  X    -0.0244    0.0414    0.0379    0.0032   -0.0453   -0.0142
            Y    -0.0084    0.0569    0.0478   -0.0373   -0.0004   -0.0109
            Z    -0.1169    0.0295    0.0699   -0.0442   -0.0232   -0.0226
 AT.   6 O  X    -0.0222   -0.0700   -0.0603    0.0046   -0.0381    0.0166
            Y    -0.0161    0.0074    0.0089   -0.0445    0.0010   -0.0068
            Z     0.1196    0.0295    0.0699    0.0020    0.0498   -0.0226
 AT.   7 O  X    -0.0299    0.0286    0.0224   -0.0023   -0.0405   -0.0024
            Y    -0.0142   -0.0643   -0.0567   -0.0421   -0.0059    0.0177
            Z    -0.0027    0.0295    0.0699    0.0422   -0.0266   -0.0226
 AT.   8 O  X     0.0244    0.0414   -0.0379    0.0032   -0.0453   -0.0142
            Y     0.0084    0.0569   -0.0478   -0.0373   -0.0004   -0.0109
            Z     0.1169    0.0295   -0.0699   -0.0442   -0.0232   -0.0226
 AT.   9 O  X     0.0222   -0.0700    0.0603    0.0046   -0.0381    0.0166
            Y     0.0161    0.0074   -0.0089   -0.0445    0.0010   -0.0068
            Z    -0.1196    0.0295   -0.0699    0.0020    0.0498   -0.0226
 AT.  10 O  X     0.0299    0.0286   -0.0224   -0.0023   -0.0405   -0.0024
            Y     0.0142   -0.0643    0.0567   -0.0421   -0.0059    0.0177
            Z     0.0027    0.0295   -0.0699    0.0422   -0.0266   -0.0226

 FREQ(CM**-1)    724.78    724.78    728.01    728.01    888.26    896.81

 AT.   1 CA X     0.0000    0.0000    0.0013   -0.0020    0.0000    0.0000
            Y     0.0000    0.0000   -0.0020   -0.0013    0.0000    0.0000
            Z     0.0000    0.0000    0.0000    0.0000   -0.0006    0.0000
 AT.   2 MG X     0.0000    0.0000   -0.0077    0.0022    0.0000    0.0000
            Y     0.0000    0.0000    0.0022    0.0077    0.0000    0.0000
            Z     0.0000    0.0000    0.0000    0.0000    0.0053    0.0000
 AT.   3 C  X     0.0426    0.0342    0.0473    0.0336    0.0000    0.0000
            Y     0.0342   -0.0426    0.0336   -0.0473    0.0000    0.0000
            Z     0.0000    0.0000    0.0000    0.0000    0.1813    0.1776
 AT.   4 C  X    -0.0426   -0.0342    0.0473    0.0336    0.0000    0.0000
            Y    -0.0342    0.0426    0.0336   -0.0473    0.0000    0.0000
            Z     0.0000    0.0000    0.0000    0.0000    0.1813   -0.1776
 AT.   5 O  X    -0.0461    0.0822   -0.0463    0.0812   -0.0040   -0.0029
            Y    -0.0987   -0.0259   -0.0975   -0.0254   -0.0041   -0.0033
            Z    -0.0069    0.0027   -0.0152    0.0014   -0.0464   -0.0501
 AT.   6 O  X    -0.0704   -0.0846   -0.0699   -0.0839    0.0055    0.0044
            Y     0.0682   -0.0502    0.0676   -0.0490   -0.0015   -0.0009
            Z     0.0058    0.0046    0.0088    0.0125   -0.0464   -0.0501
 AT.   7 O  X     0.0862   -0.0223    0.0849   -0.0217   -0.0015   -0.0014
            Y     0.0058    0.1065    0.0055    0.1057    0.0055    0.0042
            Z     0.0011   -0.0073    0.0064   -0.0138   -0.0464   -0.0501
 AT.   8 O  X     0.0461   -0.0822   -0.0463    0.0812   -0.0040    0.0029
            Y     0.0987    0.0259   -0.0975   -0.0254   -0.0041    0.0033
            Z     0.0069   -0.0027   -0.0152    0.0014   -0.0464    0.0501
 AT.   9 O  X     0.0704    0.0846   -0.0699   -0.0839    0.0055   -0.0044
            Y    -0.0682    0.0502    0.0676   -0.0490   -0.0015    0.0009
            Z    -0.0058   -0.0046    0.0088    0.0125   -0.0464    0.0501
 AT.  10 O  X    -0.0862    0.0223    0.0849   -0.0217   -0.0015    0.0014
            Y    -0.0058   -0.1065    0.0055    0.1057    0.0055   -0.0042
            Z    -0.0011    0.0073    0.0064   -0.0138   -0.0464    0.0501

 FREQ(CM**-1)   1112.93   1114.59   1449.10   1449.10   1469.43   1469.43

 AT.   1 CA X     0.0000    0.0000   -0.0020    0.0018    0.0000    0.0000
            Y     0.0000    0.0000   -0.0018   -0.0020    0.0000    0.0000
            Z     0.0000   -0.0035    0.0000    0.0000    0.0000    0.0000
 AT.   2 MG X     0.0000    0.0000   -0.0068   -0.0042    0.0000    0.0000
            Y     0.0000    0.0000    0.0042   -0.0068    0.0000    0.0000
            Z     0.0000    0.0087    0.0000    0.0000    0.0000    0.0000
 AT.   3 C  X     0.0000    0.0000    0.1750    0.0061    0.0080    0.1760
            Y     0.0000    0.0000   -0.0061    0.1750    0.1760   -0.0080
            Z    -0.0006    0.0005    0.0000    0.0000    0.0000    0.0000
 AT.   4 C  X     0.0000    0.0000    0.1750    0.0061   -0.0080   -0.1760
            Y     0.0000    0.0000   -0.0061    0.1750   -0.1760    0.0080
            Z     0.0006    0.0005    0.0000    0.0000    0.0000    0.0000
 AT.   5 O  X     0.0809    0.0812   -0.0501    0.0297    0.0266   -0.0519
            Y    -0.0622   -0.0617    0.0322   -0.0323   -0.0314    0.0305
            Z    -0.0011   -0.0009    0.0014   -0.0013   -0.0005   -0.0010
 AT.   6 O  X     0.0134    0.0128   -0.0100   -0.0090   -0.0074   -0.0118
            Y     0.1012    0.1011   -0.0065   -0.0724   -0.0715   -0.0035
            Z    -0.0011   -0.0009    0.0005    0.0018   -0.0006    0.0009
 AT.   7 O  X    -0.0943   -0.0940   -0.0635   -0.0244   -0.0251   -0.0613
            Y    -0.0389   -0.0395   -0.0219   -0.0189   -0.0220   -0.0212
            Z    -0.0011   -0.0009   -0.0018   -0.0005    0.0011    0.0001
 AT.   8 O  X    -0.0809    0.0812   -0.0501    0.0297   -0.0266    0.0519
            Y     0.0622   -0.0617    0.0322   -0.0323    0.0314   -0.0305
            Z     0.0011   -0.0009    0.0014   -0.0013    0.0005    0.0010
 AT.   9 O  X    -0.0134    0.0128   -0.0100   -0.0090    0.0074    0.0118
            Y    -0.1012    0.1011   -0.0065   -0.0724    0.0715    0.0035
            Z     0.0011   -0.0009    0.0005    0.0018    0.0006   -0.0009
 AT.  10 O  X     0.0943   -0.0940   -0.0635   -0.0244    0.0251    0.0613
            Y     0.0389   -0.0395   -0.0219   -0.0189    0.0220    0.0212
            Z     0.0011   -0.0009   -0.0018   -0.0005   -0.0011   -0.0001

 *******************************************************************************

 VIBRATIONAL TEMPERATURES (K) OF THE MODES AT THE GAMMA POINT

 TO MODES
   224.3 [   4;]   230.7 [   5;]   230.7 [   6;]   245.6 [   7;]
   245.6 [   8;]   323.5 [   9;]   354.6 [  10;]   354.6 [  11;]
   412.0 [  12;]   412.0 [  13;]   420.6 [  14;]   460.4 [  15;]
   472.6 [  16;]   472.6 [  17;]   506.3 [  18;]  1042.8 [  19;]
  1042.8 [  20;]  1047.4 [  21;]  1047.4 [  22;]  1278.0 [  23;]
  1290.3 [  24;]  1601.3 [  25;]  1603.6 [  26;]  2084.9 [  27;]
  2084.9 [  28;]  2114.2 [  29;]  2114.2 [  30;]


  DISPERSION K POINT NUMBER     2 COORD:  C(  0  0  1 )    WEIGHT:    1.

    MODES         EIGV          FREQUENCIES     IRREP
             (HARTREE**2)   (CM**-1)     (THZ)
    1-   1    0.1326E-06     79.9145    2.3958  (  1)
    2-   2    0.2861E-06    117.3919    3.5193  (  1)
    3-   3    0.3944E-06    137.8415    4.1324  (  1)
    4-   4    0.4935E-06    154.1833    4.6223  (  1)
    5-   5    0.5187E-06    158.0653    4.7387  (  1)
    6-   6    0.7383E-06    188.5872    5.6537  (  1)
    7-   7    0.8222E-06    199.0145    5.9663  (  1)
    8-   8    0.9346E-06    212.1719    6.3608  (  1)
    9-   9    0.1024E-05    222.0767    6.6577  (  1)
   10-  10    0.1140E-05    234.3728    7.0263  (  1)
   11-  11    0.1375E-05    257.3813    7.7161  (  1)
   12-  12    0.1593E-05    277.0336    8.3053  (  1)
   13-  13    0.1686E-05    284.9755    8.5434  (  1)
   14-  14    0.1749E-05    290.2148    8.7004  (  1)
   15-  15    0.2152E-05    321.9300    9.6512  (  1)
   16-  16    0.2220E-05    327.0438    9.8045  (  1)
   17-  17    0.2407E-05    340.5359   10.2090  (  1)
   18-  18    0.2947E-05    376.7805   11.2956  (  1)
   19-  19    0.1061E-04    714.7599   21.4280  (  1)
   20-  20    0.1070E-04    718.0014   21.5251  (  1)
   21-  21    0.1092E-04    725.3933   21.7467  (  1)
   22-  22    0.1106E-04    729.8012   21.8789  (  1)
   23-  23    0.1649E-04    891.3708   26.7226  (  1)
   24-  24    0.1664E-04    895.2120   26.8378  (  1)
   25-  25    0.2568E-04   1112.1039   33.3400  (  1)
   26-  26    0.2571E-04   1112.9274   33.3647  (  1)
   27-  27    0.4453E-04   1464.5612   43.9064  (  1)
   28-  28    0.4569E-04   1483.5756   44.4765  (  1)
   29-  29    0.4748E-04   1512.3115   45.3380  (  1)
   30-  30    0.5197E-04   1582.2056   47.4333  (  1)

 MODES IN PHASE

 FREQ(CM**-1)     79.91    117.39    137.84    154.18    158.07    188.59

 AT.   1 CA X     0.0286    0.0646    0.0722   -0.0030    0.0038   -0.0014
            Y    -0.0264   -0.0221   -0.0001   -0.0184    0.1077    0.0157
            Z    -0.0463    0.0447   -0.0222   -0.0982   -0.0101   -0.0154
 AT.   2 MG X     0.0102    0.0212    0.0005   -0.0044   -0.0170    0.0127
            Y    -0.0064   -0.0073   -0.0001   -0.0135   -0.0133    0.0396
            Z    -0.0202    0.0147   -0.0003   -0.0131    0.0024   -0.0090
 AT.   3 C  X     0.0176    0.0502    0.0252    0.0068    0.0095    0.0150
            Y    -0.0131   -0.0151   -0.0248   -0.0266   -0.0257    0.0493
            Z    -0.0470    0.0300   -0.0325    0.0247    0.0140   -0.0115
 AT.   4 C  X    -0.0025   -0.0127   -0.0245    0.0010   -0.0013   -0.0257
            Y    -0.0103    0.0011    0.0236    0.0192    0.0307    0.0233
            Z     0.0071   -0.0111    0.0319   -0.0090   -0.0320   -0.0182
 AT.   5 O  X     0.0253    0.0473    0.0491   -0.0221    0.0341    0.0233
            Y    -0.0023   -0.0177    0.0079   -0.0653    0.0037    0.0596
            Z    -0.0501    0.0269   -0.0264    0.0020    0.0066   -0.0787
 AT.   6 O  X     0.0060    0.0562   -0.0127    0.0692   -0.0099    0.0142
            Y    -0.0123   -0.0157   -0.0194   -0.0321   -0.0179    0.0487
            Z    -0.0626    0.0506   -0.0543    0.0456    0.0470    0.0203
 AT.   7 O  X     0.0093    0.0093   -0.0362    0.0018   -0.0166   -0.0294
            Y    -0.0326   -0.0231    0.0628    0.0097    0.0571   -0.0370
            Z    -0.0473    0.0112    0.0549   -0.0300   -0.0319   -0.0148
 AT.   8 O  X     0.0309    0.0541    0.0021   -0.0206    0.0351    0.0274
            Y    -0.0043   -0.0170    0.0085   -0.0639    0.0032    0.0105
            Z    -0.0583    0.0298    0.0089    0.0012    0.0088   -0.0414
 AT.   9 O  X     0.0035    0.0557   -0.0037    0.0662   -0.0117    0.0639
            Y    -0.0176   -0.0174    0.0076   -0.0330   -0.0197    0.0225
            Z    -0.0604    0.0490   -0.0608    0.0438    0.0473    0.0400
 AT.  10 O  X     0.0020   -0.0028   -0.0357    0.0001   -0.0140   -0.0164
            Y    -0.0216   -0.0177    0.0489    0.0142    0.0527    0.0019
            Z    -0.0312    0.0075    0.0228   -0.0251   -0.0374    0.0054

 FREQ(CM**-1)    199.01    212.17    222.08    234.37    257.38    277.03

 AT.   1 CA X    -0.0030    0.0220   -0.0081   -0.0019   -0.0307   -0.0007
            Y    -0.0106    0.0015    0.0022    0.0043    0.0195   -0.0017
            Z     0.0057   -0.0002   -0.0005   -0.0139   -0.0167   -0.0134
 AT.   2 MG X     0.0269   -0.0406   -0.0021   -0.0052   -0.0035   -0.0247
            Y    -0.0046    0.0357    0.0078    0.0148   -0.0088   -0.0096
            Z     0.0076   -0.0181   -0.0052   -0.0587    0.0029    0.0265
 AT.   3 C  X     0.0635   -0.0201   -0.0195   -0.0005    0.0205    0.0187
            Y    -0.0098   -0.0050   -0.0387    0.0030    0.0012    0.0133
            Z     0.0214   -0.0174    0.0249    0.0157   -0.0259   -0.0164
 AT.   4 C  X     0.0156   -0.0247   -0.0034    0.0138   -0.0248    0.0094
            Y     0.0325    0.0132   -0.0198    0.0065   -0.0057    0.0031
            Z     0.0063    0.0009    0.0159   -0.0030    0.0232   -0.0538
 AT.   5 O  X     0.0557   -0.0225   -0.0363   -0.0172    0.0026    0.0093
            Y    -0.0212   -0.0116   -0.0623   -0.0174   -0.0276   -0.0024
            Z     0.0223    0.0227    0.0714   -0.0537    0.0363    0.0326
 AT.   6 O  X     0.0702   -0.0075    0.0092    0.0431    0.0440    0.0309
            Y    -0.0146   -0.0066   -0.0426    0.0017   -0.0014    0.0109
            Z     0.0367    0.0013    0.0175    0.0887   -0.0411   -0.0678
 AT.   7 O  X    -0.0330    0.0300   -0.0205    0.0065    0.0155    0.0011
            Y    -0.0335   -0.0449    0.0004   -0.0420    0.0106   -0.0523
            Z    -0.0418    0.0219    0.0029    0.0146   -0.0170    0.0456
 AT.   8 O  X    -0.0554    0.0065    0.0556    0.0138    0.0155    0.0050
            Y     0.0046    0.0198    0.0782    0.0195   -0.0005    0.0248
            Z    -0.0129    0.0019   -0.0973    0.0603    0.0945    0.0009
 AT.   9 O  X    -0.0672    0.0074   -0.0006   -0.0558    0.0344   -0.0630
            Y     0.0001    0.0226    0.0510   -0.0034    0.0168   -0.0066
            Z    -0.0273    0.0064   -0.0005   -0.1003   -0.0289    0.0750
 AT.  10 O  X     0.0124   -0.0274   -0.0048    0.0016   -0.0194   -0.0118
            Y     0.0378    0.0247   -0.0102    0.0242   -0.0187    0.0497
            Z     0.0446   -0.0536   -0.0112   -0.0256    0.0659   -0.0490

 FREQ(CM**-1)    284.98    290.21    321.93    327.04    340.54    376.78

 AT.   1 CA X    -0.0007    0.0092   -0.0276    0.0082    0.0011    0.0097
            Y    -0.0566    0.0003   -0.0416   -0.0066   -0.0023    0.0142
            Z    -0.0297   -0.0459    0.0027    0.0013   -0.0065   -0.0016
 AT.   2 MG X     0.0027    0.0082    0.0099    0.0966    0.0456    0.0988
            Y    -0.0033   -0.0274   -0.0004   -0.0551   -0.0389    0.1286
            Z    -0.0019    0.0026    0.0014   -0.0646    0.1416    0.0231
 AT.   3 C  X    -0.0175   -0.0010    0.0151   -0.0090   -0.0157   -0.0198
            Y    -0.0089    0.0210    0.0146    0.0280    0.0186   -0.0402
            Z    -0.0045   -0.0081    0.0425    0.0102   -0.0018   -0.0091
 AT.   4 C  X     0.0162    0.0028   -0.0116   -0.0113   -0.0172   -0.0197
            Y     0.0073   -0.0350   -0.0087    0.0269    0.0184   -0.0401
            Z     0.0040   -0.0095   -0.0516    0.0091    0.0031   -0.0091
 AT.   5 O  X    -0.0016   -0.0016    0.0360   -0.0133   -0.0319   -0.0216
            Y     0.0178    0.0271    0.0356    0.0332    0.0044   -0.0377
            Z    -0.0255    0.0274    0.0486    0.0482   -0.0176   -0.0322
 AT.   6 O  X    -0.0469   -0.0022   -0.0309   -0.0272   -0.0070    0.0016
            Y    -0.0052    0.0246    0.0126    0.0362    0.0111   -0.0387
            Z     0.0452    0.0339   -0.0022    0.0173    0.0658   -0.0060
 AT.   7 O  X     0.0294   -0.0100   -0.0170    0.0255    0.0046    0.0274
            Y     0.0132   -0.0146    0.0594    0.0063   -0.0207    0.0241
            Z    -0.0142    0.1089   -0.0639    0.0468    0.0283    0.0015
 AT.   8 O  X     0.0293    0.0002    0.0154   -0.0129    0.0132   -0.0059
            Y     0.0371    0.0340    0.0175   -0.0231   -0.0067    0.0074
            Z    -0.0057    0.0372    0.0297   -0.0716    0.0090    0.0061
 AT.   9 O  X    -0.0066   -0.0045    0.0055   -0.0023    0.0179   -0.0118
            Y     0.0106    0.0296    0.0190   -0.0291   -0.0030    0.0090
            Z     0.0500    0.0412   -0.0371    0.0322   -0.0695    0.0220
 AT.  10 O  X     0.0028   -0.0107   -0.0276   -0.0097   -0.0203   -0.0224
            Y     0.0375   -0.0126    0.0380    0.0192    0.0096   -0.0057
            Z     0.0295    0.1027   -0.0684   -0.0407   -0.0481    0.0122

 FREQ(CM**-1)    714.76    718.00    725.39    729.80    891.37    895.21

 AT.   1 CA X     0.0044    0.0010    0.0030    0.0002    0.0001   -0.0008
            Y     0.0027   -0.0004   -0.0047    0.0008    0.0001   -0.0006
            Z    -0.0029    0.0000    0.0032   -0.0004    0.0000   -0.0005
 AT.   2 MG X     0.0006   -0.0086   -0.0026    0.0123   -0.0002    0.0005
            Y    -0.0049    0.0116   -0.0040    0.0081   -0.0021   -0.0015
            Z     0.0013    0.0002    0.0019   -0.0096    0.0022   -0.0006
 AT.   3 C  X     0.0174    0.0449   -0.0335   -0.0299    0.0038    0.0001
            Y     0.0090    0.0258    0.0405    0.0421   -0.0008   -0.0005
            Z    -0.0009    0.0008   -0.0033    0.0043    0.0779    0.1787
 AT.   4 C  X    -0.0156    0.0454    0.0152   -0.0227    0.0009    0.0028
            Y    -0.0192    0.0247   -0.0244    0.0365    0.0017   -0.0010
            Z    -0.0005    0.0008    0.0011    0.0052    0.1804   -0.0771
 AT.   5 O  X    -0.0172   -0.0368   -0.0674   -0.0852    0.0001   -0.0029
            Y    -0.0363   -0.1019    0.0328    0.0123   -0.0007   -0.0033
            Z    -0.0056   -0.0123    0.0020   -0.0068   -0.0202   -0.0492
 AT.   6 O  X    -0.0228   -0.0777    0.0831    0.0758    0.0007    0.0045
            Y     0.0250    0.0599    0.0384    0.0576   -0.0015   -0.0010
            Z     0.0044    0.0070   -0.0117   -0.0069   -0.0220   -0.0493
 AT.   7 O  X    -0.0869   -0.0413   -0.0147   -0.0239    0.0025    0.0022
            Y     0.0032    0.0038    0.0862    0.0543   -0.0054   -0.0032
            Z    -0.0027   -0.0032   -0.0075   -0.0090    0.0473    0.0224
 AT.   8 O  X    -0.0519    0.0042   -0.0744    0.0760    0.0001    0.0013
            Y    -0.0965    0.0430    0.0345   -0.0147    0.0009    0.0014
            Z    -0.0109    0.0025    0.0020    0.0056    0.0232    0.0279
 AT.   9 O  X    -0.0634    0.0365    0.0898   -0.0718   -0.0011   -0.0017
            Y     0.0718   -0.0165    0.0437   -0.0494    0.0016    0.0007
            Z     0.0077   -0.0016   -0.0119    0.0060    0.0250    0.0297
 AT.  10 O  X    -0.0430    0.0807   -0.0113    0.0316   -0.0024   -0.0006
            Y     0.0027    0.0181    0.0536   -0.0858    0.0053   -0.0006
            Z    -0.0007    0.0042   -0.0039    0.0123   -0.0475    0.0230

 FREQ(CM**-1)   1112.10   1112.93   1464.56   1483.58   1512.31   1582.21

 AT.   1 CA X    -0.0004   -0.0004   -0.0037    0.0003   -0.0017    0.0036
            Y    -0.0016   -0.0013    0.0017   -0.0008   -0.0022    0.0042
            Z    -0.0010    0.0010   -0.0020    0.0004    0.0023   -0.0025
 AT.   2 MG X     0.0002    0.0003   -0.0009   -0.0058    0.0019    0.0004
            Y     0.0003    0.0004    0.0011    0.0044    0.0057    0.0035
            Z    -0.0020    0.0002    0.0003    0.0033   -0.0046   -0.0016
 AT.   3 C  X     0.0003   -0.0003    0.1637    0.0749    0.0302    0.0728
            Y     0.0022   -0.0014   -0.0602   -0.0747   -0.0134    0.1513
            Z     0.0001   -0.0003    0.0028   -0.0024   -0.0006   -0.0015
 AT.   4 C  X    -0.0004   -0.0002   -0.1068    0.1372    0.0928    0.0251
            Y    -0.0014    0.0012    0.0236   -0.1078    0.1412   -0.0151
            Z    -0.0005    0.0002   -0.0025   -0.0026   -0.0010   -0.0005
 AT.   5 O  X     0.0491    0.0407   -0.0569   -0.0332   -0.0114    0.0022
            Y    -0.0358   -0.0315    0.0397    0.0279    0.0073   -0.0216
            Z    -0.0012   -0.0004   -0.0018    0.0028    0.0012   -0.0006
 AT.   6 O  X     0.0074    0.0054   -0.0081   -0.0017    0.0005   -0.0152
            Y     0.0592    0.0516    0.0183    0.0277    0.0062   -0.0690
            Z    -0.0004   -0.0005    0.0002    0.0002   -0.0015    0.0032
 AT.   7 O  X    -0.0376    0.0929    0.0308   -0.0179   -0.0397    0.0103
            Y    -0.0155    0.0384    0.0098   -0.0035   -0.0237    0.0072
            Z    -0.0004    0.0012   -0.0003   -0.0007   -0.0003    0.0019
 AT.   8 O  X     0.0412   -0.0497   -0.0565    0.0267   -0.0068    0.0055
            Y    -0.0314    0.0360    0.0395   -0.0174    0.0160   -0.0216
            Z    -0.0005   -0.0003   -0.0017    0.0003    0.0011   -0.0009
 AT.   9 O  X     0.0047   -0.0078   -0.0079    0.0041    0.0088   -0.0132
            Y     0.0512   -0.0602    0.0189   -0.0150    0.0452   -0.0631
            Z    -0.0003    0.0006    0.0002   -0.0010   -0.0008    0.0035
 AT.  10 O  X     0.0948    0.0376    0.0345   -0.0353   -0.0536   -0.0080
            Y     0.0393    0.0155    0.0108   -0.0046   -0.0310   -0.0040
            Z     0.0006    0.0005   -0.0002   -0.0021    0.0011    0.0022

 MODES IN ANTI-PHASE

 FREQ(CM**-1)     79.91    117.39    137.84    154.18    158.07    188.59

 AT.   1 CA X     0.0034    0.0067    0.0446    0.0002   -0.0002    0.0007
            Y    -0.0032   -0.0023   -0.0001    0.0013   -0.0062   -0.0074
            Z    -0.0056    0.0046   -0.0137    0.0067    0.0006    0.0072
 AT.   2 MG X     0.0239    0.0475   -0.0151   -0.0065   -0.0260    0.0088
            Y    -0.0149   -0.0164    0.0035   -0.0200   -0.0202    0.0277
            Z    -0.0473    0.0328    0.0097   -0.0194    0.0036   -0.0063
 AT.   3 C  X     0.0135    0.0278   -0.0113    0.0038    0.0028   -0.0329
            Y    -0.0267   -0.0120    0.0192    0.0099    0.0223    0.0067
            Z    -0.0352    0.0119    0.0090    0.0003   -0.0289   -0.0151
 AT.   4 C  X     0.0220    0.0560   -0.0128    0.0078    0.0098    0.0254
            Y    -0.0279   -0.0193    0.0206   -0.0209   -0.0147    0.0440
            Z    -0.0583    0.0303    0.0109    0.0230    0.0013   -0.0056
 AT.   5 O  X     0.0264    0.0384   -0.0222   -0.0096   -0.0104   -0.0162
            Y    -0.0088    0.0015    0.0055   -0.0060    0.0041    0.0361
            Z    -0.0407    0.0173    0.0231    0.0056   -0.0195   -0.0118
 AT.   6 O  X    -0.0097    0.0034    0.0022    0.0172    0.0165   -0.0713
            Y    -0.0240   -0.0099    0.0182    0.0087    0.0170    0.0113
            Z     0.0020   -0.0025   -0.0408    0.0097   -0.0053   -0.0352
 AT.   7 O  X    -0.0296   -0.0579   -0.0218    0.0127   -0.0219   -0.0031
            Y     0.0427    0.0239    0.0232   -0.0340    0.0348   -0.0333
            Z     0.0621   -0.0169   -0.0019   -0.0336    0.0501   -0.0195
 AT.   8 O  X    -0.0197   -0.0279    0.0538    0.0125    0.0065   -0.0075
            Y     0.0080   -0.0051    0.0045    0.0148   -0.0045   -0.0689
            Z     0.0276   -0.0115   -0.0339   -0.0058    0.0187    0.0680
 AT.   9 O  X     0.0109    0.0082   -0.0124   -0.0265   -0.0153    0.0348
            Y     0.0204    0.0065   -0.0255   -0.0043   -0.0148   -0.0446
            Z    -0.0168    0.0128   -0.0303   -0.0158   -0.0001    0.0070
 AT.  10 O  X     0.0309    0.0585   -0.0227   -0.0129    0.0236    0.0246
            Y    -0.0492   -0.0281    0.0458    0.0324   -0.0411    0.0497
            Z    -0.0716    0.0189    0.0500    0.0373   -0.0461    0.0239

 FREQ(CM**-1)    199.01    212.17    222.08    234.37    257.38    277.03

 AT.   1 CA X    -0.0149   -0.0884    0.0292   -0.0072   -0.0234   -0.0022
            Y    -0.0529   -0.0060   -0.0080    0.0163    0.0148   -0.0058
            Z     0.0286    0.0006    0.0017   -0.0531   -0.0127   -0.0452
 AT.   2 MG X    -0.0236    0.0117    0.0005    0.0051    0.0274    0.0260
            Y     0.0041   -0.0103   -0.0020   -0.0146    0.0695    0.0101
            Z    -0.0067    0.0052    0.0013    0.0581   -0.0228   -0.0279
 AT.   3 C  X    -0.0075    0.0144   -0.0282   -0.0139    0.0198   -0.0105
            Y    -0.0341   -0.0327   -0.0291   -0.0065    0.0184   -0.0038
            Z    -0.0036   -0.0294    0.0119    0.0032    0.0074    0.0548
 AT.   4 C  X    -0.0620   -0.0015    0.0341    0.0006    0.0140   -0.0192
            Y     0.0141    0.0303    0.0442   -0.0029    0.0175   -0.0135
            Z    -0.0207    0.0341   -0.0225   -0.0157    0.0137    0.0193
 AT.   5 O  X    -0.0102    0.0287   -0.0474   -0.0024    0.0154    0.0235
            Y    -0.0391   -0.0205   -0.0481    0.0088    0.0072    0.0417
            Z     0.0201   -0.0468    0.0700    0.0275    0.0880    0.0517
 AT.   6 O  X    -0.0062   -0.0016   -0.0142   -0.0372    0.0235   -0.0680
            Y    -0.0349   -0.0357   -0.0282   -0.0039    0.0179    0.0047
            Z     0.0171   -0.0162   -0.0283   -0.0469   -0.0186    0.0333
 AT.   7 O  X    -0.0470    0.0018    0.0435    0.0148   -0.0244   -0.0199
            Y     0.0177    0.0320    0.0192   -0.0254   -0.0224    0.0107
            Z     0.0156    0.0734    0.0169   -0.0261    0.0731   -0.0198
 AT.   8 O  X     0.0120    0.0359   -0.0219   -0.0106   -0.0016    0.0248
            Y    -0.0442   -0.0127   -0.0092   -0.0009   -0.0285    0.0336
            Z     0.0271   -0.0520    0.0233   -0.0024    0.0114    0.0611
 AT.   9 O  X     0.0212    0.0021   -0.0169   -0.0113    0.0361   -0.0402
            Y    -0.0378   -0.0284   -0.0022   -0.0026   -0.0061    0.0099
            Z     0.0299   -0.0150   -0.0332    0.0026   -0.0347   -0.0090
 AT.  10 O  X    -0.0561   -0.0125    0.0479    0.0161    0.0215   -0.0161
            Y     0.0035    0.0493    0.0162   -0.0427    0.0162   -0.0196
            Z    -0.0017    0.0546    0.0130   -0.0156   -0.0359    0.0082

 FREQ(CM**-1)    284.98    290.21    321.93    327.04    340.54    376.78

 AT.   1 CA X    -0.0005   -0.0008   -0.0113   -0.0158   -0.0016   -0.0166
            Y    -0.0358   -0.0000   -0.0170    0.0127    0.0031   -0.0244
            Z    -0.0187    0.0039    0.0011   -0.0026    0.0089    0.0027
 AT.   2 MG X    -0.0672    0.0117    0.0725   -0.0043    0.0050    0.0004
            Y     0.0818   -0.0395   -0.0027    0.0024   -0.0042    0.0005
            Z     0.0481    0.0037    0.0103    0.0029    0.0154    0.0001
 AT.   3 C  X     0.0163    0.0027    0.0110    0.0270   -0.0091    0.0203
            Y     0.0191   -0.0295    0.0200    0.0112    0.0011    0.0156
            Z     0.0059   -0.0132   -0.0398    0.0124    0.0222   -0.0010
 AT.   4 C  X     0.0176    0.0000    0.0147   -0.0261    0.0055   -0.0204
            Y     0.0198    0.0094    0.0232   -0.0136    0.0029   -0.0159
            Z     0.0062   -0.0121   -0.0270   -0.0132   -0.0220    0.0009
 AT.   5 O  X     0.0332   -0.0104   -0.0147    0.0251   -0.0038    0.0191
            Y     0.0326   -0.0438   -0.0113    0.0049    0.0056    0.0128
            Z     0.0059   -0.0611   -0.0071    0.0536   -0.0038    0.0113
 AT.   6 O  X     0.0150    0.0138    0.0394    0.0219   -0.0166    0.0126
            Y     0.0141   -0.0318    0.0142    0.0101   -0.0004    0.0116
            Z     0.0339   -0.0462   -0.0507   -0.0515    0.0521   -0.0219
 AT.   7 O  X    -0.0109    0.0046   -0.0221   -0.0061    0.0198    0.0102
            Y     0.0353   -0.0111   -0.0062   -0.0279   -0.0035   -0.0071
            Z     0.0394    0.0279   -0.0326    0.0169    0.0415   -0.0149
 AT.   8 O  X    -0.0158    0.0106    0.0357    0.0253    0.0292    0.0282
            Y     0.0021    0.0386    0.0330   -0.0244   -0.0025    0.0391
            Z    -0.0255    0.0557    0.0391   -0.0087    0.0156    0.0336
 AT.   9 O  X    -0.0488   -0.0132   -0.0497    0.0348    0.0016    0.0048
            Y    -0.0107    0.0272   -0.0013   -0.0239   -0.0107    0.0394
            Z     0.0262    0.0398    0.0347   -0.0437   -0.0469   -0.0055
 AT.  10 O  X     0.0313   -0.0029    0.0039   -0.0244    0.0016   -0.0188
            Y    -0.0033    0.0133    0.0460   -0.0212    0.0187   -0.0245
            Z    -0.0297   -0.0456   -0.0215   -0.0286   -0.0144   -0.0087

 FREQ(CM**-1)    714.76    718.00    725.39    729.80    891.37    895.21

 AT.   1 CA X    -0.0031   -0.0014   -0.0006   -0.0009    0.0015   -0.0016
            Y    -0.0019    0.0005    0.0010   -0.0037    0.0017   -0.0011
            Z     0.0020   -0.0001   -0.0007    0.0020    0.0004   -0.0009
 AT.   2 MG X     0.0003   -0.0007   -0.0029   -0.0040    0.0001   -0.0009
            Y    -0.0023    0.0010   -0.0045   -0.0026    0.0013    0.0024
            Z     0.0006    0.0000    0.0021    0.0031   -0.0014    0.0010
 AT.   3 C  X    -0.0352    0.0068    0.0115   -0.0025    0.0008   -0.0032
            Y    -0.0327   -0.0041   -0.0200   -0.0041   -0.0023    0.0013
            Z     0.0002    0.0000    0.0007   -0.0029   -0.1628   -0.0008
 AT.   4 C  X     0.0360    0.0010   -0.0320    0.0196   -0.0038   -0.0015
            Y     0.0280    0.0084    0.0381   -0.0214    0.0017    0.0010
            Z    -0.0008    0.0001   -0.0032   -0.0002    0.0008   -0.1612
 AT.   5 O  X     0.0490    0.0091    0.0315    0.0044    0.0033   -0.0004
            Y     0.0894   -0.0084   -0.0111    0.0086    0.0033   -0.0006
            Z     0.0096    0.0019   -0.0004    0.0015    0.0427    0.0003
 AT.   6 O  X     0.0592   -0.0103   -0.0340    0.0062   -0.0057    0.0010
            Y    -0.0673   -0.0044   -0.0211   -0.0077    0.0015    0.0001
            Z    -0.0066   -0.0008    0.0029    0.0009    0.0416    0.0024
 AT.   7 O  X     0.0145   -0.0708   -0.0053   -0.0241    0.0021    0.0007
            Y    -0.0017   -0.0206    0.0633    0.0889   -0.0021   -0.0029
            Z    -0.0003   -0.0033   -0.0075   -0.0099   -0.0054    0.0431
 AT.   8 O  X    -0.0004    0.0377   -0.0018    0.0388    0.0033   -0.0026
            Y     0.0039    0.0928   -0.0030    0.0028    0.0032   -0.0031
            Z     0.0020    0.0122   -0.0005    0.0042    0.0411   -0.0406
 AT.   9 O  X     0.0014    0.0694   -0.0022   -0.0253   -0.0056    0.0043
            Y    -0.0008   -0.0577    0.0039   -0.0305    0.0014   -0.0008
            Z    -0.0019   -0.0068    0.0020    0.0036    0.0399   -0.0394
 AT.  10 O  X     0.0769    0.0144    0.0108   -0.0123    0.0023    0.0022
            Y    -0.0025   -0.0107   -0.0926    0.0590   -0.0025   -0.0043
            Z     0.0026    0.0019    0.0099   -0.0054   -0.0019    0.0427

 FREQ(CM**-1)   1112.10   1112.93   1464.56   1483.58   1512.31   1582.21

 AT.   1 CA X    -0.0007   -0.0003   -0.0002   -0.0002    0.0006   -0.0007
            Y    -0.0024   -0.0009    0.0001    0.0005    0.0008   -0.0008
            Z    -0.0015    0.0007   -0.0001   -0.0003   -0.0009    0.0005
 AT.   2 MG X    -0.0005   -0.0057   -0.0018   -0.0031    0.0015    0.0005
            Y    -0.0005   -0.0065    0.0022    0.0024    0.0048    0.0041
            Z     0.0041   -0.0029    0.0006    0.0018   -0.0039   -0.0019
 AT.   3 C  X     0.0003    0.0042   -0.0144    0.1150    0.0888    0.0366
            Y     0.0002    0.0017   -0.0140   -0.0797    0.1461    0.0080
            Z     0.0005    0.0004   -0.0011   -0.0015   -0.0009   -0.0008
 AT.   4 C  X    -0.0001    0.0042    0.1250   -0.0019    0.0136    0.0775
            Y    -0.0017    0.0018   -0.0571   -0.0176   -0.0396    0.1507
            Z     0.0002    0.0004    0.0016   -0.0011   -0.0005   -0.0016
 AT.   5 O  X     0.0659   -0.0716    0.0017   -0.0460   -0.0029   -0.0095
            Y    -0.0496    0.0527   -0.0004    0.0331   -0.0162    0.0041
            Z    -0.0011   -0.0001    0.0015    0.0010   -0.0004    0.0009
 AT.   6 O  X     0.0082   -0.0108    0.0016   -0.0054   -0.0130   -0.0027
            Y     0.0811   -0.0877    0.0076    0.0303   -0.0625   -0.0036
            Z    -0.0005    0.0009   -0.0002    0.0012   -0.0006   -0.0012
 AT.   7 O  X     0.0870    0.0010    0.0405    0.0305    0.0361    0.0485
            Y     0.0361    0.0004    0.0108    0.0034    0.0200    0.0294
            Z     0.0004   -0.0000    0.0004    0.0020   -0.0020   -0.0011
 AT.   8 O  X     0.0711    0.0657   -0.0072    0.0501    0.0096    0.0081
            Y    -0.0524   -0.0497    0.0042   -0.0397    0.0076    0.0040
            Z    -0.0016   -0.0004   -0.0016   -0.0029   -0.0005   -0.0006
 AT.   9 O  X     0.0100    0.0092   -0.0024    0.0039    0.0096    0.0080
            Y     0.0864    0.0821   -0.0058   -0.0382    0.0436    0.0284
            Z    -0.0005   -0.0008    0.0003   -0.0007    0.0015   -0.0000
 AT.  10 O  X    -0.0002    0.0850   -0.0374    0.0027   -0.0018   -0.0489
            Y    -0.0000    0.0351   -0.0098    0.0016    0.0002   -0.0300
            Z    -0.0002    0.0012   -0.0004   -0.0003    0.0018    0.0003


  DISPERSION K POINT NUMBER     3 COORD:  C(  0  0  2 )    WEIGHT:    1.

    MODES         EIGV          FREQUENCIES     IRREP
             (HARTREE**2)   (CM**-1)     (THZ)
    1-   1    0.1326E-06     79.9145    2.3958  (  1)
    2-   2    0.2861E-06    117.3919    3.5193  (  1)
    3-   3    0.3944E-06    137.8415    4.1324  (  1)
    4-   4    0.4935E-06    154.1833    4.6223  (  1)
    5-   5    0.5187E-06    158.0653    4.7387  (  1)
    6-   6    0.7383E-06    188.5872    5.6537  (  1)
    7-   7    0.8222E-06    199.0145    5.9663  (  1)
    8-   8    0.9346E-06    212.1719    6.3608  (  1)
    9-   9    0.1024E-05    222.0767    6.6577  (  1)
   10-  10    0.1140E-05    234.3728    7.0263  (  1)
   11-  11    0.1375E-05    257.3813    7.7161  (  1)
   12-  12    0.1593E-05    277.0336    8.3053  (  1)
   13-  13    0.1686E-05    284.9755    8.5434  (  1)
   14-  14    0.1749E-05    290.2148    8.7004  (  1)
   15-  15    0.2152E-05    321.9300    9.6512  (  1)
   16-  16    0.2220E-05    327.0438    9.8045  (  1)
   17-  17    0.2407E-05    340.5359   10.2090  (  1)
   18-  18    0.2947E-05    376.7805   11.2956  (  1)
   19-  19    0.1061E-04    714.7599   21.4280  (  1)
   20-  20    0.1070E-04    718.0014   21.5251  (  1)
   21-  21    0.1092E-04    725.3933   21.7467  (  1)
   22-  22    0.1106E-04    729.8012   21.8789  (  1)
   23-  23    0.1649E-04    891.3708   26.7226  (  1)
   24-  24    0.1664E-04    895.2120   26.8378  (  1)
   25-  25    0.2568E-04   1112.1039   33.3400  (  1)
   26-  26    0.2571E-04   1112.9274   33.3647  (  1)
   27-  27    0.4453E-04   1464.5612   43.9064  (  1)
   28-  28    0.4569E-04   1483.5756   44.4765  (  1)
   29-  29    0.4748E-04   1512.3115   45.3380  (  1)
   30-  30    0.5197E-04   1582.2056   47.4333  (  1)

 MODES IN PHASE

 FREQ(CM**-1)     79.91    117.39    137.84    154.18    158.07    188.59

 AT.   1 CA X     0.0286    0.0646    0.0722   -0.0030    0.0038   -0.0014
            Y    -0.0264   -0.0221   -0.0001   -0.0184    0.1077    0.0157
            Z    -0.0463    0.0447   -0.0222   -0.0982   -0.0101   -0.0154
 AT.   2 MG X     0.0102    0.0212    0.0005   -0.0044   -0.0170    0.0127
            Y    -0.0064   -0.0073   -0.0001   -0.0135   -0.0133    0.0396
            Z    -0.0202    0.0147   -0.0003   -0.0131    0.0024   -0.0090
 AT.   3 C  X     0.0176    0.0502    0.0252    0.0068    0.0095    0.0150
            Y    -0.0131   -0.0151   -0.0248   -0.0266   -0.0257    0.0493
            Z    -0.0470    0.0300   -0.0325    0.0247    0.0140   -0.0115
 AT.   4 C  X    -0.0025   -0.0127   -0.0245    0.0010   -0.0013   -0.0257
            Y    -0.0103    0.0011    0.0236    0.0192    0.0307    0.0233
            Z     0.0071   -0.0111    0.0319   -0.0090   -0.0320   -0.0182
 AT.   5 O  X     0.0253    0.0473    0.0491   -0.0221    0.0341    0.0233
            Y    -0.0023   -0.0177    0.0079   -0.0653    0.0037    0.0596
            Z    -0.0501    0.0269   -0.0264    0.0020    0.0066   -0.0787
 AT.   6 O  X     0.0060    0.0562   -0.0127    0.0692   -0.0099    0.0142
            Y    -0.0123   -0.0157   -0.0194   -0.0321   -0.0179    0.0487
            Z    -0.0626    0.0506   -0.0543    0.0456    0.0470    0.0203
 AT.   7 O  X     0.0093    0.0093   -0.0362    0.0018   -0.0166   -0.0294
            Y    -0.0326   -0.0231    0.0628    0.0097    0.0571   -0.0370
            Z    -0.0473    0.0112    0.0549   -0.0300   -0.0319   -0.0148
 AT.   8 O  X     0.0309    0.0541    0.0021   -0.0206    0.0351    0.0274
            Y    -0.0043   -0.0170    0.0085   -0.0639    0.0032    0.0105
            Z    -0.0583    0.0298    0.0089    0.0012    0.0088   -0.0414
 AT.   9 O  X     0.0035    0.0557   -0.0037    0.0662   -0.0117    0.0639
            Y    -0.0176   -0.0174    0.0076   -0.0330   -0.0197    0.0225
            Z    -0.0604    0.0490   -0.0608    0.0438    0.0473    0.0400
 AT.  10 O  X     0.0020   -0.0028   -0.0357    0.0001   -0.0140   -0.0164
            Y    -0.0216   -0.0177    0.0489    0.0142    0.0527    0.0019
            Z    -0.0312    0.0075    0.0228   -0.0251   -0.0374    0.0054

 FREQ(CM**-1)    199.01    212.17    222.08    234.37    257.38    277.03

 AT.   1 CA X    -0.0030    0.0220   -0.0081   -0.0019   -0.0307   -0.0007
            Y    -0.0106    0.0015    0.0022    0.0043    0.0195   -0.0017
            Z     0.0057   -0.0002   -0.0005   -0.0139   -0.0167   -0.0134
 AT.   2 MG X     0.0269   -0.0406   -0.0021   -0.0052   -0.0035   -0.0247
            Y    -0.0046    0.0357    0.0078    0.0148   -0.0088   -0.0096
            Z     0.0076   -0.0181   -0.0052   -0.0587    0.0029    0.0265
 AT.   3 C  X     0.0635   -0.0201   -0.0195   -0.0005    0.0205    0.0187
            Y    -0.0098   -0.0050   -0.0387    0.0030    0.0012    0.0133
            Z     0.0214   -0.0174    0.0249    0.0157   -0.0259   -0.0164
 AT.   4 C  X     0.0156   -0.0247   -0.0034    0.0138   -0.0248    0.0094
            Y     0.0325    0.0132   -0.0198    0.0065   -0.0057    0.0031
            Z     0.0063    0.0009    0.0159   -0.0030    0.0232   -0.0538
 AT.   5 O  X     0.0557   -0.0225   -0.0363   -0.0172    0.0026    0.0093
            Y    -0.0212   -0.0116   -0.0623   -0.0174   -0.0276   -0.0024
            Z     0.0223    0.0227    0.0714   -0.0537    0.0363    0.0326
 AT.   6 O  X     0.0702   -0.0075    0.0092    0.0431    0.0440    0.0309
            Y    -0.0146   -0.0066   -0.0426    0.0017   -0.0014    0.0109
            Z     0.0367    0.0013    0.0175    0.0887   -0.0411   -0.0678
 AT.   7 O  X    -0.0330    0.0300   -0.0205    0.0065    0.0155    0.0011
            Y    -0.0335   -0.0449    0.0004   -0.0420    0.0106   -0.0523
            Z    -0.0418    0.0219    0.0029    0.0146   -0.0170    0.0456
 AT.   8 O  X    -0.0554    0.0065    0.0556    0.0138    0.0155    0.0050
            Y     0.0046    0.0198    0.0782    0.0195   -0.0005    0.0248
            Z    -0.0129    0.0019   -0.0973    0.0603    0.0945    0.0009
 AT.   9 O  X    -0.0672    0.0074   -0.0006   -0.0558    0.0344   -0.0630
            Y     0.0001    0.0226    0.0510   -0.0034    0.0168   -0.0066
            Z    -0.0273    0.0064   -0.0005   -0.1003   -0.0289    0.0750
 AT.  10 O  X     0.0124   -0.0274   -0.0048    0.0016   -0.0194   -0.0118
            Y     0.0378    0.0247   -0.0102    0.0242   -0.0187    0.0497
            Z     0.0446   -0.0536   -0.0112   -0.0256    0.0659   -0.0490

 FREQ(CM**-1)    284.98    290.21    321.93    327.04    340.54    376.78

 AT.   1 CA X    -0.0007    0.0092   -0.0276    0.0082    0.0011    0.0097
            Y    -0.0566    0.0003   -0.0416   -0.0066   -0.0023    0.0142
            Z    -0.0297   -0.0459    0.0027    0.0013   -0.0065   -0.0016
 AT.   2 MG X     0.0027    0.0082    0.0099    0.0966    0.0456    0.0988
            Y    -0.0033   -0.0274   -0.0004   -0.0551   -0.0389    0.1286
            Z    -0.0019    0.0026    0.0014   -0.0646    0.1416    0.0231
 AT.   3 C  X    -0.0175   -0.0010    0.0151   -0.0090   -0.0157   -0.0198
            Y    -0.0089    0.0210    0.0146    0.0280    0.0186   -0.0402
            Z    -0.0045   -0.0081    0.0425    0.0102   -0.0018   -0.0091
 AT.   4 C  X     0.0162    0.0028   -0.0116   -0.0113   -0.0172   -0.0197
            Y     0.0073   -0.0350   -0.0087    0.0269    0.0184   -0.0401
            Z     0.0040   -0.0095   -0.0516    0.0091    0.0031   -0.0091
 AT.   5 O  X    -0.0016   -0.0016    0.0360   -0.0133   -0.0319   -0.0216
            Y     0.0178    0.0271    0.0356    0.0332    0.0044   -0.0377
            Z    -0.0255    0.0274    0.0486    0.0482   -0.0176   -0.0322
 AT.   6 O  X    -0.0469   -0.0022   -0.0309   -0.0272   -0.0070    0.0016
            Y    -0.0052    0.0246    0.0126    0.0362    0.0111   -0.0387
            Z     0.0452    0.0339   -0.0022    0.0173    0.0658   -0.0060
 AT.   7 O  X     0.0294   -0.0100   -0.0170    0.0255    0.0046    0.0274
            Y     0.0132   -0.0146    0.0594    0.0063   -0.0207    0.0241
            Z    -0.0142    0.1089   -0.0639    0.0468    0.0283    0.0015
 AT.   8 O  X     0.0293    0.0002    0.0154   -0.0129    0.0132   -0.0059
            Y     0.0371    0.0340    0.0175   -0.0231   -0.0067    0.0074
            Z    -0.0057    0.0372    0.0297   -0.0716    0.0090    0.0061
 AT.   9 O  X    -0.0066   -0.0045    0.0055   -0.0023    0.0179   -0.0118
            Y     0.0106    0.0296    0.0190   -0.0291   -0.0030    0.0090
            Z     0.0500    0.0412   -0.0371    0.0322   -0.0695    0.0220
 AT.  10 O  X     0.0028   -0.0107   -0.0276   -0.0097   -0.0203   -0.0224
            Y     0.0375   -0.0126    0.0380    0.0192    0.0096   -0.0057
            Z     0.0295    0.1027   -0.0684   -0.0407   -0.0481    0.0122

 FREQ(CM**-1)    714.76    718.00    725.39    729.80    891.37    895.21

 AT.   1 CA X     0.0044    0.0010    0.0030    0.0002    0.0001   -0.0008
            Y     0.0027   -0.0004   -0.0047    0.0008    0.0001   -0.0006
            Z    -0.0029    0.0000    0.0032   -0.0004    0.0000   -0.0005
 AT.   2 MG X     0.0006   -0.0086   -0.0026    0.0123   -0.0002    0.0005
            Y    -0.0049    0.0116   -0.0040    0.0081   -0.0021   -0.0015
            Z     0.0013    0.0002    0.0019   -0.0096    0.0022   -0.0006
 AT.   3 C  X     0.0174    0.0449   -0.0335   -0.0299    0.0038    0.0001
            Y     0.0090    0.0258    0.0405    0.0421   -0.0008   -0.0005
            Z    -0.0009    0.0008   -0.0033    0.0043    0.0779    0.1787
 AT.   4 C  X    -0.0156    0.0454    0.0152   -0.0227    0.0009    0.0028
            Y    -0.0192    0.0247   -0.0244    0.0365    0.0017   -0.0010
            Z    -0.0005    0.0008    0.0011    0.0052    0.1804   -0.0771
 AT.   5 O  X    -0.0172   -0.0368   -0.0674   -0.0852    0.0001   -0.0029
            Y    -0.0363   -0.1019    0.0328    0.0123   -0.0007   -0.0033
            Z    -0.0056   -0.0123    0.0020   -0.0068   -0.0202   -0.0492
 AT.   6 O  X    -0.0228   -0.0777    0.0831    0.0758    0.0007    0.0045
            Y     0.0250    0.0599    0.0384    0.0576   -0.0015   -0.0010
            Z     0.0044    0.0070   -0.0117   -0.0069   -0.0220   -0.0493
 AT.   7 O  X    -0.0869   -0.0413   -0.0147   -0.0239    0.0025    0.0022
            Y     0.0032    0.0038    0.0862    0.0543   -0.0054   -0.0032
            Z    -0.0027   -0.0032   -0.0075   -0.0090    0.0473    0.0224
 AT.   8 O  X    -0.0519    0.0042   -0.0744    0.0760    0.0001    0.0013
            Y    -0.0965    0.0430    0.0345   -0.0147    0.0009    0.0014
            Z    -0.0109    0.0025    0.0020    0.0056    0.0232    0.0279
 AT.   9 O  X    -0.0634    0.0365    0.0898   -0.0718   -0.0011   -0.0017
            Y     0.0718   -0.0165    0.0437   -0.0494    0.0016    0.0007
            Z     0.0077   -0.0016   -0.0119    0.0060    0.0250    0.0297
 AT.  10 O  X    -0.0430    0.0807   -0.0113    0.0316   -0.0024   -0.0006
            Y     0.0027    0.0181    0.0536   -0.0858    0.0053   -0.0006
            Z    -0.0007    0.0042   -0.0039    0.0123   -0.0475    0.0230

 FREQ(CM**-1)   1112.10   1112.93   1464.56   1483.58   1512.31   1582.21

 AT.   1 CA X    -0.0004   -0.0004   -0.0037    0.0003   -0.0017    0.0036
            Y    -0.0016   -0.0013    0.0017   -0.0008   -0.0022    0.0042
            Z    -0.0010    0.0010   -0.0020    0.0004    0.0023   -0.0025
 AT.   2 MG X     0.0002    0.0003   -0.0009   -0.0058    0.0019    0.0004
            Y     0.0003    0.0004    0.0011    0.0044    0.0057    0.0035
            Z    -0.0020    0.0002    0.0003    0.0033   -0.0046   -0.0016
 AT.   3 C  X     0.0003   -0.0003    0.1637    0.0749    0.0302    0.0728
            Y     0.0022   -0.0014   -0.0602   -0.0747   -0.0134    0.1513
            Z     0.0001   -0.0003    0.0028   -0.0024   -0.0006   -0.0015
 AT.   4 C  X    -0.0004   -0.0002   -0.1068    0.1372    0.0928    0.0251
            Y    -0.0014    0.0012    0.0236   -0.1078    0.1412   -0.0151
            Z    -0.0005    0.0002   -0.0025   -0.0026   -0.0010   -0.0005
 AT.   5 O  X     0.0491    0.0407   -0.0569   -0.0332   -0.0114    0.0022
            Y    -0.0358   -0.0315    0.0397    0.0279    0.0073   -0.0216
            Z    -0.0012   -0.0004   -0.0018    0.0028    0.0012   -0.0006
 AT.   6 O  X     0.0074    0.0054   -0.0081   -0.0017    0.0005   -0.0152
            Y     0.0592    0.0516    0.0183    0.0277    0.0062   -0.0690
            Z    -0.0004   -0.0005    0.0002    0.0002   -0.0015    0.0032
 AT.   7 O  X    -0.0376    0.0929    0.0308   -0.0179   -0.0397    0.0103
            Y    -0.0155    0.0384    0.0098   -0.0035   -0.0237    0.0072
            Z    -0.0004    0.0012   -0.0003   -0.0007   -0.0003    0.0019
 AT.   8 O  X     0.0412   -0.0497   -0.0565    0.0267   -0.0068    0.0055
            Y    -0.0314    0.0360    0.0395   -0.0174    0.0160   -0.0216
            Z    -0.0005   -0.0003   -0.0017    0.0003    0.0011   -0.0009
 AT.   9 O  X     0.0047   -0.0078   -0.0079    0.0041    0.0088   -0.0132
            Y     0.0512   -0.0602    0.0189   -0.0150    0.0452   -0.0631
            Z    -0.0003    0.0006    0.0002   -0.0010   -0.0008    0.0035
 AT.  10 O  X     0.0948    0.0376    0.0345   -0.0353   -0.0536   -0.0080
            Y     0.0393    0.0155    0.0108   -0.0046   -0.0310   -0.0040
            Z     0.0006    0.0005   -0.0002   -0.0021    0.0011    0.0022

 MODES IN ANTI-PHASE

 FREQ(CM**-1)     79.91    117.39    137.84    154.18    158.07    188.59

 AT.   1 CA X    -0.0034   -0.0067   -0.0446   -0.0002    0.0002   -0.0007
            Y     0.0032    0.0023    0.0001   -0.0013    0.0062    0.0074
            Z     0.0056   -0.0046    0.0137   -0.0067   -0.0006   -0.0072
 AT.   2 MG X    -0.0239   -0.0475    0.0151    0.0065    0.0260   -0.0088
            Y     0.0149    0.0164   -0.0035    0.0200    0.0202   -0.0277
            Z     0.0473   -0.0328   -0.0097    0.0194   -0.0036    0.0063
 AT.   3 C  X    -0.0135   -0.0278    0.0113   -0.0038   -0.0028    0.0329
            Y     0.0267    0.0120   -0.0192   -0.0099   -0.0223   -0.0067
            Z     0.0352   -0.0119   -0.0090   -0.0003    0.0289    0.0151
 AT.   4 C  X    -0.0220   -0.0560    0.0128   -0.0078   -0.0098   -0.0254
            Y     0.0279    0.0193   -0.0206    0.0209    0.0147   -0.0440
            Z     0.0583   -0.0303   -0.0109   -0.0230   -0.0013    0.0056
 AT.   5 O  X    -0.0264   -0.0384    0.0222    0.0096    0.0104    0.0162
            Y     0.0088   -0.0015   -0.0055    0.0060   -0.0041   -0.0361
            Z     0.0407   -0.0173   -0.0231   -0.0056    0.0195    0.0118
 AT.   6 O  X     0.0097   -0.0034   -0.0022   -0.0172   -0.0165    0.0713
            Y     0.0240    0.0099   -0.0182   -0.0087   -0.0170   -0.0113
            Z    -0.0020    0.0025    0.0408   -0.0097    0.0053    0.0352
 AT.   7 O  X     0.0296    0.0579    0.0218   -0.0127    0.0219    0.0031
            Y    -0.0427   -0.0239   -0.0232    0.0340   -0.0348    0.0333
            Z    -0.0621    0.0169    0.0019    0.0336   -0.0501    0.0195
 AT.   8 O  X     0.0197    0.0279   -0.0538   -0.0125   -0.0065    0.0075
            Y    -0.0080    0.0051   -0.0045   -0.0148    0.0045    0.0689
            Z    -0.0276    0.0115    0.0339    0.0058   -0.0187   -0.0680
 AT.   9 O  X    -0.0109   -0.0082    0.0124    0.0265    0.0153   -0.0348
            Y    -0.0204   -0.0065    0.0255    0.0043    0.0148    0.0446
            Z     0.0168   -0.0128    0.0303    0.0158    0.0001   -0.0070
 AT.  10 O  X    -0.0309   -0.0585    0.0227    0.0129   -0.0236   -0.0246
            Y     0.0492    0.0281   -0.0458   -0.0324    0.0411   -0.0497
            Z     0.0716   -0.0189   -0.0500   -0.0373    0.0461   -0.0239

 FREQ(CM**-1)    199.01    212.17    222.08    234.37    257.38    277.03

 AT.   1 CA X     0.0149    0.0884   -0.0292    0.0072    0.0234    0.0022
            Y     0.0529    0.0060    0.0080   -0.0163   -0.0148    0.0058
            Z    -0.0286   -0.0006   -0.0017    0.0531    0.0127    0.0452
 AT.   2 MG X     0.0236   -0.0117   -0.0005   -0.0051   -0.0274   -0.0260
            Y    -0.0041    0.0103    0.0020    0.0146   -0.0695   -0.0101
            Z     0.0067   -0.0052   -0.0013   -0.0581    0.0228    0.0279
 AT.   3 C  X     0.0075   -0.0144    0.0282    0.0139   -0.0198    0.0105
            Y     0.0341    0.0327    0.0291    0.0065   -0.0184    0.0038
            Z     0.0036    0.0294   -0.0119   -0.0032   -0.0074   -0.0548
 AT.   4 C  X     0.0620    0.0015   -0.0341   -0.0006   -0.0140    0.0192
            Y    -0.0141   -0.0303   -0.0442    0.0029   -0.0175    0.0135
            Z     0.0207   -0.0341    0.0225    0.0157   -0.0137   -0.0193
 AT.   5 O  X     0.0102   -0.0287    0.0474    0.0024   -0.0154   -0.0235
            Y     0.0391    0.0205    0.0481   -0.0088   -0.0072   -0.0417
            Z    -0.0201    0.0468   -0.0700   -0.0275   -0.0880   -0.0517
 AT.   6 O  X     0.0062    0.0016    0.0142    0.0372   -0.0235    0.0680
            Y     0.0349    0.0357    0.0282    0.0039   -0.0179   -0.0047
            Z    -0.0171    0.0162    0.0283    0.0469    0.0186   -0.0333
 AT.   7 O  X     0.0470   -0.0018   -0.0435   -0.0148    0.0244    0.0199
            Y    -0.0177   -0.0320   -0.0192    0.0254    0.0224   -0.0107
            Z    -0.0156   -0.0734   -0.0169    0.0261   -0.0731    0.0198
 AT.   8 O  X    -0.0120   -0.0359    0.0219    0.0106    0.0016   -0.0248
            Y     0.0442    0.0127    0.0092    0.0009    0.0285   -0.0336
            Z    -0.0271    0.0520   -0.0233    0.0024   -0.0114   -0.0611
 AT.   9 O  X    -0.0212   -0.0021    0.0169    0.0113   -0.0361    0.0402
            Y     0.0378    0.0284    0.0022    0.0026    0.0061   -0.0099
            Z    -0.0299    0.0150    0.0332   -0.0026    0.0347    0.0090
 AT.  10 O  X     0.0561    0.0125   -0.0479   -0.0161   -0.0215    0.0161
            Y    -0.0035   -0.0493   -0.0162    0.0427   -0.0162    0.0196
            Z     0.0017   -0.0546   -0.0130    0.0156    0.0359   -0.0082

 FREQ(CM**-1)    284.98    290.21    321.93    327.04    340.54    376.78

 AT.   1 CA X     0.0005    0.0008    0.0113    0.0158    0.0016    0.0166
            Y     0.0358    0.0000    0.0170   -0.0127   -0.0031    0.0244
            Z     0.0187   -0.0039   -0.0011    0.0026   -0.0089   -0.0027
 AT.   2 MG X     0.0672   -0.0117   -0.0725    0.0043   -0.0050   -0.0004
            Y    -0.0818    0.0395    0.0027   -0.0024    0.0042   -0.0005
            Z    -0.0481   -0.0037   -0.0103   -0.0029   -0.0154   -0.0001
 AT.   3 C  X    -0.0163   -0.0027   -0.0110   -0.0270    0.0091   -0.0203
            Y    -0.0191    0.0295   -0.0200   -0.0112   -0.0011   -0.0156
            Z    -0.0059    0.0132    0.0398   -0.0124   -0.0222    0.0010
 AT.   4 C  X    -0.0176   -0.0000   -0.0147    0.0261   -0.0055    0.0204
            Y    -0.0198   -0.0094   -0.0232    0.0136   -0.0029    0.0159
            Z    -0.0062    0.0121    0.0270    0.0132    0.0220   -0.0009
 AT.   5 O  X    -0.0332    0.0104    0.0147   -0.0251    0.0038   -0.0191
            Y    -0.0326    0.0438    0.0113   -0.0049   -0.0056   -0.0128
            Z    -0.0059    0.0611    0.0071   -0.0536    0.0038   -0.0113
 AT.   6 O  X    -0.0150   -0.0138   -0.0394   -0.0219    0.0166   -0.0126
            Y    -0.0141    0.0318   -0.0142   -0.0101    0.0004   -0.0116
            Z    -0.0339    0.0462    0.0507    0.0515   -0.0521    0.0219
 AT.   7 O  X     0.0109   -0.0046    0.0221    0.0061   -0.0198   -0.0102
            Y    -0.0353    0.0111    0.0062    0.0279    0.0035    0.0071
            Z    -0.0394   -0.0279    0.0326   -0.0169   -0.0415    0.0149
 AT.   8 O  X     0.0158   -0.0106   -0.0357   -0.0253   -0.0292   -0.0282
            Y    -0.0021   -0.0386   -0.0330    0.0244    0.0025   -0.0391
            Z     0.0255   -0.0557   -0.0391    0.0087   -0.0156   -0.0336
 AT.   9 O  X     0.0488    0.0132    0.0497   -0.0348   -0.0016   -0.0048
            Y     0.0107   -0.0272    0.0013    0.0239    0.0107   -0.0394
            Z    -0.0262   -0.0398   -0.0347    0.0437    0.0469    0.0055
 AT.  10 O  X    -0.0313    0.0029   -0.0039    0.0244   -0.0016    0.0188
            Y     0.0033   -0.0133   -0.0460    0.0212   -0.0187    0.0245
            Z     0.0297    0.0456    0.0215    0.0286    0.0144    0.0087

 FREQ(CM**-1)    714.76    718.00    725.39    729.80    891.37    895.21

 AT.   1 CA X     0.0031    0.0014    0.0006    0.0009   -0.0015    0.0016
            Y     0.0019   -0.0005   -0.0010    0.0037   -0.0017    0.0011
            Z    -0.0020    0.0001    0.0007   -0.0020   -0.0004    0.0009
 AT.   2 MG X    -0.0003    0.0007    0.0029    0.0040   -0.0001    0.0009
            Y     0.0023   -0.0010    0.0045    0.0026   -0.0013   -0.0024
            Z    -0.0006   -0.0000   -0.0021   -0.0031    0.0014   -0.0010
 AT.   3 C  X     0.0352   -0.0068   -0.0115    0.0025   -0.0008    0.0032
            Y     0.0327    0.0041    0.0200    0.0041    0.0023   -0.0013
            Z    -0.0002   -0.0000   -0.0007    0.0029    0.1628    0.0008
 AT.   4 C  X    -0.0360   -0.0010    0.0320   -0.0196    0.0038    0.0015
            Y    -0.0280   -0.0084   -0.0381    0.0214   -0.0017   -0.0010
            Z     0.0008   -0.0001    0.0032    0.0002   -0.0008    0.1612
 AT.   5 O  X    -0.0490   -0.0091   -0.0315   -0.0044   -0.0033    0.0004
            Y    -0.0894    0.0084    0.0111   -0.0086   -0.0033    0.0006
            Z    -0.0096   -0.0019    0.0004   -0.0015   -0.0427   -0.0003
 AT.   6 O  X    -0.0592    0.0103    0.0340   -0.0062    0.0057   -0.0010
            Y     0.0673    0.0044    0.0211    0.0077   -0.0015   -0.0001
            Z     0.0066    0.0008   -0.0029   -0.0009   -0.0416   -0.0024
 AT.   7 O  X    -0.0145    0.0708    0.0053    0.0241   -0.0021   -0.0007
            Y     0.0017    0.0206   -0.0633   -0.0889    0.0021    0.0029
            Z     0.0003    0.0033    0.0075    0.0099    0.0054   -0.0431
 AT.   8 O  X     0.0004   -0.0377    0.0018   -0.0388   -0.0033    0.0026
            Y    -0.0039   -0.0928    0.0030   -0.0028   -0.0032    0.0031
            Z    -0.0020   -0.0122    0.0005   -0.0042   -0.0411    0.0406
 AT.   9 O  X    -0.0014   -0.0694    0.0022    0.0253    0.0056   -0.0043
            Y     0.0008    0.0577   -0.0039    0.0305   -0.0014    0.0008
            Z     0.0019    0.0068   -0.0020   -0.0036   -0.0399    0.0394
 AT.  10 O  X    -0.0769   -0.0144   -0.0108    0.0123   -0.0023   -0.0022
            Y     0.0025    0.0107    0.0926   -0.0590    0.0025    0.0043
            Z    -0.0026   -0.0019   -0.0099    0.0054    0.0019   -0.0427

 FREQ(CM**-1)   1112.10   1112.93   1464.56   1483.58   1512.31   1582.21

 AT.   1 CA X     0.0007    0.0003    0.0002    0.0002   -0.0006    0.0007
            Y     0.0024    0.0009   -0.0001   -0.0005   -0.0008    0.0008
            Z     0.0015   -0.0007    0.0001    0.0003    0.0009   -0.0005
 AT.   2 MG X     0.0005    0.0057    0.0018    0.0031   -0.0015   -0.0005
            Y     0.0005    0.0065   -0.0022   -0.0024   -0.0048   -0.0041
            Z    -0.0041    0.0029   -0.0006   -0.0018    0.0039    0.0019
 AT.   3 C  X    -0.0003   -0.0042    0.0144   -0.1150   -0.0888   -0.0366
            Y    -0.0002   -0.0017    0.0140    0.0797   -0.1461   -0.0080
            Z    -0.0005   -0.0004    0.0011    0.0015    0.0009    0.0008
 AT.   4 C  X     0.0001   -0.0042   -0.1250    0.0019   -0.0136   -0.0775
            Y     0.0017   -0.0018    0.0571    0.0176    0.0396   -0.1507
            Z    -0.0002   -0.0004   -0.0016    0.0011    0.0005    0.0016
 AT.   5 O  X    -0.0659    0.0716   -0.0017    0.0460    0.0029    0.0095
            Y     0.0496   -0.0527    0.0004   -0.0331    0.0162   -0.0041
            Z     0.0011    0.0001   -0.0015   -0.0010    0.0004   -0.0009
 AT.   6 O  X    -0.0082    0.0108   -0.0016    0.0054    0.0130    0.0027
            Y    -0.0811    0.0877   -0.0076   -0.0303    0.0625    0.0036
            Z     0.0005   -0.0009    0.0002   -0.0012    0.0006    0.0012
 AT.   7 O  X    -0.0870   -0.0010   -0.0405   -0.0305   -0.0361   -0.0485
            Y    -0.0361   -0.0004   -0.0108   -0.0034   -0.0200   -0.0294
            Z    -0.0004    0.0000   -0.0004   -0.0020    0.0020    0.0011
 AT.   8 O  X    -0.0711   -0.0657    0.0072   -0.0501   -0.0096   -0.0081
            Y     0.0524    0.0497   -0.0042    0.0397   -0.0076   -0.0040
            Z     0.0016    0.0004    0.0016    0.0029    0.0005    0.0006
 AT.   9 O  X    -0.0100   -0.0092    0.0024   -0.0039   -0.0096   -0.0080
            Y    -0.0864   -0.0821    0.0058    0.0382   -0.0436   -0.0284
            Z     0.0005    0.0008   -0.0003    0.0007   -0.0015    0.0000
 AT.  10 O  X     0.0002   -0.0850    0.0374   -0.0027    0.0018    0.0489
            Y     0.0000   -0.0351    0.0098   -0.0016   -0.0002    0.0300
            Z     0.0002   -0.0012    0.0004    0.0003   -0.0018   -0.0003


  DISPERSION K POINT NUMBER     4 COORD:  C(  0  1  0 )    WEIGHT:    1.

    MODES         EIGV          FREQUENCIES     IRREP
             (HARTREE**2)   (CM**-1)     (THZ)
    1-   1    0.1326E-06     79.9145    2.3958  (  1)
    2-   2    0.2861E-06    117.3919    3.5193  (  1)
    3-   3    0.3944E-06    137.8415    4.1324  (  1)
    4-   4    0.4935E-06    154.1833    4.6223  (  1)
    5-   5    0.5187E-06    158.0653    4.7387  (  1)
    6-   6    0.7383E-06    188.5872    5.6537  (  1)
    7-   7    0.8222E-06    199.0145    5.9663  (  1)
    8-   8    0.9346E-06    212.1719    6.3608  (  1)
    9-   9    0.1024E-05    222.0767    6.6577  (  1)
   10-  10    0.1140E-05    234.3728    7.0263  (  1)
   11-  11    0.1375E-05    257.3813    7.7161  (  1)
   12-  12    0.1593E-05    277.0336    8.3053  (  1)
   13-  13    0.1686E-05    284.9755    8.5434  (  1)
   14-  14    0.1749E-05    290.2148    8.7004  (  1)
   15-  15    0.2152E-05    321.9300    9.6512  (  1)
   16-  16    0.2220E-05    327.0438    9.8045  (  1)
   17-  17    0.2407E-05    340.5359   10.2090  (  1)
   18-  18    0.2947E-05    376.7805   11.2956  (  1)
   19-  19    0.1061E-04    714.7599   21.4280  (  1)
   20-  20    0.1070E-04    718.0014   21.5251  (  1)
   21-  21    0.1092E-04    725.3933   21.7467  (  1)
   22-  22    0.1106E-04    729.8012   21.8789  (  1)
   23-  23    0.1649E-04    891.3708   26.7226  (  1)
   24-  24    0.1664E-04    895.2120   26.8378  (  1)
   25-  25    0.2568E-04   1112.1039   33.3400  (  1)
   26-  26    0.2571E-04   1112.9274   33.3647  (  1)
   27-  27    0.4453E-04   1464.5612   43.9064  (  1)
   28-  28    0.4569E-04   1483.5756   44.4765  (  1)
   29-  29    0.4748E-04   1512.3115   45.3380  (  1)
   30-  30    0.5197E-04   1582.2056   47.4333  (  1)

 MODES IN PHASE

 FREQ(CM**-1)     79.91    117.39    137.84    154.18    158.07    188.59

 AT.   1 CA X     0.0362    0.0513   -0.0263   -0.0110   -0.0915   -0.0136
            Y     0.0113    0.0448   -0.0454    0.0090    0.0572    0.0063
            Z     0.0450   -0.0446   -0.0161   -0.0750    0.0101    0.0146
 AT.   2 MG X     0.0191    0.0159    0.0105   -0.0160    0.0026    0.0005
            Y     0.0102    0.0138    0.0112    0.0178   -0.0184   -0.0006
            Z     0.0364   -0.0137    0.0096   -0.0220   -0.0020   -0.0002
 AT.   3 C  X     0.0298    0.0375    0.0183   -0.0173    0.0285   -0.0012
            Y     0.0075    0.0354   -0.0009    0.0010   -0.0058    0.0419
            Z     0.0567   -0.0297    0.0052    0.0201   -0.0165   -0.0061
 AT.   4 C  X     0.0157    0.0428   -0.0396   -0.0235    0.0275   -0.0373
            Y     0.0089    0.0391   -0.0090    0.0110   -0.0049    0.0349
            Z     0.0415   -0.0320   -0.0336    0.0175   -0.0146    0.0130
 AT.   5 O  X     0.0186    0.0413    0.0133   -0.0508    0.0111    0.0181
            Y    -0.0085    0.0408   -0.0086   -0.0467   -0.0195    0.0670
            Z     0.0573   -0.0506   -0.0467    0.0424   -0.0473   -0.0406
 AT.   6 O  X     0.0112    0.0261    0.0390   -0.0153   -0.0538   -0.0129
            Y    -0.0092   -0.0024    0.0072   -0.0016    0.0142   -0.0085
            Z     0.0207   -0.0117    0.0043   -0.0440    0.0363   -0.0078
 AT.   7 O  X     0.0214    0.0384    0.0138   -0.0368    0.0146    0.0103
            Y     0.0262    0.0311    0.0111    0.0484    0.0319    0.0247
            Z     0.0616   -0.0263    0.0200    0.0049   -0.0084    0.0342
 AT.   8 O  X     0.0113    0.0429   -0.0148   -0.0440    0.0107   -0.0395
            Y     0.0020    0.0392    0.0232   -0.0180   -0.0180    0.0308
            Z     0.0623   -0.0486   -0.0370    0.0259   -0.0471   -0.0166
 AT.   9 O  X     0.0400    0.0124    0.0575    0.0304   -0.0567    0.0200
            Y    -0.0076   -0.0123   -0.0025   -0.0088    0.0142   -0.0457
            Z     0.0557   -0.0070    0.0522    0.0020    0.0331    0.0168
 AT.  10 O  X     0.0115    0.0421   -0.0221   -0.0323    0.0140   -0.0438
            Y     0.0180    0.0391   -0.0493    0.0292    0.0316    0.0502
            Z     0.0438   -0.0302   -0.0327   -0.0025   -0.0071    0.0795

 FREQ(CM**-1)    199.01    212.17    222.08    234.37    257.38    277.03

 AT.   1 CA X    -0.0130   -0.0289   -0.0131   -0.0007    0.0359   -0.0030
            Y     0.0134   -0.0589   -0.0129    0.0001    0.0188    0.0037
            Z     0.0097   -0.0005    0.0010    0.0020   -0.0186   -0.0343
 AT.   2 MG X    -0.0151    0.0513   -0.0080   -0.0184    0.0020    0.0013
            Y    -0.0182    0.0174    0.0022    0.0035   -0.0025    0.0088
            Z     0.0066   -0.0181    0.0053    0.0700   -0.0010    0.0089
 AT.   3 C  X    -0.0435    0.0237    0.0185   -0.0024   -0.0081    0.0028
            Y    -0.0463    0.0149   -0.0205    0.0044   -0.0225   -0.0143
            Z     0.0206    0.0008   -0.0192   -0.0146   -0.0243    0.0133
 AT.   4 C  X     0.0215    0.0278   -0.0235    0.0023    0.0015    0.0007
            Y     0.0551   -0.0133    0.0531   -0.0054   -0.0317    0.0201
            Z    -0.0202    0.0342    0.0249    0.0141   -0.0043    0.0563
 AT.   5 O  X    -0.0511    0.0142    0.0329    0.0230   -0.0222    0.0139
            Y    -0.0497   -0.0018   -0.0034    0.0447   -0.0418    0.0005
            Z     0.0387    0.0097   -0.0262   -0.0968   -0.0437   -0.0419
 AT.   6 O  X    -0.0069   -0.0599   -0.0117    0.0323    0.0002   -0.0301
            Y     0.0494    0.0063   -0.0329   -0.0150   -0.0130    0.0278
            Z    -0.0392   -0.0202    0.0031   -0.0200   -0.0045    0.0295
 AT.   7 O  X    -0.0498    0.0180    0.0274    0.0083   -0.0251    0.0064
            Y    -0.0333    0.0292   -0.0362   -0.0236    0.0085   -0.0266
            Z     0.0249    0.0440   -0.0428    0.0584    0.0505    0.0541
 AT.   8 O  X     0.0272    0.0270   -0.0395   -0.0237   -0.0065    0.0367
            Y     0.0576   -0.0216    0.0289   -0.0464   -0.0424    0.0650
            Z    -0.0228    0.0134   -0.0110    0.0985   -0.0343    0.0604
 AT.   9 O  X     0.0306    0.0039    0.0026   -0.0295   -0.0059    0.0379
            Y    -0.0227    0.0169   -0.0258    0.0147    0.0213   -0.0008
            Z     0.0439   -0.0744    0.0150    0.0215    0.0589   -0.0383
 AT.  10 O  X     0.0251    0.0272   -0.0364   -0.0088   -0.0121    0.0248
            Y     0.0469   -0.0001    0.0900    0.0233   -0.0104   -0.0336
            Z    -0.0089    0.0291    0.0993   -0.0593    0.0951    0.0314

 FREQ(CM**-1)    284.98    290.21    321.93    327.04    340.54    376.78

 AT.   1 CA X    -0.0519   -0.0042    0.0148    0.0090   -0.0024   -0.0080
            Y     0.0309   -0.0080   -0.0297    0.0035    0.0001    0.0165
            Z    -0.0317   -0.0450   -0.0018   -0.0012   -0.0061    0.0017
 AT.   2 MG X     0.0861   -0.0149    0.0385    0.0957   -0.0567   -0.0619
            Y     0.0143    0.0036    0.0614    0.0560   -0.0201    0.1497
            Z     0.0397    0.0014   -0.0103    0.0644    0.1421   -0.0231
 AT.   3 C  X     0.0077    0.0258   -0.0127   -0.0285    0.0241    0.0250
            Y    -0.0096   -0.0129    0.0244    0.0075    0.0046   -0.0382
            Z     0.0026   -0.0039    0.0268   -0.0108   -0.0008    0.0090
 AT.   4 C  X     0.0020    0.0151    0.0014    0.0144   -0.0134   -0.0085
            Y     0.0167   -0.0080    0.0080   -0.0267   -0.0084   -0.0054
            Z    -0.0038   -0.0097   -0.0567    0.0160   -0.0202   -0.0051
 AT.   5 O  X     0.0141    0.0316   -0.0000   -0.0449    0.0134    0.0345
            Y     0.0060   -0.0111    0.0341   -0.0044    0.0011   -0.0185
            Z     0.0527    0.0460    0.0494   -0.0150    0.0680    0.0052
 AT.   6 O  X     0.0287   -0.0038   -0.0217    0.0082   -0.0208   -0.0076
            Y    -0.0241    0.0148   -0.0174    0.0244    0.0057    0.0356
            Z     0.0258    0.0960    0.0487   -0.0475    0.0301   -0.0021
 AT.   7 O  X     0.0185    0.0327   -0.0011   -0.0350    0.0200    0.0219
            Y    -0.0421   -0.0207   -0.0043    0.0061    0.0254   -0.0384
            Z    -0.0086    0.0441   -0.0064   -0.0505   -0.0178    0.0326
 AT.   8 O  X     0.0194    0.0178   -0.0266    0.0257   -0.0120   -0.0125
            Y     0.0405   -0.0098   -0.0382   -0.0157   -0.0138   -0.0066
            Z     0.0489    0.0277   -0.0233   -0.0303   -0.0715   -0.0222
 AT.   9 O  X     0.0010   -0.0091   -0.0492   -0.0212    0.0191   -0.0067
            Y    -0.0328    0.0161    0.0241   -0.0002    0.0122   -0.0211
            Z    -0.0094    0.1116    0.0393    0.0419   -0.0487   -0.0125
 AT.  10 O  X     0.0175    0.0198   -0.0124    0.0150   -0.0131   -0.0086
            Y    -0.0128   -0.0081    0.0517   -0.0222   -0.0092   -0.0031
            Z    -0.0246    0.0193   -0.0458    0.0719    0.0097   -0.0048

 FREQ(CM**-1)    714.76    718.00    725.39    729.80    891.37    895.21

 AT.   1 CA X     0.0002    0.0005    0.0036    0.0022   -0.0006   -0.0001
            Y    -0.0058    0.0004    0.0002   -0.0021    0.0019    0.0010
            Z    -0.0033   -0.0000   -0.0020   -0.0016   -0.0004   -0.0005
 AT.   2 MG X    -0.0039   -0.0143   -0.0012   -0.0001   -0.0017    0.0030
            Y     0.0017   -0.0016    0.0023    0.0025    0.0012   -0.0005
            Z     0.0011   -0.0002    0.0010    0.0016    0.0022    0.0011
 AT.   3 C  X     0.0014    0.0016   -0.0442   -0.0214    0.0011    0.0025
            Y    -0.0293    0.0514   -0.0040   -0.0060   -0.0017    0.0016
            Z    -0.0009   -0.0008    0.0021    0.0006    0.1804   -0.1016
 AT.   4 C  X     0.0086   -0.0059   -0.0256    0.0415    0.0034   -0.0005
            Y    -0.0501   -0.0312   -0.0068    0.0011    0.0011    0.0001
            Z    -0.0006    0.0005    0.0021    0.0052    0.1026    0.1787
 AT.   5 O  X     0.0513   -0.0889    0.0026    0.0033   -0.0045    0.0014
            Y     0.0109   -0.0389    0.0773    0.0444   -0.0037    0.0011
            Z     0.0057   -0.0066    0.0079    0.0024   -0.0470    0.0299
 AT.   6 O  X     0.0470   -0.0272    0.0137   -0.1061   -0.0000   -0.0002
            Y     0.0744   -0.0486   -0.0102    0.0239    0.0009    0.0008
            Z    -0.0026    0.0039   -0.0033    0.0129    0.0252    0.0229
 AT.   7 O  X    -0.0338    0.0708   -0.0510   -0.0289   -0.0014    0.0006
            Y     0.0511   -0.0801   -0.0385   -0.0236    0.0041   -0.0018
            Z    -0.0075    0.0116   -0.0013    0.0018   -0.0472    0.0281
 AT.   8 O  X     0.0919    0.0501    0.0072    0.0154   -0.0028   -0.0031
            Y     0.0187    0.0296    0.0454   -0.0726   -0.0037   -0.0034
            Z     0.0079    0.0031    0.0073   -0.0060   -0.0252   -0.0493
 AT.   9 O  X     0.0321    0.0277   -0.0999   -0.0099    0.0054   -0.0039
            Y     0.0492    0.0786    0.0407    0.0097    0.0004   -0.0003
            Z    -0.0012   -0.0045    0.0106   -0.0008   -0.0188    0.0222
 AT.  10 O  X    -0.0570   -0.0477   -0.0321    0.0382   -0.0007   -0.0015
            Y     0.0913    0.0417   -0.0189    0.0578    0.0037    0.0041
            Z    -0.0111   -0.0051   -0.0013   -0.0063   -0.0270   -0.0492

 FREQ(CM**-1)   1112.10   1112.93   1464.56   1483.58   1512.31   1582.21

 AT.   1 CA X     0.0021   -0.0001   -0.0032    0.0001   -0.0002   -0.0018
            Y    -0.0021    0.0001   -0.0023   -0.0000    0.0006    0.0050
            Z     0.0018    0.0001    0.0020   -0.0000    0.0005    0.0024
 AT.   2 MG X     0.0001   -0.0024   -0.0010    0.0063    0.0050   -0.0033
            Y    -0.0004    0.0073   -0.0002    0.0026   -0.0055    0.0024
            Z    -0.0025   -0.0026   -0.0002    0.0031   -0.0057    0.0019
 AT.   3 C  X    -0.0009   -0.0000    0.1318   -0.1594    0.0553   -0.0921
            Y     0.0010   -0.0044    0.1133   -0.0657   -0.1373    0.1423
            Z    -0.0005    0.0005   -0.0029   -0.0025   -0.0011    0.0016
 AT.   4 C  X    -0.0010   -0.0001    0.1312    0.1624   -0.0774   -0.0881
            Y     0.0011    0.0042    0.1038    0.0644    0.1512    0.1035
            Z    -0.0005   -0.0005   -0.0025    0.0027    0.0010    0.0009
 AT.   5 O  X    -0.0811   -0.0821   -0.0188    0.0372   -0.0376    0.0519
            Y     0.0594    0.0614    0.0014   -0.0150    0.0341   -0.0478
            Z     0.0006    0.0010   -0.0002    0.0011   -0.0013   -0.0030
 AT.   6 O  X     0.0079    0.0066    0.0052   -0.0082   -0.0010   -0.0012
            Y     0.0600    0.0496    0.0253   -0.0170   -0.0103    0.0203
            Z    -0.0002   -0.0007    0.0003    0.0015   -0.0019   -0.0018
 AT.   7 O  X     0.0936    0.0943   -0.0624    0.0647   -0.0042    0.0184
            Y     0.0403    0.0406   -0.0293    0.0275    0.0122   -0.0097
            Z     0.0016    0.0001    0.0020    0.0022    0.0003    0.0005
 AT.   8 O  X    -0.0814    0.0817   -0.0207   -0.0381    0.0464    0.0447
            Y     0.0597   -0.0610    0.0033    0.0158   -0.0416   -0.0396
            Z     0.0006   -0.0010   -0.0001   -0.0011    0.0008   -0.0034
 AT.   9 O  X     0.0067   -0.0077    0.0093    0.0064    0.0008   -0.0003
            Y     0.0514   -0.0581    0.0404    0.0124    0.0342   -0.0169
            Z    -0.0001    0.0008    0.0002   -0.0012    0.0021   -0.0022
 AT.  10 O  X     0.0940   -0.0938   -0.0607   -0.0658    0.0107    0.0213
            Y     0.0406   -0.0403   -0.0283   -0.0275   -0.0114   -0.0047
            Z     0.0016   -0.0002    0.0014   -0.0025    0.0002    0.0010

 MODES IN ANTI-PHASE

 FREQ(CM**-1)     79.91    117.39    137.84    154.18    158.07    188.59

 AT.   1 CA X    -0.0097    0.0068    0.0334    0.0094   -0.0031   -0.0081
            Y    -0.0030    0.0059    0.0577   -0.0076    0.0019    0.0038
            Z    -0.0121   -0.0059    0.0205    0.0638    0.0003    0.0087
 AT.   2 MG X     0.0191    0.0384    0.0015   -0.0057    0.0048   -0.0341
            Y     0.0102    0.0333    0.0016    0.0063   -0.0344    0.0375
            Z     0.0363   -0.0332    0.0014   -0.0079   -0.0038    0.0110
 AT.   3 C  X     0.0202    0.0254    0.0364    0.0210   -0.0154   -0.0417
            Y    -0.0048    0.0191    0.0094   -0.0110    0.0131    0.0172
            Z     0.0151   -0.0128    0.0333   -0.0144    0.0275    0.0180
 AT.   4 C  X    -0.0324   -0.0148   -0.0092    0.0137    0.0173    0.0186
            Y     0.0004   -0.0092    0.0031    0.0008   -0.0134    0.0288
            Z    -0.0415    0.0046    0.0027   -0.0175   -0.0285   -0.0139
 AT.   5 O  X     0.0096    0.0115    0.0121    0.0363   -0.0054   -0.0545
            Y    -0.0186   -0.0008   -0.0218    0.0106    0.0211   -0.0010
            Z    -0.0253    0.0010    0.0493   -0.0193    0.0010    0.0029
 AT.   6 O  X    -0.0603   -0.0488   -0.0686   -0.0333   -0.0461    0.0296
            Y    -0.0009   -0.0383    0.0009    0.0086   -0.0003   -0.0472
            Z    -0.0753    0.0166   -0.0548   -0.0092   -0.0470    0.0232
 AT.   7 O  X     0.0139    0.0190    0.0194    0.0267   -0.0074   -0.0552
            Y     0.0094    0.0349    0.0480   -0.0217   -0.0041    0.0437
            Z     0.0190   -0.0181    0.0288    0.0033    0.0189    0.0718
 AT.   8 O  X    -0.0177   -0.0003   -0.0101    0.0444    0.0062    0.0416
            Y     0.0203    0.0115    0.0032    0.0444   -0.0224    0.0595
            Z    -0.0069   -0.0142    0.0570   -0.0387   -0.0042   -0.0371
 AT.   9 O  X     0.0465    0.0540   -0.0540    0.0204    0.0424   -0.0254
            Y     0.0054    0.0363   -0.0068    0.0002    0.0012    0.0148
            Z     0.0547   -0.0191   -0.0170    0.0449    0.0493   -0.0178
 AT.  10 O  X    -0.0227   -0.0083   -0.0089    0.0321    0.0084    0.0351
            Y    -0.0213   -0.0256    0.0004   -0.0443    0.0062    0.0011
            Z    -0.0474    0.0106   -0.0127   -0.0054   -0.0194   -0.0037

 FREQ(CM**-1)    199.01    212.17    222.08    234.37    257.38    277.03

 AT.   1 CA X    -0.0368    0.0280    0.0181   -0.0183    0.0188   -0.0028
            Y     0.0379    0.0571    0.0179    0.0020    0.0098    0.0035
            Z     0.0275    0.0004   -0.0014    0.0548   -0.0097   -0.0324
 AT.   2 MG X     0.0176    0.0146   -0.0008    0.0115    0.0468   -0.0056
            Y     0.0212    0.0049    0.0002   -0.0022   -0.0589   -0.0370
            Z    -0.0077   -0.0052    0.0005   -0.0439   -0.0230   -0.0374
 AT.   3 C  X    -0.0198   -0.0271    0.0186   -0.0019    0.0075    0.0005
            Y     0.0303    0.0138   -0.0491   -0.0146   -0.0229    0.0210
            Z    -0.0066   -0.0341   -0.0198   -0.0066    0.0117    0.0556
 AT.   4 C  X    -0.0427   -0.0228   -0.0116   -0.0021   -0.0109    0.0028
            Y    -0.0054   -0.0153    0.0038   -0.0143   -0.0054   -0.0154
            Z     0.0078    0.0002    0.0119   -0.0076   -0.0266    0.0102
 AT.   5 O  X    -0.0201   -0.0266    0.0306   -0.0105    0.0075    0.0360
            Y     0.0302    0.0216   -0.0294   -0.0250   -0.0226    0.0651
            Z     0.0118   -0.0131    0.0204    0.0265   -0.0115    0.0628
 AT.   6 O  X     0.0402   -0.0058    0.0012    0.0373   -0.0073    0.0396
            Y     0.0252   -0.0168    0.0383   -0.0032    0.0350   -0.0023
            Z     0.0213    0.0738   -0.0168    0.0223    0.0749   -0.0400
 AT.   7 O  X    -0.0219   -0.0266    0.0292   -0.0072    0.0027    0.0245
            Y     0.0334    0.0010   -0.0827   -0.0029   -0.0186   -0.0322
            Z     0.0167   -0.0278   -0.0904   -0.0151    0.0807    0.0284
 AT.   8 O  X    -0.0477   -0.0134   -0.0215   -0.0088   -0.0226    0.0119
            Y    -0.0077    0.0012   -0.0061   -0.0217   -0.0214   -0.0032
            Z     0.0335   -0.0093    0.0314    0.0194   -0.0293   -0.0454
 AT.   9 O  X     0.0270    0.0601    0.0115    0.0396    0.0043   -0.0322
            Y     0.0506   -0.0058    0.0433   -0.0043   -0.0307    0.0279
            Z    -0.0080    0.0180   -0.0083    0.0208   -0.0465    0.0317
 AT.  10 O  X    -0.0484   -0.0172   -0.0166   -0.0066   -0.0222    0.0050
            Y     0.0051   -0.0292    0.0080   -0.0046    0.0176   -0.0248
            Z     0.0286   -0.0432    0.0118   -0.0108   -0.0045    0.0524

 FREQ(CM**-1)    284.98    290.21    321.93    327.04    340.54    376.78

 AT.   1 CA X     0.0248   -0.0009   -0.0189   -0.0193    0.0036    0.0125
            Y    -0.0147   -0.0017    0.0380   -0.0075   -0.0002   -0.0260
            Z     0.0151   -0.0097    0.0023    0.0026    0.0092   -0.0026
 AT.   2 MG X     0.0592   -0.0464    0.0054   -0.0084   -0.0036   -0.0026
            Y     0.0098    0.0111    0.0086   -0.0049   -0.0013    0.0063
            Z     0.0273    0.0043   -0.0014   -0.0057    0.0091   -0.0010
 AT.   3 C  X     0.0036   -0.0202    0.0017    0.0051    0.0045   -0.0024
            Y    -0.0292    0.0091   -0.0143    0.0287    0.0071    0.0239
            Z     0.0069   -0.0149    0.0517   -0.0119    0.0222    0.0014
 AT.   4 C  X    -0.0082    0.0291    0.0128    0.0251   -0.0205   -0.0236
            Y     0.0258   -0.0136   -0.0271    0.0127   -0.0015    0.0448
            Z    -0.0064    0.0120   -0.0135    0.0006    0.0093   -0.0076
 AT.   5 O  X    -0.0135   -0.0264    0.0274    0.0042    0.0074   -0.0024
            Y    -0.0472    0.0007    0.0309    0.0242    0.0145    0.0160
            Z    -0.0202   -0.0342    0.0117    0.0522    0.0491    0.0221
 AT.   6 O  X     0.0220   -0.0136    0.0561    0.0208   -0.0121    0.0110
            Y     0.0227    0.0061   -0.0205   -0.0203   -0.0157    0.0066
            Z     0.0330    0.0585   -0.0526   -0.0148    0.0402    0.0148
 AT.   7 O  X    -0.0076   -0.0242    0.0130    0.0098    0.0058   -0.0007
            Y    -0.0177    0.0260   -0.0522    0.0239   -0.0007    0.0215
            Z     0.0247   -0.0504    0.0487   -0.0515   -0.0031   -0.0101
 AT.   8 O  X    -0.0025    0.0371    0.0067    0.0370   -0.0095   -0.0322
            Y     0.0250   -0.0053   -0.0256    0.0189    0.0046    0.0236
            Z    -0.0283    0.0502   -0.0451    0.0451   -0.0438    0.0047
 AT.   9 O  X    -0.0361    0.0108    0.0346    0.0071    0.0146    0.0116
            Y     0.0044    0.0006    0.0119   -0.0318   -0.0113   -0.0294
            Z    -0.0408   -0.0136   -0.0600    0.0268   -0.0123    0.0082
 AT.  10 O  X    -0.0096    0.0355    0.0043    0.0331   -0.0162   -0.0201
            Y     0.0439   -0.0322   -0.0084    0.0107   -0.0237    0.0439
            Z    -0.0088    0.0641    0.0180    0.0055    0.0152   -0.0338

 FREQ(CM**-1)    714.76    718.00    725.39    729.80    891.37    895.21

 AT.   1 CA X    -0.0001   -0.0013    0.0044    0.0018    0.0003    0.0002
            Y     0.0024   -0.0011    0.0002   -0.0017   -0.0010   -0.0019
            Z     0.0014    0.0001   -0.0025   -0.0013    0.0002    0.0009
 AT.   2 MG X    -0.0030    0.0019    0.0031    0.0009   -0.0011   -0.0001
            Y     0.0013    0.0002   -0.0060   -0.0153    0.0008    0.0000
            Z     0.0008    0.0000   -0.0026   -0.0099    0.0014   -0.0000
 AT.   3 C  X    -0.0107    0.0067   -0.0356    0.0468   -0.0034   -0.0012
            Y     0.0415   -0.0075   -0.0078    0.0023   -0.0025   -0.0013
            Z    -0.0000    0.0002    0.0026    0.0052   -0.0000   -0.1470
 AT.   4 C  X     0.0065    0.0036   -0.0507   -0.0304    0.0010   -0.0028
            Y    -0.0084   -0.0415   -0.0055   -0.0064    0.0028   -0.0021
            Z     0.0007    0.0007    0.0026   -0.0004   -0.1484    0.0000
 AT.   5 O  X    -0.0786    0.0184    0.0079    0.0151    0.0003    0.0028
            Y    -0.0156   -0.0028    0.0629   -0.0834    0.0019    0.0033
            Z    -0.0055    0.0023    0.0091   -0.0066   -0.0019    0.0393
 AT.   6 O  X     0.0015   -0.0119   -0.0992    0.0119   -0.0066    0.0048
            Y     0.0046   -0.0626    0.0394    0.0050    0.0001   -0.0003
            Z    -0.0008    0.0025    0.0101   -0.0035    0.0403   -0.0428
 AT.   7 O  X     0.0468   -0.0036   -0.0437    0.0450   -0.0001    0.0014
            Y    -0.0779    0.0215   -0.0275    0.0639   -0.0017   -0.0038
            Z     0.0081   -0.0045   -0.0016   -0.0068    0.0002    0.0404
 AT.   8 O  X     0.0189    0.0756    0.0042    0.0001    0.0035    0.0004
            Y     0.0033    0.0254    0.0887    0.0604    0.0020    0.0010
            Z    -0.0002    0.0063    0.0097    0.0037    0.0397   -0.0022
 AT.   9 O  X    -0.0344    0.0107   -0.0073   -0.1063    0.0038    0.0029
            Y    -0.0560   -0.0101   -0.0017    0.0224   -0.0008   -0.0008
            Z     0.0024   -0.0010   -0.0011    0.0134   -0.0437   -0.0431
 AT.  10 O  X    -0.0090   -0.0524   -0.0589   -0.0374    0.0012    0.0003
            Y     0.0186    0.0717   -0.0433   -0.0361   -0.0024   -0.0007
            Z    -0.0004   -0.0114   -0.0016    0.0031    0.0387   -0.0001

 FREQ(CM**-1)   1112.10   1112.93   1464.56   1483.58   1512.31   1582.21

 AT.   1 CA X    -0.0001    0.0011   -0.0006    0.0010    0.0011    0.0006
            Y     0.0001   -0.0012   -0.0005   -0.0002   -0.0027   -0.0017
            Z    -0.0001   -0.0013    0.0004   -0.0005   -0.0024   -0.0008
 AT.   2 MG X     0.0002    0.0012   -0.0029   -0.0043   -0.0016   -0.0029
            Y    -0.0006   -0.0037   -0.0005   -0.0018    0.0018    0.0021
            Z    -0.0038    0.0013   -0.0006   -0.0021    0.0019    0.0017
 AT.   3 C  X     0.0015    0.0012    0.0244    0.0322    0.0663    0.0245
            Y    -0.0010    0.0014   -0.0029   -0.0032   -0.0634    0.0159
            Z    -0.0002    0.0000    0.0007    0.0014    0.0001    0.0006
 AT.   4 C  X    -0.0014    0.0012    0.0274    0.0072    0.0382    0.0364
            Y     0.0009    0.0019    0.0457   -0.0133   -0.0023   -0.0990
            Z     0.0002   -0.0000   -0.0017    0.0010    0.0005   -0.0014
 AT.   5 O  X     0.0074   -0.0004   -0.0086   -0.0087   -0.0297   -0.0056
            Y    -0.0068   -0.0007    0.0055    0.0061    0.0256    0.0026
            Z    -0.0001   -0.0000    0.0002    0.0004    0.0010    0.0017
 AT.   6 O  X     0.0109    0.0115    0.0118   -0.0109    0.0002   -0.0011
            Y     0.0822    0.0865    0.0446   -0.0283   -0.0611    0.0544
            Z    -0.0006   -0.0011   -0.0003    0.0015   -0.0008    0.0014
 AT.   7 O  X    -0.0094   -0.0003   -0.0080   -0.0123   -0.0169   -0.0110
            Y    -0.0048   -0.0013   -0.0030   -0.0024    0.0004   -0.0049
            Z    -0.0005    0.0004   -0.0012   -0.0020   -0.0012   -0.0010
 AT.   8 O  X     0.0008    0.0079    0.0008   -0.0029   -0.0119   -0.0271
            Y     0.0008   -0.0069   -0.0045    0.0037    0.0095    0.0269
            Z     0.0000   -0.0001   -0.0003    0.0005    0.0014    0.0005
 AT.   9 O  X    -0.0116    0.0108   -0.0090   -0.0121    0.0006    0.0016
            Y    -0.0878    0.0810   -0.0317   -0.0306   -0.0517   -0.0556
            Z     0.0006   -0.0010    0.0004    0.0017    0.0000   -0.0000
 AT.  10 O  X    -0.0001   -0.0098   -0.0163   -0.0022   -0.0137   -0.0024
            Y     0.0008   -0.0054   -0.0083    0.0019   -0.0046    0.0097
            Z     0.0004    0.0004    0.0019   -0.0016   -0.0012    0.0005


  DISPERSION K POINT NUMBER     5 COORD:  C(  0  1  1 )    WEIGHT:    1.

    MODES         EIGV          FREQUENCIES     IRREP
             (HARTREE**2)   (CM**-1)     (THZ)
    1-   1    0.2249E-06    104.0739    3.1201  (  1)
    2-   2    0.2657E-06    113.1376    3.3918  (  1)
    3-   3    0.4075E-06    140.1093    4.2004  (  1)
    4-   4    0.4712E-06    150.6584    4.5166  (  1)
    5-   5    0.5694E-06    165.6054    4.9647  (  1)
    6-   6    0.6195E-06    172.7461    5.1788  (  1)
    7-   7    0.7741E-06    193.1021    5.7891  (  1)
    8-   8    0.8038E-06    196.7730    5.8991  (  1)
    9-   9    0.1084E-05    228.5496    6.8517  (  1)
   10-  10    0.1181E-05    238.5517    7.1516  (  1)
   11-  11    0.1398E-05    259.4747    7.7789  (  1)
   12-  12    0.1475E-05    266.5635    7.9914  (  1)
   13-  13    0.1597E-05    277.3219    8.3139  (  1)
   14-  14    0.1881E-05    300.9823    9.0232  (  1)
   15-  15    0.2182E-05    324.2095    9.7196  (  1)
   16-  16    0.2258E-05    329.7877    9.8868  (  1)
   17-  17    0.2337E-05    335.5102   10.0583  (  1)
   18-  18    0.3420E-05    405.9051   12.1687  (  1)
   19-  19    0.1061E-04    714.8833   21.4317  (  1)
   20-  20    0.1068E-04    717.4011   21.5071  (  1)
   21-  21    0.1095E-04    726.1496   21.7694  (  1)
   22-  22    0.1101E-04    728.3038   21.8340  (  1)
   23-  23    0.1650E-04    891.5520   26.7281  (  1)
   24-  24    0.1664E-04    895.3047   26.8406  (  1)
   25-  25    0.2568E-04   1112.1460   33.3413  (  1)
   26-  26    0.2573E-04   1113.2485   33.3744  (  1)
   27-  27    0.4374E-04   1451.4990   43.5148  (  1)
   28-  28    0.4574E-04   1484.4154   44.5017  (  1)
   29-  29    0.4680E-04   1501.4466   45.0122  (  1)
   30-  30    0.5180E-04   1579.5939   47.3550  (  1)

 MODES IN PHASE

 FREQ(CM**-1)    104.07    113.14    140.11    150.66    165.61    172.75

 AT.   1 CA X     0.0143    0.0807   -0.0038   -0.0145   -0.0357   -0.0180
            Y     0.0343   -0.0101    0.1124   -0.0340    0.0005   -0.0077
            Z    -0.0530    0.0338    0.0311    0.0860   -0.0090   -0.0013
 AT.   2 MG X     0.0030    0.0093   -0.0047   -0.0118   -0.0422    0.0032
            Y    -0.0058   -0.0336   -0.0107    0.0005   -0.0213   -0.0189
            Z     0.0098   -0.0291   -0.0092   -0.0018    0.0355    0.0071
 AT.   3 C  X     0.0014    0.0065    0.0114    0.0205   -0.0032    0.0229
            Y     0.0271    0.0482   -0.0147    0.0101    0.0308   -0.0272
            Z    -0.0448    0.0143    0.0117   -0.0358   -0.0260   -0.0319
 AT.   4 C  X    -0.0120   -0.0026   -0.0008   -0.0017   -0.0057    0.0292
            Y     0.0074   -0.0306    0.0525   -0.0012   -0.0364   -0.0225
            Z    -0.0393    0.0035    0.0010   -0.0068    0.0197    0.0173
 AT.   5 O  X     0.0187    0.0299    0.0146    0.0361   -0.0039    0.0344
            Y     0.0507    0.0790   -0.0066    0.0321    0.0271   -0.0133
            Z    -0.0674    0.0191    0.0300   -0.0343   -0.0455   -0.0250
 AT.   6 O  X     0.0033    0.0333   -0.0095   -0.0387    0.0468   -0.0293
            Y    -0.0128   -0.0237    0.0535   -0.0029    0.0033    0.0332
            Z    -0.0027   -0.0052    0.0157    0.0170    0.0897   -0.0487
 AT.   7 O  X    -0.0185   -0.0125    0.0033   -0.0018    0.0211   -0.0409
            Y     0.0063    0.0127    0.0462   -0.0328    0.0182    0.0477
            Z    -0.0505    0.0286    0.0089    0.0309    0.0115    0.0469
 AT.   8 O  X     0.0244    0.0275    0.0152    0.0175    0.0217   -0.0443
            Y     0.0395    0.0743   -0.0028    0.0078    0.0183    0.0222
            Z    -0.0551    0.0261    0.0294   -0.0094   -0.0496    0.0193
 AT.   9 O  X    -0.0165    0.0370   -0.0100   -0.0513   -0.0246    0.0282
            Y     0.0078   -0.0350    0.0523    0.0052   -0.0354   -0.0217
            Z    -0.0447   -0.0070    0.0145   -0.0045    0.0206    0.0447
 AT.  10 O  X    -0.0117   -0.0163    0.0023    0.0159   -0.0025    0.0251
            Y     0.0074    0.0064    0.0456   -0.0462   -0.0473   -0.0216
            Z    -0.0678    0.0234    0.0087    0.0099   -0.0268   -0.0036

 FREQ(CM**-1)    193.10    196.77    228.55    238.55    259.47    266.56

 AT.   1 CA X     0.0104    0.0021   -0.0308   -0.0189   -0.0300   -0.0010
            Y    -0.0140    0.0124    0.0177    0.0037    0.0249   -0.0105
            Z    -0.0153    0.0092    0.0221   -0.0151   -0.0381    0.0054
 AT.   2 MG X     0.0168    0.0049    0.0076   -0.0179   -0.0600   -0.0390
            Y     0.0288    0.0216   -0.0075    0.0130   -0.0308   -0.0709
            Z    -0.0201    0.0265   -0.0026    0.0209   -0.0482    0.0288
 AT.   3 C  X    -0.0293    0.0289   -0.0553   -0.0228   -0.0386    0.0047
            Y    -0.0343    0.0177    0.0040   -0.0067    0.0189   -0.0009
            Z    -0.0086   -0.0414   -0.0124    0.0001   -0.0194    0.0105
 AT.   4 C  X    -0.0114   -0.0219    0.0136   -0.0202    0.0222   -0.0183
            Y     0.0178    0.0373   -0.0156   -0.0055   -0.0090   -0.0016
            Z     0.0206    0.0303   -0.0082    0.0012    0.0152    0.0129
 AT.   5 O  X    -0.0209    0.0530   -0.0445   -0.0150   -0.0257    0.0139
            Y    -0.0286    0.0531    0.0216    0.0050    0.0266    0.0067
            Z     0.0399   -0.0508    0.0012   -0.0291   -0.0137    0.0484
 AT.   6 O  X     0.0159    0.0059    0.0732   -0.0264    0.0042    0.0736
            Y     0.0066   -0.0453   -0.0212   -0.0128   -0.0247   -0.0028
            Z     0.0332    0.0017    0.0599   -0.0959   -0.0428   -0.0302
 AT.   7 O  X     0.0320    0.0003    0.0269   -0.0348    0.0490   -0.0012
            Y    -0.0085   -0.0432    0.0093    0.0018   -0.0491    0.0521
            Z    -0.0081   -0.0041   -0.0068    0.0572    0.0215   -0.0587
 AT.   8 O  X     0.0365   -0.0236   -0.0426    0.0440    0.0414   -0.0134
            Y     0.0309   -0.0553    0.0330    0.0160    0.0045   -0.0486
            Z    -0.0614    0.0210    0.0333    0.0353    0.0485    0.0212
 AT.   9 O  X     0.0131    0.0024    0.0396   -0.0262    0.0299   -0.0348
            Y     0.0150    0.0347   -0.0205   -0.0055   -0.0112    0.0055
            Z    -0.0211    0.0313    0.0701    0.0585    0.0054    0.0140
 AT.  10 O  X    -0.0234   -0.0297    0.0049   -0.0114    0.0072   -0.0123
            Y     0.0459    0.0580   -0.0025   -0.0222    0.0126   -0.0022
            Z     0.0408    0.0239   -0.0306   -0.0285    0.0380    0.0657

 FREQ(CM**-1)    277.32    300.98    324.21    329.79    335.51    405.91

 AT.   1 CA X     0.0180    0.0215    0.0203   -0.0036   -0.0053   -0.0244
            Y     0.0445    0.0132    0.0043    0.0102    0.0049   -0.0042
            Z     0.0164   -0.0312   -0.0040   -0.0053    0.0147    0.0129
 AT.   2 MG X    -0.0181    0.0004   -0.0323    0.0674    0.0375    0.1345
            Y     0.0471   -0.0019    0.0388    0.1153   -0.0462   -0.0256
            Z    -0.0505   -0.0006   -0.0161    0.0640    0.1127   -0.0797
 AT.   3 C  X    -0.0240    0.0072   -0.0101   -0.0021   -0.0216   -0.0150
            Y     0.0102   -0.0128   -0.0010    0.0188    0.0118   -0.0031
            Z    -0.0184   -0.0028    0.0138   -0.0068    0.0232    0.0050
 AT.   4 C  X     0.0233   -0.0124   -0.0118   -0.0181   -0.0007   -0.0251
            Y    -0.0117   -0.0232   -0.0005   -0.0304    0.0099    0.0059
            Z     0.0084   -0.0001    0.0079    0.0046   -0.0279    0.0139
 AT.   5 O  X    -0.0288    0.0043    0.0006   -0.0116   -0.0274   -0.0155
            Y     0.0077   -0.0245    0.0100    0.0146    0.0127   -0.0004
            Z    -0.0504   -0.0163    0.0281    0.0343    0.0244   -0.0249
 AT.   6 O  X     0.0253   -0.0388   -0.0206    0.0113    0.0089    0.0417
            Y    -0.0176   -0.0059    0.0047    0.0161   -0.0201   -0.0042
            Z    -0.0536    0.0729   -0.0037   -0.0141   -0.0107   -0.0328
 AT.   7 O  X     0.0005   -0.0122    0.0297    0.0194    0.0130    0.0296
            Y     0.0072   -0.0278   -0.0283    0.0141   -0.0218    0.0099
            Z     0.0368    0.0008    0.0695   -0.0095    0.0598   -0.0044
 AT.   8 O  X    -0.0360    0.0050   -0.0418    0.0195    0.0291    0.0262
            Y    -0.0172   -0.0164   -0.0399    0.0126   -0.0108   -0.0111
            Z    -0.0805    0.0686   -0.0578    0.0315   -0.0364    0.0006
 AT.   9 O  X     0.0040   -0.0239   -0.0172   -0.0062    0.0170   -0.0255
            Y    -0.0161   -0.0243    0.0021   -0.0390    0.0105    0.0069
            Z    -0.0504    0.0196    0.0226    0.0304   -0.0542    0.0295
 AT.  10 O  X     0.0272   -0.0131   -0.0033   -0.0131   -0.0002   -0.0247
            Y    -0.0304   -0.0248   -0.0131   -0.0423    0.0290   -0.0063
            Z     0.0424    0.0692   -0.0256    0.0504   -0.0259   -0.0266

 FREQ(CM**-1)    714.88    717.40    726.15    728.30    891.55    895.30

 AT.   1 CA X    -0.0025   -0.0013   -0.0040    0.0009   -0.0006   -0.0019
            Y     0.0026    0.0007   -0.0055    0.0002   -0.0001    0.0011
            Z    -0.0018   -0.0015   -0.0017    0.0003    0.0003   -0.0018
 AT.   2 MG X    -0.0004    0.0039    0.0103   -0.0001   -0.0010   -0.0013
            Y    -0.0004    0.0068   -0.0071    0.0027    0.0001   -0.0024
            Z    -0.0002    0.0007    0.0066    0.0004    0.0015   -0.0028
 AT.   3 C  X    -0.0115    0.0243   -0.0181   -0.0139    0.0069   -0.0054
            Y     0.0130   -0.0115   -0.0467   -0.0260   -0.0015    0.0012
            Z    -0.0031    0.0014    0.0023   -0.0019    0.1796    0.1786
 AT.   4 C  X    -0.0473    0.0313    0.0187   -0.0159    0.0069    0.0054
            Y     0.0204   -0.0145    0.0500   -0.0389   -0.0016   -0.0012
            Z    -0.0011    0.0010   -0.0022   -0.0028    0.1802   -0.1780
 AT.   5 O  X    -0.0187    0.0267    0.0779    0.0376   -0.0037   -0.0022
            Y     0.0165   -0.0375    0.0653    0.0398   -0.0007   -0.0058
            Z     0.0004   -0.0033    0.0074    0.0078   -0.0470   -0.0481
 AT.   6 O  X     0.0740    0.1095   -0.0066   -0.0232   -0.0032   -0.0012
            Y     0.0010    0.0101    0.0636    0.0799    0.0018   -0.0005
            Z    -0.0062   -0.0126    0.0008    0.0022    0.0200    0.0249
 AT.   7 O  X    -0.0207   -0.0233    0.0636    0.0858    0.0017   -0.0005
            Y    -0.0621   -0.0933   -0.0422   -0.0439   -0.0023   -0.0026
            Z     0.0045    0.0066    0.0045    0.0126    0.0210    0.0229
 AT.   8 O  X     0.0203    0.0124    0.0394   -0.0746    0.0017   -0.0013
            Y    -0.0439   -0.0224    0.0348   -0.0733    0.0002   -0.0033
            Z    -0.0013   -0.0012    0.0039   -0.0141    0.0242   -0.0259
 AT.   9 O  X     0.1086   -0.0731   -0.0109    0.0172    0.0075   -0.0026
            Y     0.0093   -0.0072    0.0837   -0.0614   -0.0020    0.0003
            Z    -0.0116    0.0104    0.0022   -0.0022   -0.0469    0.0499
 AT.  10 O  X    -0.0240    0.0135    0.0846   -0.0643   -0.0043   -0.0006
            Y    -0.0938    0.0659   -0.0530    0.0353    0.0043   -0.0055
            Z     0.0088   -0.0053    0.0047   -0.0087   -0.0479    0.0485

 FREQ(CM**-1)   1112.15   1113.25   1451.50   1484.42   1501.45   1579.59

 AT.   1 CA X    -0.0001   -0.0030    0.0005    0.0027   -0.0011    0.0012
            Y    -0.0000   -0.0008   -0.0010   -0.0002    0.0037   -0.0005
            Z     0.0011    0.0012   -0.0002    0.0035    0.0012   -0.0009
 AT.   2 MG X    -0.0002   -0.0005   -0.0006    0.0041    0.0019    0.0011
            Y     0.0001    0.0001   -0.0007    0.0016    0.0067    0.0009
            Z    -0.0021    0.0002    0.0001    0.0061   -0.0026   -0.0013
 AT.   3 C  X    -0.0011    0.0014   -0.0099   -0.1739    0.0086    0.1713
            Y    -0.0010   -0.0032    0.1650    0.0053    0.1747    0.0076
            Z    -0.0002    0.0004    0.0014   -0.0042   -0.0012   -0.0046
 AT.   4 C  X    -0.0009    0.0003   -0.0121    0.1739   -0.0030    0.1712
            Y    -0.0009   -0.0000    0.1746   -0.0055   -0.1650    0.0072
            Z    -0.0002    0.0006    0.0017    0.0042    0.0007   -0.0046
 AT.   5 O  X    -0.0806    0.0397    0.0315    0.0529    0.0271   -0.0512
            Y     0.0621   -0.0302   -0.0311   -0.0311   -0.0323    0.0281
            Z     0.0002   -0.0012   -0.0004    0.0030   -0.0017    0.0033
 AT.   6 O  X     0.0056   -0.0121    0.0007   -0.0065    0.0017    0.0078
            Y     0.0415   -0.1024    0.0140   -0.0045    0.0327   -0.0003
            Z    -0.0003    0.0006   -0.0003   -0.0004    0.0005   -0.0022
 AT.   7 O  X    -0.0385    0.0934    0.0063   -0.0316    0.0093    0.0305
            Y    -0.0180    0.0399    0.0040   -0.0100    0.0116    0.0081
            Z    -0.0005    0.0005    0.0004   -0.0021   -0.0007   -0.0006
 AT.   8 O  X     0.0405    0.0799   -0.0178    0.0290    0.0178    0.0242
            Y    -0.0313   -0.0611    0.0169   -0.0178   -0.0228   -0.0117
            Z     0.0002   -0.0017   -0.0003    0.0021   -0.0012   -0.0014
 AT.   9 O  X    -0.0118   -0.0058   -0.0066   -0.0137    0.0071   -0.0181
            Y    -0.1012   -0.0417   -0.0727   -0.0051    0.0650   -0.0109
            Z     0.0011    0.0003   -0.0003   -0.0020   -0.0004    0.0052
 AT.  10 O  X     0.0933    0.0382   -0.0192   -0.0628    0.0241   -0.0666
            Y     0.0411    0.0172   -0.0178   -0.0203    0.0224   -0.0216
            Z     0.0009   -0.0002   -0.0007   -0.0023   -0.0012    0.0016

 MODES IN ANTI-PHASE

 FREQ(CM**-1)    104.07    113.14    140.11    150.66    165.61    172.75

 AT.   1 CA X    -0.0049    0.0106   -0.0001    0.0043   -0.0280   -0.0657
            Y    -0.0118   -0.0013    0.0037    0.0101    0.0004   -0.0282
            Z     0.0183    0.0044    0.0010   -0.0256   -0.0071   -0.0046
 AT.   2 MG X    -0.0157   -0.0121    0.0075    0.0496    0.0169    0.0008
            Y     0.0298    0.0439    0.0172   -0.0022    0.0085   -0.0050
            Z    -0.0504    0.0380    0.0148    0.0075   -0.0143    0.0019
 AT.   3 C  X    -0.0123    0.0028    0.0066   -0.0028    0.0312   -0.0295
            Y     0.0037    0.0047    0.0533   -0.0018    0.0245    0.0228
            Z    -0.0334    0.0192    0.0090   -0.0048    0.0191   -0.0169
 AT.   4 C  X     0.0031    0.0066    0.0132    0.0206    0.0308   -0.0232
            Y     0.0264    0.0375    0.0174    0.0102    0.0150    0.0274
            Z    -0.0397    0.0237    0.0147   -0.0355    0.0256    0.0317
 AT.   5 O  X    -0.0157   -0.0054    0.0103    0.0233    0.0233   -0.0290
            Y     0.0007   -0.0081    0.0574    0.0350    0.0122    0.0211
            Z     0.0032    0.0296   -0.0079   -0.0354   -0.0399   -0.0043
 AT.   6 O  X     0.0311    0.0188   -0.0078    0.0346   -0.0368    0.0058
            Y    -0.0291   -0.0471   -0.0168   -0.0139   -0.0372    0.0134
            Z     0.0690   -0.0075   -0.0184    0.0342   -0.0008    0.0056
 AT.   7 O  X    -0.0046   -0.0163   -0.0153   -0.0319   -0.0077   -0.0199
            Y    -0.0039   -0.0228   -0.0081    0.0342   -0.0531    0.0382
            Z     0.0455   -0.0164   -0.0027    0.0292   -0.0304    0.0722
 AT.   8 O  X     0.0009    0.0129   -0.0094   -0.0392   -0.0093   -0.0074
            Y    -0.0318    0.0281   -0.0577   -0.0468    0.0234    0.0114
            Z     0.0390   -0.0237    0.0099    0.0483   -0.0347   -0.0165
 AT.   9 O  X    -0.0266   -0.0096    0.0072   -0.0078    0.0542   -0.0100
            Y     0.0308    0.0395    0.0202    0.0132    0.0121    0.0285
            Z    -0.0527    0.0059    0.0194   -0.0379    0.0873   -0.0200
 AT.  10 O  X     0.0150    0.0125    0.0155    0.0277    0.0224   -0.0380
            Y    -0.0008    0.0253    0.0111   -0.0107    0.0303    0.0571
            Z    -0.0047    0.0232    0.0033   -0.0413    0.0184    0.0860

 FREQ(CM**-1)    193.10    196.77    228.55    238.55    259.47    266.56

 AT.   1 CA X     0.0326    0.0063    0.0086    0.0353   -0.0290   -0.0011
            Y    -0.0439    0.0377   -0.0050   -0.0069    0.0241   -0.0112
            Z    -0.0480    0.0280   -0.0062    0.0281   -0.0368    0.0058
 AT.   2 MG X     0.0037    0.0010   -0.0297   -0.0288    0.0172    0.0092
            Y     0.0063    0.0045    0.0294    0.0210    0.0088    0.0167
            Z    -0.0044    0.0055    0.0101    0.0337    0.0138   -0.0068
 AT.   3 C  X     0.0142    0.0188    0.0149   -0.0405    0.0252    0.0260
            Y    -0.0147   -0.0395   -0.0157   -0.0195   -0.0164    0.0043
            Z    -0.0199   -0.0258   -0.0079   -0.0184    0.0041   -0.0391
 AT.   4 C  X     0.0305   -0.0266   -0.0556    0.0419    0.0404    0.0191
            Y     0.0327   -0.0221    0.0044    0.0199   -0.0233    0.0041
            Z     0.0067    0.0382   -0.0122    0.0183    0.0128   -0.0384
 AT.   5 O  X     0.0335    0.0319    0.0090   -0.0429    0.0423   -0.0126
            Y     0.0131   -0.0212   -0.0280   -0.0225    0.0036   -0.0482
            Z    -0.0499   -0.0335   -0.0621   -0.0230    0.0490    0.0243
 AT.   6 O  X     0.0449    0.0120    0.0441    0.0489    0.0298   -0.0303
            Y     0.0353   -0.0030    0.0045    0.0151   -0.0103    0.0053
            Z     0.0104    0.0549   -0.0365   -0.0066    0.0069    0.0122
 AT.   7 O  X     0.0047   -0.0495    0.0349    0.0368    0.0055   -0.0124
            Y     0.0672    0.0391    0.0201    0.0255    0.0143    0.0010
            Z     0.0590    0.0346    0.0476   -0.0038    0.0373    0.0622
 AT.   8 O  X     0.0152    0.0572    0.0154   -0.0113   -0.0271    0.0131
            Y    -0.0059    0.0145    0.0127   -0.0166    0.0265    0.0037
            Z    -0.0175   -0.0572    0.0524    0.0115   -0.0153    0.0498
 AT.   9 O  X     0.0458    0.0131   -0.0758    0.0490    0.0032    0.0716
            Y     0.0326   -0.0293    0.0072    0.0190   -0.0244   -0.0025
            Z     0.0277    0.0452    0.0000    0.0763   -0.0430   -0.0293
 AT.  10 O  X     0.0224   -0.0396   -0.0438    0.0494    0.0488   -0.0020
            Y     0.0498    0.0057   -0.0220    0.0126   -0.0496    0.0520
            Z     0.0434    0.0253   -0.0371   -0.0498    0.0202   -0.0547

 FREQ(CM**-1)    277.32    300.98    324.21    329.79    335.51    405.91

 AT.   1 CA X     0.0072   -0.0113   -0.0402   -0.0061   -0.0116   -0.0421
            Y     0.0179   -0.0069   -0.0085    0.0174    0.0107   -0.0072
            Z     0.0066    0.0163    0.0079   -0.0090    0.0323    0.0223
 AT.   2 MG X     0.0142   -0.0108   -0.0494   -0.0005    0.0036   -0.0002
            Y    -0.0370    0.0458    0.0594   -0.0008   -0.0044    0.0000
            Z     0.0396    0.0151   -0.0246   -0.0004    0.0108    0.0001
 AT.   3 C  X     0.0009   -0.0171    0.0153    0.0224    0.0082    0.0378
            Y    -0.0068   -0.0197   -0.0038    0.0242   -0.0145   -0.0050
            Z    -0.0333    0.0012    0.0528   -0.0013    0.0215   -0.0190
 AT.   4 C  X    -0.0058    0.0138   -0.0141    0.0133    0.0231    0.0320
            Y    -0.0037   -0.0031    0.0039   -0.0038   -0.0159    0.0002
            Z    -0.0372   -0.0030   -0.0540    0.0051   -0.0150   -0.0138
 AT.   5 O  X    -0.0220   -0.0031    0.0515    0.0158    0.0148    0.0213
            Y    -0.0328    0.0030    0.0422    0.0225   -0.0033   -0.0130
            Z    -0.0638   -0.0947    0.0511    0.0552   -0.0270   -0.0136
 AT.   6 O  X    -0.0206    0.0022    0.0364   -0.0008    0.0302   -0.0055
            Y    -0.0049    0.0254   -0.0060   -0.0356   -0.0035    0.0055
            Z    -0.0169    0.0267   -0.0254    0.0270   -0.0811    0.0151
 AT.   7 O  X     0.0388    0.0075   -0.0178   -0.0042    0.0110   -0.0114
            Y    -0.0515    0.0109    0.0371   -0.0406    0.0194   -0.0016
            Z     0.0229   -0.0837   -0.0194    0.0524    0.0176   -0.0332
 AT.   8 O  X    -0.0040   -0.0017    0.0300   -0.0024   -0.0109   -0.0029
            Y     0.0290    0.0185    0.0169    0.0237    0.0075   -0.0068
            Z     0.0113    0.0673    0.0077    0.0568    0.0007   -0.0283
 AT.   9 O  X     0.0324    0.0307    0.0382    0.0095    0.0266    0.0334
            Y    -0.0087   -0.0096   -0.0074   -0.0033   -0.0175   -0.0008
            Z    -0.0248   -0.0751   -0.0121    0.0009   -0.0613   -0.0209
 AT.  10 O  X    -0.0277    0.0057   -0.0345    0.0148    0.0170    0.0200
            Y     0.0421    0.0166    0.0448   -0.0075   -0.0038    0.0078
            Z     0.0088    0.0470   -0.0674    0.0173    0.0567   -0.0203

 FREQ(CM**-1)    714.88    717.40    726.15    728.30    891.55    895.30

 AT.   1 CA X     0.0012    0.0029   -0.0015    0.0023    0.0009   -0.0010
            Y    -0.0012   -0.0014   -0.0021    0.0006    0.0002    0.0006
            Z     0.0008    0.0032   -0.0007    0.0007   -0.0004   -0.0009
 AT.   2 MG X     0.0039    0.0056   -0.0084   -0.0000   -0.0020    0.0008
            Y     0.0039    0.0097    0.0058    0.0004    0.0002    0.0015
            Z     0.0023    0.0011   -0.0054    0.0001    0.0028    0.0018
 AT.   3 C  X    -0.0461   -0.0417    0.0048    0.0192    0.0004    0.0002
            Y     0.0170    0.0180    0.0181    0.0452   -0.0010    0.0010
            Z    -0.0001    0.0022   -0.0000    0.0032    0.0149    0.0003
 AT.   4 C  X     0.0047    0.0368   -0.0012    0.0175    0.0001   -0.0002
            Y     0.0066   -0.0157    0.0024    0.0347    0.0008    0.0011
            Z    -0.0029   -0.0024    0.0007    0.0026   -0.0004    0.0147
 AT.   5 O  X    -0.0425   -0.0387   -0.0284   -0.0699   -0.0002   -0.0000
            Y     0.0717    0.0609   -0.0211   -0.0654    0.0001   -0.0000
            Z     0.0020    0.0043   -0.0025   -0.0124   -0.0045    0.0017
 AT.   6 O  X    -0.0796    0.0032   -0.0090   -0.0002   -0.0069   -0.0024
            Y    -0.0113    0.0009    0.0545   -0.0028    0.0013    0.0008
            Z     0.0099   -0.0029    0.0024   -0.0009    0.0425    0.0434
 AT.   7 O  X     0.0139    0.0021    0.0559   -0.0005    0.0040   -0.0004
            Y     0.0704   -0.0076   -0.0323    0.0038   -0.0037   -0.0048
            Z    -0.0077    0.0013    0.0021    0.0010    0.0431    0.0431
 AT.   8 O  X     0.0418   -0.0454    0.0729   -0.0270    0.0032   -0.0018
            Y    -0.0590    0.0680    0.0591   -0.0222    0.0007   -0.0048
            Z    -0.0016    0.0053    0.0068   -0.0040    0.0405   -0.0405
 AT.   9 O  X    -0.0049   -0.0817    0.0023   -0.0157   -0.0001    0.0004
            Y     0.0066   -0.0071    0.0015    0.0512   -0.0011   -0.0008
            Z    -0.0017    0.0078   -0.0012    0.0008    0.0001   -0.0041
 AT.  10 O  X     0.0067    0.0191    0.0004    0.0568    0.0002   -0.0001
            Y     0.0017    0.0664   -0.0038   -0.0264    0.0005    0.0006
            Z     0.0016   -0.0042    0.0014    0.0091   -0.0005   -0.0056

 FREQ(CM**-1)   1112.15   1113.25   1451.50   1484.42   1501.45   1579.59

 AT.   1 CA X     0.0001    0.0019   -0.0006    0.0016   -0.0004   -0.0022
            Y     0.0000    0.0005    0.0013   -0.0001    0.0014    0.0009
            Z    -0.0016   -0.0008    0.0003    0.0021    0.0005    0.0015
 AT.   2 MG X    -0.0004   -0.0089   -0.0017   -0.0023   -0.0016    0.0019
            Y     0.0001    0.0019   -0.0019   -0.0009   -0.0055    0.0016
            Z    -0.0040    0.0035    0.0001   -0.0035    0.0021   -0.0023
 AT.   3 C  X     0.0018   -0.0007   -0.0085   -0.0052    0.0163    0.0016
            Y     0.0008    0.0022    0.0571    0.0073    0.0018    0.0181
            Z     0.0004    0.0005    0.0013   -0.0003   -0.0014   -0.0000
 AT.   4 C  X    -0.0019    0.0015    0.0049   -0.0014    0.0182   -0.0054
            Y    -0.0009   -0.0039   -0.0016    0.0072    0.0574   -0.0183
            Z    -0.0004    0.0001   -0.0008   -0.0002   -0.0017    0.0001
 AT.   5 O  X    -0.0083   -0.0698    0.0118    0.0041   -0.0038    0.0028
            Y     0.0065    0.0534   -0.0110   -0.0033    0.0022   -0.0033
            Z    -0.0003    0.0013    0.0004    0.0008    0.0001   -0.0004
 AT.   6 O  X     0.0104    0.0010    0.0066   -0.0120    0.0088    0.0165
            Y     0.0923   -0.0003    0.0714   -0.0034    0.0612    0.0129
            Z    -0.0011   -0.0001    0.0004   -0.0021   -0.0012   -0.0047
 AT.   7 O  X    -0.0850   -0.0000    0.0183   -0.0543    0.0258    0.0594
            Y    -0.0370   -0.0009    0.0174   -0.0177    0.0208    0.0203
            Z    -0.0007    0.0004    0.0006   -0.0015   -0.0010   -0.0014
 AT.   8 O  X     0.0701   -0.0077   -0.0285    0.0444    0.0208    0.0452
            Y    -0.0540    0.0057    0.0283   -0.0257   -0.0231   -0.0257
            Z    -0.0003    0.0005    0.0005    0.0023   -0.0012   -0.0030
 AT.   9 O  X    -0.0008    0.0106    0.0006    0.0001   -0.0055    0.0019
            Y    -0.0001    0.0935    0.0004   -0.0023   -0.0242    0.0070
            Z    -0.0002   -0.0005    0.0004    0.0006    0.0012   -0.0005
 AT.  10 O  X     0.0004   -0.0852   -0.0026   -0.0016   -0.0132    0.0048
            Y     0.0013   -0.0360   -0.0004   -0.0002   -0.0079    0.0036
            Z     0.0002   -0.0007   -0.0003   -0.0011    0.0003   -0.0002


  DISPERSION K POINT NUMBER     6 COORD:  C(  0  1  2 )    WEIGHT:    1.

    MODES         EIGV          FREQUENCIES     IRREP
             (HARTREE**2)   (CM**-1)     (THZ)
    1-   1    0.3080E-06    121.7983    3.6514  (  1)
    2-   2    0.4012E-06    139.0132    4.1675  (  1)
    3-   3    0.4410E-06    145.7474    4.3694  (  1)
    4-   4    0.4826E-06    152.4671    4.5708  (  1)
    5-   5    0.5446E-06    161.9583    4.8554  (  1)
    6-   6    0.6678E-06    179.3572    5.3770  (  1)
    7-   7    0.9145E-06    209.8791    6.2920  (  1)
    8-   8    0.1058E-05    225.7465    6.7677  (  1)
    9-   9    0.1064E-05    226.4042    6.7874  (  1)
   10-  10    0.1182E-05    238.6588    7.1548  (  1)
   11-  11    0.1448E-05    264.1411    7.9188  (  1)
   12-  12    0.1511E-05    269.7892    8.0881  (  1)
   13-  13    0.1808E-05    295.1464    8.8483  (  1)
   14-  14    0.1934E-05    305.2197    9.1503  (  1)
   15-  15    0.2049E-05    314.1770    9.4188  (  1)
   16-  16    0.2255E-05    329.5474    9.8796  (  1)
   17-  17    0.2336E-05    335.4770   10.0573  (  1)
   18-  18    0.2411E-05    340.7957   10.2168  (  1)
   19-  19    0.1058E-04    713.9285   21.4030  (  1)
   20-  20    0.1075E-04    719.4514   21.5686  (  1)
   21-  21    0.1075E-04    719.5892   21.5727  (  1)
   22-  22    0.1080E-04    721.4299   21.6279  (  1)
   23-  23    0.1655E-04    892.8835   26.7680  (  1)
   24-  24    0.1655E-04    892.9333   26.7695  (  1)
   25-  25    0.2567E-04   1112.0265   33.3377  (  1)
   26-  26    0.2567E-04   1112.0423   33.3382  (  1)
   27-  27    0.4545E-04   1479.6259   44.3581  (  1)
   28-  28    0.4607E-04   1489.7341   44.6611  (  1)
   29-  29    0.4845E-04   1527.6486   45.7978  (  1)
   30-  30    0.5093E-04   1566.3314   46.9574  (  1)

 MODES IN PHASE

 FREQ(CM**-1)    121.80    139.01    145.75    152.47    161.96    179.36

 AT.   1 CA X     0.0184    0.0387    0.0817    0.0795   -0.0087   -0.0110
            Y    -0.0318    0.0655    0.0370   -0.0545    0.0341   -0.0221
            Z    -0.0160    0.0333   -0.0629    0.0720    0.0657    0.0153
 AT.   2 MG X     0.0119   -0.0034    0.0416    0.0316   -0.0047   -0.0103
            Y     0.0050   -0.0351   -0.0198    0.0204   -0.0218    0.0092
            Z    -0.0321   -0.0049    0.0175   -0.0197   -0.0035    0.0373
 AT.   3 C  X    -0.0121    0.0059    0.0192    0.0129    0.0261    0.0001
            Y     0.0141    0.0032    0.0120    0.0115   -0.0161    0.0216
            Z    -0.0347   -0.0061    0.0109    0.0338   -0.0503   -0.0002
 AT.   4 C  X     0.0119    0.0098   -0.0159   -0.0261    0.0137    0.0004
            Y    -0.0055    0.0027    0.0167   -0.0166   -0.0133    0.0220
            Z     0.0414    0.0301   -0.0287   -0.0006   -0.0504   -0.0009
 AT.   5 O  X    -0.0073    0.0260    0.0395    0.0094    0.0440    0.0118
            Y     0.0221    0.0328    0.0402    0.0087    0.0142    0.0323
            Z     0.0100    0.0129   -0.0381    0.0583   -0.0398   -0.0133
 AT.   6 O  X     0.0510   -0.0448    0.0358    0.0376    0.0131    0.0072
            Y    -0.0057   -0.0055   -0.0293    0.0008    0.0077    0.0067
            Z     0.0242   -0.0195    0.0205    0.0012    0.0549   -0.0180
 AT.   7 O  X     0.0160   -0.0108   -0.0175   -0.0147   -0.0289   -0.0188
            Y    -0.0435    0.0617    0.0163   -0.0306    0.0254   -0.0233
            Z    -0.0377    0.0426   -0.0474    0.0278    0.0423   -0.0318
 AT.   8 O  X     0.0221    0.0223    0.0397    0.0091    0.0209    0.0127
            Y     0.0191    0.0232    0.0383    0.0088    0.0080    0.0084
            Z    -0.0467    0.0205   -0.0372    0.0596    0.0174   -0.0725
 AT.   9 O  X    -0.0192   -0.0585    0.0355    0.0384    0.0027    0.0011
            Y     0.0149   -0.0036   -0.0292    0.0014    0.0102   -0.0304
            Z    -0.0889   -0.0325    0.0186    0.0024    0.0316    0.0607
 AT.  10 O  X    -0.0051   -0.0132   -0.0160   -0.0148    0.0185    0.0084
            Y     0.0312    0.0581    0.0157   -0.0303   -0.0293    0.0111
            Z     0.0638    0.0361   -0.0459    0.0269   -0.0422    0.0480

 FREQ(CM**-1)    209.88    225.75    226.40    238.66    264.14    269.79

 AT.   1 CA X    -0.0006   -0.0049    0.0017   -0.0007    0.0182   -0.0198
            Y    -0.0008    0.0102   -0.0164   -0.0001    0.0044    0.0762
            Z    -0.0025    0.0156    0.0139   -0.0007    0.0074   -0.0116
 AT.   2 MG X     0.0007   -0.0290   -0.0035    0.0044   -0.0082    0.0450
            Y     0.0004   -0.0152    0.0365   -0.0021    0.0115    0.0387
            Z     0.0013   -0.0256    0.0131    0.0090    0.0031   -0.0248
 AT.   3 C  X    -0.0432   -0.0546   -0.0024    0.0301   -0.0192    0.0078
            Y    -0.0075    0.0164   -0.0467   -0.0231   -0.0138    0.0023
            Z     0.0113    0.0033   -0.0028    0.0039   -0.0204   -0.0264
 AT.   4 C  X    -0.0168    0.0252    0.0064    0.0007   -0.0186   -0.0133
            Y    -0.0327   -0.0080    0.0786   -0.0319   -0.0302   -0.0089
            Z    -0.0127   -0.0144    0.0082    0.0144   -0.0305    0.0331
 AT.   5 O  X    -0.0602   -0.0366   -0.0002    0.0455   -0.0277   -0.0087
            Y    -0.0334    0.0367   -0.0404   -0.0038   -0.0277   -0.0167
            Z     0.0636    0.0148    0.0271    0.0519   -0.0095    0.0010
 AT.   6 O  X     0.0033    0.0819    0.0132   -0.0580    0.0178    0.0397
            Y    -0.0230   -0.0252   -0.0334   -0.0053   -0.0219    0.0122
            Z     0.0217    0.0468    0.0052   -0.0213   -0.0568    0.0169
 AT.   7 O  X     0.0036   -0.0258    0.0146   -0.0053    0.0354   -0.0066
            Y     0.0465    0.0189    0.0692    0.0721   -0.0070   -0.0554
            Z     0.0523    0.0021    0.0456   -0.0303   -0.0070    0.0720
 AT.   8 O  X     0.0630   -0.0616    0.0059   -0.0493    0.0112   -0.0016
            Y     0.0305    0.0382   -0.0183    0.0024   -0.0077    0.0013
            Z    -0.0639   -0.0025    0.0196   -0.0417   -0.0133   -0.0018
 AT.   9 O  X    -0.0004    0.0437    0.0115    0.0637   -0.0233    0.0696
            Y     0.0263   -0.0163   -0.0502    0.0121    0.0371    0.0177
            Z    -0.0169    0.0471    0.0009    0.0313    0.0620   -0.0151
 AT.  10 O  X    -0.0111    0.0141    0.0134    0.0163   -0.0343   -0.0021
            Y    -0.0406    0.0131    0.0709   -0.0749    0.0023   -0.0440
            Z    -0.0464   -0.0023    0.0435    0.0205   -0.0243    0.0424

 FREQ(CM**-1)    295.15    305.22    314.18    329.55    335.48    340.80

 AT.   1 CA X     0.0139    0.0009    0.0216    0.0156   -0.0150   -0.0241
            Y     0.0058   -0.0095   -0.0160    0.0152    0.0028   -0.0105
            Z    -0.0123   -0.0082   -0.0133    0.0063   -0.0172    0.0210
 AT.   2 MG X    -0.0211    0.0122    0.0033    0.0878   -0.0210    0.1357
            Y    -0.0033   -0.0218    0.0073    0.0671    0.1502   -0.0108
            Z    -0.0060    0.0099   -0.0343    0.1056   -0.0389   -0.0887
 AT.   3 C  X    -0.0313   -0.0043   -0.0317   -0.0143    0.0185   -0.0038
            Y    -0.0065    0.0004    0.0001    0.0196    0.0071    0.0032
            Z    -0.0189   -0.0291    0.0010   -0.0069    0.0147   -0.0187
 AT.   4 C  X     0.0059    0.0069    0.0207    0.0137   -0.0080    0.0113
            Y    -0.0322    0.0058    0.0147   -0.0153   -0.0082    0.0082
            Z     0.0336   -0.0281    0.0054   -0.0020   -0.0288    0.0047
 AT.   5 O  X    -0.0397   -0.0166   -0.0256   -0.0333    0.0384   -0.0160
            Y    -0.0173   -0.0217    0.0088    0.0096    0.0301   -0.0079
            Z    -0.0487   -0.0425   -0.0081    0.0045    0.0483   -0.0289
 AT.   6 O  X    -0.0220    0.0233   -0.0164   -0.0170   -0.0200   -0.0157
            Y    -0.0235    0.0082    0.0297   -0.0082    0.0014   -0.0189
            Z     0.0266   -0.0560    0.0152   -0.0234    0.0447    0.0347
 AT.   7 O  X     0.0211   -0.0136    0.0158    0.0063   -0.0124    0.0082
            Y     0.0214   -0.0302   -0.0004    0.0080    0.0139    0.0256
            Z    -0.0483   -0.0066    0.0919    0.0211   -0.0376   -0.0381
 AT.   8 O  X     0.0237    0.0193    0.0106   -0.0343    0.0382   -0.0158
            Y     0.0213    0.0084   -0.0405    0.0026    0.0295   -0.0070
            Z     0.0687    0.0856   -0.0648   -0.0115    0.0480   -0.0241
 AT.   9 O  X     0.0137   -0.0351   -0.0423   -0.0283   -0.0209   -0.0158
            Y     0.0034   -0.0076    0.0239    0.0033    0.0022   -0.0200
            Z     0.0181    0.0920    0.0773   -0.0077    0.0438    0.0335
 AT.  10 O  X     0.0096   -0.0030    0.0188    0.0160   -0.0133    0.0085
            Y    -0.0444    0.0261    0.0140   -0.0095    0.0136    0.0222
            Z     0.0764    0.0128    0.0088    0.0487   -0.0378   -0.0370

 FREQ(CM**-1)    713.93    719.45    719.59    721.43    892.88    892.93

 AT.   1 CA X     0.0005    0.0006   -0.0013    0.0058    0.0012   -0.0017
            Y     0.0003    0.0009   -0.0021   -0.0039    0.0016    0.0012
            Z     0.0020   -0.0005   -0.0035   -0.0008    0.0001   -0.0013
 AT.   2 MG X    -0.0131   -0.0007   -0.0031   -0.0020    0.0025   -0.0008
            Y     0.0050   -0.0012   -0.0099   -0.0025   -0.0007   -0.0027
            Z     0.0006   -0.0022    0.0039    0.0051    0.0001   -0.0011
 AT.   3 C  X     0.0359    0.0421    0.0189   -0.0326    0.0053   -0.0040
            Y     0.0105    0.0059   -0.0428    0.0147    0.0000    0.0011
            Z    -0.0024    0.0025   -0.0036    0.0006    0.0415    0.1797
 AT.   4 C  X     0.0334   -0.0133    0.0097    0.0053    0.0039    0.0053
            Y    -0.0175   -0.0218   -0.0356   -0.0426   -0.0012   -0.0001
            Z     0.0009    0.0008   -0.0036    0.0001    0.1797   -0.0415
 AT.   5 O  X    -0.0065   -0.0054    0.0817   -0.0194   -0.0010   -0.0023
            Y    -0.0728   -0.0893    0.0065    0.0507    0.0001   -0.0058
            Z    -0.0063   -0.0076    0.0068    0.0059   -0.0102   -0.0470
 AT.   6 O  X     0.0689    0.0617   -0.0180   -0.0364   -0.0060   -0.0003
            Y     0.0259   -0.0499    0.0221    0.0572    0.0013    0.0009
            Z    -0.0068   -0.0094    0.0036    0.0030    0.0450    0.0262
 AT.   7 O  X    -0.0537    0.0106    0.0189   -0.0473   -0.0010   -0.0014
            Y     0.0421   -0.0313   -0.0852    0.0648    0.0017   -0.0022
            Z    -0.0057    0.0023    0.0095   -0.0095   -0.0359    0.0242
 AT.   8 O  X    -0.0621   -0.0057    0.0186   -0.0119    0.0019   -0.0022
            Y    -0.0289    0.0688   -0.0275    0.0562    0.0012   -0.0057
            Z    -0.0054    0.0050   -0.0034    0.0069    0.0253   -0.0452
 AT.   9 O  X     0.0643   -0.0806    0.0715   -0.0300   -0.0022   -0.0011
            Y    -0.0396    0.0493    0.0553    0.0605    0.0012    0.0010
            Z    -0.0060    0.0111   -0.0080    0.0022    0.0245    0.0371
 AT.  10 O  X     0.0074   -0.0355   -0.0405   -0.0412   -0.0030   -0.0016
            Y     0.0750    0.0182    0.0574    0.0666    0.0033   -0.0005
            Z    -0.0060   -0.0018   -0.0087   -0.0091   -0.0485    0.0115

 FREQ(CM**-1)   1112.03   1112.04   1479.63   1489.73   1527.65   1566.33

 AT.   1 CA X     0.0010   -0.0020    0.0006   -0.0039   -0.0000    0.0004
            Y    -0.0015   -0.0013   -0.0002    0.0003    0.0001    0.0055
            Z    -0.0000    0.0001    0.0032    0.0012    0.0002    0.0001
 AT.   2 MG X    -0.0024    0.0051    0.0058    0.0030   -0.0004    0.0002
            Y    -0.0038   -0.0031    0.0011    0.0003    0.0022    0.0019
            Z     0.0000   -0.0001    0.0019   -0.0063    0.0001   -0.0018
 AT.   3 C  X    -0.0001    0.0010   -0.1296    0.0493    0.1340    0.0037
            Y     0.0027    0.0015   -0.0425    0.1264   -0.0024    0.1331
            Z     0.0000    0.0000   -0.0043    0.0009   -0.0042   -0.0000
 AT.   4 C  X    -0.0007   -0.0009    0.1565    0.0062    0.1103   -0.0667
            Y    -0.0035   -0.0006   -0.0009    0.1558    0.0601   -0.1058
            Z    -0.0000   -0.0000    0.0047    0.0001   -0.0039    0.0014
 AT.   5 O  X     0.0414    0.0794    0.0330    0.0070   -0.0407    0.0206
            Y    -0.0307   -0.0593   -0.0145   -0.0156    0.0206   -0.0286
            Z     0.0001   -0.0017    0.0023   -0.0014    0.0012   -0.0020
 AT.   6 O  X     0.0067   -0.0078   -0.0095    0.0052    0.0040   -0.0039
            Y     0.0522   -0.0709    0.0085    0.0596   -0.0390    0.0243
            Z    -0.0003    0.0001   -0.0020    0.0005   -0.0028    0.0004
 AT.   7 O  X     0.0930    0.0269   -0.0052    0.0283    0.0365    0.0453
            Y     0.0403    0.0113   -0.0086    0.0077    0.0237    0.0175
            Z     0.0016   -0.0002    0.0004   -0.0010   -0.0018    0.0012
 AT.   8 O  X    -0.0794    0.0404    0.0346   -0.0302    0.0446    0.0328
            Y     0.0591   -0.0292   -0.0260    0.0273   -0.0280   -0.0353
            Z    -0.0001   -0.0009    0.0001   -0.0021   -0.0010   -0.0030
 AT.   9 O  X     0.0079    0.0060    0.0072    0.0085    0.0014   -0.0086
            Y     0.0694    0.0493    0.0311    0.0335    0.0455    0.0006
            Z    -0.0009   -0.0006   -0.0010    0.0011    0.0020    0.0017
 AT.  10 O  X    -0.0257    0.0942   -0.0555   -0.0232   -0.0483    0.0391
            Y    -0.0103    0.0404   -0.0190   -0.0198   -0.0243    0.0200
            Z    -0.0007    0.0002   -0.0036    0.0011    0.0024    0.0010

 MODES IN ANTI-PHASE

 FREQ(CM**-1)    121.80    139.01    145.75    152.47    161.96    179.36

 AT.   1 CA X    -0.0241   -0.0048    0.0026   -0.0017   -0.0070   -0.0193
            Y     0.0419   -0.0081    0.0012    0.0012    0.0274   -0.0389
            Z     0.0210   -0.0041   -0.0020   -0.0016    0.0529    0.0271
 AT.   2 MG X    -0.0157    0.0004    0.0013   -0.0007   -0.0038   -0.0181
            Y    -0.0066    0.0043   -0.0006   -0.0004   -0.0175    0.0162
            Z     0.0422    0.0006    0.0006    0.0004   -0.0028    0.0658
 AT.   3 C  X     0.0047   -0.0193    0.0082    0.0228    0.0084    0.0173
            Y     0.0061   -0.0069   -0.0246    0.0123    0.0021    0.0228
            Z     0.0239   -0.0361    0.0266   -0.0208    0.0196   -0.0452
 AT.   4 C  X    -0.0053   -0.0177   -0.0136    0.0014   -0.0238   -0.0173
            Y     0.0143   -0.0071   -0.0217   -0.0031    0.0093   -0.0225
            Z    -0.0079   -0.0207    0.0020   -0.0396    0.0194    0.0452
 AT.   5 O  X    -0.0209    0.0122    0.0045    0.0085    0.0118    0.0219
            Y    -0.0260    0.0356   -0.0286   -0.0022    0.0051    0.0292
            Z     0.0457   -0.0329    0.0124   -0.0319    0.0266   -0.0925
 AT.   6 O  X     0.0059    0.0618   -0.0039   -0.0200   -0.0001    0.0056
            Y    -0.0139   -0.0071    0.0000   -0.0145    0.0087   -0.0314
            Z     0.0855    0.0560   -0.0293   -0.0283    0.0203    0.0600
 AT.   7 O  X     0.0009    0.0112    0.0226    0.0023    0.0252   -0.0014
            Y    -0.0203    0.0072   -0.0081   -0.0054   -0.0355   -0.0010
            Z    -0.0557    0.0212    0.0222    0.0213   -0.0525    0.0369
 AT.   8 O  X     0.0015   -0.0182   -0.0020   -0.0089    0.0404    0.0214
            Y    -0.0282   -0.0424    0.0311    0.0018    0.0128    0.0427
            Z     0.0025    0.0287   -0.0147    0.0293   -0.0446   -0.0589
 AT.   9 O  X    -0.0476   -0.0491    0.0061    0.0183    0.0128    0.0090
            Y     0.0018    0.0083   -0.0019    0.0144    0.0057   -0.0103
            Z    -0.0005   -0.0496    0.0305    0.0282    0.0493    0.0154
 AT.  10 O  X    -0.0151   -0.0083   -0.0236   -0.0017   -0.0336   -0.0169
            Y     0.0366   -0.0220    0.0091    0.0067    0.0324   -0.0205
            Z     0.0215   -0.0309   -0.0252   -0.0225    0.0526   -0.0084

 FREQ(CM**-1)    209.88    225.75    226.40    238.66    264.14    269.79

 AT.   1 CA X    -0.0095    0.0015   -0.0002   -0.0054    0.0673    0.0079
            Y    -0.0129   -0.0031    0.0021   -0.0011    0.0163   -0.0304
            Z    -0.0389   -0.0047   -0.0018   -0.0055    0.0274    0.0046
 AT.   2 MG X     0.0109    0.0087    0.0004    0.0351   -0.0301   -0.0180
            Y     0.0069    0.0046   -0.0046   -0.0170    0.0426   -0.0155
            Z     0.0209    0.0077   -0.0017    0.0717    0.0113    0.0099
 AT.   3 C  X     0.0118    0.0525   -0.0066   -0.0283   -0.0040    0.0204
            Y    -0.0355   -0.0149   -0.0644   -0.0221   -0.0368    0.0237
            Z    -0.0246    0.0256   -0.0088    0.0163   -0.0259   -0.0274
 AT.   4 C  X    -0.0415    0.0714   -0.0029    0.0414   -0.0060    0.0174
            Y     0.0156   -0.0207   -0.0118   -0.0011    0.0251    0.0221
            Z     0.0239    0.0215   -0.0041   -0.0086    0.0124   -0.0188
 AT.   5 O  X     0.0262    0.0564   -0.0242   -0.0209   -0.0251   -0.0067
            Y    -0.0202   -0.0136   -0.0834   -0.0051   -0.0626   -0.0194
            Z    -0.0066    0.0271    0.0264    0.0351   -0.0426    0.0036
 AT.   6 O  X     0.0225    0.0449    0.0049    0.0305   -0.0157   -0.0593
            Y     0.0276   -0.0087    0.0715    0.0279    0.0360   -0.0129
            Z     0.0362   -0.0144    0.0165    0.0432    0.0257    0.0397
 AT.   7 O  X    -0.0586   -0.0648    0.0032    0.0455   -0.0075   -0.0039
            Y     0.0433    0.0049   -0.0156   -0.0204   -0.0074    0.0056
            Z     0.0427    0.0075    0.0027   -0.0363   -0.0601    0.0142
 AT.   8 O  X     0.0183   -0.0270    0.0235   -0.0091   -0.0356    0.0109
            Y    -0.0243   -0.0088    0.0908   -0.0059   -0.0680    0.0256
            Z     0.0016   -0.0308   -0.0323    0.0468   -0.0415   -0.0033
 AT.   9 O  X     0.0227   -0.0826   -0.0080    0.0152   -0.0046    0.0157
            Y     0.0244    0.0212   -0.0609    0.0258    0.0200    0.0010
            Z     0.0386   -0.0137   -0.0173    0.0366   -0.0065   -0.0404
 AT.  10 O  X    -0.0577    0.0684   -0.0067    0.0428    0.0114    0.0074
            Y     0.0489   -0.0145   -0.0021   -0.0020   -0.0099    0.0341
            Z     0.0490   -0.0074   -0.0140   -0.0426   -0.0554   -0.0599

 FREQ(CM**-1)    295.15    305.22    314.18    329.55    335.48    340.80

 AT.   1 CA X    -0.0357    0.0027   -0.0198   -0.0041    0.0003    0.0011
            Y    -0.0151   -0.0282    0.0146   -0.0040   -0.0001    0.0005
            Z     0.0318   -0.0244    0.0122   -0.0017    0.0003   -0.0010
 AT.   2 MG X     0.0545    0.0361   -0.0031   -0.0231    0.0004   -0.0063
            Y     0.0086   -0.0645   -0.0067   -0.0176   -0.0029    0.0005
            Z     0.0154    0.0295    0.0315   -0.0278    0.0008    0.0041
 AT.   3 C  X    -0.0009    0.0284   -0.0191   -0.0027   -0.0022   -0.0111
            Y    -0.0344    0.0139    0.0350   -0.0032    0.0053   -0.0124
            Z     0.0303   -0.0031    0.0151    0.0156    0.0248    0.0075
 AT.   4 C  X    -0.0307   -0.0278   -0.0307    0.0049   -0.0168   -0.0033
            Y    -0.0138   -0.0126    0.0318   -0.0127   -0.0032   -0.0098
            Z    -0.0119   -0.0084    0.0141    0.0169    0.0008    0.0196
 AT.   5 O  X     0.0084    0.0102   -0.0129    0.0108    0.0042   -0.0009
            Y    -0.0126   -0.0146    0.0414    0.0117    0.0161   -0.0095
            Z    -0.0485    0.0854    0.0643    0.0314    0.0064   -0.0506
 AT.   6 O  X     0.0037   -0.0273    0.0410    0.0275    0.0233    0.0017
            Y     0.0206   -0.0018   -0.0214   -0.0212   -0.0193    0.0130
            Z    -0.0558    0.0783   -0.0763   -0.0259    0.0215    0.0112
 AT.   7 O  X    -0.0374   -0.0229   -0.0175   -0.0214    0.0247   -0.0036
            Y     0.0423    0.0034   -0.0141    0.0334    0.0065    0.0355
            Z    -0.0605    0.0125   -0.0008   -0.0617    0.0063   -0.0107
 AT.   8 O  X     0.0330   -0.0019    0.0266    0.0070   -0.0057    0.0024
            Y     0.0023   -0.0248   -0.0123   -0.0149   -0.0172    0.0102
            Z    -0.0029    0.0421    0.0025   -0.0296   -0.0083    0.0531
 AT.   9 O  X     0.0176   -0.0076    0.0127   -0.0156   -0.0225   -0.0002
            Y     0.0311    0.0035   -0.0278    0.0225    0.0192   -0.0112
            Z    -0.0591    0.0284   -0.0085    0.0340   -0.0232   -0.0144
 AT.  10 O  X    -0.0419   -0.0265   -0.0142    0.0156   -0.0242    0.0029
            Y     0.0168   -0.0156    0.0017   -0.0330   -0.0070   -0.0377
            Z    -0.0121    0.0059   -0.0915    0.0433   -0.0049    0.0142

 FREQ(CM**-1)    713.93    719.45    719.59    721.43    892.88    892.93

 AT.   1 CA X     0.0004   -0.0030   -0.0014   -0.0003    0.0005   -0.0003
            Y     0.0002   -0.0050   -0.0022    0.0002    0.0006    0.0002
            Z     0.0014    0.0026   -0.0038    0.0000    0.0000   -0.0002
 AT.   2 MG X    -0.0094    0.0036   -0.0034    0.0001    0.0010   -0.0001
            Y     0.0036    0.0064   -0.0107    0.0001   -0.0003   -0.0004
            Z     0.0004    0.0122    0.0042   -0.0003    0.0001   -0.0002
 AT.   3 C  X    -0.0129   -0.0205    0.0172    0.0175   -0.0027   -0.0045
            Y     0.0325   -0.0231   -0.0070    0.0421    0.0013   -0.0002
            Z    -0.0033    0.0004    0.0008   -0.0006   -0.1749   -0.0001
 AT.   4 C  X    -0.0184    0.0449   -0.0236    0.0366   -0.0046    0.0029
            Y    -0.0293    0.0096    0.0247    0.0132   -0.0003   -0.0011
            Z     0.0039    0.0024    0.0009   -0.0009    0.0001   -0.1749
 AT.   5 O  X    -0.0633    0.0303    0.0251   -0.0665    0.0037    0.0000
            Y    -0.0059    0.0423   -0.0271   -0.0523    0.0016   -0.0006
            Z    -0.0035    0.0062   -0.0029   -0.0087    0.0476   -0.0006
 AT.   6 O  X     0.0445    0.0651    0.0703   -0.0556    0.0031   -0.0030
            Y    -0.0506   -0.0072    0.0572   -0.0322    0.0003    0.0003
            Z    -0.0041   -0.0064   -0.0078    0.0073   -0.0120    0.0418
 AT.   7 O  X     0.0260    0.0730   -0.0391   -0.0523   -0.0033   -0.0009
            Y     0.0649    0.0318    0.0508   -0.0191    0.0030    0.0057
            Z    -0.0044   -0.0012   -0.0080   -0.0029   -0.0326   -0.0408
 AT.   8 O  X     0.0141    0.0303    0.0834    0.0682   -0.0034   -0.0007
            Y    -0.0671    0.0710    0.0044    0.0463   -0.0011   -0.0011
            Z    -0.0048    0.0085    0.0065    0.0080   -0.0416   -0.0129
 AT.   9 O  X     0.0510    0.0394   -0.0123    0.0593   -0.0064    0.0028
            Y     0.0407    0.0108    0.0266    0.0256    0.0006   -0.0000
            Z    -0.0051   -0.0027    0.0030   -0.0076    0.0397   -0.0326
 AT.  10 O  X    -0.0592    0.0646    0.0157    0.0572    0.0017    0.0005
            Y     0.0191    0.0408   -0.0809    0.0117   -0.0010   -0.0061
            Z    -0.0040   -0.0020    0.0088    0.0039   -0.0009    0.0460

 FREQ(CM**-1)   1112.03   1112.04   1479.63   1489.73   1527.65   1566.33

 AT.   1 CA X    -0.0013    0.0015   -0.0006   -0.0035   -0.0000   -0.0001
            Y     0.0020    0.0010    0.0002    0.0002    0.0004   -0.0012
            Z     0.0001   -0.0001   -0.0035    0.0011    0.0007   -0.0000
 AT.   2 MG X     0.0031   -0.0038   -0.0062    0.0027   -0.0017   -0.0000
            Y     0.0051    0.0024   -0.0012    0.0002    0.0095   -0.0004
            Z    -0.0000    0.0001   -0.0020   -0.0058    0.0003    0.0004
 AT.   3 C  X    -0.0010    0.0002    0.0878    0.0591   -0.0020    0.1106
            Y    -0.0022    0.0035   -0.0652   -0.0912    0.1118   -0.0051
            Z    -0.0000   -0.0000    0.0019    0.0011   -0.0008   -0.0023
 AT.   4 C  X    -0.0008    0.0004    0.0010   -0.0767    0.0761    0.0882
            Y     0.0004    0.0037   -0.0778    0.0017   -0.0943   -0.0809
            Z     0.0000   -0.0000   -0.0008   -0.0014   -0.0017   -0.0019
 AT.   5 O  X     0.0707   -0.0193   -0.0368   -0.0310    0.0184   -0.0337
            Y    -0.0527    0.0134    0.0270    0.0289   -0.0216    0.0222
            Z     0.0000    0.0004   -0.0002   -0.0020    0.0002    0.0028
 AT.   6 O  X    -0.0101   -0.0085   -0.0066    0.0081    0.0113    0.0121
            Y    -0.0872   -0.0717   -0.0317    0.0282    0.0238    0.0510
            Z     0.0010    0.0007    0.0012    0.0010   -0.0013   -0.0030
 AT.   7 O  X     0.0001   -0.0903    0.0559   -0.0259   -0.0353    0.0050
            Y    -0.0008   -0.0388    0.0196   -0.0206   -0.0069   -0.0099
            Z     0.0003   -0.0002    0.0036    0.0012    0.0018    0.0004
 AT.   8 O  X    -0.0203   -0.0710   -0.0353    0.0098   -0.0015    0.0219
            Y     0.0149    0.0534    0.0162   -0.0182   -0.0103   -0.0082
            Z    -0.0001    0.0015   -0.0023   -0.0013    0.0007   -0.0017
 AT.   9 O  X    -0.0092    0.0099    0.0090    0.0044    0.0119   -0.0094
            Y    -0.0743    0.0879   -0.0106    0.0568    0.0041   -0.0564
            Z     0.0005   -0.0003    0.0021    0.0004   -0.0024    0.0026
 AT.  10 O  X    -0.0894   -0.0009    0.0088    0.0305   -0.0155   -0.0235
            Y    -0.0390   -0.0001    0.0099    0.0096    0.0043    0.0016
            Z    -0.0014    0.0003   -0.0001   -0.0011    0.0008   -0.0008


  DISPERSION K POINT NUMBER     7 COORD:  C(  0  2  0 )    WEIGHT:    1.

    MODES         EIGV          FREQUENCIES     IRREP
             (HARTREE**2)   (CM**-1)     (THZ)
    1-   1    0.1326E-06     79.9145    2.3958  (  1)
    2-   2    0.2861E-06    117.3919    3.5193  (  1)
    3-   3    0.3944E-06    137.8415    4.1324  (  1)
    4-   4    0.4935E-06    154.1833    4.6223  (  1)
    5-   5    0.5187E-06    158.0653    4.7387  (  1)
    6-   6    0.7383E-06    188.5872    5.6537  (  1)
    7-   7    0.8222E-06    199.0145    5.9663  (  1)
    8-   8    0.9346E-06    212.1719    6.3608  (  1)
    9-   9    0.1024E-05    222.0767    6.6577  (  1)
   10-  10    0.1140E-05    234.3728    7.0263  (  1)
   11-  11    0.1375E-05    257.3813    7.7161  (  1)
   12-  12    0.1593E-05    277.0336    8.3053  (  1)
   13-  13    0.1686E-05    284.9755    8.5434  (  1)
   14-  14    0.1749E-05    290.2148    8.7004  (  1)
   15-  15    0.2152E-05    321.9300    9.6512  (  1)
   16-  16    0.2220E-05    327.0438    9.8045  (  1)
   17-  17    0.2407E-05    340.5359   10.2090  (  1)
   18-  18    0.2947E-05    376.7805   11.2956  (  1)
   19-  19    0.1061E-04    714.7599   21.4280  (  1)
   20-  20    0.1070E-04    718.0014   21.5251  (  1)
   21-  21    0.1092E-04    725.3933   21.7467  (  1)
   22-  22    0.1106E-04    729.8012   21.8789  (  1)
   23-  23    0.1649E-04    891.3708   26.7226  (  1)
   24-  24    0.1664E-04    895.2120   26.8378  (  1)
   25-  25    0.2568E-04   1112.1039   33.3400  (  1)
   26-  26    0.2571E-04   1112.9274   33.3647  (  1)
   27-  27    0.4453E-04   1464.5612   43.9064  (  1)
   28-  28    0.4569E-04   1483.5756   44.4765  (  1)
   29-  29    0.4748E-04   1512.3115   45.3380  (  1)
   30-  30    0.5197E-04   1582.2056   47.4333  (  1)

 MODES IN PHASE

 FREQ(CM**-1)     79.91    117.39    137.84    154.18    158.07    188.59

 AT.   1 CA X     0.0362    0.0513   -0.0263   -0.0110   -0.0915   -0.0136
            Y     0.0113    0.0448   -0.0454    0.0090    0.0572    0.0063
            Z     0.0450   -0.0446   -0.0161   -0.0750    0.0101    0.0146
 AT.   2 MG X     0.0191    0.0159    0.0105   -0.0160    0.0026    0.0005
            Y     0.0102    0.0138    0.0112    0.0178   -0.0184   -0.0006
            Z     0.0364   -0.0137    0.0096   -0.0220   -0.0020   -0.0002
 AT.   3 C  X     0.0298    0.0375    0.0183   -0.0173    0.0285   -0.0012
            Y     0.0075    0.0354   -0.0009    0.0010   -0.0058    0.0419
            Z     0.0567   -0.0297    0.0052    0.0201   -0.0165   -0.0061
 AT.   4 C  X     0.0157    0.0428   -0.0396   -0.0235    0.0275   -0.0373
            Y     0.0089    0.0391   -0.0090    0.0110   -0.0049    0.0349
            Z     0.0415   -0.0320   -0.0336    0.0175   -0.0146    0.0130
 AT.   5 O  X     0.0186    0.0413    0.0133   -0.0508    0.0111    0.0181
            Y    -0.0085    0.0408   -0.0086   -0.0467   -0.0195    0.0670
            Z     0.0573   -0.0506   -0.0467    0.0424   -0.0473   -0.0406
 AT.   6 O  X     0.0112    0.0261    0.0390   -0.0153   -0.0538   -0.0129
            Y    -0.0092   -0.0024    0.0072   -0.0016    0.0142   -0.0085
            Z     0.0207   -0.0117    0.0043   -0.0440    0.0363   -0.0078
 AT.   7 O  X     0.0214    0.0384    0.0138   -0.0368    0.0146    0.0103
            Y     0.0262    0.0311    0.0111    0.0484    0.0319    0.0247
            Z     0.0616   -0.0263    0.0200    0.0049   -0.0084    0.0342
 AT.   8 O  X     0.0113    0.0429   -0.0148   -0.0440    0.0107   -0.0395
            Y     0.0020    0.0392    0.0232   -0.0180   -0.0180    0.0308
            Z     0.0623   -0.0486   -0.0370    0.0259   -0.0471   -0.0166
 AT.   9 O  X     0.0400    0.0124    0.0575    0.0304   -0.0567    0.0200
            Y    -0.0076   -0.0123   -0.0025   -0.0088    0.0142   -0.0457
            Z     0.0557   -0.0070    0.0522    0.0020    0.0331    0.0168
 AT.  10 O  X     0.0115    0.0421   -0.0221   -0.0323    0.0140   -0.0438
            Y     0.0180    0.0391   -0.0493    0.0292    0.0316    0.0502
            Z     0.0438   -0.0302   -0.0327   -0.0025   -0.0071    0.0795

 FREQ(CM**-1)    199.01    212.17    222.08    234.37    257.38    277.03

 AT.   1 CA X    -0.0130   -0.0289   -0.0131   -0.0007    0.0359   -0.0030
            Y     0.0134   -0.0589   -0.0129    0.0001    0.0188    0.0037
            Z     0.0097   -0.0005    0.0010    0.0020   -0.0186   -0.0343
 AT.   2 MG X    -0.0151    0.0513   -0.0080   -0.0184    0.0020    0.0013
            Y    -0.0182    0.0174    0.0022    0.0035   -0.0025    0.0088
            Z     0.0066   -0.0181    0.0053    0.0700   -0.0010    0.0089
 AT.   3 C  X    -0.0435    0.0237    0.0185   -0.0024   -0.0081    0.0028
            Y    -0.0463    0.0149   -0.0205    0.0044   -0.0225   -0.0143
            Z     0.0206    0.0008   -0.0192   -0.0146   -0.0243    0.0133
 AT.   4 C  X     0.0215    0.0278   -0.0235    0.0023    0.0015    0.0007
            Y     0.0551   -0.0133    0.0531   -0.0054   -0.0317    0.0201
            Z    -0.0202    0.0342    0.0249    0.0141   -0.0043    0.0563
 AT.   5 O  X    -0.0511    0.0142    0.0329    0.0230   -0.0222    0.0139
            Y    -0.0497   -0.0018   -0.0034    0.0447   -0.0418    0.0005
            Z     0.0387    0.0097   -0.0262   -0.0968   -0.0437   -0.0419
 AT.   6 O  X    -0.0069   -0.0599   -0.0117    0.0323    0.0002   -0.0301
            Y     0.0494    0.0063   -0.0329   -0.0150   -0.0130    0.0278
            Z    -0.0392   -0.0202    0.0031   -0.0200   -0.0045    0.0295
 AT.   7 O  X    -0.0498    0.0180    0.0274    0.0083   -0.0251    0.0064
            Y    -0.0333    0.0292   -0.0362   -0.0236    0.0085   -0.0266
            Z     0.0249    0.0440   -0.0428    0.0584    0.0505    0.0541
 AT.   8 O  X     0.0272    0.0270   -0.0395   -0.0237   -0.0065    0.0367
            Y     0.0576   -0.0216    0.0289   -0.0464   -0.0424    0.0650
            Z    -0.0228    0.0134   -0.0110    0.0985   -0.0343    0.0604
 AT.   9 O  X     0.0306    0.0039    0.0026   -0.0295   -0.0059    0.0379
            Y    -0.0227    0.0169   -0.0258    0.0147    0.0213   -0.0008
            Z     0.0439   -0.0744    0.0150    0.0215    0.0589   -0.0383
 AT.  10 O  X     0.0251    0.0272   -0.0364   -0.0088   -0.0121    0.0248
            Y     0.0469   -0.0001    0.0900    0.0233   -0.0104   -0.0336
            Z    -0.0089    0.0291    0.0993   -0.0593    0.0951    0.0314

 FREQ(CM**-1)    284.98    290.21    321.93    327.04    340.54    376.78

 AT.   1 CA X    -0.0519   -0.0042    0.0148    0.0090   -0.0024   -0.0080
            Y     0.0309   -0.0080   -0.0297    0.0035    0.0001    0.0165
            Z    -0.0317   -0.0450   -0.0018   -0.0012   -0.0061    0.0017
 AT.   2 MG X     0.0861   -0.0149    0.0385    0.0957   -0.0567   -0.0619
            Y     0.0143    0.0036    0.0614    0.0560   -0.0201    0.1497
            Z     0.0397    0.0014   -0.0103    0.0644    0.1421   -0.0231
 AT.   3 C  X     0.0077    0.0258   -0.0127   -0.0285    0.0241    0.0250
            Y    -0.0096   -0.0129    0.0244    0.0075    0.0046   -0.0382
            Z     0.0026   -0.0039    0.0268   -0.0108   -0.0008    0.0090
 AT.   4 C  X     0.0020    0.0151    0.0014    0.0144   -0.0134   -0.0085
            Y     0.0167   -0.0080    0.0080   -0.0267   -0.0084   -0.0054
            Z    -0.0038   -0.0097   -0.0567    0.0160   -0.0202   -0.0051
 AT.   5 O  X     0.0141    0.0316   -0.0000   -0.0449    0.0134    0.0345
            Y     0.0060   -0.0111    0.0341   -0.0044    0.0011   -0.0185
            Z     0.0527    0.0460    0.0494   -0.0150    0.0680    0.0052
 AT.   6 O  X     0.0287   -0.0038   -0.0217    0.0082   -0.0208   -0.0076
            Y    -0.0241    0.0148   -0.0174    0.0244    0.0057    0.0356
            Z     0.0258    0.0960    0.0487   -0.0475    0.0301   -0.0021
 AT.   7 O  X     0.0185    0.0327   -0.0011   -0.0350    0.0200    0.0219
            Y    -0.0421   -0.0207   -0.0043    0.0061    0.0254   -0.0384
            Z    -0.0086    0.0441   -0.0064   -0.0505   -0.0178    0.0326
 AT.   8 O  X     0.0194    0.0178   -0.0266    0.0257   -0.0120   -0.0125
            Y     0.0405   -0.0098   -0.0382   -0.0157   -0.0138   -0.0066
            Z     0.0489    0.0277   -0.0233   -0.0303   -0.0715   -0.0222
 AT.   9 O  X     0.0010   -0.0091   -0.0492   -0.0212    0.0191   -0.0067
            Y    -0.0328    0.0161    0.0241   -0.0002    0.0122   -0.0211
            Z    -0.0094    0.1116    0.0393    0.0419   -0.0487   -0.0125
 AT.  10 O  X     0.0175    0.0198   -0.0124    0.0150   -0.0131   -0.0086
            Y    -0.0128   -0.0081    0.0517   -0.0222   -0.0092   -0.0031
            Z    -0.0246    0.0193   -0.0458    0.0719    0.0097   -0.0048

 FREQ(CM**-1)    714.76    718.00    725.39    729.80    891.37    895.21

 AT.   1 CA X     0.0002    0.0005    0.0036    0.0022   -0.0006   -0.0001
            Y    -0.0058    0.0004    0.0002   -0.0021    0.0019    0.0010
            Z    -0.0033   -0.0000   -0.0020   -0.0016   -0.0004   -0.0005
 AT.   2 MG X    -0.0039   -0.0143   -0.0012   -0.0001   -0.0017    0.0030
            Y     0.0017   -0.0016    0.0023    0.0025    0.0012   -0.0005
            Z     0.0011   -0.0002    0.0010    0.0016    0.0022    0.0011
 AT.   3 C  X     0.0014    0.0016   -0.0442   -0.0214    0.0011    0.0025
            Y    -0.0293    0.0514   -0.0040   -0.0060   -0.0017    0.0016
            Z    -0.0009   -0.0008    0.0021    0.0006    0.1804   -0.1016
 AT.   4 C  X     0.0086   -0.0059   -0.0256    0.0415    0.0034   -0.0005
            Y    -0.0501   -0.0312   -0.0068    0.0011    0.0011    0.0001
            Z    -0.0006    0.0005    0.0021    0.0052    0.1026    0.1787
 AT.   5 O  X     0.0513   -0.0889    0.0026    0.0033   -0.0045    0.0014
            Y     0.0109   -0.0389    0.0773    0.0444   -0.0037    0.0011
            Z     0.0057   -0.0066    0.0079    0.0024   -0.0470    0.0299
 AT.   6 O  X     0.0470   -0.0272    0.0137   -0.1061   -0.0000   -0.0002
            Y     0.0744   -0.0486   -0.0102    0.0239    0.0009    0.0008
            Z    -0.0026    0.0039   -0.0033    0.0129    0.0252    0.0229
 AT.   7 O  X    -0.0338    0.0708   -0.0510   -0.0289   -0.0014    0.0006
            Y     0.0511   -0.0801   -0.0385   -0.0236    0.0041   -0.0018
            Z    -0.0075    0.0116   -0.0013    0.0018   -0.0472    0.0281
 AT.   8 O  X     0.0919    0.0501    0.0072    0.0154   -0.0028   -0.0031
            Y     0.0187    0.0296    0.0454   -0.0726   -0.0037   -0.0034
            Z     0.0079    0.0031    0.0073   -0.0060   -0.0252   -0.0493
 AT.   9 O  X     0.0321    0.0277   -0.0999   -0.0099    0.0054   -0.0039
            Y     0.0492    0.0786    0.0407    0.0097    0.0004   -0.0003
            Z    -0.0012   -0.0045    0.0106   -0.0008   -0.0188    0.0222
 AT.  10 O  X    -0.0570   -0.0477   -0.0321    0.0382   -0.0007   -0.0015
            Y     0.0913    0.0417   -0.0189    0.0578    0.0037    0.0041
            Z    -0.0111   -0.0051   -0.0013   -0.0063   -0.0270   -0.0492

 FREQ(CM**-1)   1112.10   1112.93   1464.56   1483.58   1512.31   1582.21

 AT.   1 CA X     0.0021   -0.0001   -0.0032    0.0001   -0.0002   -0.0018
            Y    -0.0021    0.0001   -0.0023   -0.0000    0.0006    0.0050
            Z     0.0018    0.0001    0.0020   -0.0000    0.0005    0.0024
 AT.   2 MG X     0.0001   -0.0024   -0.0010    0.0063    0.0050   -0.0033
            Y    -0.0004    0.0073   -0.0002    0.0026   -0.0055    0.0024
            Z    -0.0025   -0.0026   -0.0002    0.0031   -0.0057    0.0019
 AT.   3 C  X    -0.0009   -0.0000    0.1318   -0.1594    0.0553   -0.0921
            Y     0.0010   -0.0044    0.1133   -0.0657   -0.1373    0.1423
            Z    -0.0005    0.0005   -0.0029   -0.0025   -0.0011    0.0016
 AT.   4 C  X    -0.0010   -0.0001    0.1312    0.1624   -0.0774   -0.0881
            Y     0.0011    0.0042    0.1038    0.0644    0.1512    0.1035
            Z    -0.0005   -0.0005   -0.0025    0.0027    0.0010    0.0009
 AT.   5 O  X    -0.0811   -0.0821   -0.0188    0.0372   -0.0376    0.0519
            Y     0.0594    0.0614    0.0014   -0.0150    0.0341   -0.0478
            Z     0.0006    0.0010   -0.0002    0.0011   -0.0013   -0.0030
 AT.   6 O  X     0.0079    0.0066    0.0052   -0.0082   -0.0010   -0.0012
            Y     0.0600    0.0496    0.0253   -0.0170   -0.0103    0.0203
            Z    -0.0002   -0.0007    0.0003    0.0015   -0.0019   -0.0018
 AT.   7 O  X     0.0936    0.0943   -0.0624    0.0647   -0.0042    0.0184
            Y     0.0403    0.0406   -0.0293    0.0275    0.0122   -0.0097
            Z     0.0016    0.0001    0.0020    0.0022    0.0003    0.0005
 AT.   8 O  X    -0.0814    0.0817   -0.0207   -0.0381    0.0464    0.0447
            Y     0.0597   -0.0610    0.0033    0.0158   -0.0416   -0.0396
            Z     0.0006   -0.0010   -0.0001   -0.0011    0.0008   -0.0034
 AT.   9 O  X     0.0067   -0.0077    0.0093    0.0064    0.0008   -0.0003
            Y     0.0514   -0.0581    0.0404    0.0124    0.0342   -0.0169
            Z    -0.0001    0.0008    0.0002   -0.0012    0.0021   -0.0022
 AT.  10 O  X     0.0940   -0.0938   -0.0607   -0.0658    0.0107    0.0213
            Y     0.0406   -0.0403   -0.0283   -0.0275   -0.0114   -0.0047
            Z     0.0016   -0.0002    0.0014   -0.0025    0.0002    0.0010

 MODES IN ANTI-PHASE

 FREQ(CM**-1)     79.91    117.39    137.84    154.18    158.07    188.59

 AT.   1 CA X     0.0097   -0.0068   -0.0334   -0.0094    0.0031    0.0081
            Y     0.0030   -0.0059   -0.0577    0.0076   -0.0019   -0.0038
            Z     0.0121    0.0059   -0.0205   -0.0638   -0.0003   -0.0087
 AT.   2 MG X    -0.0191   -0.0384   -0.0015    0.0057   -0.0048    0.0341
            Y    -0.0102   -0.0333   -0.0016   -0.0063    0.0344   -0.0375
            Z    -0.0363    0.0332   -0.0014    0.0079    0.0038   -0.0110
 AT.   3 C  X    -0.0202   -0.0254   -0.0364   -0.0210    0.0154    0.0417
            Y     0.0048   -0.0191   -0.0094    0.0110   -0.0131   -0.0172
            Z    -0.0151    0.0128   -0.0333    0.0144   -0.0275   -0.0180
 AT.   4 C  X     0.0324    0.0148    0.0092   -0.0137   -0.0173   -0.0186
            Y    -0.0004    0.0092   -0.0031   -0.0008    0.0134   -0.0288
            Z     0.0415   -0.0046   -0.0027    0.0175    0.0285    0.0139
 AT.   5 O  X    -0.0096   -0.0115   -0.0121   -0.0363    0.0054    0.0545
            Y     0.0186    0.0008    0.0218   -0.0106   -0.0211    0.0010
            Z     0.0253   -0.0010   -0.0493    0.0193   -0.0010   -0.0029
 AT.   6 O  X     0.0603    0.0488    0.0686    0.0333    0.0461   -0.0296
            Y     0.0009    0.0383   -0.0009   -0.0086    0.0003    0.0472
            Z     0.0753   -0.0166    0.0548    0.0092    0.0470   -0.0232
 AT.   7 O  X    -0.0139   -0.0190   -0.0194   -0.0267    0.0074    0.0552
            Y    -0.0094   -0.0349   -0.0480    0.0217    0.0041   -0.0437
            Z    -0.0190    0.0181   -0.0288   -0.0033   -0.0189   -0.0718
 AT.   8 O  X     0.0177    0.0003    0.0101   -0.0444   -0.0062   -0.0416
            Y    -0.0203   -0.0115   -0.0032   -0.0444    0.0224   -0.0595
            Z     0.0069    0.0142   -0.0570    0.0387    0.0042    0.0371
 AT.   9 O  X    -0.0465   -0.0540    0.0540   -0.0204   -0.0424    0.0254
            Y    -0.0054   -0.0363    0.0068   -0.0002   -0.0012   -0.0148
            Z    -0.0547    0.0191    0.0170   -0.0449   -0.0493    0.0178
 AT.  10 O  X     0.0227    0.0083    0.0089   -0.0321   -0.0084   -0.0351
            Y     0.0213    0.0256   -0.0004    0.0443   -0.0062   -0.0011
            Z     0.0474   -0.0106    0.0127    0.0054    0.0194    0.0037

 FREQ(CM**-1)    199.01    212.17    222.08    234.37    257.38    277.03

 AT.   1 CA X     0.0368   -0.0280   -0.0181    0.0183   -0.0188    0.0028
            Y    -0.0379   -0.0571   -0.0179   -0.0020   -0.0098   -0.0035
            Z    -0.0275   -0.0004    0.0014   -0.0548    0.0097    0.0324
 AT.   2 MG X    -0.0176   -0.0146    0.0008   -0.0115   -0.0468    0.0056
            Y    -0.0212   -0.0049   -0.0002    0.0022    0.0589    0.0370
            Z     0.0077    0.0052   -0.0005    0.0439    0.0230    0.0374
 AT.   3 C  X     0.0198    0.0271   -0.0186    0.0019   -0.0075   -0.0005
            Y    -0.0303   -0.0138    0.0491    0.0146    0.0229   -0.0210
            Z     0.0066    0.0341    0.0198    0.0066   -0.0117   -0.0556
 AT.   4 C  X     0.0427    0.0228    0.0116    0.0021    0.0109   -0.0028
            Y     0.0054    0.0153   -0.0038    0.0143    0.0054    0.0154
            Z    -0.0078   -0.0002   -0.0119    0.0076    0.0266   -0.0102
 AT.   5 O  X     0.0201    0.0266   -0.0306    0.0105   -0.0075   -0.0360
            Y    -0.0302   -0.0216    0.0294    0.0250    0.0226   -0.0651
            Z    -0.0118    0.0131   -0.0204   -0.0265    0.0115   -0.0628
 AT.   6 O  X    -0.0402    0.0058   -0.0012   -0.0373    0.0073   -0.0396
            Y    -0.0252    0.0168   -0.0383    0.0032   -0.0350    0.0023
            Z    -0.0213   -0.0738    0.0168   -0.0223   -0.0749    0.0400
 AT.   7 O  X     0.0219    0.0266   -0.0292    0.0072   -0.0027   -0.0245
            Y    -0.0334   -0.0010    0.0827    0.0029    0.0186    0.0322
            Z    -0.0167    0.0278    0.0904    0.0151   -0.0807   -0.0284
 AT.   8 O  X     0.0477    0.0134    0.0215    0.0088    0.0226   -0.0119
            Y     0.0077   -0.0012    0.0061    0.0217    0.0214    0.0032
            Z    -0.0335    0.0093   -0.0314   -0.0194    0.0293    0.0454
 AT.   9 O  X    -0.0270   -0.0601   -0.0115   -0.0396   -0.0043    0.0322
            Y    -0.0506    0.0058   -0.0433    0.0043    0.0307   -0.0279
            Z     0.0080   -0.0180    0.0083   -0.0208    0.0465   -0.0317
 AT.  10 O  X     0.0484    0.0172    0.0166    0.0066    0.0222   -0.0050
            Y    -0.0051    0.0292   -0.0080    0.0046   -0.0176    0.0248
            Z    -0.0286    0.0432   -0.0118    0.0108    0.0045   -0.0524

 FREQ(CM**-1)    284.98    290.21    321.93    327.04    340.54    376.78

 AT.   1 CA X    -0.0248    0.0009    0.0189    0.0193   -0.0036   -0.0125
            Y     0.0147    0.0017   -0.0380    0.0075    0.0002    0.0260
            Z    -0.0151    0.0097   -0.0023   -0.0026   -0.0092    0.0026
 AT.   2 MG X    -0.0592    0.0464   -0.0054    0.0084    0.0036    0.0026
            Y    -0.0098   -0.0111   -0.0086    0.0049    0.0013   -0.0063
            Z    -0.0273   -0.0043    0.0014    0.0057   -0.0091    0.0010
 AT.   3 C  X    -0.0036    0.0202   -0.0017   -0.0051   -0.0045    0.0024
            Y     0.0292   -0.0091    0.0143   -0.0287   -0.0071   -0.0239
            Z    -0.0069    0.0149   -0.0517    0.0119   -0.0222   -0.0014
 AT.   4 C  X     0.0082   -0.0291   -0.0128   -0.0251    0.0205    0.0236
            Y    -0.0258    0.0136    0.0271   -0.0127    0.0015   -0.0448
            Z     0.0064   -0.0120    0.0135   -0.0006   -0.0093    0.0076
 AT.   5 O  X     0.0135    0.0264   -0.0274   -0.0042   -0.0074    0.0024
            Y     0.0472   -0.0007   -0.0309   -0.0242   -0.0145   -0.0160
            Z     0.0202    0.0342   -0.0117   -0.0522   -0.0491   -0.0221
 AT.   6 O  X    -0.0220    0.0136   -0.0561   -0.0208    0.0121   -0.0110
            Y    -0.0227   -0.0061    0.0205    0.0203    0.0157   -0.0066
            Z    -0.0330   -0.0585    0.0526    0.0148   -0.0402   -0.0148
 AT.   7 O  X     0.0076    0.0242   -0.0130   -0.0098   -0.0058    0.0007
            Y     0.0177   -0.0260    0.0522   -0.0239    0.0007   -0.0215
            Z    -0.0247    0.0504   -0.0487    0.0515    0.0031    0.0101
 AT.   8 O  X     0.0025   -0.0371   -0.0067   -0.0370    0.0095    0.0322
            Y    -0.0250    0.0053    0.0256   -0.0189   -0.0046   -0.0236
            Z     0.0283   -0.0502    0.0451   -0.0451    0.0438   -0.0047
 AT.   9 O  X     0.0361   -0.0108   -0.0346   -0.0071   -0.0146   -0.0116
            Y    -0.0044   -0.0006   -0.0119    0.0318    0.0113    0.0294
            Z     0.0408    0.0136    0.0600   -0.0268    0.0123   -0.0082
 AT.  10 O  X     0.0096   -0.0355   -0.0043   -0.0331    0.0162    0.0201
            Y    -0.0439    0.0322    0.0084   -0.0107    0.0237   -0.0439
            Z     0.0088   -0.0641   -0.0180   -0.0055   -0.0152    0.0338

 FREQ(CM**-1)    714.76    718.00    725.39    729.80    891.37    895.21

 AT.   1 CA X     0.0001    0.0013   -0.0044   -0.0018   -0.0003   -0.0002
            Y    -0.0024    0.0011   -0.0002    0.0017    0.0010    0.0019
            Z    -0.0014   -0.0001    0.0025    0.0013   -0.0002   -0.0009
 AT.   2 MG X     0.0030   -0.0019   -0.0031   -0.0009    0.0011    0.0001
            Y    -0.0013   -0.0002    0.0060    0.0153   -0.0008   -0.0000
            Z    -0.0008   -0.0000    0.0026    0.0099   -0.0014    0.0000
 AT.   3 C  X     0.0107   -0.0067    0.0356   -0.0468    0.0034    0.0012
            Y    -0.0415    0.0075    0.0078   -0.0023    0.0025    0.0013
            Z     0.0000   -0.0002   -0.0026   -0.0052    0.0000    0.1470
 AT.   4 C  X    -0.0065   -0.0036    0.0507    0.0304   -0.0010    0.0028
            Y     0.0084    0.0415    0.0055    0.0064   -0.0028    0.0021
            Z    -0.0007   -0.0007   -0.0026    0.0004    0.1484   -0.0000
 AT.   5 O  X     0.0786   -0.0184   -0.0079   -0.0151   -0.0003   -0.0028
            Y     0.0156    0.0028   -0.0629    0.0834   -0.0019   -0.0033
            Z     0.0055   -0.0023   -0.0091    0.0066    0.0019   -0.0393
 AT.   6 O  X    -0.0015    0.0119    0.0992   -0.0119    0.0066   -0.0048
            Y    -0.0046    0.0626   -0.0394   -0.0050   -0.0001    0.0003
            Z     0.0008   -0.0025   -0.0101    0.0035   -0.0403    0.0428
 AT.   7 O  X    -0.0468    0.0036    0.0437   -0.0450    0.0001   -0.0014
            Y     0.0779   -0.0215    0.0275   -0.0639    0.0017    0.0038
            Z    -0.0081    0.0045    0.0016    0.0068   -0.0002   -0.0404
 AT.   8 O  X    -0.0189   -0.0756   -0.0042   -0.0001   -0.0035   -0.0004
            Y    -0.0033   -0.0254   -0.0887   -0.0604   -0.0020   -0.0010
            Z     0.0002   -0.0063   -0.0097   -0.0037   -0.0397    0.0022
 AT.   9 O  X     0.0344   -0.0107    0.0073    0.1063   -0.0038   -0.0029
            Y     0.0560    0.0101    0.0017   -0.0224    0.0008    0.0008
            Z    -0.0024    0.0010    0.0011   -0.0134    0.0437    0.0431
 AT.  10 O  X     0.0090    0.0524    0.0589    0.0374   -0.0012   -0.0003
            Y    -0.0186   -0.0717    0.0433    0.0361    0.0024    0.0007
            Z     0.0004    0.0114    0.0016   -0.0031   -0.0387    0.0001

 FREQ(CM**-1)   1112.10   1112.93   1464.56   1483.58   1512.31   1582.21

 AT.   1 CA X     0.0001   -0.0011    0.0006   -0.0010   -0.0011   -0.0006
            Y    -0.0001    0.0012    0.0005    0.0002    0.0027    0.0017
            Z     0.0001    0.0013   -0.0004    0.0005    0.0024    0.0008
 AT.   2 MG X    -0.0002   -0.0012    0.0029    0.0043    0.0016    0.0029
            Y     0.0006    0.0037    0.0005    0.0018   -0.0018   -0.0021
            Z     0.0038   -0.0013    0.0006    0.0021   -0.0019   -0.0017
 AT.   3 C  X    -0.0015   -0.0012   -0.0244   -0.0322   -0.0663   -0.0245
            Y     0.0010   -0.0014    0.0029    0.0032    0.0634   -0.0159
            Z     0.0002   -0.0000   -0.0007   -0.0014   -0.0001   -0.0006
 AT.   4 C  X     0.0014   -0.0012   -0.0274   -0.0072   -0.0382   -0.0364
            Y    -0.0009   -0.0019   -0.0457    0.0133    0.0023    0.0990
            Z    -0.0002    0.0000    0.0017   -0.0010   -0.0005    0.0014
 AT.   5 O  X    -0.0074    0.0004    0.0086    0.0087    0.0297    0.0056
            Y     0.0068    0.0007   -0.0055   -0.0061   -0.0256   -0.0026
            Z     0.0001    0.0000   -0.0002   -0.0004   -0.0010   -0.0017
 AT.   6 O  X    -0.0109   -0.0115   -0.0118    0.0109   -0.0002    0.0011
            Y    -0.0822   -0.0865   -0.0446    0.0283    0.0611   -0.0544
            Z     0.0006    0.0011    0.0003   -0.0015    0.0008   -0.0014
 AT.   7 O  X     0.0094    0.0003    0.0080    0.0123    0.0169    0.0110
            Y     0.0048    0.0013    0.0030    0.0024   -0.0004    0.0049
            Z     0.0005   -0.0004    0.0012    0.0020    0.0012    0.0010
 AT.   8 O  X    -0.0008   -0.0079   -0.0008    0.0029    0.0119    0.0271
            Y    -0.0008    0.0069    0.0045   -0.0037   -0.0095   -0.0269
            Z    -0.0000    0.0001    0.0003   -0.0005   -0.0014   -0.0005
 AT.   9 O  X     0.0116   -0.0108    0.0090    0.0121   -0.0006   -0.0016
            Y     0.0878   -0.0810    0.0317    0.0306    0.0517    0.0556
            Z    -0.0006    0.0010   -0.0004   -0.0017   -0.0000    0.0000
 AT.  10 O  X     0.0001    0.0098    0.0163    0.0022    0.0137    0.0024
            Y    -0.0008    0.0054    0.0083   -0.0019    0.0046   -0.0097
            Z    -0.0004   -0.0004   -0.0019    0.0016    0.0012   -0.0005


  DISPERSION K POINT NUMBER     8 COORD:  C(  0  2  1 )    WEIGHT:    1.

    MODES         EIGV          FREQUENCIES     IRREP
             (HARTREE**2)   (CM**-1)     (THZ)
    1-   1    0.3080E-06    121.7983    3.6514  (  1)
    2-   2    0.4012E-06    139.0132    4.1675  (  1)
    3-   3    0.4410E-06    145.7474    4.3694  (  1)
    4-   4    0.4826E-06    152.4671    4.5708  (  1)
    5-   5    0.5446E-06    161.9583    4.8554  (  1)
    6-   6    0.6678E-06    179.3572    5.3770  (  1)
    7-   7    0.9145E-06    209.8791    6.2920  (  1)
    8-   8    0.1058E-05    225.7465    6.7677  (  1)
    9-   9    0.1064E-05    226.4042    6.7874  (  1)
   10-  10    0.1182E-05    238.6588    7.1548  (  1)
   11-  11    0.1448E-05    264.1411    7.9188  (  1)
   12-  12    0.1511E-05    269.7892    8.0881  (  1)
   13-  13    0.1808E-05    295.1464    8.8483  (  1)
   14-  14    0.1934E-05    305.2197    9.1503  (  1)
   15-  15    0.2049E-05    314.1770    9.4188  (  1)
   16-  16    0.2255E-05    329.5474    9.8796  (  1)
   17-  17    0.2336E-05    335.4770   10.0573  (  1)
   18-  18    0.2411E-05    340.7957   10.2168  (  1)
   19-  19    0.1058E-04    713.9285   21.4030  (  1)
   20-  20    0.1075E-04    719.4514   21.5686  (  1)
   21-  21    0.1075E-04    719.5892   21.5727  (  1)
   22-  22    0.1080E-04    721.4299   21.6279  (  1)
   23-  23    0.1655E-04    892.8835   26.7680  (  1)
   24-  24    0.1655E-04    892.9333   26.7695  (  1)
   25-  25    0.2567E-04   1112.0265   33.3377  (  1)
   26-  26    0.2567E-04   1112.0423   33.3382  (  1)
   27-  27    0.4545E-04   1479.6259   44.3581  (  1)
   28-  28    0.4607E-04   1489.7341   44.6611  (  1)
   29-  29    0.4845E-04   1527.6486   45.7978  (  1)
   30-  30    0.5093E-04   1566.3314   46.9574  (  1)

 MODES IN PHASE

 FREQ(CM**-1)    121.80    139.01    145.75    152.47    161.96    179.36

 AT.   1 CA X     0.0184    0.0387    0.0817    0.0795   -0.0087   -0.0110
            Y    -0.0318    0.0655    0.0370   -0.0545    0.0341   -0.0221
            Z    -0.0160    0.0333   -0.0629    0.0720    0.0657    0.0153
 AT.   2 MG X     0.0119   -0.0034    0.0416    0.0316   -0.0047   -0.0103
            Y     0.0050   -0.0351   -0.0198    0.0204   -0.0218    0.0092
            Z    -0.0321   -0.0049    0.0175   -0.0197   -0.0035    0.0373
 AT.   3 C  X    -0.0121    0.0059    0.0192    0.0129    0.0261    0.0001
            Y     0.0141    0.0032    0.0120    0.0115   -0.0161    0.0216
            Z    -0.0347   -0.0061    0.0109    0.0338   -0.0503   -0.0002
 AT.   4 C  X     0.0119    0.0098   -0.0159   -0.0261    0.0137    0.0004
            Y    -0.0055    0.0027    0.0167   -0.0166   -0.0133    0.0220
            Z     0.0414    0.0301   -0.0287   -0.0006   -0.0504   -0.0009
 AT.   5 O  X    -0.0073    0.0260    0.0395    0.0094    0.0440    0.0118
            Y     0.0221    0.0328    0.0402    0.0087    0.0142    0.0323
            Z     0.0100    0.0129   -0.0381    0.0583   -0.0398   -0.0133
 AT.   6 O  X     0.0510   -0.0448    0.0358    0.0376    0.0131    0.0072
            Y    -0.0057   -0.0055   -0.0293    0.0008    0.0077    0.0067
            Z     0.0242   -0.0195    0.0205    0.0012    0.0549   -0.0180
 AT.   7 O  X     0.0160   -0.0108   -0.0175   -0.0147   -0.0289   -0.0188
            Y    -0.0435    0.0617    0.0163   -0.0306    0.0254   -0.0233
            Z    -0.0377    0.0426   -0.0474    0.0278    0.0423   -0.0318
 AT.   8 O  X     0.0221    0.0223    0.0397    0.0091    0.0209    0.0127
            Y     0.0191    0.0232    0.0383    0.0088    0.0080    0.0084
            Z    -0.0467    0.0205   -0.0372    0.0596    0.0174   -0.0725
 AT.   9 O  X    -0.0192   -0.0585    0.0355    0.0384    0.0027    0.0011
            Y     0.0149   -0.0036   -0.0292    0.0014    0.0102   -0.0304
            Z    -0.0889   -0.0325    0.0186    0.0024    0.0316    0.0607
 AT.  10 O  X    -0.0051   -0.0132   -0.0160   -0.0148    0.0185    0.0084
            Y     0.0312    0.0581    0.0157   -0.0303   -0.0293    0.0111
            Z     0.0638    0.0361   -0.0459    0.0269   -0.0422    0.0480

 FREQ(CM**-1)    209.88    225.75    226.40    238.66    264.14    269.79

 AT.   1 CA X    -0.0006   -0.0049    0.0017   -0.0007    0.0182   -0.0198
            Y    -0.0008    0.0102   -0.0164   -0.0001    0.0044    0.0762
            Z    -0.0025    0.0156    0.0139   -0.0007    0.0074   -0.0116
 AT.   2 MG X     0.0007   -0.0290   -0.0035    0.0044   -0.0082    0.0450
            Y     0.0004   -0.0152    0.0365   -0.0021    0.0115    0.0387
            Z     0.0013   -0.0256    0.0131    0.0090    0.0031   -0.0248
 AT.   3 C  X    -0.0432   -0.0546   -0.0024    0.0301   -0.0192    0.0078
            Y    -0.0075    0.0164   -0.0467   -0.0231   -0.0138    0.0023
            Z     0.0113    0.0033   -0.0028    0.0039   -0.0204   -0.0264
 AT.   4 C  X    -0.0168    0.0252    0.0064    0.0007   -0.0186   -0.0133
            Y    -0.0327   -0.0080    0.0786   -0.0319   -0.0302   -0.0089
            Z    -0.0127   -0.0144    0.0082    0.0144   -0.0305    0.0331
 AT.   5 O  X    -0.0602   -0.0366   -0.0002    0.0455   -0.0277   -0.0087
            Y    -0.0334    0.0367   -0.0404   -0.0038   -0.0277   -0.0167
            Z     0.0636    0.0148    0.0271    0.0519   -0.0095    0.0010
 AT.   6 O  X     0.0033    0.0819    0.0132   -0.0580    0.0178    0.0397
            Y    -0.0230   -0.0252   -0.0334   -0.0053   -0.0219    0.0122
            Z     0.0217    0.0468    0.0052   -0.0213   -0.0568    0.0169
 AT.   7 O  X     0.0036   -0.0258    0.0146   -0.0053    0.0354   -0.0066
            Y     0.0465    0.0189    0.0692    0.0721   -0.0070   -0.0554
            Z     0.0523    0.0021    0.0456   -0.0303   -0.0070    0.0720
 AT.   8 O  X     0.0630   -0.0616    0.0059   -0.0493    0.0112   -0.0016
            Y     0.0305    0.0382   -0.0183    0.0024   -0.0077    0.0013
            Z    -0.0639   -0.0025    0.0196   -0.0417   -0.0133   -0.0018
 AT.   9 O  X    -0.0004    0.0437    0.0115    0.0637   -0.0233    0.0696
            Y     0.0263   -0.0163   -0.0502    0.0121    0.0371    0.0177
            Z    -0.0169    0.0471    0.0009    0.0313    0.0620   -0.0151
 AT.  10 O  X    -0.0111    0.0141    0.0134    0.0163   -0.0343   -0.0021
            Y    -0.0406    0.0131    0.0709   -0.0749    0.0023   -0.0440
            Z    -0.0464   -0.0023    0.0435    0.0205   -0.0243    0.0424

 FREQ(CM**-1)    295.15    305.22    314.18    329.55    335.48    340.80

 AT.   1 CA X     0.0139    0.0009    0.0216    0.0156   -0.0150   -0.0241
            Y     0.0058   -0.0095   -0.0160    0.0152    0.0028   -0.0105
            Z    -0.0123   -0.0082   -0.0133    0.0063   -0.0172    0.0210
 AT.   2 MG X    -0.0211    0.0122    0.0033    0.0878   -0.0210    0.1357
            Y    -0.0033   -0.0218    0.0073    0.0671    0.1502   -0.0108
            Z    -0.0060    0.0099   -0.0343    0.1056   -0.0389   -0.0887
 AT.   3 C  X    -0.0313   -0.0043   -0.0317   -0.0143    0.0185   -0.0038
            Y    -0.0065    0.0004    0.0001    0.0196    0.0071    0.0032
            Z    -0.0189   -0.0291    0.0010   -0.0069    0.0147   -0.0187
 AT.   4 C  X     0.0059    0.0069    0.0207    0.0137   -0.0080    0.0113
            Y    -0.0322    0.0058    0.0147   -0.0153   -0.0082    0.0082
            Z     0.0336   -0.0281    0.0054   -0.0020   -0.0288    0.0047
 AT.   5 O  X    -0.0397   -0.0166   -0.0256   -0.0333    0.0384   -0.0160
            Y    -0.0173   -0.0217    0.0088    0.0096    0.0301   -0.0079
            Z    -0.0487   -0.0425   -0.0081    0.0045    0.0483   -0.0289
 AT.   6 O  X    -0.0220    0.0233   -0.0164   -0.0170   -0.0200   -0.0157
            Y    -0.0235    0.0082    0.0297   -0.0082    0.0014   -0.0189
            Z     0.0266   -0.0560    0.0152   -0.0234    0.0447    0.0347
 AT.   7 O  X     0.0211   -0.0136    0.0158    0.0063   -0.0124    0.0082
            Y     0.0214   -0.0302   -0.0004    0.0080    0.0139    0.0256
            Z    -0.0483   -0.0066    0.0919    0.0211   -0.0376   -0.0381
 AT.   8 O  X     0.0237    0.0193    0.0106   -0.0343    0.0382   -0.0158
            Y     0.0213    0.0084   -0.0405    0.0026    0.0295   -0.0070
            Z     0.0687    0.0856   -0.0648   -0.0115    0.0480   -0.0241
 AT.   9 O  X     0.0137   -0.0351   -0.0423   -0.0283   -0.0209   -0.0158
            Y     0.0034   -0.0076    0.0239    0.0033    0.0022   -0.0200
            Z     0.0181    0.0920    0.0773   -0.0077    0.0438    0.0335
 AT.  10 O  X     0.0096   -0.0030    0.0188    0.0160   -0.0133    0.0085
            Y    -0.0444    0.0261    0.0140   -0.0095    0.0136    0.0222
            Z     0.0764    0.0128    0.0088    0.0487   -0.0378   -0.0370

 FREQ(CM**-1)    713.93    719.45    719.59    721.43    892.88    892.93

 AT.   1 CA X     0.0005    0.0006   -0.0013    0.0058    0.0012   -0.0017
            Y     0.0003    0.0009   -0.0021   -0.0039    0.0016    0.0012
            Z     0.0020   -0.0005   -0.0035   -0.0008    0.0001   -0.0013
 AT.   2 MG X    -0.0131   -0.0007   -0.0031   -0.0020    0.0025   -0.0008
            Y     0.0050   -0.0012   -0.0099   -0.0025   -0.0007   -0.0027
            Z     0.0006   -0.0022    0.0039    0.0051    0.0001   -0.0011
 AT.   3 C  X     0.0359    0.0421    0.0189   -0.0326    0.0053   -0.0040
            Y     0.0105    0.0059   -0.0428    0.0147    0.0000    0.0011
            Z    -0.0024    0.0025   -0.0036    0.0006    0.0415    0.1797
 AT.   4 C  X     0.0334   -0.0133    0.0097    0.0053    0.0039    0.0053
            Y    -0.0175   -0.0218   -0.0356   -0.0426   -0.0012   -0.0001
            Z     0.0009    0.0008   -0.0036    0.0001    0.1797   -0.0415
 AT.   5 O  X    -0.0065   -0.0054    0.0817   -0.0194   -0.0010   -0.0023
            Y    -0.0728   -0.0893    0.0065    0.0507    0.0001   -0.0058
            Z    -0.0063   -0.0076    0.0068    0.0059   -0.0102   -0.0470
 AT.   6 O  X     0.0689    0.0617   -0.0180   -0.0364   -0.0060   -0.0003
            Y     0.0259   -0.0499    0.0221    0.0572    0.0013    0.0009
            Z    -0.0068   -0.0094    0.0036    0.0030    0.0450    0.0262
 AT.   7 O  X    -0.0537    0.0106    0.0189   -0.0473   -0.0010   -0.0014
            Y     0.0421   -0.0313   -0.0852    0.0648    0.0017   -0.0022
            Z    -0.0057    0.0023    0.0095   -0.0095   -0.0359    0.0242
 AT.   8 O  X    -0.0621   -0.0057    0.0186   -0.0119    0.0019   -0.0022
            Y    -0.0289    0.0688   -0.0275    0.0562    0.0012   -0.0057
            Z    -0.0054    0.0050   -0.0034    0.0069    0.0253   -0.0452
 AT.   9 O  X     0.0643   -0.0806    0.0715   -0.0300   -0.0022   -0.0011
            Y    -0.0396    0.0493    0.0553    0.0605    0.0012    0.0010
            Z    -0.0060    0.0111   -0.0080    0.0022    0.0245    0.0371
 AT.  10 O  X     0.0074   -0.0355   -0.0405   -0.0412   -0.0030   -0.0016
            Y     0.0750    0.0182    0.0574    0.0666    0.0033   -0.0005
            Z    -0.0060   -0.0018   -0.0087   -0.0091   -0.0485    0.0115

 FREQ(CM**-1)   1112.03   1112.04   1479.63   1489.73   1527.65   1566.33

 AT.   1 CA X     0.0010   -0.0020    0.0006   -0.0039   -0.0000    0.0004
            Y    -0.0015   -0.0013   -0.0002    0.0003    0.0001    0.0055
            Z    -0.0000    0.0001    0.0032    0.0012    0.0002    0.0001
 AT.   2 MG X    -0.0024    0.0051    0.0058    0.0030   -0.0004    0.0002
            Y    -0.0038   -0.0031    0.0011    0.0003    0.0022    0.0019
            Z     0.0000   -0.0001    0.0019   -0.0063    0.0001   -0.0018
 AT.   3 C  X    -0.0001    0.0010   -0.1296    0.0493    0.1340    0.0037
            Y     0.0027    0.0015   -0.0425    0.1264   -0.0024    0.1331
            Z     0.0000    0.0000   -0.0043    0.0009   -0.0042   -0.0000
 AT.   4 C  X    -0.0007   -0.0009    0.1565    0.0062    0.1103   -0.0667
            Y    -0.0035   -0.0006   -0.0009    0.1558    0.0601   -0.1058
            Z    -0.0000   -0.0000    0.0047    0.0001   -0.0039    0.0014
 AT.   5 O  X     0.0414    0.0794    0.0330    0.0070   -0.0407    0.0206
            Y    -0.0307   -0.0593   -0.0145   -0.0156    0.0206   -0.0286
            Z     0.0001   -0.0017    0.0023   -0.0014    0.0012   -0.0020
 AT.   6 O  X     0.0067   -0.0078   -0.0095    0.0052    0.0040   -0.0039
            Y     0.0522   -0.0709    0.0085    0.0596   -0.0390    0.0243
            Z    -0.0003    0.0001   -0.0020    0.0005   -0.0028    0.0004
 AT.   7 O  X     0.0930    0.0269   -0.0052    0.0283    0.0365    0.0453
            Y     0.0403    0.0113   -0.0086    0.0077    0.0237    0.0175
            Z     0.0016   -0.0002    0.0004   -0.0010   -0.0018    0.0012
 AT.   8 O  X    -0.0794    0.0404    0.0346   -0.0302    0.0446    0.0328
            Y     0.0591   -0.0292   -0.0260    0.0273   -0.0280   -0.0353
            Z    -0.0001   -0.0009    0.0001   -0.0021   -0.0010   -0.0030
 AT.   9 O  X     0.0079    0.0060    0.0072    0.0085    0.0014   -0.0086
            Y     0.0694    0.0493    0.0311    0.0335    0.0455    0.0006
            Z    -0.0009   -0.0006   -0.0010    0.0011    0.0020    0.0017
 AT.  10 O  X    -0.0257    0.0942   -0.0555   -0.0232   -0.0483    0.0391
            Y    -0.0103    0.0404   -0.0190   -0.0198   -0.0243    0.0200
            Z    -0.0007    0.0002   -0.0036    0.0011    0.0024    0.0010

 MODES IN ANTI-PHASE

 FREQ(CM**-1)    121.80    139.01    145.75    152.47    161.96    179.36

 AT.   1 CA X     0.0241    0.0048   -0.0026    0.0017    0.0070    0.0193
            Y    -0.0419    0.0081   -0.0012   -0.0012   -0.0274    0.0389
            Z    -0.0210    0.0041    0.0020    0.0016   -0.0529   -0.0271
 AT.   2 MG X     0.0157   -0.0004   -0.0013    0.0007    0.0038    0.0181
            Y     0.0066   -0.0043    0.0006    0.0004    0.0175   -0.0162
            Z    -0.0422   -0.0006   -0.0006   -0.0004    0.0028   -0.0658
 AT.   3 C  X    -0.0047    0.0193   -0.0082   -0.0228   -0.0084   -0.0173
            Y    -0.0061    0.0069    0.0246   -0.0123   -0.0021   -0.0228
            Z    -0.0239    0.0361   -0.0266    0.0208   -0.0196    0.0452
 AT.   4 C  X     0.0053    0.0177    0.0136   -0.0014    0.0238    0.0173
            Y    -0.0143    0.0071    0.0217    0.0031   -0.0093    0.0225
            Z     0.0079    0.0207   -0.0020    0.0396   -0.0194   -0.0452
 AT.   5 O  X     0.0209   -0.0122   -0.0045   -0.0085   -0.0118   -0.0219
            Y     0.0260   -0.0356    0.0286    0.0022   -0.0051   -0.0292
            Z    -0.0457    0.0329   -0.0124    0.0319   -0.0266    0.0925
 AT.   6 O  X    -0.0059   -0.0618    0.0039    0.0200    0.0001   -0.0056
            Y     0.0139    0.0071   -0.0000    0.0145   -0.0087    0.0314
            Z    -0.0855   -0.0560    0.0293    0.0283   -0.0203   -0.0600
 AT.   7 O  X    -0.0009   -0.0112   -0.0226   -0.0023   -0.0252    0.0014
            Y     0.0203   -0.0072    0.0081    0.0054    0.0355    0.0010
            Z     0.0557   -0.0212   -0.0222   -0.0213    0.0525   -0.0369
 AT.   8 O  X    -0.0015    0.0182    0.0020    0.0089   -0.0404   -0.0214
            Y     0.0282    0.0424   -0.0311   -0.0018   -0.0128   -0.0427
            Z    -0.0025   -0.0287    0.0147   -0.0293    0.0446    0.0589
 AT.   9 O  X     0.0476    0.0491   -0.0061   -0.0183   -0.0128   -0.0090
            Y    -0.0018   -0.0083    0.0019   -0.0144   -0.0057    0.0103
            Z     0.0005    0.0496   -0.0305   -0.0282   -0.0493   -0.0154
 AT.  10 O  X     0.0151    0.0083    0.0236    0.0017    0.0336    0.0169
            Y    -0.0366    0.0220   -0.0091   -0.0067   -0.0324    0.0205
            Z    -0.0215    0.0309    0.0252    0.0225   -0.0526    0.0084

 FREQ(CM**-1)    209.88    225.75    226.40    238.66    264.14    269.79

 AT.   1 CA X     0.0095   -0.0015    0.0002    0.0054   -0.0673   -0.0079
            Y     0.0129    0.0031   -0.0021    0.0011   -0.0163    0.0304
            Z     0.0389    0.0047    0.0018    0.0055   -0.0274   -0.0046
 AT.   2 MG X    -0.0109   -0.0087   -0.0004   -0.0351    0.0301    0.0180
            Y    -0.0069   -0.0046    0.0046    0.0170   -0.0426    0.0155
            Z    -0.0209   -0.0077    0.0017   -0.0717   -0.0113   -0.0099
 AT.   3 C  X    -0.0118   -0.0525    0.0066    0.0283    0.0040   -0.0204
            Y     0.0355    0.0149    0.0644    0.0221    0.0368   -0.0237
            Z     0.0246   -0.0256    0.0088   -0.0163    0.0259    0.0274
 AT.   4 C  X     0.0415   -0.0714    0.0029   -0.0414    0.0060   -0.0174
            Y    -0.0156    0.0207    0.0118    0.0011   -0.0251   -0.0221
            Z    -0.0239   -0.0215    0.0041    0.0086   -0.0124    0.0188
 AT.   5 O  X    -0.0262   -0.0564    0.0242    0.0209    0.0251    0.0067
            Y     0.0202    0.0136    0.0834    0.0051    0.0626    0.0194
            Z     0.0066   -0.0271   -0.0264   -0.0351    0.0426   -0.0036
 AT.   6 O  X    -0.0225   -0.0449   -0.0049   -0.0305    0.0157    0.0593
            Y    -0.0276    0.0087   -0.0715   -0.0279   -0.0360    0.0129
            Z    -0.0362    0.0144   -0.0165   -0.0432   -0.0257   -0.0397
 AT.   7 O  X     0.0586    0.0648   -0.0032   -0.0455    0.0075    0.0039
            Y    -0.0433   -0.0049    0.0156    0.0204    0.0074   -0.0056
            Z    -0.0427   -0.0075   -0.0027    0.0363    0.0601   -0.0142
 AT.   8 O  X    -0.0183    0.0270   -0.0235    0.0091    0.0356   -0.0109
            Y     0.0243    0.0088   -0.0908    0.0059    0.0680   -0.0256
            Z    -0.0016    0.0308    0.0323   -0.0468    0.0415    0.0033
 AT.   9 O  X    -0.0227    0.0826    0.0080   -0.0152    0.0046   -0.0157
            Y    -0.0244   -0.0212    0.0609   -0.0258   -0.0200   -0.0010
            Z    -0.0386    0.0137    0.0173   -0.0366    0.0065    0.0404
 AT.  10 O  X     0.0577   -0.0684    0.0067   -0.0428   -0.0114   -0.0074
            Y    -0.0489    0.0145    0.0021    0.0020    0.0099   -0.0341
            Z    -0.0490    0.0074    0.0140    0.0426    0.0554    0.0599

 FREQ(CM**-1)    295.15    305.22    314.18    329.55    335.48    340.80

 AT.   1 CA X     0.0357   -0.0027    0.0198    0.0041   -0.0003   -0.0011
            Y     0.0151    0.0282   -0.0146    0.0040    0.0001   -0.0005
            Z    -0.0318    0.0244   -0.0122    0.0017   -0.0003    0.0010
 AT.   2 MG X    -0.0545   -0.0361    0.0031    0.0231   -0.0004    0.0063
            Y    -0.0086    0.0645    0.0067    0.0176    0.0029   -0.0005
            Z    -0.0154   -0.0295   -0.0315    0.0278   -0.0008   -0.0041
 AT.   3 C  X     0.0009   -0.0284    0.0191    0.0027    0.0022    0.0111
            Y     0.0344   -0.0139   -0.0350    0.0032   -0.0053    0.0124
            Z    -0.0303    0.0031   -0.0151   -0.0156   -0.0248   -0.0075
 AT.   4 C  X     0.0307    0.0278    0.0307   -0.0049    0.0168    0.0033
            Y     0.0138    0.0126   -0.0318    0.0127    0.0032    0.0098
            Z     0.0119    0.0084   -0.0141   -0.0169   -0.0008   -0.0196
 AT.   5 O  X    -0.0084   -0.0102    0.0129   -0.0108   -0.0042    0.0009
            Y     0.0126    0.0146   -0.0414   -0.0117   -0.0161    0.0095
            Z     0.0485   -0.0854   -0.0643   -0.0314   -0.0064    0.0506
 AT.   6 O  X    -0.0037    0.0273   -0.0410   -0.0275   -0.0233   -0.0017
            Y    -0.0206    0.0018    0.0214    0.0212    0.0193   -0.0130
            Z     0.0558   -0.0783    0.0763    0.0259   -0.0215   -0.0112
 AT.   7 O  X     0.0374    0.0229    0.0175    0.0214   -0.0247    0.0036
            Y    -0.0423   -0.0034    0.0141   -0.0334   -0.0065   -0.0355
            Z     0.0605   -0.0125    0.0008    0.0617   -0.0063    0.0107
 AT.   8 O  X    -0.0330    0.0019   -0.0266   -0.0070    0.0057   -0.0024
            Y    -0.0023    0.0248    0.0123    0.0149    0.0172   -0.0102
            Z     0.0029   -0.0421   -0.0025    0.0296    0.0083   -0.0531
 AT.   9 O  X    -0.0176    0.0076   -0.0127    0.0156    0.0225    0.0002
            Y    -0.0311   -0.0035    0.0278   -0.0225   -0.0192    0.0112
            Z     0.0591   -0.0284    0.0085   -0.0340    0.0232    0.0144
 AT.  10 O  X     0.0419    0.0265    0.0142   -0.0156    0.0242   -0.0029
            Y    -0.0168    0.0156   -0.0017    0.0330    0.0070    0.0377
            Z     0.0121   -0.0059    0.0915   -0.0433    0.0049   -0.0142

 FREQ(CM**-1)    713.93    719.45    719.59    721.43    892.88    892.93

 AT.   1 CA X    -0.0004    0.0030    0.0014    0.0003   -0.0005    0.0003
            Y    -0.0002    0.0050    0.0022   -0.0002   -0.0006   -0.0002
            Z    -0.0014   -0.0026    0.0038   -0.0000   -0.0000    0.0002
 AT.   2 MG X     0.0094   -0.0036    0.0034   -0.0001   -0.0010    0.0001
            Y    -0.0036   -0.0064    0.0107   -0.0001    0.0003    0.0004
            Z    -0.0004   -0.0122   -0.0042    0.0003   -0.0001    0.0002
 AT.   3 C  X     0.0129    0.0205   -0.0172   -0.0175    0.0027    0.0045
            Y    -0.0325    0.0231    0.0070   -0.0421   -0.0013    0.0002
            Z     0.0033   -0.0004   -0.0008    0.0006    0.1749    0.0001
 AT.   4 C  X     0.0184   -0.0449    0.0236   -0.0366    0.0046   -0.0029
            Y     0.0293   -0.0096   -0.0247   -0.0132    0.0003    0.0011
            Z    -0.0039   -0.0024   -0.0009    0.0009   -0.0001    0.1749
 AT.   5 O  X     0.0633   -0.0303   -0.0251    0.0665   -0.0037   -0.0000
            Y     0.0059   -0.0423    0.0271    0.0523   -0.0016    0.0006
            Z     0.0035   -0.0062    0.0029    0.0087   -0.0476    0.0006
 AT.   6 O  X    -0.0445   -0.0651   -0.0703    0.0556   -0.0031    0.0030
            Y     0.0506    0.0072   -0.0572    0.0322   -0.0003   -0.0003
            Z     0.0041    0.0064    0.0078   -0.0073    0.0120   -0.0418
 AT.   7 O  X    -0.0260   -0.0730    0.0391    0.0523    0.0033    0.0009
            Y    -0.0649   -0.0318   -0.0508    0.0191   -0.0030   -0.0057
            Z     0.0044    0.0012    0.0080    0.0029    0.0326    0.0408
 AT.   8 O  X    -0.0141   -0.0303   -0.0834   -0.0682    0.0034    0.0007
            Y     0.0671   -0.0710   -0.0044   -0.0463    0.0011    0.0011
            Z     0.0048   -0.0085   -0.0065   -0.0080    0.0416    0.0129
 AT.   9 O  X    -0.0510   -0.0394    0.0123   -0.0593    0.0064   -0.0028
            Y    -0.0407   -0.0108   -0.0266   -0.0256   -0.0006    0.0000
            Z     0.0051    0.0027   -0.0030    0.0076   -0.0397    0.0326
 AT.  10 O  X     0.0592   -0.0646   -0.0157   -0.0572   -0.0017   -0.0005
            Y    -0.0191   -0.0408    0.0809   -0.0117    0.0010    0.0061
            Z     0.0040    0.0020   -0.0088   -0.0039    0.0009   -0.0460

 FREQ(CM**-1)   1112.03   1112.04   1479.63   1489.73   1527.65   1566.33

 AT.   1 CA X     0.0013   -0.0015    0.0006    0.0035    0.0000    0.0001
            Y    -0.0020   -0.0010   -0.0002   -0.0002   -0.0004    0.0012
            Z    -0.0001    0.0001    0.0035   -0.0011   -0.0007    0.0000
 AT.   2 MG X    -0.0031    0.0038    0.0062   -0.0027    0.0017    0.0000
            Y    -0.0051   -0.0024    0.0012   -0.0002   -0.0095    0.0004
            Z     0.0000   -0.0001    0.0020    0.0058   -0.0003   -0.0004
 AT.   3 C  X     0.0010   -0.0002   -0.0878   -0.0591    0.0020   -0.1106
            Y     0.0022   -0.0035    0.0652    0.0912   -0.1118    0.0051
            Z     0.0000    0.0000   -0.0019   -0.0011    0.0008    0.0023
 AT.   4 C  X     0.0008   -0.0004   -0.0010    0.0767   -0.0761   -0.0882
            Y    -0.0004   -0.0037    0.0778   -0.0017    0.0943    0.0809
            Z    -0.0000    0.0000    0.0008    0.0014    0.0017    0.0019
 AT.   5 O  X    -0.0707    0.0193    0.0368    0.0310   -0.0184    0.0337
            Y     0.0527   -0.0134   -0.0270   -0.0289    0.0216   -0.0222
            Z    -0.0000   -0.0004    0.0002    0.0020   -0.0002   -0.0028
 AT.   6 O  X     0.0101    0.0085    0.0066   -0.0081   -0.0113   -0.0121
            Y     0.0872    0.0717    0.0317   -0.0282   -0.0238   -0.0510
            Z    -0.0010   -0.0007   -0.0012   -0.0010    0.0013    0.0030
 AT.   7 O  X    -0.0001    0.0903   -0.0559    0.0259    0.0353   -0.0050
            Y     0.0008    0.0388   -0.0196    0.0206    0.0069    0.0099
            Z    -0.0003    0.0002   -0.0036   -0.0012   -0.0018   -0.0004
 AT.   8 O  X     0.0203    0.0710    0.0353   -0.0098    0.0015   -0.0219
            Y    -0.0149   -0.0534   -0.0162    0.0182    0.0103    0.0082
            Z     0.0001   -0.0015    0.0023    0.0013   -0.0007    0.0017
 AT.   9 O  X     0.0092   -0.0099   -0.0090   -0.0044   -0.0119    0.0094
            Y     0.0743   -0.0879    0.0106   -0.0568   -0.0041    0.0564
            Z    -0.0005    0.0003   -0.0021   -0.0004    0.0024   -0.0026
 AT.  10 O  X     0.0894    0.0009   -0.0088   -0.0305    0.0155    0.0235
            Y     0.0390    0.0001   -0.0099   -0.0096   -0.0043   -0.0016
            Z     0.0014   -0.0003    0.0001    0.0011   -0.0008    0.0008


  DISPERSION K POINT NUMBER     9 COORD:  C(  0  2  2 )    WEIGHT:    1.

    MODES         EIGV          FREQUENCIES     IRREP
             (HARTREE**2)   (CM**-1)     (THZ)
    1-   1    0.2249E-06    104.0739    3.1201  (  1)
    2-   2    0.2657E-06    113.1376    3.3918  (  1)
    3-   3    0.4075E-06    140.1093    4.2004  (  1)
    4-   4    0.4712E-06    150.6584    4.5166  (  1)
    5-   5    0.5694E-06    165.6054    4.9647  (  1)
    6-   6    0.6195E-06    172.7461    5.1788  (  1)
    7-   7    0.7741E-06    193.1021    5.7891  (  1)
    8-   8    0.8038E-06    196.7730    5.8991  (  1)
    9-   9    0.1084E-05    228.5496    6.8517  (  1)
   10-  10    0.1181E-05    238.5517    7.1516  (  1)
   11-  11    0.1398E-05    259.4747    7.7789  (  1)
   12-  12    0.1475E-05    266.5635    7.9914  (  1)
   13-  13    0.1597E-05    277.3219    8.3139  (  1)
   14-  14    0.1881E-05    300.9823    9.0232  (  1)
   15-  15    0.2182E-05    324.2095    9.7196  (  1)
   16-  16    0.2258E-05    329.7877    9.8868  (  1)
   17-  17    0.2337E-05    335.5102   10.0583  (  1)
   18-  18    0.3420E-05    405.9051   12.1687  (  1)
   19-  19    0.1061E-04    714.8833   21.4317  (  1)
   20-  20    0.1068E-04    717.4011   21.5071  (  1)
   21-  21    0.1095E-04    726.1496   21.7694  (  1)
   22-  22    0.1101E-04    728.3038   21.8340  (  1)
   23-  23    0.1650E-04    891.5520   26.7281  (  1)
   24-  24    0.1664E-04    895.3047   26.8406  (  1)
   25-  25    0.2568E-04   1112.1460   33.3413  (  1)
   26-  26    0.2573E-04   1113.2485   33.3744  (  1)
   27-  27    0.4374E-04   1451.4990   43.5148  (  1)
   28-  28    0.4574E-04   1484.4154   44.5017  (  1)
   29-  29    0.4680E-04   1501.4466   45.0122  (  1)
   30-  30    0.5180E-04   1579.5939   47.3550  (  1)

 MODES IN PHASE

 FREQ(CM**-1)    104.07    113.14    140.11    150.66    165.61    172.75

 AT.   1 CA X     0.0143    0.0807   -0.0038   -0.0145   -0.0357   -0.0180
            Y     0.0343   -0.0101    0.1124   -0.0340    0.0005   -0.0077
            Z    -0.0530    0.0338    0.0311    0.0860   -0.0090   -0.0013
 AT.   2 MG X     0.0030    0.0093   -0.0047   -0.0118   -0.0422    0.0032
            Y    -0.0058   -0.0336   -0.0107    0.0005   -0.0213   -0.0189
            Z     0.0098   -0.0291   -0.0092   -0.0018    0.0355    0.0071
 AT.   3 C  X     0.0014    0.0065    0.0114    0.0205   -0.0032    0.0229
            Y     0.0271    0.0482   -0.0147    0.0101    0.0308   -0.0272
            Z    -0.0448    0.0143    0.0117   -0.0358   -0.0260   -0.0319
 AT.   4 C  X    -0.0120   -0.0026   -0.0008   -0.0017   -0.0057    0.0292
            Y     0.0074   -0.0306    0.0525   -0.0012   -0.0364   -0.0225
            Z    -0.0393    0.0035    0.0010   -0.0068    0.0197    0.0173
 AT.   5 O  X     0.0187    0.0299    0.0146    0.0361   -0.0039    0.0344
            Y     0.0507    0.0790   -0.0066    0.0321    0.0271   -0.0133
            Z    -0.0674    0.0191    0.0300   -0.0343   -0.0455   -0.0250
 AT.   6 O  X     0.0033    0.0333   -0.0095   -0.0387    0.0468   -0.0293
            Y    -0.0128   -0.0237    0.0535   -0.0029    0.0033    0.0332
            Z    -0.0027   -0.0052    0.0157    0.0170    0.0897   -0.0487
 AT.   7 O  X    -0.0185   -0.0125    0.0033   -0.0018    0.0211   -0.0409
            Y     0.0063    0.0127    0.0462   -0.0328    0.0182    0.0477
            Z    -0.0505    0.0286    0.0089    0.0309    0.0115    0.0469
 AT.   8 O  X     0.0244    0.0275    0.0152    0.0175    0.0217   -0.0443
            Y     0.0395    0.0743   -0.0028    0.0078    0.0183    0.0222
            Z    -0.0551    0.0261    0.0294   -0.0094   -0.0496    0.0193
 AT.   9 O  X    -0.0165    0.0370   -0.0100   -0.0513   -0.0246    0.0282
            Y     0.0078   -0.0350    0.0523    0.0052   -0.0354   -0.0217
            Z    -0.0447   -0.0070    0.0145   -0.0045    0.0206    0.0447
 AT.  10 O  X    -0.0117   -0.0163    0.0023    0.0159   -0.0025    0.0251
            Y     0.0074    0.0064    0.0456   -0.0462   -0.0473   -0.0216
            Z    -0.0678    0.0234    0.0087    0.0099   -0.0268   -0.0036

 FREQ(CM**-1)    193.10    196.77    228.55    238.55    259.47    266.56

 AT.   1 CA X     0.0104    0.0021   -0.0308   -0.0189   -0.0300   -0.0010
            Y    -0.0140    0.0124    0.0177    0.0037    0.0249   -0.0105
            Z    -0.0153    0.0092    0.0221   -0.0151   -0.0381    0.0054
 AT.   2 MG X     0.0168    0.0049    0.0076   -0.0179   -0.0600   -0.0390
            Y     0.0288    0.0216   -0.0075    0.0130   -0.0308   -0.0709
            Z    -0.0201    0.0265   -0.0026    0.0209   -0.0482    0.0288
 AT.   3 C  X    -0.0293    0.0289   -0.0553   -0.0228   -0.0386    0.0047
            Y    -0.0343    0.0177    0.0040   -0.0067    0.0189   -0.0009
            Z    -0.0086   -0.0414   -0.0124    0.0001   -0.0194    0.0105
 AT.   4 C  X    -0.0114   -0.0219    0.0136   -0.0202    0.0222   -0.0183
            Y     0.0178    0.0373   -0.0156   -0.0055   -0.0090   -0.0016
            Z     0.0206    0.0303   -0.0082    0.0012    0.0152    0.0129
 AT.   5 O  X    -0.0209    0.0530   -0.0445   -0.0150   -0.0257    0.0139
            Y    -0.0286    0.0531    0.0216    0.0050    0.0266    0.0067
            Z     0.0399   -0.0508    0.0012   -0.0291   -0.0137    0.0484
 AT.   6 O  X     0.0159    0.0059    0.0732   -0.0264    0.0042    0.0736
            Y     0.0066   -0.0453   -0.0212   -0.0128   -0.0247   -0.0028
            Z     0.0332    0.0017    0.0599   -0.0959   -0.0428   -0.0302
 AT.   7 O  X     0.0320    0.0003    0.0269   -0.0348    0.0490   -0.0012
            Y    -0.0085   -0.0432    0.0093    0.0018   -0.0491    0.0521
            Z    -0.0081   -0.0041   -0.0068    0.0572    0.0215   -0.0587
 AT.   8 O  X     0.0365   -0.0236   -0.0426    0.0440    0.0414   -0.0134
            Y     0.0309   -0.0553    0.0330    0.0160    0.0045   -0.0486
            Z    -0.0614    0.0210    0.0333    0.0353    0.0485    0.0212
 AT.   9 O  X     0.0131    0.0024    0.0396   -0.0262    0.0299   -0.0348
            Y     0.0150    0.0347   -0.0205   -0.0055   -0.0112    0.0055
            Z    -0.0211    0.0313    0.0701    0.0585    0.0054    0.0140
 AT.  10 O  X    -0.0234   -0.0297    0.0049   -0.0114    0.0072   -0.0123
            Y     0.0459    0.0580   -0.0025   -0.0222    0.0126   -0.0022
            Z     0.0408    0.0239   -0.0306   -0.0285    0.0380    0.0657

 FREQ(CM**-1)    277.32    300.98    324.21    329.79    335.51    405.91

 AT.   1 CA X     0.0180    0.0215    0.0203   -0.0036   -0.0053   -0.0244
            Y     0.0445    0.0132    0.0043    0.0102    0.0049   -0.0042
            Z     0.0164   -0.0312   -0.0040   -0.0053    0.0147    0.0129
 AT.   2 MG X    -0.0181    0.0004   -0.0323    0.0674    0.0375    0.1345
            Y     0.0471   -0.0019    0.0388    0.1153   -0.0462   -0.0256
            Z    -0.0505   -0.0006   -0.0161    0.0640    0.1127   -0.0797
 AT.   3 C  X    -0.0240    0.0072   -0.0101   -0.0021   -0.0216   -0.0150
            Y     0.0102   -0.0128   -0.0010    0.0188    0.0118   -0.0031
            Z    -0.0184   -0.0028    0.0138   -0.0068    0.0232    0.0050
 AT.   4 C  X     0.0233   -0.0124   -0.0118   -0.0181   -0.0007   -0.0251
            Y    -0.0117   -0.0232   -0.0005   -0.0304    0.0099    0.0059
            Z     0.0084   -0.0001    0.0079    0.0046   -0.0279    0.0139
 AT.   5 O  X    -0.0288    0.0043    0.0006   -0.0116   -0.0274   -0.0155
            Y     0.0077   -0.0245    0.0100    0.0146    0.0127   -0.0004
            Z    -0.0504   -0.0163    0.0281    0.0343    0.0244   -0.0249
 AT.   6 O  X     0.0253   -0.0388   -0.0206    0.0113    0.0089    0.0417
            Y    -0.0176   -0.0059    0.0047    0.0161   -0.0201   -0.0042
            Z    -0.0536    0.0729   -0.0037   -0.0141   -0.0107   -0.0328
 AT.   7 O  X     0.0005   -0.0122    0.0297    0.0194    0.0130    0.0296
            Y     0.0072   -0.0278   -0.0283    0.0141   -0.0218    0.0099
            Z     0.0368    0.0008    0.0695   -0.0095    0.0598   -0.0044
 AT.   8 O  X    -0.0360    0.0050   -0.0418    0.0195    0.0291    0.0262
            Y    -0.0172   -0.0164   -0.0399    0.0126   -0.0108   -0.0111
            Z    -0.0805    0.0686   -0.0578    0.0315   -0.0364    0.0006
 AT.   9 O  X     0.0040   -0.0239   -0.0172   -0.0062    0.0170   -0.0255
            Y    -0.0161   -0.0243    0.0021   -0.0390    0.0105    0.0069
            Z    -0.0504    0.0196    0.0226    0.0304   -0.0542    0.0295
 AT.  10 O  X     0.0272   -0.0131   -0.0033   -0.0131   -0.0002   -0.0247
            Y    -0.0304   -0.0248   -0.0131   -0.0423    0.0290   -0.0063
            Z     0.0424    0.0692   -0.0256    0.0504   -0.0259   -0.0266

 FREQ(CM**-1)    714.88    717.40    726.15    728.30    891.55    895.30

 AT.   1 CA X    -0.0025   -0.0013   -0.0040    0.0009   -0.0006   -0.0019
            Y     0.0026    0.0007   -0.0055    0.0002   -0.0001    0.0011
            Z    -0.0018   -0.0015   -0.0017    0.0003    0.0003   -0.0018
 AT.   2 MG X    -0.0004    0.0039    0.0103   -0.0001   -0.0010   -0.0013
            Y    -0.0004    0.0068   -0.0071    0.0027    0.0001   -0.0024
            Z    -0.0002    0.0007    0.0066    0.0004    0.0015   -0.0028
 AT.   3 C  X    -0.0115    0.0243   -0.0181   -0.0139    0.0069   -0.0054
            Y     0.0130   -0.0115   -0.0467   -0.0260   -0.0015    0.0012
            Z    -0.0031    0.0014    0.0023   -0.0019    0.1796    0.1786
 AT.   4 C  X    -0.0473    0.0313    0.0187   -0.0159    0.0069    0.0054
            Y     0.0204   -0.0145    0.0500   -0.0389   -0.0016   -0.0012
            Z    -0.0011    0.0010   -0.0022   -0.0028    0.1802   -0.1780
 AT.   5 O  X    -0.0187    0.0267    0.0779    0.0376   -0.0037   -0.0022
            Y     0.0165   -0.0375    0.0653    0.0398   -0.0007   -0.0058
            Z     0.0004   -0.0033    0.0074    0.0078   -0.0470   -0.0481
 AT.   6 O  X     0.0740    0.1095   -0.0066   -0.0232   -0.0032   -0.0012
            Y     0.0010    0.0101    0.0636    0.0799    0.0018   -0.0005
            Z    -0.0062   -0.0126    0.0008    0.0022    0.0200    0.0249
 AT.   7 O  X    -0.0207   -0.0233    0.0636    0.0858    0.0017   -0.0005
            Y    -0.0621   -0.0933   -0.0422   -0.0439   -0.0023   -0.0026
            Z     0.0045    0.0066    0.0045    0.0126    0.0210    0.0229
 AT.   8 O  X     0.0203    0.0124    0.0394   -0.0746    0.0017   -0.0013
            Y    -0.0439   -0.0224    0.0348   -0.0733    0.0002   -0.0033
            Z    -0.0013   -0.0012    0.0039   -0.0141    0.0242   -0.0259
 AT.   9 O  X     0.1086   -0.0731   -0.0109    0.0172    0.0075   -0.0026
            Y     0.0093   -0.0072    0.0837   -0.0614   -0.0020    0.0003
            Z    -0.0116    0.0104    0.0022   -0.0022   -0.0469    0.0499
 AT.  10 O  X    -0.0240    0.0135    0.0846   -0.0643   -0.0043   -0.0006
            Y    -0.0938    0.0659   -0.0530    0.0353    0.0043   -0.0055
            Z     0.0088   -0.0053    0.0047   -0.0087   -0.0479    0.0485

 FREQ(CM**-1)   1112.15   1113.25   1451.50   1484.42   1501.45   1579.59

 AT.   1 CA X    -0.0001   -0.0030    0.0005    0.0027   -0.0011    0.0012
            Y    -0.0000   -0.0008   -0.0010   -0.0002    0.0037   -0.0005
            Z     0.0011    0.0012   -0.0002    0.0035    0.0012   -0.0009
 AT.   2 MG X    -0.0002   -0.0005   -0.0006    0.0041    0.0019    0.0011
            Y     0.0001    0.0001   -0.0007    0.0016    0.0067    0.0009
            Z    -0.0021    0.0002    0.0001    0.0061   -0.0026   -0.0013
 AT.   3 C  X    -0.0011    0.0014   -0.0099   -0.1739    0.0086    0.1713
            Y    -0.0010   -0.0032    0.1650    0.0053    0.1747    0.0076
            Z    -0.0002    0.0004    0.0014   -0.0042   -0.0012   -0.0046
 AT.   4 C  X    -0.0009    0.0003   -0.0121    0.1739   -0.0030    0.1712
            Y    -0.0009   -0.0000    0.1746   -0.0055   -0.1650    0.0072
            Z    -0.0002    0.0006    0.0017    0.0042    0.0007   -0.0046
 AT.   5 O  X    -0.0806    0.0397    0.0315    0.0529    0.0271   -0.0512
            Y     0.0621   -0.0302   -0.0311   -0.0311   -0.0323    0.0281
            Z     0.0002   -0.0012   -0.0004    0.0030   -0.0017    0.0033
 AT.   6 O  X     0.0056   -0.0121    0.0007   -0.0065    0.0017    0.0078
            Y     0.0415   -0.1024    0.0140   -0.0045    0.0327   -0.0003
            Z    -0.0003    0.0006   -0.0003   -0.0004    0.0005   -0.0022
 AT.   7 O  X    -0.0385    0.0934    0.0063   -0.0316    0.0093    0.0305
            Y    -0.0180    0.0399    0.0040   -0.0100    0.0116    0.0081
            Z    -0.0005    0.0005    0.0004   -0.0021   -0.0007   -0.0006
 AT.   8 O  X     0.0405    0.0799   -0.0178    0.0290    0.0178    0.0242
            Y    -0.0313   -0.0611    0.0169   -0.0178   -0.0228   -0.0117
            Z     0.0002   -0.0017   -0.0003    0.0021   -0.0012   -0.0014
 AT.   9 O  X    -0.0118   -0.0058   -0.0066   -0.0137    0.0071   -0.0181
            Y    -0.1012   -0.0417   -0.0727   -0.0051    0.0650   -0.0109
            Z     0.0011    0.0003   -0.0003   -0.0020   -0.0004    0.0052
 AT.  10 O  X     0.0933    0.0382   -0.0192   -0.0628    0.0241   -0.0666
            Y     0.0411    0.0172   -0.0178   -0.0203    0.0224   -0.0216
            Z     0.0009   -0.0002   -0.0007   -0.0023   -0.0012    0.0016

 MODES IN ANTI-PHASE

 FREQ(CM**-1)    104.07    113.14    140.11    150.66    165.61    172.75

 AT.   1 CA X     0.0049   -0.0106    0.0001   -0.0043    0.0280    0.0657
            Y     0.0118    0.0013   -0.0037   -0.0101   -0.0004    0.0282
            Z    -0.0183   -0.0044   -0.0010    0.0256    0.0071    0.0046
 AT.   2 MG X     0.0157    0.0121   -0.0075   -0.0496   -0.0169   -0.0008
            Y    -0.0298   -0.0439   -0.0172    0.0022   -0.0085    0.0050
            Z     0.0504   -0.0380   -0.0148   -0.0075    0.0143   -0.0019
 AT.   3 C  X     0.0123   -0.0028   -0.0066    0.0028   -0.0312    0.0295
            Y    -0.0037   -0.0047   -0.0533    0.0018   -0.0245   -0.0228
            Z     0.0334   -0.0192   -0.0090    0.0048   -0.0191    0.0169
 AT.   4 C  X    -0.0031   -0.0066   -0.0132   -0.0206   -0.0308    0.0232
            Y    -0.0264   -0.0375   -0.0174   -0.0102   -0.0150   -0.0274
            Z     0.0397   -0.0237   -0.0147    0.0355   -0.0256   -0.0317
 AT.   5 O  X     0.0157    0.0054   -0.0103   -0.0233   -0.0233    0.0290
            Y    -0.0007    0.0081   -0.0574   -0.0350   -0.0122   -0.0211
            Z    -0.0032   -0.0296    0.0079    0.0354    0.0399    0.0043
 AT.   6 O  X    -0.0311   -0.0188    0.0078   -0.0346    0.0368   -0.0058
            Y     0.0291    0.0471    0.0168    0.0139    0.0372   -0.0134
            Z    -0.0690    0.0075    0.0184   -0.0342    0.0008   -0.0056
 AT.   7 O  X     0.0046    0.0163    0.0153    0.0319    0.0077    0.0199
            Y     0.0039    0.0228    0.0081   -0.0342    0.0531   -0.0382
            Z    -0.0455    0.0164    0.0027   -0.0292    0.0304   -0.0722
 AT.   8 O  X    -0.0009   -0.0129    0.0094    0.0392    0.0093    0.0074
            Y     0.0318   -0.0281    0.0577    0.0468   -0.0234   -0.0114
            Z    -0.0390    0.0237   -0.0099   -0.0483    0.0347    0.0165
 AT.   9 O  X     0.0266    0.0096   -0.0072    0.0078   -0.0542    0.0100
            Y    -0.0308   -0.0395   -0.0202   -0.0132   -0.0121   -0.0285
            Z     0.0527   -0.0059   -0.0194    0.0379   -0.0873    0.0200
 AT.  10 O  X    -0.0150   -0.0125   -0.0155   -0.0277   -0.0224    0.0380
            Y     0.0008   -0.0253   -0.0111    0.0107   -0.0303   -0.0571
            Z     0.0047   -0.0232   -0.0033    0.0413   -0.0184   -0.0860

 FREQ(CM**-1)    193.10    196.77    228.55    238.55    259.47    266.56

 AT.   1 CA X    -0.0326   -0.0063   -0.0086   -0.0353    0.0290    0.0011
            Y     0.0439   -0.0377    0.0050    0.0069   -0.0241    0.0112
            Z     0.0480   -0.0280    0.0062   -0.0281    0.0368   -0.0058
 AT.   2 MG X    -0.0037   -0.0010    0.0297    0.0288   -0.0172   -0.0092
            Y    -0.0063   -0.0045   -0.0294   -0.0210   -0.0088   -0.0167
            Z     0.0044   -0.0055   -0.0101   -0.0337   -0.0138    0.0068
 AT.   3 C  X    -0.0142   -0.0188   -0.0149    0.0405   -0.0252   -0.0260
            Y     0.0147    0.0395    0.0157    0.0195    0.0164   -0.0043
            Z     0.0199    0.0258    0.0079    0.0184   -0.0041    0.0391
 AT.   4 C  X    -0.0305    0.0266    0.0556   -0.0419   -0.0404   -0.0191
            Y    -0.0327    0.0221   -0.0044   -0.0199    0.0233   -0.0041
            Z    -0.0067   -0.0382    0.0122   -0.0183   -0.0128    0.0384
 AT.   5 O  X    -0.0335   -0.0319   -0.0090    0.0429   -0.0423    0.0126
            Y    -0.0131    0.0212    0.0280    0.0225   -0.0036    0.0482
            Z     0.0499    0.0335    0.0621    0.0230   -0.0490   -0.0243
 AT.   6 O  X    -0.0449   -0.0120   -0.0441   -0.0489   -0.0298    0.0303
            Y    -0.0353    0.0030   -0.0045   -0.0151    0.0103   -0.0053
            Z    -0.0104   -0.0549    0.0365    0.0066   -0.0069   -0.0122
 AT.   7 O  X    -0.0047    0.0495   -0.0349   -0.0368   -0.0055    0.0124
            Y    -0.0672   -0.0391   -0.0201   -0.0255   -0.0143   -0.0010
            Z    -0.0590   -0.0346   -0.0476    0.0038   -0.0373   -0.0622
 AT.   8 O  X    -0.0152   -0.0572   -0.0154    0.0113    0.0271   -0.0131
            Y     0.0059   -0.0145   -0.0127    0.0166   -0.0265   -0.0037
            Z     0.0175    0.0572   -0.0524   -0.0115    0.0153   -0.0498
 AT.   9 O  X    -0.0458   -0.0131    0.0758   -0.0490   -0.0032   -0.0716
            Y    -0.0326    0.0293   -0.0072   -0.0190    0.0244    0.0025
            Z    -0.0277   -0.0452   -0.0000   -0.0763    0.0430    0.0293
 AT.  10 O  X    -0.0224    0.0396    0.0438   -0.0494   -0.0488    0.0020
            Y    -0.0498   -0.0057    0.0220   -0.0126    0.0496   -0.0520
            Z    -0.0434   -0.0253    0.0371    0.0498   -0.0202    0.0547

 FREQ(CM**-1)    277.32    300.98    324.21    329.79    335.51    405.91

 AT.   1 CA X    -0.0072    0.0113    0.0402    0.0061    0.0116    0.0421
            Y    -0.0179    0.0069    0.0085   -0.0174   -0.0107    0.0072
            Z    -0.0066   -0.0163   -0.0079    0.0090   -0.0323   -0.0223
 AT.   2 MG X    -0.0142    0.0108    0.0494    0.0005   -0.0036    0.0002
            Y     0.0370   -0.0458   -0.0594    0.0008    0.0044   -0.0000
            Z    -0.0396   -0.0151    0.0246    0.0004   -0.0108   -0.0001
 AT.   3 C  X    -0.0009    0.0171   -0.0153   -0.0224   -0.0082   -0.0378
            Y     0.0068    0.0197    0.0038   -0.0242    0.0145    0.0050
            Z     0.0333   -0.0012   -0.0528    0.0013   -0.0215    0.0190
 AT.   4 C  X     0.0058   -0.0138    0.0141   -0.0133   -0.0231   -0.0320
            Y     0.0037    0.0031   -0.0039    0.0038    0.0159   -0.0002
            Z     0.0372    0.0030    0.0540   -0.0051    0.0150    0.0138
 AT.   5 O  X     0.0220    0.0031   -0.0515   -0.0158   -0.0148   -0.0213
            Y     0.0328   -0.0030   -0.0422   -0.0225    0.0033    0.0130
            Z     0.0638    0.0947   -0.0511   -0.0552    0.0270    0.0136
 AT.   6 O  X     0.0206   -0.0022   -0.0364    0.0008   -0.0302    0.0055
            Y     0.0049   -0.0254    0.0060    0.0356    0.0035   -0.0055
            Z     0.0169   -0.0267    0.0254   -0.0270    0.0811   -0.0151
 AT.   7 O  X    -0.0388   -0.0075    0.0178    0.0042   -0.0110    0.0114
            Y     0.0515   -0.0109   -0.0371    0.0406   -0.0194    0.0016
            Z    -0.0229    0.0837    0.0194   -0.0524   -0.0176    0.0332
 AT.   8 O  X     0.0040    0.0017   -0.0300    0.0024    0.0109    0.0029
            Y    -0.0290   -0.0185   -0.0169   -0.0237   -0.0075    0.0068
            Z    -0.0113   -0.0673   -0.0077   -0.0568   -0.0007    0.0283
 AT.   9 O  X    -0.0324   -0.0307   -0.0382   -0.0095   -0.0266   -0.0334
            Y     0.0087    0.0096    0.0074    0.0033    0.0175    0.0008
            Z     0.0248    0.0751    0.0121   -0.0009    0.0613    0.0209
 AT.  10 O  X     0.0277   -0.0057    0.0345   -0.0148   -0.0170   -0.0200
            Y    -0.0421   -0.0166   -0.0448    0.0075    0.0038   -0.0078
            Z    -0.0088   -0.0470    0.0674   -0.0173   -0.0567    0.0203

 FREQ(CM**-1)    714.88    717.40    726.15    728.30    891.55    895.30

 AT.   1 CA X    -0.0012   -0.0029    0.0015   -0.0023   -0.0009    0.0010
            Y     0.0012    0.0014    0.0021   -0.0006   -0.0002   -0.0006
            Z    -0.0008   -0.0032    0.0007   -0.0007    0.0004    0.0009
 AT.   2 MG X    -0.0039   -0.0056    0.0084    0.0000    0.0020   -0.0008
            Y    -0.0039   -0.0097   -0.0058   -0.0004   -0.0002   -0.0015
            Z    -0.0023   -0.0011    0.0054   -0.0001   -0.0028   -0.0018
 AT.   3 C  X     0.0461    0.0417   -0.0048   -0.0192   -0.0004   -0.0002
            Y    -0.0170   -0.0180   -0.0181   -0.0452    0.0010   -0.0010
            Z     0.0001   -0.0022    0.0000   -0.0032   -0.0149   -0.0003
 AT.   4 C  X    -0.0047   -0.0368    0.0012   -0.0175   -0.0001    0.0002
            Y    -0.0066    0.0157   -0.0024   -0.0347   -0.0008   -0.0011
            Z     0.0029    0.0024   -0.0007   -0.0026    0.0004   -0.0147
 AT.   5 O  X     0.0425    0.0387    0.0284    0.0699    0.0002    0.0000
            Y    -0.0717   -0.0609    0.0211    0.0654   -0.0001    0.0000
            Z    -0.0020   -0.0043    0.0025    0.0124    0.0045   -0.0017
 AT.   6 O  X     0.0796   -0.0032    0.0090    0.0002    0.0069    0.0024
            Y     0.0113   -0.0009   -0.0545    0.0028   -0.0013   -0.0008
            Z    -0.0099    0.0029   -0.0024    0.0009   -0.0425   -0.0434
 AT.   7 O  X    -0.0139   -0.0021   -0.0559    0.0005   -0.0040    0.0004
            Y    -0.0704    0.0076    0.0323   -0.0038    0.0037    0.0048
            Z     0.0077   -0.0013   -0.0021   -0.0010   -0.0431   -0.0431
 AT.   8 O  X    -0.0418    0.0454   -0.0729    0.0270   -0.0032    0.0018
            Y     0.0590   -0.0680   -0.0591    0.0222   -0.0007    0.0048
            Z     0.0016   -0.0053   -0.0068    0.0040   -0.0405    0.0405
 AT.   9 O  X     0.0049    0.0817   -0.0023    0.0157    0.0001   -0.0004
            Y    -0.0066    0.0071   -0.0015   -0.0512    0.0011    0.0008
            Z     0.0017   -0.0078    0.0012   -0.0008   -0.0001    0.0041
 AT.  10 O  X    -0.0067   -0.0191   -0.0004   -0.0568   -0.0002    0.0001
            Y    -0.0017   -0.0664    0.0038    0.0264   -0.0005   -0.0006
            Z    -0.0016    0.0042   -0.0014   -0.0091    0.0005    0.0056

 FREQ(CM**-1)   1112.15   1113.25   1451.50   1484.42   1501.45   1579.59

 AT.   1 CA X    -0.0001   -0.0019    0.0006   -0.0016    0.0004    0.0022
            Y    -0.0000   -0.0005   -0.0013    0.0001   -0.0014   -0.0009
            Z     0.0016    0.0008   -0.0003   -0.0021   -0.0005   -0.0015
 AT.   2 MG X     0.0004    0.0089    0.0017    0.0023    0.0016   -0.0019
            Y    -0.0001   -0.0019    0.0019    0.0009    0.0055   -0.0016
            Z     0.0040   -0.0035   -0.0001    0.0035   -0.0021    0.0023
 AT.   3 C  X    -0.0018    0.0007    0.0085    0.0052   -0.0163   -0.0016
            Y    -0.0008   -0.0022   -0.0571   -0.0073   -0.0018   -0.0181
            Z    -0.0004   -0.0005   -0.0013    0.0003    0.0014    0.0000
 AT.   4 C  X     0.0019   -0.0015   -0.0049    0.0014   -0.0182    0.0054
            Y     0.0009    0.0039    0.0016   -0.0072   -0.0574    0.0183
            Z     0.0004   -0.0001    0.0008    0.0002    0.0017   -0.0001
 AT.   5 O  X     0.0083    0.0698   -0.0118   -0.0041    0.0038   -0.0028
            Y    -0.0065   -0.0534    0.0110    0.0033   -0.0022    0.0033
            Z     0.0003   -0.0013   -0.0004   -0.0008   -0.0001    0.0004
 AT.   6 O  X    -0.0104   -0.0010   -0.0066    0.0120   -0.0088   -0.0165
            Y    -0.0923    0.0003   -0.0714    0.0034   -0.0612   -0.0129
            Z     0.0011    0.0001   -0.0004    0.0021    0.0012    0.0047
 AT.   7 O  X     0.0850    0.0000   -0.0183    0.0543   -0.0258   -0.0594
            Y     0.0370    0.0009   -0.0174    0.0177   -0.0208   -0.0203
            Z     0.0007   -0.0004   -0.0006    0.0015    0.0010    0.0014
 AT.   8 O  X    -0.0701    0.0077    0.0285   -0.0444   -0.0208   -0.0452
            Y     0.0540   -0.0057   -0.0283    0.0257    0.0231    0.0257
            Z     0.0003   -0.0005   -0.0005   -0.0023    0.0012    0.0030
 AT.   9 O  X     0.0008   -0.0106   -0.0006   -0.0001    0.0055   -0.0019
            Y     0.0001   -0.0935   -0.0004    0.0023    0.0242   -0.0070
            Z     0.0002    0.0005   -0.0004   -0.0006   -0.0012    0.0005
 AT.  10 O  X    -0.0004    0.0852    0.0026    0.0016    0.0132   -0.0048
            Y    -0.0013    0.0360    0.0004    0.0002    0.0079   -0.0036
            Z    -0.0002    0.0007    0.0003    0.0011   -0.0003    0.0002


  DISPERSION K POINT NUMBER    10 COORD:  C(  1  0  0 )    WEIGHT:    1.

    MODES         EIGV          FREQUENCIES     IRREP
             (HARTREE**2)   (CM**-1)     (THZ)
    1-   1    0.1326E-06     79.9145    2.3958  (  1)
    2-   2    0.2861E-06    117.3919    3.5193  (  1)
    3-   3    0.3944E-06    137.8415    4.1324  (  1)
    4-   4    0.4935E-06    154.1833    4.6223  (  1)
    5-   5    0.5187E-06    158.0653    4.7387  (  1)
    6-   6    0.7383E-06    188.5872    5.6537  (  1)
    7-   7    0.8222E-06    199.0145    5.9663  (  1)
    8-   8    0.9346E-06    212.1719    6.3608  (  1)
    9-   9    0.1024E-05    222.0767    6.6577  (  1)
   10-  10    0.1140E-05    234.3728    7.0263  (  1)
   11-  11    0.1375E-05    257.3813    7.7161  (  1)
   12-  12    0.1593E-05    277.0336    8.3053  (  1)
   13-  13    0.1686E-05    284.9755    8.5434  (  1)
   14-  14    0.1749E-05    290.2148    8.7004  (  1)
   15-  15    0.2152E-05    321.9300    9.6512  (  1)
   16-  16    0.2220E-05    327.0438    9.8045  (  1)
   17-  17    0.2407E-05    340.5359   10.2090  (  1)
   18-  18    0.2947E-05    376.7805   11.2956  (  1)
   19-  19    0.1061E-04    714.7599   21.4280  (  1)
   20-  20    0.1070E-04    718.0014   21.5251  (  1)
   21-  21    0.1092E-04    725.3933   21.7467  (  1)
   22-  22    0.1106E-04    729.8012   21.8789  (  1)
   23-  23    0.1649E-04    891.3708   26.7226  (  1)
   24-  24    0.1664E-04    895.2120   26.8378  (  1)
   25-  25    0.2568E-04   1112.1039   33.3400  (  1)
   26-  26    0.2571E-04   1112.9274   33.3647  (  1)
   27-  27    0.4453E-04   1464.5612   43.9064  (  1)
   28-  28    0.4569E-04   1483.5756   44.4765  (  1)
   29-  29    0.4748E-04   1512.3115   45.3380  (  1)
   30-  30    0.5197E-04   1582.2056   47.4333  (  1)

 MODES IN PHASE

 FREQ(CM**-1)     79.91    117.39    137.84    154.18    158.07    188.59

 AT.   1 CA X    -0.0086   -0.0122    0.0421    0.0173    0.0934   -0.0033
            Y    -0.0383    0.0622   -0.0732    0.0066    0.0496   -0.0023
            Z     0.0466    0.0416    0.0259   -0.0976    0.0099   -0.0039
 AT.   2 MG X    -0.0005   -0.0014   -0.0019    0.0096   -0.0242    0.0360
            Y    -0.0163    0.0070    0.0062    0.0020    0.0098    0.0078
            Z     0.0273    0.0047   -0.0041   -0.0090   -0.0029    0.0080
 AT.   3 C  X    -0.0112   -0.0006    0.0134   -0.0162    0.0271   -0.0443
            Y    -0.0058    0.0175    0.0392   -0.0077    0.0200   -0.0211
            Z    -0.0021    0.0047   -0.0320   -0.0076    0.0313   -0.0157
 AT.   4 C  X    -0.0039   -0.0122   -0.0004    0.0189   -0.0222   -0.0229
            Y    -0.0238    0.0592   -0.0157    0.0191   -0.0226   -0.0322
            Z     0.0498    0.0321    0.0205    0.0247   -0.0209   -0.0190
 AT.   5 O  X    -0.0199    0.0124    0.0366   -0.0136    0.0435   -0.0392
            Y    -0.0168    0.0365    0.0698   -0.0087    0.0477   -0.0123
            Z     0.0371    0.0156   -0.0483   -0.0228    0.0243    0.0221
 AT.   6 O  X     0.0114   -0.0021    0.0253    0.0644    0.0198    0.0355
            Y    -0.0270    0.0384   -0.0247    0.0143   -0.0258    0.0334
            Z     0.0558    0.0208    0.0133    0.0009   -0.0037    0.0275
 AT.   7 O  X    -0.0115   -0.0159   -0.0133   -0.0035   -0.0169   -0.0153
            Y    -0.0118    0.0519    0.0043    0.0725   -0.0012    0.0684
            Z     0.0616    0.0492    0.0668    0.0428   -0.0457    0.0304
 AT.   8 O  X    -0.0217    0.0175    0.0345   -0.0079    0.0348    0.0529
            Y    -0.0204   -0.0123    0.0685   -0.0016    0.0321    0.0066
            Z     0.0419    0.0018   -0.0427   -0.0319    0.0437   -0.0245
 AT.   9 O  X     0.0111   -0.0170    0.0212    0.0681    0.0200   -0.0575
            Y    -0.0253    0.0593   -0.0175    0.0132   -0.0296   -0.0311
            Z     0.0533    0.0319    0.0071    0.0023   -0.0114   -0.0582
 AT.  10 O  X    -0.0098   -0.0095   -0.0084   -0.0077   -0.0256   -0.0104
            Y    -0.0116    0.0534    0.0053    0.0765    0.0011   -0.0603
            Z     0.0622    0.0433    0.0679    0.0461   -0.0468   -0.0150

 FREQ(CM**-1)    199.01    212.17    222.08    234.37    257.38    277.03

 AT.   1 CA X    -0.0005   -0.0509    0.0079    0.0004    0.0019   -0.0007
            Y    -0.0001    0.0758   -0.0304    0.0005    0.0451   -0.0001
            Z    -0.0003   -0.0006   -0.0018    0.0020    0.0207    0.0050
 AT.   2 MG X     0.0108   -0.0056   -0.0031    0.0122    0.0467   -0.0243
            Y    -0.0294   -0.0279   -0.0031    0.0142    0.0069    0.0194
            Z    -0.0087   -0.0095   -0.0028    0.0700    0.0144   -0.0311
 AT.   3 C  X    -0.0390    0.0250    0.0582   -0.0127   -0.0047   -0.0151
            Y     0.0097    0.0094   -0.0056    0.0078    0.0148    0.0099
            Z     0.0104   -0.0330    0.0256    0.0016   -0.0269   -0.0571
 AT.   4 C  X    -0.0296   -0.0171   -0.0279   -0.0058    0.0222   -0.0226
            Y     0.0565   -0.0316    0.0102    0.0007   -0.0189    0.0116
            Z     0.0216    0.0245   -0.0057    0.0141    0.0192   -0.0362
 AT.   5 O  X    -0.0432    0.0336    0.0396   -0.0291   -0.0110   -0.0439
            Y     0.0023    0.0260   -0.0322   -0.0204    0.0015   -0.0307
            Z     0.0440   -0.0657   -0.0153   -0.0200   -0.0408   -0.0484
 AT.   6 O  X     0.0166    0.0019   -0.0410   -0.0245   -0.0057   -0.0061
            Y    -0.0558   -0.0374    0.0161    0.0046   -0.0182   -0.0092
            Z    -0.0181    0.0510   -0.0457    0.0584   -0.0885   -0.0227
 AT.   7 O  X     0.0283   -0.0284   -0.0205    0.0272    0.0340    0.0299
            Y    -0.0646   -0.0167    0.0070   -0.0422   -0.0352   -0.0321
            Z    -0.0328    0.0161    0.0322   -0.0968    0.0420    0.0727
 AT.   8 O  X     0.0429    0.0334    0.0396    0.0275   -0.0002    0.0411
            Y    -0.0014    0.0254   -0.0316    0.0181   -0.0024    0.0337
            Z    -0.0441   -0.0662   -0.0157    0.0216   -0.0199    0.0497
 AT.   9 O  X    -0.0173    0.0017   -0.0464    0.0245   -0.0132    0.0160
            Y     0.0554   -0.0374    0.0164   -0.0041   -0.0188    0.0088
            Z     0.0177    0.0509   -0.0510   -0.0593   -0.0739    0.0102
 AT.  10 O  X    -0.0288   -0.0286   -0.0229   -0.0284    0.0313   -0.0345
            Y     0.0642   -0.0167    0.0052    0.0437   -0.0395    0.0432
            Z     0.0324    0.0161    0.0316    0.0985    0.0450   -0.0754

 FREQ(CM**-1)    284.98    290.21    321.93    327.04    340.54    376.78

 AT.   1 CA X     0.0329   -0.0046   -0.0535    0.0006    0.0012    0.0169
            Y     0.0184    0.0074    0.0033    0.0042    0.0019   -0.0013
            Z    -0.0197   -0.0433   -0.0029    0.0005   -0.0058    0.0015
 AT.   2 MG X     0.0162    0.0263    0.0204   -0.0006    0.0110    0.1608
            Y     0.0431    0.0278   -0.0385    0.1051    0.0593   -0.0212
            Z    -0.0209    0.0034   -0.0062   -0.0611    0.1424   -0.0231
 AT.   3 C  X    -0.0264    0.0297   -0.0055   -0.0015    0.0076    0.0431
            Y     0.0057    0.0201    0.0052    0.0280    0.0060   -0.0069
            Z     0.0063   -0.0036    0.0570    0.0010    0.0193   -0.0037
 AT.   4 C  X    -0.0241   -0.0262    0.0256    0.0298   -0.0002    0.0020
            Y     0.0042   -0.0174   -0.0055    0.0060    0.0164    0.0099
            Z     0.0057   -0.0018   -0.0302   -0.0157   -0.0199   -0.0054
 AT.   5 O  X    -0.0140    0.0189    0.0297   -0.0096    0.0151    0.0346
            Y     0.0281    0.0011    0.0466    0.0207    0.0158   -0.0118
            Z    -0.0287    0.1124    0.0717    0.0496    0.0315   -0.0014
 AT.   6 O  X     0.0044   -0.0107    0.0346   -0.0260    0.0119   -0.0432
            Y    -0.0145   -0.0111   -0.0083   -0.0214   -0.0302   -0.0002
            Z    -0.0257    0.0106   -0.0392    0.0616   -0.0179    0.0321
 AT.   7 O  X     0.0335   -0.0142    0.0114   -0.0227   -0.0054   -0.0325
            Y    -0.0372   -0.0065    0.0160   -0.0359   -0.0126   -0.0208
            Z     0.0279    0.0208    0.0263    0.0018    0.0697    0.0063
 AT.   8 O  X    -0.0260    0.0130    0.0369   -0.0026    0.0004   -0.0165
            Y    -0.0264   -0.0052    0.0470   -0.0203   -0.0229    0.0166
            Z     0.0389    0.0874    0.0703   -0.0472   -0.0491   -0.0121
 AT.   9 O  X    -0.0453   -0.0386    0.0424    0.0277   -0.0018    0.0040
            Y     0.0121   -0.0189   -0.0110    0.0102    0.0168    0.0088
            Z     0.0050    0.0503   -0.0449   -0.0711    0.0102   -0.0064
 AT.  10 O  X    -0.0188   -0.0270    0.0043    0.0261   -0.0057    0.0023
            Y     0.0046   -0.0246    0.0245    0.0241    0.0175    0.0149
            Z     0.0354    0.0501    0.0158    0.0183   -0.0730   -0.0220

 FREQ(CM**-1)    714.76    718.00    725.39    729.80    891.37    895.21

 AT.   1 CA X    -0.0048   -0.0002   -0.0025    0.0009   -0.0001    0.0009
            Y     0.0025    0.0009   -0.0049    0.0003    0.0000   -0.0004
            Z    -0.0030    0.0000   -0.0031    0.0005    0.0000   -0.0005
 AT.   2 MG X    -0.0001    0.0028   -0.0051    0.0134   -0.0020   -0.0019
            Y    -0.0000    0.0065    0.0003   -0.0067   -0.0009   -0.0023
            Z    -0.0000   -0.0001   -0.0020    0.0097   -0.0023    0.0011
 AT.   3 C  X     0.0275   -0.0445   -0.0196   -0.0143   -0.0020   -0.0005
            Y    -0.0052    0.0267   -0.0434   -0.0216   -0.0001    0.0029
            Z    -0.0004    0.0008   -0.0024    0.0046    0.1804   -0.0760
 AT.   4 C  X    -0.0199   -0.0446    0.0216   -0.0171   -0.0013    0.0004
            Y     0.0116    0.0265    0.0530   -0.0421    0.0037    0.0004
            Z    -0.0009    0.0008    0.0033    0.0025    0.0768    0.1787
 AT.   5 O  X     0.0218   -0.0557    0.0696    0.0323   -0.0034    0.0008
            Y    -0.0436    0.0620    0.0574    0.0450   -0.0047   -0.0003
            Z    -0.0009    0.0043    0.0078    0.0086   -0.0475    0.0227
 AT.   6 O  X     0.1094   -0.0464   -0.0050   -0.0324   -0.0009   -0.0019
            Y     0.0034   -0.0188    0.0733    0.0798   -0.0004    0.0004
            Z    -0.0110    0.0034   -0.0020    0.0069    0.0235    0.0282
 AT.   7 O  X    -0.0304   -0.0029    0.0732    0.0879   -0.0008    0.0003
            Y    -0.0906    0.0461   -0.0519   -0.0365   -0.0018   -0.0018
            Z     0.0078   -0.0021    0.0116    0.0070    0.0252    0.0300
 AT.   8 O  X     0.0410    0.0211    0.0373   -0.0603    0.0034    0.0017
            Y    -0.0776   -0.0413    0.0340   -0.0719    0.0049    0.0035
            Z    -0.0027   -0.0035    0.0034   -0.0125    0.0472    0.0221
 AT.   9 O  X     0.0476    0.1066   -0.0074    0.0243    0.0005    0.0043
            Y     0.0034    0.0199    0.0816   -0.0718    0.0005   -0.0008
            Z    -0.0063   -0.0122   -0.0020   -0.0054   -0.0199   -0.0492
 AT.  10 O  X    -0.0124   -0.0123    0.0828   -0.0770    0.0010   -0.0014
            Y    -0.0386   -0.0975   -0.0557    0.0371    0.0013    0.0044
            Z     0.0049    0.0069    0.0118   -0.0058   -0.0217   -0.0493

 FREQ(CM**-1)   1112.10   1112.93   1464.56   1483.58   1512.31   1582.21

 AT.   1 CA X    -0.0029    0.0001   -0.0002    0.0001    0.0011   -0.0008
            Y    -0.0007    0.0000    0.0024    0.0001   -0.0001    0.0002
            Z     0.0018    0.0001    0.0012    0.0001    0.0009   -0.0004
 AT.   2 MG X    -0.0003   -0.0071    0.0011    0.0009   -0.0076   -0.0047
            Y     0.0001    0.0015    0.0029    0.0066   -0.0016   -0.0020
            Z    -0.0021    0.0024   -0.0007   -0.0030   -0.0060   -0.0023
 AT.   3 C  X    -0.0020   -0.0027   -0.0308    0.0280   -0.0315    0.1692
            Y    -0.0008    0.0027    0.1719    0.1123   -0.0313    0.0071
            Z     0.0000    0.0002    0.0029   -0.0025    0.0004    0.0016
 AT.   4 C  X     0.0013   -0.0038    0.0337    0.0259    0.1708    0.0315
            Y     0.0003    0.0022   -0.1122    0.1728   -0.0031   -0.0272
            Z    -0.0005    0.0005   -0.0026   -0.0027    0.0009    0.0008
 AT.   5 O  X     0.0407   -0.0469    0.0378    0.0112    0.0005   -0.0507
            Y    -0.0312    0.0361   -0.0368   -0.0163    0.0009    0.0275
            Z    -0.0001    0.0008   -0.0002   -0.0015   -0.0017   -0.0004
 AT.   6 O  X    -0.0118    0.0120    0.0037    0.0084    0.0111    0.0069
            Y    -0.1017    0.1013    0.0366    0.0694   -0.0048   -0.0056
            Z     0.0016   -0.0002   -0.0002   -0.0021    0.0005    0.0006
 AT.   7 O  X     0.0925   -0.0936    0.0127    0.0312    0.0415    0.0262
            Y     0.0407   -0.0403    0.0109    0.0245    0.0131    0.0065
            Z     0.0006   -0.0010    0.0001   -0.0011   -0.0015   -0.0001
 AT.   8 O  X     0.0485    0.0392   -0.0080   -0.0069    0.0363    0.0501
            Y    -0.0371   -0.0302    0.0095    0.0109   -0.0218   -0.0275
            Z    -0.0002   -0.0007    0.0005    0.0012    0.0020    0.0010
 AT.   9 O  X    -0.0119   -0.0120    0.0033   -0.0091   -0.0154   -0.0019
            Y    -0.1011   -0.1020    0.0448   -0.0708   -0.0059    0.0098
            Z     0.0016    0.0001    0.0023    0.0025    0.0004   -0.0009
 AT.  10 O  X     0.0919    0.0942    0.0016   -0.0328   -0.0608   -0.0070
            Y     0.0405    0.0404    0.0083   -0.0251   -0.0201   -0.0003
            Z     0.0006    0.0010   -0.0003    0.0010    0.0006    0.0011

 MODES IN ANTI-PHASE

 FREQ(CM**-1)     79.91    117.39    137.84    154.18    158.07    188.59

 AT.   1 CA X     0.0003   -0.0051    0.0039    0.0022   -0.0192   -0.0139
            Y     0.0014    0.0258   -0.0068    0.0008   -0.0102   -0.0098
            Z    -0.0017    0.0172    0.0024   -0.0126   -0.0020   -0.0165
 AT.   2 MG X    -0.0008   -0.0104   -0.0041    0.0229   -0.0273   -0.0340
            Y    -0.0260    0.0536    0.0135    0.0048    0.0111   -0.0074
            Z     0.0436    0.0356   -0.0088   -0.0216   -0.0032   -0.0075
 AT.   3 C  X     0.0122    0.0125   -0.0043   -0.0152    0.0009    0.0259
            Y     0.0327   -0.0566    0.0028   -0.0177    0.0111   -0.0266
            Z    -0.0587   -0.0320   -0.0105   -0.0235   -0.0070   -0.0107
 AT.   4 C  X     0.0161   -0.0027   -0.0141    0.0116   -0.0155   -0.0459
            Y     0.0231   -0.0022   -0.0361    0.0028   -0.0030    0.0107
            Z    -0.0311    0.0038    0.0267    0.0011   -0.0243    0.0004
 AT.   5 O  X     0.0256    0.0123   -0.0079    0.0208    0.0130    0.0396
            Y     0.0502   -0.0539   -0.0006    0.0269    0.0297   -0.0097
            Z    -0.0687   -0.0130    0.0261   -0.0387   -0.0542   -0.0106
 AT.   6 O  X     0.0038   -0.0220   -0.0196    0.0230   -0.0046   -0.0573
            Y    -0.0234    0.0454    0.0369   -0.0026    0.0150   -0.0029
            Z     0.0324    0.0243   -0.0324    0.0059    0.0203   -0.0747
 AT.   7 O  X    -0.0241    0.0024    0.0254   -0.0172    0.0257   -0.0535
            Y    -0.0018    0.0237    0.0058    0.0252   -0.0057    0.0019
            Z    -0.0117    0.0121    0.0124    0.0184    0.0120    0.0270
 AT.   8 O  X    -0.0241    0.0000    0.0145   -0.0236   -0.0291    0.0177
            Y    -0.0488    0.0639    0.0135   -0.0282   -0.0461   -0.0141
            Z     0.0659    0.0202   -0.0346    0.0317    0.0402    0.0005
 AT.   9 O  X    -0.0047    0.0141    0.0239   -0.0059   -0.0036   -0.0352
            Y     0.0253   -0.0049   -0.0408    0.0061   -0.0036    0.0125
            Z    -0.0363   -0.0025    0.0343   -0.0055   -0.0172   -0.0543
 AT.  10 O  X     0.0249   -0.0129   -0.0274    0.0157   -0.0169   -0.0547
            Y     0.0026    0.0199   -0.0049   -0.0060    0.0057    0.0325
            Z     0.0073    0.0262    0.0001   -0.0069    0.0070    0.0378

 FREQ(CM**-1)    199.01    212.17    222.08    234.37    257.38    277.03

 AT.   1 CA X    -0.0543    0.0003   -0.0002    0.0109   -0.0003   -0.0064
            Y    -0.0138   -0.0005    0.0009    0.0149   -0.0070   -0.0010
            Z    -0.0291    0.0000    0.0001    0.0548   -0.0032    0.0469
 AT.   2 MG X    -0.0064   -0.0095   -0.0050   -0.0077    0.0581    0.0177
            Y     0.0173   -0.0476   -0.0050   -0.0089    0.0086   -0.0142
            Z     0.0051   -0.0163   -0.0046   -0.0439    0.0180    0.0227
 AT.   3 C  X    -0.0110    0.0050   -0.0051    0.0015   -0.0278   -0.0168
            Y     0.0601    0.0311   -0.0085   -0.0044    0.0119    0.0066
            Z     0.0190   -0.0089   -0.0101    0.0159    0.0010    0.0029
 AT.   4 C  X    -0.0278   -0.0189   -0.0514   -0.0113   -0.0173    0.0001
            Y    -0.0226    0.0078   -0.0001    0.0089   -0.0012    0.0029
            Z    -0.0008    0.0238   -0.0270   -0.0076    0.0189   -0.0443
 AT.   5 O  X    -0.0166    0.0161   -0.0019   -0.0214   -0.0341   -0.0088
            Y     0.0509    0.0434   -0.0088   -0.0307    0.0127    0.0173
            Z    -0.0075    0.0393    0.0078    0.0223   -0.0630    0.0113
 AT.   6 O  X    -0.0365    0.0215    0.0883    0.0011    0.0259    0.0475
            Y    -0.0216   -0.0046   -0.0054    0.0077    0.0048   -0.0012
            Z    -0.0239    0.0104    0.0890   -0.0151   -0.0350   -0.0567
 AT.   7 O  X    -0.0285    0.0171    0.0402   -0.0165    0.0040   -0.0249
            Y    -0.0246    0.0009    0.0285    0.0216    0.0199    0.0564
            Z    -0.0237   -0.0027    0.0084    0.0265   -0.0167   -0.0205
 AT.   8 O  X    -0.0173   -0.0165   -0.0005   -0.0235    0.0358   -0.0179
            Y     0.0510   -0.0437    0.0108   -0.0321   -0.0126    0.0104
            Z    -0.0067   -0.0385   -0.0068    0.0208    0.0724    0.0008
 AT.   9 O  X    -0.0362   -0.0215   -0.0856   -0.0007   -0.0230    0.0452
            Y    -0.0226    0.0051    0.0044    0.0080    0.0009   -0.0031
            Z    -0.0242   -0.0110   -0.0860   -0.0108    0.0600   -0.0602
 AT.  10 O  X    -0.0280   -0.0167   -0.0389   -0.0144   -0.0140   -0.0181
            Y    -0.0257   -0.0007   -0.0288    0.0185   -0.0084    0.0484
            Z    -0.0243    0.0025   -0.0103    0.0193    0.0033   -0.0047

 FREQ(CM**-1)    284.98    290.21    321.93    327.04    340.54    376.78

 AT.   1 CA X     0.0483    0.0017    0.0061   -0.0034   -0.0020   -0.0296
            Y     0.0271   -0.0027   -0.0004   -0.0221   -0.0031    0.0022
            Z    -0.0290    0.0156    0.0003   -0.0028    0.0094   -0.0027
 AT.   2 MG X    -0.0335    0.0222    0.0275    0.0002    0.0003   -0.0011
            Y    -0.0893    0.0235   -0.0520   -0.0366    0.0017    0.0001
            Z     0.0434    0.0029   -0.0083    0.0213    0.0041    0.0002
 AT.   3 C  X    -0.0135   -0.0046   -0.0300    0.0304    0.0048    0.0265
            Y     0.0101   -0.0040    0.0026    0.0020    0.0236    0.0075
            Z     0.0038    0.0150   -0.0120   -0.0160   -0.0111   -0.0083
 AT.   4 C  X     0.0173   -0.0146   -0.0165   -0.0060    0.0090    0.0505
            Y    -0.0109   -0.0108   -0.0020    0.0274    0.0180   -0.0024
            Z    -0.0047    0.0153   -0.0498    0.0034    0.0100   -0.0073
 AT.   5 O  X    -0.0335    0.0024   -0.0351    0.0313   -0.0081   -0.0014
            Y    -0.0173    0.0096   -0.0073    0.0029    0.0177   -0.0123
            Z     0.0305   -0.0013   -0.0022    0.0027    0.0391    0.0149
 AT.   6 O  X    -0.0470    0.0475   -0.0385   -0.0097   -0.0039    0.0211
            Y     0.0073    0.0163    0.0126    0.0265   -0.0037   -0.0101
            Z    -0.0048   -0.0661    0.0296    0.0375   -0.0024   -0.0116
 AT.   7 O  X    -0.0070    0.0252    0.0302   -0.0137    0.0091    0.0167
            Y    -0.0097    0.0306   -0.0396    0.0253   -0.0132   -0.0049
            Z     0.0491   -0.0534    0.0434   -0.0543    0.0467    0.0218
 AT.   8 O  X    -0.0253   -0.0140    0.0274    0.0327   -0.0171   -0.0304
            Y     0.0198   -0.0081   -0.0035   -0.0049   -0.0061    0.0039
            Z    -0.0155   -0.0707   -0.0141   -0.0157   -0.0106    0.0088
 AT.   9 O  X    -0.0131   -0.0298    0.0297    0.0006   -0.0124    0.0479
            Y    -0.0108   -0.0055   -0.0104    0.0325    0.0253   -0.0050
            Z    -0.0256    0.0442   -0.0200    0.0122    0.0149   -0.0336
 AT.  10 O  X     0.0286   -0.0103   -0.0320   -0.0044    0.0089    0.0365
            Y    -0.0382   -0.0194    0.0349    0.0367    0.0054    0.0154
            Z     0.0440    0.0278   -0.0483   -0.0511   -0.0413    0.0058

 FREQ(CM**-1)    714.76    718.00    725.39    729.80    891.37    895.21

 AT.   1 CA X    -0.0028   -0.0003    0.0006   -0.0037    0.0022   -0.0018
            Y     0.0015    0.0015    0.0013   -0.0011   -0.0004    0.0008
            Z    -0.0018    0.0001    0.0008   -0.0020   -0.0004    0.0009
 AT.   2 MG X     0.0043   -0.0051   -0.0052   -0.0037    0.0010    0.0001
            Y     0.0032   -0.0116    0.0003    0.0019    0.0005    0.0001
            Z     0.0014    0.0002   -0.0020   -0.0027    0.0012   -0.0000
 AT.   3 C  X     0.0403    0.0046   -0.0092   -0.0168   -0.0005    0.0002
            Y    -0.0169    0.0053   -0.0308   -0.0417    0.0041    0.0018
            Z     0.0008   -0.0001   -0.0024    0.0025    0.0004    0.1617
 AT.   4 C  X    -0.0446   -0.0033    0.0023   -0.0140   -0.0016   -0.0004
            Y     0.0133   -0.0060   -0.0039   -0.0208   -0.0018    0.0034
            Z    -0.0001    0.0000   -0.0008    0.0045    0.1633   -0.0004
 AT.   5 O  X     0.0348   -0.0061    0.0490    0.0663   -0.0010   -0.0026
            Y    -0.0647   -0.0134    0.0337    0.0673   -0.0032   -0.0041
            Z    -0.0026   -0.0016    0.0072    0.0103    0.0016   -0.0429
 AT.   6 O  X    -0.0051    0.0961    0.0063    0.0083    0.0044   -0.0040
            Y     0.0020    0.0124   -0.0362    0.0038   -0.0012    0.0007
            Z    -0.0012   -0.0120    0.0005   -0.0012   -0.0409    0.0404
 AT.   7 O  X     0.0023   -0.0155   -0.0386    0.0001   -0.0016    0.0015
            Y     0.0052   -0.0859    0.0213   -0.0108    0.0056   -0.0041
            Z     0.0013    0.0067   -0.0034   -0.0006   -0.0397    0.0392
 AT.   8 O  X     0.0027   -0.0519   -0.0765    0.0425   -0.0007   -0.0022
            Y    -0.0076    0.0481   -0.0572    0.0372   -0.0028   -0.0021
            Z     0.0005    0.0030   -0.0101    0.0049    0.0057   -0.0432
 AT.   9 O  X     0.0987    0.0049   -0.0031    0.0229    0.0045   -0.0008
            Y     0.0020   -0.0107   -0.0037   -0.0352   -0.0012    0.0001
            Z    -0.0091   -0.0028    0.0006   -0.0044   -0.0428    0.0000
 AT.  10 O  X    -0.0278   -0.0099   -0.0015   -0.0424   -0.0015    0.0006
            Y    -0.0822   -0.0003    0.0064    0.0082    0.0057   -0.0008
            Z     0.0062    0.0013   -0.0026   -0.0039   -0.0417   -0.0021

 FREQ(CM**-1)   1112.10   1112.93   1464.56   1483.58   1512.31   1582.21

 AT.   1 CA X    -0.0002    0.0016    0.0003    0.0006   -0.0027    0.0054
            Y    -0.0000    0.0004   -0.0033    0.0008    0.0003   -0.0010
            Z     0.0001    0.0013   -0.0016    0.0005   -0.0023    0.0025
 AT.   2 MG X    -0.0007    0.0047    0.0001   -0.0006    0.0011    0.0018
            Y     0.0002   -0.0010    0.0003   -0.0048    0.0002    0.0008
            Z    -0.0041   -0.0016   -0.0001    0.0022    0.0009    0.0009
 AT.   3 C  X    -0.0005   -0.0027    0.0175    0.0094    0.1680   -0.0069
            Y     0.0000    0.0007    0.0047    0.1315   -0.0105   -0.0295
            Z     0.0005    0.0004   -0.0009   -0.0014    0.0010    0.0005
 AT.   4 C  X     0.0017   -0.0006   -0.0110    0.0144    0.0076    0.1663
            Y     0.0008    0.0018    0.1304   -0.0057   -0.0329    0.0136
            Z     0.0002   -0.0000    0.0015   -0.0009    0.0007    0.0014
 AT.   5 O  X     0.0705   -0.0645   -0.0037    0.0187   -0.0537   -0.0055
            Y    -0.0541    0.0496    0.0018   -0.0231    0.0310    0.0039
            Z    -0.0006    0.0010   -0.0004   -0.0015   -0.0011   -0.0022
 AT.   6 O  X    -0.0008   -0.0003   -0.0047   -0.0044    0.0108   -0.0162
            Y    -0.0004   -0.0119   -0.0587   -0.0140    0.0138   -0.0153
            Z    -0.0004   -0.0004   -0.0023    0.0021   -0.0011    0.0009
 AT.   7 O  X     0.0003    0.0106   -0.0058   -0.0106    0.0446   -0.0622
            Y     0.0013    0.0036   -0.0122   -0.0052    0.0153   -0.0204
            Z    -0.0000    0.0001    0.0003   -0.0003    0.0007   -0.0035
 AT.   8 O  X    -0.0654   -0.0694   -0.0372    0.0207   -0.0395    0.0095
            Y     0.0502    0.0534    0.0356   -0.0261    0.0220   -0.0043
            Z     0.0006    0.0011    0.0000   -0.0018    0.0004   -0.0020
 AT.   9 O  X    -0.0006    0.0010   -0.0049   -0.0025    0.0003   -0.0175
            Y    -0.0112   -0.0002   -0.0528    0.0012    0.0134   -0.0130
            Z     0.0005   -0.0004   -0.0005    0.0015   -0.0012    0.0006
 AT.  10 O  X     0.0102   -0.0002   -0.0138   -0.0037    0.0041   -0.0672
            Y     0.0033   -0.0010   -0.0141    0.0001    0.0022   -0.0214
            Z     0.0001    0.0000   -0.0000   -0.0006    0.0015   -0.0033


  DISPERSION K POINT NUMBER    11 COORD:  C(  1  0  1 )    WEIGHT:    1.

    MODES         EIGV          FREQUENCIES     IRREP
             (HARTREE**2)   (CM**-1)     (THZ)
    1-   1    0.2249E-06    104.0739    3.1201  (  1)
    2-   2    0.2657E-06    113.1376    3.3918  (  1)
    3-   3    0.4075E-06    140.1093    4.2004  (  1)
    4-   4    0.4712E-06    150.6584    4.5166  (  1)
    5-   5    0.5694E-06    165.6054    4.9647  (  1)
    6-   6    0.6195E-06    172.7461    5.1788  (  1)
    7-   7    0.7741E-06    193.1021    5.7891  (  1)
    8-   8    0.8038E-06    196.7730    5.8991  (  1)
    9-   9    0.1084E-05    228.5496    6.8517  (  1)
   10-  10    0.1181E-05    238.5517    7.1516  (  1)
   11-  11    0.1398E-05    259.4747    7.7789  (  1)
   12-  12    0.1475E-05    266.5635    7.9914  (  1)
   13-  13    0.1597E-05    277.3219    8.3139  (  1)
   14-  14    0.1881E-05    300.9823    9.0232  (  1)
   15-  15    0.2182E-05    324.2095    9.7196  (  1)
   16-  16    0.2258E-05    329.7877    9.8868  (  1)
   17-  17    0.2337E-05    335.5102   10.0583  (  1)
   18-  18    0.3420E-05    405.9051   12.1687  (  1)
   19-  19    0.1061E-04    714.8833   21.4317  (  1)
   20-  20    0.1068E-04    717.4011   21.5071  (  1)
   21-  21    0.1095E-04    726.1496   21.7694  (  1)
   22-  22    0.1101E-04    728.3038   21.8340  (  1)
   23-  23    0.1650E-04    891.5520   26.7281  (  1)
   24-  24    0.1664E-04    895.3047   26.8406  (  1)
   25-  25    0.2568E-04   1112.1460   33.3413  (  1)
   26-  26    0.2573E-04   1113.2485   33.3744  (  1)
   27-  27    0.4374E-04   1451.4990   43.5148  (  1)
   28-  28    0.4574E-04   1484.4154   44.5017  (  1)
   29-  29    0.4680E-04   1501.4466   45.0122  (  1)
   30-  30    0.5180E-04   1579.5939   47.3550  (  1)

 MODES IN PHASE

 FREQ(CM**-1)    104.07    113.14    140.11    150.66    165.61    172.75

 AT.   1 CA X     0.0375    0.0195    0.0022   -0.0075   -0.0109   -0.0442
            Y     0.0049   -0.0463    0.0014   -0.0009    0.0195    0.0330
            Z     0.0538   -0.0209   -0.0007   -0.0176    0.0057    0.0036
 AT.   2 MG X    -0.0132   -0.0399   -0.0193   -0.0223    0.0215   -0.0145
            Y    -0.0209   -0.0405   -0.0022    0.0429   -0.0141   -0.0120
            Z    -0.0371    0.0474    0.0152    0.0073    0.0193   -0.0070
 AT.   3 C  X    -0.0007    0.0168    0.0212    0.0160   -0.0426    0.0130
            Y     0.0136    0.0047   -0.0030   -0.0108   -0.0050    0.0466
            Z     0.0374   -0.0222   -0.0147    0.0345   -0.0085   -0.0206
 AT.   4 C  X    -0.0137   -0.0449   -0.0191   -0.0189    0.0331    0.0025
            Y     0.0054   -0.0185    0.0042    0.0126   -0.0171   -0.0124
            Z     0.0092    0.0142    0.0146   -0.0360   -0.0225   -0.0317
 AT.   5 O  X     0.0002    0.0230    0.0169   -0.0109   -0.0532    0.0300
            Y     0.0145    0.0103   -0.0081   -0.0432   -0.0183    0.0695
            Z     0.0675   -0.0318   -0.0032    0.0319    0.0318   -0.0785
 AT.   6 O  X     0.0476    0.0660   -0.0547   -0.0459    0.0188    0.0069
            Y    -0.0006    0.0092   -0.0206    0.0041   -0.0164   -0.0112
            Z     0.0569    0.0073   -0.0096   -0.0383    0.0327    0.0234
 AT.   7 O  X    -0.0021    0.0194    0.0207   -0.0032   -0.0540    0.0197
            Y     0.0164   -0.0008    0.0036    0.0338    0.0189    0.0362
            Z     0.0421   -0.0016   -0.0193    0.0356    0.0141    0.0379
 AT.   8 O  X    -0.0035   -0.0217   -0.0151   -0.0016    0.0433    0.0114
            Y     0.0190    0.0110    0.0090    0.0326   -0.0010    0.0060
            Z     0.0526   -0.0003    0.0028   -0.0403   -0.0221   -0.0436
 AT.   9 O  X     0.0535    0.0337    0.0549    0.0585    0.0115    0.0009
            Y     0.0085    0.0075    0.0199   -0.0095    0.0210    0.0481
            Z     0.0675   -0.0352    0.0082    0.0473    0.0270   -0.0073
 AT.  10 O  X    -0.0090   -0.0291   -0.0188   -0.0056    0.0435    0.0067
            Y    -0.0073   -0.0549   -0.0020   -0.0176   -0.0410   -0.0172
            Z     0.0060    0.0091    0.0186   -0.0382   -0.0833   -0.0267

 FREQ(CM**-1)    193.10    196.77    228.55    238.55    259.47    266.56

 AT.   1 CA X    -0.0214    0.0377    0.0001    0.0114   -0.0091    0.0059
            Y    -0.0494    0.0141   -0.0368   -0.0330   -0.0534    0.0027
            Z     0.0472   -0.0295    0.0230   -0.0274   -0.0529    0.0033
 AT.   2 MG X     0.0263    0.0114    0.0051   -0.0001    0.0271   -0.0478
            Y    -0.0001    0.0035    0.0195   -0.0008   -0.0174   -0.0010
            Z     0.0159   -0.0143   -0.0048    0.0008   -0.0230   -0.0170
 AT.   3 C  X     0.0431   -0.0250   -0.0010    0.0374   -0.0025    0.0142
            Y    -0.0109    0.0221    0.0341   -0.0255    0.0486   -0.0188
            Z    -0.0057   -0.0453   -0.0041   -0.0184    0.0198    0.0243
 AT.   4 C  X     0.0403   -0.0231    0.0009    0.0323   -0.0023   -0.0161
            Y     0.0037    0.0241    0.0308   -0.0261    0.0502    0.0191
            Z    -0.0180   -0.0463   -0.0051   -0.0083    0.0197   -0.0404
 AT.   5 O  X     0.0530   -0.0042   -0.0128    0.0343    0.0013    0.0215
            Y     0.0035    0.0512    0.0135   -0.0365    0.0442   -0.0004
            Z    -0.0414   -0.0310   -0.0178    0.0511    0.0419    0.0796
 AT.   6 O  X     0.0004    0.0226   -0.0012   -0.0182   -0.0247    0.0494
            Y    -0.0154   -0.0426   -0.0530   -0.0001    0.0009    0.0090
            Z     0.0146    0.0489    0.0156   -0.0133    0.0263    0.0045
 AT.   7 O  X     0.0502   -0.0092   -0.0117    0.0400    0.0089    0.0226
            Y    -0.0232   -0.0207    0.0636   -0.0319    0.0335   -0.0511
            Z    -0.0287   -0.0522    0.0668   -0.0792   -0.0243    0.0225
 AT.   8 O  X     0.0601   -0.0018   -0.0098    0.0396    0.0035   -0.0439
            Y     0.0310    0.0537    0.0116   -0.0175    0.0487   -0.0222
            Z    -0.0593   -0.0320   -0.0211    0.0009    0.0408   -0.0753
 AT.   9 O  X     0.0297    0.0182   -0.0027   -0.0411   -0.0237   -0.0273
            Y    -0.0227   -0.0422   -0.0536    0.0267   -0.0037    0.0041
            Z     0.0517    0.0465    0.0202    0.0245    0.0222    0.0383
 AT.  10 O  X     0.0523   -0.0070   -0.0094    0.0362    0.0106   -0.0359
            Y    -0.0208   -0.0192    0.0594   -0.0339    0.0325    0.0710
            Z    -0.0088   -0.0532    0.0682    0.0114   -0.0276   -0.0325

 FREQ(CM**-1)    277.32    300.98    324.21    329.79    335.51    405.91

 AT.   1 CA X     0.0508   -0.0019   -0.0226    0.0055   -0.0019    0.0160
            Y     0.0071    0.0010    0.0251    0.0064   -0.0086   -0.0193
            Z    -0.0175   -0.0026   -0.0065    0.0041    0.0181    0.0131
 AT.   2 MG X     0.0157    0.0309   -0.0071    0.1326    0.0214   -0.0451
            Y     0.0194    0.0291   -0.0192   -0.0007    0.0559    0.1293
            Z     0.0249   -0.0137   -0.0065   -0.0635    0.1132   -0.0797
 AT.   3 C  X    -0.0001    0.0104   -0.0053    0.0237    0.0065   -0.0178
            Y    -0.0244    0.0120    0.0163   -0.0111    0.0261    0.0362
            Z     0.0014   -0.0026    0.0497   -0.0014    0.0037   -0.0189
 AT.   4 C  X    -0.0016   -0.0066    0.0047   -0.0355   -0.0079    0.0074
            Y    -0.0213   -0.0128   -0.0044    0.0022   -0.0026   -0.0245
            Z     0.0107    0.0028    0.0262   -0.0039   -0.0293    0.0138
 AT.   5 O  X    -0.0065    0.0001    0.0171    0.0264    0.0100   -0.0234
            Y    -0.0260   -0.0023    0.0492   -0.0076    0.0220    0.0206
            Z    -0.0433    0.0765    0.0719    0.0160    0.0614   -0.0046
 AT.   6 O  X    -0.0259   -0.0066    0.0132    0.0033    0.0022    0.0081
            Y     0.0265   -0.0025   -0.0124    0.0175   -0.0283   -0.0131
            Z     0.0750    0.0934    0.0086   -0.0271    0.0214   -0.0250
 AT.   7 O  X    -0.0093    0.0115    0.0103    0.0234    0.0116   -0.0173
            Y    -0.0194    0.0221   -0.0309    0.0004    0.0206    0.0381
            Z     0.0551   -0.0534    0.0054    0.0173   -0.0192   -0.0327
 AT.   8 O  X    -0.0002    0.0048    0.0197   -0.0430   -0.0254    0.0177
            Y    -0.0121    0.0026    0.0217   -0.0076   -0.0128   -0.0181
            Z    -0.0414   -0.0706   -0.0005   -0.0479   -0.0198   -0.0267
 AT.   9 O  X    -0.0176    0.0092    0.0623    0.0180   -0.0053   -0.0034
            Y     0.0285    0.0049   -0.0213   -0.0122    0.0291    0.0282
            Z     0.0650   -0.0890   -0.0569   -0.0241   -0.0361    0.0004
 AT.  10 O  X    -0.0062   -0.0067    0.0108   -0.0368   -0.0173    0.0067
            Y    -0.0258   -0.0254   -0.0277   -0.0128    0.0127   -0.0253
            Z     0.0562    0.0612    0.0254   -0.0301   -0.0604    0.0293

 FREQ(CM**-1)    714.88    717.40    726.15    728.30    891.55    895.30

 AT.   1 CA X    -0.0002    0.0002    0.0053    0.0012    0.0004    0.0000
            Y    -0.0007   -0.0035   -0.0006   -0.0013   -0.0004    0.0021
            Z    -0.0003   -0.0034   -0.0014   -0.0005    0.0003    0.0017
 AT.   2 MG X    -0.0041    0.0046    0.0012    0.0022   -0.0009   -0.0029
            Y     0.0011    0.0000    0.0154    0.0014    0.0021   -0.0001
            Z     0.0017   -0.0004    0.0081   -0.0004   -0.0032    0.0030
 AT.   3 C  X     0.0063    0.0039   -0.0246    0.0532   -0.0021    0.0015
            Y     0.0122   -0.0297   -0.0059    0.0044    0.0068   -0.0020
            Z     0.0031    0.0026   -0.0003   -0.0035    0.1802    0.0757
 AT.   4 C  X    -0.0032    0.0022   -0.0481   -0.0241    0.0016    0.0016
            Y    -0.0287   -0.0127   -0.0073   -0.0044   -0.0026   -0.0053
            Z    -0.0030    0.0025   -0.0023    0.0016   -0.0764    0.1786
 AT.   5 O  X    -0.0190    0.0487    0.0044    0.0057   -0.0016   -0.0021
            Y    -0.0115    0.0107    0.0460   -0.0884   -0.0059   -0.0007
            Z    -0.0038    0.0027    0.0033   -0.0120   -0.0479   -0.0192
 AT.   6 O  X    -0.0363    0.0383   -0.1007    0.0151   -0.0010   -0.0061
            Y    -0.0736    0.0765    0.0375   -0.0013    0.0014   -0.0010
            Z     0.0019   -0.0054    0.0078   -0.0026    0.0241    0.0481
 AT.   7 O  X     0.0190   -0.0346   -0.0317    0.0524   -0.0021   -0.0010
            Y    -0.0155    0.0498   -0.0215    0.0552    0.0075    0.0006
            Z     0.0046   -0.0049   -0.0001   -0.0017   -0.0469   -0.0212
 AT.   8 O  X     0.0494    0.0181    0.0021    0.0006    0.0011   -0.0051
            Y     0.0191    0.0013    0.0915    0.0446    0.0026   -0.0022
            Z     0.0063    0.0004    0.0038    0.0047    0.0208   -0.0488
 AT.   9 O  X     0.0407    0.0371   -0.0130   -0.1057    0.0025   -0.0031
            Y     0.0765    0.0725    0.0028    0.0305   -0.0028   -0.0005
            Z    -0.0021   -0.0050    0.0010    0.0146   -0.0470    0.0225
 AT.  10 O  X    -0.0384   -0.0138   -0.0611   -0.0277   -0.0000   -0.0010
            Y     0.0451    0.0206   -0.0480   -0.0276   -0.0036    0.0025
            Z    -0.0080   -0.0004    0.0025    0.0018    0.0199   -0.0500

 FREQ(CM**-1)   1112.15   1113.25   1451.50   1484.42   1501.45   1579.59

 AT.   1 CA X     0.0001    0.0022   -0.0007   -0.0011   -0.0022   -0.0002
            Y    -0.0000   -0.0022   -0.0010    0.0024   -0.0023    0.0013
            Z     0.0010    0.0012    0.0003    0.0034    0.0010   -0.0008
 AT.   2 MG X     0.0000    0.0001    0.0026   -0.0035   -0.0082    0.0027
            Y    -0.0002   -0.0004   -0.0006    0.0028   -0.0021   -0.0010
            Z    -0.0021    0.0002    0.0001    0.0063   -0.0031    0.0026
 AT.   3 C  X    -0.0021   -0.0024    0.1447   -0.0413    0.0212   -0.0917
            Y     0.0012   -0.0028    0.0979    0.0634    0.0287    0.1447
            Z     0.0004    0.0002   -0.0018    0.0016   -0.0011   -0.0046
 AT.   4 C  X     0.0013   -0.0001   -0.0193   -0.0819    0.1556    0.0323
            Y    -0.0004    0.0002   -0.0073    0.1534    0.0799   -0.0797
            Z    -0.0002    0.0006   -0.0006    0.0042    0.0012    0.0023
 AT.   5 O  X     0.0354   -0.0812   -0.0248    0.0225   -0.0041    0.0520
            Y    -0.0247    0.0609    0.0075   -0.0207   -0.0016   -0.0469
            Z    -0.0005    0.0005    0.0007   -0.0020   -0.0003    0.0016
 AT.   6 O  X    -0.0135    0.0064    0.0050    0.0005    0.0137   -0.0020
            Y    -0.1009    0.0500    0.0210    0.0611    0.0390    0.0272
            Z     0.0002   -0.0012    0.0003    0.0030   -0.0017   -0.0014
 AT.   7 O  X    -0.0393    0.0947   -0.0661    0.0067   -0.0093    0.0184
            Y    -0.0162    0.0407   -0.0306   -0.0030   -0.0068   -0.0103
            Z    -0.0003    0.0006    0.0003   -0.0003    0.0009    0.0052
 AT.   8 O  X    -0.0823   -0.0344    0.0048    0.0489   -0.0341   -0.0225
            Y     0.0602    0.0249   -0.0030   -0.0441    0.0115    0.0226
            Z     0.0009   -0.0002   -0.0004   -0.0023   -0.0012   -0.0006
 AT.   9 O  X     0.0069    0.0129   -0.0109    0.0009    0.0072    0.0013
            Y     0.0513    0.0998   -0.0416    0.0317    0.0159   -0.0584
            Z     0.0002   -0.0017    0.0005    0.0020   -0.0008    0.0033
 AT.  10 O  X     0.0935    0.0395    0.0077    0.0112   -0.0643   -0.0037
            Y     0.0404    0.0160    0.0042   -0.0093   -0.0273    0.0069
            Z     0.0011    0.0003    0.0003   -0.0020   -0.0008   -0.0023

 MODES IN ANTI-PHASE

 FREQ(CM**-1)    104.07    113.14    140.11    150.66    165.61    172.75

 AT.   1 CA X     0.0109    0.0252    0.0955   -0.0376    0.0193   -0.0396
            Y     0.0014   -0.0598    0.0595   -0.0046   -0.0344    0.0296
            Z     0.0157   -0.0270   -0.0311   -0.0880   -0.0099    0.0032
 AT.   2 MG X     0.0126    0.0054   -0.0106   -0.0075    0.0367    0.0048
            Y     0.0200    0.0055   -0.0012    0.0145   -0.0241    0.0039
            Z     0.0355   -0.0065    0.0083    0.0025    0.0330    0.0023
 AT.   3 C  X    -0.0244   -0.0421    0.0453   -0.0106   -0.0132    0.0011
            Y    -0.0111   -0.0179    0.0269    0.0067    0.0228   -0.0176
            Z    -0.0415    0.0089   -0.0012   -0.0106    0.0312   -0.0296
 AT.   4 C  X     0.0202    0.0058    0.0462   -0.0036    0.0298    0.0128
            Y     0.0167    0.0000    0.0268    0.0020    0.0160    0.0482
            Z     0.0551   -0.0193   -0.0019    0.0035    0.0232   -0.0173
 AT.   5 O  X    -0.0068   -0.0165    0.0408   -0.0304   -0.0187    0.0081
            Y     0.0127    0.0140    0.0207   -0.0188    0.0120   -0.0016
            Z    -0.0080   -0.0085   -0.0087   -0.0281    0.0069   -0.0352
 AT.   6 O  X     0.0249    0.0518    0.0046    0.0418   -0.0246    0.0001
            Y     0.0167    0.0101   -0.0148   -0.0149   -0.0147    0.0497
            Z     0.0364   -0.0345   -0.0295    0.0309   -0.0508   -0.0099
 AT.   7 O  X    -0.0133   -0.0250    0.0405   -0.0222   -0.0185    0.0045
            Y    -0.0392   -0.0570    0.0349    0.0353    0.0365   -0.0213
            Z    -0.0548    0.0090   -0.0147   -0.0138    0.0886   -0.0311
 AT.   8 O  X     0.0059    0.0182    0.0415   -0.0323    0.0362    0.0289
            Y    -0.0029    0.0135    0.0203   -0.0340    0.0219    0.0693
            Z     0.0430   -0.0329   -0.0089   -0.0137   -0.0238   -0.0742
 AT.   9 O  X     0.0047    0.0769    0.0021    0.0209   -0.0287    0.0068
            Y    -0.0144    0.0114   -0.0157   -0.0122    0.0066   -0.0166
            Z    -0.0000   -0.0015   -0.0299    0.0138   -0.0541    0.0243
 AT.  10 O  X     0.0101    0.0125    0.0414   -0.0218    0.0369    0.0191
            Y     0.0419   -0.0150    0.0350    0.0456    0.0024    0.0384
            Z     0.0688    0.0007   -0.0155    0.0010    0.0332    0.0411

 FREQ(CM**-1)    193.10    196.77    228.55    238.55    259.47    266.56

 AT.   1 CA X    -0.0079    0.0012   -0.0000   -0.0069    0.0004   -0.0128
            Y    -0.0184    0.0004    0.0014    0.0199    0.0025   -0.0058
            Z     0.0175   -0.0009   -0.0009    0.0165    0.0025   -0.0072
 AT.   2 MG X    -0.0218   -0.0184   -0.0097   -0.0045   -0.0524   -0.0680
            Y     0.0001   -0.0057   -0.0369   -0.0417    0.0337   -0.0014
            Z    -0.0131    0.0230    0.0092    0.0397    0.0445   -0.0242
 AT.   3 C  X     0.0118    0.0296   -0.0249   -0.0167   -0.0022    0.0091
            Y     0.0183    0.0327    0.0419    0.0160   -0.0193   -0.0091
            Z    -0.0209   -0.0183    0.0141   -0.0003    0.0004    0.0324
 AT.   4 C  X     0.0192   -0.0311    0.0249   -0.0253    0.0024   -0.0049
            Y    -0.0210   -0.0312   -0.0444    0.0151    0.0147    0.0085
            Z     0.0121    0.0154   -0.0138    0.0164   -0.0023    0.0023
 AT.   5 O  X     0.0305    0.0381   -0.0389   -0.0267   -0.0235    0.0393
            Y     0.0434    0.0420    0.0240    0.0006   -0.0504    0.0293
            Z    -0.0428   -0.0157    0.0447    0.0260    0.0100    0.0313
 AT.   6 O  X     0.0451   -0.0690    0.0201    0.0368   -0.0092   -0.0060
            Y    -0.0169    0.0050    0.0097   -0.0302    0.0498   -0.0130
            Z     0.0622   -0.0363   -0.0601   -0.0347    0.0436   -0.0540
 AT.   7 O  X     0.0219    0.0353   -0.0295   -0.0199   -0.0181    0.0280
            Y    -0.0049    0.0220    0.0522    0.0215    0.0096   -0.0497
            Z     0.0197   -0.0173   -0.0215   -0.0546    0.0358    0.0235
 AT.   8 O  X     0.0115   -0.0383    0.0398   -0.0179    0.0233    0.0089
            Y    -0.0306   -0.0386   -0.0249    0.0320    0.0460    0.0192
            Z     0.0054    0.0137   -0.0433   -0.0573   -0.0138   -0.0406
 AT.   9 O  X    -0.0339    0.0703   -0.0199   -0.0011    0.0115   -0.0416
            Y     0.0028   -0.0077   -0.0056    0.0141   -0.0497   -0.0153
            Z    -0.0375    0.0393    0.0587    0.0279   -0.0458   -0.0383
 AT.  10 O  X     0.0161   -0.0358    0.0303   -0.0261    0.0172    0.0008
            Y    -0.0114   -0.0232   -0.0569    0.0182   -0.0126    0.0070
            Z    -0.0337    0.0139    0.0164    0.0955   -0.0334   -0.0021

 FREQ(CM**-1)    277.32    300.98    324.21    329.79    335.51    405.91

 AT.   1 CA X    -0.0064   -0.0250    0.0209    0.0128   -0.0033    0.0272
            Y    -0.0009    0.0136   -0.0233    0.0149   -0.0145   -0.0327
            Z     0.0022   -0.0351    0.0060    0.0096    0.0306    0.0222
 AT.   2 MG X    -0.0372    0.0149   -0.0311    0.0158   -0.0002    0.0004
            Y    -0.0460    0.0140   -0.0844   -0.0001   -0.0006   -0.0011
            Z    -0.0591   -0.0066   -0.0287   -0.0076   -0.0011    0.0007
 AT.   3 C  X     0.0063    0.0246   -0.0051   -0.0265   -0.0054   -0.0014
            Y    -0.0097   -0.0064    0.0056   -0.0075    0.0114   -0.0079
            Z    -0.0381    0.0015   -0.0225   -0.0067   -0.0314    0.0053
 AT.   4 C  X    -0.0061    0.0258    0.0056   -0.0011    0.0031   -0.0162
            Y     0.0154   -0.0045   -0.0167   -0.0132    0.0284    0.0278
            Z     0.0366    0.0011   -0.0479   -0.0057   -0.0119   -0.0139
 AT.   5 O  X    -0.0251    0.0329   -0.0184   -0.0342   -0.0235    0.0072
            Y    -0.0535    0.0027   -0.0180   -0.0177   -0.0025   -0.0093
            Z    -0.0022    0.0339    0.0060   -0.0508    0.0112   -0.0331
 AT.   6 O  X    -0.0307    0.0179   -0.0615    0.0280   -0.0049    0.0006
            Y    -0.0117    0.0163    0.0204   -0.0002    0.0176    0.0250
            Z     0.0314    0.0227    0.0577   -0.0591   -0.0294   -0.0134
 AT.   7 O  X    -0.0115    0.0317   -0.0100   -0.0285   -0.0134   -0.0019
            Y     0.0284   -0.0238    0.0254   -0.0172    0.0259   -0.0078
            Z    -0.0112    0.0563   -0.0251   -0.0250   -0.0795    0.0154
 AT.   8 O  X     0.0260    0.0326   -0.0157   -0.0045   -0.0026   -0.0169
            Y     0.0582    0.0023   -0.0477   -0.0177    0.0181    0.0135
            Z     0.0128    0.0449   -0.0721   -0.0235    0.0592   -0.0201
 AT.   9 O  X     0.0362    0.0167   -0.0085    0.0217   -0.0004    0.0074
            Y     0.0048    0.0157    0.0108    0.0125   -0.0164    0.0007
            Z    -0.0489    0.0363   -0.0129   -0.0603    0.0046   -0.0283
 AT.  10 O  X     0.0134    0.0330   -0.0095   -0.0027    0.0037   -0.0160
            Y    -0.0228   -0.0203    0.0289   -0.0116    0.0306    0.0296
            Z    -0.0027    0.0478   -0.0035   -0.0047   -0.0552   -0.0211

 FREQ(CM**-1)    714.88    717.40    726.15    728.30    891.55    895.30

 AT.   1 CA X     0.0010   -0.0000    0.0049    0.0013    0.0006    0.0000
            Y     0.0037    0.0006   -0.0005   -0.0014   -0.0007    0.0013
            Z     0.0019    0.0006   -0.0013   -0.0005    0.0004    0.0011
 AT.   2 MG X    -0.0035   -0.0129   -0.0004   -0.0005    0.0000    0.0015
            Y     0.0009   -0.0000   -0.0047   -0.0003   -0.0001    0.0000
            Z     0.0015    0.0012   -0.0025    0.0001    0.0001   -0.0015
 AT.   3 C  X    -0.0078    0.0042   -0.0466   -0.0203    0.0008    0.0010
            Y     0.0497   -0.0433   -0.0069   -0.0041    0.0003   -0.0049
            Z     0.0004   -0.0004   -0.0023    0.0013   -0.0002    0.1617
 AT.   4 C  X    -0.0095   -0.0053   -0.0213    0.0516   -0.0016    0.0010
            Y     0.0424    0.0510   -0.0054    0.0041    0.0063    0.0003
            Z    -0.0007   -0.0006   -0.0002   -0.0034    0.1632    0.0003
 AT.   5 O  X    -0.0914    0.0787    0.0018    0.0010    0.0005   -0.0046
            Y    -0.0240    0.0248    0.0886    0.0383    0.0001   -0.0021
            Z    -0.0081    0.0061    0.0036    0.0038    0.0006   -0.0449
 AT.   6 O  X    -0.0193   -0.0036   -0.0061   -0.1049    0.0022   -0.0006
            Y    -0.0216   -0.0026    0.0002    0.0305   -0.0024   -0.0001
            Z     0.0008   -0.0002    0.0005    0.0145   -0.0406    0.0024
 AT.   7 O  X     0.0594   -0.0533   -0.0591   -0.0240   -0.0010   -0.0006
            Y    -0.0884    0.0748   -0.0466   -0.0236   -0.0005    0.0025
            Z     0.0108   -0.0120    0.0025    0.0017    0.0001   -0.0453
 AT.   8 O  X    -0.0792   -0.0908    0.0042    0.0057   -0.0012    0.0000
            Y    -0.0186   -0.0270    0.0399   -0.0853   -0.0053    0.0002
            Z    -0.0063   -0.0067    0.0031   -0.0117   -0.0432    0.0015
 AT.   9 O  X    -0.0055   -0.0100   -0.1000    0.0074    0.0000   -0.0053
            Y     0.0052   -0.0243    0.0374    0.0009    0.0002   -0.0008
            Z     0.0001    0.0021    0.0078   -0.0016    0.0047    0.0426
 AT.  10 O  X     0.0492    0.0620   -0.0276    0.0505   -0.0023   -0.0006
            Y    -0.0776   -0.0875   -0.0182    0.0534    0.0066   -0.0005
            Z     0.0085    0.0130   -0.0003   -0.0016   -0.0425   -0.0001

 FREQ(CM**-1)   1112.15   1113.25   1451.50   1484.42   1501.45   1579.59

 AT.   1 CA X    -0.0001   -0.0014   -0.0007   -0.0007   -0.0018   -0.0003
            Y     0.0001    0.0014   -0.0011    0.0016   -0.0019    0.0023
            Z    -0.0016   -0.0008    0.0003    0.0022    0.0008   -0.0015
 AT.   2 MG X     0.0001    0.0029   -0.0006    0.0018    0.0031    0.0000
            Y    -0.0004   -0.0087    0.0001   -0.0014    0.0008   -0.0000
            Z    -0.0040    0.0035   -0.0000   -0.0032    0.0012    0.0000
 AT.   3 C  X    -0.0004   -0.0010   -0.0116   -0.0713    0.1544   -0.0191
            Y    -0.0002   -0.0016   -0.0021    0.1397    0.0757   -0.0036
            Z    -0.0000   -0.0006   -0.0007    0.0039    0.0014   -0.0002
 AT.   4 C  X     0.0017    0.0026    0.1439   -0.0092   -0.0096   -0.0879
            Y    -0.0012    0.0032    0.0976    0.0020    0.0132    0.1209
            Z    -0.0004    0.0001   -0.0018   -0.0001   -0.0014   -0.0040
 AT.   5 O  X     0.0743    0.0003    0.0035    0.0436   -0.0340    0.0059
            Y    -0.0549    0.0009   -0.0026   -0.0391    0.0120   -0.0026
            Z    -0.0007    0.0004   -0.0003   -0.0016   -0.0012    0.0002
 AT.   6 O  X    -0.0014   -0.0113   -0.0107    0.0008    0.0046    0.0003
            Y    -0.0098   -0.0868   -0.0405    0.0079    0.0084   -0.0519
            Z    -0.0003    0.0013    0.0005    0.0009   -0.0005    0.0030
 AT.   7 O  X    -0.0849    0.0003    0.0042    0.0093   -0.0637    0.0071
            Y    -0.0370    0.0013    0.0026   -0.0089   -0.0265    0.0018
            Z    -0.0011   -0.0001    0.0003   -0.0021   -0.0010    0.0006
 AT.   8 O  X    -0.0008    0.0736   -0.0246    0.0032    0.0027    0.0472
            Y    -0.0007   -0.0556    0.0074   -0.0033   -0.0040   -0.0412
            Z     0.0002   -0.0007    0.0007   -0.0013   -0.0001    0.0014
 AT.   9 O  X     0.0116   -0.0010    0.0044    0.0001    0.0126   -0.0015
            Y     0.0874   -0.0089    0.0188    0.0528    0.0365   -0.0044
            Z    -0.0003    0.0005    0.0004    0.0024   -0.0015    0.0004
 AT.  10 O  X    -0.0001   -0.0861   -0.0658    0.0024    0.0034    0.0194
            Y    -0.0009   -0.0375   -0.0304    0.0008   -0.0014   -0.0078
            Z    -0.0002   -0.0005    0.0003    0.0005    0.0010    0.0047


  DISPERSION K POINT NUMBER    12 COORD:  C(  1  0  2 )    WEIGHT:    1.

    MODES         EIGV          FREQUENCIES     IRREP
             (HARTREE**2)   (CM**-1)     (THZ)
    1-   1    0.3080E-06    121.7983    3.6514  (  1)
    2-   2    0.4012E-06    139.0132    4.1675  (  1)
    3-   3    0.4410E-06    145.7474    4.3694  (  1)
    4-   4    0.4826E-06    152.4671    4.5708  (  1)
    5-   5    0.5446E-06    161.9583    4.8554  (  1)
    6-   6    0.6678E-06    179.3572    5.3770  (  1)
    7-   7    0.9145E-06    209.8791    6.2920  (  1)
    8-   8    0.1058E-05    225.7465    6.7677  (  1)
    9-   9    0.1064E-05    226.4042    6.7874  (  1)
   10-  10    0.1182E-05    238.6588    7.1548  (  1)
   11-  11    0.1448E-05    264.1411    7.9188  (  1)
   12-  12    0.1511E-05    269.7892    8.0881  (  1)
   13-  13    0.1808E-05    295.1464    8.8483  (  1)
   14-  14    0.1934E-05    305.2197    9.1503  (  1)
   15-  15    0.2049E-05    314.1770    9.4188  (  1)
   16-  16    0.2255E-05    329.5474    9.8796  (  1)
   17-  17    0.2336E-05    335.4770   10.0573  (  1)
   18-  18    0.2411E-05    340.7957   10.2168  (  1)
   19-  19    0.1058E-04    713.9285   21.4030  (  1)
   20-  20    0.1075E-04    719.4514   21.5686  (  1)
   21-  21    0.1075E-04    719.5892   21.5727  (  1)
   22-  22    0.1080E-04    721.4299   21.6279  (  1)
   23-  23    0.1655E-04    892.8835   26.7680  (  1)
   24-  24    0.1655E-04    892.9333   26.7695  (  1)
   25-  25    0.2567E-04   1112.0265   33.3377  (  1)
   26-  26    0.2567E-04   1112.0423   33.3382  (  1)
   27-  27    0.4545E-04   1479.6259   44.3581  (  1)
   28-  28    0.4607E-04   1489.7341   44.6611  (  1)
   29-  29    0.4845E-04   1527.6486   45.7978  (  1)
   30-  30    0.5093E-04   1566.3314   46.9574  (  1)

 MODES IN PHASE

 FREQ(CM**-1)    121.80    139.01    145.75    152.47    161.96    179.36

 AT.   1 CA X     0.0303    0.0735    0.0727    0.0052   -0.0282   -0.0376
            Y     0.0524   -0.0007   -0.0521    0.0668   -0.0275   -0.0023
            Z    -0.0264   -0.0322    0.0627    0.0500    0.0736   -0.0234
 AT.   2 MG X    -0.0170   -0.0310    0.0037   -0.0232    0.0237    0.0043
            Y     0.0129   -0.0141   -0.0458    0.0119    0.0076    0.0207
            Z    -0.0529    0.0047   -0.0175   -0.0137   -0.0039   -0.0571
 AT.   3 C  X     0.0075    0.0126    0.0036    0.0208    0.0053    0.0088
            Y     0.0170   -0.0112    0.0221   -0.0082   -0.0165    0.0113
            Z     0.0295   -0.0359    0.0283   -0.0284   -0.0008   -0.0142
 AT.   4 C  X    -0.0096   -0.0162   -0.0257    0.0100   -0.0000    0.0042
            Y    -0.0069    0.0136   -0.0093   -0.0016   -0.0313   -0.0104
            Z     0.0060    0.0352   -0.0149   -0.0380    0.0470    0.0293
 AT.   5 O  X     0.0066    0.0493    0.0051    0.0204   -0.0045    0.0043
            Y     0.0151    0.0386    0.0244   -0.0017   -0.0306   -0.0002
            Z     0.0173   -0.0455    0.0484    0.0033    0.0330   -0.0425
 AT.   6 O  X    -0.0350    0.0469    0.0556   -0.0066   -0.0355    0.0287
            Y    -0.0075   -0.0049   -0.0132   -0.0036    0.0318   -0.0055
            Z    -0.0279   -0.0073    0.0386    0.0630   -0.0348    0.0879
 AT.   7 O  X    -0.0203   -0.0227   -0.0073   -0.0298   -0.0143   -0.0257
            Y     0.0218    0.0262   -0.0457    0.0292    0.0066   -0.0196
            Z    -0.0487    0.0100   -0.0219    0.0216    0.0575   -0.0624
 AT.   8 O  X     0.0021    0.0393    0.0058    0.0265    0.0140   -0.0285
            Y     0.0106    0.0393    0.0205    0.0051    0.0227    0.0046
            Z     0.0256   -0.0306    0.0446    0.0348   -0.0329    0.0178
 AT.   9 O  X    -0.0360    0.0233    0.0517   -0.0104   -0.0224    0.0440
            Y    -0.0053   -0.0085   -0.0161    0.0087    0.0187    0.0041
            Z    -0.0326   -0.0249    0.0364    0.0189    0.0098    0.0432
 AT.  10 O  X    -0.0189   -0.0348   -0.0076    0.0020   -0.0119    0.0008
            Y     0.0160    0.0559   -0.0450    0.0157   -0.0014   -0.0095
            Z    -0.0579    0.0402   -0.0171   -0.0191    0.0394   -0.0030

 FREQ(CM**-1)    209.88    225.75    226.40    238.66    264.14    269.79

 AT.   1 CA X     0.0082   -0.0055    0.0121   -0.0009    0.0490    0.0181
            Y    -0.0009   -0.0081    0.0088    0.0011   -0.0515    0.0179
            Z    -0.0201    0.0135    0.0126    0.0014   -0.0282    0.0037
 AT.   2 MG X    -0.0059    0.0240   -0.0272    0.0007    0.0224    0.0181
            Y     0.0031   -0.0152   -0.0194   -0.0102    0.0487   -0.0063
            Z     0.0108   -0.0222    0.0119   -0.0188   -0.0116    0.0080
 AT.   3 C  X    -0.0261   -0.0107   -0.0664    0.0327    0.0037    0.0125
            Y    -0.0264    0.0460   -0.0303    0.0016    0.0168    0.0014
            Z     0.0241   -0.0075    0.0092    0.0166    0.0002   -0.0064
 AT.   4 C  X    -0.0271   -0.0187    0.0609    0.0323    0.0258   -0.0009
            Y    -0.0251    0.0767    0.0274   -0.0185   -0.0077    0.0046
            Z     0.0236    0.0151   -0.0089    0.0157   -0.0235   -0.0217
 AT.   5 O  X    -0.0411   -0.0240   -0.0601    0.0600   -0.0085    0.0010
            Y    -0.0511    0.0250   -0.0175    0.0334   -0.0019   -0.0045
            Z     0.0661   -0.0044    0.0442    0.0351    0.0605    0.0196
 AT.   6 O  X     0.0544    0.0041    0.0596    0.0172   -0.0713    0.0216
            Y    -0.0164   -0.0748    0.0255   -0.0388   -0.0081    0.0039
            Z     0.0535   -0.0115    0.0339   -0.0563    0.0435    0.0037
 AT.   7 O  X     0.0001   -0.0007    0.0012   -0.0279    0.0218    0.0384
            Y     0.0154    0.0197    0.0169    0.0454    0.0278   -0.0427
            Z     0.0359    0.0409    0.0101    0.0151   -0.0178    0.0409
 AT.   8 O  X     0.0300    0.0050   -0.0631   -0.0535   -0.0049   -0.0302
            Y    -0.0246   -0.0477   -0.0242   -0.0564   -0.0106   -0.0091
            Z    -0.0187    0.0042    0.0370   -0.0144    0.0581   -0.0565
 AT.   9 O  X    -0.0460   -0.0178   -0.0159   -0.0236   -0.0762   -0.0275
            Y     0.0478   -0.0314    0.0057    0.0441   -0.0050   -0.0035
            Z    -0.0561    0.0221    0.0086    0.0348    0.0429   -0.0034
 AT.  10 O  X    -0.0350   -0.0226    0.0535    0.0460    0.0177   -0.0124
            Y    -0.0086    0.0926    0.0407   -0.0487    0.0191    0.0169
            Z     0.0027    0.0405   -0.0045   -0.0360   -0.0019   -0.0415

 FREQ(CM**-1)    295.15    305.22    314.18    329.55    335.48    340.80

 AT.   1 CA X    -0.0166    0.0106    0.0034   -0.0209   -0.0051    0.0212
            Y     0.0126    0.0076    0.0299    0.0059    0.0144   -0.0156
            Z    -0.0171   -0.0113   -0.0149    0.0063    0.0172    0.0210
 AT.   2 MG X     0.0186    0.0174   -0.0090   -0.1018    0.1196   -0.0585
            Y    -0.0230    0.0293   -0.0009    0.0424    0.0933    0.1230
            Z    -0.0082    0.0136   -0.0385    0.1054    0.0389   -0.0888
 AT.   3 C  X    -0.0369    0.0235    0.0065    0.0013   -0.0111   -0.0135
            Y     0.0021   -0.0147    0.0437    0.0116    0.0028    0.0055
            Z    -0.0118    0.0141   -0.0125   -0.0102    0.0288    0.0031
 AT.   4 C  X     0.0164    0.0249   -0.0028    0.0041   -0.0046    0.0150
            Y    -0.0260   -0.0161   -0.0433   -0.0007    0.0101   -0.0010
            Z    -0.0232    0.0103    0.0111    0.0156   -0.0142    0.0148
 AT.   5 O  X    -0.0260    0.0338   -0.0105   -0.0102    0.0052   -0.0258
            Y     0.0157    0.0006    0.0149    0.0012    0.0183   -0.0054
            Z    -0.0384   -0.0050    0.0911    0.0206    0.0378   -0.0380
 AT.   6 O  X     0.0334    0.0278    0.0094    0.0082    0.0447    0.0147
            Y    -0.0276   -0.0014   -0.0217   -0.0336   -0.0183   -0.0100
            Z    -0.0407   -0.0314   -0.0173    0.0048   -0.0480   -0.0282
 AT.   7 O  X     0.0340   -0.0167   -0.0171    0.0156   -0.0086    0.0244
            Y    -0.0062    0.0131   -0.0354   -0.0103    0.0191   -0.0041
            Z     0.0348   -0.0456    0.0260   -0.0236   -0.0439    0.0345
 AT.   8 O  X     0.0322   -0.0175   -0.0221    0.0004    0.0057   -0.0239
            Y     0.0370   -0.0174    0.0110    0.0188    0.0177   -0.0041
            Z     0.0774    0.0135    0.0219    0.0490    0.0376   -0.0372
 AT.   9 O  X    -0.0271   -0.0140    0.0298    0.0149    0.0452    0.0141
            Y     0.0055    0.0138    0.0249   -0.0309   -0.0182   -0.0102
            Z     0.0683    0.0902   -0.0645   -0.0117   -0.0483   -0.0249
 AT.  10 O  X    -0.0042    0.0241   -0.0022    0.0112   -0.0088    0.0251
            Y     0.0101   -0.0274   -0.0517   -0.0264    0.0182   -0.0038
            Z     0.0269    0.0948    0.0777   -0.0074   -0.0446    0.0337

 FREQ(CM**-1)    713.93    719.45    719.59    721.43    892.88    892.93

 AT.   1 CA X    -0.0005   -0.0032    0.0032   -0.0002    0.0017    0.0001
            Y     0.0003    0.0001   -0.0001   -0.0025   -0.0002    0.0008
            Z     0.0018   -0.0014   -0.0045    0.0003   -0.0001    0.0005
 AT.   2 MG X     0.0020    0.0041    0.0130   -0.0011    0.0005   -0.0010
            Y    -0.0128    0.0000    0.0029    0.0002   -0.0022   -0.0002
            Z     0.0005   -0.0067    0.0050   -0.0018   -0.0001    0.0004
 AT.   3 C  X     0.0333    0.0354    0.0217   -0.0387    0.0016    0.0010
            Y     0.0074   -0.0137    0.0147    0.0161   -0.0049   -0.0040
            Z     0.0040   -0.0002   -0.0031   -0.0009   -0.1722    0.1797
 AT.   4 C  X     0.0321    0.0333   -0.0222    0.0311   -0.0009    0.0016
            Y    -0.0168   -0.0104   -0.0158    0.0283    0.0040   -0.0050
            Z     0.0032    0.0001    0.0032    0.0000    0.1797    0.1722
 AT.   5 O  X    -0.0030    0.0279   -0.0087   -0.0256    0.0013   -0.0052
            Y    -0.0663   -0.0505   -0.0438    0.0626    0.0046   -0.0031
            Z    -0.0052   -0.0009   -0.0055    0.0065    0.0462   -0.0474
 AT.   6 O  X     0.0625   -0.0229   -0.0003   -0.0577    0.0026   -0.0027
            Y     0.0356   -0.0327    0.0501    0.0459   -0.0017   -0.0002
            Z    -0.0059    0.0013   -0.0012    0.0055   -0.0361    0.0230
 AT.   7 O  X    -0.0586    0.0090   -0.0847   -0.0380    0.0007    0.0014
            Y     0.0404   -0.0982    0.0252    0.0538    0.0007   -0.0020
            Z    -0.0063    0.0113   -0.0067   -0.0079   -0.0121    0.0231
 AT.   8 O  X    -0.0696    0.0448    0.0536    0.0505    0.0007    0.0037
            Y    -0.0251    0.0047    0.0376   -0.0116    0.0004    0.0035
            Z    -0.0056    0.0026    0.0065    0.0001    0.0251    0.0341
 AT.   9 O  X     0.0509    0.0938   -0.0408    0.0853   -0.0013   -0.0019
            Y    -0.0435    0.0350    0.0751   -0.0171    0.0015   -0.0005
            Z    -0.0049   -0.0094    0.0055   -0.0101    0.0234    0.0115
 AT.  10 O  X     0.0080    0.0216   -0.0359    0.0626   -0.0023   -0.0011
            Y     0.0728    0.0492   -0.0152   -0.0122    0.0063    0.0028
            Z    -0.0055   -0.0062    0.0010    0.0060   -0.0466   -0.0468

 FREQ(CM**-1)   1112.03   1112.04   1479.63   1489.73   1527.65   1566.33

 AT.   1 CA X    -0.0013    0.0003    0.0002    0.0023    0.0001    0.0002
            Y    -0.0026   -0.0002   -0.0008   -0.0047    0.0001    0.0001
            Z     0.0001    0.0000   -0.0043    0.0017   -0.0003   -0.0000
 AT.   2 MG X    -0.0074    0.0000    0.0051   -0.0023    0.0035    0.0001
            Y     0.0002    0.0009   -0.0060    0.0033    0.0030    0.0000
            Z    -0.0001   -0.0000   -0.0026   -0.0086   -0.0001    0.0001
 AT.   3 C  X    -0.0017    0.0024    0.0971   -0.0649    0.0924    0.0482
            Y    -0.0013    0.0015   -0.1105   -0.0985   -0.0922    0.1140
            Z     0.0000    0.0000   -0.0046   -0.0010    0.0042   -0.0016
 AT.   4 C  X    -0.0010   -0.0018    0.0009    0.1414    0.0222    0.1273
            Y     0.0005    0.0001   -0.1196    0.0401    0.1235    0.0268
            Z    -0.0000    0.0000   -0.0025   -0.0007   -0.0024    0.0008
 AT.   5 O  X     0.0570    0.0406   -0.0458    0.0017   -0.0448    0.0035
            Y    -0.0416   -0.0302    0.0366    0.0093    0.0327   -0.0165
            Z    -0.0009   -0.0003    0.0033   -0.0001   -0.0025   -0.0007
 AT.   6 O  X     0.0034    0.0067   -0.0035    0.0023   -0.0044   -0.0012
            Y     0.0276    0.0514   -0.0545   -0.0136   -0.0518    0.0311
            Z    -0.0001   -0.0008   -0.0009   -0.0023    0.0008   -0.0022
 AT.   7 O  X     0.0917    0.0931    0.0300   -0.0605    0.0412    0.0534
            Y     0.0392    0.0404    0.0136   -0.0245    0.0187    0.0183
            Z     0.0009    0.0006    0.0017    0.0010   -0.0013    0.0028
 AT.   8 O  X     0.0414   -0.0565   -0.0264    0.0089    0.0315   -0.0009
            Y    -0.0299    0.0421    0.0149    0.0048   -0.0121    0.0146
            Z    -0.0005    0.0003    0.0010    0.0002    0.0012    0.0006
 AT.   9 O  X     0.0060   -0.0042    0.0017   -0.0004   -0.0049    0.0002
            Y     0.0501   -0.0291   -0.0504   -0.0214    0.0371   -0.0338
            Z    -0.0000    0.0005   -0.0022   -0.0024   -0.0012    0.0024
 AT.  10 O  X     0.0941   -0.0902    0.0142   -0.0574   -0.0240   -0.0528
            Y     0.0403   -0.0390    0.0154   -0.0222   -0.0217   -0.0175
            Z     0.0010   -0.0007    0.0023    0.0011    0.0031   -0.0029

 MODES IN ANTI-PHASE

 FREQ(CM**-1)    121.80    139.01    145.75    152.47    161.96    179.36

 AT.   1 CA X     0.0020    0.0217   -0.0059   -0.0054    0.0158   -0.0328
            Y     0.0034   -0.0002    0.0042   -0.0692    0.0154   -0.0020
            Z    -0.0017   -0.0095   -0.0051   -0.0518   -0.0412   -0.0204
 AT.   2 MG X    -0.0011   -0.0092   -0.0003    0.0241   -0.0133    0.0038
            Y     0.0008   -0.0042    0.0037   -0.0124   -0.0043    0.0180
            Z    -0.0034    0.0014    0.0014    0.0142    0.0022   -0.0497
 AT.   3 C  X    -0.0064   -0.0109   -0.0261   -0.0179   -0.0029   -0.0329
            Y     0.0044    0.0079   -0.0016    0.0120   -0.0266   -0.0000
            Z     0.0301    0.0070   -0.0052   -0.0277    0.0540   -0.0429
 AT.   4 C  X     0.0021   -0.0039   -0.0059    0.0256    0.0061   -0.0338
            Y     0.0162    0.0020    0.0201   -0.0145   -0.0018   -0.0043
            Z     0.0417   -0.0101    0.0246    0.0112   -0.0265   -0.0344
 AT.   5 O  X    -0.0337   -0.0038   -0.0045   -0.0272   -0.0192   -0.0293
            Y    -0.0340    0.0126    0.0224   -0.0050   -0.0453    0.0047
            Z     0.0651    0.0139    0.0198   -0.0349    0.0588    0.0238
 AT.   6 O  X    -0.0099   -0.0296    0.0198    0.0106    0.0045    0.0405
            Y     0.0165   -0.0081    0.0189   -0.0085   -0.0024    0.0049
            Z    -0.0375   -0.0345    0.0105   -0.0212   -0.0328    0.0315
 AT.   7 O  X     0.0096   -0.0289    0.0023   -0.0010    0.0052    0.0043
            Y    -0.0433    0.0623   -0.0011   -0.0168    0.0057   -0.0069
            Z    -0.0744    0.0584   -0.0282    0.0183   -0.0109    0.0056
 AT.   8 O  X     0.0343    0.0300    0.0036   -0.0213    0.0138    0.0083
            Y     0.0357    0.0104   -0.0261    0.0015    0.0498   -0.0009
            Z    -0.0623   -0.0364   -0.0274   -0.0045   -0.0589   -0.0453
 AT.   9 O  X     0.0053    0.0504   -0.0285    0.0070    0.0280    0.0229
            Y    -0.0173    0.0041   -0.0165    0.0033   -0.0259   -0.0061
            Z     0.0336    0.0250   -0.0166   -0.0637    0.0468    0.0828
 AT.  10 O  X    -0.0121    0.0118   -0.0011    0.0297    0.0095   -0.0261
            Y     0.0458   -0.0380    0.0085   -0.0298   -0.0086   -0.0184
            Z     0.0675   -0.0436    0.0314   -0.0209   -0.0433   -0.0626

 FREQ(CM**-1)    209.88    225.75    226.40    238.66    264.14    269.79

 AT.   1 CA X    -0.0137    0.0037    0.0057    0.0035    0.0064   -0.0576
            Y     0.0016    0.0054    0.0042   -0.0041   -0.0067   -0.0568
            Z     0.0334   -0.0091    0.0060   -0.0053   -0.0037   -0.0119
 AT.   2 MG X     0.0098   -0.0161   -0.0129   -0.0027    0.0029   -0.0576
            Y    -0.0051    0.0102   -0.0092    0.0378    0.0063    0.0202
            Z    -0.0179    0.0149    0.0056    0.0697   -0.0015   -0.0255
 AT.   3 C  X    -0.0269   -0.0154   -0.0286   -0.0079    0.0400    0.0288
            Y     0.0350    0.0613   -0.0153    0.0399    0.0059   -0.0080
            Z    -0.0125    0.0248    0.0010   -0.0025   -0.0329    0.0375
 AT.   4 C  X     0.0260    0.0009   -0.0389   -0.0094    0.0308   -0.0313
            Y    -0.0359   -0.0011   -0.0200   -0.0354    0.0161    0.0067
            Z     0.0133   -0.0210    0.0024   -0.0061   -0.0231   -0.0313
 AT.   5 O  X    -0.0120   -0.0152   -0.0323    0.0032    0.0129    0.0513
            Y     0.0551    0.0618   -0.0169    0.0548   -0.0342    0.0223
            Z    -0.0139   -0.0064    0.0116   -0.0317   -0.0012    0.0708
 AT.   6 O  X     0.0232    0.0209   -0.0692    0.0175   -0.0284    0.0172
            Y    -0.0454    0.0032   -0.0134   -0.0211    0.0113    0.0006
            Z     0.0351   -0.0286   -0.0166    0.0276    0.0036    0.0007
 AT.   7 O  X     0.0396    0.0242    0.0681   -0.0437   -0.0131   -0.0334
            Y     0.0016   -0.0920    0.0387    0.0189   -0.0304    0.0316
            Z    -0.0222   -0.0270   -0.0141    0.0457    0.0597    0.0139
 AT.   8 O  X     0.0306    0.0280   -0.0261   -0.0273   -0.0147    0.0415
            Y     0.0710   -0.0466   -0.0029    0.0306    0.0326    0.0209
            Z    -0.0649    0.0065    0.0269   -0.0450    0.0166    0.0468
 AT.   9 O  X    -0.0371   -0.0117    0.0899    0.0065    0.0092    0.0018
            Y    -0.0068    0.0679    0.0282    0.0012   -0.0130   -0.0018
            Z    -0.0307    0.0215    0.0368    0.0522    0.0076   -0.0015
 AT.  10 O  X     0.0185   -0.0086   -0.0422   -0.0238    0.0182   -0.0494
            Y    -0.0128    0.0167   -0.0114   -0.0065    0.0365    0.0503
            Z    -0.0421   -0.0276    0.0167    0.0320   -0.0623   -0.0120

 FREQ(CM**-1)    295.15    305.22    314.18    329.55    335.48    340.80

 AT.   1 CA X    -0.0287   -0.0219    0.0023   -0.0057    0.0001    0.0007
            Y     0.0217   -0.0156    0.0203    0.0016   -0.0002   -0.0005
            Z    -0.0295    0.0232   -0.0101    0.0017   -0.0003    0.0007
 AT.   2 MG X     0.0322   -0.0359   -0.0061   -0.0276   -0.0018   -0.0019
            Y    -0.0398   -0.0603   -0.0006    0.0115   -0.0014    0.0039
            Z    -0.0143   -0.0280   -0.0262    0.0286   -0.0006   -0.0028
 AT.   3 C  X     0.0024   -0.0118   -0.0253    0.0106   -0.0112    0.0091
            Y     0.0289    0.0105    0.0005    0.0189    0.0130    0.0025
            Z     0.0337    0.0256    0.0085    0.0137   -0.0007    0.0199
 AT.   4 C  X     0.0331    0.0083   -0.0260    0.0098   -0.0151   -0.0062
            Y     0.0126   -0.0083   -0.0059    0.0222    0.0086    0.0059
            Z     0.0270   -0.0274    0.0103    0.0069    0.0250    0.0136
 AT.   5 O  X     0.0222   -0.0043   -0.0197    0.0182   -0.0182    0.0293
            Y     0.0517    0.0218    0.0060    0.0353    0.0175    0.0210
            Z     0.0672   -0.0132   -0.0125    0.0618    0.0050    0.0113
 AT.   6 O  X    -0.0120   -0.0041    0.0284    0.0156   -0.0176   -0.0089
            Y    -0.0094   -0.0164    0.0354   -0.0037   -0.0037   -0.0038
            Z     0.0554   -0.0900   -0.0625   -0.0314    0.0081    0.0510
 AT.   7 O  X     0.0147   -0.0175    0.0045   -0.0045    0.0054    0.0117
            Y     0.0081    0.0246   -0.0415   -0.0345    0.0292    0.0051
            Z     0.0511   -0.0847    0.0733    0.0257    0.0230   -0.0118
 AT.   8 O  X    -0.0115   -0.0292   -0.0025   -0.0208    0.0180   -0.0309
            Y     0.0394    0.0130    0.0116   -0.0298   -0.0180   -0.0213
            Z     0.0002   -0.0042    0.0893   -0.0430   -0.0062   -0.0137
 AT.   9 O  X     0.0229   -0.0244   -0.0017   -0.0093    0.0162    0.0099
            Y    -0.0286   -0.0090   -0.0332   -0.0138    0.0043    0.0031
            Z    -0.0077   -0.0310    0.0069    0.0295   -0.0066   -0.0527
 AT.  10 O  X     0.0368    0.0023   -0.0176    0.0118   -0.0051   -0.0101
            Y    -0.0013    0.0050   -0.0176    0.0246   -0.0297   -0.0054
            Z     0.0557   -0.0166   -0.0028   -0.0341   -0.0217    0.0139

 FREQ(CM**-1)    713.93    719.45    719.59    721.43    892.88    892.93

 AT.   1 CA X     0.0004    0.0050    0.0018   -0.0004    0.0013   -0.0002
            Y    -0.0003   -0.0001   -0.0001   -0.0065   -0.0001   -0.0020
            Z    -0.0016    0.0022   -0.0025    0.0008   -0.0001   -0.0013
 AT.   2 MG X    -0.0018   -0.0063    0.0073   -0.0030    0.0004    0.0026
            Y     0.0112   -0.0001    0.0016    0.0004   -0.0017    0.0006
            Z    -0.0005    0.0104    0.0028   -0.0047   -0.0001   -0.0010
 AT.   3 C  X     0.0094   -0.0186   -0.0172   -0.0236   -0.0022   -0.0024
            Y    -0.0369    0.0312   -0.0393   -0.0323    0.0025    0.0038
            Z     0.0001    0.0025    0.0020    0.0002   -0.0515    0.0001
 AT.   4 C  X     0.0129    0.0221   -0.0165    0.0330   -0.0026    0.0020
            Y     0.0337   -0.0325   -0.0389   -0.0224    0.0038   -0.0025
            Z     0.0024   -0.0025    0.0019    0.0009   -0.0001   -0.0515
 AT.   5 O  X     0.0698   -0.0616    0.0683    0.0471    0.0004    0.0000
            Y     0.0164    0.0175    0.0712    0.0524   -0.0007   -0.0019
            Z     0.0049   -0.0025    0.0111    0.0075    0.0148    0.0006
 AT.   6 O  X    -0.0429   -0.0926   -0.0477    0.0634   -0.0019    0.0056
            Y     0.0487   -0.0237    0.0573    0.0256    0.0020    0.0009
            Z     0.0041    0.0098    0.0073   -0.0090    0.0326   -0.0410
 AT.   7 O  X    -0.0160   -0.0277    0.0100    0.0514   -0.0026    0.0001
            Y    -0.0680   -0.0099   -0.0334    0.0417    0.0063   -0.0020
            Z     0.0047    0.0017    0.0053    0.0002   -0.0450    0.0436
 AT.   8 O  X    -0.0065   -0.0507   -0.0432    0.0179    0.0012    0.0036
            Y     0.0635    0.0532   -0.0746    0.0808    0.0047    0.0007
            Z     0.0045   -0.0002   -0.0105    0.0099    0.0415    0.0330
 AT.   9 O  X    -0.0561   -0.0170    0.0248    0.0086    0.0030    0.0059
            Y    -0.0418    0.0201    0.0126    0.0498   -0.0021    0.0008
            Z     0.0053    0.0028   -0.0048   -0.0030   -0.0427   -0.0456
 AT.  10 O  X     0.0603   -0.0196   -0.0773    0.0129    0.0012   -0.0009
            Y    -0.0309    0.0856    0.0390    0.0670   -0.0008   -0.0001
            Z     0.0057   -0.0096   -0.0085   -0.0051   -0.0014    0.0158

 FREQ(CM**-1)   1112.03   1112.04   1479.63   1489.73   1527.65   1566.33

 AT.   1 CA X    -0.0002    0.0026   -0.0001   -0.0002    0.0003    0.0051
            Y    -0.0003   -0.0013    0.0004    0.0005    0.0002    0.0024
            Z     0.0000    0.0002    0.0020   -0.0002   -0.0006   -0.0001
 AT.   2 MG X    -0.0009    0.0002   -0.0023    0.0002    0.0066    0.0018
            Y     0.0000    0.0074    0.0027   -0.0003    0.0057    0.0008
            Z    -0.0000   -0.0002    0.0012    0.0008   -0.0003    0.0019
 AT.   3 C  X    -0.0029    0.0026   -0.0323    0.1273   -0.0696   -0.1182
            Y    -0.0005    0.0004   -0.0886    0.0090   -0.0925    0.0261
            Z     0.0000    0.0000   -0.0011   -0.0010    0.0006   -0.0017
 AT.   4 C  X    -0.0032   -0.0031    0.1023   -0.0206   -0.1136    0.0088
            Y    -0.0013   -0.0016   -0.0759   -0.0904    0.0424   -0.1138
            Z     0.0000   -0.0000   -0.0040   -0.0013   -0.0035    0.0022
 AT.   5 O  X    -0.0582   -0.0713   -0.0049   -0.0371    0.0077    0.0382
            Y     0.0438    0.0535    0.0122    0.0221    0.0075   -0.0273
            Z     0.0013    0.0000    0.0015   -0.0016   -0.0002   -0.0011
 AT.   6 O  X     0.0114    0.0098   -0.0053    0.0136   -0.0088   -0.0146
            Y     0.0976    0.0871    0.0194    0.0414    0.0098   -0.0411
            Z     0.0001   -0.0015    0.0021    0.0007   -0.0009    0.0026
 AT.   7 O  X     0.0209    0.0011    0.0073   -0.0096   -0.0011    0.0060
            Y     0.0095    0.0009   -0.0086   -0.0094   -0.0135    0.0113
            Z     0.0005   -0.0004   -0.0015   -0.0006    0.0029   -0.0012
 AT.   8 O  X     0.0701   -0.0595    0.0377    0.0361   -0.0328    0.0383
            Y    -0.0525    0.0448   -0.0356   -0.0234    0.0313   -0.0283
            Z    -0.0015   -0.0001   -0.0034    0.0016   -0.0022   -0.0011
 AT.   9 O  X    -0.0102    0.0111    0.0061   -0.0138   -0.0086   -0.0147
            Y    -0.0882    0.0969    0.0283   -0.0379   -0.0375   -0.0389
            Z    -0.0001   -0.0016   -0.0007   -0.0002    0.0001    0.0025
 AT.  10 O  X     0.0017    0.0233   -0.0274    0.0212    0.0335    0.0096
            Y     0.0001    0.0106   -0.0046    0.0141    0.0079    0.0125
            Z    -0.0003   -0.0002   -0.0003    0.0004    0.0006   -0.0010


  DISPERSION K POINT NUMBER    13 COORD:  C(  1  1  0 )    WEIGHT:    1.

    MODES         EIGV          FREQUENCIES     IRREP
             (HARTREE**2)   (CM**-1)     (THZ)
    1-   1    0.2249E-06    104.0739    3.1201  (  1)
    2-   2    0.2657E-06    113.1376    3.3918  (  1)
    3-   3    0.4075E-06    140.1093    4.2004  (  1)
    4-   4    0.4712E-06    150.6584    4.5166  (  1)
    5-   5    0.5694E-06    165.6054    4.9647  (  1)
    6-   6    0.6195E-06    172.7461    5.1788  (  1)
    7-   7    0.7741E-06    193.1021    5.7891  (  1)
    8-   8    0.8038E-06    196.7730    5.8991  (  1)
    9-   9    0.1084E-05    228.5496    6.8517  (  1)
   10-  10    0.1181E-05    238.5517    7.1516  (  1)
   11-  11    0.1398E-05    259.4747    7.7789  (  1)
   12-  12    0.1475E-05    266.5635    7.9914  (  1)
   13-  13    0.1597E-05    277.3219    8.3139  (  1)
   14-  14    0.1881E-05    300.9823    9.0232  (  1)
   15-  15    0.2182E-05    324.2095    9.7196  (  1)
   16-  16    0.2258E-05    329.7877    9.8868  (  1)
   17-  17    0.2337E-05    335.5102   10.0583  (  1)
   18-  18    0.3420E-05    405.9051   12.1687  (  1)
   19-  19    0.1061E-04    714.8833   21.4317  (  1)
   20-  20    0.1068E-04    717.4011   21.5071  (  1)
   21-  21    0.1095E-04    726.1496   21.7694  (  1)
   22-  22    0.1101E-04    728.3038   21.8340  (  1)
   23-  23    0.1650E-04    891.5520   26.7281  (  1)
   24-  24    0.1664E-04    895.3047   26.8406  (  1)
   25-  25    0.2568E-04   1112.1460   33.3413  (  1)
   26-  26    0.2573E-04   1113.2485   33.3744  (  1)
   27-  27    0.4374E-04   1451.4990   43.5148  (  1)
   28-  28    0.4574E-04   1484.4154   44.5017  (  1)
   29-  29    0.4680E-04   1501.4466   45.0122  (  1)
   30-  30    0.5180E-04   1579.5939   47.3550  (  1)

 MODES IN PHASE

 FREQ(CM**-1)    104.07    113.14    140.11    150.66    165.61    172.75

 AT.   1 CA X    -0.0236    0.0487    0.0993    0.0023   -0.0019    0.0033
            Y     0.0308    0.0643   -0.0530   -0.0030   -0.0032    0.0276
            Z     0.0553   -0.0335    0.0311   -0.0088    0.0009   -0.0018
 AT.   2 MG X     0.0220    0.0182   -0.0067    0.0223    0.0024    0.0114
            Y    -0.0009   -0.0047    0.0090    0.0350    0.0418   -0.0043
            Z    -0.0329    0.0157   -0.0088   -0.0062    0.0314   -0.0045
 AT.   3 C  X    -0.0089    0.0269    0.0462   -0.0015    0.0177   -0.0297
            Y    -0.0091   -0.0190   -0.0263   -0.0221   -0.0408   -0.0132
            Z     0.0325   -0.0021    0.0016   -0.0361    0.0054    0.0208
 AT.   4 C  X    -0.0210   -0.0382   -0.0167   -0.0004   -0.0151   -0.0307
            Y     0.0160    0.0294   -0.0038   -0.0010   -0.0202   -0.0046
            Z     0.0389   -0.0132    0.0120   -0.0115    0.0317   -0.0336
 AT.   5 O  X    -0.0085    0.0510    0.0508    0.0208    0.0003   -0.0292
            Y    -0.0091    0.0138   -0.0181    0.0080   -0.0654   -0.0141
            Z     0.0357    0.0073    0.0152   -0.0381    0.0500    0.0421
 AT.   6 O  X    -0.0134   -0.0127    0.0384   -0.0318    0.0381   -0.0230
            Y    -0.0084   -0.0123   -0.0255   -0.0165   -0.0429   -0.0103
            Z     0.0662   -0.0220    0.0088   -0.0387    0.0317    0.0065
 AT.   7 O  X    -0.0262   -0.0495   -0.0119   -0.0209    0.0149    0.0427
            Y     0.0427    0.0593   -0.0103    0.0527    0.0163    0.0272
            Z     0.0606   -0.0274    0.0298    0.0457    0.0083    0.0172
 AT.   8 O  X     0.0061    0.0342    0.0507   -0.0256    0.0038    0.0442
            Y    -0.0054    0.0174   -0.0179   -0.0159    0.0657    0.0073
            Z     0.0136    0.0048    0.0150    0.0368   -0.0616   -0.0477
 AT.   9 O  X    -0.0147   -0.0179    0.0383    0.0395   -0.0344    0.0664
            Y    -0.0117   -0.0030   -0.0253    0.0137    0.0430    0.0113
            Z     0.0571   -0.0295    0.0088    0.0345   -0.0301    0.0550
 AT.  10 O  X    -0.0328   -0.0536   -0.0112    0.0201   -0.0181   -0.0246
            Y     0.0431    0.0658   -0.0108   -0.0459   -0.0123   -0.0213
            Z     0.0671   -0.0173    0.0297   -0.0412    0.0017   -0.0253

 FREQ(CM**-1)    193.10    196.77    228.55    238.55    259.47    266.56

 AT.   1 CA X    -0.0557   -0.0150    0.0314    0.0193    0.0184   -0.0011
            Y    -0.0065    0.0124    0.0182    0.0222    0.0068    0.0008
            Z    -0.0491   -0.0143    0.0226   -0.0230   -0.0192    0.0007
 AT.   2 MG X     0.0050    0.0086   -0.0143    0.0092    0.0034   -0.0390
            Y    -0.0088   -0.0079   -0.0039    0.0041    0.0692    0.0644
            Z    -0.0061    0.0139   -0.0036    0.0095   -0.0495    0.0268
 AT.   3 C  X     0.0220   -0.0414   -0.0319    0.0021   -0.0299   -0.0096
            Y    -0.0364   -0.0067   -0.0234    0.0391   -0.0158   -0.0250
            Z     0.0162   -0.0369   -0.0022   -0.0180    0.0059   -0.0372
 AT.   4 C  X    -0.0247    0.0072    0.0371   -0.0047   -0.0385   -0.0048
            Y     0.0172    0.0326    0.0435   -0.0494   -0.0218   -0.0160
            Z    -0.0215    0.0455   -0.0078    0.0177    0.0113   -0.0361
 AT.   5 O  X     0.0078   -0.0224   -0.0529    0.0055   -0.0114   -0.0431
            Y    -0.0578    0.0185   -0.0484    0.0432    0.0165   -0.0636
            Z     0.0133   -0.0392    0.0633   -0.0893   -0.0417   -0.0312
 AT.   6 O  X     0.0536   -0.0685   -0.0054    0.0169   -0.0649    0.0315
            Y    -0.0396   -0.0027   -0.0238    0.0416   -0.0113   -0.0259
            Z     0.0581   -0.0282   -0.0116    0.0556    0.0039   -0.0846
 AT.   7 O  X    -0.0067    0.0385    0.0436    0.0106    0.0402    0.0211
            Y    -0.0326   -0.0367    0.0269   -0.0050    0.0242   -0.0338
            Z    -0.0462   -0.0100    0.0074   -0.0206   -0.0329    0.0229
 AT.   8 O  X     0.0058    0.0430   -0.0418    0.0104   -0.0129    0.0409
            Y    -0.0574   -0.0156   -0.0302    0.0401   -0.0224    0.0592
            Z     0.0258   -0.0119    0.0698    0.0322    0.0229    0.0292
 AT.   9 O  X     0.0364    0.0260   -0.0049   -0.0086    0.0348   -0.0252
            Y    -0.0444   -0.0253   -0.0079    0.0350   -0.0041    0.0243
            Z     0.0468   -0.0024   -0.0267   -0.0118    0.0261    0.0855
 AT.  10 O  X    -0.0119   -0.0128    0.0493   -0.0051   -0.0305   -0.0257
            Y    -0.0143    0.0744    0.0223   -0.0495   -0.0389    0.0364
            Z    -0.0229    0.0562    0.0278    0.0300    0.0505   -0.0142

 FREQ(CM**-1)    277.32    300.98    324.21    329.79    335.51    405.91

 AT.   1 CA X     0.0303    0.0003   -0.0139   -0.0118    0.0070   -0.0088
            Y    -0.0389   -0.0132   -0.0426    0.0022    0.0022   -0.0238
            Z     0.0168   -0.0163   -0.0086    0.0059    0.0151   -0.0132
 AT.   2 MG X     0.0135   -0.0451   -0.0268   -0.0660   -0.0589    0.0894
            Y    -0.0021    0.0135   -0.0046    0.1157   -0.0094    0.1036
            Z    -0.0137   -0.0151    0.0087   -0.0638    0.1128    0.0797
 AT.   3 C  X    -0.0218   -0.0169   -0.0088    0.0015   -0.0250    0.0224
            Y    -0.0138    0.0124   -0.0074    0.0219   -0.0064    0.0334
            Z     0.0056   -0.0018    0.0543   -0.0026    0.0067    0.0189
 AT.   4 C  X     0.0203   -0.0169    0.0116   -0.0014   -0.0263    0.0226
            Y     0.0159    0.0142    0.0132    0.0251   -0.0082    0.0335
            Z    -0.0208   -0.0016   -0.0479   -0.0017    0.0013    0.0190
 AT.   5 O  X    -0.0176   -0.0210    0.0272   -0.0063   -0.0220    0.0243
            Y     0.0028    0.0146    0.0318    0.0166    0.0021    0.0340
            Z    -0.0521   -0.0267    0.0172    0.0123   -0.0115    0.0326
 AT.   6 O  X    -0.0362   -0.0057   -0.0567   -0.0003   -0.0253    0.0062
            Y    -0.0081    0.0119   -0.0050    0.0222   -0.0005    0.0305
            Z     0.0429    0.0837    0.0593    0.0060    0.0600    0.0049
 AT.   7 O  X     0.0051   -0.0041   -0.0030   -0.0192    0.0246   -0.0071
            Y     0.0389   -0.0012    0.0470   -0.0011    0.0172   -0.0135
            Z    -0.0795    0.0947   -0.0214   -0.0378    0.0242    0.0251
 AT.   8 O  X    -0.0274    0.0237    0.0262    0.0311    0.0004   -0.0185
            Y    -0.0116    0.0217    0.0314   -0.0244   -0.0201   -0.0183
            Z    -0.0547    0.0751    0.0238   -0.0304   -0.0548   -0.0292
 AT.   9 O  X     0.0012   -0.0115   -0.0493    0.0309    0.0251   -0.0068
            Y    -0.0046    0.0133    0.0002   -0.0319   -0.0144   -0.0242
            Z     0.0383   -0.0470    0.0355   -0.0514   -0.0254    0.0269
 AT.  10 O  X     0.0197   -0.0168   -0.0085   -0.0026   -0.0238    0.0227
            Y     0.0237    0.0077    0.0624    0.0237   -0.0198    0.0170
            Z    -0.0549   -0.0674   -0.0429   -0.0352   -0.0364   -0.0002

 FREQ(CM**-1)    714.88    717.40    726.15    728.30    891.55    895.30

 AT.   1 CA X     0.0036    0.0011    0.0028    0.0002    0.0002    0.0019
            Y     0.0009    0.0007   -0.0062    0.0008    0.0005    0.0011
            Z    -0.0018   -0.0013    0.0018   -0.0002    0.0003   -0.0018
 AT.   2 MG X    -0.0002    0.0043    0.0112   -0.0023   -0.0013   -0.0001
            Y     0.0008   -0.0073    0.0053    0.0013   -0.0018    0.0001
            Z    -0.0003    0.0008   -0.0065   -0.0004   -0.0032   -0.0001
 AT.   3 C  X     0.0260    0.0426   -0.0275   -0.0334   -0.0048   -0.0037
            Y     0.0265    0.0311    0.0314    0.0464   -0.0052   -0.0041
            Z     0.0013    0.0011    0.0012   -0.0038    0.1802   -0.1779
 AT.   4 C  X    -0.0157   -0.0113    0.0151   -0.0311   -0.0048    0.0038
            Y    -0.0204   -0.0092   -0.0210    0.0446   -0.0052    0.0040
            Z    -0.0021   -0.0026   -0.0018   -0.0036    0.1795    0.1786
 AT.   5 O  X    -0.0377   -0.0460   -0.0592   -0.0808   -0.0055    0.0016
            Y    -0.0686   -0.0999    0.0263    0.0199   -0.0055    0.0021
            Z    -0.0067   -0.0128   -0.0009   -0.0022   -0.0469    0.0498
 AT.   6 O  X    -0.0463   -0.0694    0.0692    0.0810    0.0059   -0.0044
            Y     0.0514    0.0668    0.0345    0.0523    0.0016    0.0033
            Z     0.0049    0.0067   -0.0045   -0.0125   -0.0479    0.0485
 AT.   7 O  X     0.0191   -0.0418   -0.0175   -0.0161   -0.0007   -0.0022
            Y     0.0078   -0.0042    0.0995    0.0541   -0.0016    0.0028
            Z     0.0003   -0.0030   -0.0074   -0.0081    0.0241   -0.0261
 AT.   8 O  X    -0.0467    0.0322   -0.0779    0.0627    0.0031    0.0002
            Y    -0.0986    0.0710    0.0324   -0.0161    0.0018    0.0013
            Z    -0.0115    0.0108   -0.0022    0.0022    0.0199    0.0251
 AT.   9 O  X    -0.0691    0.0530    0.0883   -0.0636   -0.0028   -0.0020
            Y     0.0679   -0.0473    0.0468   -0.0387   -0.0003    0.0017
            Z     0.0087   -0.0055   -0.0047    0.0089    0.0208    0.0231
 AT.  10 O  X    -0.0442   -0.0209   -0.0107    0.0261    0.0012   -0.0039
            Y     0.0047    0.0008    0.0530   -0.1006    0.0035    0.0048
            Z    -0.0012   -0.0009   -0.0040    0.0141   -0.0470   -0.0481

 FREQ(CM**-1)   1112.15   1113.25   1451.50   1484.42   1501.45   1579.59

 AT.   1 CA X     0.0000   -0.0009   -0.0012   -0.0017   -0.0038    0.0013
            Y     0.0001   -0.0032    0.0001   -0.0024    0.0009    0.0011
            Z     0.0009   -0.0012   -0.0002    0.0038   -0.0012    0.0011
 AT.   2 MG X     0.0002    0.0003    0.0008   -0.0001   -0.0010    0.0005
            Y     0.0002    0.0004   -0.0025   -0.0008    0.0010   -0.0028
            Z    -0.0025    0.0002   -0.0001    0.0011    0.0005   -0.0026
 AT.   3 C  X     0.0000   -0.0035    0.1572   -0.0892    0.1416    0.0761
            Y    -0.0024    0.0006   -0.0768   -0.1461   -0.0852    0.1521
            Z     0.0004   -0.0002    0.0017    0.0041   -0.0007    0.0046
 AT.   4 C  X     0.0003    0.0037    0.1478    0.0917   -0.1470    0.0804
            Y     0.0009   -0.0007   -0.0739    0.1459    0.0947    0.1483
            Z    -0.0002    0.0002    0.0014   -0.0042    0.0012    0.0045
 AT.   5 O  X     0.0407    0.0821   -0.0597    0.0020   -0.0528    0.0012
            Y    -0.0311   -0.0614    0.0420    0.0144    0.0387   -0.0217
            Z    -0.0004   -0.0006   -0.0003   -0.0019    0.0004   -0.0052
 AT.   6 O  X     0.0047    0.0120   -0.0059    0.0137   -0.0074   -0.0143
            Y     0.0517    0.1003    0.0255    0.0639    0.0321   -0.0685
            Z    -0.0006   -0.0005   -0.0007   -0.0025    0.0012   -0.0016
 AT.   7 O  X     0.0945    0.0541    0.0235   -0.0371    0.0285    0.0145
            Y     0.0390    0.0227    0.0070   -0.0203    0.0040    0.0105
            Z     0.0002    0.0013   -0.0003    0.0025    0.0012    0.0009
 AT.   8 O  X    -0.0813    0.0408    0.0118   -0.0001   -0.0273    0.0046
            Y     0.0605   -0.0315   -0.0076    0.0098    0.0177    0.0030
            Z     0.0011   -0.0003   -0.0003   -0.0008   -0.0005    0.0014
 AT.   9 O  X    -0.0109    0.0054    0.0003    0.0091   -0.0053    0.0061
            Y    -0.1009    0.0510   -0.0074    0.0414    0.0137    0.0198
            Z     0.0009    0.0001    0.0004   -0.0023    0.0007    0.0004
 AT.  10 O  X    -0.0556    0.0932   -0.0427   -0.0535    0.0416   -0.0499
            Y    -0.0228    0.0389   -0.0117   -0.0301    0.0073   -0.0300
            Z     0.0002    0.0017   -0.0004    0.0031    0.0017   -0.0033

 MODES IN ANTI-PHASE

 FREQ(CM**-1)    104.07    113.14    140.11    150.66    165.61    172.75

 AT.   1 CA X    -0.0041   -0.0093    0.0007   -0.0231    0.0231   -0.0081
            Y     0.0054   -0.0123   -0.0004    0.0307    0.0388   -0.0682
            Z     0.0096    0.0064    0.0002    0.0893   -0.0114    0.0044
 AT.   2 MG X    -0.0263   -0.0524    0.0114    0.0160    0.0016    0.0146
            Y     0.0010    0.0136   -0.0154    0.0251    0.0290   -0.0055
            Z     0.0394   -0.0452    0.0150   -0.0045    0.0218   -0.0058
 AT.   3 C  X     0.0230    0.0276   -0.0067    0.0001   -0.0227   -0.0391
            Y    -0.0146   -0.0234    0.0191    0.0064   -0.0063   -0.0080
            Z    -0.0454    0.0239   -0.0147    0.0001    0.0318   -0.0295
 AT.   4 C  X     0.0128    0.0050   -0.0436   -0.0014    0.0245   -0.0383
            Y     0.0063   -0.0065    0.0323   -0.0230   -0.0360   -0.0148
            Z    -0.0401    0.0200   -0.0086   -0.0343   -0.0061    0.0131
 AT.   5 O  X     0.0419    0.0361   -0.0119    0.0267   -0.0247   -0.0333
            Y     0.0091   -0.0122    0.0156    0.0411   -0.0074    0.0040
            Z    -0.0591    0.0055   -0.0188    0.0028    0.0744    0.0251
 AT.   6 O  X    -0.0061    0.0164   -0.0003   -0.0427   -0.0189   -0.0717
            Y    -0.0114   -0.0228    0.0179    0.0127   -0.0046   -0.0056
            Z    -0.0154    0.0245   -0.0029    0.0176   -0.0072   -0.0858
 AT.   7 O  X    -0.0241    0.0208    0.0449    0.0019    0.0207   -0.0087
            Y     0.0085   -0.0288   -0.0374   -0.0296   -0.0230    0.0025
            Z     0.0298   -0.0221   -0.0087   -0.0184   -0.0599    0.0186
 AT.   8 O  X    -0.0423   -0.0523    0.0127    0.0221   -0.0244   -0.0036
            Y    -0.0117    0.0063   -0.0159    0.0387    0.0034    0.0127
            Z     0.0677   -0.0078    0.0190    0.0102    0.0652   -0.0112
 AT.   9 O  X     0.0012   -0.0106    0.0009   -0.0356   -0.0249   -0.0355
            Y     0.0079    0.0258   -0.0183    0.0157    0.0025    0.0032
            Z     0.0369   -0.0146    0.0030    0.0248   -0.0123   -0.0662
 AT.  10 O  X     0.0139   -0.0011   -0.0451    0.0060    0.0179   -0.0359
            Y     0.0065    0.0049    0.0373   -0.0393   -0.0253   -0.0171
            Z    -0.0076    0.0307    0.0091   -0.0270   -0.0604    0.0014

 FREQ(CM**-1)    193.10    196.77    228.55    238.55    259.47    266.56

 AT.   1 CA X     0.0125    0.0272   -0.0055   -0.0186    0.0474   -0.0125
            Y     0.0015   -0.0224   -0.0032   -0.0213    0.0175    0.0090
            Z     0.0110    0.0258   -0.0039    0.0221   -0.0493    0.0079
 AT.   2 MG X    -0.0162    0.0142    0.0391    0.0373    0.0005   -0.0182
            Y     0.0283   -0.0132    0.0107    0.0165    0.0106    0.0301
            Z     0.0197    0.0232    0.0097    0.0385   -0.0076    0.0126
 AT.   3 C  X     0.0116   -0.0138   -0.0198   -0.0061   -0.0330    0.0017
            Y     0.0224    0.0334   -0.0398   -0.0319   -0.0226    0.0000
            Z     0.0144    0.0319    0.0145    0.0038    0.0189   -0.0160
 AT.   4 C  X    -0.0029   -0.0430    0.0056   -0.0045    0.0225   -0.0085
            Y     0.0392    0.0097   -0.0152   -0.0101    0.0168   -0.0192
            Z     0.0026   -0.0177    0.0125   -0.0050   -0.0163   -0.0183
 AT.   5 O  X     0.0029   -0.0368   -0.0236   -0.0102   -0.0315   -0.0088
            Y     0.0120    0.0069   -0.0456   -0.0385   -0.0151   -0.0201
            Z    -0.0322    0.0385   -0.0303   -0.0358   -0.0116   -0.0091
 AT.   6 O  X     0.0282    0.0123   -0.0006    0.0093   -0.0193    0.0339
            Y     0.0201    0.0315   -0.0429   -0.0334   -0.0183   -0.0075
            Z     0.0133    0.0204    0.0467    0.0140    0.0429    0.0125
 AT.   7 O  X     0.0138   -0.0090   -0.0245    0.0055   -0.0014   -0.0285
            Y    -0.0354   -0.0648    0.0090    0.0493   -0.0312    0.0179
            Z    -0.0441   -0.0601   -0.0617   -0.0309    0.0388    0.0491
 AT.   8 O  X    -0.0060   -0.0006    0.0401   -0.0051   -0.0309   -0.0161
            Y     0.0138   -0.0120    0.0593   -0.0416    0.0000   -0.0307
            Z     0.0234    0.0537    0.0071    0.0906   -0.0368   -0.0144
 AT.   9 O  X    -0.0484    0.0646    0.0024   -0.0173   -0.0581    0.0388
            Y    -0.0012    0.0190    0.0484   -0.0402   -0.0211   -0.0118
            Z    -0.0368    0.0347   -0.0400   -0.0561    0.0342   -0.0022
 AT.  10 O  X    -0.0096   -0.0374    0.0083   -0.0109    0.0262   -0.0245
            Y     0.0460   -0.0033   -0.0176    0.0030   -0.0066    0.0119
            Z     0.0597   -0.0234    0.0555    0.0218    0.0064    0.0523

 FREQ(CM**-1)    277.32    300.98    324.21    329.79    335.51    405.91

 AT.   1 CA X    -0.0097    0.0006    0.0032   -0.0174    0.0150   -0.0147
            Y     0.0124   -0.0253    0.0098    0.0033    0.0046   -0.0398
            Z    -0.0054   -0.0312    0.0020    0.0087    0.0322   -0.0221
 AT.   2 MG X    -0.0619   -0.0019    0.0869    0.0048   -0.0051   -0.0014
            Y     0.0098    0.0006    0.0150   -0.0084   -0.0008   -0.0016
            Z     0.0627   -0.0006   -0.0281    0.0046    0.0097   -0.0012
 AT.   3 C  X    -0.0013   -0.0000   -0.0078    0.0199   -0.0096   -0.0078
            Y    -0.0079    0.0213   -0.0126   -0.0238   -0.0111   -0.0030
            Z     0.0377    0.0024    0.0053   -0.0064   -0.0309   -0.0055
 AT.   4 C  X     0.0079   -0.0014   -0.0015   -0.0199    0.0052    0.0071
            Y    -0.0015   -0.0202   -0.0063    0.0204    0.0098    0.0019
            Z     0.0319   -0.0026   -0.0262    0.0067    0.0316    0.0049
 AT.   5 O  X     0.0225    0.0143   -0.0039    0.0310   -0.0179   -0.0079
            Y     0.0240    0.0366   -0.0063   -0.0196   -0.0245   -0.0025
            Z     0.0211    0.0729   -0.0191   -0.0279   -0.0810   -0.0156
 AT.   6 O  X    -0.0531   -0.0180   -0.0041    0.0331    0.0115   -0.0045
            Y    -0.0035    0.0244   -0.0109   -0.0255   -0.0192   -0.0111
            Z    -0.0057    0.0009    0.0411   -0.0529    0.0170    0.0331
 AT.   7 O  X    -0.0269   -0.0234    0.0134   -0.0104   -0.0105    0.0220
            Y     0.0139    0.0086   -0.0462    0.0251   -0.0114    0.0121
            Z    -0.0171   -0.0161    0.0543   -0.0529   -0.0272    0.0132
 AT.   8 O  X    -0.0081   -0.0091   -0.0083    0.0056   -0.0284    0.0177
            Y    -0.0212    0.0328   -0.0081    0.0082   -0.0141    0.0288
            Z     0.0130    0.0197    0.0097    0.0011   -0.0607    0.0213
 AT.   9 O  X     0.0643   -0.0150    0.0283    0.0119   -0.0120    0.0033
            Y     0.0076    0.0237    0.0120    0.0112   -0.0127    0.0216
            Z    -0.0202    0.0692   -0.0628   -0.0139    0.0570    0.0200
 AT.  10 O  X     0.0189   -0.0167   -0.0108   -0.0216    0.0122    0.0042
            Y    -0.0338    0.0039    0.0212    0.0082    0.0059   -0.0062
            Z     0.0599    0.0686   -0.0396   -0.0547    0.0011    0.0283

 FREQ(CM**-1)    714.88    717.40    726.15    728.30    891.55    895.30

 AT.   1 CA X    -0.0014   -0.0027    0.0010    0.0007    0.0003   -0.0010
            Y    -0.0004   -0.0018   -0.0023    0.0023    0.0009   -0.0006
            Z     0.0007    0.0032    0.0006   -0.0007    0.0004    0.0009
 AT.   2 MG X     0.0015    0.0054   -0.0094   -0.0004    0.0001    0.0017
            Y    -0.0053   -0.0093   -0.0045    0.0002    0.0001   -0.0028
            Z     0.0023    0.0010    0.0055   -0.0001    0.0001    0.0033
 AT.   3 C  X    -0.0323   -0.0015   -0.0201    0.0007   -0.0007   -0.0011
            Y    -0.0173   -0.0021    0.0267    0.0029    0.0005    0.0003
            Z     0.0028   -0.0024    0.0020   -0.0001   -0.0003   -0.0153
 AT.   4 C  X    -0.0384    0.0411    0.0305   -0.0122    0.0011   -0.0007
            Y    -0.0241    0.0298   -0.0354    0.0133   -0.0001    0.0007
            Z     0.0023    0.0005   -0.0015   -0.0012   -0.0155    0.0003
 AT.   5 O  X     0.0280    0.0018   -0.0507    0.0009    0.0009    0.0009
            Y     0.0709    0.0024    0.0190   -0.0013   -0.0006   -0.0001
            Z     0.0096   -0.0022   -0.0024    0.0009    0.0001    0.0043
 AT.   6 O  X     0.0516   -0.0037    0.0548   -0.0021   -0.0004   -0.0006
            Y    -0.0445   -0.0018    0.0317    0.0024    0.0004    0.0002
            Z    -0.0075    0.0009   -0.0020   -0.0012    0.0006    0.0058
 AT.   7 O  X     0.0845    0.0746    0.0044    0.0214    0.0010    0.0032
            Y     0.0014    0.0033   -0.0367   -0.0923    0.0032   -0.0039
            Z     0.0021    0.0045    0.0026    0.0123   -0.0406    0.0404
 AT.   8 O  X     0.0056    0.0329    0.0011   -0.0510   -0.0046   -0.0019
            Y    -0.0045    0.0704    0.0022    0.0117   -0.0053   -0.0017
            Z    -0.0023    0.0072    0.0013   -0.0007   -0.0425   -0.0433
 AT.   9 O  X    -0.0057    0.0450    0.0021    0.0502    0.0052    0.0040
            Y    -0.0030   -0.0472   -0.0023    0.0353    0.0016   -0.0028
            Z     0.0021   -0.0039   -0.0013   -0.0089   -0.0432   -0.0430
 AT.  10 O  X    -0.0745    0.0829   -0.0146    0.0062   -0.0002    0.0000
            Y    -0.0064    0.0053    0.0919   -0.0363   -0.0001   -0.0000
            Z    -0.0017    0.0053   -0.0068    0.0043    0.0047   -0.0018

 FREQ(CM**-1)   1112.15   1113.25   1451.50   1484.42   1501.45   1579.59

 AT.   1 CA X    -0.0000    0.0005   -0.0014    0.0007    0.0014    0.0016
            Y    -0.0001    0.0016    0.0001    0.0009   -0.0004    0.0013
            Z    -0.0017    0.0006   -0.0003   -0.0014    0.0005    0.0014
 AT.   2 MG X     0.0003   -0.0061   -0.0001    0.0008    0.0062   -0.0001
            Y     0.0003   -0.0068    0.0004    0.0049   -0.0064    0.0004
            Z    -0.0038   -0.0035    0.0000   -0.0070   -0.0033    0.0004
 AT.   3 C  X     0.0004   -0.0022    0.0037   -0.0224    0.0401   -0.0262
            Y    -0.0001    0.0001    0.0035   -0.0228   -0.0441   -0.0116
            Z    -0.0001    0.0006    0.0008    0.0009   -0.0017   -0.0006
 AT.   4 C  X     0.0002   -0.0018   -0.0538    0.0068   -0.0060    0.0016
            Y    -0.0022    0.0001    0.0213    0.0243   -0.0154   -0.0356
            Z     0.0003    0.0006   -0.0013   -0.0004   -0.0014   -0.0008
 AT.   5 O  X     0.0709    0.0093    0.0000    0.0024   -0.0180    0.0050
            Y    -0.0522   -0.0056    0.0007    0.0014    0.0167   -0.0016
            Z    -0.0011    0.0000   -0.0004   -0.0010    0.0012    0.0003
 AT.   6 O  X     0.0100    0.0021   -0.0009    0.0017   -0.0003    0.0032
            Y     0.0872    0.0100   -0.0025    0.0095    0.0153    0.0055
            Z    -0.0007   -0.0005    0.0003    0.0007    0.0003    0.0000
 AT.   7 O  X     0.0000   -0.0759   -0.0388    0.0388   -0.0305   -0.0480
            Y    -0.0001   -0.0316   -0.0106    0.0225   -0.0065   -0.0285
            Z    -0.0003   -0.0012   -0.0005   -0.0019   -0.0012   -0.0032
 AT.   8 O  X     0.0088   -0.0719   -0.0585   -0.0031    0.0487    0.0022
            Y    -0.0055    0.0530    0.0414   -0.0106   -0.0383   -0.0216
            Z    -0.0003    0.0005   -0.0004    0.0020   -0.0012   -0.0050
 AT.   9 O  X     0.0021   -0.0109   -0.0059   -0.0104    0.0052   -0.0133
            Y     0.0095   -0.0870    0.0245   -0.0496   -0.0328   -0.0659
            Z     0.0001    0.0007   -0.0006    0.0011   -0.0010   -0.0015
 AT.  10 O  X    -0.0765    0.0009    0.0154   -0.0043    0.0037    0.0041
            Y    -0.0316    0.0002    0.0048   -0.0033    0.0022    0.0043
            Z    -0.0004   -0.0003   -0.0004   -0.0003    0.0001    0.0002


  DISPERSION K POINT NUMBER    14 COORD:  C(  1  1  1 )    WEIGHT:    1.

    MODES         EIGV          FREQUENCIES     IRREP
             (HARTREE**2)   (CM**-1)     (THZ)
    1-   2    0.1173E-06     75.1745    2.2537  (  1)
    3-   3    0.3018E-06    120.5802    3.6149  (  2)
    4-   5    0.3984E-06    138.5345    4.1532  (  1)
    6-   7    0.6171E-06    172.4122    5.1688  (  1)
    8-   8    0.8600E-06    203.5341    6.1018  (  2)
    9-   9    0.9256E-06    211.1547    6.3303  (  2)
   10-  11    0.1312E-05    251.3906    7.5365  (  1)
   12-  12    0.1411E-05    260.7117    7.8159  (  2)
   13-  14    0.1623E-05    279.6055    8.3824  (  1)
   15-  16    0.2291E-05    332.2022    9.9592  (  1)
   17-  17    0.2788E-05    366.4490   10.9859  (  2)
   18-  18    0.3792E-05    427.3811   12.8126  (  2)
   19-  20    0.1092E-04    725.1611   21.7398  (  1)
   21-  22    0.1099E-04    727.6339   21.8139  (  1)
   23-  23    0.1684E-04    900.6693   27.0014  (  2)
   24-  24    0.1719E-04    910.0827   27.2836  (  2)
   25-  25    0.2576E-04   1113.8338   33.3919  (  2)
   26-  26    0.2578E-04   1114.3820   33.4083  (  2)
   27-  28    0.4360E-04   1449.1761   43.4452  (  1)
   29-  30    0.4483E-04   1469.4892   44.0542  (  1)

 MODES IN PHASE

 FREQ(CM**-1)     75.17     75.17    120.58    138.53    138.53    172.41

 AT.   1 CA X     0.0341   -0.0341    0.0000    0.0111   -0.0111   -0.0556
            Y     0.0322   -0.0322    0.0000   -0.0598    0.0598   -0.0108
            Z     0.0000    0.0000    0.0593    0.0000    0.0000    0.0000
 AT.   2 MG X    -0.0386    0.0386    0.0000   -0.0036    0.0036    0.0025
            Y    -0.0344    0.0344    0.0000   -0.0269    0.0269    0.0009
            Z     0.0000    0.0000   -0.0632    0.0000    0.0000    0.0000
 AT.   3 C  X     0.0554   -0.0043    0.0000   -0.0499   -0.0330    0.0132
            Y     0.0008   -0.0504    0.0000   -0.0207    0.0230   -0.0231
            Z     0.0000    0.0000    0.0732    0.0000    0.0000    0.0000
 AT.   4 C  X     0.0043   -0.0554    0.0000    0.0330    0.0499    0.0389
            Y     0.0504   -0.0008    0.0000   -0.0230    0.0207   -0.0020
            Z     0.0000    0.0000    0.0231    0.0000    0.0000    0.0000
 AT.   5 O  X     0.0554   -0.0052   -0.0041   -0.0518   -0.0352    0.0178
            Y     0.0002   -0.0519   -0.0055   -0.0220    0.0235   -0.0200
            Z    -0.0041   -0.0032    0.0737    0.0227   -0.0020   -0.0358
 AT.   6 O  X     0.0555   -0.0048    0.0068   -0.0538   -0.0352    0.0207
            Y     0.0002   -0.0513   -0.0009   -0.0206    0.0246   -0.0249
            Z     0.0109    0.0035    0.0737   -0.0400    0.0108    0.0554
 AT.   7 O  X     0.0555   -0.0045   -0.0027   -0.0516   -0.0342    0.0150
            Y     0.0000   -0.0520    0.0063   -0.0196    0.0240   -0.0250
            Z    -0.0068   -0.0003    0.0737    0.0173   -0.0088   -0.0197
 AT.   8 O  X     0.0052   -0.0554    0.0037    0.0352    0.0518    0.0439
            Y     0.0519   -0.0002    0.0029   -0.0235    0.0220    0.0008
            Z     0.0032    0.0041    0.0238    0.0020   -0.0227   -0.0500
 AT.   9 O  X     0.0048   -0.0555   -0.0043    0.0352    0.0538    0.0487
            Y     0.0513   -0.0002    0.0018   -0.0246    0.0206   -0.0022
            Z    -0.0035   -0.0109    0.0238   -0.0108    0.0400    0.0710
 AT.  10 O  X     0.0045   -0.0555    0.0006    0.0342    0.0516    0.0437
            Y     0.0520   -0.0000   -0.0046   -0.0240    0.0196   -0.0049
            Z     0.0003    0.0068    0.0238    0.0088   -0.0173   -0.0209

 FREQ(CM**-1)    172.41    203.53    211.15    251.39    251.39    260.71

 AT.   1 CA X     0.0556    0.0000    0.0000   -0.0216    0.0216    0.0000
            Y     0.0108    0.0000    0.0000    0.0304   -0.0304    0.0000
            Z     0.0000    0.0827    0.0140    0.0000    0.0000   -0.0062
 AT.   2 MG X    -0.0025    0.0000    0.0000   -0.0552    0.0552    0.0000
            Y    -0.0009    0.0000    0.0000    0.0316   -0.0316    0.0000
            Z     0.0000    0.0122    0.0139    0.0000    0.0000   -0.0090
 AT.   3 C  X    -0.0389    0.0000    0.0000    0.0090   -0.0030    0.0000
            Y     0.0020    0.0000    0.0000   -0.0119    0.0035    0.0000
            Z     0.0000   -0.0010   -0.0142    0.0000    0.0000   -0.0356
 AT.   4 C  X    -0.0132    0.0000    0.0000    0.0030   -0.0090    0.0000
            Y     0.0231    0.0000    0.0000   -0.0035    0.0119    0.0000
            Z     0.0000    0.0035    0.0626    0.0000    0.0000    0.0334
 AT.   5 O  X    -0.0439    0.0478    0.0041    0.0023   -0.0070   -0.0467
            Y    -0.0008    0.0604    0.0046   -0.0243   -0.0037   -0.0632
            Z     0.0500   -0.0047   -0.0139    0.0756    0.0700   -0.0288
 AT.   6 O  X    -0.0487   -0.0762   -0.0061   -0.0032   -0.0026    0.0780
            Y     0.0022    0.0112    0.0013   -0.0153    0.0040   -0.0088
            Z    -0.0710   -0.0047   -0.0139   -0.0774   -0.0100   -0.0288
 AT.   7 O  X    -0.0437    0.0284    0.0019    0.0074    0.0019   -0.0314
            Y     0.0049   -0.0716   -0.0059   -0.0150   -0.0037    0.0720
            Z     0.0209   -0.0047   -0.0139    0.0018   -0.0600   -0.0288
 AT.   8 O  X    -0.0178    0.0444   -0.0412    0.0070   -0.0023    0.0473
            Y     0.0200    0.0558   -0.0548    0.0037    0.0243    0.0648
            Z     0.0358    0.0003    0.0639   -0.0700   -0.0756    0.0264
 AT.   9 O  X    -0.0207   -0.0706    0.0680    0.0026    0.0032   -0.0798
            Y     0.0249    0.0106   -0.0083   -0.0040    0.0153    0.0086
            Z    -0.0554    0.0003    0.0639    0.0100    0.0774    0.0264
 AT.  10 O  X    -0.0150    0.0261   -0.0268   -0.0019   -0.0074    0.0324
            Y     0.0250   -0.0664    0.0631    0.0037    0.0150   -0.0734
            Z     0.0197    0.0003    0.0639    0.0600   -0.0018    0.0264

 FREQ(CM**-1)    279.61    279.61    332.20    332.20    366.45    427.38

 AT.   1 CA X    -0.0421    0.0421   -0.0059    0.0059    0.0000    0.0000
            Y     0.0140   -0.0140    0.0018   -0.0018    0.0000    0.0000
            Z     0.0000    0.0000    0.0000    0.0000    0.0931   -0.0302
 AT.   2 MG X     0.0124   -0.0124    0.1146   -0.1146    0.0000    0.0000
            Y     0.0031   -0.0031    0.0030   -0.0030    0.0000    0.0000
            Z     0.0000    0.0000    0.0000    0.0000    0.0460    0.1633
 AT.   3 C  X     0.0237   -0.0287    0.0059   -0.0158    0.0000    0.0000
            Y    -0.0108   -0.0096   -0.0218   -0.0180    0.0000    0.0000
            Z     0.0000    0.0000    0.0000    0.0000   -0.0656    0.0414
 AT.   4 C  X     0.0287   -0.0237    0.0158   -0.0059    0.0000    0.0000
            Y     0.0096    0.0108    0.0180    0.0218    0.0000    0.0000
            Z     0.0000    0.0000    0.0000    0.0000   -0.0570    0.0431
 AT.   5 O  X     0.0256   -0.0265    0.0156   -0.0142   -0.0256    0.0110
            Y    -0.0133   -0.0016   -0.0215   -0.0209   -0.0351    0.0119
            Z    -0.0138   -0.0822   -0.0331   -0.0466   -0.0479    0.0244
 AT.   6 O  X     0.0212   -0.0262    0.0144   -0.0101    0.0432   -0.0158
            Y    -0.0126   -0.0084   -0.0275   -0.0253   -0.0046    0.0036
            Z    -0.0587    0.0659   -0.0067    0.0242   -0.0479    0.0244
 AT.   7 O  X     0.0240   -0.0322    0.0098   -0.0159   -0.0176    0.0048
            Y    -0.0092   -0.0052   -0.0234   -0.0266    0.0397   -0.0154
            Z     0.0726    0.0163    0.0398    0.0224   -0.0479    0.0244
 AT.   8 O  X     0.0265   -0.0256    0.0142   -0.0156   -0.0226    0.0114
            Y     0.0016    0.0133    0.0209    0.0215   -0.0317    0.0123
            Z     0.0822    0.0138    0.0466    0.0331   -0.0417    0.0254
 AT.   9 O  X     0.0262   -0.0212    0.0101   -0.0144    0.0388   -0.0163
            Y     0.0084    0.0126    0.0253    0.0275   -0.0037    0.0038
            Z    -0.0659    0.0587   -0.0242    0.0067   -0.0417    0.0254
 AT.  10 O  X     0.0322   -0.0240    0.0159   -0.0098   -0.0162    0.0049
            Y     0.0052    0.0092    0.0266    0.0234    0.0354   -0.0160
            Z    -0.0163   -0.0726   -0.0224   -0.0398   -0.0417    0.0254

 FREQ(CM**-1)    725.16    725.16    727.63    727.63    900.67    910.08

 AT.   1 CA X     0.0015   -0.0015    0.0010   -0.0010    0.0000    0.0000
            Y    -0.0003    0.0003   -0.0004    0.0004    0.0000    0.0000
            Z     0.0000    0.0000    0.0000    0.0000    0.0043    0.0043
 AT.   2 MG X    -0.0006    0.0006    0.0054   -0.0054    0.0000    0.0000
            Y    -0.0003    0.0003    0.0019   -0.0019    0.0000    0.0000
            Z     0.0000    0.0000    0.0000    0.0000    0.0041   -0.0129
 AT.   3 C  X    -0.0251   -0.0200    0.0373    0.0235    0.0000    0.0000
            Y     0.0324   -0.0308    0.0098   -0.0355    0.0000    0.0000
            Z     0.0000    0.0000    0.0000    0.0000    0.1770    0.0127
 AT.   4 C  X     0.0200    0.0251   -0.0235   -0.0373    0.0000    0.0000
            Y     0.0308   -0.0324    0.0355   -0.0098    0.0000    0.0000
            Z     0.0000    0.0000    0.0000    0.0000   -0.0122    0.1752
 AT.   5 O  X    -0.0606    0.0463   -0.0107    0.0603   -0.0034   -0.0002
            Y     0.0170    0.0590   -0.0683   -0.0170   -0.0038   -0.0004
            Z    -0.0026    0.0063   -0.0099    0.0005   -0.0504   -0.0035
 AT.   6 O  X     0.0607    0.0286   -0.0642   -0.0603    0.0050    0.0005
            Y     0.0379   -0.0545    0.0322   -0.0369   -0.0011    0.0001
            Z    -0.0033   -0.0038    0.0085    0.0083   -0.0504   -0.0035
 AT.   7 O  X     0.0181   -0.0608    0.0496   -0.0173   -0.0016   -0.0003
            Y    -0.0777    0.0176    0.0282    0.0775    0.0049    0.0004
            Z     0.0058   -0.0025    0.0014   -0.0088   -0.0504   -0.0035
 AT.   8 O  X    -0.0463    0.0606   -0.0603    0.0107    0.0004   -0.0049
            Y    -0.0590   -0.0170    0.0170    0.0683    0.0001   -0.0044
            Z    -0.0063    0.0026   -0.0005    0.0099    0.0037   -0.0511
 AT.   9 O  X    -0.0286   -0.0607    0.0603    0.0642   -0.0003    0.0062
            Y     0.0545   -0.0379    0.0369   -0.0322    0.0003   -0.0021
            Z     0.0038    0.0033   -0.0083   -0.0085    0.0037   -0.0511
 AT.  10 O  X     0.0608   -0.0181    0.0173   -0.0496   -0.0001   -0.0013
            Y    -0.0176    0.0777   -0.0775   -0.0282   -0.0004    0.0064
            Z     0.0025   -0.0058    0.0088   -0.0014    0.0037   -0.0511

 FREQ(CM**-1)   1113.83   1114.38   1449.18   1449.18   1469.49   1469.49

 AT.   1 CA X     0.0000    0.0000   -0.0015    0.0015    0.0000   -0.0000
            Y     0.0000    0.0000   -0.0012    0.0012   -0.0001    0.0001
            Z    -0.0014   -0.0021    0.0000    0.0000    0.0000    0.0000
 AT.   2 MG X     0.0000    0.0000    0.0024   -0.0024   -0.0027    0.0027
            Y     0.0000    0.0000   -0.0015    0.0015   -0.0044    0.0044
            Z     0.0022   -0.0067    0.0000    0.0000    0.0000    0.0000
 AT.   3 C  X     0.0000    0.0000    0.1240   -0.1244   -0.1244   -0.1239
            Y     0.0000    0.0000   -0.0003    0.0004    0.0022    0.0013
            Z    -0.0002    0.0008    0.0000    0.0000    0.0000    0.0000
 AT.   4 C  X     0.0000    0.0000    0.1244   -0.1240    0.1239    0.1244
            Y     0.0000    0.0000   -0.0004    0.0003   -0.0013   -0.0022
            Z    -0.0002   -0.0001    0.0000    0.0000    0.0000    0.0000
 AT.   5 O  X    -0.0199    0.0812   -0.0367    0.0353    0.0342    0.0354
            Y     0.0149   -0.0617    0.0216   -0.0208   -0.0215   -0.0222
            Z     0.0002   -0.0011    0.0006   -0.0008    0.0004    0.0005
 AT.   6 O  X    -0.0029    0.0129   -0.0072    0.0087    0.0085    0.0071
            Y    -0.0247    0.1012   -0.0043    0.0047    0.0057    0.0056
            Z     0.0002   -0.0011    0.0005   -0.0007   -0.0004   -0.0003
 AT.   7 O  X     0.0228   -0.0940   -0.0444    0.0440    0.0449    0.0453
            Y     0.0098   -0.0394   -0.0169    0.0150    0.0143    0.0163
            Z     0.0002   -0.0011   -0.0011    0.0015    0.0001   -0.0003
 AT.   8 O  X     0.0810    0.0196   -0.0353    0.0367   -0.0354   -0.0342
            Y    -0.0621   -0.0153    0.0208   -0.0216    0.0222    0.0215
            Z    -0.0011   -0.0003    0.0008   -0.0006   -0.0005   -0.0004
 AT.   9 O  X     0.0133    0.0035   -0.0087    0.0072   -0.0071   -0.0085
            Y     0.1012    0.0246   -0.0047    0.0043   -0.0056   -0.0057
            Z    -0.0011   -0.0003    0.0007   -0.0005    0.0003    0.0004
 AT.  10 O  X    -0.0943   -0.0230   -0.0440    0.0444   -0.0453   -0.0449
            Y    -0.0391   -0.0093   -0.0150    0.0169   -0.0163   -0.0143
            Z    -0.0011   -0.0003   -0.0015    0.0011    0.0003   -0.0001

 MODES IN ANTI-PHASE

 FREQ(CM**-1)     75.17     75.17    120.58    138.53    138.53    172.41

 AT.   1 CA X     0.0322    0.0322    0.0000    0.0598    0.0598    0.0108
            Y    -0.0341   -0.0341    0.0000    0.0111    0.0111   -0.0556
            Z     0.0000    0.0000    0.0368    0.0000    0.0000    0.0000
 AT.   2 MG X    -0.0344   -0.0344    0.0000    0.0269    0.0269   -0.0009
            Y     0.0386    0.0386    0.0000   -0.0036   -0.0036    0.0025
            Z     0.0000    0.0000   -0.0392    0.0000    0.0000    0.0000
 AT.   3 C  X     0.0008    0.0504    0.0000    0.0207    0.0230    0.0231
            Y    -0.0554   -0.0043    0.0000   -0.0499    0.0330    0.0132
            Z     0.0000    0.0000   -0.0106    0.0000    0.0000    0.0000
 AT.   4 C  X     0.0504    0.0008    0.0000    0.0230    0.0207    0.0020
            Y    -0.0043   -0.0554    0.0000    0.0330   -0.0499    0.0389
            Z     0.0000    0.0000    0.0702    0.0000    0.0000    0.0000
 AT.   5 O  X     0.0001    0.0516    0.0062    0.0194    0.0246    0.0266
            Y    -0.0556   -0.0045    0.0059   -0.0530    0.0345    0.0179
            Z     0.0102   -0.0022   -0.0100    0.0331    0.0113   -0.0434
 AT.   6 O  X     0.0001    0.0521   -0.0082    0.0208    0.0234    0.0217
            Y    -0.0554   -0.0049    0.0024   -0.0510    0.0345    0.0150
            Z    -0.0015   -0.0017   -0.0100    0.0031   -0.0040   -0.0093
 AT.   7 O  X     0.0002    0.0515    0.0020    0.0218    0.0240    0.0216
            Y    -0.0554   -0.0052   -0.0083   -0.0532    0.0355    0.0206
            Z    -0.0087    0.0039   -0.0100   -0.0362   -0.0074    0.0527
 AT.   8 O  X     0.0516    0.0001   -0.0065    0.0246    0.0194    0.0050
            Y    -0.0045   -0.0556   -0.0075    0.0345   -0.0530    0.0470
            Z    -0.0022    0.0102    0.0704    0.0113    0.0331   -0.0530
 AT.   9 O  X     0.0521    0.0001    0.0097    0.0234    0.0208    0.0020
            Y    -0.0049   -0.0554   -0.0018    0.0345   -0.0510    0.0421
            Z    -0.0017   -0.0015    0.0704   -0.0040    0.0031   -0.0168
 AT.  10 O  X     0.0515    0.0002   -0.0033    0.0240    0.0218   -0.0007
            Y    -0.0052   -0.0554    0.0093    0.0355   -0.0532    0.0472
            Z     0.0039   -0.0087    0.0704   -0.0074   -0.0362    0.0698

 FREQ(CM**-1)    172.41    203.53    211.15    251.39    251.39    260.71

 AT.   1 CA X     0.0108    0.0000    0.0000   -0.0304   -0.0304    0.0000
            Y    -0.0556    0.0000    0.0000   -0.0216   -0.0216    0.0000
            Z     0.0000    0.0074    0.0193    0.0000    0.0000    0.0536
 AT.   2 MG X    -0.0009    0.0000    0.0000   -0.0316   -0.0316    0.0000
            Y     0.0025    0.0000    0.0000   -0.0552   -0.0552    0.0000
            Z     0.0000    0.0011    0.0190    0.0000    0.0000    0.0782
 AT.   3 C  X     0.0020    0.0000    0.0000    0.0119    0.0035    0.0000
            Y     0.0389    0.0000    0.0000    0.0090    0.0030    0.0000
            Z     0.0000    0.0256    0.0612    0.0000    0.0000    0.0053
 AT.   4 C  X     0.0231    0.0000    0.0000    0.0035    0.0119    0.0000
            Y     0.0132    0.0000    0.0000    0.0030    0.0090    0.0000
            Z     0.0000   -0.0254    0.0051    0.0000    0.0000    0.0132
 AT.   5 O  X     0.0050   -0.0148   -0.0419    0.0121    0.0015   -0.0083
            Y     0.0470   -0.0202   -0.0560    0.0020   -0.0019   -0.0144
            Z    -0.0530    0.0277    0.0627    0.0457    0.0288    0.0075
 AT.   6 O  X     0.0020    0.0249    0.0695    0.0211   -0.0063    0.0166
            Y     0.0421   -0.0027   -0.0083    0.0075    0.0025    0.0000
            Z    -0.0168    0.0277    0.0627    0.0426   -0.0750    0.0075
 AT.   7 O  X    -0.0007   -0.0101   -0.0276    0.0214    0.0014   -0.0083
            Y     0.0472    0.0229    0.0643   -0.0031    0.0070    0.0144
            Z     0.0698    0.0277    0.0627   -0.0883    0.0462    0.0075
 AT.   8 O  X     0.0266    0.0230   -0.0089    0.0015    0.0121    0.0025
            Y     0.0179    0.0306   -0.0127   -0.0019    0.0020    0.0003
            Z    -0.0434   -0.0281    0.0059    0.0288    0.0457    0.0139
 AT.   9 O  X     0.0217   -0.0380    0.0154   -0.0063    0.0211   -0.0016
            Y     0.0150    0.0047   -0.0013    0.0025    0.0075    0.0020
            Z    -0.0093   -0.0281    0.0059   -0.0750    0.0426    0.0139
 AT.  10 O  X     0.0216    0.0149   -0.0066    0.0014    0.0214   -0.0010
            Y     0.0206   -0.0352    0.0140    0.0070   -0.0031   -0.0024
            Z     0.0527   -0.0281    0.0059    0.0462   -0.0883    0.0139

 FREQ(CM**-1)    279.61    279.61    332.20    332.20    366.45    427.38

 AT.   1 CA X    -0.0140   -0.0140    0.0018    0.0018    0.0000    0.0000
            Y    -0.0421   -0.0421    0.0059    0.0059    0.0000    0.0000
            Z     0.0000    0.0000    0.0000    0.0000   -0.0106    0.0005
 AT.   2 MG X    -0.0031   -0.0031    0.0030    0.0030    0.0000    0.0000
            Y     0.0124    0.0124   -0.1146   -0.1146    0.0000    0.0000
            Z     0.0000    0.0000    0.0000    0.0000   -0.0052   -0.0025
 AT.   3 C  X     0.0108   -0.0096   -0.0218    0.0180    0.0000    0.0000
            Y     0.0237    0.0287   -0.0059   -0.0158    0.0000    0.0000
            Z     0.0000    0.0000    0.0000    0.0000   -0.0309   -0.0546
 AT.   4 C  X    -0.0096    0.0108    0.0180   -0.0218    0.0000    0.0000
            Y     0.0287    0.0237   -0.0158   -0.0059    0.0000    0.0000
            Z     0.0000    0.0000    0.0000    0.0000    0.0448    0.0533
 AT.   5 O  X     0.0101   -0.0086   -0.0268    0.0276   -0.0104   -0.0139
            Y     0.0216    0.0301   -0.0109   -0.0126   -0.0113   -0.0127
            Z     0.0758    0.0287   -0.0268   -0.0010   -0.0223   -0.0314
 AT.   6 O  X     0.0108   -0.0018   -0.0208    0.0233    0.0150    0.0179
            Y     0.0260    0.0304   -0.0121   -0.0167   -0.0033   -0.0057
            Z    -0.0499    0.0568    0.0421   -0.0398   -0.0223   -0.0314
 AT.   7 O  X     0.0142   -0.0050   -0.0248    0.0219   -0.0046   -0.0040
            Y     0.0232    0.0244   -0.0167   -0.0109    0.0146    0.0184
            Z    -0.0259   -0.0855   -0.0152    0.0408   -0.0223   -0.0314
 AT.   8 O  X    -0.0086    0.0101    0.0276   -0.0268    0.0158    0.0136
            Y     0.0301    0.0216   -0.0126   -0.0109    0.0189    0.0123
            Z     0.0287    0.0758   -0.0010   -0.0268    0.0325    0.0306
 AT.   9 O  X    -0.0018    0.0108    0.0233   -0.0208   -0.0243   -0.0174
            Y     0.0304    0.0260   -0.0167   -0.0121    0.0043    0.0056
            Z     0.0568   -0.0499   -0.0398    0.0421    0.0325    0.0306
 AT.  10 O  X    -0.0050    0.0142    0.0219   -0.0248    0.0084    0.0039
            Y     0.0244    0.0232   -0.0109   -0.0167   -0.0232   -0.0179
            Z    -0.0855   -0.0259    0.0408   -0.0152    0.0325    0.0306

 FREQ(CM**-1)    725.16    725.16    727.63    727.63    900.67    910.08

 AT.   1 CA X    -0.0003   -0.0003   -0.0004   -0.0004    0.0000    0.0000
            Y    -0.0015   -0.0015   -0.0010   -0.0010    0.0000    0.0000
            Z     0.0000    0.0000    0.0000    0.0000   -0.0047   -0.0040
 AT.   2 MG X    -0.0003   -0.0003    0.0019    0.0019    0.0000    0.0000
            Y     0.0006    0.0006   -0.0054   -0.0054    0.0000    0.0000
            Z     0.0000    0.0000    0.0000    0.0000   -0.0044    0.0120
 AT.   3 C  X     0.0324    0.0308    0.0098    0.0355    0.0000    0.0000
            Y     0.0251   -0.0200   -0.0373    0.0235    0.0000    0.0000
            Z     0.0000    0.0000    0.0000    0.0000   -0.0004   -0.1748
 AT.   4 C  X     0.0308    0.0324    0.0355    0.0098    0.0000    0.0000
            Y    -0.0200    0.0251    0.0235   -0.0373    0.0000    0.0000
            Z     0.0000    0.0000    0.0000    0.0000   -0.1765   -0.0002
 AT.   5 O  X    -0.0322    0.0443    0.0631   -0.0327   -0.0002    0.0049
            Y    -0.0727   -0.0369    0.0062   -0.0718    0.0002    0.0043
            Z    -0.0052    0.0008    0.0041   -0.0098   -0.0001    0.0509
 AT.   6 O  X    -0.0530   -0.0692   -0.0375   -0.0526   -0.0001   -0.0062
            Y     0.0486   -0.0192   -0.0473    0.0488   -0.0003    0.0021
            Z     0.0048    0.0050    0.0066    0.0054   -0.0001    0.0509
 AT.   7 O  X     0.0625    0.0029   -0.0335    0.0617    0.0003    0.0013
            Y     0.0060    0.0703    0.0665    0.0057    0.0001   -0.0064
            Z     0.0004   -0.0058   -0.0106    0.0045   -0.0001    0.0509
 AT.   8 O  X     0.0443   -0.0322   -0.0327    0.0631    0.0034   -0.0002
            Y    -0.0369   -0.0727   -0.0718    0.0062    0.0038    0.0001
            Z     0.0008   -0.0052   -0.0098    0.0041    0.0502   -0.0002
 AT.   9 O  X    -0.0692   -0.0530   -0.0526   -0.0375   -0.0050   -0.0000
            Y    -0.0192    0.0486    0.0488   -0.0473    0.0010   -0.0002
            Z     0.0050    0.0048    0.0054    0.0066    0.0502   -0.0002
 AT.  10 O  X     0.0029    0.0625    0.0617   -0.0335    0.0016    0.0002
            Y     0.0703    0.0060    0.0057    0.0665   -0.0048    0.0001
            Z    -0.0058    0.0004    0.0045   -0.0106    0.0502   -0.0002

 FREQ(CM**-1)   1113.83   1114.38   1449.18   1449.18   1469.49   1469.49

 AT.   1 CA X     0.0000    0.0000   -0.0012   -0.0012   -0.0001   -0.0001
            Y     0.0000    0.0000    0.0015    0.0015   -0.0000   -0.0000
            Z    -0.0017   -0.0016    0.0000    0.0000    0.0000    0.0000
 AT.   2 MG X     0.0000    0.0000   -0.0015   -0.0015   -0.0044   -0.0044
            Y     0.0000    0.0000   -0.0024   -0.0024    0.0027    0.0027
            Z     0.0028   -0.0053    0.0000    0.0000    0.0000    0.0000
 AT.   3 C  X     0.0000    0.0000   -0.0003   -0.0004    0.0022   -0.0013
            Y     0.0000    0.0000   -0.1240   -0.1244    0.1244   -0.1239
            Z    -0.0003   -0.0003    0.0000    0.0000    0.0000    0.0000
 AT.   4 C  X     0.0000    0.0000   -0.0004   -0.0003   -0.0013    0.0022
            Y     0.0000    0.0000   -0.1244   -0.1240   -0.1239    0.1244
            Z    -0.0003    0.0009    0.0000    0.0000    0.0000    0.0000
 AT.   5 O  X     0.0785   -0.0002   -0.0213   -0.0201    0.0205   -0.0220
            Y    -0.0603   -0.0003    0.0221    0.0234   -0.0242    0.0231
            Z    -0.0010   -0.0000    0.0010    0.0013   -0.0003   -0.0000
 AT.   6 O  X     0.0130    0.0003    0.0046    0.0054   -0.0066    0.0058
            Y     0.0981    0.0000    0.0517    0.0500   -0.0499    0.0515
            Z    -0.0010   -0.0000   -0.0010   -0.0013   -0.0002    0.0005
 AT.   7 O  X    -0.0915   -0.0002    0.0172    0.0157   -0.0153    0.0165
            Y    -0.0378    0.0003    0.0145    0.0147   -0.0135    0.0132
            Z    -0.0010   -0.0000    0.0000    0.0000    0.0005   -0.0005
 AT.   8 O  X    -0.0002    0.0788   -0.0201   -0.0213   -0.0220    0.0205
            Y    -0.0003   -0.0598    0.0234    0.0221    0.0231   -0.0242
            Z    -0.0000   -0.0011    0.0013    0.0010   -0.0000   -0.0003
 AT.   9 O  X     0.0003    0.0124    0.0054    0.0046    0.0058   -0.0066
            Y    -0.0000    0.0981    0.0500    0.0517    0.0515   -0.0499
            Z    -0.0000   -0.0011   -0.0013   -0.0010    0.0005   -0.0002
 AT.  10 O  X    -0.0001   -0.0912    0.0157    0.0172    0.0165   -0.0153
            Y     0.0003   -0.0383    0.0147    0.0145    0.0132   -0.0135
            Z    -0.0000   -0.0011    0.0000    0.0000   -0.0005    0.0005


  DISPERSION K POINT NUMBER    15 COORD:  C(  1  1  2 )    WEIGHT:    1.

    MODES         EIGV          FREQUENCIES     IRREP
             (HARTREE**2)   (CM**-1)     (THZ)
    1-   1    0.2036E-06     99.0212    2.9686  (  1)
    2-   2    0.3427E-06    128.4868    3.8519  (  1)
    3-   3    0.3833E-06    135.8843    4.0737  (  1)
    4-   4    0.4560E-06    148.2027    4.4430  (  1)
    5-   5    0.5193E-06    158.1593    4.7415  (  1)
    6-   6    0.7214E-06    186.4178    5.5887  (  1)
    7-   7    0.7781E-06    193.6022    5.8040  (  1)
    8-   8    0.7913E-06    195.2353    5.8530  (  1)
    9-   9    0.1027E-05    222.3858    6.6670  (  1)
   10-  10    0.1089E-05    228.9853    6.8648  (  1)
   11-  11    0.1491E-05    267.9904    8.0342  (  1)
   12-  12    0.1621E-05    279.4464    8.3776  (  1)
   13-  13    0.1655E-05    282.3879    8.4658  (  1)
   14-  14    0.1903E-05    302.7977    9.0776  (  1)
   15-  15    0.2049E-05    314.1288    9.4173  (  1)
   16-  16    0.2221E-05    327.0809    9.8056  (  1)
   17-  17    0.2548E-05    350.3379   10.5029  (  1)
   18-  18    0.3003E-05    380.3580   11.4028  (  1)
   19-  19    0.1061E-04    714.7329   21.4272  (  1)
   20-  20    0.1068E-04    717.3102   21.5044  (  1)
   21-  21    0.1091E-04    724.9390   21.7331  (  1)
   22-  22    0.1102E-04    728.5930   21.8427  (  1)
   23-  23    0.1662E-04    894.8391   26.8266  (  1)
   24-  24    0.1663E-04    895.0927   26.8342  (  1)
   25-  25    0.2568E-04   1112.1785   33.3423  (  1)
   26-  26    0.2572E-04   1113.0565   33.3686  (  1)
   27-  27    0.4394E-04   1454.7774   43.6131  (  1)
   28-  28    0.4641E-04   1495.1400   44.8232  (  1)
   29-  29    0.4683E-04   1501.8401   45.0240  (  1)
   30-  30    0.4968E-04   1546.9087   46.3752  (  1)

 MODES IN PHASE

 FREQ(CM**-1)     99.02    128.49    135.88    148.20    158.16    186.42

 AT.   1 CA X     0.0770    0.0004   -0.0535   -0.0457   -0.0416   -0.0309
            Y     0.0357   -0.0558   -0.0095    0.0743    0.0624   -0.0305
            Z     0.0158   -0.0710    0.0634   -0.0503    0.0249    0.0407
 AT.   2 MG X    -0.0250    0.0024   -0.0078    0.0020   -0.0076   -0.0033
            Y     0.0039    0.0326   -0.0058    0.0065   -0.0100    0.0042
            Z    -0.0142    0.0385    0.0142   -0.0033    0.0152    0.0051
 AT.   3 C  X     0.0559    0.0128    0.0079   -0.0081   -0.0240    0.0346
            Y    -0.0236   -0.0410    0.0020   -0.0277   -0.0037   -0.0233
            Z     0.0078   -0.0464    0.0049    0.0268   -0.0318    0.0046
 AT.   4 C  X    -0.0377   -0.0048    0.0000    0.0094   -0.0027   -0.0440
            Y     0.0169    0.0099   -0.0191    0.0370   -0.0014    0.0307
            Z    -0.0107    0.0189   -0.0200   -0.0356    0.0406    0.0060
 AT.   5 O  X     0.0772    0.0089    0.0057   -0.0064    0.0043    0.0244
            Y     0.0058   -0.0440   -0.0029   -0.0292    0.0304   -0.0392
            Z     0.0140   -0.0563   -0.0064    0.0086   -0.0323    0.0025
 AT.   6 O  X     0.0185    0.0184    0.0096    0.0057   -0.0687    0.0477
            Y    -0.0190   -0.0412    0.0003   -0.0259    0.0004   -0.0261
            Z     0.0091   -0.0206    0.0709    0.0527   -0.0216    0.0372
 AT.   7 O  X    -0.0378   -0.0048    0.0203    0.0031   -0.0194   -0.0549
            Y     0.0262    0.0144   -0.0544    0.0492    0.0507    0.0524
            Z    -0.0107    0.0211   -0.0086   -0.0409    0.0464    0.0638
 AT.   8 O  X     0.0764    0.0088    0.0195   -0.0060    0.0120   -0.0150
            Y     0.0062   -0.0429    0.0023   -0.0056    0.0366   -0.0243
            Z     0.0151   -0.0589   -0.0214   -0.0218   -0.0406    0.0058
 AT.   9 O  X     0.0170    0.0198   -0.0019    0.0120   -0.0726    0.0268
            Y    -0.0186   -0.0400   -0.0067    0.0012    0.0020   -0.0024
            Z     0.0080   -0.0261    0.0661    0.0322   -0.0323    0.0457
 AT.  10 O  X    -0.0426   -0.0014    0.0117    0.0041   -0.0226   -0.0421
            Y     0.0303    0.0018   -0.0391    0.0425    0.0421    0.0285
            Z    -0.0088    0.0013    0.0120   -0.0271    0.0368    0.0369

 FREQ(CM**-1)    193.60    195.24    222.39    228.99    267.99    279.45

 AT.   1 CA X     0.0361   -0.0004   -0.0360   -0.0141    0.0027    0.0035
            Y    -0.0108    0.0122    0.0153   -0.0037    0.0033   -0.0018
            Z     0.0299    0.0026   -0.0427    0.0030   -0.0017    0.0131
 AT.   2 MG X     0.0123   -0.0082   -0.0191    0.0414   -0.0481    0.0163
            Y     0.0032   -0.0045    0.0041   -0.0378   -0.0309   -0.0374
            Z     0.0060   -0.0093    0.0053    0.0430    0.0511   -0.0199
 AT.   3 C  X     0.0129   -0.0265    0.0363   -0.0155   -0.0210   -0.0277
            Y    -0.0013    0.0130    0.0363    0.0013    0.0030   -0.0385
            Z    -0.0122   -0.0136   -0.0027   -0.0048    0.0219   -0.0084
 AT.   4 C  X     0.0408   -0.0116   -0.0142   -0.0111   -0.0278   -0.0010
            Y     0.0298    0.0204   -0.0316    0.0346   -0.0155   -0.0148
            Z     0.0079   -0.0323    0.0187   -0.0135    0.0292    0.0083
 AT.   5 O  X     0.0158   -0.0122    0.0443   -0.0229    0.0023   -0.0331
            Y     0.0046    0.0347    0.0469   -0.0049    0.0407   -0.0435
            Z    -0.0230   -0.0347   -0.0590    0.0075   -0.0207   -0.0887
 AT.   6 O  X     0.0043   -0.0455    0.0272   -0.0147   -0.0544   -0.0121
            Y     0.0005    0.0171    0.0378   -0.0005    0.0089   -0.0416
            Z    -0.0038   -0.0181    0.0009   -0.0117    0.0939   -0.0004
 AT.   7 O  X     0.0271    0.0167   -0.0007    0.0217    0.0268    0.0119
            Y     0.0417    0.0095   -0.0263   -0.0485    0.0111    0.0201
            Z     0.0604   -0.0126    0.0121    0.0458   -0.0140   -0.0094
 AT.   8 O  X    -0.0026    0.0063    0.0505    0.0254   -0.0081    0.0279
            Y    -0.0056   -0.0730    0.0455   -0.0089   -0.0465    0.0447
            Z     0.0146    0.0649   -0.0631    0.0143    0.0278    0.0614
 AT.   9 O  X    -0.0217    0.0887    0.0284    0.0070    0.0524    0.0073
            Y    -0.0098   -0.0371    0.0336   -0.0136   -0.0123    0.0438
            Z    -0.0219    0.0753    0.0161   -0.0143   -0.0960   -0.0010
 AT.  10 O  X     0.0364    0.0009   -0.0147   -0.0162   -0.0245    0.0055
            Y     0.0447   -0.0089   -0.0341    0.0519   -0.0165   -0.0139
            Z     0.0644    0.0078   -0.0119   -0.0502    0.0072   -0.0226

 FREQ(CM**-1)    282.39    302.80    314.13    327.08    350.34    380.36

 AT.   1 CA X     0.0186   -0.0310   -0.0029   -0.0082   -0.0004    0.0022
            Y    -0.0422   -0.0384   -0.0215    0.0018   -0.0020    0.0265
            Z    -0.0015   -0.0088   -0.0350    0.0101    0.0022    0.0252
 AT.   2 MG X    -0.0288   -0.0004    0.0391    0.0741    0.0481    0.0913
            Y     0.0091    0.0060   -0.0004   -0.1191    0.0679    0.0768
            Z     0.0079   -0.0047    0.0025   -0.0353   -0.1048    0.0908
 AT.   3 C  X    -0.0264    0.0177   -0.0119    0.0011   -0.0216    0.0041
            Y    -0.0243    0.0055   -0.0097   -0.0146    0.0043   -0.0118
            Z     0.0214    0.0180    0.0389   -0.0073    0.0097   -0.0091
 AT.   4 C  X    -0.0092   -0.0206    0.0133    0.0023   -0.0086   -0.0109
            Y    -0.0172   -0.0134    0.0180   -0.0173    0.0200   -0.0188
            Z    -0.0358   -0.0160    0.0089   -0.0080   -0.0046   -0.0226
 AT.   5 O  X    -0.0143    0.0362    0.0232    0.0049   -0.0197    0.0076
            Y    -0.0012    0.0213    0.0304   -0.0135    0.0059   -0.0110
            Z    -0.0454    0.0515    0.0217   -0.0350   -0.0212   -0.0039
 AT.   6 O  X    -0.0452   -0.0169   -0.0463    0.0148   -0.0167    0.0010
            Y    -0.0198    0.0050   -0.0024   -0.0173    0.0026   -0.0056
            Z     0.0554   -0.0396    0.0559    0.0029    0.0906   -0.0391
 AT.   7 O  X    -0.0028    0.0007    0.0122   -0.0112    0.0037   -0.0184
            Y     0.0450    0.0456    0.0057    0.0231   -0.0000   -0.0041
            Z    -0.0738   -0.0809    0.0279   -0.0557    0.0407   -0.0470
 AT.   8 O  X     0.0122    0.0231    0.0279    0.0127    0.0192    0.0279
            Y     0.0355    0.0347    0.0366   -0.0185   -0.0035    0.0155
            Z    -0.0088    0.0560    0.0290   -0.0229    0.0183    0.0330
 AT.   9 O  X    -0.0711    0.0214   -0.0512    0.0164    0.0180    0.0119
            Y    -0.0032    0.0344    0.0002   -0.0208    0.0011    0.0176
            Z     0.0492   -0.0033    0.0574   -0.0229   -0.0878   -0.0322
 AT.  10 O  X    -0.0244   -0.0349    0.0087    0.0027   -0.0080   -0.0112
            Y     0.0250    0.0120    0.0152   -0.0118   -0.0063   -0.0191
            Z    -0.0434   -0.0150    0.0223    0.0146   -0.0473   -0.0025

 FREQ(CM**-1)    714.73    717.31    724.94    728.59    894.84    895.09

 AT.   1 CA X     0.0001    0.0046    0.0026    0.0006    0.0003   -0.0007
            Y     0.0001    0.0012   -0.0048    0.0003    0.0002   -0.0009
            Z    -0.0001   -0.0033    0.0028   -0.0010   -0.0005   -0.0006
 AT.   2 MG X    -0.0004    0.0041   -0.0058   -0.0110   -0.0002    0.0006
            Y     0.0035   -0.0061    0.0016   -0.0081    0.0033    0.0011
            Z    -0.0000    0.0011    0.0033    0.0100   -0.0022    0.0037
 AT.   3 C  X    -0.0413    0.0402   -0.0214   -0.0327   -0.0001   -0.0048
            Y    -0.0308    0.0344    0.0196    0.0435   -0.0036   -0.0028
            Z     0.0023    0.0037    0.0020    0.0018    0.0292    0.1790
 AT.   4 C  X    -0.0186   -0.0115    0.0163   -0.0325    0.0053   -0.0007
            Y    -0.0150   -0.0197   -0.0249    0.0434    0.0037   -0.0041
            Z     0.0011   -0.0013    0.0035    0.0021    0.1791   -0.0292
 AT.   5 O  X     0.0457   -0.0503   -0.0416   -0.0818   -0.0000   -0.0053
            Y     0.0981   -0.0975    0.0224    0.0192   -0.0010   -0.0048
            Z     0.0118   -0.0118   -0.0009   -0.0042   -0.0075   -0.0482
 AT.   6 O  X     0.0699   -0.0636    0.0520    0.0805   -0.0007    0.0064
            Y    -0.0675    0.0689    0.0219    0.0542    0.0008    0.0005
            Z    -0.0079    0.0062   -0.0035   -0.0085   -0.0081   -0.0484
 AT.   7 O  X     0.0351   -0.0438   -0.0110   -0.0186    0.0047   -0.0013
            Y     0.0070    0.0128    0.1066    0.0521   -0.0062   -0.0014
            Z    -0.0006   -0.0044   -0.0103   -0.0058    0.0446    0.0230
 AT.   8 O  X    -0.0463   -0.0508   -0.0734    0.0429    0.0003    0.0043
            Y    -0.0986   -0.0965    0.0382   -0.0138    0.0016    0.0044
            Z    -0.0120   -0.0119    0.0012    0.0000    0.0241    0.0371
 AT.   9 O  X    -0.0697   -0.0626    0.0920   -0.0476   -0.0008   -0.0045
            Y     0.0681    0.0691    0.0413   -0.0256    0.0007   -0.0018
            Z     0.0080    0.0062   -0.0107    0.0076    0.0245    0.0387
 AT.  10 O  X    -0.0412   -0.0378   -0.0070    0.0289   -0.0052    0.0007
            Y    -0.0070    0.0132    0.0525   -0.1053    0.0064   -0.0004
            Z     0.0003   -0.0041   -0.0057    0.0123   -0.0474    0.0094

 FREQ(CM**-1)   1112.18   1113.06   1454.78   1495.14   1501.84   1546.91

 AT.   1 CA X    -0.0007   -0.0001   -0.0000    0.0020   -0.0002    0.0004
            Y    -0.0026   -0.0002    0.0002   -0.0002   -0.0005    0.0006
            Z     0.0003   -0.0003   -0.0002    0.0004    0.0010   -0.0008
 AT.   2 MG X     0.0003   -0.0052    0.0008    0.0039    0.0006   -0.0017
            Y     0.0004   -0.0059    0.0007   -0.0030   -0.0048   -0.0022
            Z    -0.0029   -0.0033   -0.0016   -0.0029    0.0052    0.0014
 AT.   3 C  X     0.0001   -0.0008    0.1571   -0.0681    0.0108    0.0648
            Y     0.0001   -0.0026   -0.0708    0.0274   -0.0095    0.1603
            Z     0.0006   -0.0009    0.0014   -0.0023    0.0022    0.0034
 AT.   4 C  X    -0.0006   -0.0034    0.0467    0.1251    0.1260    0.0139
            Y     0.0003   -0.0009   -0.0525   -0.1190    0.1183   -0.0019
            Z    -0.0006   -0.0007   -0.0002    0.0002   -0.0051    0.0020
 AT.   5 O  X     0.0235    0.0406   -0.0584    0.0229   -0.0058    0.0067
            Y    -0.0185   -0.0314    0.0402   -0.0181    0.0036   -0.0244
            Z    -0.0006    0.0001   -0.0009    0.0019   -0.0012   -0.0040
 AT.   6 O  X     0.0022    0.0054   -0.0067    0.0029    0.0003   -0.0139
            Y     0.0293    0.0521    0.0230   -0.0073    0.0050   -0.0703
            Z    -0.0001   -0.0003    0.0001    0.0010   -0.0031   -0.0006
 AT.   7 O  X     0.0922    0.0931    0.0183    0.0100    0.0553    0.0265
            Y     0.0382    0.0385    0.0029   -0.0035    0.0293    0.0161
            Z     0.0006    0.0014    0.0012    0.0017   -0.0032    0.0022
 AT.   8 O  X     0.0411   -0.0228    0.0582    0.0225    0.0134   -0.0033
            Y    -0.0314    0.0183   -0.0407   -0.0192   -0.0014    0.0203
            Z    -0.0009   -0.0002    0.0006   -0.0024   -0.0005    0.0042
 AT.   9 O  X     0.0047   -0.0028    0.0063    0.0007    0.0072    0.0116
            Y     0.0509   -0.0305   -0.0252   -0.0310    0.0220    0.0598
            Z    -0.0003    0.0002    0.0000   -0.0010    0.0013    0.0015
 AT.  10 O  X     0.0947   -0.0907   -0.0088   -0.0300   -0.0628   -0.0062
            Y     0.0392   -0.0374   -0.0002   -0.0013   -0.0330   -0.0038
            Z     0.0005   -0.0012   -0.0011   -0.0025    0.0038   -0.0007

 MODES IN ANTI-PHASE

 FREQ(CM**-1)     99.02    128.49    135.88    148.20    158.16    186.42

 AT.   1 CA X     0.0033   -0.0001   -0.0094   -0.0172    0.0052   -0.0115
            Y     0.0015    0.0101   -0.0017    0.0280   -0.0078   -0.0113
            Z     0.0007    0.0129    0.0112   -0.0190   -0.0031    0.0151
 AT.   2 MG X    -0.0479    0.0028   -0.0215    0.0123   -0.0100   -0.0192
            Y     0.0076    0.0385   -0.0160    0.0396   -0.0133    0.0246
            Z    -0.0273    0.0454    0.0391   -0.0200    0.0200    0.0298
 AT.   3 C  X    -0.0070   -0.0027    0.0094    0.0052   -0.0096   -0.0344
            Y     0.0041    0.0032   -0.0272    0.0337   -0.0025    0.0265
            Z    -0.0076    0.0114   -0.0253   -0.0317    0.0333    0.0313
 AT.   4 C  X     0.0418    0.0122    0.0123    0.0023   -0.0257   -0.0210
            Y    -0.0170   -0.0400   -0.0196    0.0230   -0.0042    0.0173
            Z     0.0021   -0.0439   -0.0163   -0.0214   -0.0216    0.0311
 AT.   5 O  X    -0.0064   -0.0014    0.0414   -0.0019   -0.0316   -0.0515
            Y     0.0048    0.0049    0.0147    0.0248   -0.0290    0.0084
            Z     0.0132    0.0178   -0.0451   -0.0429    0.0377    0.0060
 AT.   6 O  X    -0.0166   -0.0074   -0.0317    0.0118    0.0245   -0.0143
            Y     0.0041    0.0041   -0.0202    0.0313   -0.0065    0.0267
            Z    -0.0123    0.0193   -0.0013   -0.0113    0.0460    0.0269
 AT.   7 O  X    -0.0574   -0.0088   -0.0217    0.0026    0.0155   -0.0007
            Y     0.0493    0.0334    0.0350    0.0083    0.0285   -0.0173
            Z     0.0219    0.0525    0.0589    0.0056    0.0332   -0.0177
 AT.   8 O  X     0.0130   -0.0018   -0.0370   -0.0028    0.0295    0.0549
            Y    -0.0043    0.0108   -0.0148   -0.0379    0.0206   -0.0319
            Z    -0.0120    0.0031    0.0402    0.0379   -0.0286   -0.0029
 AT.   9 O  X     0.0181    0.0004    0.0331   -0.0051   -0.0069    0.0420
            Y    -0.0057    0.0107    0.0191   -0.0406    0.0062   -0.0372
            Z     0.0130   -0.0109    0.0255    0.0433   -0.0393    0.0039
 AT.  10 O  X     0.0540    0.0099    0.0273    0.0001   -0.0103   -0.0353
            Y    -0.0468   -0.0363   -0.0514    0.0262   -0.0401    0.0473
            Z    -0.0228   -0.0565   -0.0583   -0.0312   -0.0436    0.0550

 FREQ(CM**-1)    193.60    195.24    222.39    228.99    267.99    279.45

 AT.   1 CA X    -0.0076   -0.0008   -0.0061   -0.0684   -0.0279    0.0151
            Y     0.0023    0.0245    0.0026   -0.0181   -0.0343   -0.0075
            Z    -0.0063    0.0052   -0.0073    0.0147    0.0175    0.0562
 AT.   2 MG X     0.0137    0.0124   -0.0517   -0.0368    0.0219   -0.0152
            Y     0.0036    0.0068    0.0112    0.0336    0.0140    0.0350
            Z     0.0067    0.0141    0.0144   -0.0382   -0.0232    0.0186
 AT.   3 C  X     0.0424    0.0239    0.0205    0.0094    0.0186   -0.0008
            Y     0.0299   -0.0277   -0.0063   -0.0346    0.0232    0.0123
            Z     0.0066    0.0410    0.0256    0.0130   -0.0196   -0.0089
 AT.   4 C  X     0.0175    0.0337    0.0393    0.0142    0.0036    0.0277
            Y     0.0019   -0.0228    0.0189    0.0027   -0.0175    0.0376
            Z    -0.0114    0.0286    0.0177    0.0033   -0.0036    0.0089
 AT.   5 O  X     0.0426   -0.0013    0.0262    0.0109    0.0304   -0.0041
            Y     0.0243   -0.0653    0.0039   -0.0339    0.0341    0.0129
            Z    -0.0887    0.0551   -0.0223    0.0538   -0.0389   -0.0412
 AT.   6 O  X     0.0636    0.0768    0.0084   -0.0166    0.0053   -0.0080
            Y     0.0255   -0.0335   -0.0062   -0.0356    0.0186    0.0145
            Z     0.0458    0.0806    0.0461   -0.0635    0.0200   -0.0030
 AT.   7 O  X    -0.0288    0.0137   -0.0423    0.0094   -0.0095    0.0366
            Y    -0.0162   -0.0040   -0.0280    0.0185    0.0291    0.0094
            Z    -0.0225    0.0004   -0.0702   -0.0207    0.0338   -0.0704
 AT.   8 O  X    -0.0453   -0.0105   -0.0101    0.0010    0.0294   -0.0183
            Y    -0.0241   -0.0115    0.0119   -0.0331    0.0256   -0.0076
            Z     0.0905    0.0053    0.0015    0.0524   -0.0342   -0.0762
 AT.   9 O  X    -0.0600    0.0097    0.0010   -0.0211    0.0156   -0.0125
            Y    -0.0235   -0.0064    0.0184   -0.0329    0.0166   -0.0054
            Z    -0.0404    0.0339   -0.0432   -0.0630    0.0016   -0.0028
 AT.  10 O  X     0.0154    0.0216    0.0396    0.0172   -0.0145    0.0381
            Y    -0.0020    0.0052    0.0177   -0.0021    0.0265    0.0173
            Z    -0.0037   -0.0099    0.0702   -0.0009    0.0359   -0.0674

 FREQ(CM**-1)    282.39    302.80    314.13    327.08    350.34    380.36

 AT.   1 CA X    -0.0081   -0.0229   -0.0002    0.0159    0.0029   -0.0019
            Y     0.0183   -0.0284   -0.0017   -0.0036    0.0160   -0.0222
            Z     0.0007   -0.0065   -0.0028   -0.0196   -0.0180   -0.0211
 AT.   2 MG X    -0.0213    0.0040    0.0823   -0.0036   -0.0204    0.0334
            Y     0.0067   -0.0533   -0.0009    0.0057   -0.0288    0.0281
            Z     0.0058    0.0414    0.0053    0.0017    0.0445    0.0332
 AT.   3 C  X    -0.0016    0.0150    0.0075   -0.0124   -0.0090   -0.0216
            Y    -0.0106    0.0357    0.0152    0.0290   -0.0237   -0.0152
            Z    -0.0439   -0.0072    0.0431    0.0080    0.0158   -0.0243
 AT.   4 C  X    -0.0248    0.0107   -0.0044    0.0122    0.0218    0.0192
            Y    -0.0202    0.0336    0.0021   -0.0275    0.0133    0.0040
            Z     0.0333   -0.0110    0.0574   -0.0073   -0.0179    0.0127
 AT.   5 O  X    -0.0300    0.0131    0.0317   -0.0191   -0.0000   -0.0270
            Y    -0.0497    0.0298    0.0413    0.0324   -0.0094   -0.0178
            Z    -0.0304    0.0428    0.0478    0.0531    0.0096   -0.0343
 AT.   6 O  X     0.0551    0.0275   -0.0340   -0.0307   -0.0072   -0.0120
            Y    -0.0141    0.0344    0.0162    0.0379   -0.0149   -0.0189
            Z    -0.0156    0.0087    0.0137    0.0261   -0.0007    0.0257
 AT.   7 O  X     0.0308   -0.0367   -0.0212    0.0046    0.0183    0.0081
            Y     0.0077   -0.0014    0.0602   -0.0019    0.0260    0.0187
            Z    -0.0096    0.0091   -0.0331    0.0218    0.0325   -0.0059
 AT.   8 O  X     0.0309    0.0308   -0.0277   -0.0151    0.0048   -0.0027
            Y     0.0348    0.0116   -0.0359    0.0298   -0.0106    0.0140
            Z     0.0539    0.0367   -0.0438    0.0594    0.0144    0.0099
 AT.   9 O  X    -0.0046   -0.0242    0.0262   -0.0298   -0.0030    0.0012
            Y     0.0241   -0.0053   -0.0164    0.0361   -0.0151    0.0088
            Z    -0.0298   -0.0404   -0.0046    0.0128   -0.0227    0.0339
 AT.  10 O  X    -0.0190    0.0114    0.0229    0.0118    0.0169    0.0167
            Y    -0.0382    0.0440   -0.0586   -0.0199    0.0253    0.0007
            Z     0.0605   -0.0800    0.0371    0.0580    0.0217    0.0473

 FREQ(CM**-1)    714.73    717.31    724.94    728.59    894.84    895.09

 AT.   1 CA X    -0.0025   -0.0002   -0.0014   -0.0012    0.0016   -0.0020
            Y    -0.0026   -0.0000    0.0026   -0.0005    0.0010   -0.0024
            Z     0.0020    0.0001   -0.0015    0.0018   -0.0028   -0.0016
 AT.   2 MG X     0.0002    0.0066   -0.0036    0.0003    0.0002   -0.0007
            Y    -0.0018   -0.0097    0.0010    0.0002   -0.0028   -0.0013
            Z     0.0000    0.0017    0.0020   -0.0002    0.0018   -0.0044
 AT.   3 C  X    -0.0058    0.0064    0.0293   -0.0031   -0.0054    0.0015
            Y    -0.0030   -0.0055   -0.0380   -0.0004   -0.0044    0.0047
            Z     0.0003    0.0003    0.0029   -0.0066   -0.1767    0.0000
 AT.   4 C  X     0.0374    0.0391   -0.0324    0.0047    0.0009    0.0050
            Y     0.0271    0.0287    0.0347   -0.0018    0.0042    0.0035
            Z    -0.0021    0.0035    0.0004    0.0065   -0.0001   -0.1766
 AT.   5 O  X     0.0088    0.0095    0.0605    0.0017    0.0007    0.0002
            Y     0.0095   -0.0081   -0.0310    0.0041    0.0019    0.0012
            Z     0.0028    0.0013   -0.0020    0.0026    0.0484   -0.0003
 AT.   6 O  X     0.0006   -0.0104   -0.0759    0.0046   -0.0040    0.0007
            Y    -0.0099   -0.0052   -0.0350   -0.0046    0.0039   -0.0022
            Z    -0.0012    0.0004    0.0104   -0.0036    0.0480    0.0021
 AT.   7 O  X     0.0791   -0.0739    0.0012   -0.0224   -0.0022   -0.0005
            Y     0.0008   -0.0055    0.0064    0.0916    0.0016   -0.0023
            Z     0.0030   -0.0042    0.0001   -0.0110   -0.0163    0.0429
 AT.   8 O  X     0.0052   -0.0055    0.0021    0.0697    0.0006   -0.0032
            Y     0.0018    0.0158   -0.0020   -0.0140    0.0014   -0.0021
            Z     0.0019   -0.0004    0.0018    0.0049    0.0426   -0.0308
 AT.   9 O  X    -0.0049    0.0155   -0.0025   -0.0652   -0.0040    0.0046
            Y    -0.0046   -0.0003    0.0006   -0.0480    0.0039   -0.0014
            Z    -0.0006   -0.0009   -0.0028    0.0051    0.0420   -0.0291
 AT.  10 O  X     0.0762    0.0772    0.0086    0.0035   -0.0005   -0.0012
            Y     0.0003    0.0045   -0.0930    0.0058   -0.0007   -0.0026
            Z     0.0030    0.0045    0.0086   -0.0011    0.0005    0.0477

 FREQ(CM**-1)   1112.18   1113.06   1454.78   1495.14   1501.84   1546.91

 AT.   1 CA X     0.0001    0.0005   -0.0005    0.0042   -0.0009    0.0017
            Y     0.0003    0.0020    0.0014   -0.0005   -0.0020    0.0026
            Z    -0.0000    0.0025   -0.0014    0.0008    0.0037   -0.0032
 AT.   2 MG X     0.0005    0.0022   -0.0006   -0.0056   -0.0005    0.0017
            Y     0.0005    0.0025   -0.0005    0.0043    0.0047    0.0021
            Z    -0.0038    0.0014    0.0011    0.0042   -0.0051   -0.0013
 AT.   3 C  X    -0.0005    0.0039    0.0014   -0.1082   -0.1259   -0.0118
            Y     0.0004   -0.0012    0.0324    0.1168   -0.1184    0.0070
            Z    -0.0004    0.0001    0.0007    0.0006    0.0051   -0.0019
 AT.   4 C  X    -0.0001   -0.0020   -0.1500    0.0264   -0.0093   -0.0644
            Y     0.0002    0.0027    0.0575    0.0147    0.0108   -0.1604
            Z     0.0004    0.0006   -0.0016    0.0024   -0.0023   -0.0033
 AT.   5 O  X    -0.0783   -0.0720    0.0052    0.0483    0.0171    0.0055
            Y     0.0580    0.0530   -0.0065   -0.0399    0.0035   -0.0026
            Z     0.0014    0.0003   -0.0013   -0.0015   -0.0032    0.0014
 AT.   6 O  X    -0.0108   -0.0108   -0.0013    0.0034    0.0153   -0.0015
            Y    -0.0967   -0.0867   -0.0132   -0.0464    0.0537   -0.0046
            Z     0.0010    0.0005    0.0004   -0.0004   -0.0029    0.0022
 AT.   7 O  X    -0.0216    0.0005    0.0427   -0.0307   -0.0298    0.0364
            Y    -0.0086   -0.0000    0.0124   -0.0046   -0.0153    0.0221
            Z     0.0004   -0.0006    0.0001   -0.0018    0.0019    0.0026
 AT.   8 O  X     0.0707   -0.0795   -0.0073    0.0485    0.0121    0.0081
            Y    -0.0521    0.0588    0.0022   -0.0394    0.0048   -0.0138
            Z    -0.0013    0.0002   -0.0014    0.0005   -0.0034   -0.0007
 AT.   9 O  X     0.0100   -0.0118   -0.0027    0.0044    0.0135   -0.0079
            Y     0.0873   -0.0964   -0.0080   -0.0353    0.0493   -0.0373
            Z    -0.0010    0.0005    0.0004    0.0005   -0.0041    0.0016
 AT.  10 O  X    -0.0003   -0.0211    0.0456   -0.0119    0.0011    0.0446
            Y    -0.0005   -0.0090    0.0128   -0.0056    0.0010    0.0271
            Z    -0.0005   -0.0009    0.0003    0.0002    0.0001    0.0033


  DISPERSION K POINT NUMBER    16 COORD:  C(  1  2  0 )    WEIGHT:    1.

    MODES         EIGV          FREQUENCIES     IRREP
             (HARTREE**2)   (CM**-1)     (THZ)
    1-   1    0.3080E-06    121.7983    3.6514  (  1)
    2-   2    0.4012E-06    139.0132    4.1675  (  1)
    3-   3    0.4410E-06    145.7474    4.3694  (  1)
    4-   4    0.4826E-06    152.4671    4.5708  (  1)
    5-   5    0.5446E-06    161.9583    4.8554  (  1)
    6-   6    0.6678E-06    179.3572    5.3770  (  1)
    7-   7    0.9145E-06    209.8791    6.2920  (  1)
    8-   8    0.1058E-05    225.7465    6.7677  (  1)
    9-   9    0.1064E-05    226.4042    6.7874  (  1)
   10-  10    0.1182E-05    238.6588    7.1548  (  1)
   11-  11    0.1448E-05    264.1411    7.9188  (  1)
   12-  12    0.1511E-05    269.7892    8.0881  (  1)
   13-  13    0.1808E-05    295.1464    8.8483  (  1)
   14-  14    0.1934E-05    305.2197    9.1503  (  1)
   15-  15    0.2049E-05    314.1770    9.4188  (  1)
   16-  16    0.2255E-05    329.5474    9.8796  (  1)
   17-  17    0.2336E-05    335.4770   10.0573  (  1)
   18-  18    0.2411E-05    340.7957   10.2168  (  1)
   19-  19    0.1058E-04    713.9285   21.4030  (  1)
   20-  20    0.1075E-04    719.4514   21.5686  (  1)
   21-  21    0.1075E-04    719.5892   21.5727  (  1)
   22-  22    0.1080E-04    721.4299   21.6279  (  1)
   23-  23    0.1655E-04    892.8835   26.7680  (  1)
   24-  24    0.1655E-04    892.9333   26.7695  (  1)
   25-  25    0.2567E-04   1112.0265   33.3377  (  1)
   26-  26    0.2567E-04   1112.0423   33.3382  (  1)
   27-  27    0.4545E-04   1479.6259   44.3581  (  1)
   28-  28    0.4607E-04   1489.7341   44.6611  (  1)
   29-  29    0.4845E-04   1527.6486   45.7978  (  1)
   30-  30    0.5093E-04   1566.3314   46.9574  (  1)

 MODES IN PHASE

 FREQ(CM**-1)    121.80    139.01    145.75    152.47    161.96    179.36

 AT.   1 CA X     0.0606    0.0245    0.0088   -0.0870   -0.0420    0.0250
            Y    -0.0000   -0.0434    0.0890   -0.0416    0.0118   -0.0376
            Z     0.0264    0.0218    0.0627    0.0720   -0.0816   -0.0281
 AT.   2 MG X     0.0027   -0.0188    0.0378    0.0018    0.0205   -0.0241
            Y     0.0211    0.0134    0.0261   -0.0375   -0.0186   -0.0079
            Z     0.0529   -0.0032   -0.0175   -0.0197    0.0043   -0.0685
 AT.   3 C  X    -0.0107    0.0033    0.0229   -0.0022   -0.0206    0.0122
            Y     0.0049    0.0151   -0.0150   -0.0154   -0.0070    0.0011
            Z    -0.0062   -0.0350   -0.0186   -0.0338   -0.0523    0.0188
 AT.   4 C  X    -0.0097    0.0024    0.0020    0.0035    0.0180   -0.0125
            Y    -0.0077    0.0086    0.0220   -0.0171    0.0154    0.0271
            Z     0.0408   -0.0288   -0.0138    0.0336    0.0143    0.0450
 AT.   5 O  X     0.0046    0.0407    0.0433   -0.0179   -0.0033    0.0154
            Y     0.0246    0.0646    0.0165   -0.0342    0.0156    0.0016
            Z     0.0575   -0.0574   -0.0219    0.0027   -0.0584   -0.0199
 AT.   6 O  X     0.0105    0.0320   -0.0236   -0.0188   -0.0154    0.0089
            Y     0.0034   -0.0008   -0.0077    0.0280   -0.0095   -0.0239
            Z    -0.0252    0.0058    0.0483    0.0267   -0.0170    0.0048
 AT.   7 O  X    -0.0227   -0.0121   -0.0163    0.0032    0.0094   -0.0263
            Y     0.0284    0.0021    0.0548   -0.0122    0.0464    0.0409
            Z     0.0324    0.0345    0.0386    0.0599    0.0254    0.0642
 AT.   8 O  X     0.0085   -0.0120    0.0428   -0.0181   -0.0062    0.0297
            Y     0.0283   -0.0030    0.0159   -0.0327    0.0125   -0.0101
            Z     0.0492    0.0234   -0.0172    0.0009   -0.0491   -0.0585
 AT.   9 O  X     0.0161    0.0439   -0.0207   -0.0192    0.0131    0.0010
            Y     0.0020   -0.0248   -0.0053    0.0280   -0.0041   -0.0038
            Z    -0.0177    0.0457    0.0447    0.0280    0.0169   -0.0344
 AT.  10 O  X    -0.0240    0.0280   -0.0120    0.0028    0.0070   -0.0159
            Y     0.0267   -0.0479    0.0529   -0.0126    0.0372    0.0354
            Z     0.0282   -0.0126    0.0365    0.0580    0.0024    0.0932

 FREQ(CM**-1)    209.88    225.75    226.40    238.66    264.14    269.79

 AT.   1 CA X     0.0011   -0.0103   -0.0071    0.0017    0.0200    0.0745
            Y    -0.0025    0.0008    0.0031    0.0049    0.0682   -0.0205
            Z     0.0066   -0.0143    0.0065   -0.0052   -0.0282   -0.0114
 AT.   2 MG X    -0.0001   -0.0012    0.0156   -0.0305   -0.0534    0.0108
            Y     0.0022   -0.0300   -0.0071   -0.0207   -0.0049   -0.0573
            Z    -0.0035    0.0234    0.0061    0.0677   -0.0116   -0.0244
 AT.   3 C  X     0.0386    0.0267   -0.0654    0.0289   -0.0061    0.0097
            Y     0.0181    0.0263    0.0454   -0.0137    0.0261   -0.0206
            Z     0.0266   -0.0256   -0.0086   -0.0140   -0.0234   -0.0089
 AT.   4 C  X     0.0232   -0.0324   -0.0655   -0.0205    0.0299   -0.0088
            Y     0.0383   -0.0303    0.0456    0.0249   -0.0247    0.0158
            Z     0.0167   -0.0085   -0.0088    0.0163    0.0283    0.0014
 AT.   5 O  X     0.0201    0.0227   -0.0682    0.0032   -0.0252   -0.0085
            Y    -0.0051    0.0163    0.0393   -0.0514    0.0058   -0.0378
            Z    -0.0254   -0.0432   -0.0137    0.0469   -0.0017    0.0187
 AT.   6 O  X    -0.0453    0.0055    0.0326   -0.0542    0.0117   -0.0443
            Y     0.0231    0.0292   -0.0212   -0.0212    0.0012    0.0334
            Z    -0.0565    0.0038    0.0134   -0.0284    0.0581    0.0726
 AT.   7 O  X     0.0020   -0.0637    0.0441    0.0118    0.0424   -0.0107
            Y    -0.0671   -0.0393   -0.0516    0.0287   -0.0635    0.0165
            Z    -0.0626    0.0089   -0.0153    0.0223    0.0429    0.0012
 AT.   8 O  X    -0.0239    0.0677    0.0285    0.0192   -0.0351   -0.0198
            Y     0.0161    0.0643   -0.0297   -0.0114    0.0049   -0.0697
            Z     0.0127   -0.0428    0.0165    0.0285   -0.0181   -0.0169
 AT.   9 O  X     0.0220   -0.0363    0.0177   -0.0059    0.0058   -0.0358
            Y    -0.0324   -0.0238   -0.0229   -0.0404   -0.0065    0.0227
            Z     0.0410   -0.0037    0.0283   -0.0462    0.0605    0.0397
 AT.  10 O  X     0.0082   -0.0406   -0.0693   -0.0067    0.0427    0.0027
            Y     0.0698   -0.0042    0.0631    0.0011   -0.0575   -0.0002
            Z     0.0634   -0.0201    0.0371    0.0551    0.0435   -0.0019

 FREQ(CM**-1)    295.15    305.22    314.18    329.55    335.48    340.80

 AT.   1 CA X    -0.0022   -0.0080   -0.0242    0.0055    0.0099   -0.0030
            Y    -0.0177    0.0036   -0.0105   -0.0215    0.0115   -0.0262
            Z    -0.0146   -0.0075   -0.0131    0.0064   -0.0171   -0.0210
 AT.   2 MG X     0.0091   -0.0229    0.0046    0.0145    0.1396    0.0773
            Y     0.0237    0.0003   -0.0064   -0.1116   -0.0565    0.1122
            Z    -0.0071    0.0091   -0.0337    0.1075   -0.0386    0.0888
 AT.   3 C  X    -0.0308   -0.0031    0.0259   -0.0115    0.0064    0.0068
            Y     0.0030   -0.0294   -0.0150    0.0025    0.0109   -0.0131
            Z     0.0355    0.0111    0.0124    0.0171    0.0115   -0.0155
 AT.   4 C  X     0.0145   -0.0033   -0.0387    0.0225   -0.0039   -0.0050
            Y    -0.0339   -0.0213    0.0029    0.0007   -0.0193   -0.0007
            Z    -0.0090    0.0218   -0.0150   -0.0128    0.0110    0.0191
 AT.   5 O  X    -0.0105   -0.0049    0.0332    0.0041    0.0083    0.0088
            Y     0.0318   -0.0250   -0.0012    0.0198    0.0155   -0.0233
            Z     0.0306   -0.0581    0.0138   -0.0212    0.0467   -0.0344
 AT.   6 O  X     0.0040   -0.0197   -0.0083    0.0005    0.0174   -0.0171
            Y    -0.0298    0.0264   -0.0130   -0.0095    0.0013    0.0194
            Z    -0.0437   -0.0070    0.0919    0.0261   -0.0368    0.0378
 AT.   7 O  X     0.0060   -0.0100    0.0212    0.0245    0.0081   -0.0014
            Y     0.0430    0.0252    0.0176    0.0252   -0.0493   -0.0176
            Z    -0.0451   -0.0449   -0.0069    0.0019    0.0487    0.0274
 AT.   8 O  X    -0.0052    0.0108    0.0413    0.0147    0.0151    0.0091
            Y    -0.0113    0.0341    0.0247    0.0226    0.0180   -0.0235
            Z     0.0223    0.0911    0.0772   -0.0105    0.0412   -0.0339
 AT.   9 O  X    -0.0457    0.0241    0.0029   -0.0131    0.0190   -0.0160
            Y     0.0118   -0.0113   -0.0230   -0.0093    0.0072    0.0189
            Z     0.0771    0.0126    0.0071    0.0449   -0.0381    0.0374
 AT.  10 O  X     0.0076   -0.0018   -0.0408    0.0207    0.0052   -0.0017
            Y    -0.0289   -0.0214    0.0108    0.0282   -0.0462   -0.0174
            Z     0.0687    0.0843   -0.0647   -0.0090    0.0469    0.0257

 FREQ(CM**-1)    713.93    719.45    719.59    721.43    892.88    892.93

 AT.   1 CA X     0.0000    0.0028   -0.0002   -0.0048   -0.0007    0.0019
            Y     0.0005   -0.0052    0.0004   -0.0024    0.0015    0.0009
            Z    -0.0016   -0.0026   -0.0007   -0.0006   -0.0001   -0.0013
 AT.   2 MG X    -0.0089   -0.0038   -0.0014   -0.0009    0.0016   -0.0019
            Y    -0.0072    0.0064    0.0015    0.0023    0.0015    0.0020
            Z    -0.0005   -0.0123    0.0008    0.0039   -0.0001   -0.0011
 AT.   3 C  X     0.0060   -0.0187   -0.0185   -0.0161   -0.0030   -0.0007
            Y    -0.0352   -0.0166   -0.0109   -0.0333   -0.0028    0.0006
            Z    -0.0035    0.0023    0.0004   -0.0008    0.1797   -0.1307
 AT.   4 C  X     0.0162    0.0047    0.0182    0.0019   -0.0008    0.0030
            Y     0.0343   -0.0394   -0.0120    0.0401    0.0008    0.0029
            Z     0.0016    0.0004    0.0029    0.0009    0.1307    0.1797
 AT.   5 O  X     0.0670    0.0340    0.0149    0.0539   -0.0043    0.0014
            Y     0.0208    0.0509    0.0549    0.0412   -0.0052    0.0005
            Z     0.0047    0.0058    0.0074    0.0068   -0.0466    0.0371
 AT.   6 O  X    -0.0496    0.0068   -0.1046    0.0694   -0.0007    0.0004
            Y     0.0520    0.0793    0.0167    0.0400    0.0004    0.0016
            Z     0.0050    0.0014    0.0123   -0.0093    0.0251    0.0115
 AT.   7 O  X    -0.0201   -0.0262   -0.0083    0.0354   -0.0007   -0.0038
            Y    -0.0619    0.0505   -0.0560    0.0439   -0.0019    0.0048
            Z     0.0042   -0.0067    0.0072   -0.0005    0.0234   -0.0452
 AT.   8 O  X    -0.0027    0.0156   -0.0068    0.0491   -0.0010    0.0009
            Y     0.0679    0.0423   -0.0720   -0.0422    0.0002   -0.0002
            Z     0.0057    0.0034   -0.0083   -0.0028   -0.0121    0.0262
 AT.   9 O  X    -0.0523   -0.0008    0.1019    0.0512   -0.0046   -0.0012
            Y    -0.0369    0.0776   -0.0101   -0.0316   -0.0012    0.0023
            Z     0.0046    0.0018   -0.0122   -0.0049    0.0462    0.0242
 AT.  10 O  X     0.0642   -0.0422   -0.0055    0.0471    0.0001   -0.0039
            Y    -0.0284    0.0597    0.0406   -0.0640    0.0031    0.0049
            Z     0.0054   -0.0082   -0.0065    0.0103   -0.0361   -0.0470

 FREQ(CM**-1)   1112.03   1112.04   1479.63   1489.73   1527.65   1566.33

 AT.   1 CA X    -0.0012    0.0002   -0.0002   -0.0021    0.0001   -0.0037
            Y    -0.0001   -0.0027   -0.0002   -0.0031   -0.0001    0.0026
            Z    -0.0000   -0.0001    0.0011   -0.0012    0.0003   -0.0001
 AT.   2 MG X    -0.0014    0.0061   -0.0007    0.0012    0.0037   -0.0013
            Y     0.0026    0.0033   -0.0020    0.0026   -0.0013    0.0009
            Z     0.0000    0.0002    0.0007    0.0060    0.0001    0.0015
 AT.   3 C  X    -0.0027   -0.0026    0.0330    0.0237    0.1192    0.1269
            Y     0.0023    0.0014    0.1355   -0.0960    0.0336   -0.0020
            Z    -0.0000    0.0000   -0.0044    0.0013    0.0022    0.0013
 AT.   4 C  X     0.0000    0.0021   -0.0243   -0.0909    0.1140   -0.1195
            Y    -0.0011   -0.0008    0.0955    0.1054    0.0594   -0.0245
            Z    -0.0000   -0.0000   -0.0028   -0.0009    0.0029   -0.0017
 AT.   5 O  X     0.0235    0.0418    0.0137   -0.0220   -0.0324   -0.0365
            Y    -0.0183   -0.0305   -0.0202    0.0223    0.0118    0.0227
            Z     0.0000    0.0000    0.0001   -0.0010   -0.0030    0.0008
 AT.   6 O  X    -0.0114    0.0064    0.0118    0.0051    0.0044    0.0114
            Y    -0.0977    0.0517    0.0442   -0.0317   -0.0365    0.0436
            Z     0.0016    0.0001   -0.0032   -0.0012   -0.0014   -0.0013
 AT.   7 O  X    -0.0655    0.0935   -0.0194   -0.0399    0.0324    0.0172
            Y    -0.0284    0.0404   -0.0038   -0.0125    0.0236   -0.0041
            Z     0.0001    0.0017   -0.0011    0.0020    0.0012    0.0007
 AT.   8 O  X     0.0400   -0.0213   -0.0012   -0.0478    0.0376    0.0136
            Y    -0.0293    0.0163    0.0139    0.0330   -0.0258   -0.0214
            Z    -0.0008    0.0005   -0.0012   -0.0004    0.0015   -0.0026
 AT.   9 O  X     0.0064    0.0119   -0.0096    0.0072    0.0052   -0.0034
            Y     0.0501    0.0990   -0.0207    0.0302    0.0552    0.0320
            Z    -0.0011   -0.0001    0.0021    0.0011    0.0025   -0.0005
 AT.  10 O  X     0.0938    0.0640   -0.0050    0.0194   -0.0473    0.0502
            Y     0.0404    0.0282   -0.0097   -0.0010   -0.0230    0.0159
            Z    -0.0001    0.0012    0.0019    0.0013   -0.0008    0.0034

 MODES IN ANTI-PHASE

 FREQ(CM**-1)    121.80    139.01    145.75    152.47    161.96    179.36

 AT.   1 CA X     0.0035    0.0286    0.0007   -0.0027   -0.0109    0.0118
            Y    -0.0000   -0.0507    0.0069   -0.0013    0.0031   -0.0178
            Z     0.0015    0.0255    0.0049    0.0023   -0.0212   -0.0133
 AT.   2 MG X     0.0002   -0.0220    0.0030    0.0001    0.0053   -0.0114
            Y     0.0012    0.0157    0.0020   -0.0012   -0.0048   -0.0037
            Z     0.0031   -0.0037   -0.0014   -0.0006    0.0011   -0.0323
 AT.   3 C  X     0.0151    0.0018   -0.0110   -0.0028   -0.0177    0.0179
            Y     0.0063    0.0150   -0.0178    0.0268   -0.0153   -0.0285
            Z    -0.0417   -0.0106    0.0219   -0.0207   -0.0135   -0.0411
 AT.   4 C  X     0.0158   -0.0028   -0.0253    0.0007    0.0203   -0.0178
            Y    -0.0020   -0.0194    0.0076    0.0257    0.0067    0.0089
            Z    -0.0108    0.0226    0.0252    0.0211    0.0521   -0.0032
 AT.   5 O  X     0.0336   -0.0058    0.0001   -0.0035   -0.0069    0.0258
            Y     0.0332    0.0070   -0.0026    0.0228   -0.0024   -0.0143
            Z    -0.0678    0.0147    0.0283   -0.0282    0.0040   -0.0594
 AT.   6 O  X     0.0480    0.0494    0.0173   -0.0068    0.0545   -0.0061
            Y    -0.0118   -0.0252    0.0151    0.0022    0.0088    0.0147
            Z     0.0624    0.0472   -0.0200    0.0227    0.0653   -0.0485
 AT.   7 O  X    -0.0122    0.0265    0.0263   -0.0060   -0.0026    0.0010
            Y    -0.0134   -0.0481   -0.0079   -0.0070   -0.0069    0.0122
            Z    -0.0338   -0.0074   -0.0106   -0.0287   -0.0406    0.0679
 AT.   8 O  X    -0.0328    0.0393    0.0067    0.0024    0.0044   -0.0045
            Y    -0.0301    0.0649    0.0051   -0.0249    0.0097    0.0103
            Z     0.0741   -0.0545   -0.0313    0.0283   -0.0319    0.0224
 AT.   9 O  X    -0.0464    0.0392   -0.0207    0.0056   -0.0551    0.0107
            Y     0.0122   -0.0046   -0.0162   -0.0004   -0.0123   -0.0278
            Z    -0.0649    0.0130    0.0272   -0.0210   -0.0653    0.0345
 AT.  10 O  X     0.0094   -0.0079   -0.0285    0.0062    0.0069   -0.0210
            Y     0.0167   -0.0053    0.0163    0.0062    0.0287    0.0238
            Z     0.0374    0.0330    0.0164    0.0324    0.0478    0.0064

 FREQ(CM**-1)    209.88    225.75    226.40    238.66    264.14    269.79

 AT.   1 CA X     0.0063   -0.0057   -0.0134   -0.0006    0.0027   -0.0337
            Y    -0.0145    0.0004    0.0060   -0.0018    0.0091    0.0093
            Z     0.0384   -0.0078    0.0124    0.0019   -0.0038    0.0051
 AT.   2 MG X    -0.0005   -0.0007    0.0298    0.0113   -0.0072   -0.0049
            Y     0.0127   -0.0164   -0.0136    0.0077   -0.0007    0.0259
            Z    -0.0206    0.0128    0.0117   -0.0251   -0.0016    0.0110
 AT.   3 C  X    -0.0093    0.0504   -0.0032   -0.0204   -0.0293   -0.0039
            Y     0.0377    0.0478    0.0045   -0.0359    0.0187    0.0226
            Z    -0.0053   -0.0037   -0.0034   -0.0092   -0.0231    0.0370
 AT.   4 C  X     0.0321   -0.0469   -0.0021   -0.0288   -0.0015   -0.0058
            Y    -0.0169   -0.0454   -0.0008   -0.0293   -0.0205    0.0262
            Z     0.0213    0.0244    0.0027   -0.0041    0.0168    0.0380
 AT.   5 O  X    -0.0148    0.0658   -0.0125   -0.0258   -0.0408    0.0189
            Y     0.0340    0.0658   -0.0090   -0.0423   -0.0024    0.0596
            Z    -0.0337   -0.0232    0.0106    0.0109   -0.0623    0.0389
 AT.   6 O  X    -0.0624   -0.0466    0.0440   -0.0541   -0.0209    0.0088
            Y    -0.0317   -0.0469   -0.0425    0.0373   -0.0290   -0.0009
            Z    -0.0370   -0.0068    0.0437    0.0378    0.0169    0.0109
 AT.   7 O  X     0.0305   -0.0076   -0.0537    0.0240    0.0068   -0.0130
            Y     0.0198    0.0200    0.0410    0.0318    0.0143    0.0148
            Z     0.0133   -0.0296    0.0346   -0.0586    0.0078    0.0036
 AT.   8 O  X    -0.0073   -0.0162   -0.0632    0.0175    0.0327   -0.0061
            Y     0.0304   -0.0216    0.0272    0.0655    0.0039   -0.0109
            Z    -0.0402   -0.0239   -0.0052   -0.0388    0.0597   -0.0397
 AT.   9 O  X    -0.0739    0.0297    0.0518    0.0764    0.0232    0.0275
            Y    -0.0222    0.0499   -0.0416   -0.0145    0.0283   -0.0245
            Z    -0.0536    0.0068    0.0359   -0.0102   -0.0010   -0.0617
 AT.  10 O  X     0.0295   -0.0496    0.0057   -0.0259    0.0046    0.0166
            Y    -0.0036   -0.0439   -0.0192   -0.0428   -0.0305   -0.0222
            Z    -0.0083    0.0234    0.0071    0.0299    0.0038   -0.0032

 FREQ(CM**-1)    295.15    305.22    314.18    329.55    335.48    340.80

 AT.   1 CA X     0.0047   -0.0260    0.0230   -0.0010   -0.0012    0.0001
            Y     0.0373    0.0119    0.0100    0.0038   -0.0014    0.0004
            Z     0.0308   -0.0246    0.0124   -0.0011    0.0021    0.0004
 AT.   2 MG X    -0.0192   -0.0746   -0.0044   -0.0026   -0.0172   -0.0013
            Y    -0.0499    0.0010    0.0061    0.0197    0.0069   -0.0019
            Z     0.0149    0.0298    0.0321   -0.0189    0.0047   -0.0015
 AT.   3 C  X     0.0038   -0.0012   -0.0342   -0.0212   -0.0008    0.0017
            Y    -0.0352    0.0119   -0.0230   -0.0040    0.0163    0.0090
            Z     0.0038    0.0271   -0.0087   -0.0004   -0.0264   -0.0129
 AT.   4 C  X    -0.0274   -0.0003   -0.0186   -0.0088   -0.0052   -0.0049
            Y    -0.0097   -0.0235   -0.0273   -0.0046    0.0035    0.0158
            Z     0.0345   -0.0195   -0.0021   -0.0113   -0.0266    0.0063
 AT.   5 O  X     0.0153    0.0120   -0.0397   -0.0319   -0.0294   -0.0101
            Y    -0.0113    0.0239   -0.0248   -0.0116   -0.0122    0.0073
            Z    -0.0538    0.0767   -0.0766   -0.0277    0.0168   -0.0123
 AT.   6 O  X     0.0558    0.0138   -0.0033    0.0398   -0.0085   -0.0331
            Y     0.0091    0.0189    0.0224    0.0010   -0.0249    0.0152
            Z    -0.0638    0.0123   -0.0025   -0.0597    0.0102    0.0119
 AT.   7 O  X    -0.0147   -0.0180    0.0419    0.0068    0.0110    0.0077
            Y     0.0022   -0.0008   -0.0099   -0.0131   -0.0067   -0.0061
            Z    -0.0519    0.0841    0.0645    0.0317    0.0014    0.0515
 AT.   8 O  X     0.0178    0.0072   -0.0312    0.0286    0.0265    0.0098
            Y    -0.0317    0.0058    0.0024    0.0041    0.0080   -0.0065
            Z    -0.0577    0.0310   -0.0099    0.0333   -0.0276    0.0134
 AT.   9 O  X     0.0322    0.0004    0.0085   -0.0376    0.0041    0.0336
            Y     0.0288    0.0305    0.0119    0.0023    0.0238   -0.0158
            Z    -0.0065    0.0063   -0.0917    0.0472   -0.0010   -0.0131
 AT.  10 O  X    -0.0140   -0.0205   -0.0232   -0.0148   -0.0127   -0.0077
            Y    -0.0319    0.0135   -0.0171    0.0037    0.0184    0.0067
            Z     0.0021    0.0445    0.0037   -0.0305   -0.0132   -0.0523

 FREQ(CM**-1)    713.93    719.45    719.59    721.43    892.88    892.93

 AT.   1 CA X    -0.0000    0.0003   -0.0017    0.0041   -0.0005   -0.0003
            Y    -0.0006   -0.0006    0.0032    0.0020    0.0012   -0.0001
            Z     0.0018   -0.0003   -0.0051    0.0005   -0.0001    0.0002
 AT.   2 MG X     0.0100   -0.0004   -0.0102    0.0008    0.0013    0.0003
            Y     0.0081    0.0007    0.0112   -0.0019    0.0012   -0.0003
            Z     0.0005   -0.0014    0.0057   -0.0033   -0.0001    0.0002
 AT.   3 C  X     0.0352    0.0007    0.0451   -0.0368   -0.0020   -0.0036
            Y     0.0101    0.0462   -0.0060    0.0253   -0.0041   -0.0049
            Z    -0.0020   -0.0011    0.0037    0.0003   -0.0001   -0.1233
 AT.   4 C  X     0.0318    0.0181   -0.0452   -0.0401    0.0035   -0.0021
            Y    -0.0129    0.0292   -0.0034    0.0118    0.0049   -0.0040
            Z    -0.0037   -0.0025   -0.0023    0.0000   -0.1234    0.0001
 AT.   5 O  X    -0.0050   -0.0764    0.0278   -0.0411    0.0000    0.0014
            Y    -0.0708   -0.0318   -0.0708    0.0494    0.0014    0.0024
            Z    -0.0063   -0.0098   -0.0043    0.0040   -0.0014    0.0326
 AT.   6 O  X     0.0584   -0.0329    0.0046   -0.0407   -0.0046    0.0055
            Y     0.0311    0.0014    0.0220    0.0384   -0.0013   -0.0026
            Z    -0.0052    0.0023   -0.0011    0.0034    0.0415   -0.0460
 AT.   7 O  X    -0.0623   -0.0732   -0.0496   -0.0421    0.0003    0.0006
            Y     0.0357    0.0461   -0.0490    0.0719    0.0036   -0.0012
            Z    -0.0059   -0.0072    0.0015   -0.0105   -0.0427    0.0129
 AT.   8 O  X    -0.0671    0.0821    0.0308   -0.0467   -0.0042   -0.0017
            Y    -0.0288    0.0425   -0.0533   -0.0485   -0.0054   -0.0024
            Z    -0.0054    0.0109   -0.0022   -0.0073   -0.0450   -0.0418
 AT.   9 O  X     0.0560    0.0336   -0.0239   -0.0620    0.0004   -0.0054
            Y    -0.0481    0.0168    0.0257   -0.0456    0.0007    0.0021
            Z    -0.0055   -0.0019    0.0023    0.0087    0.0148    0.0408
 AT.  10 O  X     0.0128    0.0653   -0.0500   -0.0283   -0.0008    0.0005
            Y     0.0656   -0.0334   -0.0624   -0.0547   -0.0027   -0.0002
            Z    -0.0048    0.0055    0.0034    0.0022    0.0326    0.0006

 FREQ(CM**-1)   1112.03   1112.04   1479.63   1489.73   1527.65   1566.33

 AT.   1 CA X     0.0027   -0.0001   -0.0006    0.0021    0.0003    0.0028
            Y     0.0002    0.0012   -0.0006    0.0031   -0.0002   -0.0019
            Z     0.0001    0.0001    0.0046    0.0012    0.0006    0.0001
 AT.   2 MG X     0.0033   -0.0026   -0.0028   -0.0012    0.0085    0.0010
            Y    -0.0061   -0.0014   -0.0079   -0.0026   -0.0030   -0.0007
            Z    -0.0001   -0.0001    0.0027   -0.0061    0.0003   -0.0011
 AT.   3 C  X    -0.0007    0.0016   -0.0988   -0.1357   -0.0113    0.0180
            Y    -0.0005   -0.0020   -0.0367    0.0449    0.1224   -0.1164
            Z    -0.0000   -0.0000    0.0017    0.0005    0.0037   -0.0019
 AT.   4 C  X    -0.0028    0.0022    0.1013   -0.1035    0.0368    0.0463
            Y     0.0021   -0.0023    0.1029   -0.0116   -0.1122   -0.1138
            Z    -0.0000   -0.0000   -0.0038    0.0011   -0.0031   -0.0015
 AT.   5 O  X    -0.0785    0.0700    0.0233    0.0483    0.0213   -0.0253
            Y     0.0585   -0.0522   -0.0084   -0.0336   -0.0243    0.0293
            Z     0.0011   -0.0007   -0.0023    0.0004   -0.0008    0.0030
 AT.   6 O  X     0.0021   -0.0104    0.0019   -0.0073    0.0111    0.0070
            Y     0.0248   -0.0877    0.0390   -0.0294    0.0415   -0.0202
            Z    -0.0001    0.0003   -0.0016   -0.0011    0.0021    0.0002
 AT.   7 O  X    -0.0671    0.0015   -0.0471   -0.0184   -0.0345   -0.0473
            Y    -0.0288   -0.0002   -0.0279    0.0013   -0.0096   -0.0179
            Z     0.0000   -0.0000    0.0020   -0.0014   -0.0000   -0.0034
 AT.   8 O  X    -0.0715   -0.0787    0.0270    0.0232   -0.0095    0.0423
            Y     0.0538    0.0582   -0.0169   -0.0231   -0.0077   -0.0302
            Z     0.0007    0.0005   -0.0020    0.0011   -0.0028   -0.0017
 AT.   9 O  X     0.0097    0.0026    0.0072   -0.0053    0.0107   -0.0129
            Y     0.0874    0.0238    0.0552    0.0310    0.0011   -0.0358
            Z    -0.0012   -0.0003   -0.0029    0.0011    0.0004    0.0012
 AT.  10 O  X     0.0003   -0.0682   -0.0507    0.0395    0.0006   -0.0027
            Y     0.0003   -0.0288   -0.0264    0.0125    0.0109    0.0092
            Z    -0.0001   -0.0012    0.0013   -0.0020    0.0008    0.0003


  DISPERSION K POINT NUMBER    17 COORD:  C(  1  2  1 )    WEIGHT:    1.

    MODES         EIGV          FREQUENCIES     IRREP
             (HARTREE**2)   (CM**-1)     (THZ)
    1-   1    0.2036E-06     99.0212    2.9686  (  1)
    2-   2    0.3427E-06    128.4868    3.8519  (  1)
    3-   3    0.3833E-06    135.8843    4.0737  (  1)
    4-   4    0.4560E-06    148.2027    4.4430  (  1)
    5-   5    0.5193E-06    158.1593    4.7415  (  1)
    6-   6    0.7214E-06    186.4178    5.5887  (  1)
    7-   7    0.7781E-06    193.6022    5.8040  (  1)
    8-   8    0.7913E-06    195.2353    5.8530  (  1)
    9-   9    0.1027E-05    222.3858    6.6670  (  1)
   10-  10    0.1089E-05    228.9853    6.8648  (  1)
   11-  11    0.1491E-05    267.9904    8.0342  (  1)
   12-  12    0.1621E-05    279.4464    8.3776  (  1)
   13-  13    0.1655E-05    282.3879    8.4658  (  1)
   14-  14    0.1903E-05    302.7977    9.0776  (  1)
   15-  15    0.2049E-05    314.1288    9.4173  (  1)
   16-  16    0.2221E-05    327.0809    9.8056  (  1)
   17-  17    0.2548E-05    350.3379   10.5029  (  1)
   18-  18    0.3003E-05    380.3580   11.4028  (  1)
   19-  19    0.1061E-04    714.7329   21.4272  (  1)
   20-  20    0.1068E-04    717.3102   21.5044  (  1)
   21-  21    0.1091E-04    724.9390   21.7331  (  1)
   22-  22    0.1102E-04    728.5930   21.8427  (  1)
   23-  23    0.1662E-04    894.8391   26.8266  (  1)
   24-  24    0.1663E-04    895.0927   26.8342  (  1)
   25-  25    0.2568E-04   1112.1785   33.3423  (  1)
   26-  26    0.2572E-04   1113.0565   33.3686  (  1)
   27-  27    0.4394E-04   1454.7774   43.6131  (  1)
   28-  28    0.4641E-04   1495.1400   44.8232  (  1)
   29-  29    0.4683E-04   1501.8401   45.0240  (  1)
   30-  30    0.4968E-04   1546.9087   46.3752  (  1)

 MODES IN PHASE

 FREQ(CM**-1)     99.02    128.49    135.88    148.20    158.16    186.42

 AT.   1 CA X     0.0076    0.0405    0.0098    0.0930    0.0489   -0.0021
            Y     0.0845   -0.0230    0.0270    0.0025    0.0032    0.0082
            Z    -0.0158    0.0592    0.0335   -0.0537    0.0162    0.0079
 AT.   2 MG X    -0.0174    0.0035   -0.0033    0.0156    0.0027    0.0295
            Y    -0.0215   -0.0024    0.0283   -0.0168   -0.0064    0.0042
            Z     0.0156    0.0050    0.0416   -0.0111   -0.0084    0.0285
 AT.   3 C  X     0.0479    0.0325   -0.0272   -0.0075    0.0026    0.0459
            Y     0.0364   -0.0061    0.0022    0.0105    0.0044    0.0194
            Z    -0.0074    0.0408   -0.0218    0.0118   -0.0453    0.0301
 AT.   4 C  X     0.0481    0.0364    0.0198   -0.0110    0.0083   -0.0536
            Y     0.0365   -0.0089   -0.0093    0.0135    0.0231   -0.0236
            Z    -0.0075    0.0374    0.0223    0.0160   -0.0010   -0.0245
 AT.   5 O  X     0.0251    0.0368   -0.0032   -0.0146    0.0340    0.0378
            Y     0.0059   -0.0002    0.0319   -0.0030    0.0476    0.0039
            Z    -0.0085    0.0283    0.0246    0.0437   -0.0503    0.0201
 AT.   6 O  X    -0.0450    0.0131    0.0174    0.0400    0.0152   -0.0269
            Y    -0.0209   -0.0043    0.0047   -0.0276    0.0185    0.0055
            Z     0.0096    0.0223    0.0517   -0.0352   -0.0023   -0.0283
 AT.   7 O  X     0.0331    0.0335   -0.0094   -0.0113    0.0210    0.0404
            Y     0.0695   -0.0110   -0.0415    0.0141   -0.0454    0.0400
            Z    -0.0146    0.0523   -0.0444   -0.0094   -0.0492    0.0054
 AT.   8 O  X     0.0253    0.0378   -0.0018   -0.0177    0.0135   -0.0498
            Y     0.0061   -0.0060   -0.0338   -0.0001    0.0316   -0.0137
            Z    -0.0087    0.0107    0.0479    0.0469    0.0152   -0.0040
 AT.   9 O  X    -0.0441   -0.0274   -0.0687    0.0409    0.0509    0.0499
            Y    -0.0205    0.0065    0.0053   -0.0280   -0.0250    0.0030
            Z     0.0099   -0.0410   -0.0499   -0.0373    0.0566    0.0479
 AT.  10 O  X     0.0333    0.0366    0.0024   -0.0144    0.0115   -0.0520
            Y     0.0696   -0.0125    0.0302    0.0160    0.0143   -0.0354
            Z    -0.0144    0.0438    0.0297   -0.0047    0.0016   -0.0038

 FREQ(CM**-1)    193.60    195.24    222.39    228.99    267.99    279.45

 AT.   1 CA X     0.0026   -0.0128   -0.0311   -0.0015    0.0010   -0.0012
            Y     0.0025    0.0068   -0.0234   -0.0053   -0.0026   -0.0008
            Z    -0.0029   -0.0031    0.0425   -0.0012   -0.0011    0.0047
 AT.   2 MG X     0.0046   -0.0002   -0.0248   -0.0644   -0.0026   -0.0456
            Y     0.0167   -0.0079   -0.0274   -0.0204    0.0562    0.0052
            Z    -0.0082    0.0079   -0.0101    0.0519    0.0502   -0.0224
 AT.   3 C  X    -0.0022   -0.0209   -0.0069    0.0181    0.0135   -0.0209
            Y     0.0525   -0.0157    0.0516    0.0097    0.0157    0.0435
            Z    -0.0026    0.0096   -0.0065   -0.0082    0.0212   -0.0070
 AT.   4 C  X     0.0038    0.0434   -0.0136   -0.0132   -0.0147    0.0219
            Y    -0.0525    0.0145    0.0493   -0.0115   -0.0121   -0.0428
            Z     0.0052   -0.0420    0.0032    0.0064   -0.0185    0.0053
 AT.   5 O  X     0.0098   -0.0310   -0.0146    0.0129    0.0353   -0.0321
            Y     0.0660   -0.0260    0.0412    0.0036    0.0422    0.0310
            Z    -0.0426    0.0103   -0.0170    0.0063    0.0945    0.0001
 AT.   6 O  X    -0.0071    0.0011    0.0221   -0.0539   -0.0027    0.0129
            Y    -0.0183    0.0200   -0.0307    0.0101   -0.0290   -0.0148
            Z     0.0035    0.0125    0.0134    0.0497   -0.0128    0.0010
 AT.   7 O  X     0.0014   -0.0306   -0.0139    0.0165    0.0346   -0.0228
            Y     0.0516    0.0036    0.0665    0.0194   -0.0238    0.0503
            Z     0.0915    0.0294    0.0631   -0.0076   -0.0220   -0.0817
 AT.   8 O  X    -0.0099    0.0771   -0.0193   -0.0097   -0.0366    0.0336
            Y    -0.0679    0.0585    0.0423   -0.0088   -0.0399   -0.0299
            Z     0.0451   -0.0782    0.0001    0.0036   -0.0959   -0.0005
 AT.   9 O  X     0.0029    0.0087    0.0223    0.0539   -0.0010   -0.0141
            Y     0.0278   -0.0016   -0.0127   -0.0076    0.0294    0.0083
            Z    -0.0156   -0.0069   -0.0136   -0.0480    0.0084   -0.0125
 AT.  10 O  X    -0.0007    0.0665   -0.0187   -0.0115   -0.0359    0.0241
            Y    -0.0505   -0.0324    0.0613   -0.0212    0.0289   -0.0489
            Z    -0.0907   -0.0652    0.0585   -0.0007    0.0266    0.0719

 FREQ(CM**-1)    282.39    302.80    314.13    327.08    350.34    380.36

 AT.   1 CA X    -0.0079    0.0178    0.0130   -0.0062    0.0046    0.0167
            Y     0.0009   -0.0460   -0.0100   -0.0068   -0.0039   -0.0116
            Z    -0.0003    0.0088    0.0265   -0.0111   -0.0067    0.0193
 AT.   2 MG X    -0.0215    0.0445    0.0438    0.1403   -0.0373    0.0221
            Y    -0.0197   -0.0214    0.0741    0.0046    0.0813   -0.1244
            Z    -0.0076   -0.0382   -0.0055    0.0353    0.1126    0.0962
 AT.   3 C  X     0.0101   -0.0212   -0.0050    0.0148   -0.0181   -0.0124
            Y    -0.0151    0.0348   -0.0006   -0.0065   -0.0111    0.0087
            Z     0.0373    0.0016   -0.0580    0.0077   -0.0054   -0.0147
 AT.   4 C  X    -0.0113    0.0041    0.0076    0.0194    0.0051    0.0032
            Y     0.0244    0.0181   -0.0206    0.0002    0.0239   -0.0264
            Z    -0.0255   -0.0180   -0.0058    0.0028    0.0161    0.0248
 AT.   5 O  X     0.0372   -0.0191   -0.0369    0.0249   -0.0126   -0.0077
            Y     0.0273    0.0357   -0.0442    0.0045   -0.0093    0.0067
            Z     0.0014    0.0033   -0.0490   -0.0015   -0.0879   -0.0316
 AT.   6 O  X    -0.0016   -0.0278   -0.0439   -0.0257    0.0052    0.0085
            Y     0.0346   -0.0242    0.0178    0.0017   -0.0042    0.0134
            Z     0.0276    0.0149    0.0040    0.0568   -0.0311   -0.0470
 AT.   7 O  X     0.0256   -0.0185   -0.0245    0.0160   -0.0166   -0.0134
            Y    -0.0524    0.0374    0.0591   -0.0025   -0.0125    0.0068
            Z     0.0407   -0.0560   -0.0493    0.0377    0.0230   -0.0121
 AT.   8 O  X    -0.0306   -0.0127    0.0014    0.0286    0.0048    0.0107
            Y    -0.0079   -0.0121   -0.0207    0.0042    0.0182   -0.0199
            Z     0.0167    0.0396   -0.0370    0.0236    0.0792   -0.0230
 AT.   9 O  X     0.0144   -0.0391    0.0381    0.0104    0.0048   -0.0125
            Y    -0.0366    0.0234    0.0039   -0.0036   -0.0166    0.0150
            Z    -0.0478    0.0809   -0.0421   -0.0115    0.0513    0.0091
 AT.  10 O  X    -0.0203   -0.0003   -0.0001    0.0241    0.0092    0.0028
            Y     0.0498    0.0420   -0.0001    0.0017    0.0147   -0.0321
            Z    -0.0500   -0.0515    0.0108    0.0260   -0.0140    0.0345

 FREQ(CM**-1)    714.73    717.31    724.94    728.59    894.84    895.09

 AT.   1 CA X     0.0009   -0.0006    0.0051   -0.0001   -0.0001   -0.0004
            Y    -0.0030   -0.0023   -0.0001   -0.0008    0.0018    0.0011
            Z    -0.0018   -0.0016   -0.0026   -0.0011    0.0027   -0.0006
 AT.   2 MG X     0.0032   -0.0138    0.0004    0.0007    0.0007    0.0007
            Y    -0.0014   -0.0010    0.0004   -0.0059   -0.0004   -0.0011
            Z    -0.0000    0.0021    0.0003   -0.0044   -0.0005    0.0038
 AT.   3 C  X    -0.0035   -0.0015   -0.0549   -0.0258    0.0025   -0.0000
            Y     0.0220   -0.0304   -0.0096   -0.0056   -0.0068    0.0055
            Z     0.0010    0.0022    0.0017    0.0050    0.1385    0.1790
 AT.   4 C  X     0.0026    0.0116   -0.0228    0.0536    0.0006    0.0021
            Y    -0.0299   -0.0220   -0.0081    0.0063   -0.0064   -0.0066
            Z    -0.0013    0.0015   -0.0023    0.0024    0.1791   -0.1385
 AT.   5 O  X    -0.0427    0.0498    0.0101    0.0025   -0.0052   -0.0028
            Y    -0.0181    0.0209    0.0996    0.0458   -0.0014   -0.0058
            Z    -0.0032    0.0037    0.0109    0.0071   -0.0375   -0.0484
 AT.   6 O  X     0.0265    0.0449   -0.0404   -0.1054    0.0017   -0.0005
            Y     0.0399    0.0733    0.0162    0.0281   -0.0005    0.0018
            Z    -0.0028   -0.0059    0.0048    0.0124   -0.0081    0.0230
 AT.   7 O  X     0.0302   -0.0418   -0.0692   -0.0287   -0.0007   -0.0015
            Y    -0.0373    0.0462   -0.0442   -0.0249    0.0011    0.0070
            Z     0.0039   -0.0052   -0.0014   -0.0004   -0.0382   -0.0482
 AT.   8 O  X     0.0518    0.0423    0.0063    0.0073   -0.0051    0.0007
            Y     0.0086   -0.0006    0.0475   -0.0962   -0.0015    0.0048
            Z     0.0048    0.0026    0.0024   -0.0081   -0.0486    0.0388
 AT.   9 O  X     0.0397   -0.0129   -0.0978    0.0454   -0.0037   -0.0007
            Y     0.0768   -0.0442    0.0439   -0.0073   -0.0013   -0.0004
            Z    -0.0024    0.0016    0.0103   -0.0046    0.0232    0.0093
 AT.  10 O  X    -0.0326   -0.0175   -0.0344    0.0570   -0.0014    0.0017
            Y     0.0526    0.0470   -0.0211    0.0613    0.0016   -0.0059
            Z    -0.0080   -0.0067    0.0010   -0.0044   -0.0490    0.0371

 FREQ(CM**-1)   1112.18   1113.06   1454.78   1495.14   1501.84   1546.91

 AT.   1 CA X     0.0008    0.0014   -0.0000   -0.0028   -0.0013   -0.0004
            Y    -0.0008   -0.0014    0.0000   -0.0038    0.0018    0.0008
            Z    -0.0001    0.0023    0.0000    0.0009    0.0036    0.0009
 AT.   2 MG X     0.0001    0.0003    0.0003    0.0041    0.0045   -0.0014
            Y    -0.0005   -0.0009   -0.0012    0.0017   -0.0019    0.0035
            Z    -0.0028    0.0004   -0.0017    0.0026   -0.0053    0.0019
 AT.   3 C  X     0.0006   -0.0034   -0.1422    0.1653   -0.0392    0.0859
            Y     0.0003   -0.0020   -0.0977    0.0507    0.1683   -0.1212
            Z    -0.0006   -0.0002    0.0013   -0.0004    0.0051    0.0039
 AT.   4 C  X    -0.0005   -0.0016    0.1417    0.1648   -0.0410   -0.1067
            Y    -0.0002   -0.0034    0.0988    0.0517    0.1422    0.1359
            Z     0.0001    0.0005   -0.0014   -0.0004    0.0055   -0.0033
 AT.   5 O  X    -0.0820   -0.0541    0.0244   -0.0414    0.0388   -0.0449
            Y     0.0601    0.0413   -0.0066    0.0190   -0.0400    0.0390
            Z     0.0010    0.0004    0.0000   -0.0000   -0.0029   -0.0016
 AT.   6 O  X     0.0070   -0.0042   -0.0052    0.0071    0.0017    0.0002
            Y     0.0512   -0.0299   -0.0117    0.0236    0.0350   -0.0054
            Z     0.0002   -0.0001    0.0011   -0.0009    0.0020    0.0006
 AT.   7 O  X     0.0936    0.0642    0.0646   -0.0647   -0.0056   -0.0186
            Y     0.0404    0.0286    0.0304   -0.0244   -0.0166    0.0073
            Z     0.0015    0.0003   -0.0008   -0.0006   -0.0032   -0.0042
 AT.   8 O  X     0.0551   -0.0815   -0.0241   -0.0410    0.0355    0.0540
            Y    -0.0413    0.0610    0.0063    0.0187   -0.0359   -0.0473
            Z    -0.0009    0.0005   -0.0000    0.0000   -0.0041    0.0005
 AT.   9 O  X     0.0037    0.0065    0.0056    0.0067    0.0002   -0.0007
            Y     0.0305    0.0504    0.0134    0.0229   -0.0033    0.0325
            Z    -0.0006   -0.0012   -0.0012   -0.0009    0.0000   -0.0023
 AT.  10 O  X    -0.0628    0.0947   -0.0645   -0.0647   -0.0017    0.0246
            Y    -0.0278    0.0408   -0.0305   -0.0244   -0.0126   -0.0063
            Z    -0.0009    0.0002    0.0008   -0.0005   -0.0034    0.0040

 MODES IN ANTI-PHASE

 FREQ(CM**-1)     99.02    128.49    135.88    148.20    158.16    186.42

 AT.   1 CA X    -0.0001    0.0282   -0.0161   -0.0050    0.0575    0.0115
            Y    -0.0006   -0.0160   -0.0443   -0.0001    0.0037   -0.0441
            Z     0.0001    0.0412   -0.0550    0.0029    0.0191   -0.0427
 AT.   2 MG X    -0.0297   -0.0417   -0.0001    0.0239   -0.0076   -0.0105
            Y    -0.0367    0.0284    0.0007   -0.0258    0.0181   -0.0015
            Z     0.0265   -0.0593    0.0010   -0.0170    0.0237   -0.0101
 AT.   3 C  X    -0.0095    0.0268   -0.0083    0.0323    0.0088    0.0300
            Y    -0.0058   -0.0072    0.0093   -0.0280    0.0242    0.0153
            Z     0.0080    0.0248   -0.0138   -0.0398   -0.0084   -0.0099
 AT.   4 C  X     0.0088    0.0212    0.0204   -0.0313    0.0040    0.0116
            Y     0.0053   -0.0032    0.0023    0.0267    0.0082    0.0073
            Z    -0.0079    0.0296    0.0131    0.0383   -0.0460   -0.0200
 AT.   5 O  X    -0.0131    0.0267    0.0036    0.0296    0.0192    0.0406
            Y    -0.0127   -0.0064    0.0215   -0.0269    0.0397    0.0280
            Z     0.0127    0.0010   -0.0665   -0.0315    0.0072   -0.0412
 AT.   6 O  X    -0.0692   -0.0340    0.0683   -0.0111    0.0541   -0.0693
            Y    -0.0241    0.0086   -0.0084    0.0051   -0.0223   -0.0226
            Z    -0.0224   -0.0520    0.0295    0.0216    0.0570   -0.0599
 AT.   7 O  X    -0.0090    0.0266    0.0021    0.0294    0.0151    0.0398
            Y    -0.0066   -0.0093   -0.0126   -0.0179    0.0071   -0.0054
            Z    -0.0125    0.0273   -0.0105   -0.0427   -0.0064   -0.0035
 AT.   8 O  X     0.0128    0.0252    0.0045   -0.0279    0.0366    0.0243
            Y     0.0126    0.0020   -0.0185    0.0271    0.0533    0.0248
            Z    -0.0126    0.0262   -0.0523    0.0266   -0.0485   -0.0457
 AT.   9 O  X     0.0698    0.0241    0.0158    0.0067    0.0237   -0.0550
            Y     0.0244   -0.0070   -0.0080   -0.0021    0.0146   -0.0231
            Z     0.0223    0.0390   -0.0325   -0.0177    0.0069   -0.0458
 AT.  10 O  X     0.0086    0.0222    0.0093   -0.0280    0.0232    0.0227
            Y     0.0057   -0.0071    0.0312    0.0163   -0.0436   -0.0194
            Z     0.0127    0.0396    0.0346    0.0435   -0.0496   -0.0052

 FREQ(CM**-1)    193.60    195.24    222.39    228.99    267.99    279.45

 AT.   1 CA X    -0.0278   -0.0205    0.0060    0.0189   -0.0158   -0.0144
            Y    -0.0263    0.0109    0.0045    0.0695    0.0414   -0.0095
            Z     0.0304   -0.0049   -0.0082    0.0150    0.0176    0.0575
 AT.   2 MG X    -0.0021    0.0003   -0.0286    0.0309    0.0013    0.0316
            Y    -0.0077    0.0149   -0.0316    0.0098   -0.0279   -0.0036
            Z     0.0037   -0.0149   -0.0116   -0.0249   -0.0250    0.0155
 AT.   3 C  X    -0.0086    0.0381    0.0193   -0.0309    0.0103    0.0081
            Y     0.0053    0.0084   -0.0037    0.0123   -0.0283    0.0009
            Z    -0.0136   -0.0421   -0.0249    0.0111   -0.0204   -0.0100
 AT.   4 C  X    -0.0081   -0.0021   -0.0154   -0.0333    0.0086    0.0046
            Y    -0.0047   -0.0104   -0.0157    0.0107   -0.0300    0.0080
            Z    -0.0129   -0.0098    0.0255    0.0123   -0.0228   -0.0110
 AT.   5 O  X     0.0013    0.0707    0.0157   -0.0198    0.0123    0.0119
            Y     0.0163    0.0525   -0.0110    0.0345   -0.0153    0.0043
            Z    -0.0172   -0.0819   -0.0428   -0.0643    0.0168   -0.0030
 AT.   6 O  X     0.0214    0.0103   -0.0050   -0.0037    0.0301   -0.0084
            Y    -0.0521    0.0080   -0.0425   -0.0152   -0.0054   -0.0390
            Z     0.0644   -0.0015    0.0699   -0.0072    0.0343   -0.0711
 AT.   7 O  X    -0.0037    0.0591    0.0156   -0.0315    0.0132    0.0100
            Y    -0.0007   -0.0342    0.0014    0.0133   -0.0426    0.0045
            Z     0.0044   -0.0582    0.0002    0.0538   -0.0382   -0.0538
 AT.   8 O  X    -0.0006    0.0031   -0.0092   -0.0215    0.0078    0.0066
            Y     0.0036   -0.0003   -0.0051    0.0336   -0.0204    0.0092
            Z    -0.0089   -0.0266    0.0461   -0.0645    0.0049   -0.0030
 AT.   9 O  X     0.0224    0.0055   -0.0036    0.0046    0.0302   -0.0062
            Y    -0.0477    0.0215    0.0509   -0.0166   -0.0017   -0.0408
            Z     0.0626    0.0106   -0.0699   -0.0147    0.0356   -0.0700
 AT.  10 O  X    -0.0039   -0.0016   -0.0093   -0.0336    0.0088    0.0062
            Y    -0.0104   -0.0118   -0.0260    0.0102   -0.0393    0.0127
            Z    -0.0129    0.0009   -0.0236    0.0543   -0.0352   -0.0664

 FREQ(CM**-1)    282.39    302.80    314.13    327.08    350.34    380.36

 AT.   1 CA X    -0.0494   -0.0132   -0.0113    0.0107   -0.0116   -0.0231
            Y     0.0054    0.0341    0.0087    0.0117    0.0099    0.0160
            Z    -0.0016   -0.0065   -0.0230    0.0190    0.0168   -0.0266
 AT.   2 MG X     0.0175    0.0193    0.0152    0.0006    0.0055    0.0023
            Y     0.0160   -0.0093    0.0257    0.0000   -0.0119   -0.0130
            Z     0.0062   -0.0166   -0.0019    0.0001   -0.0165    0.0100
 AT.   3 C  X    -0.0056   -0.0107   -0.0084   -0.0306    0.0118    0.0007
            Y     0.0323   -0.0083    0.0207    0.0034   -0.0232    0.0250
            Z     0.0316    0.0193   -0.0025   -0.0076   -0.0177   -0.0213
 AT.   4 C  X    -0.0021    0.0234    0.0061   -0.0280    0.0210    0.0120
            Y     0.0259   -0.0309   -0.0024    0.0073   -0.0093   -0.0006
            Z     0.0417   -0.0072    0.0578   -0.0105   -0.0092    0.0074
 AT.   5 O  X     0.0151    0.0075   -0.0068   -0.0470    0.0063   -0.0087
            Y     0.0576    0.0236    0.0145   -0.0074   -0.0166    0.0187
            Z     0.0576   -0.0404    0.0303   -0.0262   -0.0222    0.0345
 AT.   6 O  X     0.0412    0.0324   -0.0449    0.0026   -0.0125    0.0104
            Y    -0.0119   -0.0319   -0.0013    0.0031    0.0287   -0.0202
            Z    -0.0691   -0.0800    0.0431   -0.0189   -0.0417    0.0057
 AT.   7 O  X     0.0129   -0.0053   -0.0035   -0.0368    0.0041    0.0014
            Y    -0.0001   -0.0325    0.0086   -0.0005   -0.0082    0.0315
            Z    -0.0364    0.0368   -0.0181   -0.0512   -0.0039   -0.0323
 AT.   8 O  X     0.0260    0.0161    0.0375   -0.0448    0.0132    0.0046
            Y     0.0632   -0.0410    0.0417   -0.0075   -0.0057   -0.0006
            Z     0.0551    0.0086    0.0441   -0.0116    0.0441    0.0408
 AT.   9 O  X     0.0387    0.0172    0.0499    0.0237   -0.0126   -0.0048
            Y    -0.0004    0.0325   -0.0174    0.0000    0.0238   -0.0190
            Z    -0.0570    0.0091   -0.0101   -0.0587   -0.0090    0.0465
 AT.  10 O  X     0.0202    0.0193    0.0248   -0.0321    0.0144    0.0131
            Y    -0.0165   -0.0262   -0.0597    0.0019    0.0026    0.0033
            Z    -0.0219    0.0428    0.0514   -0.0581   -0.0186    0.0015

 FREQ(CM**-1)    714.73    717.31    724.94    728.59    894.84    895.09

 AT.   1 CA X    -0.0005    0.0011    0.0035   -0.0001   -0.0000   -0.0011
            Y     0.0017    0.0040   -0.0001   -0.0012    0.0006    0.0030
            Z     0.0010    0.0028   -0.0018   -0.0017    0.0010   -0.0016
 AT.   2 MG X     0.0018   -0.0001   -0.0050   -0.0013    0.0039   -0.0008
            Y    -0.0008   -0.0000   -0.0050    0.0122   -0.0019    0.0013
            Z    -0.0000    0.0000   -0.0039    0.0090   -0.0028   -0.0044
 AT.   3 C  X    -0.0049   -0.0125   -0.0028    0.0474   -0.0021    0.0033
            Y     0.0467    0.0423   -0.0049    0.0045   -0.0018   -0.0036
            Z     0.0021   -0.0030   -0.0031    0.0046    0.1135    0.0003
 AT.   4 C  X     0.0055   -0.0048   -0.0500   -0.0065    0.0032    0.0025
            Y    -0.0421    0.0472   -0.0072   -0.0035   -0.0029    0.0007
            Z    -0.0019   -0.0034    0.0027    0.0064   -0.0003    0.1134
 AT.   5 O  X    -0.0835   -0.0767    0.0028    0.0088   -0.0018   -0.0022
            Y    -0.0201   -0.0111    0.0117   -0.0854   -0.0006    0.0005
            Z    -0.0074   -0.0050   -0.0017   -0.0059   -0.0309    0.0020
 AT.   6 O  X    -0.0306   -0.0105   -0.0892    0.0071   -0.0079   -0.0017
            Y    -0.0657    0.0094    0.0408    0.0033   -0.0014    0.0015
            Z     0.0011    0.0015    0.0091   -0.0001    0.0467    0.0429
 AT.   7 O  X     0.0544    0.0437   -0.0096    0.0500   -0.0014    0.0009
            Y    -0.0814   -0.0800   -0.0052    0.0561    0.0012   -0.0008
            Z     0.0114    0.0107    0.0017   -0.0049   -0.0306   -0.0004
 AT.   8 O  X     0.0783   -0.0811    0.0083    0.0056   -0.0018   -0.0035
            Y     0.0257   -0.0237    0.0883    0.0112   -0.0004   -0.0033
            Z     0.0064   -0.0057    0.0107    0.0045    0.0002   -0.0291
 AT.   9 O  X    -0.0081   -0.0442   -0.0047   -0.0954    0.0072   -0.0017
            Y    -0.0025   -0.0592    0.0001    0.0273    0.0007    0.0024
            Z     0.0019    0.0059    0.0011    0.0115   -0.0413    0.0478
 AT.  10 O  X    -0.0530    0.0579   -0.0608   -0.0083    0.0006   -0.0002
            Y     0.0725   -0.0795   -0.0392   -0.0025   -0.0003    0.0038
            Z    -0.0090    0.0098   -0.0019   -0.0022   -0.0004   -0.0307

 FREQ(CM**-1)   1112.18   1113.06   1454.78   1495.14   1501.84   1546.91

 AT.   1 CA X     0.0017    0.0006    0.0015    0.0001    0.0004    0.0014
            Y    -0.0018   -0.0006   -0.0003    0.0001   -0.0005   -0.0028
            Z    -0.0003    0.0010   -0.0014   -0.0000   -0.0011   -0.0032
 AT.   2 MG X    -0.0002    0.0027   -0.0001    0.0068    0.0043    0.0003
            Y     0.0006   -0.0081    0.0006    0.0029   -0.0019   -0.0009
            Z     0.0039    0.0035    0.0009    0.0044   -0.0050   -0.0005
 AT.   3 C  X    -0.0002    0.0009    0.0097    0.0105    0.0146    0.0639
            Y     0.0000   -0.0028   -0.0299   -0.0269    0.0003   -0.0627
            Z    -0.0004    0.0009    0.0009    0.0024   -0.0023    0.0001
 AT.   4 C  X     0.0003   -0.0031    0.0151   -0.0166    0.0086    0.0083
            Y     0.0003    0.0004   -0.0262    0.0250   -0.0900    0.0115
            Z    -0.0007   -0.0007    0.0008   -0.0023   -0.0007   -0.0020
 AT.   5 O  X    -0.0001   -0.0610   -0.0077   -0.0100   -0.0052   -0.0299
            Y    -0.0012    0.0449    0.0070    0.0073    0.0038    0.0269
            Z    -0.0002    0.0004    0.0004   -0.0011    0.0032    0.0016
 AT.   6 O  X     0.0114    0.0126   -0.0113    0.0120    0.0022    0.0011
            Y     0.0877    0.0953   -0.0450    0.0181    0.0616   -0.0524
            Z    -0.0007   -0.0015    0.0002   -0.0023    0.0032    0.0033
 AT.   7 O  X     0.0002    0.0696   -0.0001    0.0008   -0.0058   -0.0167
            Y    -0.0008    0.0292    0.0026    0.0009   -0.0028    0.0002
            Z     0.0001   -0.0001   -0.0014   -0.0024    0.0013   -0.0008
 AT.   8 O  X    -0.0607    0.0010   -0.0087    0.0115   -0.0163   -0.0014
            Y     0.0436    0.0003    0.0072   -0.0080    0.0182    0.0020
            Z     0.0006   -0.0000    0.0004    0.0011   -0.0012    0.0022
 AT.   9 O  X     0.0129   -0.0116   -0.0111   -0.0123   -0.0028    0.0009
            Y     0.0969   -0.0862   -0.0445   -0.0190   -0.0708   -0.0414
            Z    -0.0003    0.0009    0.0002    0.0023   -0.0038    0.0025
 AT.  10 O  X     0.0694    0.0008   -0.0025    0.0016    0.0079   -0.0042
            Y     0.0293    0.0015    0.0014   -0.0000    0.0112   -0.0037
            Z     0.0012    0.0003   -0.0013    0.0024    0.0006    0.0015


  DISPERSION K POINT NUMBER    18 COORD:  C(  1  2  2 )    WEIGHT:    1.

    MODES         EIGV          FREQUENCIES     IRREP
             (HARTREE**2)   (CM**-1)     (THZ)
    1-   1    0.2036E-06     99.0212    2.9686  (  1)
    2-   2    0.3427E-06    128.4868    3.8519  (  1)
    3-   3    0.3833E-06    135.8843    4.0737  (  1)
    4-   4    0.4560E-06    148.2027    4.4430  (  1)
    5-   5    0.5193E-06    158.1593    4.7415  (  1)
    6-   6    0.7214E-06    186.4178    5.5887  (  1)
    7-   7    0.7781E-06    193.6022    5.8040  (  1)
    8-   8    0.7913E-06    195.2353    5.8530  (  1)
    9-   9    0.1027E-05    222.3858    6.6670  (  1)
   10-  10    0.1089E-05    228.9853    6.8648  (  1)
   11-  11    0.1491E-05    267.9904    8.0342  (  1)
   12-  12    0.1621E-05    279.4464    8.3776  (  1)
   13-  13    0.1655E-05    282.3879    8.4658  (  1)
   14-  14    0.1903E-05    302.7977    9.0776  (  1)
   15-  15    0.2049E-05    314.1288    9.4173  (  1)
   16-  16    0.2221E-05    327.0809    9.8056  (  1)
   17-  17    0.2548E-05    350.3379   10.5029  (  1)
   18-  18    0.3003E-05    380.3580   11.4028  (  1)
   19-  19    0.1061E-04    714.7329   21.4272  (  1)
   20-  20    0.1068E-04    717.3102   21.5044  (  1)
   21-  21    0.1091E-04    724.9390   21.7331  (  1)
   22-  22    0.1102E-04    728.5930   21.8427  (  1)
   23-  23    0.1662E-04    894.8391   26.8266  (  1)
   24-  24    0.1663E-04    895.0927   26.8342  (  1)
   25-  25    0.2568E-04   1112.1785   33.3423  (  1)
   26-  26    0.2572E-04   1113.0565   33.3686  (  1)
   27-  27    0.4394E-04   1454.7774   43.6131  (  1)
   28-  28    0.4641E-04   1495.1400   44.8232  (  1)
   29-  29    0.4683E-04   1501.8401   45.0240  (  1)
   30-  30    0.4968E-04   1546.9087   46.3752  (  1)

 MODES IN PHASE

 FREQ(CM**-1)     99.02    128.49    135.88    148.20    158.16    186.42

 AT.   1 CA X     0.0692    0.0479    0.0347    0.0104    0.0294   -0.0426
            Y    -0.0487    0.0281   -0.0413    0.0191    0.0595    0.0117
            Z    -0.0157   -0.0705    0.0629    0.0126   -0.0220   -0.0413
 AT.   2 MG X    -0.0110   -0.0141    0.0080    0.0393   -0.0005    0.0088
            Y     0.0286   -0.0068   -0.0034    0.0089    0.0001    0.0217
            Z     0.0172    0.0184    0.0126    0.0194   -0.0006   -0.0224
 AT.   3 C  X    -0.0044   -0.0053    0.0194    0.0031   -0.0084    0.0048
            Y     0.0424   -0.0081    0.0166   -0.0020    0.0089    0.0547
            Z     0.0107    0.0175   -0.0247    0.0023   -0.0300   -0.0074
 AT.   4 C  X     0.0075    0.0291    0.0019   -0.0420   -0.0167   -0.0026
            Y    -0.0604    0.0315    0.0137   -0.0140    0.0202   -0.0396
            Z    -0.0080   -0.0460   -0.0051   -0.0413    0.0175   -0.0060
 AT.   5 O  X     0.0053   -0.0000    0.0377    0.0029    0.0088    0.0046
            Y     0.0540   -0.0013    0.0463   -0.0008    0.0338    0.0531
            Z     0.0082   -0.0004   -0.0110   -0.0106   -0.0183   -0.0394
 AT.   6 O  X     0.0435    0.0325    0.0011    0.0239    0.0470   -0.0285
            Y    -0.0626    0.0288    0.0052    0.0151    0.0018   -0.0020
            Z    -0.0154   -0.0588   -0.0045    0.0436    0.0482   -0.0057
 AT.   7 O  X    -0.0077    0.0244   -0.0064    0.0352   -0.0315    0.0108
            Y    -0.0235    0.0370    0.0089    0.0076    0.0628   -0.0269
            Z    -0.0077   -0.0264    0.0709    0.0177    0.0444   -0.0458
 AT.   8 O  X     0.0034   -0.0108    0.0268    0.0178    0.0437    0.0172
            Y     0.0437   -0.0121    0.0277    0.0107    0.0395    0.0733
            Z     0.0113    0.0227    0.0144    0.0276   -0.0553   -0.0630
 AT.   9 O  X     0.0436    0.0335   -0.0130   -0.0330    0.0116   -0.0226
            Y    -0.0641    0.0295    0.0167   -0.0167    0.0154   -0.0385
            Z    -0.0136   -0.0557   -0.0230   -0.0403    0.0163   -0.0028
 AT.  10 O  X    -0.0071    0.0265    0.0081   -0.0383   -0.0292    0.0020
            Y    -0.0260    0.0363    0.0009   -0.0146    0.0466   -0.0531
            Z    -0.0095   -0.0200    0.0650   -0.0389    0.0033   -0.0384

 FREQ(CM**-1)    193.60    195.24    222.39    228.99    267.99    279.45

 AT.   1 CA X     0.0077   -0.0163   -0.0048   -0.0507    0.0031    0.0007
            Y    -0.0324   -0.0102    0.0391    0.0511   -0.0005   -0.0115
            Z    -0.0264    0.0040    0.0430   -0.0150    0.0013   -0.0385
 AT.   2 MG X    -0.0000    0.0038   -0.0067    0.0069   -0.0502   -0.0103
            Y     0.0000   -0.0023    0.0210    0.0312    0.0259   -0.0139
            Z     0.0000   -0.0045   -0.0060    0.0245   -0.0505    0.0084
 AT.   3 C  X     0.0472    0.0065   -0.0227    0.0124    0.0292    0.0456
            Y    -0.0238    0.0450   -0.0104   -0.0077   -0.0141   -0.0005
            Z    -0.0039    0.0375   -0.0230   -0.0016    0.0282   -0.0026
 AT.   4 C  X     0.0197    0.0107    0.0489   -0.0259    0.0029    0.0354
            Y    -0.0181    0.0422   -0.0188   -0.0236   -0.0187    0.0029
            Z     0.0096    0.0431   -0.0048   -0.0123    0.0183    0.0025
 AT.   5 O  X     0.0559   -0.0168   -0.0252    0.0111    0.0236    0.0332
            Y    -0.0132    0.0135   -0.0115   -0.0111   -0.0171   -0.0132
            Z    -0.0600   -0.0119   -0.0087    0.0069    0.0131    0.0423
 AT.   6 O  X    -0.0195   -0.0050    0.0635   -0.0273    0.0375   -0.0431
            Y     0.0080   -0.0167   -0.0159   -0.0204    0.0181    0.0109
            Z    -0.0422   -0.0159    0.0600   -0.0537    0.0217    0.0976
 AT.   7 O  X    -0.0341    0.0046    0.0462   -0.0398   -0.0190   -0.0328
            Y     0.0257   -0.0198   -0.0051    0.0002    0.0517   -0.0022
            Z     0.0334    0.0078   -0.0031    0.0642   -0.0944    0.0018
 AT.   8 O  X     0.0383    0.0021   -0.0351    0.0169   -0.0261    0.0083
            Y     0.0028    0.0100   -0.0055   -0.0041    0.0136   -0.0220
            Z    -0.0504    0.0044    0.0085    0.0150   -0.0081    0.0523
 AT.   9 O  X     0.0245    0.0619    0.0648   -0.0256   -0.0433    0.0385
            Y    -0.0186    0.0388   -0.0202   -0.0241   -0.0166    0.0043
            Z     0.0496    0.0634    0.0629   -0.0543   -0.0269   -0.0170
 AT.  10 O  X     0.0193   -0.0114    0.0441   -0.0398    0.0161    0.0311
            Y    -0.0166    0.0943   -0.0074   -0.0019   -0.0516    0.0175
            Z    -0.0107    0.0821   -0.0140    0.0645    0.0959    0.0022

 FREQ(CM**-1)    282.39    302.80    314.13    327.08    350.34    380.36

 AT.   1 CA X     0.0278   -0.0413    0.0077    0.0029   -0.0039   -0.0202
            Y     0.0380    0.0064    0.0032   -0.0092   -0.0014   -0.0095
            Z    -0.0015    0.0075   -0.0134    0.0116   -0.0046    0.0211
 AT.   2 MG X     0.0063   -0.0434    0.0272    0.0661    0.0868   -0.1177
            Y    -0.0284   -0.0295   -0.0484    0.1238   -0.0081    0.0426
            Z     0.0076   -0.0406   -0.0036   -0.0353    0.1098    0.0953
 AT.   3 C  X    -0.0068   -0.0279   -0.0064   -0.0223   -0.0204    0.0131
            Y     0.0084    0.0096   -0.0039   -0.0264   -0.0117   -0.0146
            Z    -0.0488    0.0137    0.0574    0.0104   -0.0109   -0.0127
 AT.   4 C  X     0.0177    0.0063   -0.0117    0.0100    0.0158   -0.0240
            Y    -0.0104   -0.0133   -0.0027    0.0174   -0.0179    0.0111
            Z     0.0459   -0.0190    0.0530   -0.0031    0.0148    0.0243
 AT.   5 O  X    -0.0364   -0.0150    0.0320   -0.0143   -0.0024    0.0090
            Y    -0.0260    0.0333    0.0467   -0.0215   -0.0028   -0.0141
            Z    -0.0732   -0.0000    0.0421   -0.0572   -0.0360   -0.0473
 AT.   6 O  X     0.0053    0.0362    0.0288    0.0106   -0.0036    0.0107
            Y    -0.0117    0.0012   -0.0039    0.0134    0.0205    0.0093
            Z    -0.0438   -0.0483   -0.0328   -0.0390    0.0223   -0.0098
 AT.   7 O  X     0.0405    0.0429    0.0088    0.0090   -0.0039    0.0082
            Y    -0.0319   -0.0047    0.0158    0.0249    0.0158    0.0034
            Z     0.0561   -0.0042    0.0132    0.0009   -0.0899   -0.0340
 AT.   8 O  X    -0.0116    0.0427   -0.0429    0.0080   -0.0134    0.0202
            Y    -0.0338    0.0161   -0.0438    0.0067    0.0040    0.0023
            Z    -0.0463    0.0812   -0.0229    0.0101    0.0498    0.0059
 AT.   9 O  X    -0.0345    0.0300   -0.0608    0.0110    0.0074   -0.0289
            Y    -0.0076   -0.0211    0.0080    0.0224   -0.0169    0.0145
            Z    -0.0115   -0.0427    0.0522   -0.0274   -0.0162    0.0343
 AT.  10 O  X     0.0392   -0.0121    0.0106    0.0110    0.0118   -0.0223
            Y    -0.0591    0.0180   -0.0477    0.0279   -0.0142    0.0009
            Z     0.0507    0.0405    0.0302   -0.0238    0.0840   -0.0258

 FREQ(CM**-1)    714.73    717.31    724.94    728.59    894.84    895.09

 AT.   1 CA X    -0.0003   -0.0034   -0.0028    0.0006   -0.0003    0.0011
            Y     0.0001    0.0033   -0.0046   -0.0004    0.0002   -0.0002
            Z    -0.0002   -0.0033   -0.0028    0.0010   -0.0005   -0.0006
 AT.   2 MG X    -0.0029    0.0035   -0.0016   -0.0125    0.0035    0.0019
            Y    -0.0021    0.0072    0.0059    0.0055    0.0023    0.0000
            Z    -0.0000    0.0012   -0.0034   -0.0100    0.0027   -0.0057
 AT.   3 C  X    -0.0164    0.0286   -0.0189   -0.0120   -0.0059    0.0039
            Y     0.0060   -0.0027   -0.0526   -0.0221    0.0027    0.0015
            Z    -0.0008   -0.0018   -0.0015    0.0066    0.1791   -0.0295
 AT.   4 C  X    -0.0477   -0.0497    0.0188   -0.0097    0.0031    0.0048
            Y     0.0207    0.0163    0.0526   -0.0286    0.0017   -0.0027
            Z    -0.0023    0.0036    0.0014   -0.0046    0.0295    0.1790
 AT.   5 O  X    -0.0213    0.0131    0.0869    0.0348   -0.0029   -0.0000
            Y     0.0231   -0.0476    0.0628    0.0412   -0.0077    0.0008
            Z    -0.0007   -0.0046    0.0103    0.0056   -0.0474    0.0095
 AT.   6 O  X    -0.1070    0.1095   -0.0013   -0.0243   -0.0015   -0.0060
            Y    -0.0096    0.0059    0.0462    0.0804   -0.0006    0.0015
            Z     0.0116   -0.0117    0.0009    0.0042    0.0240    0.0370
 AT.   7 O  X     0.0231   -0.0273    0.0439    0.0873   -0.0002    0.0038
            Y     0.0938   -0.0897   -0.0334   -0.0425   -0.0010   -0.0030
            Z    -0.0079    0.0062    0.0033    0.0084    0.0244    0.0387
 AT.   8 O  X     0.0288    0.0051    0.0408   -0.0768    0.0031    0.0018
            Y    -0.0358   -0.0357    0.0315   -0.0776    0.0072   -0.0005
            Z     0.0002   -0.0038    0.0055   -0.0124    0.0446    0.0231
 AT.   9 O  X     0.1086    0.1083   -0.0037    0.0091    0.0009    0.0068
            Y     0.0090    0.0035    0.0826   -0.0430    0.0005   -0.0022
            Z    -0.0120   -0.0119   -0.0012    0.0000   -0.0076   -0.0482
 AT.  10 O  X    -0.0245   -0.0289    0.0817   -0.0448   -0.0003   -0.0036
            Y    -0.0942   -0.0878   -0.0590    0.0279   -0.0009    0.0053
            Z     0.0080    0.0061    0.0107   -0.0076   -0.0082   -0.0484

 FREQ(CM**-1)   1112.18   1113.06   1454.78   1495.14   1501.84   1546.91

 AT.   1 CA X    -0.0010   -0.0019    0.0009    0.0019   -0.0007    0.0006
            Y    -0.0003   -0.0005    0.0010   -0.0043   -0.0001   -0.0000
            Z    -0.0001    0.0024    0.0012   -0.0009   -0.0012    0.0006
 AT.   2 MG X     0.0008   -0.0067   -0.0000    0.0005    0.0053    0.0036
            Y    -0.0002    0.0014    0.0000    0.0040    0.0040   -0.0005
            Z     0.0047    0.0029   -0.0001   -0.0024    0.0071    0.0018
 AT.   3 C  X    -0.0001   -0.0006   -0.0150    0.0080    0.1654    0.0135
            Y     0.0001   -0.0037    0.1721   -0.0802   -0.0490   -0.0118
            Z     0.0006    0.0004    0.0014   -0.0023    0.0052   -0.0021
 AT.   4 C  X    -0.0000   -0.0001    0.0201    0.0392   -0.0135    0.1710
            Y    -0.0006    0.0039    0.0787    0.1684   -0.0108    0.0233
            Z    -0.0006   -0.0002   -0.0001    0.0003   -0.0025   -0.0035
 AT.   5 O  X     0.0241    0.0401    0.0331   -0.0163   -0.0597   -0.0086
            Y    -0.0181   -0.0306   -0.0335    0.0169    0.0377    0.0047
            Z    -0.0006   -0.0012   -0.0007    0.0008   -0.0038    0.0009
 AT.   6 O  X     0.0074   -0.0120    0.0007   -0.0112    0.0061    0.0163
            Y     0.0687   -0.1024    0.0336   -0.0682   -0.0128    0.0136
            Z    -0.0009    0.0002    0.0016    0.0004    0.0007   -0.0042
 AT.   7 O  X    -0.0636    0.0936   -0.0006   -0.0365    0.0258    0.0592
            Y    -0.0272    0.0401    0.0053   -0.0261    0.0055    0.0204
            Z    -0.0009    0.0005   -0.0003   -0.0001   -0.0010   -0.0015
 AT.   8 O  X     0.0405   -0.0234    0.0253   -0.0170    0.0511    0.0254
            Y    -0.0314    0.0183   -0.0231    0.0183   -0.0320   -0.0139
            Z     0.0002   -0.0002    0.0003    0.0010    0.0031   -0.0021
 AT.   9 O  X    -0.0118   -0.0074   -0.0049   -0.0112    0.0010   -0.0178
            Y    -0.1013   -0.0703   -0.0338   -0.0682    0.0059   -0.0177
            Z     0.0015    0.0003    0.0008    0.0006    0.0014    0.0041
 AT.  10 O  X     0.0930    0.0632   -0.0174   -0.0373    0.0080   -0.0675
            Y     0.0410    0.0264   -0.0115   -0.0265    0.0031   -0.0230
            Z     0.0010    0.0004   -0.0003    0.0000    0.0033    0.0007

 MODES IN ANTI-PHASE

 FREQ(CM**-1)     99.02    128.49    135.88    148.20    158.16    186.42

 AT.   1 CA X     0.0049   -0.0102   -0.0076    0.0432   -0.0160   -0.0136
            Y    -0.0035   -0.0060    0.0090    0.0797   -0.0324    0.0037
            Z    -0.0011    0.0150   -0.0138    0.0523    0.0120   -0.0132
 AT.   2 MG X     0.0163    0.0433   -0.0250    0.0116    0.0207   -0.0080
            Y    -0.0423    0.0209    0.0107    0.0026   -0.0026   -0.0197
            Z    -0.0255   -0.0566   -0.0397    0.0058    0.0251    0.0203
 AT.   3 C  X     0.0061    0.0287    0.0037    0.0423   -0.0144    0.0043
            Y    -0.0435    0.0308    0.0153    0.0139    0.0182    0.0243
            Z    -0.0018   -0.0444   -0.0074    0.0415    0.0349   -0.0308
 AT.   4 C  X     0.0003   -0.0023    0.0196   -0.0053   -0.0009    0.0059
            Y     0.0064   -0.0049    0.0179    0.0013   -0.0004    0.0448
            Z     0.0074    0.0128   -0.0253   -0.0044   -0.0426   -0.0311
 AT.   5 O  X    -0.0134    0.0265    0.0179    0.0449   -0.0463    0.0232
            Y    -0.0687    0.0268    0.0344    0.0220   -0.0252    0.0518
            Z     0.0230   -0.0566   -0.0585    0.0399    0.0540   -0.0533
 AT.   6 O  X     0.0040   -0.0095    0.0334   -0.0257    0.0166    0.0011
            Y    -0.0152   -0.0078   -0.0288   -0.0073   -0.0171   -0.0635
            Z     0.0116    0.0049    0.0454   -0.0032    0.0118    0.0031
 AT.   7 O  X     0.0039   -0.0102   -0.0332   -0.0154    0.0144   -0.0118
            Y    -0.0192   -0.0061    0.0170   -0.0171   -0.0149   -0.0538
            Z    -0.0132   -0.0101   -0.0016   -0.0509    0.0248   -0.0018
 AT.   8 O  X     0.0140   -0.0242   -0.0320    0.0414    0.0177   -0.0162
            Y     0.0756   -0.0240   -0.0506    0.0192   -0.0147   -0.0114
            Z    -0.0216    0.0518    0.0578    0.0307   -0.0139    0.0206
 AT.   9 O  X     0.0022   -0.0046   -0.0308   -0.0121   -0.0484   -0.0174
            Y     0.0062   -0.0046    0.0240    0.0003    0.0078    0.0506
            Z    -0.0136    0.0195   -0.0393    0.0169   -0.0468   -0.0058
 AT.  10 O  X    -0.0050   -0.0007    0.0328    0.0023    0.0186    0.0159
            Y     0.0157   -0.0095   -0.0192   -0.0117   -0.0446    0.0282
            Z     0.0120    0.0200   -0.0282   -0.0373   -0.0507   -0.0251

 FREQ(CM**-1)    193.60    195.24    222.39    228.99    267.99    279.45

 AT.   1 CA X    -0.0045    0.0165    0.0006    0.0042    0.0437   -0.0008
            Y     0.0187    0.0103   -0.0048   -0.0042   -0.0070    0.0128
            Z     0.0153   -0.0041   -0.0053    0.0012    0.0176    0.0429
 AT.   2 MG X    -0.0134    0.0140    0.0159   -0.0146   -0.0244   -0.0316
            Y     0.0136   -0.0084   -0.0494   -0.0662    0.0126   -0.0427
            Z     0.0090   -0.0163    0.0141   -0.0520   -0.0245    0.0259
 AT.   3 C  X    -0.0046    0.0103    0.0444   -0.0231    0.0086   -0.0156
            Y    -0.0071    0.0061   -0.0225   -0.0280    0.0145    0.0083
            Z     0.0133    0.0214   -0.0116   -0.0137   -0.0084    0.0119
 AT.   4 C  X     0.0431   -0.0058   -0.0096    0.0035   -0.0303    0.0328
            Y    -0.0170    0.0167   -0.0162   -0.0170    0.0077   -0.0078
            Z    -0.0101   -0.0003   -0.0253   -0.0063   -0.0230   -0.0119
 AT.   5 O  X    -0.0120   -0.0019    0.0442   -0.0358   -0.0199   -0.0118
            Y    -0.0108   -0.0102   -0.0232   -0.0416   -0.0232    0.0236
            Z     0.0236   -0.0042   -0.0707   -0.0497    0.0342   -0.0571
 AT.   6 O  X    -0.0394   -0.0618   -0.0135   -0.0084   -0.0438   -0.0341
            Y     0.0260   -0.0386    0.0200    0.0241    0.0097   -0.0054
            Z    -0.0814   -0.0632   -0.0195    0.0080   -0.0384    0.0067
 AT.   7 O  X    -0.0418    0.0114    0.0033    0.0036   -0.0192   -0.0278
            Y     0.0339   -0.0941    0.0102    0.0130   -0.0035   -0.0174
            Z     0.0315   -0.0822    0.0460   -0.0066    0.0177   -0.0024
 AT.   8 O  X    -0.0425    0.0167   -0.0368    0.0334   -0.0163   -0.0343
            Y     0.0168   -0.0137    0.0252    0.0428   -0.0254    0.0156
            Z     0.0403    0.0118    0.0707    0.0479    0.0357   -0.0481
 AT.   9 O  X     0.0365    0.0042   -0.0022    0.0127   -0.0380    0.0392
            Y    -0.0199    0.0162   -0.0156   -0.0204    0.0122   -0.0114
            Z     0.0771    0.0151    0.0045    0.0010   -0.0349   -0.0963
 AT.  10 O  X     0.0504   -0.0045   -0.0144    0.0030   -0.0218    0.0296
            Y    -0.0392    0.0186   -0.0086   -0.0128    0.0039    0.0004
            Z    -0.0447   -0.0089   -0.0439   -0.0040    0.0041   -0.0020

 FREQ(CM**-1)    282.39    302.80    314.13    327.08    350.34    380.36

 AT.   1 CA X     0.0105   -0.0444   -0.0186    0.0047   -0.0149   -0.0241
            Y     0.0143    0.0069   -0.0076   -0.0149   -0.0054   -0.0113
            Z    -0.0006    0.0080    0.0325    0.0188   -0.0175    0.0252
 AT.   2 MG X    -0.0051    0.0099    0.0354   -0.0019    0.0238    0.0207
            Y     0.0233    0.0068   -0.0629   -0.0035   -0.0022   -0.0075
            Z    -0.0062    0.0093   -0.0047    0.0010    0.0301   -0.0168
 AT.   3 C  X     0.0350    0.0298    0.0213    0.0027   -0.0160    0.0217
            Y    -0.0077    0.0095   -0.0039   -0.0035    0.0178    0.0000
            Z    -0.0010    0.0138    0.0091   -0.0031   -0.0150   -0.0226
 AT.   4 C  X     0.0310    0.0403   -0.0189    0.0201    0.0206    0.0082
            Y    -0.0046    0.0025    0.0048    0.0201    0.0115    0.0094
            Z    -0.0166    0.0037   -0.0238   -0.0104    0.0111   -0.0091
 AT.   5 O  X     0.0240    0.0417    0.0287    0.0018   -0.0317    0.0221
            Y    -0.0216    0.0186    0.0151   -0.0033    0.0032   -0.0001
            Z     0.0132    0.0814   -0.0098   -0.0175    0.0376   -0.0024
 AT.   6 O  X    -0.0584    0.0327    0.0572    0.0177    0.0087   -0.0274
            Y     0.0017   -0.0210   -0.0074    0.0318    0.0020    0.0164
            Z     0.0326   -0.0464   -0.0410   -0.0503    0.0066    0.0331
 AT.   7 O  X     0.0134   -0.0089   -0.0239    0.0169    0.0172   -0.0212
            Y    -0.0533    0.0177    0.0517    0.0438   -0.0009    0.0016
            Z     0.0129    0.0403   -0.0560   -0.0262    0.0114   -0.0322
 AT.   8 O  X    -0.0420   -0.0119   -0.0022   -0.0120   -0.0288    0.0127
            Y    -0.0010    0.0346   -0.0222   -0.0207    0.0015   -0.0139
            Z    -0.0582    0.0060   -0.0367   -0.0590    0.0151   -0.0470
 AT.   9 O  X     0.0473    0.0385    0.0202    0.0174    0.0059    0.0058
            Y    -0.0090   -0.0003   -0.0025    0.0263    0.0118    0.0120
            Z    -0.0534   -0.0516   -0.0060   -0.0575    0.0167   -0.0039
 AT.  10 O  X     0.0166    0.0421   -0.0232    0.0156    0.0131    0.0043
            Y     0.0190   -0.0033    0.0255    0.0419    0.0069    0.0036
            Z     0.0274   -0.0012   -0.0491   -0.0110   -0.0342   -0.0390

 FREQ(CM**-1)    714.73    717.31    724.94    728.59    894.84    895.09

 AT.   1 CA X    -0.0034   -0.0003   -0.0016    0.0010   -0.0017    0.0031
            Y     0.0008    0.0003   -0.0026   -0.0007    0.0009   -0.0006
            Z    -0.0020   -0.0003   -0.0016    0.0018   -0.0028   -0.0016
 AT.   2 MG X    -0.0013   -0.0049    0.0009   -0.0001    0.0012    0.0003
            Y    -0.0010   -0.0101   -0.0035    0.0001    0.0008    0.0000
            Z    -0.0000   -0.0017    0.0020   -0.0001    0.0010   -0.0010
 AT.   3 C  X     0.0448   -0.0409   -0.0040    0.0177   -0.0041   -0.0055
            Y    -0.0198    0.0193    0.0015    0.0449   -0.0013    0.0025
            Z     0.0022    0.0033   -0.0032    0.0017    0.0002   -0.1765
 AT.   4 C  X     0.0008   -0.0052   -0.0044    0.0191    0.0065   -0.0048
            Y     0.0008    0.0106    0.0005    0.0411   -0.0024   -0.0011
            Z     0.0000    0.0008   -0.0032   -0.0050   -0.1766   -0.0003
 AT.   5 O  X     0.0416   -0.0411   -0.0048   -0.0687    0.0009    0.0029
            Y    -0.0695    0.0587   -0.0012   -0.0658   -0.0000    0.0003
            Z    -0.0030    0.0039    0.0003   -0.0111    0.0004    0.0477
 AT.   6 O  X     0.0186    0.0038   -0.0035   -0.0040   -0.0016    0.0034
            Y    -0.0023   -0.0119    0.0687   -0.0018   -0.0002   -0.0017
            Z    -0.0035   -0.0020   -0.0019    0.0026    0.0427   -0.0308
 AT.   7 O  X    -0.0096   -0.0113    0.0689    0.0003   -0.0014   -0.0011
            Y    -0.0107    0.0015   -0.0488    0.0070   -0.0054    0.0047
            Z     0.0017   -0.0000    0.0105   -0.0038    0.0421   -0.0292
 AT.   8 O  X     0.0368    0.0428    0.0768   -0.0056   -0.0002    0.0022
            Y    -0.0639   -0.0667    0.0544    0.0013   -0.0027    0.0007
            Z    -0.0031   -0.0047    0.0087   -0.0009   -0.0162    0.0428
 AT.   9 O  X    -0.0019    0.0170    0.0006   -0.0229   -0.0020   -0.0011
            Y    -0.0041    0.0128    0.0041    0.0680   -0.0004   -0.0004
            Z    -0.0012   -0.0003    0.0018    0.0049    0.0484   -0.0002
 AT.  10 O  X    -0.0051    0.0059    0.0020    0.0749   -0.0014    0.0016
            Y     0.0072   -0.0184   -0.0034   -0.0329   -0.0054    0.0017
            Z     0.0002    0.0012   -0.0026    0.0052    0.0479    0.0021

 FREQ(CM**-1)   1112.18   1113.06   1454.78   1495.14   1501.84   1546.91

 AT.   1 CA X    -0.0024   -0.0008   -0.0005   -0.0001   -0.0021    0.0031
            Y    -0.0006   -0.0002   -0.0005    0.0002   -0.0002   -0.0002
            Z    -0.0003    0.0010   -0.0007    0.0000   -0.0036    0.0032
 AT.   2 MG X     0.0001    0.0050    0.0013   -0.0009    0.0011    0.0012
            Y    -0.0000   -0.0010   -0.0004   -0.0075    0.0008   -0.0002
            Z     0.0005   -0.0021    0.0019    0.0045    0.0015    0.0006
 AT.   3 C  X     0.0000   -0.0028    0.0300    0.0475   -0.0060   -0.1707
            Y     0.0007    0.0014    0.0018    0.1482    0.0167   -0.0250
            Z     0.0004    0.0008   -0.0008   -0.0007    0.0019    0.0032
 AT.   4 C  X     0.0001   -0.0029   -0.0269    0.0280   -0.1650    0.0084
            Y     0.0001    0.0006    0.1531   -0.0071    0.0506    0.0149
            Z    -0.0004    0.0009    0.0016   -0.0024   -0.0050    0.0017
 AT.   5 O  X     0.0776   -0.0691   -0.0085    0.0106    0.0053    0.0454
            Y    -0.0597    0.0533    0.0055   -0.0204   -0.0029   -0.0249
            Z    -0.0003    0.0009   -0.0009   -0.0024    0.0001   -0.0033
 AT.   6 O  X    -0.0092    0.0010    0.0063    0.0010    0.0098   -0.0072
            Y    -0.0744   -0.0008    0.0627    0.0025   -0.0072   -0.0133
            Z     0.0012    0.0003    0.0000   -0.0024    0.0034    0.0005
 AT.   7 O  X     0.0678   -0.0007    0.0205    0.0133    0.0478   -0.0334
            Y     0.0306   -0.0013    0.0173    0.0064    0.0126   -0.0108
            Z     0.0006   -0.0000    0.0001   -0.0011    0.0042   -0.0017
 AT.   8 O  X     0.0705    0.0764   -0.0229   -0.0094   -0.0315    0.0386
            Y    -0.0540   -0.0587    0.0249    0.0192    0.0202   -0.0212
            Z    -0.0007   -0.0015    0.0011    0.0023   -0.0021   -0.0027
 AT.   9 O  X    -0.0009   -0.0094   -0.0041   -0.0002    0.0116   -0.0004
            Y    -0.0003   -0.0745   -0.0626    0.0023   -0.0134   -0.0070
            Z     0.0001   -0.0001   -0.0013    0.0023    0.0031   -0.0012
 AT.  10 O  X    -0.0005    0.0691   -0.0107   -0.0107    0.0538   -0.0080
            Y     0.0009    0.0303   -0.0140   -0.0046    0.0134   -0.0021
            Z    -0.0002    0.0004    0.0002    0.0011    0.0027   -0.0021


  DISPERSION K POINT NUMBER    19 COORD:  C(  2  0  0 )    WEIGHT:    1.

    MODES         EIGV          FREQUENCIES     IRREP
             (HARTREE**2)   (CM**-1)     (THZ)
    1-   1    0.1326E-06     79.9145    2.3958  (  1)
    2-   2    0.2861E-06    117.3919    3.5193  (  1)
    3-   3    0.3944E-06    137.8415    4.1324  (  1)
    4-   4    0.4935E-06    154.1833    4.6223  (  1)
    5-   5    0.5187E-06    158.0653    4.7387  (  1)
    6-   6    0.7383E-06    188.5872    5.6537  (  1)
    7-   7    0.8222E-06    199.0145    5.9663  (  1)
    8-   8    0.9346E-06    212.1719    6.3608  (  1)
    9-   9    0.1024E-05    222.0767    6.6577  (  1)
   10-  10    0.1140E-05    234.3728    7.0263  (  1)
   11-  11    0.1375E-05    257.3813    7.7161  (  1)
   12-  12    0.1593E-05    277.0336    8.3053  (  1)
   13-  13    0.1686E-05    284.9755    8.5434  (  1)
   14-  14    0.1749E-05    290.2148    8.7004  (  1)
   15-  15    0.2152E-05    321.9300    9.6512  (  1)
   16-  16    0.2220E-05    327.0438    9.8045  (  1)
   17-  17    0.2407E-05    340.5359   10.2090  (  1)
   18-  18    0.2947E-05    376.7805   11.2956  (  1)
   19-  19    0.1061E-04    714.7599   21.4280  (  1)
   20-  20    0.1070E-04    718.0014   21.5251  (  1)
   21-  21    0.1092E-04    725.3933   21.7467  (  1)
   22-  22    0.1106E-04    729.8012   21.8789  (  1)
   23-  23    0.1649E-04    891.3708   26.7226  (  1)
   24-  24    0.1664E-04    895.2120   26.8378  (  1)
   25-  25    0.2568E-04   1112.1039   33.3400  (  1)
   26-  26    0.2571E-04   1112.9274   33.3647  (  1)
   27-  27    0.4453E-04   1464.5612   43.9064  (  1)
   28-  28    0.4569E-04   1483.5756   44.4765  (  1)
   29-  29    0.4748E-04   1512.3115   45.3380  (  1)
   30-  30    0.5197E-04   1582.2056   47.4333  (  1)

 MODES IN PHASE

 FREQ(CM**-1)     79.91    117.39    137.84    154.18    158.07    188.59

 AT.   1 CA X    -0.0086   -0.0122    0.0421    0.0173    0.0934   -0.0033
            Y    -0.0383    0.0622   -0.0732    0.0066    0.0496   -0.0023
            Z     0.0466    0.0416    0.0259   -0.0976    0.0099   -0.0039
 AT.   2 MG X    -0.0005   -0.0014   -0.0019    0.0096   -0.0242    0.0360
            Y    -0.0163    0.0070    0.0062    0.0020    0.0098    0.0078
            Z     0.0273    0.0047   -0.0041   -0.0090   -0.0029    0.0080
 AT.   3 C  X    -0.0112   -0.0006    0.0134   -0.0162    0.0271   -0.0443
            Y    -0.0058    0.0175    0.0392   -0.0077    0.0200   -0.0211
            Z    -0.0021    0.0047   -0.0320   -0.0076    0.0313   -0.0157
 AT.   4 C  X    -0.0039   -0.0122   -0.0004    0.0189   -0.0222   -0.0229
            Y    -0.0238    0.0592   -0.0157    0.0191   -0.0226   -0.0322
            Z     0.0498    0.0321    0.0205    0.0247   -0.0209   -0.0190
 AT.   5 O  X    -0.0199    0.0124    0.0366   -0.0136    0.0435   -0.0392
            Y    -0.0168    0.0365    0.0698   -0.0087    0.0477   -0.0123
            Z     0.0371    0.0156   -0.0483   -0.0228    0.0243    0.0221
 AT.   6 O  X     0.0114   -0.0021    0.0253    0.0644    0.0198    0.0355
            Y    -0.0270    0.0384   -0.0247    0.0143   -0.0258    0.0334
            Z     0.0558    0.0208    0.0133    0.0009   -0.0037    0.0275
 AT.   7 O  X    -0.0115   -0.0159   -0.0133   -0.0035   -0.0169   -0.0153
            Y    -0.0118    0.0519    0.0043    0.0725   -0.0012    0.0684
            Z     0.0616    0.0492    0.0668    0.0428   -0.0457    0.0304
 AT.   8 O  X    -0.0217    0.0175    0.0345   -0.0079    0.0348    0.0529
            Y    -0.0204   -0.0123    0.0685   -0.0016    0.0321    0.0066
            Z     0.0419    0.0018   -0.0427   -0.0319    0.0437   -0.0245
 AT.   9 O  X     0.0111   -0.0170    0.0212    0.0681    0.0200   -0.0575
            Y    -0.0253    0.0593   -0.0175    0.0132   -0.0296   -0.0311
            Z     0.0533    0.0319    0.0071    0.0023   -0.0114   -0.0582
 AT.  10 O  X    -0.0098   -0.0095   -0.0084   -0.0077   -0.0256   -0.0104
            Y    -0.0116    0.0534    0.0053    0.0765    0.0011   -0.0603
            Z     0.0622    0.0433    0.0679    0.0461   -0.0468   -0.0150

 FREQ(CM**-1)    199.01    212.17    222.08    234.37    257.38    277.03

 AT.   1 CA X    -0.0005   -0.0509    0.0079    0.0004    0.0019   -0.0007
            Y    -0.0001    0.0758   -0.0304    0.0005    0.0451   -0.0001
            Z    -0.0003   -0.0006   -0.0018    0.0020    0.0207    0.0050
 AT.   2 MG X     0.0108   -0.0056   -0.0031    0.0122    0.0467   -0.0243
            Y    -0.0294   -0.0279   -0.0031    0.0142    0.0069    0.0194
            Z    -0.0087   -0.0095   -0.0028    0.0700    0.0144   -0.0311
 AT.   3 C  X    -0.0390    0.0250    0.0582   -0.0127   -0.0047   -0.0151
            Y     0.0097    0.0094   -0.0056    0.0078    0.0148    0.0099
            Z     0.0104   -0.0330    0.0256    0.0016   -0.0269   -0.0571
 AT.   4 C  X    -0.0296   -0.0171   -0.0279   -0.0058    0.0222   -0.0226
            Y     0.0565   -0.0316    0.0102    0.0007   -0.0189    0.0116
            Z     0.0216    0.0245   -0.0057    0.0141    0.0192   -0.0362
 AT.   5 O  X    -0.0432    0.0336    0.0396   -0.0291   -0.0110   -0.0439
            Y     0.0023    0.0260   -0.0322   -0.0204    0.0015   -0.0307
            Z     0.0440   -0.0657   -0.0153   -0.0200   -0.0408   -0.0484
 AT.   6 O  X     0.0166    0.0019   -0.0410   -0.0245   -0.0057   -0.0061
            Y    -0.0558   -0.0374    0.0161    0.0046   -0.0182   -0.0092
            Z    -0.0181    0.0510   -0.0457    0.0584   -0.0885   -0.0227
 AT.   7 O  X     0.0283   -0.0284   -0.0205    0.0272    0.0340    0.0299
            Y    -0.0646   -0.0167    0.0070   -0.0422   -0.0352   -0.0321
            Z    -0.0328    0.0161    0.0322   -0.0968    0.0420    0.0727
 AT.   8 O  X     0.0429    0.0334    0.0396    0.0275   -0.0002    0.0411
            Y    -0.0014    0.0254   -0.0316    0.0181   -0.0024    0.0337
            Z    -0.0441   -0.0662   -0.0157    0.0216   -0.0199    0.0497
 AT.   9 O  X    -0.0173    0.0017   -0.0464    0.0245   -0.0132    0.0160
            Y     0.0554   -0.0374    0.0164   -0.0041   -0.0188    0.0088
            Z     0.0177    0.0509   -0.0510   -0.0593   -0.0739    0.0102
 AT.  10 O  X    -0.0288   -0.0286   -0.0229   -0.0284    0.0313   -0.0345
            Y     0.0642   -0.0167    0.0052    0.0437   -0.0395    0.0432
            Z     0.0324    0.0161    0.0316    0.0985    0.0450   -0.0754

 FREQ(CM**-1)    284.98    290.21    321.93    327.04    340.54    376.78

 AT.   1 CA X     0.0329   -0.0046   -0.0535    0.0006    0.0012    0.0169
            Y     0.0184    0.0074    0.0033    0.0042    0.0019   -0.0013
            Z    -0.0197   -0.0433   -0.0029    0.0005   -0.0058    0.0015
 AT.   2 MG X     0.0162    0.0263    0.0204   -0.0006    0.0110    0.1608
            Y     0.0431    0.0278   -0.0385    0.1051    0.0593   -0.0212
            Z    -0.0209    0.0034   -0.0062   -0.0611    0.1424   -0.0231
 AT.   3 C  X    -0.0264    0.0297   -0.0055   -0.0015    0.0076    0.0431
            Y     0.0057    0.0201    0.0052    0.0280    0.0060   -0.0069
            Z     0.0063   -0.0036    0.0570    0.0010    0.0193   -0.0037
 AT.   4 C  X    -0.0241   -0.0262    0.0256    0.0298   -0.0002    0.0020
            Y     0.0042   -0.0174   -0.0055    0.0060    0.0164    0.0099
            Z     0.0057   -0.0018   -0.0302   -0.0157   -0.0199   -0.0054
 AT.   5 O  X    -0.0140    0.0189    0.0297   -0.0096    0.0151    0.0346
            Y     0.0281    0.0011    0.0466    0.0207    0.0158   -0.0118
            Z    -0.0287    0.1124    0.0717    0.0496    0.0315   -0.0014
 AT.   6 O  X     0.0044   -0.0107    0.0346   -0.0260    0.0119   -0.0432
            Y    -0.0145   -0.0111   -0.0083   -0.0214   -0.0302   -0.0002
            Z    -0.0257    0.0106   -0.0392    0.0616   -0.0179    0.0321
 AT.   7 O  X     0.0335   -0.0142    0.0114   -0.0227   -0.0054   -0.0325
            Y    -0.0372   -0.0065    0.0160   -0.0359   -0.0126   -0.0208
            Z     0.0279    0.0208    0.0263    0.0018    0.0697    0.0063
 AT.   8 O  X    -0.0260    0.0130    0.0369   -0.0026    0.0004   -0.0165
            Y    -0.0264   -0.0052    0.0470   -0.0203   -0.0229    0.0166
            Z     0.0389    0.0874    0.0703   -0.0472   -0.0491   -0.0121
 AT.   9 O  X    -0.0453   -0.0386    0.0424    0.0277   -0.0018    0.0040
            Y     0.0121   -0.0189   -0.0110    0.0102    0.0168    0.0088
            Z     0.0050    0.0503   -0.0449   -0.0711    0.0102   -0.0064
 AT.  10 O  X    -0.0188   -0.0270    0.0043    0.0261   -0.0057    0.0023
            Y     0.0046   -0.0246    0.0245    0.0241    0.0175    0.0149
            Z     0.0354    0.0501    0.0158    0.0183   -0.0730   -0.0220

 FREQ(CM**-1)    714.76    718.00    725.39    729.80    891.37    895.21

 AT.   1 CA X    -0.0048   -0.0002   -0.0025    0.0009   -0.0001    0.0009
            Y     0.0025    0.0009   -0.0049    0.0003    0.0000   -0.0004
            Z    -0.0030    0.0000   -0.0031    0.0005    0.0000   -0.0005
 AT.   2 MG X    -0.0001    0.0028   -0.0051    0.0134   -0.0020   -0.0019
            Y    -0.0000    0.0065    0.0003   -0.0067   -0.0009   -0.0023
            Z    -0.0000   -0.0001   -0.0020    0.0097   -0.0023    0.0011
 AT.   3 C  X     0.0275   -0.0445   -0.0196   -0.0143   -0.0020   -0.0005
            Y    -0.0052    0.0267   -0.0434   -0.0216   -0.0001    0.0029
            Z    -0.0004    0.0008   -0.0024    0.0046    0.1804   -0.0760
 AT.   4 C  X    -0.0199   -0.0446    0.0216   -0.0171   -0.0013    0.0004
            Y     0.0116    0.0265    0.0530   -0.0421    0.0037    0.0004
            Z    -0.0009    0.0008    0.0033    0.0025    0.0768    0.1787
 AT.   5 O  X     0.0218   -0.0557    0.0696    0.0323   -0.0034    0.0008
            Y    -0.0436    0.0620    0.0574    0.0450   -0.0047   -0.0003
            Z    -0.0009    0.0043    0.0078    0.0086   -0.0475    0.0227
 AT.   6 O  X     0.1094   -0.0464   -0.0050   -0.0324   -0.0009   -0.0019
            Y     0.0034   -0.0188    0.0733    0.0798   -0.0004    0.0004
            Z    -0.0110    0.0034   -0.0020    0.0069    0.0235    0.0282
 AT.   7 O  X    -0.0304   -0.0029    0.0732    0.0879   -0.0008    0.0003
            Y    -0.0906    0.0461   -0.0519   -0.0365   -0.0018   -0.0018
            Z     0.0078   -0.0021    0.0116    0.0070    0.0252    0.0300
 AT.   8 O  X     0.0410    0.0211    0.0373   -0.0603    0.0034    0.0017
            Y    -0.0776   -0.0413    0.0340   -0.0719    0.0049    0.0035
            Z    -0.0027   -0.0035    0.0034   -0.0125    0.0472    0.0221
 AT.   9 O  X     0.0476    0.1066   -0.0074    0.0243    0.0005    0.0043
            Y     0.0034    0.0199    0.0816   -0.0718    0.0005   -0.0008
            Z    -0.0063   -0.0122   -0.0020   -0.0054   -0.0199   -0.0492
 AT.  10 O  X    -0.0124   -0.0123    0.0828   -0.0770    0.0010   -0.0014
            Y    -0.0386   -0.0975   -0.0557    0.0371    0.0013    0.0044
            Z     0.0049    0.0069    0.0118   -0.0058   -0.0217   -0.0493

 FREQ(CM**-1)   1112.10   1112.93   1464.56   1483.58   1512.31   1582.21

 AT.   1 CA X    -0.0029    0.0001   -0.0002    0.0001    0.0011   -0.0008
            Y    -0.0007    0.0000    0.0024    0.0001   -0.0001    0.0002
            Z     0.0018    0.0001    0.0012    0.0001    0.0009   -0.0004
 AT.   2 MG X    -0.0003   -0.0071    0.0011    0.0009   -0.0076   -0.0047
            Y     0.0001    0.0015    0.0029    0.0066   -0.0016   -0.0020
            Z    -0.0021    0.0024   -0.0007   -0.0030   -0.0060   -0.0023
 AT.   3 C  X    -0.0020   -0.0027   -0.0308    0.0280   -0.0315    0.1692
            Y    -0.0008    0.0027    0.1719    0.1123   -0.0313    0.0071
            Z     0.0000    0.0002    0.0029   -0.0025    0.0004    0.0016
 AT.   4 C  X     0.0013   -0.0038    0.0337    0.0259    0.1708    0.0315
            Y     0.0003    0.0022   -0.1122    0.1728   -0.0031   -0.0272
            Z    -0.0005    0.0005   -0.0026   -0.0027    0.0009    0.0008
 AT.   5 O  X     0.0407   -0.0469    0.0378    0.0112    0.0005   -0.0507
            Y    -0.0312    0.0361   -0.0368   -0.0163    0.0009    0.0275
            Z    -0.0001    0.0008   -0.0002   -0.0015   -0.0017   -0.0004
 AT.   6 O  X    -0.0118    0.0120    0.0037    0.0084    0.0111    0.0069
            Y    -0.1017    0.1013    0.0366    0.0694   -0.0048   -0.0056
            Z     0.0016   -0.0002   -0.0002   -0.0021    0.0005    0.0006
 AT.   7 O  X     0.0925   -0.0936    0.0127    0.0312    0.0415    0.0262
            Y     0.0407   -0.0403    0.0109    0.0245    0.0131    0.0065
            Z     0.0006   -0.0010    0.0001   -0.0011   -0.0015   -0.0001
 AT.   8 O  X     0.0485    0.0392   -0.0080   -0.0069    0.0363    0.0501
            Y    -0.0371   -0.0302    0.0095    0.0109   -0.0218   -0.0275
            Z    -0.0002   -0.0007    0.0005    0.0012    0.0020    0.0010
 AT.   9 O  X    -0.0119   -0.0120    0.0033   -0.0091   -0.0154   -0.0019
            Y    -0.1011   -0.1020    0.0448   -0.0708   -0.0059    0.0098
            Z     0.0016    0.0001    0.0023    0.0025    0.0004   -0.0009
 AT.  10 O  X     0.0919    0.0942    0.0016   -0.0328   -0.0608   -0.0070
            Y     0.0405    0.0404    0.0083   -0.0251   -0.0201   -0.0003
            Z     0.0006    0.0010   -0.0003    0.0010    0.0006    0.0011

 MODES IN ANTI-PHASE

 FREQ(CM**-1)     79.91    117.39    137.84    154.18    158.07    188.59

 AT.   1 CA X    -0.0003    0.0051   -0.0039   -0.0022    0.0192    0.0139
            Y    -0.0014   -0.0258    0.0068   -0.0008    0.0102    0.0098
            Z     0.0017   -0.0172   -0.0024    0.0126    0.0020    0.0165
 AT.   2 MG X     0.0008    0.0104    0.0041   -0.0229    0.0273    0.0340
            Y     0.0260   -0.0536   -0.0135   -0.0048   -0.0111    0.0074
            Z    -0.0436   -0.0356    0.0088    0.0216    0.0032    0.0075
 AT.   3 C  X    -0.0122   -0.0125    0.0043    0.0152   -0.0009   -0.0259
            Y    -0.0327    0.0566   -0.0028    0.0177   -0.0111    0.0266
            Z     0.0587    0.0320    0.0105    0.0235    0.0070    0.0107
 AT.   4 C  X    -0.0161    0.0027    0.0141   -0.0116    0.0155    0.0459
            Y    -0.0231    0.0022    0.0361   -0.0028    0.0030   -0.0107
            Z     0.0311   -0.0038   -0.0267   -0.0011    0.0243   -0.0004
 AT.   5 O  X    -0.0256   -0.0123    0.0079   -0.0208   -0.0130   -0.0396
            Y    -0.0502    0.0539    0.0006   -0.0269   -0.0297    0.0097
            Z     0.0687    0.0130   -0.0261    0.0387    0.0542    0.0106
 AT.   6 O  X    -0.0038    0.0220    0.0196   -0.0230    0.0046    0.0573
            Y     0.0234   -0.0454   -0.0369    0.0026   -0.0150    0.0029
            Z    -0.0324   -0.0243    0.0324   -0.0059   -0.0203    0.0747
 AT.   7 O  X     0.0241   -0.0024   -0.0254    0.0172   -0.0257    0.0535
            Y     0.0018   -0.0237   -0.0058   -0.0252    0.0057   -0.0019
            Z     0.0117   -0.0121   -0.0124   -0.0184   -0.0120   -0.0270
 AT.   8 O  X     0.0241   -0.0000   -0.0145    0.0236    0.0291   -0.0177
            Y     0.0488   -0.0639   -0.0135    0.0282    0.0461    0.0141
            Z    -0.0659   -0.0202    0.0346   -0.0317   -0.0402   -0.0005
 AT.   9 O  X     0.0047   -0.0141   -0.0239    0.0059    0.0036    0.0352
            Y    -0.0253    0.0049    0.0408   -0.0061    0.0036   -0.0125
            Z     0.0363    0.0025   -0.0343    0.0055    0.0172    0.0543
 AT.  10 O  X    -0.0249    0.0129    0.0274   -0.0157    0.0169    0.0547
            Y    -0.0026   -0.0199    0.0049    0.0060   -0.0057   -0.0325
            Z    -0.0073   -0.0262   -0.0001    0.0069   -0.0070   -0.0378

 FREQ(CM**-1)    199.01    212.17    222.08    234.37    257.38    277.03

 AT.   1 CA X     0.0543   -0.0003    0.0002   -0.0109    0.0003    0.0064
            Y     0.0138    0.0005   -0.0009   -0.0149    0.0070    0.0010
            Z     0.0291   -0.0000   -0.0001   -0.0548    0.0032   -0.0469
 AT.   2 MG X     0.0064    0.0095    0.0050    0.0077   -0.0581   -0.0177
            Y    -0.0173    0.0476    0.0050    0.0089   -0.0086    0.0142
            Z    -0.0051    0.0163    0.0046    0.0439   -0.0180   -0.0227
 AT.   3 C  X     0.0110   -0.0050    0.0051   -0.0015    0.0278    0.0168
            Y    -0.0601   -0.0311    0.0085    0.0044   -0.0119   -0.0066
            Z    -0.0190    0.0089    0.0101   -0.0159   -0.0010   -0.0029
 AT.   4 C  X     0.0278    0.0189    0.0514    0.0113    0.0173   -0.0001
            Y     0.0226   -0.0078    0.0001   -0.0089    0.0012   -0.0029
            Z     0.0008   -0.0238    0.0270    0.0076   -0.0189    0.0443
 AT.   5 O  X     0.0166   -0.0161    0.0019    0.0214    0.0341    0.0088
            Y    -0.0509   -0.0434    0.0088    0.0307   -0.0127   -0.0173
            Z     0.0075   -0.0393   -0.0078   -0.0223    0.0630   -0.0113
 AT.   6 O  X     0.0365   -0.0215   -0.0883   -0.0011   -0.0259   -0.0475
            Y     0.0216    0.0046    0.0054   -0.0077   -0.0048    0.0012
            Z     0.0239   -0.0104   -0.0890    0.0151    0.0350    0.0567
 AT.   7 O  X     0.0285   -0.0171   -0.0402    0.0165   -0.0040    0.0249
            Y     0.0246   -0.0009   -0.0285   -0.0216   -0.0199   -0.0564
            Z     0.0237    0.0027   -0.0084   -0.0265    0.0167    0.0205
 AT.   8 O  X     0.0173    0.0165    0.0005    0.0235   -0.0358    0.0179
            Y    -0.0510    0.0437   -0.0108    0.0321    0.0126   -0.0104
            Z     0.0067    0.0385    0.0068   -0.0208   -0.0724   -0.0008
 AT.   9 O  X     0.0362    0.0215    0.0856    0.0007    0.0230   -0.0452
            Y     0.0226   -0.0051   -0.0044   -0.0080   -0.0009    0.0031
            Z     0.0242    0.0110    0.0860    0.0108   -0.0600    0.0602
 AT.  10 O  X     0.0280    0.0167    0.0389    0.0144    0.0140    0.0181
            Y     0.0257    0.0007    0.0288   -0.0185    0.0084   -0.0484
            Z     0.0243   -0.0025    0.0103   -0.0193   -0.0033    0.0047

 FREQ(CM**-1)    284.98    290.21    321.93    327.04    340.54    376.78

 AT.   1 CA X    -0.0483   -0.0017   -0.0061    0.0034    0.0020    0.0296
            Y    -0.0271    0.0027    0.0004    0.0221    0.0031   -0.0022
            Z     0.0290   -0.0156   -0.0003    0.0028   -0.0094    0.0027
 AT.   2 MG X     0.0335   -0.0222   -0.0275   -0.0002   -0.0003    0.0011
            Y     0.0893   -0.0235    0.0520    0.0366   -0.0017   -0.0001
            Z    -0.0434   -0.0029    0.0083   -0.0213   -0.0041   -0.0002
 AT.   3 C  X     0.0135    0.0046    0.0300   -0.0304   -0.0048   -0.0265
            Y    -0.0101    0.0040   -0.0026   -0.0020   -0.0236   -0.0075
            Z    -0.0038   -0.0150    0.0120    0.0160    0.0111    0.0083
 AT.   4 C  X    -0.0173    0.0146    0.0165    0.0060   -0.0090   -0.0505
            Y     0.0109    0.0108    0.0020   -0.0274   -0.0180    0.0024
            Z     0.0047   -0.0153    0.0498   -0.0034   -0.0100    0.0073
 AT.   5 O  X     0.0335   -0.0024    0.0351   -0.0313    0.0081    0.0014
            Y     0.0173   -0.0096    0.0073   -0.0029   -0.0177    0.0123
            Z    -0.0305    0.0013    0.0022   -0.0027   -0.0391   -0.0149
 AT.   6 O  X     0.0470   -0.0475    0.0385    0.0097    0.0039   -0.0211
            Y    -0.0073   -0.0163   -0.0126   -0.0265    0.0037    0.0101
            Z     0.0048    0.0661   -0.0296   -0.0375    0.0024    0.0116
 AT.   7 O  X     0.0070   -0.0252   -0.0302    0.0137   -0.0091   -0.0167
            Y     0.0097   -0.0306    0.0396   -0.0253    0.0132    0.0049
            Z    -0.0491    0.0534   -0.0434    0.0543   -0.0467   -0.0218
 AT.   8 O  X     0.0253    0.0140   -0.0274   -0.0327    0.0171    0.0304
            Y    -0.0198    0.0081    0.0035    0.0049    0.0061   -0.0039
            Z     0.0155    0.0707    0.0141    0.0157    0.0106   -0.0088
 AT.   9 O  X     0.0131    0.0298   -0.0297   -0.0006    0.0124   -0.0479
            Y     0.0108    0.0055    0.0104   -0.0325   -0.0253    0.0050
            Z     0.0256   -0.0442    0.0200   -0.0122   -0.0149    0.0336
 AT.  10 O  X    -0.0286    0.0103    0.0320    0.0044   -0.0089   -0.0365
            Y     0.0382    0.0194   -0.0349   -0.0367   -0.0054   -0.0154
            Z    -0.0440   -0.0278    0.0483    0.0511    0.0413   -0.0058

 FREQ(CM**-1)    714.76    718.00    725.39    729.80    891.37    895.21

 AT.   1 CA X     0.0028    0.0003   -0.0006    0.0037   -0.0022    0.0018
            Y    -0.0015   -0.0015   -0.0013    0.0011    0.0004   -0.0008
            Z     0.0018   -0.0001   -0.0008    0.0020    0.0004   -0.0009
 AT.   2 MG X    -0.0043    0.0051    0.0052    0.0037   -0.0010   -0.0001
            Y    -0.0032    0.0116   -0.0003   -0.0019   -0.0005   -0.0001
            Z    -0.0014   -0.0002    0.0020    0.0027   -0.0012    0.0000
 AT.   3 C  X    -0.0403   -0.0046    0.0092    0.0168    0.0005   -0.0002
            Y     0.0169   -0.0053    0.0308    0.0417   -0.0041   -0.0018
            Z    -0.0008    0.0001    0.0024   -0.0025   -0.0004   -0.1617
 AT.   4 C  X     0.0446    0.0033   -0.0023    0.0140    0.0016    0.0004
            Y    -0.0133    0.0060    0.0039    0.0208    0.0018   -0.0034
            Z     0.0001   -0.0000    0.0008   -0.0045   -0.1633    0.0004
 AT.   5 O  X    -0.0348    0.0061   -0.0490   -0.0663    0.0010    0.0026
            Y     0.0647    0.0134   -0.0337   -0.0673    0.0032    0.0041
            Z     0.0026    0.0016   -0.0072   -0.0103   -0.0016    0.0429
 AT.   6 O  X     0.0051   -0.0961   -0.0063   -0.0083   -0.0044    0.0040
            Y    -0.0020   -0.0124    0.0362   -0.0038    0.0012   -0.0007
            Z     0.0012    0.0120   -0.0005    0.0012    0.0409   -0.0404
 AT.   7 O  X    -0.0023    0.0155    0.0386   -0.0001    0.0016   -0.0015
            Y    -0.0052    0.0859   -0.0213    0.0108   -0.0056    0.0041
            Z    -0.0013   -0.0067    0.0034    0.0006    0.0397   -0.0392
 AT.   8 O  X    -0.0027    0.0519    0.0765   -0.0425    0.0007    0.0022
            Y     0.0076   -0.0481    0.0572   -0.0372    0.0028    0.0021
            Z    -0.0005   -0.0030    0.0101   -0.0049   -0.0057    0.0432
 AT.   9 O  X    -0.0987   -0.0049    0.0031   -0.0229   -0.0045    0.0008
            Y    -0.0020    0.0107    0.0037    0.0352    0.0012   -0.0001
            Z     0.0091    0.0028   -0.0006    0.0044    0.0428   -0.0000
 AT.  10 O  X     0.0278    0.0099    0.0015    0.0424    0.0015   -0.0006
            Y     0.0822    0.0003   -0.0064   -0.0082   -0.0057    0.0008
            Z    -0.0062   -0.0013    0.0026    0.0039    0.0417    0.0021

 FREQ(CM**-1)   1112.10   1112.93   1464.56   1483.58   1512.31   1582.21

 AT.   1 CA X     0.0002   -0.0016   -0.0003   -0.0006    0.0027   -0.0054
            Y     0.0000   -0.0004    0.0033   -0.0008   -0.0003    0.0010
            Z    -0.0001   -0.0013    0.0016   -0.0005    0.0023   -0.0025
 AT.   2 MG X     0.0007   -0.0047   -0.0001    0.0006   -0.0011   -0.0018
            Y    -0.0002    0.0010   -0.0003    0.0048   -0.0002   -0.0008
            Z     0.0041    0.0016    0.0001   -0.0022   -0.0009   -0.0009
 AT.   3 C  X     0.0005    0.0027   -0.0175   -0.0094   -0.1680    0.0069
            Y    -0.0000   -0.0007   -0.0047   -0.1315    0.0105    0.0295
            Z    -0.0005   -0.0004    0.0009    0.0014   -0.0010   -0.0005
 AT.   4 C  X    -0.0017    0.0006    0.0110   -0.0144   -0.0076   -0.1663
            Y    -0.0008   -0.0018   -0.1304    0.0057    0.0329   -0.0136
            Z    -0.0002    0.0000   -0.0015    0.0009   -0.0007   -0.0014
 AT.   5 O  X    -0.0705    0.0645    0.0037   -0.0187    0.0537    0.0055
            Y     0.0541   -0.0496   -0.0018    0.0231   -0.0310   -0.0039
            Z     0.0006   -0.0010    0.0004    0.0015    0.0011    0.0022
 AT.   6 O  X     0.0008    0.0003    0.0047    0.0044   -0.0108    0.0162
            Y     0.0004    0.0119    0.0587    0.0140   -0.0138    0.0153
            Z     0.0004    0.0004    0.0023   -0.0021    0.0011   -0.0009
 AT.   7 O  X    -0.0003   -0.0106    0.0058    0.0106   -0.0446    0.0622
            Y    -0.0013   -0.0036    0.0122    0.0052   -0.0153    0.0204
            Z     0.0000   -0.0001   -0.0003    0.0003   -0.0007    0.0035
 AT.   8 O  X     0.0654    0.0694    0.0372   -0.0207    0.0395   -0.0095
            Y    -0.0502   -0.0534   -0.0356    0.0261   -0.0220    0.0043
            Z    -0.0006   -0.0011   -0.0000    0.0018   -0.0004    0.0020
 AT.   9 O  X     0.0006   -0.0010    0.0049    0.0025   -0.0003    0.0175
            Y     0.0112    0.0002    0.0528   -0.0012   -0.0134    0.0130
            Z    -0.0005    0.0004    0.0005   -0.0015    0.0012   -0.0006
 AT.  10 O  X    -0.0102    0.0002    0.0138    0.0037   -0.0041    0.0672
            Y    -0.0033    0.0010    0.0141   -0.0001   -0.0022    0.0214
            Z    -0.0001   -0.0000    0.0000    0.0006   -0.0015    0.0033


  DISPERSION K POINT NUMBER    20 COORD:  C(  2  0  1 )    WEIGHT:    1.

    MODES         EIGV          FREQUENCIES     IRREP
             (HARTREE**2)   (CM**-1)     (THZ)
    1-   1    0.3080E-06    121.7983    3.6514  (  1)
    2-   2    0.4012E-06    139.0132    4.1675  (  1)
    3-   3    0.4410E-06    145.7474    4.3694  (  1)
    4-   4    0.4826E-06    152.4671    4.5708  (  1)
    5-   5    0.5446E-06    161.9583    4.8554  (  1)
    6-   6    0.6678E-06    179.3572    5.3770  (  1)
    7-   7    0.9145E-06    209.8791    6.2920  (  1)
    8-   8    0.1058E-05    225.7465    6.7677  (  1)
    9-   9    0.1064E-05    226.4042    6.7874  (  1)
   10-  10    0.1182E-05    238.6588    7.1548  (  1)
   11-  11    0.1448E-05    264.1411    7.9188  (  1)
   12-  12    0.1511E-05    269.7892    8.0881  (  1)
   13-  13    0.1808E-05    295.1464    8.8483  (  1)
   14-  14    0.1934E-05    305.2197    9.1503  (  1)
   15-  15    0.2049E-05    314.1770    9.4188  (  1)
   16-  16    0.2255E-05    329.5474    9.8796  (  1)
   17-  17    0.2336E-05    335.4770   10.0573  (  1)
   18-  18    0.2411E-05    340.7957   10.2168  (  1)
   19-  19    0.1058E-04    713.9285   21.4030  (  1)
   20-  20    0.1075E-04    719.4514   21.5686  (  1)
   21-  21    0.1075E-04    719.5892   21.5727  (  1)
   22-  22    0.1080E-04    721.4299   21.6279  (  1)
   23-  23    0.1655E-04    892.8835   26.7680  (  1)
   24-  24    0.1655E-04    892.9333   26.7695  (  1)
   25-  25    0.2567E-04   1112.0265   33.3377  (  1)
   26-  26    0.2567E-04   1112.0423   33.3382  (  1)
   27-  27    0.4545E-04   1479.6259   44.3581  (  1)
   28-  28    0.4607E-04   1489.7341   44.6611  (  1)
   29-  29    0.4845E-04   1527.6486   45.7978  (  1)
   30-  30    0.5093E-04   1566.3314   46.9574  (  1)

 MODES IN PHASE

 FREQ(CM**-1)    121.80    139.01    145.75    152.47    161.96    179.36

 AT.   1 CA X     0.0303    0.0735    0.0727    0.0052   -0.0282   -0.0376
            Y     0.0524   -0.0007   -0.0521    0.0668   -0.0275   -0.0023
            Z    -0.0264   -0.0322    0.0627    0.0500    0.0736   -0.0234
 AT.   2 MG X    -0.0170   -0.0310    0.0037   -0.0232    0.0237    0.0043
            Y     0.0129   -0.0141   -0.0458    0.0119    0.0076    0.0207
            Z    -0.0529    0.0047   -0.0175   -0.0137   -0.0039   -0.0571
 AT.   3 C  X     0.0075    0.0126    0.0036    0.0208    0.0053    0.0088
            Y     0.0170   -0.0112    0.0221   -0.0082   -0.0165    0.0113
            Z     0.0295   -0.0359    0.0283   -0.0284   -0.0008   -0.0142
 AT.   4 C  X    -0.0096   -0.0162   -0.0257    0.0100   -0.0000    0.0042
            Y    -0.0069    0.0136   -0.0093   -0.0016   -0.0313   -0.0104
            Z     0.0060    0.0352   -0.0149   -0.0380    0.0470    0.0293
 AT.   5 O  X     0.0066    0.0493    0.0051    0.0204   -0.0045    0.0043
            Y     0.0151    0.0386    0.0244   -0.0017   -0.0306   -0.0002
            Z     0.0173   -0.0455    0.0484    0.0033    0.0330   -0.0425
 AT.   6 O  X    -0.0350    0.0469    0.0556   -0.0066   -0.0355    0.0287
            Y    -0.0075   -0.0049   -0.0132   -0.0036    0.0318   -0.0055
            Z    -0.0279   -0.0073    0.0386    0.0630   -0.0348    0.0879
 AT.   7 O  X    -0.0203   -0.0227   -0.0073   -0.0298   -0.0143   -0.0257
            Y     0.0218    0.0262   -0.0457    0.0292    0.0066   -0.0196
            Z    -0.0487    0.0100   -0.0219    0.0216    0.0575   -0.0624
 AT.   8 O  X     0.0021    0.0393    0.0058    0.0265    0.0140   -0.0285
            Y     0.0106    0.0393    0.0205    0.0051    0.0227    0.0046
            Z     0.0256   -0.0306    0.0446    0.0348   -0.0329    0.0178
 AT.   9 O  X    -0.0360    0.0233    0.0517   -0.0104   -0.0224    0.0440
            Y    -0.0053   -0.0085   -0.0161    0.0087    0.0187    0.0041
            Z    -0.0326   -0.0249    0.0364    0.0189    0.0098    0.0432
 AT.  10 O  X    -0.0189   -0.0348   -0.0076    0.0020   -0.0119    0.0008
            Y     0.0160    0.0559   -0.0450    0.0157   -0.0014   -0.0095
            Z    -0.0579    0.0402   -0.0171   -0.0191    0.0394   -0.0030

 FREQ(CM**-1)    209.88    225.75    226.40    238.66    264.14    269.79

 AT.   1 CA X     0.0082   -0.0055    0.0121   -0.0009    0.0490    0.0181
            Y    -0.0009   -0.0081    0.0088    0.0011   -0.0515    0.0179
            Z    -0.0201    0.0135    0.0126    0.0014   -0.0282    0.0037
 AT.   2 MG X    -0.0059    0.0240   -0.0272    0.0007    0.0224    0.0181
            Y     0.0031   -0.0152   -0.0194   -0.0102    0.0487   -0.0063
            Z     0.0108   -0.0222    0.0119   -0.0188   -0.0116    0.0080
 AT.   3 C  X    -0.0261   -0.0107   -0.0664    0.0327    0.0037    0.0125
            Y    -0.0264    0.0460   -0.0303    0.0016    0.0168    0.0014
            Z     0.0241   -0.0075    0.0092    0.0166    0.0002   -0.0064
 AT.   4 C  X    -0.0271   -0.0187    0.0609    0.0323    0.0258   -0.0009
            Y    -0.0251    0.0767    0.0274   -0.0185   -0.0077    0.0046
            Z     0.0236    0.0151   -0.0089    0.0157   -0.0235   -0.0217
 AT.   5 O  X    -0.0411   -0.0240   -0.0601    0.0600   -0.0085    0.0010
            Y    -0.0511    0.0250   -0.0175    0.0334   -0.0019   -0.0045
            Z     0.0661   -0.0044    0.0442    0.0351    0.0605    0.0196
 AT.   6 O  X     0.0544    0.0041    0.0596    0.0172   -0.0713    0.0216
            Y    -0.0164   -0.0748    0.0255   -0.0388   -0.0081    0.0039
            Z     0.0535   -0.0115    0.0339   -0.0563    0.0435    0.0037
 AT.   7 O  X     0.0001   -0.0007    0.0012   -0.0279    0.0218    0.0384
            Y     0.0154    0.0197    0.0169    0.0454    0.0278   -0.0427
            Z     0.0359    0.0409    0.0101    0.0151   -0.0178    0.0409
 AT.   8 O  X     0.0300    0.0050   -0.0631   -0.0535   -0.0049   -0.0302
            Y    -0.0246   -0.0477   -0.0242   -0.0564   -0.0106   -0.0091
            Z    -0.0187    0.0042    0.0370   -0.0144    0.0581   -0.0565
 AT.   9 O  X    -0.0460   -0.0178   -0.0159   -0.0236   -0.0762   -0.0275
            Y     0.0478   -0.0314    0.0057    0.0441   -0.0050   -0.0035
            Z    -0.0561    0.0221    0.0086    0.0348    0.0429   -0.0034
 AT.  10 O  X    -0.0350   -0.0226    0.0535    0.0460    0.0177   -0.0124
            Y    -0.0086    0.0926    0.0407   -0.0487    0.0191    0.0169
            Z     0.0027    0.0405   -0.0045   -0.0360   -0.0019   -0.0415

 FREQ(CM**-1)    295.15    305.22    314.18    329.55    335.48    340.80

 AT.   1 CA X    -0.0166    0.0106    0.0034   -0.0209   -0.0051    0.0212
            Y     0.0126    0.0076    0.0299    0.0059    0.0144   -0.0156
            Z    -0.0171   -0.0113   -0.0149    0.0063    0.0172    0.0210
 AT.   2 MG X     0.0186    0.0174   -0.0090   -0.1018    0.1196   -0.0585
            Y    -0.0230    0.0293   -0.0009    0.0424    0.0933    0.1230
            Z    -0.0082    0.0136   -0.0385    0.1054    0.0389   -0.0888
 AT.   3 C  X    -0.0369    0.0235    0.0065    0.0013   -0.0111   -0.0135
            Y     0.0021   -0.0147    0.0437    0.0116    0.0028    0.0055
            Z    -0.0118    0.0141   -0.0125   -0.0102    0.0288    0.0031
 AT.   4 C  X     0.0164    0.0249   -0.0028    0.0041   -0.0046    0.0150
            Y    -0.0260   -0.0161   -0.0433   -0.0007    0.0101   -0.0010
            Z    -0.0232    0.0103    0.0111    0.0156   -0.0142    0.0148
 AT.   5 O  X    -0.0260    0.0338   -0.0105   -0.0102    0.0052   -0.0258
            Y     0.0157    0.0006    0.0149    0.0012    0.0183   -0.0054
            Z    -0.0384   -0.0050    0.0911    0.0206    0.0378   -0.0380
 AT.   6 O  X     0.0334    0.0278    0.0094    0.0082    0.0447    0.0147
            Y    -0.0276   -0.0014   -0.0217   -0.0336   -0.0183   -0.0100
            Z    -0.0407   -0.0314   -0.0173    0.0048   -0.0480   -0.0282
 AT.   7 O  X     0.0340   -0.0167   -0.0171    0.0156   -0.0086    0.0244
            Y    -0.0062    0.0131   -0.0354   -0.0103    0.0191   -0.0041
            Z     0.0348   -0.0456    0.0260   -0.0236   -0.0439    0.0345
 AT.   8 O  X     0.0322   -0.0175   -0.0221    0.0004    0.0057   -0.0239
            Y     0.0370   -0.0174    0.0110    0.0188    0.0177   -0.0041
            Z     0.0774    0.0135    0.0219    0.0490    0.0376   -0.0372
 AT.   9 O  X    -0.0271   -0.0140    0.0298    0.0149    0.0452    0.0141
            Y     0.0055    0.0138    0.0249   -0.0309   -0.0182   -0.0102
            Z     0.0683    0.0902   -0.0645   -0.0117   -0.0483   -0.0249
 AT.  10 O  X    -0.0042    0.0241   -0.0022    0.0112   -0.0088    0.0251
            Y     0.0101   -0.0274   -0.0517   -0.0264    0.0182   -0.0038
            Z     0.0269    0.0948    0.0777   -0.0074   -0.0446    0.0337

 FREQ(CM**-1)    713.93    719.45    719.59    721.43    892.88    892.93

 AT.   1 CA X    -0.0005   -0.0032    0.0032   -0.0002    0.0017    0.0001
            Y     0.0003    0.0001   -0.0001   -0.0025   -0.0002    0.0008
            Z     0.0018   -0.0014   -0.0045    0.0003   -0.0001    0.0005
 AT.   2 MG X     0.0020    0.0041    0.0130   -0.0011    0.0005   -0.0010
            Y    -0.0128    0.0000    0.0029    0.0002   -0.0022   -0.0002
            Z     0.0005   -0.0067    0.0050   -0.0018   -0.0001    0.0004
 AT.   3 C  X     0.0333    0.0354    0.0217   -0.0387    0.0016    0.0010
            Y     0.0074   -0.0137    0.0147    0.0161   -0.0049   -0.0040
            Z     0.0040   -0.0002   -0.0031   -0.0009   -0.1722    0.1797
 AT.   4 C  X     0.0321    0.0333   -0.0222    0.0311   -0.0009    0.0016
            Y    -0.0168   -0.0104   -0.0158    0.0283    0.0040   -0.0050
            Z     0.0032    0.0001    0.0032    0.0000    0.1797    0.1722
 AT.   5 O  X    -0.0030    0.0279   -0.0087   -0.0256    0.0013   -0.0052
            Y    -0.0663   -0.0505   -0.0438    0.0626    0.0046   -0.0031
            Z    -0.0052   -0.0009   -0.0055    0.0065    0.0462   -0.0474
 AT.   6 O  X     0.0625   -0.0229   -0.0003   -0.0577    0.0026   -0.0027
            Y     0.0356   -0.0327    0.0501    0.0459   -0.0017   -0.0002
            Z    -0.0059    0.0013   -0.0012    0.0055   -0.0361    0.0230
 AT.   7 O  X    -0.0586    0.0090   -0.0847   -0.0380    0.0007    0.0014
            Y     0.0404   -0.0982    0.0252    0.0538    0.0007   -0.0020
            Z    -0.0063    0.0113   -0.0067   -0.0079   -0.0121    0.0231
 AT.   8 O  X    -0.0696    0.0448    0.0536    0.0505    0.0007    0.0037
            Y    -0.0251    0.0047    0.0376   -0.0116    0.0004    0.0035
            Z    -0.0056    0.0026    0.0065    0.0001    0.0251    0.0341
 AT.   9 O  X     0.0509    0.0938   -0.0408    0.0853   -0.0013   -0.0019
            Y    -0.0435    0.0350    0.0751   -0.0171    0.0015   -0.0005
            Z    -0.0049   -0.0094    0.0055   -0.0101    0.0234    0.0115
 AT.  10 O  X     0.0080    0.0216   -0.0359    0.0626   -0.0023   -0.0011
            Y     0.0728    0.0492   -0.0152   -0.0122    0.0063    0.0028
            Z    -0.0055   -0.0062    0.0010    0.0060   -0.0466   -0.0468

 FREQ(CM**-1)   1112.03   1112.04   1479.63   1489.73   1527.65   1566.33

 AT.   1 CA X    -0.0013    0.0003    0.0002    0.0023    0.0001    0.0002
            Y    -0.0026   -0.0002   -0.0008   -0.0047    0.0001    0.0001
            Z     0.0001    0.0000   -0.0043    0.0017   -0.0003   -0.0000
 AT.   2 MG X    -0.0074    0.0000    0.0051   -0.0023    0.0035    0.0001
            Y     0.0002    0.0009   -0.0060    0.0033    0.0030    0.0000
            Z    -0.0001   -0.0000   -0.0026   -0.0086   -0.0001    0.0001
 AT.   3 C  X    -0.0017    0.0024    0.0971   -0.0649    0.0924    0.0482
            Y    -0.0013    0.0015   -0.1105   -0.0985   -0.0922    0.1140
            Z     0.0000    0.0000   -0.0046   -0.0010    0.0042   -0.0016
 AT.   4 C  X    -0.0010   -0.0018    0.0009    0.1414    0.0222    0.1273
            Y     0.0005    0.0001   -0.1196    0.0401    0.1235    0.0268
            Z    -0.0000    0.0000   -0.0025   -0.0007   -0.0024    0.0008
 AT.   5 O  X     0.0570    0.0406   -0.0458    0.0017   -0.0448    0.0035
            Y    -0.0416   -0.0302    0.0366    0.0093    0.0327   -0.0165
            Z    -0.0009   -0.0003    0.0033   -0.0001   -0.0025   -0.0007
 AT.   6 O  X     0.0034    0.0067   -0.0035    0.0023   -0.0044   -0.0012
            Y     0.0276    0.0514   -0.0545   -0.0136   -0.0518    0.0311
            Z    -0.0001   -0.0008   -0.0009   -0.0023    0.0008   -0.0022
 AT.   7 O  X     0.0917    0.0931    0.0300   -0.0605    0.0412    0.0534
            Y     0.0392    0.0404    0.0136   -0.0245    0.0187    0.0183
            Z     0.0009    0.0006    0.0017    0.0010   -0.0013    0.0028
 AT.   8 O  X     0.0414   -0.0565   -0.0264    0.0089    0.0315   -0.0009
            Y    -0.0299    0.0421    0.0149    0.0048   -0.0121    0.0146
            Z    -0.0005    0.0003    0.0010    0.0002    0.0012    0.0006
 AT.   9 O  X     0.0060   -0.0042    0.0017   -0.0004   -0.0049    0.0002
            Y     0.0501   -0.0291   -0.0504   -0.0214    0.0371   -0.0338
            Z    -0.0000    0.0005   -0.0022   -0.0024   -0.0012    0.0024
 AT.  10 O  X     0.0941   -0.0902    0.0142   -0.0574   -0.0240   -0.0528
            Y     0.0403   -0.0390    0.0154   -0.0222   -0.0217   -0.0175
            Z     0.0010   -0.0007    0.0023    0.0011    0.0031   -0.0029

 MODES IN ANTI-PHASE

 FREQ(CM**-1)    121.80    139.01    145.75    152.47    161.96    179.36

 AT.   1 CA X    -0.0020   -0.0217    0.0059    0.0054   -0.0158    0.0328
            Y    -0.0034    0.0002   -0.0042    0.0692   -0.0154    0.0020
            Z     0.0017    0.0095    0.0051    0.0518    0.0412    0.0204
 AT.   2 MG X     0.0011    0.0092    0.0003   -0.0241    0.0133   -0.0038
            Y    -0.0008    0.0042   -0.0037    0.0124    0.0043   -0.0180
            Z     0.0034   -0.0014   -0.0014   -0.0142   -0.0022    0.0497
 AT.   3 C  X     0.0064    0.0109    0.0261    0.0179    0.0029    0.0329
            Y    -0.0044   -0.0079    0.0016   -0.0120    0.0266    0.0000
            Z    -0.0301   -0.0070    0.0052    0.0277   -0.0540    0.0429
 AT.   4 C  X    -0.0021    0.0039    0.0059   -0.0256   -0.0061    0.0338
            Y    -0.0162   -0.0020   -0.0201    0.0145    0.0018    0.0043
            Z    -0.0417    0.0101   -0.0246   -0.0112    0.0265    0.0344
 AT.   5 O  X     0.0337    0.0038    0.0045    0.0272    0.0192    0.0293
            Y     0.0340   -0.0126   -0.0224    0.0050    0.0453   -0.0047
            Z    -0.0651   -0.0139   -0.0198    0.0349   -0.0588   -0.0238
 AT.   6 O  X     0.0099    0.0296   -0.0198   -0.0106   -0.0045   -0.0405
            Y    -0.0165    0.0081   -0.0189    0.0085    0.0024   -0.0049
            Z     0.0375    0.0345   -0.0105    0.0212    0.0328   -0.0315
 AT.   7 O  X    -0.0096    0.0289   -0.0023    0.0010   -0.0052   -0.0043
            Y     0.0433   -0.0623    0.0011    0.0168   -0.0057    0.0069
            Z     0.0744   -0.0584    0.0282   -0.0183    0.0109   -0.0056
 AT.   8 O  X    -0.0343   -0.0300   -0.0036    0.0213   -0.0138   -0.0083
            Y    -0.0357   -0.0104    0.0261   -0.0015   -0.0498    0.0009
            Z     0.0623    0.0364    0.0274    0.0045    0.0589    0.0453
 AT.   9 O  X    -0.0053   -0.0504    0.0285   -0.0070   -0.0280   -0.0229
            Y     0.0173   -0.0041    0.0165   -0.0033    0.0259    0.0061
            Z    -0.0336   -0.0250    0.0166    0.0637   -0.0468   -0.0828
 AT.  10 O  X     0.0121   -0.0118    0.0011   -0.0297   -0.0095    0.0261
            Y    -0.0458    0.0380   -0.0085    0.0298    0.0086    0.0184
            Z    -0.0675    0.0436   -0.0314    0.0209    0.0433    0.0626

 FREQ(CM**-1)    209.88    225.75    226.40    238.66    264.14    269.79

 AT.   1 CA X     0.0137   -0.0037   -0.0057   -0.0035   -0.0064    0.0576
            Y    -0.0016   -0.0054   -0.0042    0.0041    0.0067    0.0568
            Z    -0.0334    0.0091   -0.0060    0.0053    0.0037    0.0119
 AT.   2 MG X    -0.0098    0.0161    0.0129    0.0027   -0.0029    0.0576
            Y     0.0051   -0.0102    0.0092   -0.0378   -0.0063   -0.0202
            Z     0.0179   -0.0149   -0.0056   -0.0697    0.0015    0.0255
 AT.   3 C  X     0.0269    0.0154    0.0286    0.0079   -0.0400   -0.0288
            Y    -0.0350   -0.0613    0.0153   -0.0399   -0.0059    0.0080
            Z     0.0125   -0.0248   -0.0010    0.0025    0.0329   -0.0375
 AT.   4 C  X    -0.0260   -0.0009    0.0389    0.0094   -0.0308    0.0313
            Y     0.0359    0.0011    0.0200    0.0354   -0.0161   -0.0067
            Z    -0.0133    0.0210   -0.0024    0.0061    0.0231    0.0313
 AT.   5 O  X     0.0120    0.0152    0.0323   -0.0032   -0.0129   -0.0513
            Y    -0.0551   -0.0618    0.0169   -0.0548    0.0342   -0.0223
            Z     0.0139    0.0064   -0.0116    0.0317    0.0012   -0.0708
 AT.   6 O  X    -0.0232   -0.0209    0.0692   -0.0175    0.0284   -0.0172
            Y     0.0454   -0.0032    0.0134    0.0211   -0.0113   -0.0006
            Z    -0.0351    0.0286    0.0166   -0.0276   -0.0036   -0.0007
 AT.   7 O  X    -0.0396   -0.0242   -0.0681    0.0437    0.0131    0.0334
            Y    -0.0016    0.0920   -0.0387   -0.0189    0.0304   -0.0316
            Z     0.0222    0.0270    0.0141   -0.0457   -0.0597   -0.0139
 AT.   8 O  X    -0.0306   -0.0280    0.0261    0.0273    0.0147   -0.0415
            Y    -0.0710    0.0466    0.0029   -0.0306   -0.0326   -0.0209
            Z     0.0649   -0.0065   -0.0269    0.0450   -0.0166   -0.0468
 AT.   9 O  X     0.0371    0.0117   -0.0899   -0.0065   -0.0092   -0.0018
            Y     0.0068   -0.0679   -0.0282   -0.0012    0.0130    0.0018
            Z     0.0307   -0.0215   -0.0368   -0.0522   -0.0076    0.0015
 AT.  10 O  X    -0.0185    0.0086    0.0422    0.0238   -0.0182    0.0494
            Y     0.0128   -0.0167    0.0114    0.0065   -0.0365   -0.0503
            Z     0.0421    0.0276   -0.0167   -0.0320    0.0623    0.0120

 FREQ(CM**-1)    295.15    305.22    314.18    329.55    335.48    340.80

 AT.   1 CA X     0.0287    0.0219   -0.0023    0.0057   -0.0001   -0.0007
            Y    -0.0217    0.0156   -0.0203   -0.0016    0.0002    0.0005
            Z     0.0295   -0.0232    0.0101   -0.0017    0.0003   -0.0007
 AT.   2 MG X    -0.0322    0.0359    0.0061    0.0276    0.0018    0.0019
            Y     0.0398    0.0603    0.0006   -0.0115    0.0014   -0.0039
            Z     0.0143    0.0280    0.0262   -0.0286    0.0006    0.0028
 AT.   3 C  X    -0.0024    0.0118    0.0253   -0.0106    0.0112   -0.0091
            Y    -0.0289   -0.0105   -0.0005   -0.0189   -0.0130   -0.0025
            Z    -0.0337   -0.0256   -0.0085   -0.0137    0.0007   -0.0199
 AT.   4 C  X    -0.0331   -0.0083    0.0260   -0.0098    0.0151    0.0062
            Y    -0.0126    0.0083    0.0059   -0.0222   -0.0086   -0.0059
            Z    -0.0270    0.0274   -0.0103   -0.0069   -0.0250   -0.0136
 AT.   5 O  X    -0.0222    0.0043    0.0197   -0.0182    0.0182   -0.0293
            Y    -0.0517   -0.0218   -0.0060   -0.0353   -0.0175   -0.0210
            Z    -0.0672    0.0132    0.0125   -0.0618   -0.0050   -0.0113
 AT.   6 O  X     0.0120    0.0041   -0.0284   -0.0156    0.0176    0.0089
            Y     0.0094    0.0164   -0.0354    0.0037    0.0037    0.0038
            Z    -0.0554    0.0900    0.0625    0.0314   -0.0081   -0.0510
 AT.   7 O  X    -0.0147    0.0175   -0.0045    0.0045   -0.0054   -0.0117
            Y    -0.0081   -0.0246    0.0415    0.0345   -0.0292   -0.0051
            Z    -0.0511    0.0847   -0.0733   -0.0257   -0.0230    0.0118
 AT.   8 O  X     0.0115    0.0292    0.0025    0.0208   -0.0180    0.0309
            Y    -0.0394   -0.0130   -0.0116    0.0298    0.0180    0.0213
            Z    -0.0002    0.0042   -0.0893    0.0430    0.0062    0.0137
 AT.   9 O  X    -0.0229    0.0244    0.0017    0.0093   -0.0162   -0.0099
            Y     0.0286    0.0090    0.0332    0.0138   -0.0043   -0.0031
            Z     0.0077    0.0310   -0.0069   -0.0295    0.0066    0.0527
 AT.  10 O  X    -0.0368   -0.0023    0.0176   -0.0118    0.0051    0.0101
            Y     0.0013   -0.0050    0.0176   -0.0246    0.0297    0.0054
            Z    -0.0557    0.0166    0.0028    0.0341    0.0217   -0.0139

 FREQ(CM**-1)    713.93    719.45    719.59    721.43    892.88    892.93

 AT.   1 CA X    -0.0004   -0.0050   -0.0018    0.0004   -0.0013    0.0002
            Y     0.0003    0.0001    0.0001    0.0065    0.0001    0.0020
            Z     0.0016   -0.0022    0.0025   -0.0008    0.0001    0.0013
 AT.   2 MG X     0.0018    0.0063   -0.0073    0.0030   -0.0004   -0.0026
            Y    -0.0112    0.0001   -0.0016   -0.0004    0.0017   -0.0006
            Z     0.0005   -0.0104   -0.0028    0.0047    0.0001    0.0010
 AT.   3 C  X    -0.0094    0.0186    0.0172    0.0236    0.0022    0.0024
            Y     0.0369   -0.0312    0.0393    0.0323   -0.0025   -0.0038
            Z    -0.0001   -0.0025   -0.0020   -0.0002    0.0515   -0.0001
 AT.   4 C  X    -0.0129   -0.0221    0.0165   -0.0330    0.0026   -0.0020
            Y    -0.0337    0.0325    0.0389    0.0224   -0.0038    0.0025
            Z    -0.0024    0.0025   -0.0019   -0.0009    0.0001    0.0515
 AT.   5 O  X    -0.0698    0.0616   -0.0683   -0.0471   -0.0004   -0.0000
            Y    -0.0164   -0.0175   -0.0712   -0.0524    0.0007    0.0019
            Z    -0.0049    0.0025   -0.0111   -0.0075   -0.0148   -0.0006
 AT.   6 O  X     0.0429    0.0926    0.0477   -0.0634    0.0019   -0.0056
            Y    -0.0487    0.0237   -0.0573   -0.0256   -0.0020   -0.0009
            Z    -0.0041   -0.0098   -0.0073    0.0090   -0.0326    0.0410
 AT.   7 O  X     0.0160    0.0277   -0.0100   -0.0514    0.0026   -0.0001
            Y     0.0680    0.0099    0.0334   -0.0417   -0.0063    0.0020
            Z    -0.0047   -0.0017   -0.0053   -0.0002    0.0450   -0.0436
 AT.   8 O  X     0.0065    0.0507    0.0432   -0.0179   -0.0012   -0.0036
            Y    -0.0635   -0.0532    0.0746   -0.0808   -0.0047   -0.0007
            Z    -0.0045    0.0002    0.0105   -0.0099   -0.0415   -0.0330
 AT.   9 O  X     0.0561    0.0170   -0.0248   -0.0086   -0.0030   -0.0059
            Y     0.0418   -0.0201   -0.0126   -0.0498    0.0021   -0.0008
            Z    -0.0053   -0.0028    0.0048    0.0030    0.0427    0.0456
 AT.  10 O  X    -0.0603    0.0196    0.0773   -0.0129   -0.0012    0.0009
            Y     0.0309   -0.0856   -0.0390   -0.0670    0.0008    0.0001
            Z    -0.0057    0.0096    0.0085    0.0051    0.0014   -0.0158

 FREQ(CM**-1)   1112.03   1112.04   1479.63   1489.73   1527.65   1566.33

 AT.   1 CA X     0.0002   -0.0026    0.0001    0.0002   -0.0003   -0.0051
            Y     0.0003    0.0013   -0.0004   -0.0005   -0.0002   -0.0024
            Z    -0.0000   -0.0002   -0.0020    0.0002    0.0006    0.0001
 AT.   2 MG X     0.0009   -0.0002    0.0023   -0.0002   -0.0066   -0.0018
            Y    -0.0000   -0.0074   -0.0027    0.0003   -0.0057   -0.0008
            Z     0.0000    0.0002   -0.0012   -0.0008    0.0003   -0.0019
 AT.   3 C  X     0.0029   -0.0026    0.0323   -0.1273    0.0696    0.1182
            Y     0.0005   -0.0004    0.0886   -0.0090    0.0925   -0.0261
            Z    -0.0000   -0.0000    0.0011    0.0010   -0.0006    0.0017
 AT.   4 C  X     0.0032    0.0031   -0.1023    0.0206    0.1136   -0.0088
            Y     0.0013    0.0016    0.0759    0.0904   -0.0424    0.1138
            Z    -0.0000    0.0000    0.0040    0.0013    0.0035   -0.0022
 AT.   5 O  X     0.0582    0.0713    0.0049    0.0371   -0.0077   -0.0382
            Y    -0.0438   -0.0535   -0.0122   -0.0221   -0.0075    0.0273
            Z    -0.0013   -0.0000   -0.0015    0.0016    0.0002    0.0011
 AT.   6 O  X    -0.0114   -0.0098    0.0053   -0.0136    0.0088    0.0146
            Y    -0.0976   -0.0871   -0.0194   -0.0414   -0.0098    0.0411
            Z    -0.0001    0.0015   -0.0021   -0.0007    0.0009   -0.0026
 AT.   7 O  X    -0.0209   -0.0011   -0.0073    0.0096    0.0011   -0.0060
            Y    -0.0095   -0.0009    0.0086    0.0094    0.0135   -0.0113
            Z    -0.0005    0.0004    0.0015    0.0006   -0.0029    0.0012
 AT.   8 O  X    -0.0701    0.0595   -0.0377   -0.0361    0.0328   -0.0383
            Y     0.0525   -0.0448    0.0356    0.0234   -0.0313    0.0283
            Z     0.0015    0.0001    0.0034   -0.0016    0.0022    0.0011
 AT.   9 O  X     0.0102   -0.0111   -0.0061    0.0138    0.0086    0.0147
            Y     0.0882   -0.0969   -0.0283    0.0379    0.0375    0.0389
            Z     0.0001    0.0016    0.0007    0.0002   -0.0001   -0.0025
 AT.  10 O  X    -0.0017   -0.0233    0.0274   -0.0212   -0.0335   -0.0096
            Y    -0.0001   -0.0106    0.0046   -0.0141   -0.0079   -0.0125
            Z     0.0003    0.0002    0.0003   -0.0004   -0.0006    0.0010


  DISPERSION K POINT NUMBER    21 COORD:  C(  2  0  2 )    WEIGHT:    1.

    MODES         EIGV          FREQUENCIES     IRREP
             (HARTREE**2)   (CM**-1)     (THZ)
    1-   1    0.2249E-06    104.0739    3.1201  (  1)
    2-   2    0.2657E-06    113.1376    3.3918  (  1)
    3-   3    0.4075E-06    140.1093    4.2004  (  1)
    4-   4    0.4712E-06    150.6584    4.5166  (  1)
    5-   5    0.5694E-06    165.6054    4.9647  (  1)
    6-   6    0.6195E-06    172.7461    5.1788  (  1)
    7-   7    0.7741E-06    193.1021    5.7891  (  1)
    8-   8    0.8038E-06    196.7730    5.8991  (  1)
    9-   9    0.1084E-05    228.5496    6.8517  (  1)
   10-  10    0.1181E-05    238.5517    7.1516  (  1)
   11-  11    0.1398E-05    259.4747    7.7789  (  1)
   12-  12    0.1475E-05    266.5635    7.9914  (  1)
   13-  13    0.1597E-05    277.3219    8.3139  (  1)
   14-  14    0.1881E-05    300.9823    9.0232  (  1)
   15-  15    0.2182E-05    324.2095    9.7196  (  1)
   16-  16    0.2258E-05    329.7877    9.8868  (  1)
   17-  17    0.2337E-05    335.5102   10.0583  (  1)
   18-  18    0.3420E-05    405.9051   12.1687  (  1)
   19-  19    0.1061E-04    714.8833   21.4317  (  1)
   20-  20    0.1068E-04    717.4011   21.5071  (  1)
   21-  21    0.1095E-04    726.1496   21.7694  (  1)
   22-  22    0.1101E-04    728.3038   21.8340  (  1)
   23-  23    0.1650E-04    891.5520   26.7281  (  1)
   24-  24    0.1664E-04    895.3047   26.8406  (  1)
   25-  25    0.2568E-04   1112.1460   33.3413  (  1)
   26-  26    0.2573E-04   1113.2485   33.3744  (  1)
   27-  27    0.4374E-04   1451.4990   43.5148  (  1)
   28-  28    0.4574E-04   1484.4154   44.5017  (  1)
   29-  29    0.4680E-04   1501.4466   45.0122  (  1)
   30-  30    0.5180E-04   1579.5939   47.3550  (  1)

 MODES IN PHASE

 FREQ(CM**-1)    104.07    113.14    140.11    150.66    165.61    172.75

 AT.   1 CA X     0.0375    0.0195    0.0022   -0.0075   -0.0109   -0.0442
            Y     0.0049   -0.0463    0.0014   -0.0009    0.0195    0.0330
            Z     0.0538   -0.0209   -0.0007   -0.0176    0.0057    0.0036
 AT.   2 MG X    -0.0132   -0.0399   -0.0193   -0.0223    0.0215   -0.0145
            Y    -0.0209   -0.0405   -0.0022    0.0429   -0.0141   -0.0120
            Z    -0.0371    0.0474    0.0152    0.0073    0.0193   -0.0070
 AT.   3 C  X    -0.0007    0.0168    0.0212    0.0160   -0.0426    0.0130
            Y     0.0136    0.0047   -0.0030   -0.0108   -0.0050    0.0466
            Z     0.0374   -0.0222   -0.0147    0.0345   -0.0085   -0.0206
 AT.   4 C  X    -0.0137   -0.0449   -0.0191   -0.0189    0.0331    0.0025
            Y     0.0054   -0.0185    0.0042    0.0126   -0.0171   -0.0124
            Z     0.0092    0.0142    0.0146   -0.0360   -0.0225   -0.0317
 AT.   5 O  X     0.0002    0.0230    0.0169   -0.0109   -0.0532    0.0300
            Y     0.0145    0.0103   -0.0081   -0.0432   -0.0183    0.0695
            Z     0.0675   -0.0318   -0.0032    0.0319    0.0318   -0.0785
 AT.   6 O  X     0.0476    0.0660   -0.0547   -0.0459    0.0188    0.0069
            Y    -0.0006    0.0092   -0.0206    0.0041   -0.0164   -0.0112
            Z     0.0569    0.0073   -0.0096   -0.0383    0.0327    0.0234
 AT.   7 O  X    -0.0021    0.0194    0.0207   -0.0032   -0.0540    0.0197
            Y     0.0164   -0.0008    0.0036    0.0338    0.0189    0.0362
            Z     0.0421   -0.0016   -0.0193    0.0356    0.0141    0.0379
 AT.   8 O  X    -0.0035   -0.0217   -0.0151   -0.0016    0.0433    0.0114
            Y     0.0190    0.0110    0.0090    0.0326   -0.0010    0.0060
            Z     0.0526   -0.0003    0.0028   -0.0403   -0.0221   -0.0436
 AT.   9 O  X     0.0535    0.0337    0.0549    0.0585    0.0115    0.0009
            Y     0.0085    0.0075    0.0199   -0.0095    0.0210    0.0481
            Z     0.0675   -0.0352    0.0082    0.0473    0.0270   -0.0073
 AT.  10 O  X    -0.0090   -0.0291   -0.0188   -0.0056    0.0435    0.0067
            Y    -0.0073   -0.0549   -0.0020   -0.0176   -0.0410   -0.0172
            Z     0.0060    0.0091    0.0186   -0.0382   -0.0833   -0.0267

 FREQ(CM**-1)    193.10    196.77    228.55    238.55    259.47    266.56

 AT.   1 CA X    -0.0214    0.0377    0.0001    0.0114   -0.0091    0.0059
            Y    -0.0494    0.0141   -0.0368   -0.0330   -0.0534    0.0027
            Z     0.0472   -0.0295    0.0230   -0.0274   -0.0529    0.0033
 AT.   2 MG X     0.0263    0.0114    0.0051   -0.0001    0.0271   -0.0478
            Y    -0.0001    0.0035    0.0195   -0.0008   -0.0174   -0.0010
            Z     0.0159   -0.0143   -0.0048    0.0008   -0.0230   -0.0170
 AT.   3 C  X     0.0431   -0.0250   -0.0010    0.0374   -0.0025    0.0142
            Y    -0.0109    0.0221    0.0341   -0.0255    0.0486   -0.0188
            Z    -0.0057   -0.0453   -0.0041   -0.0184    0.0198    0.0243
 AT.   4 C  X     0.0403   -0.0231    0.0009    0.0323   -0.0023   -0.0161
            Y     0.0037    0.0241    0.0308   -0.0261    0.0502    0.0191
            Z    -0.0180   -0.0463   -0.0051   -0.0083    0.0197   -0.0404
 AT.   5 O  X     0.0530   -0.0042   -0.0128    0.0343    0.0013    0.0215
            Y     0.0035    0.0512    0.0135   -0.0365    0.0442   -0.0004
            Z    -0.0414   -0.0310   -0.0178    0.0511    0.0419    0.0796
 AT.   6 O  X     0.0004    0.0226   -0.0012   -0.0182   -0.0247    0.0494
            Y    -0.0154   -0.0426   -0.0530   -0.0001    0.0009    0.0090
            Z     0.0146    0.0489    0.0156   -0.0133    0.0263    0.0045
 AT.   7 O  X     0.0502   -0.0092   -0.0117    0.0400    0.0089    0.0226
            Y    -0.0232   -0.0207    0.0636   -0.0319    0.0335   -0.0511
            Z    -0.0287   -0.0522    0.0668   -0.0792   -0.0243    0.0225
 AT.   8 O  X     0.0601   -0.0018   -0.0098    0.0396    0.0035   -0.0439
            Y     0.0310    0.0537    0.0116   -0.0175    0.0487   -0.0222
            Z    -0.0593   -0.0320   -0.0211    0.0009    0.0408   -0.0753
 AT.   9 O  X     0.0297    0.0182   -0.0027   -0.0411   -0.0237   -0.0273
            Y    -0.0227   -0.0422   -0.0536    0.0267   -0.0037    0.0041
            Z     0.0517    0.0465    0.0202    0.0245    0.0222    0.0383
 AT.  10 O  X     0.0523   -0.0070   -0.0094    0.0362    0.0106   -0.0359
            Y    -0.0208   -0.0192    0.0594   -0.0339    0.0325    0.0710
            Z    -0.0088   -0.0532    0.0682    0.0114   -0.0276   -0.0325

 FREQ(CM**-1)    277.32    300.98    324.21    329.79    335.51    405.91

 AT.   1 CA X     0.0508   -0.0019   -0.0226    0.0055   -0.0019    0.0160
            Y     0.0071    0.0010    0.0251    0.0064   -0.0086   -0.0193
            Z    -0.0175   -0.0026   -0.0065    0.0041    0.0181    0.0131
 AT.   2 MG X     0.0157    0.0309   -0.0071    0.1326    0.0214   -0.0451
            Y     0.0194    0.0291   -0.0192   -0.0007    0.0559    0.1293
            Z     0.0249   -0.0137   -0.0065   -0.0635    0.1132   -0.0797
 AT.   3 C  X    -0.0001    0.0104   -0.0053    0.0237    0.0065   -0.0178
            Y    -0.0244    0.0120    0.0163   -0.0111    0.0261    0.0362
            Z     0.0014   -0.0026    0.0497   -0.0014    0.0037   -0.0189
 AT.   4 C  X    -0.0016   -0.0066    0.0047   -0.0355   -0.0079    0.0074
            Y    -0.0213   -0.0128   -0.0044    0.0022   -0.0026   -0.0245
            Z     0.0107    0.0028    0.0262   -0.0039   -0.0293    0.0138
 AT.   5 O  X    -0.0065    0.0001    0.0171    0.0264    0.0100   -0.0234
            Y    -0.0260   -0.0023    0.0492   -0.0076    0.0220    0.0206
            Z    -0.0433    0.0765    0.0719    0.0160    0.0614   -0.0046
 AT.   6 O  X    -0.0259   -0.0066    0.0132    0.0033    0.0022    0.0081
            Y     0.0265   -0.0025   -0.0124    0.0175   -0.0283   -0.0131
            Z     0.0750    0.0934    0.0086   -0.0271    0.0214   -0.0250
 AT.   7 O  X    -0.0093    0.0115    0.0103    0.0234    0.0116   -0.0173
            Y    -0.0194    0.0221   -0.0309    0.0004    0.0206    0.0381
            Z     0.0551   -0.0534    0.0054    0.0173   -0.0192   -0.0327
 AT.   8 O  X    -0.0002    0.0048    0.0197   -0.0430   -0.0254    0.0177
            Y    -0.0121    0.0026    0.0217   -0.0076   -0.0128   -0.0181
            Z    -0.0414   -0.0706   -0.0005   -0.0479   -0.0198   -0.0267
 AT.   9 O  X    -0.0176    0.0092    0.0623    0.0180   -0.0053   -0.0034
            Y     0.0285    0.0049   -0.0213   -0.0122    0.0291    0.0282
            Z     0.0650   -0.0890   -0.0569   -0.0241   -0.0361    0.0004
 AT.  10 O  X    -0.0062   -0.0067    0.0108   -0.0368   -0.0173    0.0067
            Y    -0.0258   -0.0254   -0.0277   -0.0128    0.0127   -0.0253
            Z     0.0562    0.0612    0.0254   -0.0301   -0.0604    0.0293

 FREQ(CM**-1)    714.88    717.40    726.15    728.30    891.55    895.30

 AT.   1 CA X    -0.0002    0.0002    0.0053    0.0012    0.0004    0.0000
            Y    -0.0007   -0.0035   -0.0006   -0.0013   -0.0004    0.0021
            Z    -0.0003   -0.0034   -0.0014   -0.0005    0.0003    0.0017
 AT.   2 MG X    -0.0041    0.0046    0.0012    0.0022   -0.0009   -0.0029
            Y     0.0011    0.0000    0.0154    0.0014    0.0021   -0.0001
            Z     0.0017   -0.0004    0.0081   -0.0004   -0.0032    0.0030
 AT.   3 C  X     0.0063    0.0039   -0.0246    0.0532   -0.0021    0.0015
            Y     0.0122   -0.0297   -0.0059    0.0044    0.0068   -0.0020
            Z     0.0031    0.0026   -0.0003   -0.0035    0.1802    0.0757
 AT.   4 C  X    -0.0032    0.0022   -0.0481   -0.0241    0.0016    0.0016
            Y    -0.0287   -0.0127   -0.0073   -0.0044   -0.0026   -0.0053
            Z    -0.0030    0.0025   -0.0023    0.0016   -0.0764    0.1786
 AT.   5 O  X    -0.0190    0.0487    0.0044    0.0057   -0.0016   -0.0021
            Y    -0.0115    0.0107    0.0460   -0.0884   -0.0059   -0.0007
            Z    -0.0038    0.0027    0.0033   -0.0120   -0.0479   -0.0192
 AT.   6 O  X    -0.0363    0.0383   -0.1007    0.0151   -0.0010   -0.0061
            Y    -0.0736    0.0765    0.0375   -0.0013    0.0014   -0.0010
            Z     0.0019   -0.0054    0.0078   -0.0026    0.0241    0.0481
 AT.   7 O  X     0.0190   -0.0346   -0.0317    0.0524   -0.0021   -0.0010
            Y    -0.0155    0.0498   -0.0215    0.0552    0.0075    0.0006
            Z     0.0046   -0.0049   -0.0001   -0.0017   -0.0469   -0.0212
 AT.   8 O  X     0.0494    0.0181    0.0021    0.0006    0.0011   -0.0051
            Y     0.0191    0.0013    0.0915    0.0446    0.0026   -0.0022
            Z     0.0063    0.0004    0.0038    0.0047    0.0208   -0.0488
 AT.   9 O  X     0.0407    0.0371   -0.0130   -0.1057    0.0025   -0.0031
            Y     0.0765    0.0725    0.0028    0.0305   -0.0028   -0.0005
            Z    -0.0021   -0.0050    0.0010    0.0146   -0.0470    0.0225
 AT.  10 O  X    -0.0384   -0.0138   -0.0611   -0.0277   -0.0000   -0.0010
            Y     0.0451    0.0206   -0.0480   -0.0276   -0.0036    0.0025
            Z    -0.0080   -0.0004    0.0025    0.0018    0.0199   -0.0500

 FREQ(CM**-1)   1112.15   1113.25   1451.50   1484.42   1501.45   1579.59

 AT.   1 CA X     0.0001    0.0022   -0.0007   -0.0011   -0.0022   -0.0002
            Y    -0.0000   -0.0022   -0.0010    0.0024   -0.0023    0.0013
            Z     0.0010    0.0012    0.0003    0.0034    0.0010   -0.0008
 AT.   2 MG X     0.0000    0.0001    0.0026   -0.0035   -0.0082    0.0027
            Y    -0.0002   -0.0004   -0.0006    0.0028   -0.0021   -0.0010
            Z    -0.0021    0.0002    0.0001    0.0063   -0.0031    0.0026
 AT.   3 C  X    -0.0021   -0.0024    0.1447   -0.0413    0.0212   -0.0917
            Y     0.0012   -0.0028    0.0979    0.0634    0.0287    0.1447
            Z     0.0004    0.0002   -0.0018    0.0016   -0.0011   -0.0046
 AT.   4 C  X     0.0013   -0.0001   -0.0193   -0.0819    0.1556    0.0323
            Y    -0.0004    0.0002   -0.0073    0.1534    0.0799   -0.0797
            Z    -0.0002    0.0006   -0.0006    0.0042    0.0012    0.0023
 AT.   5 O  X     0.0354   -0.0812   -0.0248    0.0225   -0.0041    0.0520
            Y    -0.0247    0.0609    0.0075   -0.0207   -0.0016   -0.0469
            Z    -0.0005    0.0005    0.0007   -0.0020   -0.0003    0.0016
 AT.   6 O  X    -0.0135    0.0064    0.0050    0.0005    0.0137   -0.0020
            Y    -0.1009    0.0500    0.0210    0.0611    0.0390    0.0272
            Z     0.0002   -0.0012    0.0003    0.0030   -0.0017   -0.0014
 AT.   7 O  X    -0.0393    0.0947   -0.0661    0.0067   -0.0093    0.0184
            Y    -0.0162    0.0407   -0.0306   -0.0030   -0.0068   -0.0103
            Z    -0.0003    0.0006    0.0003   -0.0003    0.0009    0.0052
 AT.   8 O  X    -0.0823   -0.0344    0.0048    0.0489   -0.0341   -0.0225
            Y     0.0602    0.0249   -0.0030   -0.0441    0.0115    0.0226
            Z     0.0009   -0.0002   -0.0004   -0.0023   -0.0012   -0.0006
 AT.   9 O  X     0.0069    0.0129   -0.0109    0.0009    0.0072    0.0013
            Y     0.0513    0.0998   -0.0416    0.0317    0.0159   -0.0584
            Z     0.0002   -0.0017    0.0005    0.0020   -0.0008    0.0033
 AT.  10 O  X     0.0935    0.0395    0.0077    0.0112   -0.0643   -0.0037
            Y     0.0404    0.0160    0.0042   -0.0093   -0.0273    0.0069
            Z     0.0011    0.0003    0.0003   -0.0020   -0.0008   -0.0023

 MODES IN ANTI-PHASE

 FREQ(CM**-1)    104.07    113.14    140.11    150.66    165.61    172.75

 AT.   1 CA X    -0.0109   -0.0252   -0.0955    0.0376   -0.0193    0.0396
            Y    -0.0014    0.0598   -0.0595    0.0046    0.0344   -0.0296
            Z    -0.0157    0.0270    0.0311    0.0880    0.0099   -0.0032
 AT.   2 MG X    -0.0126   -0.0054    0.0106    0.0075   -0.0367   -0.0048
            Y    -0.0200   -0.0055    0.0012   -0.0145    0.0241   -0.0039
            Z    -0.0355    0.0065   -0.0083   -0.0025   -0.0330   -0.0023
 AT.   3 C  X     0.0244    0.0421   -0.0453    0.0106    0.0132   -0.0011
            Y     0.0111    0.0179   -0.0269   -0.0067   -0.0228    0.0176
            Z     0.0415   -0.0089    0.0012    0.0106   -0.0312    0.0296
 AT.   4 C  X    -0.0202   -0.0058   -0.0462    0.0036   -0.0298   -0.0128
            Y    -0.0167   -0.0000   -0.0268   -0.0020   -0.0160   -0.0482
            Z    -0.0551    0.0193    0.0019   -0.0035   -0.0232    0.0173
 AT.   5 O  X     0.0068    0.0165   -0.0408    0.0304    0.0187   -0.0081
            Y    -0.0127   -0.0140   -0.0207    0.0188   -0.0120    0.0016
            Z     0.0080    0.0085    0.0087    0.0281   -0.0069    0.0352
 AT.   6 O  X    -0.0249   -0.0518   -0.0046   -0.0418    0.0246   -0.0001
            Y    -0.0167   -0.0101    0.0148    0.0149    0.0147   -0.0497
            Z    -0.0364    0.0345    0.0295   -0.0309    0.0508    0.0099
 AT.   7 O  X     0.0133    0.0250   -0.0405    0.0222    0.0185   -0.0045
            Y     0.0392    0.0570   -0.0349   -0.0353   -0.0365    0.0213
            Z     0.0548   -0.0090    0.0147    0.0138   -0.0886    0.0311
 AT.   8 O  X    -0.0059   -0.0182   -0.0415    0.0323   -0.0362   -0.0289
            Y     0.0029   -0.0135   -0.0203    0.0340   -0.0219   -0.0693
            Z    -0.0430    0.0329    0.0089    0.0137    0.0238    0.0742
 AT.   9 O  X    -0.0047   -0.0769   -0.0021   -0.0209    0.0287   -0.0068
            Y     0.0144   -0.0114    0.0157    0.0122   -0.0066    0.0166
            Z     0.0000    0.0015    0.0299   -0.0138    0.0541   -0.0243
 AT.  10 O  X    -0.0101   -0.0125   -0.0414    0.0218   -0.0369   -0.0191
            Y    -0.0419    0.0150   -0.0350   -0.0456   -0.0024   -0.0384
            Z    -0.0688   -0.0007    0.0155   -0.0010   -0.0332   -0.0411

 FREQ(CM**-1)    193.10    196.77    228.55    238.55    259.47    266.56

 AT.   1 CA X     0.0079   -0.0012    0.0000    0.0069   -0.0004    0.0128
            Y     0.0184   -0.0004   -0.0014   -0.0199   -0.0025    0.0058
            Z    -0.0175    0.0009    0.0009   -0.0165   -0.0025    0.0072
 AT.   2 MG X     0.0218    0.0184    0.0097    0.0045    0.0524    0.0680
            Y    -0.0001    0.0057    0.0369    0.0417   -0.0337    0.0014
            Z     0.0131   -0.0230   -0.0092   -0.0397   -0.0445    0.0242
 AT.   3 C  X    -0.0118   -0.0296    0.0249    0.0167    0.0022   -0.0091
            Y    -0.0183   -0.0327   -0.0419   -0.0160    0.0193    0.0091
            Z     0.0209    0.0183   -0.0141    0.0003   -0.0004   -0.0324
 AT.   4 C  X    -0.0192    0.0311   -0.0249    0.0253   -0.0024    0.0049
            Y     0.0210    0.0312    0.0444   -0.0151   -0.0147   -0.0085
            Z    -0.0121   -0.0154    0.0138   -0.0164    0.0023   -0.0023
 AT.   5 O  X    -0.0305   -0.0381    0.0389    0.0267    0.0235   -0.0393
            Y    -0.0434   -0.0420   -0.0240   -0.0006    0.0504   -0.0293
            Z     0.0428    0.0157   -0.0447   -0.0260   -0.0100   -0.0313
 AT.   6 O  X    -0.0451    0.0690   -0.0201   -0.0368    0.0092    0.0060
            Y     0.0169   -0.0050   -0.0097    0.0302   -0.0498    0.0130
            Z    -0.0622    0.0363    0.0601    0.0347   -0.0436    0.0540
 AT.   7 O  X    -0.0219   -0.0353    0.0295    0.0199    0.0181   -0.0280
            Y     0.0049   -0.0220   -0.0522   -0.0215   -0.0096    0.0497
            Z    -0.0197    0.0173    0.0215    0.0546   -0.0358   -0.0235
 AT.   8 O  X    -0.0115    0.0383   -0.0398    0.0179   -0.0233   -0.0089
            Y     0.0306    0.0386    0.0249   -0.0320   -0.0460   -0.0192
            Z    -0.0054   -0.0137    0.0433    0.0573    0.0138    0.0406
 AT.   9 O  X     0.0339   -0.0703    0.0199    0.0011   -0.0115    0.0416
            Y    -0.0028    0.0077    0.0056   -0.0141    0.0497    0.0153
            Z     0.0375   -0.0393   -0.0587   -0.0279    0.0458    0.0383
 AT.  10 O  X    -0.0161    0.0358   -0.0303    0.0261   -0.0172   -0.0008
            Y     0.0114    0.0232    0.0569   -0.0182    0.0126   -0.0070
            Z     0.0337   -0.0139   -0.0164   -0.0955    0.0334    0.0021

 FREQ(CM**-1)    277.32    300.98    324.21    329.79    335.51    405.91

 AT.   1 CA X     0.0064    0.0250   -0.0209   -0.0128    0.0033   -0.0272
            Y     0.0009   -0.0136    0.0233   -0.0149    0.0145    0.0327
            Z    -0.0022    0.0351   -0.0060   -0.0096   -0.0306   -0.0222
 AT.   2 MG X     0.0372   -0.0149    0.0311   -0.0158    0.0002   -0.0004
            Y     0.0460   -0.0140    0.0844    0.0001    0.0006    0.0011
            Z     0.0591    0.0066    0.0287    0.0076    0.0011   -0.0007
 AT.   3 C  X    -0.0063   -0.0246    0.0051    0.0265    0.0054    0.0014
            Y     0.0097    0.0064   -0.0056    0.0075   -0.0114    0.0079
            Z     0.0381   -0.0015    0.0225    0.0067    0.0314   -0.0053
 AT.   4 C  X     0.0061   -0.0258   -0.0056    0.0011   -0.0031    0.0162
            Y    -0.0154    0.0045    0.0167    0.0132   -0.0284   -0.0278
            Z    -0.0366   -0.0011    0.0479    0.0057    0.0119    0.0139
 AT.   5 O  X     0.0251   -0.0329    0.0184    0.0342    0.0235   -0.0072
            Y     0.0535   -0.0027    0.0180    0.0177    0.0025    0.0093
            Z     0.0022   -0.0339   -0.0060    0.0508   -0.0112    0.0331
 AT.   6 O  X     0.0307   -0.0179    0.0615   -0.0280    0.0049   -0.0006
            Y     0.0117   -0.0163   -0.0204    0.0002   -0.0176   -0.0250
            Z    -0.0314   -0.0227   -0.0577    0.0591    0.0294    0.0134
 AT.   7 O  X     0.0115   -0.0317    0.0100    0.0285    0.0134    0.0019
            Y    -0.0284    0.0238   -0.0254    0.0172   -0.0259    0.0078
            Z     0.0112   -0.0563    0.0251    0.0250    0.0795   -0.0154
 AT.   8 O  X    -0.0260   -0.0326    0.0157    0.0045    0.0026    0.0169
            Y    -0.0582   -0.0023    0.0477    0.0177   -0.0181   -0.0135
            Z    -0.0128   -0.0449    0.0721    0.0235   -0.0592    0.0201
 AT.   9 O  X    -0.0362   -0.0167    0.0085   -0.0217    0.0004   -0.0074
            Y    -0.0048   -0.0157   -0.0108   -0.0125    0.0164   -0.0007
            Z     0.0489   -0.0363    0.0129    0.0603   -0.0046    0.0283
 AT.  10 O  X    -0.0134   -0.0330    0.0095    0.0027   -0.0037    0.0160
            Y     0.0228    0.0203   -0.0289    0.0116   -0.0306   -0.0296
            Z     0.0027   -0.0478    0.0035    0.0047    0.0552    0.0211

 FREQ(CM**-1)    714.88    717.40    726.15    728.30    891.55    895.30

 AT.   1 CA X    -0.0010    0.0000   -0.0049   -0.0013   -0.0006   -0.0000
            Y    -0.0037   -0.0006    0.0005    0.0014    0.0007   -0.0013
            Z    -0.0019   -0.0006    0.0013    0.0005   -0.0004   -0.0011
 AT.   2 MG X     0.0035    0.0129    0.0004    0.0005   -0.0000   -0.0015
            Y    -0.0009    0.0000    0.0047    0.0003    0.0001   -0.0000
            Z    -0.0015   -0.0012    0.0025   -0.0001   -0.0001    0.0015
 AT.   3 C  X     0.0078   -0.0042    0.0466    0.0203   -0.0008   -0.0010
            Y    -0.0497    0.0433    0.0069    0.0041   -0.0003    0.0049
            Z    -0.0004    0.0004    0.0023   -0.0013    0.0002   -0.1617
 AT.   4 C  X     0.0095    0.0053    0.0213   -0.0516    0.0016   -0.0010
            Y    -0.0424   -0.0510    0.0054   -0.0041   -0.0063   -0.0003
            Z     0.0007    0.0006    0.0002    0.0034   -0.1632   -0.0003
 AT.   5 O  X     0.0914   -0.0787   -0.0018   -0.0010   -0.0005    0.0046
            Y     0.0240   -0.0248   -0.0886   -0.0383   -0.0001    0.0021
            Z     0.0081   -0.0061   -0.0036   -0.0038   -0.0006    0.0449
 AT.   6 O  X     0.0193    0.0036    0.0061    0.1049   -0.0022    0.0006
            Y     0.0216    0.0026   -0.0002   -0.0305    0.0024    0.0001
            Z    -0.0008    0.0002   -0.0005   -0.0145    0.0406   -0.0024
 AT.   7 O  X    -0.0594    0.0533    0.0591    0.0240    0.0010    0.0006
            Y     0.0884   -0.0748    0.0466    0.0236    0.0005   -0.0025
            Z    -0.0108    0.0120   -0.0025   -0.0017   -0.0001    0.0453
 AT.   8 O  X     0.0792    0.0908   -0.0042   -0.0057    0.0012   -0.0000
            Y     0.0186    0.0270   -0.0399    0.0853    0.0053   -0.0002
            Z     0.0063    0.0067   -0.0031    0.0117    0.0432   -0.0015
 AT.   9 O  X     0.0055    0.0100    0.1000   -0.0074   -0.0000    0.0053
            Y    -0.0052    0.0243   -0.0374   -0.0009   -0.0002    0.0008
            Z    -0.0001   -0.0021   -0.0078    0.0016   -0.0047   -0.0426
 AT.  10 O  X    -0.0492   -0.0620    0.0276   -0.0505    0.0023    0.0006
            Y     0.0776    0.0875    0.0182   -0.0534   -0.0066    0.0005
            Z    -0.0085   -0.0130    0.0003    0.0016    0.0425    0.0001

 FREQ(CM**-1)   1112.15   1113.25   1451.50   1484.42   1501.45   1579.59

 AT.   1 CA X     0.0001    0.0014    0.0007    0.0007    0.0018    0.0003
            Y    -0.0001   -0.0014    0.0011   -0.0016    0.0019   -0.0023
            Z     0.0016    0.0008   -0.0003   -0.0022   -0.0008    0.0015
 AT.   2 MG X    -0.0001   -0.0029    0.0006   -0.0018   -0.0031   -0.0000
            Y     0.0004    0.0087   -0.0001    0.0014   -0.0008    0.0000
            Z     0.0040   -0.0035    0.0000    0.0032   -0.0012   -0.0000
 AT.   3 C  X     0.0004    0.0010    0.0116    0.0713   -0.1544    0.0191
            Y     0.0002    0.0016    0.0021   -0.1397   -0.0757    0.0036
            Z     0.0000    0.0006    0.0007   -0.0039   -0.0014    0.0002
 AT.   4 C  X    -0.0017   -0.0026   -0.1439    0.0092    0.0096    0.0879
            Y     0.0012   -0.0032   -0.0976   -0.0020   -0.0132   -0.1209
            Z     0.0004   -0.0001    0.0018    0.0001    0.0014    0.0040
 AT.   5 O  X    -0.0743   -0.0003   -0.0035   -0.0436    0.0340   -0.0059
            Y     0.0549   -0.0009    0.0026    0.0391   -0.0120    0.0026
            Z     0.0007   -0.0004    0.0003    0.0016    0.0012   -0.0002
 AT.   6 O  X     0.0014    0.0113    0.0107   -0.0008   -0.0046   -0.0003
            Y     0.0098    0.0868    0.0405   -0.0079   -0.0084    0.0519
            Z     0.0003   -0.0013   -0.0005   -0.0009    0.0005   -0.0030
 AT.   7 O  X     0.0849   -0.0003   -0.0042   -0.0093    0.0637   -0.0071
            Y     0.0370   -0.0013   -0.0026    0.0089    0.0265   -0.0018
            Z     0.0011    0.0001   -0.0003    0.0021    0.0010   -0.0006
 AT.   8 O  X     0.0008   -0.0736    0.0246   -0.0032   -0.0027   -0.0472
            Y     0.0007    0.0556   -0.0074    0.0033    0.0040    0.0412
            Z    -0.0002    0.0007   -0.0007    0.0013    0.0001   -0.0014
 AT.   9 O  X    -0.0116    0.0010   -0.0044   -0.0001   -0.0126    0.0015
            Y    -0.0874    0.0089   -0.0188   -0.0528   -0.0365    0.0044
            Z     0.0003   -0.0005   -0.0004   -0.0024    0.0015   -0.0004
 AT.  10 O  X     0.0001    0.0861    0.0658   -0.0024   -0.0034   -0.0194
            Y     0.0009    0.0375    0.0304   -0.0008    0.0014    0.0078
            Z     0.0002    0.0005   -0.0003   -0.0005   -0.0010   -0.0047


  DISPERSION K POINT NUMBER    22 COORD:  C(  2  1  0 )    WEIGHT:    1.

    MODES         EIGV          FREQUENCIES     IRREP
             (HARTREE**2)   (CM**-1)     (THZ)
    1-   1    0.3080E-06    121.7983    3.6514  (  1)
    2-   2    0.4012E-06    139.0132    4.1675  (  1)
    3-   3    0.4410E-06    145.7474    4.3694  (  1)
    4-   4    0.4826E-06    152.4671    4.5708  (  1)
    5-   5    0.5446E-06    161.9583    4.8554  (  1)
    6-   6    0.6678E-06    179.3572    5.3770  (  1)
    7-   7    0.9145E-06    209.8791    6.2920  (  1)
    8-   8    0.1058E-05    225.7465    6.7677  (  1)
    9-   9    0.1064E-05    226.4042    6.7874  (  1)
   10-  10    0.1182E-05    238.6588    7.1548  (  1)
   11-  11    0.1448E-05    264.1411    7.9188  (  1)
   12-  12    0.1511E-05    269.7892    8.0881  (  1)
   13-  13    0.1808E-05    295.1464    8.8483  (  1)
   14-  14    0.1934E-05    305.2197    9.1503  (  1)
   15-  15    0.2049E-05    314.1770    9.4188  (  1)
   16-  16    0.2255E-05    329.5474    9.8796  (  1)
   17-  17    0.2336E-05    335.4770   10.0573  (  1)
   18-  18    0.2411E-05    340.7957   10.2168  (  1)
   19-  19    0.1058E-04    713.9285   21.4030  (  1)
   20-  20    0.1075E-04    719.4514   21.5686  (  1)
   21-  21    0.1075E-04    719.5892   21.5727  (  1)
   22-  22    0.1080E-04    721.4299   21.6279  (  1)
   23-  23    0.1655E-04    892.8835   26.7680  (  1)
   24-  24    0.1655E-04    892.9333   26.7695  (  1)
   25-  25    0.2567E-04   1112.0265   33.3377  (  1)
   26-  26    0.2567E-04   1112.0423   33.3382  (  1)
   27-  27    0.4545E-04   1479.6259   44.3581  (  1)
   28-  28    0.4607E-04   1489.7341   44.6611  (  1)
   29-  29    0.4845E-04   1527.6486   45.7978  (  1)
   30-  30    0.5093E-04   1566.3314   46.9574  (  1)

 MODES IN PHASE

 FREQ(CM**-1)    121.80    139.01    145.75    152.47    161.96    179.36

 AT.   1 CA X     0.0606    0.0245    0.0088   -0.0870   -0.0420    0.0250
            Y    -0.0000   -0.0434    0.0890   -0.0416    0.0118   -0.0376
            Z     0.0264    0.0218    0.0627    0.0720   -0.0816   -0.0281
 AT.   2 MG X     0.0027   -0.0188    0.0378    0.0018    0.0205   -0.0241
            Y     0.0211    0.0134    0.0261   -0.0375   -0.0186   -0.0079
            Z     0.0529   -0.0032   -0.0175   -0.0197    0.0043   -0.0685
 AT.   3 C  X    -0.0107    0.0033    0.0229   -0.0022   -0.0206    0.0122
            Y     0.0049    0.0151   -0.0150   -0.0154   -0.0070    0.0011
            Z    -0.0062   -0.0350   -0.0186   -0.0338   -0.0523    0.0188
 AT.   4 C  X    -0.0097    0.0024    0.0020    0.0035    0.0180   -0.0125
            Y    -0.0077    0.0086    0.0220   -0.0171    0.0154    0.0271
            Z     0.0408   -0.0288   -0.0138    0.0336    0.0143    0.0450
 AT.   5 O  X     0.0046    0.0407    0.0433   -0.0179   -0.0033    0.0154
            Y     0.0246    0.0646    0.0165   -0.0342    0.0156    0.0016
            Z     0.0575   -0.0574   -0.0219    0.0027   -0.0584   -0.0199
 AT.   6 O  X     0.0105    0.0320   -0.0236   -0.0188   -0.0154    0.0089
            Y     0.0034   -0.0008   -0.0077    0.0280   -0.0095   -0.0239
            Z    -0.0252    0.0058    0.0483    0.0267   -0.0170    0.0048
 AT.   7 O  X    -0.0227   -0.0121   -0.0163    0.0032    0.0094   -0.0263
            Y     0.0284    0.0021    0.0548   -0.0122    0.0464    0.0409
            Z     0.0324    0.0345    0.0386    0.0599    0.0254    0.0642
 AT.   8 O  X     0.0085   -0.0120    0.0428   -0.0181   -0.0062    0.0297
            Y     0.0283   -0.0030    0.0159   -0.0327    0.0125   -0.0101
            Z     0.0492    0.0234   -0.0172    0.0009   -0.0491   -0.0585
 AT.   9 O  X     0.0161    0.0439   -0.0207   -0.0192    0.0131    0.0010
            Y     0.0020   -0.0248   -0.0053    0.0280   -0.0041   -0.0038
            Z    -0.0177    0.0457    0.0447    0.0280    0.0169   -0.0344
 AT.  10 O  X    -0.0240    0.0280   -0.0120    0.0028    0.0070   -0.0159
            Y     0.0267   -0.0479    0.0529   -0.0126    0.0372    0.0354
            Z     0.0282   -0.0126    0.0365    0.0580    0.0024    0.0932

 FREQ(CM**-1)    209.88    225.75    226.40    238.66    264.14    269.79

 AT.   1 CA X     0.0011   -0.0103   -0.0071    0.0017    0.0200    0.0745
            Y    -0.0025    0.0008    0.0031    0.0049    0.0682   -0.0205
            Z     0.0066   -0.0143    0.0065   -0.0052   -0.0282   -0.0114
 AT.   2 MG X    -0.0001   -0.0012    0.0156   -0.0305   -0.0534    0.0108
            Y     0.0022   -0.0300   -0.0071   -0.0207   -0.0049   -0.0573
            Z    -0.0035    0.0234    0.0061    0.0677   -0.0116   -0.0244
 AT.   3 C  X     0.0386    0.0267   -0.0654    0.0289   -0.0061    0.0097
            Y     0.0181    0.0263    0.0454   -0.0137    0.0261   -0.0206
            Z     0.0266   -0.0256   -0.0086   -0.0140   -0.0234   -0.0089
 AT.   4 C  X     0.0232   -0.0324   -0.0655   -0.0205    0.0299   -0.0088
            Y     0.0383   -0.0303    0.0456    0.0249   -0.0247    0.0158
            Z     0.0167   -0.0085   -0.0088    0.0163    0.0283    0.0014
 AT.   5 O  X     0.0201    0.0227   -0.0682    0.0032   -0.0252   -0.0085
            Y    -0.0051    0.0163    0.0393   -0.0514    0.0058   -0.0378
            Z    -0.0254   -0.0432   -0.0137    0.0469   -0.0017    0.0187
 AT.   6 O  X    -0.0453    0.0055    0.0326   -0.0542    0.0117   -0.0443
            Y     0.0231    0.0292   -0.0212   -0.0212    0.0012    0.0334
            Z    -0.0565    0.0038    0.0134   -0.0284    0.0581    0.0726
 AT.   7 O  X     0.0020   -0.0637    0.0441    0.0118    0.0424   -0.0107
            Y    -0.0671   -0.0393   -0.0516    0.0287   -0.0635    0.0165
            Z    -0.0626    0.0089   -0.0153    0.0223    0.0429    0.0012
 AT.   8 O  X    -0.0239    0.0677    0.0285    0.0192   -0.0351   -0.0198
            Y     0.0161    0.0643   -0.0297   -0.0114    0.0049   -0.0697
            Z     0.0127   -0.0428    0.0165    0.0285   -0.0181   -0.0169
 AT.   9 O  X     0.0220   -0.0363    0.0177   -0.0059    0.0058   -0.0358
            Y    -0.0324   -0.0238   -0.0229   -0.0404   -0.0065    0.0227
            Z     0.0410   -0.0037    0.0283   -0.0462    0.0605    0.0397
 AT.  10 O  X     0.0082   -0.0406   -0.0693   -0.0067    0.0427    0.0027
            Y     0.0698   -0.0042    0.0631    0.0011   -0.0575   -0.0002
            Z     0.0634   -0.0201    0.0371    0.0551    0.0435   -0.0019

 FREQ(CM**-1)    295.15    305.22    314.18    329.55    335.48    340.80

 AT.   1 CA X    -0.0022   -0.0080   -0.0242    0.0055    0.0099   -0.0030
            Y    -0.0177    0.0036   -0.0105   -0.0215    0.0115   -0.0262
            Z    -0.0146   -0.0075   -0.0131    0.0064   -0.0171   -0.0210
 AT.   2 MG X     0.0091   -0.0229    0.0046    0.0145    0.1396    0.0773
            Y     0.0237    0.0003   -0.0064   -0.1116   -0.0565    0.1122
            Z    -0.0071    0.0091   -0.0337    0.1075   -0.0386    0.0888
 AT.   3 C  X    -0.0308   -0.0031    0.0259   -0.0115    0.0064    0.0068
            Y     0.0030   -0.0294   -0.0150    0.0025    0.0109   -0.0131
            Z     0.0355    0.0111    0.0124    0.0171    0.0115   -0.0155
 AT.   4 C  X     0.0145   -0.0033   -0.0387    0.0225   -0.0039   -0.0050
            Y    -0.0339   -0.0213    0.0029    0.0007   -0.0193   -0.0007
            Z    -0.0090    0.0218   -0.0150   -0.0128    0.0110    0.0191
 AT.   5 O  X    -0.0105   -0.0049    0.0332    0.0041    0.0083    0.0088
            Y     0.0318   -0.0250   -0.0012    0.0198    0.0155   -0.0233
            Z     0.0306   -0.0581    0.0138   -0.0212    0.0467   -0.0344
 AT.   6 O  X     0.0040   -0.0197   -0.0083    0.0005    0.0174   -0.0171
            Y    -0.0298    0.0264   -0.0130   -0.0095    0.0013    0.0194
            Z    -0.0437   -0.0070    0.0919    0.0261   -0.0368    0.0378
 AT.   7 O  X     0.0060   -0.0100    0.0212    0.0245    0.0081   -0.0014
            Y     0.0430    0.0252    0.0176    0.0252   -0.0493   -0.0176
            Z    -0.0451   -0.0449   -0.0069    0.0019    0.0487    0.0274
 AT.   8 O  X    -0.0052    0.0108    0.0413    0.0147    0.0151    0.0091
            Y    -0.0113    0.0341    0.0247    0.0226    0.0180   -0.0235
            Z     0.0223    0.0911    0.0772   -0.0105    0.0412   -0.0339
 AT.   9 O  X    -0.0457    0.0241    0.0029   -0.0131    0.0190   -0.0160
            Y     0.0118   -0.0113   -0.0230   -0.0093    0.0072    0.0189
            Z     0.0771    0.0126    0.0071    0.0449   -0.0381    0.0374
 AT.  10 O  X     0.0076   -0.0018   -0.0408    0.0207    0.0052   -0.0017
            Y    -0.0289   -0.0214    0.0108    0.0282   -0.0462   -0.0174
            Z     0.0687    0.0843   -0.0647   -0.0090    0.0469    0.0257

 FREQ(CM**-1)    713.93    719.45    719.59    721.43    892.88    892.93

 AT.   1 CA X     0.0000    0.0028   -0.0002   -0.0048   -0.0007    0.0019
            Y     0.0005   -0.0052    0.0004   -0.0024    0.0015    0.0009
            Z    -0.0016   -0.0026   -0.0007   -0.0006   -0.0001   -0.0013
 AT.   2 MG X    -0.0089   -0.0038   -0.0014   -0.0009    0.0016   -0.0019
            Y    -0.0072    0.0064    0.0015    0.0023    0.0015    0.0020
            Z    -0.0005   -0.0123    0.0008    0.0039   -0.0001   -0.0011
 AT.   3 C  X     0.0060   -0.0187   -0.0185   -0.0161   -0.0030   -0.0007
            Y    -0.0352   -0.0166   -0.0109   -0.0333   -0.0028    0.0006
            Z    -0.0035    0.0023    0.0004   -0.0008    0.1797   -0.1307
 AT.   4 C  X     0.0162    0.0047    0.0182    0.0019   -0.0008    0.0030
            Y     0.0343   -0.0394   -0.0120    0.0401    0.0008    0.0029
            Z     0.0016    0.0004    0.0029    0.0009    0.1307    0.1797
 AT.   5 O  X     0.0670    0.0340    0.0149    0.0539   -0.0043    0.0014
            Y     0.0208    0.0509    0.0549    0.0412   -0.0052    0.0005
            Z     0.0047    0.0058    0.0074    0.0068   -0.0466    0.0371
 AT.   6 O  X    -0.0496    0.0068   -0.1046    0.0694   -0.0007    0.0004
            Y     0.0520    0.0793    0.0167    0.0400    0.0004    0.0016
            Z     0.0050    0.0014    0.0123   -0.0093    0.0251    0.0115
 AT.   7 O  X    -0.0201   -0.0262   -0.0083    0.0354   -0.0007   -0.0038
            Y    -0.0619    0.0505   -0.0560    0.0439   -0.0019    0.0048
            Z     0.0042   -0.0067    0.0072   -0.0005    0.0234   -0.0452
 AT.   8 O  X    -0.0027    0.0156   -0.0068    0.0491   -0.0010    0.0009
            Y     0.0679    0.0423   -0.0720   -0.0422    0.0002   -0.0002
            Z     0.0057    0.0034   -0.0083   -0.0028   -0.0121    0.0262
 AT.   9 O  X    -0.0523   -0.0008    0.1019    0.0512   -0.0046   -0.0012
            Y    -0.0369    0.0776   -0.0101   -0.0316   -0.0012    0.0023
            Z     0.0046    0.0018   -0.0122   -0.0049    0.0462    0.0242
 AT.  10 O  X     0.0642   -0.0422   -0.0055    0.0471    0.0001   -0.0039
            Y    -0.0284    0.0597    0.0406   -0.0640    0.0031    0.0049
            Z     0.0054   -0.0082   -0.0065    0.0103   -0.0361   -0.0470

 FREQ(CM**-1)   1112.03   1112.04   1479.63   1489.73   1527.65   1566.33

 AT.   1 CA X    -0.0012    0.0002   -0.0002   -0.0021    0.0001   -0.0037
            Y    -0.0001   -0.0027   -0.0002   -0.0031   -0.0001    0.0026
            Z    -0.0000   -0.0001    0.0011   -0.0012    0.0003   -0.0001
 AT.   2 MG X    -0.0014    0.0061   -0.0007    0.0012    0.0037   -0.0013
            Y     0.0026    0.0033   -0.0020    0.0026   -0.0013    0.0009
            Z     0.0000    0.0002    0.0007    0.0060    0.0001    0.0015
 AT.   3 C  X    -0.0027   -0.0026    0.0330    0.0237    0.1192    0.1269
            Y     0.0023    0.0014    0.1355   -0.0960    0.0336   -0.0020
            Z    -0.0000    0.0000   -0.0044    0.0013    0.0022    0.0013
 AT.   4 C  X     0.0000    0.0021   -0.0243   -0.0909    0.1140   -0.1195
            Y    -0.0011   -0.0008    0.0955    0.1054    0.0594   -0.0245
            Z    -0.0000   -0.0000   -0.0028   -0.0009    0.0029   -0.0017
 AT.   5 O  X     0.0235    0.0418    0.0137   -0.0220   -0.0324   -0.0365
            Y    -0.0183   -0.0305   -0.0202    0.0223    0.0118    0.0227
            Z     0.0000    0.0000    0.0001   -0.0010   -0.0030    0.0008
 AT.   6 O  X    -0.0114    0.0064    0.0118    0.0051    0.0044    0.0114
            Y    -0.0977    0.0517    0.0442   -0.0317   -0.0365    0.0436
            Z     0.0016    0.0001   -0.0032   -0.0012   -0.0014   -0.0013
 AT.   7 O  X    -0.0655    0.0935   -0.0194   -0.0399    0.0324    0.0172
            Y    -0.0284    0.0404   -0.0038   -0.0125    0.0236   -0.0041
            Z     0.0001    0.0017   -0.0011    0.0020    0.0012    0.0007
 AT.   8 O  X     0.0400   -0.0213   -0.0012   -0.0478    0.0376    0.0136
            Y    -0.0293    0.0163    0.0139    0.0330   -0.0258   -0.0214
            Z    -0.0008    0.0005   -0.0012   -0.0004    0.0015   -0.0026
 AT.   9 O  X     0.0064    0.0119   -0.0096    0.0072    0.0052   -0.0034
            Y     0.0501    0.0990   -0.0207    0.0302    0.0552    0.0320
            Z    -0.0011   -0.0001    0.0021    0.0011    0.0025   -0.0005
 AT.  10 O  X     0.0938    0.0640   -0.0050    0.0194   -0.0473    0.0502
            Y     0.0404    0.0282   -0.0097   -0.0010   -0.0230    0.0159
            Z    -0.0001    0.0012    0.0019    0.0013   -0.0008    0.0034

 MODES IN ANTI-PHASE

 FREQ(CM**-1)    121.80    139.01    145.75    152.47    161.96    179.36

 AT.   1 CA X    -0.0035   -0.0286   -0.0007    0.0027    0.0109   -0.0118
            Y     0.0000    0.0507   -0.0069    0.0013   -0.0031    0.0178
            Z    -0.0015   -0.0255   -0.0049   -0.0023    0.0212    0.0133
 AT.   2 MG X    -0.0002    0.0220   -0.0030   -0.0001   -0.0053    0.0114
            Y    -0.0012   -0.0157   -0.0020    0.0012    0.0048    0.0037
            Z    -0.0031    0.0037    0.0014    0.0006   -0.0011    0.0323
 AT.   3 C  X    -0.0151   -0.0018    0.0110    0.0028    0.0177   -0.0179
            Y    -0.0063   -0.0150    0.0178   -0.0268    0.0153    0.0285
            Z     0.0417    0.0106   -0.0219    0.0207    0.0135    0.0411
 AT.   4 C  X    -0.0158    0.0028    0.0253   -0.0007   -0.0203    0.0178
            Y     0.0020    0.0194   -0.0076   -0.0257   -0.0067   -0.0089
            Z     0.0108   -0.0226   -0.0252   -0.0211   -0.0521    0.0032
 AT.   5 O  X    -0.0336    0.0058   -0.0001    0.0035    0.0069   -0.0258
            Y    -0.0332   -0.0070    0.0026   -0.0228    0.0024    0.0143
            Z     0.0678   -0.0147   -0.0283    0.0282   -0.0040    0.0594
 AT.   6 O  X    -0.0480   -0.0494   -0.0173    0.0068   -0.0545    0.0061
            Y     0.0118    0.0252   -0.0151   -0.0022   -0.0088   -0.0147
            Z    -0.0624   -0.0472    0.0200   -0.0227   -0.0653    0.0485
 AT.   7 O  X     0.0122   -0.0265   -0.0263    0.0060    0.0026   -0.0010
            Y     0.0134    0.0481    0.0079    0.0070    0.0069   -0.0122
            Z     0.0338    0.0074    0.0106    0.0287    0.0406   -0.0679
 AT.   8 O  X     0.0328   -0.0393   -0.0067   -0.0024   -0.0044    0.0045
            Y     0.0301   -0.0649   -0.0051    0.0249   -0.0097   -0.0103
            Z    -0.0741    0.0545    0.0313   -0.0283    0.0319   -0.0224
 AT.   9 O  X     0.0464   -0.0392    0.0207   -0.0056    0.0551   -0.0107
            Y    -0.0122    0.0046    0.0162    0.0004    0.0123    0.0278
            Z     0.0649   -0.0130   -0.0272    0.0210    0.0653   -0.0345
 AT.  10 O  X    -0.0094    0.0079    0.0285   -0.0062   -0.0069    0.0210
            Y    -0.0167    0.0053   -0.0163   -0.0062   -0.0287   -0.0238
            Z    -0.0374   -0.0330   -0.0164   -0.0324   -0.0478   -0.0064

 FREQ(CM**-1)    209.88    225.75    226.40    238.66    264.14    269.79

 AT.   1 CA X    -0.0063    0.0057    0.0134    0.0006   -0.0027    0.0337
            Y     0.0145   -0.0004   -0.0060    0.0018   -0.0091   -0.0093
            Z    -0.0384    0.0078   -0.0124   -0.0019    0.0038   -0.0051
 AT.   2 MG X     0.0005    0.0007   -0.0298   -0.0113    0.0072    0.0049
            Y    -0.0127    0.0164    0.0136   -0.0077    0.0007   -0.0259
            Z     0.0206   -0.0128   -0.0117    0.0251    0.0016   -0.0110
 AT.   3 C  X     0.0093   -0.0504    0.0032    0.0204    0.0293    0.0039
            Y    -0.0377   -0.0478   -0.0045    0.0359   -0.0187   -0.0226
            Z     0.0053    0.0037    0.0034    0.0092    0.0231   -0.0370
 AT.   4 C  X    -0.0321    0.0469    0.0021    0.0288    0.0015    0.0058
            Y     0.0169    0.0454    0.0008    0.0293    0.0205   -0.0262
            Z    -0.0213   -0.0244   -0.0027    0.0041   -0.0168   -0.0380
 AT.   5 O  X     0.0148   -0.0658    0.0125    0.0258    0.0408   -0.0189
            Y    -0.0340   -0.0658    0.0090    0.0423    0.0024   -0.0596
            Z     0.0337    0.0232   -0.0106   -0.0109    0.0623   -0.0389
 AT.   6 O  X     0.0624    0.0466   -0.0440    0.0541    0.0209   -0.0088
            Y     0.0317    0.0469    0.0425   -0.0373    0.0290    0.0009
            Z     0.0370    0.0068   -0.0437   -0.0378   -0.0169   -0.0109
 AT.   7 O  X    -0.0305    0.0076    0.0537   -0.0240   -0.0068    0.0130
            Y    -0.0198   -0.0200   -0.0410   -0.0318   -0.0143   -0.0148
            Z    -0.0133    0.0296   -0.0346    0.0586   -0.0078   -0.0036
 AT.   8 O  X     0.0073    0.0162    0.0632   -0.0175   -0.0327    0.0061
            Y    -0.0304    0.0216   -0.0272   -0.0655   -0.0039    0.0109
            Z     0.0402    0.0239    0.0052    0.0388   -0.0597    0.0397
 AT.   9 O  X     0.0739   -0.0297   -0.0518   -0.0764   -0.0232   -0.0275
            Y     0.0222   -0.0499    0.0416    0.0145   -0.0283    0.0245
            Z     0.0536   -0.0068   -0.0359    0.0102    0.0010    0.0617
 AT.  10 O  X    -0.0295    0.0496   -0.0057    0.0259   -0.0046   -0.0166
            Y     0.0036    0.0439    0.0192    0.0428    0.0305    0.0222
            Z     0.0083   -0.0234   -0.0071   -0.0299   -0.0038    0.0032

 FREQ(CM**-1)    295.15    305.22    314.18    329.55    335.48    340.80

 AT.   1 CA X    -0.0047    0.0260   -0.0230    0.0010    0.0012   -0.0001
            Y    -0.0373   -0.0119   -0.0100   -0.0038    0.0014   -0.0004
            Z    -0.0308    0.0246   -0.0124    0.0011   -0.0021   -0.0004
 AT.   2 MG X     0.0192    0.0746    0.0044    0.0026    0.0172    0.0013
            Y     0.0499   -0.0010   -0.0061   -0.0197   -0.0069    0.0019
            Z    -0.0149   -0.0298   -0.0321    0.0189   -0.0047    0.0015
 AT.   3 C  X    -0.0038    0.0012    0.0342    0.0212    0.0008   -0.0017
            Y     0.0352   -0.0119    0.0230    0.0040   -0.0163   -0.0090
            Z    -0.0038   -0.0271    0.0087    0.0004    0.0264    0.0129
 AT.   4 C  X     0.0274    0.0003    0.0186    0.0088    0.0052    0.0049
            Y     0.0097    0.0235    0.0273    0.0046   -0.0035   -0.0158
            Z    -0.0345    0.0195    0.0021    0.0113    0.0266   -0.0063
 AT.   5 O  X    -0.0153   -0.0120    0.0397    0.0319    0.0294    0.0101
            Y     0.0113   -0.0239    0.0248    0.0116    0.0122   -0.0073
            Z     0.0538   -0.0767    0.0766    0.0277   -0.0168    0.0123
 AT.   6 O  X    -0.0558   -0.0138    0.0033   -0.0398    0.0085    0.0331
            Y    -0.0091   -0.0189   -0.0224   -0.0010    0.0249   -0.0152
            Z     0.0638   -0.0123    0.0025    0.0597   -0.0102   -0.0119
 AT.   7 O  X     0.0147    0.0180   -0.0419   -0.0068   -0.0110   -0.0077
            Y    -0.0022    0.0008    0.0099    0.0131    0.0067    0.0061
            Z     0.0519   -0.0841   -0.0645   -0.0317   -0.0014   -0.0515
 AT.   8 O  X    -0.0178   -0.0072    0.0312   -0.0286   -0.0265   -0.0098
            Y     0.0317   -0.0058   -0.0024   -0.0041   -0.0080    0.0065
            Z     0.0577   -0.0310    0.0099   -0.0333    0.0276   -0.0134
 AT.   9 O  X    -0.0322   -0.0004   -0.0085    0.0376   -0.0041   -0.0336
            Y    -0.0288   -0.0305   -0.0119   -0.0023   -0.0238    0.0158
            Z     0.0065   -0.0063    0.0917   -0.0472    0.0010    0.0131
 AT.  10 O  X     0.0140    0.0205    0.0232    0.0148    0.0127    0.0077
            Y     0.0319   -0.0135    0.0171   -0.0037   -0.0184   -0.0067
            Z    -0.0021   -0.0445   -0.0037    0.0305    0.0132    0.0523

 FREQ(CM**-1)    713.93    719.45    719.59    721.43    892.88    892.93

 AT.   1 CA X     0.0000   -0.0003    0.0017   -0.0041    0.0005    0.0003
            Y     0.0006    0.0006   -0.0032   -0.0020   -0.0012    0.0001
            Z    -0.0018    0.0003    0.0051   -0.0005    0.0001   -0.0002
 AT.   2 MG X    -0.0100    0.0004    0.0102   -0.0008   -0.0013   -0.0003
            Y    -0.0081   -0.0007   -0.0112    0.0019   -0.0012    0.0003
            Z    -0.0005    0.0014   -0.0057    0.0033    0.0001   -0.0002
 AT.   3 C  X    -0.0352   -0.0007   -0.0451    0.0368    0.0020    0.0036
            Y    -0.0101   -0.0462    0.0060   -0.0253    0.0041    0.0049
            Z     0.0020    0.0011   -0.0037   -0.0003    0.0001    0.1233
 AT.   4 C  X    -0.0318   -0.0181    0.0452    0.0401   -0.0035    0.0021
            Y     0.0129   -0.0292    0.0034   -0.0118   -0.0049    0.0040
            Z     0.0037    0.0025    0.0023   -0.0000    0.1234   -0.0001
 AT.   5 O  X     0.0050    0.0764   -0.0278    0.0411   -0.0000   -0.0014
            Y     0.0708    0.0318    0.0708   -0.0494   -0.0014   -0.0024
            Z     0.0063    0.0098    0.0043   -0.0040    0.0014   -0.0326
 AT.   6 O  X    -0.0584    0.0329   -0.0046    0.0407    0.0046   -0.0055
            Y    -0.0311   -0.0014   -0.0220   -0.0384    0.0013    0.0026
            Z     0.0052   -0.0023    0.0011   -0.0034   -0.0415    0.0460
 AT.   7 O  X     0.0623    0.0732    0.0496    0.0421   -0.0003   -0.0006
            Y    -0.0357   -0.0461    0.0490   -0.0719   -0.0036    0.0012
            Z     0.0059    0.0072   -0.0015    0.0105    0.0427   -0.0129
 AT.   8 O  X     0.0671   -0.0821   -0.0308    0.0467    0.0042    0.0017
            Y     0.0288   -0.0425    0.0533    0.0485    0.0054    0.0024
            Z     0.0054   -0.0109    0.0022    0.0073    0.0450    0.0418
 AT.   9 O  X    -0.0560   -0.0336    0.0239    0.0620   -0.0004    0.0054
            Y     0.0481   -0.0168   -0.0257    0.0456   -0.0007   -0.0021
            Z     0.0055    0.0019   -0.0023   -0.0087   -0.0148   -0.0408
 AT.  10 O  X    -0.0128   -0.0653    0.0500    0.0283    0.0008   -0.0005
            Y    -0.0656    0.0334    0.0624    0.0547    0.0027    0.0002
            Z     0.0048   -0.0055   -0.0034   -0.0022   -0.0326   -0.0006

 FREQ(CM**-1)   1112.03   1112.04   1479.63   1489.73   1527.65   1566.33

 AT.   1 CA X    -0.0027    0.0001    0.0006   -0.0021   -0.0003   -0.0028
            Y    -0.0002   -0.0012    0.0006   -0.0031    0.0002    0.0019
            Z    -0.0001   -0.0001   -0.0046   -0.0012   -0.0006   -0.0001
 AT.   2 MG X    -0.0033    0.0026    0.0028    0.0012   -0.0085   -0.0010
            Y     0.0061    0.0014    0.0079    0.0026    0.0030    0.0007
            Z     0.0001    0.0001   -0.0027    0.0061   -0.0003    0.0011
 AT.   3 C  X     0.0007   -0.0016    0.0988    0.1357    0.0113   -0.0180
            Y     0.0005    0.0020    0.0367   -0.0449   -0.1224    0.1164
            Z     0.0000    0.0000   -0.0017   -0.0005   -0.0037    0.0019
 AT.   4 C  X     0.0028   -0.0022   -0.1013    0.1035   -0.0368   -0.0463
            Y    -0.0021    0.0023   -0.1029    0.0116    0.1122    0.1138
            Z     0.0000    0.0000    0.0038   -0.0011    0.0031    0.0015
 AT.   5 O  X     0.0785   -0.0700   -0.0233   -0.0483   -0.0213    0.0253
            Y    -0.0585    0.0522    0.0084    0.0336    0.0243   -0.0293
            Z    -0.0011    0.0007    0.0023   -0.0004    0.0008   -0.0030
 AT.   6 O  X    -0.0021    0.0104   -0.0019    0.0073   -0.0111   -0.0070
            Y    -0.0248    0.0877   -0.0390    0.0294   -0.0415    0.0202
            Z     0.0001   -0.0003    0.0016    0.0011   -0.0021   -0.0002
 AT.   7 O  X     0.0671   -0.0015    0.0471    0.0184    0.0345    0.0473
            Y     0.0288    0.0002    0.0279   -0.0013    0.0096    0.0179
            Z    -0.0000    0.0000   -0.0020    0.0014    0.0000    0.0034
 AT.   8 O  X     0.0715    0.0787   -0.0270   -0.0232    0.0095   -0.0423
            Y    -0.0538   -0.0582    0.0169    0.0231    0.0077    0.0302
            Z    -0.0007   -0.0005    0.0020   -0.0011    0.0028    0.0017
 AT.   9 O  X    -0.0097   -0.0026   -0.0072    0.0053   -0.0107    0.0129
            Y    -0.0874   -0.0238   -0.0552   -0.0310   -0.0011    0.0358
            Z     0.0012    0.0003    0.0029   -0.0011   -0.0004   -0.0012
 AT.  10 O  X    -0.0003    0.0682    0.0507   -0.0395   -0.0006    0.0027
            Y    -0.0003    0.0288    0.0264   -0.0125   -0.0109   -0.0092
            Z     0.0001    0.0012   -0.0013    0.0020   -0.0008   -0.0003


  DISPERSION K POINT NUMBER    23 COORD:  C(  2  1  1 )    WEIGHT:    1.

    MODES         EIGV          FREQUENCIES     IRREP
             (HARTREE**2)   (CM**-1)     (THZ)
    1-   1    0.2036E-06     99.0212    2.9686  (  1)
    2-   2    0.3427E-06    128.4868    3.8519  (  1)
    3-   3    0.3833E-06    135.8843    4.0737  (  1)
    4-   4    0.4560E-06    148.2027    4.4430  (  1)
    5-   5    0.5193E-06    158.1593    4.7415  (  1)
    6-   6    0.7214E-06    186.4178    5.5887  (  1)
    7-   7    0.7781E-06    193.6022    5.8040  (  1)
    8-   8    0.7913E-06    195.2353    5.8530  (  1)
    9-   9    0.1027E-05    222.3858    6.6670  (  1)
   10-  10    0.1089E-05    228.9853    6.8648  (  1)
   11-  11    0.1491E-05    267.9904    8.0342  (  1)
   12-  12    0.1621E-05    279.4464    8.3776  (  1)
   13-  13    0.1655E-05    282.3879    8.4658  (  1)
   14-  14    0.1903E-05    302.7977    9.0776  (  1)
   15-  15    0.2049E-05    314.1288    9.4173  (  1)
   16-  16    0.2221E-05    327.0809    9.8056  (  1)
   17-  17    0.2548E-05    350.3379   10.5029  (  1)
   18-  18    0.3003E-05    380.3580   11.4028  (  1)
   19-  19    0.1061E-04    714.7329   21.4272  (  1)
   20-  20    0.1068E-04    717.3102   21.5044  (  1)
   21-  21    0.1091E-04    724.9390   21.7331  (  1)
   22-  22    0.1102E-04    728.5930   21.8427  (  1)
   23-  23    0.1662E-04    894.8391   26.8266  (  1)
   24-  24    0.1663E-04    895.0927   26.8342  (  1)
   25-  25    0.2568E-04   1112.1785   33.3423  (  1)
   26-  26    0.2572E-04   1113.0565   33.3686  (  1)
   27-  27    0.4394E-04   1454.7774   43.6131  (  1)
   28-  28    0.4641E-04   1495.1400   44.8232  (  1)
   29-  29    0.4683E-04   1501.8401   45.0240  (  1)
   30-  30    0.4968E-04   1546.9087   46.3752  (  1)

 MODES IN PHASE

 FREQ(CM**-1)     99.02    128.49    135.88    148.20    158.16    186.42

 AT.   1 CA X     0.0692    0.0479    0.0347    0.0104    0.0294   -0.0426
            Y    -0.0487    0.0281   -0.0413    0.0191    0.0595    0.0117
            Z    -0.0157   -0.0705    0.0629    0.0126   -0.0220   -0.0413
 AT.   2 MG X    -0.0110   -0.0141    0.0080    0.0393   -0.0005    0.0088
            Y     0.0286   -0.0068   -0.0034    0.0089    0.0001    0.0217
            Z     0.0172    0.0184    0.0126    0.0194   -0.0006   -0.0224
 AT.   3 C  X    -0.0044   -0.0053    0.0194    0.0031   -0.0084    0.0048
            Y     0.0424   -0.0081    0.0166   -0.0020    0.0089    0.0547
            Z     0.0107    0.0175   -0.0247    0.0023   -0.0300   -0.0074
 AT.   4 C  X     0.0075    0.0291    0.0019   -0.0420   -0.0167   -0.0026
            Y    -0.0604    0.0315    0.0137   -0.0140    0.0202   -0.0396
            Z    -0.0080   -0.0460   -0.0051   -0.0413    0.0175   -0.0060
 AT.   5 O  X     0.0053   -0.0000    0.0377    0.0029    0.0088    0.0046
            Y     0.0540   -0.0013    0.0463   -0.0008    0.0338    0.0531
            Z     0.0082   -0.0004   -0.0110   -0.0106   -0.0183   -0.0394
 AT.   6 O  X     0.0435    0.0325    0.0011    0.0239    0.0470   -0.0285
            Y    -0.0626    0.0288    0.0052    0.0151    0.0018   -0.0020
            Z    -0.0154   -0.0588   -0.0045    0.0436    0.0482   -0.0057
 AT.   7 O  X    -0.0077    0.0244   -0.0064    0.0352   -0.0315    0.0108
            Y    -0.0235    0.0370    0.0089    0.0076    0.0628   -0.0269
            Z    -0.0077   -0.0264    0.0709    0.0177    0.0444   -0.0458
 AT.   8 O  X     0.0034   -0.0108    0.0268    0.0178    0.0437    0.0172
            Y     0.0437   -0.0121    0.0277    0.0107    0.0395    0.0733
            Z     0.0113    0.0227    0.0144    0.0276   -0.0553   -0.0630
 AT.   9 O  X     0.0436    0.0335   -0.0130   -0.0330    0.0116   -0.0226
            Y    -0.0641    0.0295    0.0167   -0.0167    0.0154   -0.0385
            Z    -0.0136   -0.0557   -0.0230   -0.0403    0.0163   -0.0028
 AT.  10 O  X    -0.0071    0.0265    0.0081   -0.0383   -0.0292    0.0020
            Y    -0.0260    0.0363    0.0009   -0.0146    0.0466   -0.0531
            Z    -0.0095   -0.0200    0.0650   -0.0389    0.0033   -0.0384

 FREQ(CM**-1)    193.60    195.24    222.39    228.99    267.99    279.45

 AT.   1 CA X     0.0077   -0.0163   -0.0048   -0.0507    0.0031    0.0007
            Y    -0.0324   -0.0102    0.0391    0.0511   -0.0005   -0.0115
            Z    -0.0264    0.0040    0.0430   -0.0150    0.0013   -0.0385
 AT.   2 MG X    -0.0000    0.0038   -0.0067    0.0069   -0.0502   -0.0103
            Y     0.0000   -0.0023    0.0210    0.0312    0.0259   -0.0139
            Z     0.0000   -0.0045   -0.0060    0.0245   -0.0505    0.0084
 AT.   3 C  X     0.0472    0.0065   -0.0227    0.0124    0.0292    0.0456
            Y    -0.0238    0.0450   -0.0104   -0.0077   -0.0141   -0.0005
            Z    -0.0039    0.0375   -0.0230   -0.0016    0.0282   -0.0026
 AT.   4 C  X     0.0197    0.0107    0.0489   -0.0259    0.0029    0.0354
            Y    -0.0181    0.0422   -0.0188   -0.0236   -0.0187    0.0029
            Z     0.0096    0.0431   -0.0048   -0.0123    0.0183    0.0025
 AT.   5 O  X     0.0559   -0.0168   -0.0252    0.0111    0.0236    0.0332
            Y    -0.0132    0.0135   -0.0115   -0.0111   -0.0171   -0.0132
            Z    -0.0600   -0.0119   -0.0087    0.0069    0.0131    0.0423
 AT.   6 O  X    -0.0195   -0.0050    0.0635   -0.0273    0.0375   -0.0431
            Y     0.0080   -0.0167   -0.0159   -0.0204    0.0181    0.0109
            Z    -0.0422   -0.0159    0.0600   -0.0537    0.0217    0.0976
 AT.   7 O  X    -0.0341    0.0046    0.0462   -0.0398   -0.0190   -0.0328
            Y     0.0257   -0.0198   -0.0051    0.0002    0.0517   -0.0022
            Z     0.0334    0.0078   -0.0031    0.0642   -0.0944    0.0018
 AT.   8 O  X     0.0383    0.0021   -0.0351    0.0169   -0.0261    0.0083
            Y     0.0028    0.0100   -0.0055   -0.0041    0.0136   -0.0220
            Z    -0.0504    0.0044    0.0085    0.0150   -0.0081    0.0523
 AT.   9 O  X     0.0245    0.0619    0.0648   -0.0256   -0.0433    0.0385
            Y    -0.0186    0.0388   -0.0202   -0.0241   -0.0166    0.0043
            Z     0.0496    0.0634    0.0629   -0.0543   -0.0269   -0.0170
 AT.  10 O  X     0.0193   -0.0114    0.0441   -0.0398    0.0161    0.0311
            Y    -0.0166    0.0943   -0.0074   -0.0019   -0.0516    0.0175
            Z    -0.0107    0.0821   -0.0140    0.0645    0.0959    0.0022

 FREQ(CM**-1)    282.39    302.80    314.13    327.08    350.34    380.36

 AT.   1 CA X     0.0278   -0.0413    0.0077    0.0029   -0.0039   -0.0202
            Y     0.0380    0.0064    0.0032   -0.0092   -0.0014   -0.0095
            Z    -0.0015    0.0075   -0.0134    0.0116   -0.0046    0.0211
 AT.   2 MG X     0.0063   -0.0434    0.0272    0.0661    0.0868   -0.1177
            Y    -0.0284   -0.0295   -0.0484    0.1238   -0.0081    0.0426
            Z     0.0076   -0.0406   -0.0036   -0.0353    0.1098    0.0953
 AT.   3 C  X    -0.0068   -0.0279   -0.0064   -0.0223   -0.0204    0.0131
            Y     0.0084    0.0096   -0.0039   -0.0264   -0.0117   -0.0146
            Z    -0.0488    0.0137    0.0574    0.0104   -0.0109   -0.0127
 AT.   4 C  X     0.0177    0.0063   -0.0117    0.0100    0.0158   -0.0240
            Y    -0.0104   -0.0133   -0.0027    0.0174   -0.0179    0.0111
            Z     0.0459   -0.0190    0.0530   -0.0031    0.0148    0.0243
 AT.   5 O  X    -0.0364   -0.0150    0.0320   -0.0143   -0.0024    0.0090
            Y    -0.0260    0.0333    0.0467   -0.0215   -0.0028   -0.0141
            Z    -0.0732   -0.0000    0.0421   -0.0572   -0.0360   -0.0473
 AT.   6 O  X     0.0053    0.0362    0.0288    0.0106   -0.0036    0.0107
            Y    -0.0117    0.0012   -0.0039    0.0134    0.0205    0.0093
            Z    -0.0438   -0.0483   -0.0328   -0.0390    0.0223   -0.0098
 AT.   7 O  X     0.0405    0.0429    0.0088    0.0090   -0.0039    0.0082
            Y    -0.0319   -0.0047    0.0158    0.0249    0.0158    0.0034
            Z     0.0561   -0.0042    0.0132    0.0009   -0.0899   -0.0340
 AT.   8 O  X    -0.0116    0.0427   -0.0429    0.0080   -0.0134    0.0202
            Y    -0.0338    0.0161   -0.0438    0.0067    0.0040    0.0023
            Z    -0.0463    0.0812   -0.0229    0.0101    0.0498    0.0059
 AT.   9 O  X    -0.0345    0.0300   -0.0608    0.0110    0.0074   -0.0289
            Y    -0.0076   -0.0211    0.0080    0.0224   -0.0169    0.0145
            Z    -0.0115   -0.0427    0.0522   -0.0274   -0.0162    0.0343
 AT.  10 O  X     0.0392   -0.0121    0.0106    0.0110    0.0118   -0.0223
            Y    -0.0591    0.0180   -0.0477    0.0279   -0.0142    0.0009
            Z     0.0507    0.0405    0.0302   -0.0238    0.0840   -0.0258

 FREQ(CM**-1)    714.73    717.31    724.94    728.59    894.84    895.09

 AT.   1 CA X    -0.0003   -0.0034   -0.0028    0.0006   -0.0003    0.0011
            Y     0.0001    0.0033   -0.0046   -0.0004    0.0002   -0.0002
            Z    -0.0002   -0.0033   -0.0028    0.0010   -0.0005   -0.0006
 AT.   2 MG X    -0.0029    0.0035   -0.0016   -0.0125    0.0035    0.0019
            Y    -0.0021    0.0072    0.0059    0.0055    0.0023    0.0000
            Z    -0.0000    0.0012   -0.0034   -0.0100    0.0027   -0.0057
 AT.   3 C  X    -0.0164    0.0286   -0.0189   -0.0120   -0.0059    0.0039
            Y     0.0060   -0.0027   -0.0526   -0.0221    0.0027    0.0015
            Z    -0.0008   -0.0018   -0.0015    0.0066    0.1791   -0.0295
 AT.   4 C  X    -0.0477   -0.0497    0.0188   -0.0097    0.0031    0.0048
            Y     0.0207    0.0163    0.0526   -0.0286    0.0017   -0.0027
            Z    -0.0023    0.0036    0.0014   -0.0046    0.0295    0.1790
 AT.   5 O  X    -0.0213    0.0131    0.0869    0.0348   -0.0029   -0.0000
            Y     0.0231   -0.0476    0.0628    0.0412   -0.0077    0.0008
            Z    -0.0007   -0.0046    0.0103    0.0056   -0.0474    0.0095
 AT.   6 O  X    -0.1070    0.1095   -0.0013   -0.0243   -0.0015   -0.0060
            Y    -0.0096    0.0059    0.0462    0.0804   -0.0006    0.0015
            Z     0.0116   -0.0117    0.0009    0.0042    0.0240    0.0370
 AT.   7 O  X     0.0231   -0.0273    0.0439    0.0873   -0.0002    0.0038
            Y     0.0938   -0.0897   -0.0334   -0.0425   -0.0010   -0.0030
            Z    -0.0079    0.0062    0.0033    0.0084    0.0244    0.0387
 AT.   8 O  X     0.0288    0.0051    0.0408   -0.0768    0.0031    0.0018
            Y    -0.0358   -0.0357    0.0315   -0.0776    0.0072   -0.0005
            Z     0.0002   -0.0038    0.0055   -0.0124    0.0446    0.0231
 AT.   9 O  X     0.1086    0.1083   -0.0037    0.0091    0.0009    0.0068
            Y     0.0090    0.0035    0.0826   -0.0430    0.0005   -0.0022
            Z    -0.0120   -0.0119   -0.0012    0.0000   -0.0076   -0.0482
 AT.  10 O  X    -0.0245   -0.0289    0.0817   -0.0448   -0.0003   -0.0036
            Y    -0.0942   -0.0878   -0.0590    0.0279   -0.0009    0.0053
            Z     0.0080    0.0061    0.0107   -0.0076   -0.0082   -0.0484

 FREQ(CM**-1)   1112.18   1113.06   1454.78   1495.14   1501.84   1546.91

 AT.   1 CA X    -0.0010   -0.0019    0.0009    0.0019   -0.0007    0.0006
            Y    -0.0003   -0.0005    0.0010   -0.0043   -0.0001   -0.0000
            Z    -0.0001    0.0024    0.0012   -0.0009   -0.0012    0.0006
 AT.   2 MG X     0.0008   -0.0067   -0.0000    0.0005    0.0053    0.0036
            Y    -0.0002    0.0014    0.0000    0.0040    0.0040   -0.0005
            Z     0.0047    0.0029   -0.0001   -0.0024    0.0071    0.0018
 AT.   3 C  X    -0.0001   -0.0006   -0.0150    0.0080    0.1654    0.0135
            Y     0.0001   -0.0037    0.1721   -0.0802   -0.0490   -0.0118
            Z     0.0006    0.0004    0.0014   -0.0023    0.0052   -0.0021
 AT.   4 C  X    -0.0000   -0.0001    0.0201    0.0392   -0.0135    0.1710
            Y    -0.0006    0.0039    0.0787    0.1684   -0.0108    0.0233
            Z    -0.0006   -0.0002   -0.0001    0.0003   -0.0025   -0.0035
 AT.   5 O  X     0.0241    0.0401    0.0331   -0.0163   -0.0597   -0.0086
            Y    -0.0181   -0.0306   -0.0335    0.0169    0.0377    0.0047
            Z    -0.0006   -0.0012   -0.0007    0.0008   -0.0038    0.0009
 AT.   6 O  X     0.0074   -0.0120    0.0007   -0.0112    0.0061    0.0163
            Y     0.0687   -0.1024    0.0336   -0.0682   -0.0128    0.0136
            Z    -0.0009    0.0002    0.0016    0.0004    0.0007   -0.0042
 AT.   7 O  X    -0.0636    0.0936   -0.0006   -0.0365    0.0258    0.0592
            Y    -0.0272    0.0401    0.0053   -0.0261    0.0055    0.0204
            Z    -0.0009    0.0005   -0.0003   -0.0001   -0.0010   -0.0015
 AT.   8 O  X     0.0405   -0.0234    0.0253   -0.0170    0.0511    0.0254
            Y    -0.0314    0.0183   -0.0231    0.0183   -0.0320   -0.0139
            Z     0.0002   -0.0002    0.0003    0.0010    0.0031   -0.0021
 AT.   9 O  X    -0.0118   -0.0074   -0.0049   -0.0112    0.0010   -0.0178
            Y    -0.1013   -0.0703   -0.0338   -0.0682    0.0059   -0.0177
            Z     0.0015    0.0003    0.0008    0.0006    0.0014    0.0041
 AT.  10 O  X     0.0930    0.0632   -0.0174   -0.0373    0.0080   -0.0675
            Y     0.0410    0.0264   -0.0115   -0.0265    0.0031   -0.0230
            Z     0.0010    0.0004   -0.0003    0.0000    0.0033    0.0007

 MODES IN ANTI-PHASE

 FREQ(CM**-1)     99.02    128.49    135.88    148.20    158.16    186.42

 AT.   1 CA X    -0.0049    0.0102    0.0076   -0.0432    0.0160    0.0136
            Y     0.0035    0.0060   -0.0090   -0.0797    0.0324   -0.0037
            Z     0.0011   -0.0150    0.0138   -0.0523   -0.0120    0.0132
 AT.   2 MG X    -0.0163   -0.0433    0.0250   -0.0116   -0.0207    0.0080
            Y     0.0423   -0.0209   -0.0107   -0.0026    0.0026    0.0197
            Z     0.0255    0.0566    0.0397   -0.0058   -0.0251   -0.0203
 AT.   3 C  X    -0.0061   -0.0287   -0.0037   -0.0423    0.0144   -0.0043
            Y     0.0435   -0.0308   -0.0153   -0.0139   -0.0182   -0.0243
            Z     0.0018    0.0444    0.0074   -0.0415   -0.0349    0.0308
 AT.   4 C  X    -0.0003    0.0023   -0.0196    0.0053    0.0009   -0.0059
            Y    -0.0064    0.0049   -0.0179   -0.0013    0.0004   -0.0448
            Z    -0.0074   -0.0128    0.0253    0.0044    0.0426    0.0311
 AT.   5 O  X     0.0134   -0.0265   -0.0179   -0.0449    0.0463   -0.0232
            Y     0.0687   -0.0268   -0.0344   -0.0220    0.0252   -0.0518
            Z    -0.0230    0.0566    0.0585   -0.0399   -0.0540    0.0533
 AT.   6 O  X    -0.0040    0.0095   -0.0334    0.0257   -0.0166   -0.0011
            Y     0.0152    0.0078    0.0288    0.0073    0.0171    0.0635
            Z    -0.0116   -0.0049   -0.0454    0.0032   -0.0118   -0.0031
 AT.   7 O  X    -0.0039    0.0102    0.0332    0.0154   -0.0144    0.0118
            Y     0.0192    0.0061   -0.0170    0.0171    0.0149    0.0538
            Z     0.0132    0.0101    0.0016    0.0509   -0.0248    0.0018
 AT.   8 O  X    -0.0140    0.0242    0.0320   -0.0414   -0.0177    0.0162
            Y    -0.0756    0.0240    0.0506   -0.0192    0.0147    0.0114
            Z     0.0216   -0.0518   -0.0578   -0.0307    0.0139   -0.0206
 AT.   9 O  X    -0.0022    0.0046    0.0308    0.0121    0.0484    0.0174
            Y    -0.0062    0.0046   -0.0240   -0.0003   -0.0078   -0.0506
            Z     0.0136   -0.0195    0.0393   -0.0169    0.0468    0.0058
 AT.  10 O  X     0.0050    0.0007   -0.0328   -0.0023   -0.0186   -0.0159
            Y    -0.0157    0.0095    0.0192    0.0117    0.0446   -0.0282
            Z    -0.0120   -0.0200    0.0282    0.0373    0.0507    0.0251

 FREQ(CM**-1)    193.60    195.24    222.39    228.99    267.99    279.45

 AT.   1 CA X     0.0045   -0.0165   -0.0006   -0.0042   -0.0437    0.0008
            Y    -0.0187   -0.0103    0.0048    0.0042    0.0070   -0.0128
            Z    -0.0153    0.0041    0.0053   -0.0012   -0.0176   -0.0429
 AT.   2 MG X     0.0134   -0.0140   -0.0159    0.0146    0.0244    0.0316
            Y    -0.0136    0.0084    0.0494    0.0662   -0.0126    0.0427
            Z    -0.0090    0.0163   -0.0141    0.0520    0.0245   -0.0259
 AT.   3 C  X     0.0046   -0.0103   -0.0444    0.0231   -0.0086    0.0156
            Y     0.0071   -0.0061    0.0225    0.0280   -0.0145   -0.0083
            Z    -0.0133   -0.0214    0.0116    0.0137    0.0084   -0.0119
 AT.   4 C  X    -0.0431    0.0058    0.0096   -0.0035    0.0303   -0.0328
            Y     0.0170   -0.0167    0.0162    0.0170   -0.0077    0.0078
            Z     0.0101    0.0003    0.0253    0.0063    0.0230    0.0119
 AT.   5 O  X     0.0120    0.0019   -0.0442    0.0358    0.0199    0.0118
            Y     0.0108    0.0102    0.0232    0.0416    0.0232   -0.0236
            Z    -0.0236    0.0042    0.0707    0.0497   -0.0342    0.0571
 AT.   6 O  X     0.0394    0.0618    0.0135    0.0084    0.0438    0.0341
            Y    -0.0260    0.0386   -0.0200   -0.0241   -0.0097    0.0054
            Z     0.0814    0.0632    0.0195   -0.0080    0.0384   -0.0067
 AT.   7 O  X     0.0418   -0.0114   -0.0033   -0.0036    0.0192    0.0278
            Y    -0.0339    0.0941   -0.0102   -0.0130    0.0035    0.0174
            Z    -0.0315    0.0822   -0.0460    0.0066   -0.0177    0.0024
 AT.   8 O  X     0.0425   -0.0167    0.0368   -0.0334    0.0163    0.0343
            Y    -0.0168    0.0137   -0.0252   -0.0428    0.0254   -0.0156
            Z    -0.0403   -0.0118   -0.0707   -0.0479   -0.0357    0.0481
 AT.   9 O  X    -0.0365   -0.0042    0.0022   -0.0127    0.0380   -0.0392
            Y     0.0199   -0.0162    0.0156    0.0204   -0.0122    0.0114
            Z    -0.0771   -0.0151   -0.0045   -0.0010    0.0349    0.0963
 AT.  10 O  X    -0.0504    0.0045    0.0144   -0.0030    0.0218   -0.0296
            Y     0.0392   -0.0186    0.0086    0.0128   -0.0039   -0.0004
            Z     0.0447    0.0089    0.0439    0.0040   -0.0041    0.0020

 FREQ(CM**-1)    282.39    302.80    314.13    327.08    350.34    380.36

 AT.   1 CA X    -0.0105    0.0444    0.0186   -0.0047    0.0149    0.0241
            Y    -0.0143   -0.0069    0.0076    0.0149    0.0054    0.0113
            Z     0.0006   -0.0080   -0.0325   -0.0188    0.0175   -0.0252
 AT.   2 MG X     0.0051   -0.0099   -0.0354    0.0019   -0.0238   -0.0207
            Y    -0.0233   -0.0068    0.0629    0.0035    0.0022    0.0075
            Z     0.0062   -0.0093    0.0047   -0.0010   -0.0301    0.0168
 AT.   3 C  X    -0.0350   -0.0298   -0.0213   -0.0027    0.0160   -0.0217
            Y     0.0077   -0.0095    0.0039    0.0035   -0.0178   -0.0000
            Z     0.0010   -0.0138   -0.0091    0.0031    0.0150    0.0226
 AT.   4 C  X    -0.0310   -0.0403    0.0189   -0.0201   -0.0206   -0.0082
            Y     0.0046   -0.0025   -0.0048   -0.0201   -0.0115   -0.0094
            Z     0.0166   -0.0037    0.0238    0.0104   -0.0111    0.0091
 AT.   5 O  X    -0.0240   -0.0417   -0.0287   -0.0018    0.0317   -0.0221
            Y     0.0216   -0.0186   -0.0151    0.0033   -0.0032    0.0001
            Z    -0.0132   -0.0814    0.0098    0.0175   -0.0376    0.0024
 AT.   6 O  X     0.0584   -0.0327   -0.0572   -0.0177   -0.0087    0.0274
            Y    -0.0017    0.0210    0.0074   -0.0318   -0.0020   -0.0164
            Z    -0.0326    0.0464    0.0410    0.0503   -0.0066   -0.0331
 AT.   7 O  X    -0.0134    0.0089    0.0239   -0.0169   -0.0172    0.0212
            Y     0.0533   -0.0177   -0.0517   -0.0438    0.0009   -0.0016
            Z    -0.0129   -0.0403    0.0560    0.0262   -0.0114    0.0322
 AT.   8 O  X     0.0420    0.0119    0.0022    0.0120    0.0288   -0.0127
            Y     0.0010   -0.0346    0.0222    0.0207   -0.0015    0.0139
            Z     0.0582   -0.0060    0.0367    0.0590   -0.0151    0.0470
 AT.   9 O  X    -0.0473   -0.0385   -0.0202   -0.0174   -0.0059   -0.0058
            Y     0.0090    0.0003    0.0025   -0.0263   -0.0118   -0.0120
            Z     0.0534    0.0516    0.0060    0.0575   -0.0167    0.0039
 AT.  10 O  X    -0.0166   -0.0421    0.0232   -0.0156   -0.0131   -0.0043
            Y    -0.0190    0.0033   -0.0255   -0.0419   -0.0069   -0.0036
            Z    -0.0274    0.0012    0.0491    0.0110    0.0342    0.0390

 FREQ(CM**-1)    714.73    717.31    724.94    728.59    894.84    895.09

 AT.   1 CA X     0.0034    0.0003    0.0016   -0.0010    0.0017   -0.0031
            Y    -0.0008   -0.0003    0.0026    0.0007   -0.0009    0.0006
            Z     0.0020    0.0003    0.0016   -0.0018    0.0028    0.0016
 AT.   2 MG X     0.0013    0.0049   -0.0009    0.0001   -0.0012   -0.0003
            Y     0.0010    0.0101    0.0035   -0.0001   -0.0008   -0.0000
            Z     0.0000    0.0017   -0.0020    0.0001   -0.0010    0.0010
 AT.   3 C  X    -0.0448    0.0409    0.0040   -0.0177    0.0041    0.0055
            Y     0.0198   -0.0193   -0.0015   -0.0449    0.0013   -0.0025
            Z    -0.0022   -0.0033    0.0032   -0.0017   -0.0002    0.1765
 AT.   4 C  X    -0.0008    0.0052    0.0044   -0.0191   -0.0065    0.0048
            Y    -0.0008   -0.0106   -0.0005   -0.0411    0.0024    0.0011
            Z    -0.0000   -0.0008    0.0032    0.0050    0.1766    0.0003
 AT.   5 O  X    -0.0416    0.0411    0.0048    0.0687   -0.0009   -0.0029
            Y     0.0695   -0.0587    0.0012    0.0658    0.0000   -0.0003
            Z     0.0030   -0.0039   -0.0003    0.0111   -0.0004   -0.0477
 AT.   6 O  X    -0.0186   -0.0038    0.0035    0.0040    0.0016   -0.0034
            Y     0.0023    0.0119   -0.0687    0.0018    0.0002    0.0017
            Z     0.0035    0.0020    0.0019   -0.0026   -0.0427    0.0308
 AT.   7 O  X     0.0096    0.0113   -0.0689   -0.0003    0.0014    0.0011
            Y     0.0107   -0.0015    0.0488   -0.0070    0.0054   -0.0047
            Z    -0.0017    0.0000   -0.0105    0.0038   -0.0421    0.0292
 AT.   8 O  X    -0.0368   -0.0428   -0.0768    0.0056    0.0002   -0.0022
            Y     0.0639    0.0667   -0.0544   -0.0013    0.0027   -0.0007
            Z     0.0031    0.0047   -0.0087    0.0009    0.0162   -0.0428
 AT.   9 O  X     0.0019   -0.0170   -0.0006    0.0229    0.0020    0.0011
            Y     0.0041   -0.0128   -0.0041   -0.0680    0.0004    0.0004
            Z     0.0012    0.0003   -0.0018   -0.0049   -0.0484    0.0002
 AT.  10 O  X     0.0051   -0.0059   -0.0020   -0.0749    0.0014   -0.0016
            Y    -0.0072    0.0184    0.0034    0.0329    0.0054   -0.0017
            Z    -0.0002   -0.0012    0.0026   -0.0052   -0.0479   -0.0021

 FREQ(CM**-1)   1112.18   1113.06   1454.78   1495.14   1501.84   1546.91

 AT.   1 CA X     0.0024    0.0008    0.0005    0.0001    0.0021   -0.0031
            Y     0.0006    0.0002    0.0005   -0.0002    0.0002    0.0002
            Z     0.0003   -0.0010    0.0007   -0.0000    0.0036   -0.0032
 AT.   2 MG X    -0.0001   -0.0050   -0.0013    0.0009   -0.0011   -0.0012
            Y     0.0000    0.0010    0.0004    0.0075   -0.0008    0.0002
            Z    -0.0005    0.0021   -0.0019   -0.0045   -0.0015   -0.0006
 AT.   3 C  X    -0.0000    0.0028   -0.0300   -0.0475    0.0060    0.1707
            Y    -0.0007   -0.0014   -0.0018   -0.1482   -0.0167    0.0250
            Z    -0.0004   -0.0008    0.0008    0.0007   -0.0019   -0.0032
 AT.   4 C  X    -0.0001    0.0029    0.0269   -0.0280    0.1650   -0.0084
            Y    -0.0001   -0.0006   -0.1531    0.0071   -0.0506   -0.0149
            Z     0.0004   -0.0009   -0.0016    0.0024    0.0050   -0.0017
 AT.   5 O  X    -0.0776    0.0691    0.0085   -0.0106   -0.0053   -0.0454
            Y     0.0597   -0.0533   -0.0055    0.0204    0.0029    0.0249
            Z     0.0003   -0.0009    0.0009    0.0024   -0.0001    0.0033
 AT.   6 O  X     0.0092   -0.0010   -0.0063   -0.0010   -0.0098    0.0072
            Y     0.0744    0.0008   -0.0627   -0.0025    0.0072    0.0133
            Z    -0.0012   -0.0003   -0.0000    0.0024   -0.0034   -0.0005
 AT.   7 O  X    -0.0678    0.0007   -0.0205   -0.0133   -0.0478    0.0334
            Y    -0.0306    0.0013   -0.0173   -0.0064   -0.0126    0.0108
            Z    -0.0006    0.0000   -0.0001    0.0011   -0.0042    0.0017
 AT.   8 O  X    -0.0705   -0.0764    0.0229    0.0094    0.0315   -0.0386
            Y     0.0540    0.0587   -0.0249   -0.0192   -0.0202    0.0212
            Z     0.0007    0.0015   -0.0011   -0.0023    0.0021    0.0027
 AT.   9 O  X     0.0009    0.0094    0.0041    0.0002   -0.0116    0.0004
            Y     0.0003    0.0745    0.0626   -0.0023    0.0134    0.0070
            Z    -0.0001    0.0001    0.0013   -0.0023   -0.0031    0.0012
 AT.  10 O  X     0.0005   -0.0691    0.0107    0.0107   -0.0538    0.0080
            Y    -0.0009   -0.0303    0.0140    0.0046   -0.0134    0.0021
            Z     0.0002   -0.0004   -0.0002   -0.0011   -0.0027    0.0021


  DISPERSION K POINT NUMBER    24 COORD:  C(  2  1  2 )    WEIGHT:    1.

    MODES         EIGV          FREQUENCIES     IRREP
             (HARTREE**2)   (CM**-1)     (THZ)
    1-   1    0.2036E-06     99.0212    2.9686  (  1)
    2-   2    0.3427E-06    128.4868    3.8519  (  1)
    3-   3    0.3833E-06    135.8843    4.0737  (  1)
    4-   4    0.4560E-06    148.2027    4.4430  (  1)
    5-   5    0.5193E-06    158.1593    4.7415  (  1)
    6-   6    0.7214E-06    186.4178    5.5887  (  1)
    7-   7    0.7781E-06    193.6022    5.8040  (  1)
    8-   8    0.7913E-06    195.2353    5.8530  (  1)
    9-   9    0.1027E-05    222.3858    6.6670  (  1)
   10-  10    0.1089E-05    228.9853    6.8648  (  1)
   11-  11    0.1491E-05    267.9904    8.0342  (  1)
   12-  12    0.1621E-05    279.4464    8.3776  (  1)
   13-  13    0.1655E-05    282.3879    8.4658  (  1)
   14-  14    0.1903E-05    302.7977    9.0776  (  1)
   15-  15    0.2049E-05    314.1288    9.4173  (  1)
   16-  16    0.2221E-05    327.0809    9.8056  (  1)
   17-  17    0.2548E-05    350.3379   10.5029  (  1)
   18-  18    0.3003E-05    380.3580   11.4028  (  1)
   19-  19    0.1061E-04    714.7329   21.4272  (  1)
   20-  20    0.1068E-04    717.3102   21.5044  (  1)
   21-  21    0.1091E-04    724.9390   21.7331  (  1)
   22-  22    0.1102E-04    728.5930   21.8427  (  1)
   23-  23    0.1662E-04    894.8391   26.8266  (  1)
   24-  24    0.1663E-04    895.0927   26.8342  (  1)
   25-  25    0.2568E-04   1112.1785   33.3423  (  1)
   26-  26    0.2572E-04   1113.0565   33.3686  (  1)
   27-  27    0.4394E-04   1454.7774   43.6131  (  1)
   28-  28    0.4641E-04   1495.1400   44.8232  (  1)
   29-  29    0.4683E-04   1501.8401   45.0240  (  1)
   30-  30    0.4968E-04   1546.9087   46.3752  (  1)

 MODES IN PHASE

 FREQ(CM**-1)     99.02    128.49    135.88    148.20    158.16    186.42

 AT.   1 CA X     0.0076    0.0405    0.0098    0.0930    0.0489   -0.0021
            Y     0.0845   -0.0230    0.0270    0.0025    0.0032    0.0082
            Z    -0.0158    0.0592    0.0335   -0.0537    0.0162    0.0079
 AT.   2 MG X    -0.0174    0.0035   -0.0033    0.0156    0.0027    0.0295
            Y    -0.0215   -0.0024    0.0283   -0.0168   -0.0064    0.0042
            Z     0.0156    0.0050    0.0416   -0.0111   -0.0084    0.0285
 AT.   3 C  X     0.0479    0.0325   -0.0272   -0.0075    0.0026    0.0459
            Y     0.0364   -0.0061    0.0022    0.0105    0.0044    0.0194
            Z    -0.0074    0.0408   -0.0218    0.0118   -0.0453    0.0301
 AT.   4 C  X     0.0481    0.0364    0.0198   -0.0110    0.0083   -0.0536
            Y     0.0365   -0.0089   -0.0093    0.0135    0.0231   -0.0236
            Z    -0.0075    0.0374    0.0223    0.0160   -0.0010   -0.0245
 AT.   5 O  X     0.0251    0.0368   -0.0032   -0.0146    0.0340    0.0378
            Y     0.0059   -0.0002    0.0319   -0.0030    0.0476    0.0039
            Z    -0.0085    0.0283    0.0246    0.0437   -0.0503    0.0201
 AT.   6 O  X    -0.0450    0.0131    0.0174    0.0400    0.0152   -0.0269
            Y    -0.0209   -0.0043    0.0047   -0.0276    0.0185    0.0055
            Z     0.0096    0.0223    0.0517   -0.0352   -0.0023   -0.0283
 AT.   7 O  X     0.0331    0.0335   -0.0094   -0.0113    0.0210    0.0404
            Y     0.0695   -0.0110   -0.0415    0.0141   -0.0454    0.0400
            Z    -0.0146    0.0523   -0.0444   -0.0094   -0.0492    0.0054
 AT.   8 O  X     0.0253    0.0378   -0.0018   -0.0177    0.0135   -0.0498
            Y     0.0061   -0.0060   -0.0338   -0.0001    0.0316   -0.0137
            Z    -0.0087    0.0107    0.0479    0.0469    0.0152   -0.0040
 AT.   9 O  X    -0.0441   -0.0274   -0.0687    0.0409    0.0509    0.0499
            Y    -0.0205    0.0065    0.0053   -0.0280   -0.0250    0.0030
            Z     0.0099   -0.0410   -0.0499   -0.0373    0.0566    0.0479
 AT.  10 O  X     0.0333    0.0366    0.0024   -0.0144    0.0115   -0.0520
            Y     0.0696   -0.0125    0.0302    0.0160    0.0143   -0.0354
            Z    -0.0144    0.0438    0.0297   -0.0047    0.0016   -0.0038

 FREQ(CM**-1)    193.60    195.24    222.39    228.99    267.99    279.45

 AT.   1 CA X     0.0026   -0.0128   -0.0311   -0.0015    0.0010   -0.0012
            Y     0.0025    0.0068   -0.0234   -0.0053   -0.0026   -0.0008
            Z    -0.0029   -0.0031    0.0425   -0.0012   -0.0011    0.0047
 AT.   2 MG X     0.0046   -0.0002   -0.0248   -0.0644   -0.0026   -0.0456
            Y     0.0167   -0.0079   -0.0274   -0.0204    0.0562    0.0052
            Z    -0.0082    0.0079   -0.0101    0.0519    0.0502   -0.0224
 AT.   3 C  X    -0.0022   -0.0209   -0.0069    0.0181    0.0135   -0.0209
            Y     0.0525   -0.0157    0.0516    0.0097    0.0157    0.0435
            Z    -0.0026    0.0096   -0.0065   -0.0082    0.0212   -0.0070
 AT.   4 C  X     0.0038    0.0434   -0.0136   -0.0132   -0.0147    0.0219
            Y    -0.0525    0.0145    0.0493   -0.0115   -0.0121   -0.0428
            Z     0.0052   -0.0420    0.0032    0.0064   -0.0185    0.0053
 AT.   5 O  X     0.0098   -0.0310   -0.0146    0.0129    0.0353   -0.0321
            Y     0.0660   -0.0260    0.0412    0.0036    0.0422    0.0310
            Z    -0.0426    0.0103   -0.0170    0.0063    0.0945    0.0001
 AT.   6 O  X    -0.0071    0.0011    0.0221   -0.0539   -0.0027    0.0129
            Y    -0.0183    0.0200   -0.0307    0.0101   -0.0290   -0.0148
            Z     0.0035    0.0125    0.0134    0.0497   -0.0128    0.0010
 AT.   7 O  X     0.0014   -0.0306   -0.0139    0.0165    0.0346   -0.0228
            Y     0.0516    0.0036    0.0665    0.0194   -0.0238    0.0503
            Z     0.0915    0.0294    0.0631   -0.0076   -0.0220   -0.0817
 AT.   8 O  X    -0.0099    0.0771   -0.0193   -0.0097   -0.0366    0.0336
            Y    -0.0679    0.0585    0.0423   -0.0088   -0.0399   -0.0299
            Z     0.0451   -0.0782    0.0001    0.0036   -0.0959   -0.0005
 AT.   9 O  X     0.0029    0.0087    0.0223    0.0539   -0.0010   -0.0141
            Y     0.0278   -0.0016   -0.0127   -0.0076    0.0294    0.0083
            Z    -0.0156   -0.0069   -0.0136   -0.0480    0.0084   -0.0125
 AT.  10 O  X    -0.0007    0.0665   -0.0187   -0.0115   -0.0359    0.0241
            Y    -0.0505   -0.0324    0.0613   -0.0212    0.0289   -0.0489
            Z    -0.0907   -0.0652    0.0585   -0.0007    0.0266    0.0719

 FREQ(CM**-1)    282.39    302.80    314.13    327.08    350.34    380.36

 AT.   1 CA X    -0.0079    0.0178    0.0130   -0.0062    0.0046    0.0167
            Y     0.0009   -0.0460   -0.0100   -0.0068   -0.0039   -0.0116
            Z    -0.0003    0.0088    0.0265   -0.0111   -0.0067    0.0193
 AT.   2 MG X    -0.0215    0.0445    0.0438    0.1403   -0.0373    0.0221
            Y    -0.0197   -0.0214    0.0741    0.0046    0.0813   -0.1244
            Z    -0.0076   -0.0382   -0.0055    0.0353    0.1126    0.0962
 AT.   3 C  X     0.0101   -0.0212   -0.0050    0.0148   -0.0181   -0.0124
            Y    -0.0151    0.0348   -0.0006   -0.0065   -0.0111    0.0087
            Z     0.0373    0.0016   -0.0580    0.0077   -0.0054   -0.0147
 AT.   4 C  X    -0.0113    0.0041    0.0076    0.0194    0.0051    0.0032
            Y     0.0244    0.0181   -0.0206    0.0002    0.0239   -0.0264
            Z    -0.0255   -0.0180   -0.0058    0.0028    0.0161    0.0248
 AT.   5 O  X     0.0372   -0.0191   -0.0369    0.0249   -0.0126   -0.0077
            Y     0.0273    0.0357   -0.0442    0.0045   -0.0093    0.0067
            Z     0.0014    0.0033   -0.0490   -0.0015   -0.0879   -0.0316
 AT.   6 O  X    -0.0016   -0.0278   -0.0439   -0.0257    0.0052    0.0085
            Y     0.0346   -0.0242    0.0178    0.0017   -0.0042    0.0134
            Z     0.0276    0.0149    0.0040    0.0568   -0.0311   -0.0470
 AT.   7 O  X     0.0256   -0.0185   -0.0245    0.0160   -0.0166   -0.0134
            Y    -0.0524    0.0374    0.0591   -0.0025   -0.0125    0.0068
            Z     0.0407   -0.0560   -0.0493    0.0377    0.0230   -0.0121
 AT.   8 O  X    -0.0306   -0.0127    0.0014    0.0286    0.0048    0.0107
            Y    -0.0079   -0.0121   -0.0207    0.0042    0.0182   -0.0199
            Z     0.0167    0.0396   -0.0370    0.0236    0.0792   -0.0230
 AT.   9 O  X     0.0144   -0.0391    0.0381    0.0104    0.0048   -0.0125
            Y    -0.0366    0.0234    0.0039   -0.0036   -0.0166    0.0150
            Z    -0.0478    0.0809   -0.0421   -0.0115    0.0513    0.0091
 AT.  10 O  X    -0.0203   -0.0003   -0.0001    0.0241    0.0092    0.0028
            Y     0.0498    0.0420   -0.0001    0.0017    0.0147   -0.0321
            Z    -0.0500   -0.0515    0.0108    0.0260   -0.0140    0.0345

 FREQ(CM**-1)    714.73    717.31    724.94    728.59    894.84    895.09

 AT.   1 CA X     0.0009   -0.0006    0.0051   -0.0001   -0.0001   -0.0004
            Y    -0.0030   -0.0023   -0.0001   -0.0008    0.0018    0.0011
            Z    -0.0018   -0.0016   -0.0026   -0.0011    0.0027   -0.0006
 AT.   2 MG X     0.0032   -0.0138    0.0004    0.0007    0.0007    0.0007
            Y    -0.0014   -0.0010    0.0004   -0.0059   -0.0004   -0.0011
            Z    -0.0000    0.0021    0.0003   -0.0044   -0.0005    0.0038
 AT.   3 C  X    -0.0035   -0.0015   -0.0549   -0.0258    0.0025   -0.0000
            Y     0.0220   -0.0304   -0.0096   -0.0056   -0.0068    0.0055
            Z     0.0010    0.0022    0.0017    0.0050    0.1385    0.1790
 AT.   4 C  X     0.0026    0.0116   -0.0228    0.0536    0.0006    0.0021
            Y    -0.0299   -0.0220   -0.0081    0.0063   -0.0064   -0.0066
            Z    -0.0013    0.0015   -0.0023    0.0024    0.1791   -0.1385
 AT.   5 O  X    -0.0427    0.0498    0.0101    0.0025   -0.0052   -0.0028
            Y    -0.0181    0.0209    0.0996    0.0458   -0.0014   -0.0058
            Z    -0.0032    0.0037    0.0109    0.0071   -0.0375   -0.0484
 AT.   6 O  X     0.0265    0.0449   -0.0404   -0.1054    0.0017   -0.0005
            Y     0.0399    0.0733    0.0162    0.0281   -0.0005    0.0018
            Z    -0.0028   -0.0059    0.0048    0.0124   -0.0081    0.0230
 AT.   7 O  X     0.0302   -0.0418   -0.0692   -0.0287   -0.0007   -0.0015
            Y    -0.0373    0.0462   -0.0442   -0.0249    0.0011    0.0070
            Z     0.0039   -0.0052   -0.0014   -0.0004   -0.0382   -0.0482
 AT.   8 O  X     0.0518    0.0423    0.0063    0.0073   -0.0051    0.0007
            Y     0.0086   -0.0006    0.0475   -0.0962   -0.0015    0.0048
            Z     0.0048    0.0026    0.0024   -0.0081   -0.0486    0.0388
 AT.   9 O  X     0.0397   -0.0129   -0.0978    0.0454   -0.0037   -0.0007
            Y     0.0768   -0.0442    0.0439   -0.0073   -0.0013   -0.0004
            Z    -0.0024    0.0016    0.0103   -0.0046    0.0232    0.0093
 AT.  10 O  X    -0.0326   -0.0175   -0.0344    0.0570   -0.0014    0.0017
            Y     0.0526    0.0470   -0.0211    0.0613    0.0016   -0.0059
            Z    -0.0080   -0.0067    0.0010   -0.0044   -0.0490    0.0371

 FREQ(CM**-1)   1112.18   1113.06   1454.78   1495.14   1501.84   1546.91

 AT.   1 CA X     0.0008    0.0014   -0.0000   -0.0028   -0.0013   -0.0004
            Y    -0.0008   -0.0014    0.0000   -0.0038    0.0018    0.0008
            Z    -0.0001    0.0023    0.0000    0.0009    0.0036    0.0009
 AT.   2 MG X     0.0001    0.0003    0.0003    0.0041    0.0045   -0.0014
            Y    -0.0005   -0.0009   -0.0012    0.0017   -0.0019    0.0035
            Z    -0.0028    0.0004   -0.0017    0.0026   -0.0053    0.0019
 AT.   3 C  X     0.0006   -0.0034   -0.1422    0.1653   -0.0392    0.0859
            Y     0.0003   -0.0020   -0.0977    0.0507    0.1683   -0.1212
            Z    -0.0006   -0.0002    0.0013   -0.0004    0.0051    0.0039
 AT.   4 C  X    -0.0005   -0.0016    0.1417    0.1648   -0.0410   -0.1067
            Y    -0.0002   -0.0034    0.0988    0.0517    0.1422    0.1359
            Z     0.0001    0.0005   -0.0014   -0.0004    0.0055   -0.0033
 AT.   5 O  X    -0.0820   -0.0541    0.0244   -0.0414    0.0388   -0.0449
            Y     0.0601    0.0413   -0.0066    0.0190   -0.0400    0.0390
            Z     0.0010    0.0004    0.0000   -0.0000   -0.0029   -0.0016
 AT.   6 O  X     0.0070   -0.0042   -0.0052    0.0071    0.0017    0.0002
            Y     0.0512   -0.0299   -0.0117    0.0236    0.0350   -0.0054
            Z     0.0002   -0.0001    0.0011   -0.0009    0.0020    0.0006
 AT.   7 O  X     0.0936    0.0642    0.0646   -0.0647   -0.0056   -0.0186
            Y     0.0404    0.0286    0.0304   -0.0244   -0.0166    0.0073
            Z     0.0015    0.0003   -0.0008   -0.0006   -0.0032   -0.0042
 AT.   8 O  X     0.0551   -0.0815   -0.0241   -0.0410    0.0355    0.0540
            Y    -0.0413    0.0610    0.0063    0.0187   -0.0359   -0.0473
            Z    -0.0009    0.0005   -0.0000    0.0000   -0.0041    0.0005
 AT.   9 O  X     0.0037    0.0065    0.0056    0.0067    0.0002   -0.0007
            Y     0.0305    0.0504    0.0134    0.0229   -0.0033    0.0325
            Z    -0.0006   -0.0012   -0.0012   -0.0009    0.0000   -0.0023
 AT.  10 O  X    -0.0628    0.0947   -0.0645   -0.0647   -0.0017    0.0246
            Y    -0.0278    0.0408   -0.0305   -0.0244   -0.0126   -0.0063
            Z    -0.0009    0.0002    0.0008   -0.0005   -0.0034    0.0040

 MODES IN ANTI-PHASE

 FREQ(CM**-1)     99.02    128.49    135.88    148.20    158.16    186.42

 AT.   1 CA X     0.0001   -0.0282    0.0161    0.0050   -0.0575   -0.0115
            Y     0.0006    0.0160    0.0443    0.0001   -0.0037    0.0441
            Z    -0.0001   -0.0412    0.0550   -0.0029   -0.0191    0.0427
 AT.   2 MG X     0.0297    0.0417    0.0001   -0.0239    0.0076    0.0105
            Y     0.0367   -0.0284   -0.0007    0.0258   -0.0181    0.0015
            Z    -0.0265    0.0593   -0.0010    0.0170   -0.0237    0.0101
 AT.   3 C  X     0.0095   -0.0268    0.0083   -0.0323   -0.0088   -0.0300
            Y     0.0058    0.0072   -0.0093    0.0280   -0.0242   -0.0153
            Z    -0.0080   -0.0248    0.0138    0.0398    0.0084    0.0099
 AT.   4 C  X    -0.0088   -0.0212   -0.0204    0.0313   -0.0040   -0.0116
            Y    -0.0053    0.0032   -0.0023   -0.0267   -0.0082   -0.0073
            Z     0.0079   -0.0296   -0.0131   -0.0383    0.0460    0.0200
 AT.   5 O  X     0.0131   -0.0267   -0.0036   -0.0296   -0.0192   -0.0406
            Y     0.0127    0.0064   -0.0215    0.0269   -0.0397   -0.0280
            Z    -0.0127   -0.0010    0.0665    0.0315   -0.0072    0.0412
 AT.   6 O  X     0.0692    0.0340   -0.0683    0.0111   -0.0541    0.0693
            Y     0.0241   -0.0086    0.0084   -0.0051    0.0223    0.0226
            Z     0.0224    0.0520   -0.0295   -0.0216   -0.0570    0.0599
 AT.   7 O  X     0.0090   -0.0266   -0.0021   -0.0294   -0.0151   -0.0398
            Y     0.0066    0.0093    0.0126    0.0179   -0.0071    0.0054
            Z     0.0125   -0.0273    0.0105    0.0427    0.0064    0.0035
 AT.   8 O  X    -0.0128   -0.0252   -0.0045    0.0279   -0.0366   -0.0243
            Y    -0.0126   -0.0020    0.0185   -0.0271   -0.0533   -0.0248
            Z     0.0126   -0.0262    0.0523   -0.0266    0.0485    0.0457
 AT.   9 O  X    -0.0698   -0.0241   -0.0158   -0.0067   -0.0237    0.0550
            Y    -0.0244    0.0070    0.0080    0.0021   -0.0146    0.0231
            Z    -0.0223   -0.0390    0.0325    0.0177   -0.0069    0.0458
 AT.  10 O  X    -0.0086   -0.0222   -0.0093    0.0280   -0.0232   -0.0227
            Y    -0.0057    0.0071   -0.0312   -0.0163    0.0436    0.0194
            Z    -0.0127   -0.0396   -0.0346   -0.0435    0.0496    0.0052

 FREQ(CM**-1)    193.60    195.24    222.39    228.99    267.99    279.45

 AT.   1 CA X     0.0278    0.0205   -0.0060   -0.0189    0.0158    0.0144
            Y     0.0263   -0.0109   -0.0045   -0.0695   -0.0414    0.0095
            Z    -0.0304    0.0049    0.0082   -0.0150   -0.0176   -0.0575
 AT.   2 MG X     0.0021   -0.0003    0.0286   -0.0309   -0.0013   -0.0316
            Y     0.0077   -0.0149    0.0316   -0.0098    0.0279    0.0036
            Z    -0.0037    0.0149    0.0116    0.0249    0.0250   -0.0155
 AT.   3 C  X     0.0086   -0.0381   -0.0193    0.0309   -0.0103   -0.0081
            Y    -0.0053   -0.0084    0.0037   -0.0123    0.0283   -0.0009
            Z     0.0136    0.0421    0.0249   -0.0111    0.0204    0.0100
 AT.   4 C  X     0.0081    0.0021    0.0154    0.0333   -0.0086   -0.0046
            Y     0.0047    0.0104    0.0157   -0.0107    0.0300   -0.0080
            Z     0.0129    0.0098   -0.0255   -0.0123    0.0228    0.0110
 AT.   5 O  X    -0.0013   -0.0707   -0.0157    0.0198   -0.0123   -0.0119
            Y    -0.0163   -0.0525    0.0110   -0.0345    0.0153   -0.0043
            Z     0.0172    0.0819    0.0428    0.0643   -0.0168    0.0030
 AT.   6 O  X    -0.0214   -0.0103    0.0050    0.0037   -0.0301    0.0084
            Y     0.0521   -0.0080    0.0425    0.0152    0.0054    0.0390
            Z    -0.0644    0.0015   -0.0699    0.0072   -0.0343    0.0711
 AT.   7 O  X     0.0037   -0.0591   -0.0156    0.0315   -0.0132   -0.0100
            Y     0.0007    0.0342   -0.0014   -0.0133    0.0426   -0.0045
            Z    -0.0044    0.0582   -0.0002   -0.0538    0.0382    0.0538
 AT.   8 O  X     0.0006   -0.0031    0.0092    0.0215   -0.0078   -0.0066
            Y    -0.0036    0.0003    0.0051   -0.0336    0.0204   -0.0092
            Z     0.0089    0.0266   -0.0461    0.0645   -0.0049    0.0030
 AT.   9 O  X    -0.0224   -0.0055    0.0036   -0.0046   -0.0302    0.0062
            Y     0.0477   -0.0215   -0.0509    0.0166    0.0017    0.0408
            Z    -0.0626   -0.0106    0.0699    0.0147   -0.0356    0.0700
 AT.  10 O  X     0.0039    0.0016    0.0093    0.0336   -0.0088   -0.0062
            Y     0.0104    0.0118    0.0260   -0.0102    0.0393   -0.0127
            Z     0.0129   -0.0009    0.0236   -0.0543    0.0352    0.0664

 FREQ(CM**-1)    282.39    302.80    314.13    327.08    350.34    380.36

 AT.   1 CA X     0.0494    0.0132    0.0113   -0.0107    0.0116    0.0231
            Y    -0.0054   -0.0341   -0.0087   -0.0117   -0.0099   -0.0160
            Z     0.0016    0.0065    0.0230   -0.0190   -0.0168    0.0266
 AT.   2 MG X    -0.0175   -0.0193   -0.0152   -0.0006   -0.0055   -0.0023
            Y    -0.0160    0.0093   -0.0257   -0.0000    0.0119    0.0130
            Z    -0.0062    0.0166    0.0019   -0.0001    0.0165   -0.0100
 AT.   3 C  X     0.0056    0.0107    0.0084    0.0306   -0.0118   -0.0007
            Y    -0.0323    0.0083   -0.0207   -0.0034    0.0232   -0.0250
            Z    -0.0316   -0.0193    0.0025    0.0076    0.0177    0.0213
 AT.   4 C  X     0.0021   -0.0234   -0.0061    0.0280   -0.0210   -0.0120
            Y    -0.0259    0.0309    0.0024   -0.0073    0.0093    0.0006
            Z    -0.0417    0.0072   -0.0578    0.0105    0.0092   -0.0074
 AT.   5 O  X    -0.0151   -0.0075    0.0068    0.0470   -0.0063    0.0087
            Y    -0.0576   -0.0236   -0.0145    0.0074    0.0166   -0.0187
            Z    -0.0576    0.0404   -0.0303    0.0262    0.0222   -0.0345
 AT.   6 O  X    -0.0412   -0.0324    0.0449   -0.0026    0.0125   -0.0104
            Y     0.0119    0.0319    0.0013   -0.0031   -0.0287    0.0202
            Z     0.0691    0.0800   -0.0431    0.0189    0.0417   -0.0057
 AT.   7 O  X    -0.0129    0.0053    0.0035    0.0368   -0.0041   -0.0014
            Y     0.0001    0.0325   -0.0086    0.0005    0.0082   -0.0315
            Z     0.0364   -0.0368    0.0181    0.0512    0.0039    0.0323
 AT.   8 O  X    -0.0260   -0.0161   -0.0375    0.0448   -0.0132   -0.0046
            Y    -0.0632    0.0410   -0.0417    0.0075    0.0057    0.0006
            Z    -0.0551   -0.0086   -0.0441    0.0116   -0.0441   -0.0408
 AT.   9 O  X    -0.0387   -0.0172   -0.0499   -0.0237    0.0126    0.0048
            Y     0.0004   -0.0325    0.0174   -0.0000   -0.0238    0.0190
            Z     0.0570   -0.0091    0.0101    0.0587    0.0090   -0.0465
 AT.  10 O  X    -0.0202   -0.0193   -0.0248    0.0321   -0.0144   -0.0131
            Y     0.0165    0.0262    0.0597   -0.0019   -0.0026   -0.0033
            Z     0.0219   -0.0428   -0.0514    0.0581    0.0186   -0.0015

 FREQ(CM**-1)    714.73    717.31    724.94    728.59    894.84    895.09

 AT.   1 CA X     0.0005   -0.0011   -0.0035    0.0001    0.0000    0.0011
            Y    -0.0017   -0.0040    0.0001    0.0012   -0.0006   -0.0030
            Z    -0.0010   -0.0028    0.0018    0.0017   -0.0010    0.0016
 AT.   2 MG X    -0.0018    0.0001    0.0050    0.0013   -0.0039    0.0008
            Y     0.0008    0.0000    0.0050   -0.0122    0.0019   -0.0013
            Z     0.0000   -0.0000    0.0039   -0.0090    0.0028    0.0044
 AT.   3 C  X     0.0049    0.0125    0.0028   -0.0474    0.0021   -0.0033
            Y    -0.0467   -0.0423    0.0049   -0.0045    0.0018    0.0036
            Z    -0.0021    0.0030    0.0031   -0.0046   -0.1135   -0.0003
 AT.   4 C  X    -0.0055    0.0048    0.0500    0.0065   -0.0032   -0.0025
            Y     0.0421   -0.0472    0.0072    0.0035    0.0029   -0.0007
            Z     0.0019    0.0034   -0.0027   -0.0064    0.0003   -0.1134
 AT.   5 O  X     0.0835    0.0767   -0.0028   -0.0088    0.0018    0.0022
            Y     0.0201    0.0111   -0.0117    0.0854    0.0006   -0.0005
            Z     0.0074    0.0050    0.0017    0.0059    0.0309   -0.0020
 AT.   6 O  X     0.0306    0.0105    0.0892   -0.0071    0.0079    0.0017
            Y     0.0657   -0.0094   -0.0408   -0.0033    0.0014   -0.0015
            Z    -0.0011   -0.0015   -0.0091    0.0001   -0.0467   -0.0429
 AT.   7 O  X    -0.0544   -0.0437    0.0096   -0.0500    0.0014   -0.0009
            Y     0.0814    0.0800    0.0052   -0.0561   -0.0012    0.0008
            Z    -0.0114   -0.0107   -0.0017    0.0049    0.0306    0.0004
 AT.   8 O  X    -0.0783    0.0811   -0.0083   -0.0056    0.0018    0.0035
            Y    -0.0257    0.0237   -0.0883   -0.0112    0.0004    0.0033
            Z    -0.0064    0.0057   -0.0107   -0.0045   -0.0002    0.0291
 AT.   9 O  X     0.0081    0.0442    0.0047    0.0954   -0.0072    0.0017
            Y     0.0025    0.0592   -0.0001   -0.0273   -0.0007   -0.0024
            Z    -0.0019   -0.0059   -0.0011   -0.0115    0.0413   -0.0478
 AT.  10 O  X     0.0530   -0.0579    0.0608    0.0083   -0.0006    0.0002
            Y    -0.0725    0.0795    0.0392    0.0025    0.0003   -0.0038
            Z     0.0090   -0.0098    0.0019    0.0022    0.0004    0.0307

 FREQ(CM**-1)   1112.18   1113.06   1454.78   1495.14   1501.84   1546.91

 AT.   1 CA X    -0.0017   -0.0006   -0.0015   -0.0001   -0.0004   -0.0014
            Y     0.0018    0.0006    0.0003   -0.0001    0.0005    0.0028
            Z     0.0003   -0.0010    0.0014    0.0000    0.0011    0.0032
 AT.   2 MG X     0.0002   -0.0027    0.0001   -0.0068   -0.0043   -0.0003
            Y    -0.0006    0.0081   -0.0006   -0.0029    0.0019    0.0009
            Z    -0.0039   -0.0035   -0.0009   -0.0044    0.0050    0.0005
 AT.   3 C  X     0.0002   -0.0009   -0.0097   -0.0105   -0.0146   -0.0639
            Y    -0.0000    0.0028    0.0299    0.0269   -0.0003    0.0627
            Z     0.0004   -0.0009   -0.0009   -0.0024    0.0023   -0.0001
 AT.   4 C  X    -0.0003    0.0031   -0.0151    0.0166   -0.0086   -0.0083
            Y    -0.0003   -0.0004    0.0262   -0.0250    0.0900   -0.0115
            Z     0.0007    0.0007   -0.0008    0.0023    0.0007    0.0020
 AT.   5 O  X     0.0001    0.0610    0.0077    0.0100    0.0052    0.0299
            Y     0.0012   -0.0449   -0.0070   -0.0073   -0.0038   -0.0269
            Z     0.0002   -0.0004   -0.0004    0.0011   -0.0032   -0.0016
 AT.   6 O  X    -0.0114   -0.0126    0.0113   -0.0120   -0.0022   -0.0011
            Y    -0.0877   -0.0953    0.0450   -0.0181   -0.0616    0.0524
            Z     0.0007    0.0015   -0.0002    0.0023   -0.0032   -0.0033
 AT.   7 O  X    -0.0002   -0.0696    0.0001   -0.0008    0.0058    0.0167
            Y     0.0008   -0.0292   -0.0026   -0.0009    0.0028   -0.0002
            Z    -0.0001    0.0001    0.0014    0.0024   -0.0013    0.0008
 AT.   8 O  X     0.0607   -0.0010    0.0087   -0.0115    0.0163    0.0014
            Y    -0.0436   -0.0003   -0.0072    0.0080   -0.0182   -0.0020
            Z    -0.0006    0.0000   -0.0004   -0.0011    0.0012   -0.0022
 AT.   9 O  X    -0.0129    0.0116    0.0111    0.0123    0.0028   -0.0009
            Y    -0.0969    0.0862    0.0445    0.0190    0.0708    0.0414
            Z     0.0003   -0.0009   -0.0002   -0.0023    0.0038   -0.0025
 AT.  10 O  X    -0.0694   -0.0008    0.0025   -0.0016   -0.0079    0.0042
            Y    -0.0293   -0.0015   -0.0014    0.0000   -0.0112    0.0037
            Z    -0.0012   -0.0003    0.0013   -0.0024   -0.0006   -0.0015


  DISPERSION K POINT NUMBER    25 COORD:  C(  2  2  0 )    WEIGHT:    1.

    MODES         EIGV          FREQUENCIES     IRREP
             (HARTREE**2)   (CM**-1)     (THZ)
    1-   1    0.2249E-06    104.0739    3.1201  (  1)
    2-   2    0.2657E-06    113.1376    3.3918  (  1)
    3-   3    0.4075E-06    140.1093    4.2004  (  1)
    4-   4    0.4712E-06    150.6584    4.5166  (  1)
    5-   5    0.5694E-06    165.6054    4.9647  (  1)
    6-   6    0.6195E-06    172.7461    5.1788  (  1)
    7-   7    0.7741E-06    193.1021    5.7891  (  1)
    8-   8    0.8038E-06    196.7730    5.8991  (  1)
    9-   9    0.1084E-05    228.5496    6.8517  (  1)
   10-  10    0.1181E-05    238.5517    7.1516  (  1)
   11-  11    0.1398E-05    259.4747    7.7789  (  1)
   12-  12    0.1475E-05    266.5635    7.9914  (  1)
   13-  13    0.1597E-05    277.3219    8.3139  (  1)
   14-  14    0.1881E-05    300.9823    9.0232  (  1)
   15-  15    0.2182E-05    324.2095    9.7196  (  1)
   16-  16    0.2258E-05    329.7877    9.8868  (  1)
   17-  17    0.2337E-05    335.5102   10.0583  (  1)
   18-  18    0.3420E-05    405.9051   12.1687  (  1)
   19-  19    0.1061E-04    714.8833   21.4317  (  1)
   20-  20    0.1068E-04    717.4011   21.5071  (  1)
   21-  21    0.1095E-04    726.1496   21.7694  (  1)
   22-  22    0.1101E-04    728.3038   21.8340  (  1)
   23-  23    0.1650E-04    891.5520   26.7281  (  1)
   24-  24    0.1664E-04    895.3047   26.8406  (  1)
   25-  25    0.2568E-04   1112.1460   33.3413  (  1)
   26-  26    0.2573E-04   1113.2485   33.3744  (  1)
   27-  27    0.4374E-04   1451.4990   43.5148  (  1)
   28-  28    0.4574E-04   1484.4154   44.5017  (  1)
   29-  29    0.4680E-04   1501.4466   45.0122  (  1)
   30-  30    0.5180E-04   1579.5939   47.3550  (  1)

 MODES IN PHASE

 FREQ(CM**-1)    104.07    113.14    140.11    150.66    165.61    172.75

 AT.   1 CA X    -0.0236    0.0487    0.0993    0.0023   -0.0019    0.0033
            Y     0.0308    0.0643   -0.0530   -0.0030   -0.0032    0.0276
            Z     0.0553   -0.0335    0.0311   -0.0088    0.0009   -0.0018
 AT.   2 MG X     0.0220    0.0182   -0.0067    0.0223    0.0024    0.0114
            Y    -0.0009   -0.0047    0.0090    0.0350    0.0418   -0.0043
            Z    -0.0329    0.0157   -0.0088   -0.0062    0.0314   -0.0045
 AT.   3 C  X    -0.0089    0.0269    0.0462   -0.0015    0.0177   -0.0297
            Y    -0.0091   -0.0190   -0.0263   -0.0221   -0.0408   -0.0132
            Z     0.0325   -0.0021    0.0016   -0.0361    0.0054    0.0208
 AT.   4 C  X    -0.0210   -0.0382   -0.0167   -0.0004   -0.0151   -0.0307
            Y     0.0160    0.0294   -0.0038   -0.0010   -0.0202   -0.0046
            Z     0.0389   -0.0132    0.0120   -0.0115    0.0317   -0.0336
 AT.   5 O  X    -0.0085    0.0510    0.0508    0.0208    0.0003   -0.0292
            Y    -0.0091    0.0138   -0.0181    0.0080   -0.0654   -0.0141
            Z     0.0357    0.0073    0.0152   -0.0381    0.0500    0.0421
 AT.   6 O  X    -0.0134   -0.0127    0.0384   -0.0318    0.0381   -0.0230
            Y    -0.0084   -0.0123   -0.0255   -0.0165   -0.0429   -0.0103
            Z     0.0662   -0.0220    0.0088   -0.0387    0.0317    0.0065
 AT.   7 O  X    -0.0262   -0.0495   -0.0119   -0.0209    0.0149    0.0427
            Y     0.0427    0.0593   -0.0103    0.0527    0.0163    0.0272
            Z     0.0606   -0.0274    0.0298    0.0457    0.0083    0.0172
 AT.   8 O  X     0.0061    0.0342    0.0507   -0.0256    0.0038    0.0442
            Y    -0.0054    0.0174   -0.0179   -0.0159    0.0657    0.0073
            Z     0.0136    0.0048    0.0150    0.0368   -0.0616   -0.0477
 AT.   9 O  X    -0.0147   -0.0179    0.0383    0.0395   -0.0344    0.0664
            Y    -0.0117   -0.0030   -0.0253    0.0137    0.0430    0.0113
            Z     0.0571   -0.0295    0.0088    0.0345   -0.0301    0.0550
 AT.  10 O  X    -0.0328   -0.0536   -0.0112    0.0201   -0.0181   -0.0246
            Y     0.0431    0.0658   -0.0108   -0.0459   -0.0123   -0.0213
            Z     0.0671   -0.0173    0.0297   -0.0412    0.0017   -0.0253

 FREQ(CM**-1)    193.10    196.77    228.55    238.55    259.47    266.56

 AT.   1 CA X    -0.0557   -0.0150    0.0314    0.0193    0.0184   -0.0011
            Y    -0.0065    0.0124    0.0182    0.0222    0.0068    0.0008
            Z    -0.0491   -0.0143    0.0226   -0.0230   -0.0192    0.0007
 AT.   2 MG X     0.0050    0.0086   -0.0143    0.0092    0.0034   -0.0390
            Y    -0.0088   -0.0079   -0.0039    0.0041    0.0692    0.0644
            Z    -0.0061    0.0139   -0.0036    0.0095   -0.0495    0.0268
 AT.   3 C  X     0.0220   -0.0414   -0.0319    0.0021   -0.0299   -0.0096
            Y    -0.0364   -0.0067   -0.0234    0.0391   -0.0158   -0.0250
            Z     0.0162   -0.0369   -0.0022   -0.0180    0.0059   -0.0372
 AT.   4 C  X    -0.0247    0.0072    0.0371   -0.0047   -0.0385   -0.0048
            Y     0.0172    0.0326    0.0435   -0.0494   -0.0218   -0.0160
            Z    -0.0215    0.0455   -0.0078    0.0177    0.0113   -0.0361
 AT.   5 O  X     0.0078   -0.0224   -0.0529    0.0055   -0.0114   -0.0431
            Y    -0.0578    0.0185   -0.0484    0.0432    0.0165   -0.0636
            Z     0.0133   -0.0392    0.0633   -0.0893   -0.0417   -0.0312
 AT.   6 O  X     0.0536   -0.0685   -0.0054    0.0169   -0.0649    0.0315
            Y    -0.0396   -0.0027   -0.0238    0.0416   -0.0113   -0.0259
            Z     0.0581   -0.0282   -0.0116    0.0556    0.0039   -0.0846
 AT.   7 O  X    -0.0067    0.0385    0.0436    0.0106    0.0402    0.0211
            Y    -0.0326   -0.0367    0.0269   -0.0050    0.0242   -0.0338
            Z    -0.0462   -0.0100    0.0074   -0.0206   -0.0329    0.0229
 AT.   8 O  X     0.0058    0.0430   -0.0418    0.0104   -0.0129    0.0409
            Y    -0.0574   -0.0156   -0.0302    0.0401   -0.0224    0.0592
            Z     0.0258   -0.0119    0.0698    0.0322    0.0229    0.0292
 AT.   9 O  X     0.0364    0.0260   -0.0049   -0.0086    0.0348   -0.0252
            Y    -0.0444   -0.0253   -0.0079    0.0350   -0.0041    0.0243
            Z     0.0468   -0.0024   -0.0267   -0.0118    0.0261    0.0855
 AT.  10 O  X    -0.0119   -0.0128    0.0493   -0.0051   -0.0305   -0.0257
            Y    -0.0143    0.0744    0.0223   -0.0495   -0.0389    0.0364
            Z    -0.0229    0.0562    0.0278    0.0300    0.0505   -0.0142

 FREQ(CM**-1)    277.32    300.98    324.21    329.79    335.51    405.91

 AT.   1 CA X     0.0303    0.0003   -0.0139   -0.0118    0.0070   -0.0088
            Y    -0.0389   -0.0132   -0.0426    0.0022    0.0022   -0.0238
            Z     0.0168   -0.0163   -0.0086    0.0059    0.0151   -0.0132
 AT.   2 MG X     0.0135   -0.0451   -0.0268   -0.0660   -0.0589    0.0894
            Y    -0.0021    0.0135   -0.0046    0.1157   -0.0094    0.1036
            Z    -0.0137   -0.0151    0.0087   -0.0638    0.1128    0.0797
 AT.   3 C  X    -0.0218   -0.0169   -0.0088    0.0015   -0.0250    0.0224
            Y    -0.0138    0.0124   -0.0074    0.0219   -0.0064    0.0334
            Z     0.0056   -0.0018    0.0543   -0.0026    0.0067    0.0189
 AT.   4 C  X     0.0203   -0.0169    0.0116   -0.0014   -0.0263    0.0226
            Y     0.0159    0.0142    0.0132    0.0251   -0.0082    0.0335
            Z    -0.0208   -0.0016   -0.0479   -0.0017    0.0013    0.0190
 AT.   5 O  X    -0.0176   -0.0210    0.0272   -0.0063   -0.0220    0.0243
            Y     0.0028    0.0146    0.0318    0.0166    0.0021    0.0340
            Z    -0.0521   -0.0267    0.0172    0.0123   -0.0115    0.0326
 AT.   6 O  X    -0.0362   -0.0057   -0.0567   -0.0003   -0.0253    0.0062
            Y    -0.0081    0.0119   -0.0050    0.0222   -0.0005    0.0305
            Z     0.0429    0.0837    0.0593    0.0060    0.0600    0.0049
 AT.   7 O  X     0.0051   -0.0041   -0.0030   -0.0192    0.0246   -0.0071
            Y     0.0389   -0.0012    0.0470   -0.0011    0.0172   -0.0135
            Z    -0.0795    0.0947   -0.0214   -0.0378    0.0242    0.0251
 AT.   8 O  X    -0.0274    0.0237    0.0262    0.0311    0.0004   -0.0185
            Y    -0.0116    0.0217    0.0314   -0.0244   -0.0201   -0.0183
            Z    -0.0547    0.0751    0.0238   -0.0304   -0.0548   -0.0292
 AT.   9 O  X     0.0012   -0.0115   -0.0493    0.0309    0.0251   -0.0068
            Y    -0.0046    0.0133    0.0002   -0.0319   -0.0144   -0.0242
            Z     0.0383   -0.0470    0.0355   -0.0514   -0.0254    0.0269
 AT.  10 O  X     0.0197   -0.0168   -0.0085   -0.0026   -0.0238    0.0227
            Y     0.0237    0.0077    0.0624    0.0237   -0.0198    0.0170
            Z    -0.0549   -0.0674   -0.0429   -0.0352   -0.0364   -0.0002

 FREQ(CM**-1)    714.88    717.40    726.15    728.30    891.55    895.30

 AT.   1 CA X     0.0036    0.0011    0.0028    0.0002    0.0002    0.0019
            Y     0.0009    0.0007   -0.0062    0.0008    0.0005    0.0011
            Z    -0.0018   -0.0013    0.0018   -0.0002    0.0003   -0.0018
 AT.   2 MG X    -0.0002    0.0043    0.0112   -0.0023   -0.0013   -0.0001
            Y     0.0008   -0.0073    0.0053    0.0013   -0.0018    0.0001
            Z    -0.0003    0.0008   -0.0065   -0.0004   -0.0032   -0.0001
 AT.   3 C  X     0.0260    0.0426   -0.0275   -0.0334   -0.0048   -0.0037
            Y     0.0265    0.0311    0.0314    0.0464   -0.0052   -0.0041
            Z     0.0013    0.0011    0.0012   -0.0038    0.1802   -0.1779
 AT.   4 C  X    -0.0157   -0.0113    0.0151   -0.0311   -0.0048    0.0038
            Y    -0.0204   -0.0092   -0.0210    0.0446   -0.0052    0.0040
            Z    -0.0021   -0.0026   -0.0018   -0.0036    0.1795    0.1786
 AT.   5 O  X    -0.0377   -0.0460   -0.0592   -0.0808   -0.0055    0.0016
            Y    -0.0686   -0.0999    0.0263    0.0199   -0.0055    0.0021
            Z    -0.0067   -0.0128   -0.0009   -0.0022   -0.0469    0.0498
 AT.   6 O  X    -0.0463   -0.0694    0.0692    0.0810    0.0059   -0.0044
            Y     0.0514    0.0668    0.0345    0.0523    0.0016    0.0033
            Z     0.0049    0.0067   -0.0045   -0.0125   -0.0479    0.0485
 AT.   7 O  X     0.0191   -0.0418   -0.0175   -0.0161   -0.0007   -0.0022
            Y     0.0078   -0.0042    0.0995    0.0541   -0.0016    0.0028
            Z     0.0003   -0.0030   -0.0074   -0.0081    0.0241   -0.0261
 AT.   8 O  X    -0.0467    0.0322   -0.0779    0.0627    0.0031    0.0002
            Y    -0.0986    0.0710    0.0324   -0.0161    0.0018    0.0013
            Z    -0.0115    0.0108   -0.0022    0.0022    0.0199    0.0251
 AT.   9 O  X    -0.0691    0.0530    0.0883   -0.0636   -0.0028   -0.0020
            Y     0.0679   -0.0473    0.0468   -0.0387   -0.0003    0.0017
            Z     0.0087   -0.0055   -0.0047    0.0089    0.0208    0.0231
 AT.  10 O  X    -0.0442   -0.0209   -0.0107    0.0261    0.0012   -0.0039
            Y     0.0047    0.0008    0.0530   -0.1006    0.0035    0.0048
            Z    -0.0012   -0.0009   -0.0040    0.0141   -0.0470   -0.0481

 FREQ(CM**-1)   1112.15   1113.25   1451.50   1484.42   1501.45   1579.59

 AT.   1 CA X     0.0000   -0.0009   -0.0012   -0.0017   -0.0038    0.0013
            Y     0.0001   -0.0032    0.0001   -0.0024    0.0009    0.0011
            Z     0.0009   -0.0012   -0.0002    0.0038   -0.0012    0.0011
 AT.   2 MG X     0.0002    0.0003    0.0008   -0.0001   -0.0010    0.0005
            Y     0.0002    0.0004   -0.0025   -0.0008    0.0010   -0.0028
            Z    -0.0025    0.0002   -0.0001    0.0011    0.0005   -0.0026
 AT.   3 C  X     0.0000   -0.0035    0.1572   -0.0892    0.1416    0.0761
            Y    -0.0024    0.0006   -0.0768   -0.1461   -0.0852    0.1521
            Z     0.0004   -0.0002    0.0017    0.0041   -0.0007    0.0046
 AT.   4 C  X     0.0003    0.0037    0.1478    0.0917   -0.1470    0.0804
            Y     0.0009   -0.0007   -0.0739    0.1459    0.0947    0.1483
            Z    -0.0002    0.0002    0.0014   -0.0042    0.0012    0.0045
 AT.   5 O  X     0.0407    0.0821   -0.0597    0.0020   -0.0528    0.0012
            Y    -0.0311   -0.0614    0.0420    0.0144    0.0387   -0.0217
            Z    -0.0004   -0.0006   -0.0003   -0.0019    0.0004   -0.0052
 AT.   6 O  X     0.0047    0.0120   -0.0059    0.0137   -0.0074   -0.0143
            Y     0.0517    0.1003    0.0255    0.0639    0.0321   -0.0685
            Z    -0.0006   -0.0005   -0.0007   -0.0025    0.0012   -0.0016
 AT.   7 O  X     0.0945    0.0541    0.0235   -0.0371    0.0285    0.0145
            Y     0.0390    0.0227    0.0070   -0.0203    0.0040    0.0105
            Z     0.0002    0.0013   -0.0003    0.0025    0.0012    0.0009
 AT.   8 O  X    -0.0813    0.0408    0.0118   -0.0001   -0.0273    0.0046
            Y     0.0605   -0.0315   -0.0076    0.0098    0.0177    0.0030
            Z     0.0011   -0.0003   -0.0003   -0.0008   -0.0005    0.0014
 AT.   9 O  X    -0.0109    0.0054    0.0003    0.0091   -0.0053    0.0061
            Y    -0.1009    0.0510   -0.0074    0.0414    0.0137    0.0198
            Z     0.0009    0.0001    0.0004   -0.0023    0.0007    0.0004
 AT.  10 O  X    -0.0556    0.0932   -0.0427   -0.0535    0.0416   -0.0499
            Y    -0.0228    0.0389   -0.0117   -0.0301    0.0073   -0.0300
            Z     0.0002    0.0017   -0.0004    0.0031    0.0017   -0.0033

 MODES IN ANTI-PHASE

 FREQ(CM**-1)    104.07    113.14    140.11    150.66    165.61    172.75

 AT.   1 CA X     0.0041    0.0093   -0.0007    0.0231   -0.0231    0.0081
            Y    -0.0054    0.0123    0.0004   -0.0307   -0.0388    0.0682
            Z    -0.0096   -0.0064   -0.0002   -0.0893    0.0114   -0.0044
 AT.   2 MG X     0.0263    0.0524   -0.0114   -0.0160   -0.0016   -0.0146
            Y    -0.0010   -0.0136    0.0154   -0.0251   -0.0290    0.0055
            Z    -0.0394    0.0452   -0.0150    0.0045   -0.0218    0.0058
 AT.   3 C  X    -0.0230   -0.0276    0.0067   -0.0001    0.0227    0.0391
            Y     0.0146    0.0234   -0.0191   -0.0064    0.0063    0.0080
            Z     0.0454   -0.0239    0.0147   -0.0001   -0.0318    0.0295
 AT.   4 C  X    -0.0128   -0.0050    0.0436    0.0014   -0.0245    0.0383
            Y    -0.0063    0.0065   -0.0323    0.0230    0.0360    0.0148
            Z     0.0401   -0.0200    0.0086    0.0343    0.0061   -0.0131
 AT.   5 O  X    -0.0419   -0.0361    0.0119   -0.0267    0.0247    0.0333
            Y    -0.0091    0.0122   -0.0156   -0.0411    0.0074   -0.0040
            Z     0.0591   -0.0055    0.0188   -0.0028   -0.0744   -0.0251
 AT.   6 O  X     0.0061   -0.0164    0.0003    0.0427    0.0189    0.0717
            Y     0.0114    0.0228   -0.0179   -0.0127    0.0046    0.0056
            Z     0.0154   -0.0245    0.0029   -0.0176    0.0072    0.0858
 AT.   7 O  X     0.0241   -0.0208   -0.0449   -0.0019   -0.0207    0.0087
            Y    -0.0085    0.0288    0.0374    0.0296    0.0230   -0.0025
            Z    -0.0298    0.0221    0.0087    0.0184    0.0599   -0.0186
 AT.   8 O  X     0.0423    0.0523   -0.0127   -0.0221    0.0244    0.0036
            Y     0.0117   -0.0063    0.0159   -0.0387   -0.0034   -0.0127
            Z    -0.0677    0.0078   -0.0190   -0.0102   -0.0652    0.0112
 AT.   9 O  X    -0.0012    0.0106   -0.0009    0.0356    0.0249    0.0355
            Y    -0.0079   -0.0258    0.0183   -0.0157   -0.0025   -0.0032
            Z    -0.0369    0.0146   -0.0030   -0.0248    0.0123    0.0662
 AT.  10 O  X    -0.0139    0.0011    0.0451   -0.0060   -0.0179    0.0359
            Y    -0.0065   -0.0049   -0.0373    0.0393    0.0253    0.0171
            Z     0.0076   -0.0307   -0.0091    0.0270    0.0604   -0.0014

 FREQ(CM**-1)    193.10    196.77    228.55    238.55    259.47    266.56

 AT.   1 CA X    -0.0125   -0.0272    0.0055    0.0186   -0.0474    0.0125
            Y    -0.0015    0.0224    0.0032    0.0213   -0.0175   -0.0090
            Z    -0.0110   -0.0258    0.0039   -0.0221    0.0493   -0.0079
 AT.   2 MG X     0.0162   -0.0142   -0.0391   -0.0373   -0.0005    0.0182
            Y    -0.0283    0.0132   -0.0107   -0.0165   -0.0106   -0.0301
            Z    -0.0197   -0.0232   -0.0097   -0.0385    0.0076   -0.0126
 AT.   3 C  X    -0.0116    0.0138    0.0198    0.0061    0.0330   -0.0017
            Y    -0.0224   -0.0334    0.0398    0.0319    0.0226   -0.0000
            Z    -0.0144   -0.0319   -0.0145   -0.0038   -0.0189    0.0160
 AT.   4 C  X     0.0029    0.0430   -0.0056    0.0045   -0.0225    0.0085
            Y    -0.0392   -0.0097    0.0152    0.0101   -0.0168    0.0192
            Z    -0.0026    0.0177   -0.0125    0.0050    0.0163    0.0183
 AT.   5 O  X    -0.0029    0.0368    0.0236    0.0102    0.0315    0.0088
            Y    -0.0120   -0.0069    0.0456    0.0385    0.0151    0.0201
            Z     0.0322   -0.0385    0.0303    0.0358    0.0116    0.0091
 AT.   6 O  X    -0.0282   -0.0123    0.0006   -0.0093    0.0193   -0.0339
            Y    -0.0201   -0.0315    0.0429    0.0334    0.0183    0.0075
            Z    -0.0133   -0.0204   -0.0467   -0.0140   -0.0429   -0.0125
 AT.   7 O  X    -0.0138    0.0090    0.0245   -0.0055    0.0014    0.0285
            Y     0.0354    0.0648   -0.0090   -0.0493    0.0312   -0.0179
            Z     0.0441    0.0601    0.0617    0.0309   -0.0388   -0.0491
 AT.   8 O  X     0.0060    0.0006   -0.0401    0.0051    0.0309    0.0161
            Y    -0.0138    0.0120   -0.0593    0.0416   -0.0000    0.0307
            Z    -0.0234   -0.0537   -0.0071   -0.0906    0.0368    0.0144
 AT.   9 O  X     0.0484   -0.0646   -0.0024    0.0173    0.0581   -0.0388
            Y     0.0012   -0.0190   -0.0484    0.0402    0.0211    0.0118
            Z     0.0368   -0.0347    0.0400    0.0561   -0.0342    0.0022
 AT.  10 O  X     0.0096    0.0374   -0.0083    0.0109   -0.0262    0.0245
            Y    -0.0460    0.0033    0.0176   -0.0030    0.0066   -0.0119
            Z    -0.0597    0.0234   -0.0555   -0.0218   -0.0064   -0.0523

 FREQ(CM**-1)    277.32    300.98    324.21    329.79    335.51    405.91

 AT.   1 CA X     0.0097   -0.0006   -0.0032    0.0174   -0.0150    0.0147
            Y    -0.0124    0.0253   -0.0098   -0.0033   -0.0046    0.0398
            Z     0.0054    0.0312   -0.0020   -0.0087   -0.0322    0.0221
 AT.   2 MG X     0.0619    0.0019   -0.0869   -0.0048    0.0051    0.0014
            Y    -0.0098   -0.0006   -0.0150    0.0084    0.0008    0.0016
            Z    -0.0627    0.0006    0.0281   -0.0046   -0.0097    0.0012
 AT.   3 C  X     0.0013    0.0000    0.0078   -0.0199    0.0096    0.0078
            Y     0.0079   -0.0213    0.0126    0.0238    0.0111    0.0030
            Z    -0.0377   -0.0024   -0.0053    0.0064    0.0309    0.0055
 AT.   4 C  X    -0.0079    0.0014    0.0015    0.0199   -0.0052   -0.0071
            Y     0.0015    0.0202    0.0063   -0.0204   -0.0098   -0.0019
            Z    -0.0319    0.0026    0.0262   -0.0067   -0.0316   -0.0049
 AT.   5 O  X    -0.0225   -0.0143    0.0039   -0.0310    0.0179    0.0079
            Y    -0.0240   -0.0366    0.0063    0.0196    0.0245    0.0025
            Z    -0.0211   -0.0729    0.0191    0.0279    0.0810    0.0156
 AT.   6 O  X     0.0531    0.0180    0.0041   -0.0331   -0.0115    0.0045
            Y     0.0035   -0.0244    0.0109    0.0255    0.0192    0.0111
            Z     0.0057   -0.0009   -0.0411    0.0529   -0.0170   -0.0331
 AT.   7 O  X     0.0269    0.0234   -0.0134    0.0104    0.0105   -0.0220
            Y    -0.0139   -0.0086    0.0462   -0.0251    0.0114   -0.0121
            Z     0.0171    0.0161   -0.0543    0.0529    0.0272   -0.0132
 AT.   8 O  X     0.0081    0.0091    0.0083   -0.0056    0.0284   -0.0177
            Y     0.0212   -0.0328    0.0081   -0.0082    0.0141   -0.0288
            Z    -0.0130   -0.0197   -0.0097   -0.0011    0.0607   -0.0213
 AT.   9 O  X    -0.0643    0.0150   -0.0283   -0.0119    0.0120   -0.0033
            Y    -0.0076   -0.0237   -0.0120   -0.0112    0.0127   -0.0216
            Z     0.0202   -0.0692    0.0628    0.0139   -0.0570   -0.0200
 AT.  10 O  X    -0.0189    0.0167    0.0108    0.0216   -0.0122   -0.0042
            Y     0.0338   -0.0039   -0.0212   -0.0082   -0.0059    0.0062
            Z    -0.0599   -0.0686    0.0396    0.0547   -0.0011   -0.0283

 FREQ(CM**-1)    714.88    717.40    726.15    728.30    891.55    895.30

 AT.   1 CA X     0.0014    0.0027   -0.0010   -0.0007   -0.0003    0.0010
            Y     0.0004    0.0018    0.0023   -0.0023   -0.0009    0.0006
            Z    -0.0007   -0.0032   -0.0006    0.0007   -0.0004   -0.0009
 AT.   2 MG X    -0.0015   -0.0054    0.0094    0.0004   -0.0001   -0.0017
            Y     0.0053    0.0093    0.0045   -0.0002   -0.0001    0.0028
            Z    -0.0023   -0.0010   -0.0055    0.0001   -0.0001   -0.0033
 AT.   3 C  X     0.0323    0.0015    0.0201   -0.0007    0.0007    0.0011
            Y     0.0173    0.0021   -0.0267   -0.0029   -0.0005   -0.0003
            Z    -0.0028    0.0024   -0.0020    0.0001    0.0003    0.0153
 AT.   4 C  X     0.0384   -0.0411   -0.0305    0.0122   -0.0011    0.0007
            Y     0.0241   -0.0298    0.0354   -0.0133    0.0001   -0.0007
            Z    -0.0023   -0.0005    0.0015    0.0012    0.0155   -0.0003
 AT.   5 O  X    -0.0280   -0.0018    0.0507   -0.0009   -0.0009   -0.0009
            Y    -0.0709   -0.0024   -0.0190    0.0013    0.0006    0.0001
            Z    -0.0096    0.0022    0.0024   -0.0009   -0.0001   -0.0043
 AT.   6 O  X    -0.0516    0.0037   -0.0548    0.0021    0.0004    0.0006
            Y     0.0445    0.0018   -0.0317   -0.0024   -0.0004   -0.0002
            Z     0.0075   -0.0009    0.0020    0.0012   -0.0006   -0.0058
 AT.   7 O  X    -0.0845   -0.0746   -0.0044   -0.0214   -0.0010   -0.0032
            Y    -0.0014   -0.0033    0.0367    0.0923   -0.0032    0.0039
            Z    -0.0021   -0.0045   -0.0026   -0.0123    0.0406   -0.0404
 AT.   8 O  X    -0.0056   -0.0329   -0.0011    0.0510    0.0046    0.0019
            Y     0.0045   -0.0704   -0.0022   -0.0117    0.0053    0.0017
            Z     0.0023   -0.0072   -0.0013    0.0007    0.0425    0.0433
 AT.   9 O  X     0.0057   -0.0450   -0.0021   -0.0502   -0.0052   -0.0040
            Y     0.0030    0.0472    0.0023   -0.0353   -0.0016    0.0028
            Z    -0.0021    0.0039    0.0013    0.0089    0.0432    0.0430
 AT.  10 O  X     0.0745   -0.0829    0.0146   -0.0062    0.0002   -0.0000
            Y     0.0064   -0.0053   -0.0919    0.0363    0.0001    0.0000
            Z     0.0017   -0.0053    0.0068   -0.0043   -0.0047    0.0018

 FREQ(CM**-1)   1112.15   1113.25   1451.50   1484.42   1501.45   1579.59

 AT.   1 CA X     0.0000   -0.0005    0.0014   -0.0007   -0.0014   -0.0016
            Y     0.0001   -0.0016   -0.0001   -0.0009    0.0004   -0.0013
            Z     0.0017   -0.0006    0.0003    0.0014   -0.0005   -0.0014
 AT.   2 MG X    -0.0003    0.0061    0.0001   -0.0008   -0.0062    0.0001
            Y    -0.0003    0.0068   -0.0004   -0.0049    0.0064   -0.0004
            Z     0.0038    0.0035   -0.0000    0.0070    0.0033   -0.0004
 AT.   3 C  X    -0.0004    0.0022   -0.0037    0.0224   -0.0401    0.0262
            Y     0.0001   -0.0001   -0.0035    0.0228    0.0441    0.0116
            Z     0.0001   -0.0006   -0.0008   -0.0009    0.0017    0.0006
 AT.   4 C  X    -0.0002    0.0018    0.0538   -0.0068    0.0060   -0.0016
            Y     0.0022   -0.0001   -0.0213   -0.0243    0.0154    0.0356
            Z    -0.0003   -0.0006    0.0013    0.0004    0.0014    0.0008
 AT.   5 O  X    -0.0709   -0.0093   -0.0000   -0.0024    0.0180   -0.0050
            Y     0.0522    0.0056   -0.0007   -0.0014   -0.0167    0.0016
            Z     0.0011   -0.0000    0.0004    0.0010   -0.0012   -0.0003
 AT.   6 O  X    -0.0100   -0.0021    0.0009   -0.0017    0.0003   -0.0032
            Y    -0.0872   -0.0100    0.0025   -0.0095   -0.0153   -0.0055
            Z     0.0007    0.0005   -0.0003   -0.0007   -0.0003   -0.0000
 AT.   7 O  X    -0.0000    0.0759    0.0388   -0.0388    0.0305    0.0480
            Y     0.0001    0.0316    0.0106   -0.0225    0.0065    0.0285
            Z     0.0003    0.0012    0.0005    0.0019    0.0012    0.0032
 AT.   8 O  X    -0.0088    0.0719    0.0585    0.0031   -0.0487   -0.0022
            Y     0.0055   -0.0530   -0.0414    0.0106    0.0383    0.0216
            Z     0.0003   -0.0005    0.0004   -0.0020    0.0012    0.0050
 AT.   9 O  X    -0.0021    0.0109    0.0059    0.0104   -0.0052    0.0133
            Y    -0.0095    0.0870   -0.0245    0.0496    0.0328    0.0659
            Z    -0.0001   -0.0007    0.0006   -0.0011    0.0010    0.0015
 AT.  10 O  X     0.0765   -0.0009   -0.0154    0.0043   -0.0037   -0.0041
            Y     0.0316   -0.0002   -0.0048    0.0033   -0.0022   -0.0043
            Z     0.0004    0.0003    0.0004    0.0003   -0.0001   -0.0002


  DISPERSION K POINT NUMBER    26 COORD:  C(  2  2  1 )    WEIGHT:    1.

    MODES         EIGV          FREQUENCIES     IRREP
             (HARTREE**2)   (CM**-1)     (THZ)
    1-   1    0.2036E-06     99.0212    2.9686  (  1)
    2-   2    0.3427E-06    128.4868    3.8519  (  1)
    3-   3    0.3833E-06    135.8843    4.0737  (  1)
    4-   4    0.4560E-06    148.2027    4.4430  (  1)
    5-   5    0.5193E-06    158.1593    4.7415  (  1)
    6-   6    0.7214E-06    186.4178    5.5887  (  1)
    7-   7    0.7781E-06    193.6022    5.8040  (  1)
    8-   8    0.7913E-06    195.2353    5.8530  (  1)
    9-   9    0.1027E-05    222.3858    6.6670  (  1)
   10-  10    0.1089E-05    228.9853    6.8648  (  1)
   11-  11    0.1491E-05    267.9904    8.0342  (  1)
   12-  12    0.1621E-05    279.4464    8.3776  (  1)
   13-  13    0.1655E-05    282.3879    8.4658  (  1)
   14-  14    0.1903E-05    302.7977    9.0776  (  1)
   15-  15    0.2049E-05    314.1288    9.4173  (  1)
   16-  16    0.2221E-05    327.0809    9.8056  (  1)
   17-  17    0.2548E-05    350.3379   10.5029  (  1)
   18-  18    0.3003E-05    380.3580   11.4028  (  1)
   19-  19    0.1061E-04    714.7329   21.4272  (  1)
   20-  20    0.1068E-04    717.3102   21.5044  (  1)
   21-  21    0.1091E-04    724.9390   21.7331  (  1)
   22-  22    0.1102E-04    728.5930   21.8427  (  1)
   23-  23    0.1662E-04    894.8391   26.8266  (  1)
   24-  24    0.1663E-04    895.0927   26.8342  (  1)
   25-  25    0.2568E-04   1112.1785   33.3423  (  1)
   26-  26    0.2572E-04   1113.0565   33.3686  (  1)
   27-  27    0.4394E-04   1454.7774   43.6131  (  1)
   28-  28    0.4641E-04   1495.1400   44.8232  (  1)
   29-  29    0.4683E-04   1501.8401   45.0240  (  1)
   30-  30    0.4968E-04   1546.9087   46.3752  (  1)

 MODES IN PHASE

 FREQ(CM**-1)     99.02    128.49    135.88    148.20    158.16    186.42

 AT.   1 CA X     0.0770    0.0004   -0.0535   -0.0457   -0.0416   -0.0309
            Y     0.0357   -0.0558   -0.0095    0.0743    0.0624   -0.0305
            Z     0.0158   -0.0710    0.0634   -0.0503    0.0249    0.0407
 AT.   2 MG X    -0.0250    0.0024   -0.0078    0.0020   -0.0076   -0.0033
            Y     0.0039    0.0326   -0.0058    0.0065   -0.0100    0.0042
            Z    -0.0142    0.0385    0.0142   -0.0033    0.0152    0.0051
 AT.   3 C  X     0.0559    0.0128    0.0079   -0.0081   -0.0240    0.0346
            Y    -0.0236   -0.0410    0.0020   -0.0277   -0.0037   -0.0233
            Z     0.0078   -0.0464    0.0049    0.0268   -0.0318    0.0046
 AT.   4 C  X    -0.0377   -0.0048    0.0000    0.0094   -0.0027   -0.0440
            Y     0.0169    0.0099   -0.0191    0.0370   -0.0014    0.0307
            Z    -0.0107    0.0189   -0.0200   -0.0356    0.0406    0.0060
 AT.   5 O  X     0.0772    0.0089    0.0057   -0.0064    0.0043    0.0244
            Y     0.0058   -0.0440   -0.0029   -0.0292    0.0304   -0.0392
            Z     0.0140   -0.0563   -0.0064    0.0086   -0.0323    0.0025
 AT.   6 O  X     0.0185    0.0184    0.0096    0.0057   -0.0687    0.0477
            Y    -0.0190   -0.0412    0.0003   -0.0259    0.0004   -0.0261
            Z     0.0091   -0.0206    0.0709    0.0527   -0.0216    0.0372
 AT.   7 O  X    -0.0378   -0.0048    0.0203    0.0031   -0.0194   -0.0549
            Y     0.0262    0.0144   -0.0544    0.0492    0.0507    0.0524
            Z    -0.0107    0.0211   -0.0086   -0.0409    0.0464    0.0638
 AT.   8 O  X     0.0764    0.0088    0.0195   -0.0060    0.0120   -0.0150
            Y     0.0062   -0.0429    0.0023   -0.0056    0.0366   -0.0243
            Z     0.0151   -0.0589   -0.0214   -0.0218   -0.0406    0.0058
 AT.   9 O  X     0.0170    0.0198   -0.0019    0.0120   -0.0726    0.0268
            Y    -0.0186   -0.0400   -0.0067    0.0012    0.0020   -0.0024
            Z     0.0080   -0.0261    0.0661    0.0322   -0.0323    0.0457
 AT.  10 O  X    -0.0426   -0.0014    0.0117    0.0041   -0.0226   -0.0421
            Y     0.0303    0.0018   -0.0391    0.0425    0.0421    0.0285
            Z    -0.0088    0.0013    0.0120   -0.0271    0.0368    0.0369

 FREQ(CM**-1)    193.60    195.24    222.39    228.99    267.99    279.45

 AT.   1 CA X     0.0361   -0.0004   -0.0360   -0.0141    0.0027    0.0035
            Y    -0.0108    0.0122    0.0153   -0.0037    0.0033   -0.0018
            Z     0.0299    0.0026   -0.0427    0.0030   -0.0017    0.0131
 AT.   2 MG X     0.0123   -0.0082   -0.0191    0.0414   -0.0481    0.0163
            Y     0.0032   -0.0045    0.0041   -0.0378   -0.0309   -0.0374
            Z     0.0060   -0.0093    0.0053    0.0430    0.0511   -0.0199
 AT.   3 C  X     0.0129   -0.0265    0.0363   -0.0155   -0.0210   -0.0277
            Y    -0.0013    0.0130    0.0363    0.0013    0.0030   -0.0385
            Z    -0.0122   -0.0136   -0.0027   -0.0048    0.0219   -0.0084
 AT.   4 C  X     0.0408   -0.0116   -0.0142   -0.0111   -0.0278   -0.0010
            Y     0.0298    0.0204   -0.0316    0.0346   -0.0155   -0.0148
            Z     0.0079   -0.0323    0.0187   -0.0135    0.0292    0.0083
 AT.   5 O  X     0.0158   -0.0122    0.0443   -0.0229    0.0023   -0.0331
            Y     0.0046    0.0347    0.0469   -0.0049    0.0407   -0.0435
            Z    -0.0230   -0.0347   -0.0590    0.0075   -0.0207   -0.0887
 AT.   6 O  X     0.0043   -0.0455    0.0272   -0.0147   -0.0544   -0.0121
            Y     0.0005    0.0171    0.0378   -0.0005    0.0089   -0.0416
            Z    -0.0038   -0.0181    0.0009   -0.0117    0.0939   -0.0004
 AT.   7 O  X     0.0271    0.0167   -0.0007    0.0217    0.0268    0.0119
            Y     0.0417    0.0095   -0.0263   -0.0485    0.0111    0.0201
            Z     0.0604   -0.0126    0.0121    0.0458   -0.0140   -0.0094
 AT.   8 O  X    -0.0026    0.0063    0.0505    0.0254   -0.0081    0.0279
            Y    -0.0056   -0.0730    0.0455   -0.0089   -0.0465    0.0447
            Z     0.0146    0.0649   -0.0631    0.0143    0.0278    0.0614
 AT.   9 O  X    -0.0217    0.0887    0.0284    0.0070    0.0524    0.0073
            Y    -0.0098   -0.0371    0.0336   -0.0136   -0.0123    0.0438
            Z    -0.0219    0.0753    0.0161   -0.0143   -0.0960   -0.0010
 AT.  10 O  X     0.0364    0.0009   -0.0147   -0.0162   -0.0245    0.0055
            Y     0.0447   -0.0089   -0.0341    0.0519   -0.0165   -0.0139
            Z     0.0644    0.0078   -0.0119   -0.0502    0.0072   -0.0226

 FREQ(CM**-1)    282.39    302.80    314.13    327.08    350.34    380.36

 AT.   1 CA X     0.0186   -0.0310   -0.0029   -0.0082   -0.0004    0.0022
            Y    -0.0422   -0.0384   -0.0215    0.0018   -0.0020    0.0265
            Z    -0.0015   -0.0088   -0.0350    0.0101    0.0022    0.0252
 AT.   2 MG X    -0.0288   -0.0004    0.0391    0.0741    0.0481    0.0913
            Y     0.0091    0.0060   -0.0004   -0.1191    0.0679    0.0768
            Z     0.0079   -0.0047    0.0025   -0.0353   -0.1048    0.0908
 AT.   3 C  X    -0.0264    0.0177   -0.0119    0.0011   -0.0216    0.0041
            Y    -0.0243    0.0055   -0.0097   -0.0146    0.0043   -0.0118
            Z     0.0214    0.0180    0.0389   -0.0073    0.0097   -0.0091
 AT.   4 C  X    -0.0092   -0.0206    0.0133    0.0023   -0.0086   -0.0109
            Y    -0.0172   -0.0134    0.0180   -0.0173    0.0200   -0.0188
            Z    -0.0358   -0.0160    0.0089   -0.0080   -0.0046   -0.0226
 AT.   5 O  X    -0.0143    0.0362    0.0232    0.0049   -0.0197    0.0076
            Y    -0.0012    0.0213    0.0304   -0.0135    0.0059   -0.0110
            Z    -0.0454    0.0515    0.0217   -0.0350   -0.0212   -0.0039
 AT.   6 O  X    -0.0452   -0.0169   -0.0463    0.0148   -0.0167    0.0010
            Y    -0.0198    0.0050   -0.0024   -0.0173    0.0026   -0.0056
            Z     0.0554   -0.0396    0.0559    0.0029    0.0906   -0.0391
 AT.   7 O  X    -0.0028    0.0007    0.0122   -0.0112    0.0037   -0.0184
            Y     0.0450    0.0456    0.0057    0.0231   -0.0000   -0.0041
            Z    -0.0738   -0.0809    0.0279   -0.0557    0.0407   -0.0470
 AT.   8 O  X     0.0122    0.0231    0.0279    0.0127    0.0192    0.0279
            Y     0.0355    0.0347    0.0366   -0.0185   -0.0035    0.0155
            Z    -0.0088    0.0560    0.0290   -0.0229    0.0183    0.0330
 AT.   9 O  X    -0.0711    0.0214   -0.0512    0.0164    0.0180    0.0119
            Y    -0.0032    0.0344    0.0002   -0.0208    0.0011    0.0176
            Z     0.0492   -0.0033    0.0574   -0.0229   -0.0878   -0.0322
 AT.  10 O  X    -0.0244   -0.0349    0.0087    0.0027   -0.0080   -0.0112
            Y     0.0250    0.0120    0.0152   -0.0118   -0.0063   -0.0191
            Z    -0.0434   -0.0150    0.0223    0.0146   -0.0473   -0.0025

 FREQ(CM**-1)    714.73    717.31    724.94    728.59    894.84    895.09

 AT.   1 CA X     0.0001    0.0046    0.0026    0.0006    0.0003   -0.0007
            Y     0.0001    0.0012   -0.0048    0.0003    0.0002   -0.0009
            Z    -0.0001   -0.0033    0.0028   -0.0010   -0.0005   -0.0006
 AT.   2 MG X    -0.0004    0.0041   -0.0058   -0.0110   -0.0002    0.0006
            Y     0.0035   -0.0061    0.0016   -0.0081    0.0033    0.0011
            Z    -0.0000    0.0011    0.0033    0.0100   -0.0022    0.0037
 AT.   3 C  X    -0.0413    0.0402   -0.0214   -0.0327   -0.0001   -0.0048
            Y    -0.0308    0.0344    0.0196    0.0435   -0.0036   -0.0028
            Z     0.0023    0.0037    0.0020    0.0018    0.0292    0.1790
 AT.   4 C  X    -0.0186   -0.0115    0.0163   -0.0325    0.0053   -0.0007
            Y    -0.0150   -0.0197   -0.0249    0.0434    0.0037   -0.0041
            Z     0.0011   -0.0013    0.0035    0.0021    0.1791   -0.0292
 AT.   5 O  X     0.0457   -0.0503   -0.0416   -0.0818   -0.0000   -0.0053
            Y     0.0981   -0.0975    0.0224    0.0192   -0.0010   -0.0048
            Z     0.0118   -0.0118   -0.0009   -0.0042   -0.0075   -0.0482
 AT.   6 O  X     0.0699   -0.0636    0.0520    0.0805   -0.0007    0.0064
            Y    -0.0675    0.0689    0.0219    0.0542    0.0008    0.0005
            Z    -0.0079    0.0062   -0.0035   -0.0085   -0.0081   -0.0484
 AT.   7 O  X     0.0351   -0.0438   -0.0110   -0.0186    0.0047   -0.0013
            Y     0.0070    0.0128    0.1066    0.0521   -0.0062   -0.0014
            Z    -0.0006   -0.0044   -0.0103   -0.0058    0.0446    0.0230
 AT.   8 O  X    -0.0463   -0.0508   -0.0734    0.0429    0.0003    0.0043
            Y    -0.0986   -0.0965    0.0382   -0.0138    0.0016    0.0044
            Z    -0.0120   -0.0119    0.0012    0.0000    0.0241    0.0371
 AT.   9 O  X    -0.0697   -0.0626    0.0920   -0.0476   -0.0008   -0.0045
            Y     0.0681    0.0691    0.0413   -0.0256    0.0007   -0.0018
            Z     0.0080    0.0062   -0.0107    0.0076    0.0245    0.0387
 AT.  10 O  X    -0.0412   -0.0378   -0.0070    0.0289   -0.0052    0.0007
            Y    -0.0070    0.0132    0.0525   -0.1053    0.0064   -0.0004
            Z     0.0003   -0.0041   -0.0057    0.0123   -0.0474    0.0094

 FREQ(CM**-1)   1112.18   1113.06   1454.78   1495.14   1501.84   1546.91

 AT.   1 CA X    -0.0007   -0.0001   -0.0000    0.0020   -0.0002    0.0004
            Y    -0.0026   -0.0002    0.0002   -0.0002   -0.0005    0.0006
            Z     0.0003   -0.0003   -0.0002    0.0004    0.0010   -0.0008
 AT.   2 MG X     0.0003   -0.0052    0.0008    0.0039    0.0006   -0.0017
            Y     0.0004   -0.0059    0.0007   -0.0030   -0.0048   -0.0022
            Z    -0.0029   -0.0033   -0.0016   -0.0029    0.0052    0.0014
 AT.   3 C  X     0.0001   -0.0008    0.1571   -0.0681    0.0108    0.0648
            Y     0.0001   -0.0026   -0.0708    0.0274   -0.0095    0.1603
            Z     0.0006   -0.0009    0.0014   -0.0023    0.0022    0.0034
 AT.   4 C  X    -0.0006   -0.0034    0.0467    0.1251    0.1260    0.0139
            Y     0.0003   -0.0009   -0.0525   -0.1190    0.1183   -0.0019
            Z    -0.0006   -0.0007   -0.0002    0.0002   -0.0051    0.0020
 AT.   5 O  X     0.0235    0.0406   -0.0584    0.0229   -0.0058    0.0067
            Y    -0.0185   -0.0314    0.0402   -0.0181    0.0036   -0.0244
            Z    -0.0006    0.0001   -0.0009    0.0019   -0.0012   -0.0040
 AT.   6 O  X     0.0022    0.0054   -0.0067    0.0029    0.0003   -0.0139
            Y     0.0293    0.0521    0.0230   -0.0073    0.0050   -0.0703
            Z    -0.0001   -0.0003    0.0001    0.0010   -0.0031   -0.0006
 AT.   7 O  X     0.0922    0.0931    0.0183    0.0100    0.0553    0.0265
            Y     0.0382    0.0385    0.0029   -0.0035    0.0293    0.0161
            Z     0.0006    0.0014    0.0012    0.0017   -0.0032    0.0022
 AT.   8 O  X     0.0411   -0.0228    0.0582    0.0225    0.0134   -0.0033
            Y    -0.0314    0.0183   -0.0407   -0.0192   -0.0014    0.0203
            Z    -0.0009   -0.0002    0.0006   -0.0024   -0.0005    0.0042
 AT.   9 O  X     0.0047   -0.0028    0.0063    0.0007    0.0072    0.0116
            Y     0.0509   -0.0305   -0.0252   -0.0310    0.0220    0.0598
            Z    -0.0003    0.0002    0.0000   -0.0010    0.0013    0.0015
 AT.  10 O  X     0.0947   -0.0907   -0.0088   -0.0300   -0.0628   -0.0062
            Y     0.0392   -0.0374   -0.0002   -0.0013   -0.0330   -0.0038
            Z     0.0005   -0.0012   -0.0011   -0.0025    0.0038   -0.0007

 MODES IN ANTI-PHASE

 FREQ(CM**-1)     99.02    128.49    135.88    148.20    158.16    186.42

 AT.   1 CA X    -0.0033    0.0001    0.0094    0.0172   -0.0052    0.0115
            Y    -0.0015   -0.0101    0.0017   -0.0280    0.0078    0.0113
            Z    -0.0007   -0.0129   -0.0112    0.0190    0.0031   -0.0151
 AT.   2 MG X     0.0479   -0.0028    0.0215   -0.0123    0.0100    0.0192
            Y    -0.0076   -0.0385    0.0160   -0.0396    0.0133   -0.0246
            Z     0.0273   -0.0454   -0.0391    0.0200   -0.0200   -0.0298
 AT.   3 C  X     0.0070    0.0027   -0.0094   -0.0052    0.0096    0.0344
            Y    -0.0041   -0.0032    0.0272   -0.0337    0.0025   -0.0265
            Z     0.0076   -0.0114    0.0253    0.0317   -0.0333   -0.0313
 AT.   4 C  X    -0.0418   -0.0122   -0.0123   -0.0023    0.0257    0.0210
            Y     0.0170    0.0400    0.0196   -0.0230    0.0042   -0.0173
            Z    -0.0021    0.0439    0.0163    0.0214    0.0216   -0.0311
 AT.   5 O  X     0.0064    0.0014   -0.0414    0.0019    0.0316    0.0515
            Y    -0.0048   -0.0049   -0.0147   -0.0248    0.0290   -0.0084
            Z    -0.0132   -0.0178    0.0451    0.0429   -0.0377   -0.0060
 AT.   6 O  X     0.0166    0.0074    0.0317   -0.0118   -0.0245    0.0143
            Y    -0.0041   -0.0041    0.0202   -0.0313    0.0065   -0.0267
            Z     0.0123   -0.0193    0.0013    0.0113   -0.0460   -0.0269
 AT.   7 O  X     0.0574    0.0088    0.0217   -0.0026   -0.0155    0.0007
            Y    -0.0493   -0.0334   -0.0350   -0.0083   -0.0285    0.0173
            Z    -0.0219   -0.0525   -0.0589   -0.0056   -0.0332    0.0177
 AT.   8 O  X    -0.0130    0.0018    0.0370    0.0028   -0.0295   -0.0549
            Y     0.0043   -0.0108    0.0148    0.0379   -0.0206    0.0319
            Z     0.0120   -0.0031   -0.0402   -0.0379    0.0286    0.0029
 AT.   9 O  X    -0.0181   -0.0004   -0.0331    0.0051    0.0069   -0.0420
            Y     0.0057   -0.0107   -0.0191    0.0406   -0.0062    0.0372
            Z    -0.0130    0.0109   -0.0255   -0.0433    0.0393   -0.0039
 AT.  10 O  X    -0.0540   -0.0099   -0.0273   -0.0001    0.0103    0.0353
            Y     0.0468    0.0363    0.0514   -0.0262    0.0401   -0.0473
            Z     0.0228    0.0565    0.0583    0.0312    0.0436   -0.0550

 FREQ(CM**-1)    193.60    195.24    222.39    228.99    267.99    279.45

 AT.   1 CA X     0.0076    0.0008    0.0061    0.0684    0.0279   -0.0151
            Y    -0.0023   -0.0245   -0.0026    0.0181    0.0343    0.0075
            Z     0.0063   -0.0052    0.0073   -0.0147   -0.0175   -0.0562
 AT.   2 MG X    -0.0137   -0.0124    0.0517    0.0368   -0.0219    0.0152
            Y    -0.0036   -0.0068   -0.0112   -0.0336   -0.0140   -0.0350
            Z    -0.0067   -0.0141   -0.0144    0.0382    0.0232   -0.0186
 AT.   3 C  X    -0.0424   -0.0239   -0.0205   -0.0094   -0.0186    0.0008
            Y    -0.0299    0.0277    0.0063    0.0346   -0.0232   -0.0123
            Z    -0.0066   -0.0410   -0.0256   -0.0130    0.0196    0.0089
 AT.   4 C  X    -0.0175   -0.0337   -0.0393   -0.0142   -0.0036   -0.0277
            Y    -0.0019    0.0228   -0.0189   -0.0027    0.0175   -0.0376
            Z     0.0114   -0.0286   -0.0177   -0.0033    0.0036   -0.0089
 AT.   5 O  X    -0.0426    0.0013   -0.0262   -0.0109   -0.0304    0.0041
            Y    -0.0243    0.0653   -0.0039    0.0339   -0.0341   -0.0129
            Z     0.0887   -0.0551    0.0223   -0.0538    0.0389    0.0412
 AT.   6 O  X    -0.0636   -0.0768   -0.0084    0.0166   -0.0053    0.0080
            Y    -0.0255    0.0335    0.0062    0.0356   -0.0186   -0.0145
            Z    -0.0458   -0.0806   -0.0461    0.0635   -0.0200    0.0030
 AT.   7 O  X     0.0288   -0.0137    0.0423   -0.0094    0.0095   -0.0366
            Y     0.0162    0.0040    0.0280   -0.0185   -0.0291   -0.0094
            Z     0.0225   -0.0004    0.0702    0.0207   -0.0338    0.0704
 AT.   8 O  X     0.0453    0.0105    0.0101   -0.0010   -0.0294    0.0183
            Y     0.0241    0.0115   -0.0119    0.0331   -0.0256    0.0076
            Z    -0.0905   -0.0053   -0.0015   -0.0524    0.0342    0.0762
 AT.   9 O  X     0.0600   -0.0097   -0.0010    0.0211   -0.0156    0.0125
            Y     0.0235    0.0064   -0.0184    0.0329   -0.0166    0.0054
            Z     0.0404   -0.0339    0.0432    0.0630   -0.0016    0.0028
 AT.  10 O  X    -0.0154   -0.0216   -0.0396   -0.0172    0.0145   -0.0381
            Y     0.0020   -0.0052   -0.0177    0.0021   -0.0265   -0.0173
            Z     0.0037    0.0099   -0.0702    0.0009   -0.0359    0.0674

 FREQ(CM**-1)    282.39    302.80    314.13    327.08    350.34    380.36

 AT.   1 CA X     0.0081    0.0229    0.0002   -0.0159   -0.0029    0.0019
            Y    -0.0183    0.0284    0.0017    0.0036   -0.0160    0.0222
            Z    -0.0007    0.0065    0.0028    0.0196    0.0180    0.0211
 AT.   2 MG X     0.0213   -0.0040   -0.0823    0.0036    0.0204   -0.0334
            Y    -0.0067    0.0533    0.0009   -0.0057    0.0288   -0.0281
            Z    -0.0058   -0.0414   -0.0053   -0.0017   -0.0445   -0.0332
 AT.   3 C  X     0.0016   -0.0150   -0.0075    0.0124    0.0090    0.0216
            Y     0.0106   -0.0357   -0.0152   -0.0290    0.0237    0.0152
            Z     0.0439    0.0072   -0.0431   -0.0080   -0.0158    0.0243
 AT.   4 C  X     0.0248   -0.0107    0.0044   -0.0122   -0.0218   -0.0192
            Y     0.0202   -0.0336   -0.0021    0.0275   -0.0133   -0.0040
            Z    -0.0333    0.0110   -0.0574    0.0073    0.0179   -0.0127
 AT.   5 O  X     0.0300   -0.0131   -0.0317    0.0191    0.0000    0.0270
            Y     0.0497   -0.0298   -0.0413   -0.0324    0.0094    0.0178
            Z     0.0304   -0.0428   -0.0478   -0.0531   -0.0096    0.0343
 AT.   6 O  X    -0.0551   -0.0275    0.0340    0.0307    0.0072    0.0120
            Y     0.0141   -0.0344   -0.0162   -0.0379    0.0149    0.0189
            Z     0.0156   -0.0087   -0.0137   -0.0261    0.0007   -0.0257
 AT.   7 O  X    -0.0308    0.0367    0.0212   -0.0046   -0.0183   -0.0081
            Y    -0.0077    0.0014   -0.0602    0.0019   -0.0260   -0.0187
            Z     0.0096   -0.0091    0.0331   -0.0218   -0.0325    0.0059
 AT.   8 O  X    -0.0309   -0.0308    0.0277    0.0151   -0.0048    0.0027
            Y    -0.0348   -0.0116    0.0359   -0.0298    0.0106   -0.0140
            Z    -0.0539   -0.0367    0.0438   -0.0594   -0.0144   -0.0099
 AT.   9 O  X     0.0046    0.0242   -0.0262    0.0298    0.0030   -0.0012
            Y    -0.0241    0.0053    0.0164   -0.0361    0.0151   -0.0088
            Z     0.0298    0.0404    0.0046   -0.0128    0.0227   -0.0339
 AT.  10 O  X     0.0190   -0.0114   -0.0229   -0.0118   -0.0169   -0.0167
            Y     0.0382   -0.0440    0.0586    0.0199   -0.0253   -0.0007
            Z    -0.0605    0.0800   -0.0371   -0.0580   -0.0217   -0.0473

 FREQ(CM**-1)    714.73    717.31    724.94    728.59    894.84    895.09

 AT.   1 CA X     0.0025    0.0002    0.0014    0.0012   -0.0016    0.0020
            Y     0.0026    0.0000   -0.0026    0.0005   -0.0010    0.0024
            Z    -0.0020   -0.0001    0.0015   -0.0018    0.0028    0.0016
 AT.   2 MG X    -0.0002   -0.0066    0.0036   -0.0003   -0.0002    0.0007
            Y     0.0018    0.0097   -0.0010   -0.0002    0.0028    0.0013
            Z    -0.0000   -0.0017   -0.0020    0.0002   -0.0018    0.0044
 AT.   3 C  X     0.0058   -0.0064   -0.0293    0.0031    0.0054   -0.0015
            Y     0.0030    0.0055    0.0380    0.0004    0.0044   -0.0047
            Z    -0.0003   -0.0003   -0.0029    0.0066    0.1767   -0.0000
 AT.   4 C  X    -0.0374   -0.0391    0.0324   -0.0047   -0.0009   -0.0050
            Y    -0.0271   -0.0287   -0.0347    0.0018   -0.0042   -0.0035
            Z     0.0021   -0.0035   -0.0004   -0.0065    0.0001    0.1766
 AT.   5 O  X    -0.0088   -0.0095   -0.0605   -0.0017   -0.0007   -0.0002
            Y    -0.0095    0.0081    0.0310   -0.0041   -0.0019   -0.0012
            Z    -0.0028   -0.0013    0.0020   -0.0026   -0.0484    0.0003
 AT.   6 O  X    -0.0006    0.0104    0.0759   -0.0046    0.0040   -0.0007
            Y     0.0099    0.0052    0.0350    0.0046   -0.0039    0.0022
            Z     0.0012   -0.0004   -0.0104    0.0036   -0.0480   -0.0021
 AT.   7 O  X    -0.0791    0.0739   -0.0012    0.0224    0.0022    0.0005
            Y    -0.0008    0.0055   -0.0064   -0.0916   -0.0016    0.0023
            Z    -0.0030    0.0042   -0.0001    0.0110    0.0163   -0.0429
 AT.   8 O  X    -0.0052    0.0055   -0.0021   -0.0697   -0.0006    0.0032
            Y    -0.0018   -0.0158    0.0020    0.0140   -0.0014    0.0021
            Z    -0.0019    0.0004   -0.0018   -0.0049   -0.0426    0.0308
 AT.   9 O  X     0.0049   -0.0155    0.0025    0.0652    0.0040   -0.0046
            Y     0.0046    0.0003   -0.0006    0.0480   -0.0039    0.0014
            Z     0.0006    0.0009    0.0028   -0.0051   -0.0420    0.0291
 AT.  10 O  X    -0.0762   -0.0772   -0.0086   -0.0035    0.0005    0.0012
            Y    -0.0003   -0.0045    0.0930   -0.0058    0.0007    0.0026
            Z    -0.0030   -0.0045   -0.0086    0.0011   -0.0005   -0.0477

 FREQ(CM**-1)   1112.18   1113.06   1454.78   1495.14   1501.84   1546.91

 AT.   1 CA X    -0.0001   -0.0005    0.0005   -0.0042    0.0009   -0.0017
            Y    -0.0003   -0.0020   -0.0014    0.0005    0.0020   -0.0026
            Z     0.0000   -0.0025    0.0014   -0.0008   -0.0037    0.0032
 AT.   2 MG X    -0.0005   -0.0022    0.0006    0.0056    0.0005   -0.0017
            Y    -0.0005   -0.0025    0.0005   -0.0043   -0.0047   -0.0021
            Z     0.0038   -0.0014   -0.0011   -0.0042    0.0051    0.0013
 AT.   3 C  X     0.0005   -0.0039   -0.0014    0.1082    0.1259    0.0118
            Y    -0.0004    0.0012   -0.0324   -0.1168    0.1184   -0.0070
            Z     0.0004   -0.0001   -0.0007   -0.0006   -0.0051    0.0019
 AT.   4 C  X     0.0001    0.0020    0.1500   -0.0264    0.0093    0.0644
            Y    -0.0002   -0.0027   -0.0575   -0.0147   -0.0108    0.1604
            Z    -0.0004   -0.0006    0.0016   -0.0024    0.0023    0.0033
 AT.   5 O  X     0.0783    0.0720   -0.0052   -0.0483   -0.0171   -0.0055
            Y    -0.0580   -0.0530    0.0065    0.0399   -0.0035    0.0026
            Z    -0.0014   -0.0003    0.0013    0.0015    0.0032   -0.0014
 AT.   6 O  X     0.0108    0.0108    0.0013   -0.0034   -0.0153    0.0015
            Y     0.0967    0.0867    0.0132    0.0464   -0.0537    0.0046
            Z    -0.0010   -0.0005   -0.0004    0.0004    0.0029   -0.0022
 AT.   7 O  X     0.0216   -0.0005   -0.0427    0.0307    0.0298   -0.0364
            Y     0.0086    0.0000   -0.0124    0.0046    0.0153   -0.0221
            Z    -0.0004    0.0006   -0.0001    0.0018   -0.0019   -0.0026
 AT.   8 O  X    -0.0707    0.0795    0.0073   -0.0485   -0.0121   -0.0081
            Y     0.0521   -0.0588   -0.0022    0.0394   -0.0048    0.0138
            Z     0.0013   -0.0002    0.0014   -0.0005    0.0034    0.0007
 AT.   9 O  X    -0.0100    0.0118    0.0027   -0.0044   -0.0135    0.0079
            Y    -0.0873    0.0964    0.0080    0.0353   -0.0493    0.0373
            Z     0.0010   -0.0005   -0.0004   -0.0005    0.0041   -0.0016
 AT.  10 O  X     0.0003    0.0211   -0.0456    0.0119   -0.0011   -0.0446
            Y     0.0005    0.0090   -0.0128    0.0056   -0.0010   -0.0271
            Z     0.0005    0.0009   -0.0003   -0.0002   -0.0001   -0.0033


  DISPERSION K POINT NUMBER    27 COORD:  C(  2  2  2 )    WEIGHT:    1.

    MODES         EIGV          FREQUENCIES     IRREP
             (HARTREE**2)   (CM**-1)     (THZ)
    1-   2    0.1173E-06     75.1745    2.2537  (  1)
    3-   3    0.3018E-06    120.5802    3.6149  (  2)
    4-   5    0.3984E-06    138.5345    4.1532  (  1)
    6-   7    0.6171E-06    172.4122    5.1688  (  1)
    8-   8    0.8600E-06    203.5341    6.1018  (  2)
    9-   9    0.9256E-06    211.1547    6.3303  (  2)
   10-  11    0.1312E-05    251.3906    7.5365  (  1)
   12-  12    0.1411E-05    260.7117    7.8159  (  2)
   13-  14    0.1623E-05    279.6055    8.3824  (  1)
   15-  16    0.2291E-05    332.2022    9.9592  (  1)
   17-  17    0.2788E-05    366.4490   10.9859  (  2)
   18-  18    0.3792E-05    427.3811   12.8126  (  2)
   19-  20    0.1092E-04    725.1611   21.7398  (  1)
   21-  22    0.1099E-04    727.6339   21.8139  (  1)
   23-  23    0.1684E-04    900.6693   27.0014  (  2)
   24-  24    0.1719E-04    910.0827   27.2836  (  2)
   25-  25    0.2576E-04   1113.8338   33.3919  (  2)
   26-  26    0.2578E-04   1114.3820   33.4083  (  2)
   27-  28    0.4360E-04   1449.1761   43.4452  (  1)
   29-  30    0.4483E-04   1469.4892   44.0542  (  1)

 MODES IN PHASE

 FREQ(CM**-1)     75.17     75.17    120.58    138.53    138.53    172.41

 AT.   1 CA X     0.0207   -0.0207    0.0000    0.0254   -0.0254   -0.0529
            Y     0.0420   -0.0420    0.0000    0.0553   -0.0553   -0.0202
            Z     0.0000    0.0000    0.0593    0.0000    0.0000    0.0000
 AT.   2 MG X    -0.0242    0.0242    0.0000    0.0184   -0.0184    0.0023
            Y    -0.0457    0.0457    0.0000    0.0199   -0.0199    0.0014
            Z     0.0000    0.0000   -0.0632    0.0000    0.0000    0.0000
 AT.   3 C  X    -0.0135   -0.0517    0.0000    0.0527    0.0137    0.0387
            Y     0.0487   -0.0201    0.0000   -0.0118   -0.0379    0.0047
            Z     0.0000    0.0000    0.0732    0.0000    0.0000    0.0000
 AT.   4 C  X     0.0517    0.0135    0.0000   -0.0137   -0.0527    0.0170
            Y     0.0201   -0.0487    0.0000    0.0379    0.0118   -0.0205
            Z     0.0000    0.0000    0.0231    0.0000    0.0000    0.0000
 AT.   5 O  X    -0.0131   -0.0519   -0.0041    0.0535    0.0146    0.0441
            Y     0.0502   -0.0195   -0.0055   -0.0125   -0.0391    0.0089
            Z     0.0038    0.0074    0.0737    0.0005   -0.0049   -0.0584
 AT.   6 O  X    -0.0137   -0.0520    0.0068    0.0559    0.0152    0.0483
            Y     0.0498   -0.0195   -0.0009   -0.0125   -0.0400    0.0051
            Z    -0.0027   -0.0108    0.0737    0.0345   -0.0065    0.0670
 AT.   7 O  X    -0.0137   -0.0519   -0.0027    0.0547    0.0141    0.0429
            Y     0.0505   -0.0194    0.0063   -0.0146   -0.0401    0.0033
            Z    -0.0011    0.0033    0.0737   -0.0350    0.0115   -0.0086
 AT.   8 O  X     0.0519    0.0131    0.0037   -0.0146   -0.0535    0.0221
            Y     0.0195   -0.0502    0.0029    0.0391    0.0125   -0.0166
            Z    -0.0074   -0.0038    0.0238    0.0049   -0.0005   -0.0427
 AT.   9 O  X     0.0520    0.0137   -0.0043   -0.0152   -0.0559    0.0241
            Y     0.0195   -0.0498    0.0018    0.0400    0.0125   -0.0219
            Z     0.0108    0.0027    0.0238    0.0065   -0.0345    0.0530
 AT.  10 O  X     0.0519    0.0137    0.0006   -0.0141   -0.0547    0.0185
            Y     0.0194   -0.0505   -0.0046    0.0401    0.0146   -0.0211
            Z    -0.0033    0.0011    0.0238   -0.0115    0.0350   -0.0103

 FREQ(CM**-1)    172.41    203.53    211.15    251.39    251.39    260.71

 AT.   1 CA X     0.0529    0.0000    0.0000   -0.0292    0.0292    0.0000
            Y     0.0202    0.0000    0.0000    0.0233   -0.0233    0.0000
            Z     0.0000    0.0827    0.0140    0.0000    0.0000   -0.0062
 AT.   2 MG X    -0.0023    0.0000    0.0000   -0.0618    0.0618    0.0000
            Y    -0.0014    0.0000    0.0000    0.0151   -0.0151    0.0000
            Z     0.0000    0.0122    0.0139    0.0000    0.0000   -0.0090
 AT.   3 C  X    -0.0170    0.0000    0.0000    0.0039   -0.0119    0.0000
            Y     0.0205    0.0000    0.0000   -0.0025    0.0090    0.0000
            Z     0.0000   -0.0010   -0.0142    0.0000    0.0000   -0.0356
 AT.   4 C  X    -0.0387    0.0000    0.0000    0.0119   -0.0039    0.0000
            Y    -0.0047    0.0000    0.0000   -0.0090    0.0025    0.0000
            Z     0.0000    0.0035    0.0626    0.0000    0.0000    0.0334
 AT.   5 O  X    -0.0221    0.0478    0.0041    0.0071   -0.0056   -0.0467
            Y     0.0166    0.0604    0.0046    0.0031    0.0228   -0.0632
            Z     0.0427   -0.0047   -0.0139   -0.0594   -0.0853   -0.0288
 AT.   6 O  X    -0.0241   -0.0762   -0.0061    0.0007   -0.0028    0.0780
            Y     0.0219    0.0112    0.0013   -0.0032    0.0126   -0.0088
            Z    -0.0530   -0.0047   -0.0139   -0.0110    0.0627   -0.0288
 AT.   7 O  X    -0.0185    0.0284    0.0019   -0.0015   -0.0130   -0.0314
            Y     0.0211   -0.0716   -0.0059    0.0055    0.0153    0.0720
            Z     0.0103   -0.0047   -0.0139    0.0704    0.0226   -0.0288
 AT.   8 O  X    -0.0441    0.0444   -0.0412    0.0056   -0.0071    0.0473
            Y    -0.0089    0.0558   -0.0548   -0.0228   -0.0031    0.0648
            Z     0.0584    0.0003    0.0639    0.0853    0.0594    0.0264
 AT.   9 O  X    -0.0483   -0.0706    0.0680    0.0028   -0.0007   -0.0798
            Y    -0.0051    0.0106   -0.0083   -0.0126    0.0032    0.0086
            Z    -0.0670    0.0003    0.0639   -0.0627    0.0110    0.0264
 AT.  10 O  X    -0.0429    0.0261   -0.0268    0.0130    0.0015    0.0324
            Y    -0.0033   -0.0664    0.0631   -0.0153   -0.0055   -0.0734
            Z     0.0086    0.0003    0.0639   -0.0226   -0.0704    0.0264

 FREQ(CM**-1)    279.61    279.61    332.20    332.20    366.45    427.38

 AT.   1 CA X     0.0393   -0.0393   -0.0058    0.0058    0.0000    0.0000
            Y    -0.0206    0.0206    0.0020   -0.0020    0.0000    0.0000
            Z     0.0000    0.0000    0.0000    0.0000    0.0931   -0.0302
 AT.   2 MG X    -0.0128    0.0128    0.1147   -0.1147    0.0000    0.0000
            Y    -0.0011    0.0011   -0.0008    0.0008    0.0000    0.0000
            Z     0.0000    0.0000    0.0000    0.0000    0.0460    0.1633
 AT.   3 C  X    -0.0217    0.0298    0.0164   -0.0052    0.0000    0.0000
            Y     0.0145    0.0049    0.0175    0.0220    0.0000    0.0000
            Z     0.0000    0.0000    0.0000    0.0000   -0.0656    0.0414
 AT.   4 C  X    -0.0298    0.0217    0.0052   -0.0164    0.0000    0.0000
            Y    -0.0049   -0.0145   -0.0220   -0.0175    0.0000    0.0000
            Z     0.0000    0.0000    0.0000    0.0000   -0.0570    0.0431
 AT.   5 O  X    -0.0237    0.0275    0.0151   -0.0147   -0.0256    0.0110
            Y     0.0166   -0.0032    0.0205    0.0218   -0.0351    0.0119
            Z     0.0258    0.0765    0.0465    0.0340   -0.0479    0.0244
 AT.   6 O  X    -0.0192    0.0262    0.0109   -0.0137    0.0432   -0.0158
            Y     0.0166    0.0034    0.0247    0.0279   -0.0046    0.0036
            Z     0.0500   -0.0742   -0.0255    0.0053   -0.0479    0.0244
 AT.   7 O  X    -0.0214    0.0326    0.0166   -0.0090   -0.0176    0.0048
            Y     0.0128    0.0013    0.0262    0.0240    0.0397   -0.0154
            Z    -0.0758   -0.0024   -0.0210   -0.0392   -0.0479    0.0244
 AT.   8 O  X    -0.0275    0.0237    0.0147   -0.0151   -0.0226    0.0114
            Y     0.0032   -0.0166   -0.0218   -0.0205   -0.0317    0.0123
            Z    -0.0765   -0.0258   -0.0340   -0.0465   -0.0417    0.0254
 AT.   9 O  X    -0.0262    0.0192    0.0137   -0.0109    0.0388   -0.0163
            Y    -0.0034   -0.0166   -0.0279   -0.0247   -0.0037    0.0038
            Z     0.0742   -0.0500   -0.0053    0.0255   -0.0417    0.0254
 AT.  10 O  X    -0.0326    0.0214    0.0090   -0.0166   -0.0162    0.0049
            Y    -0.0013   -0.0128   -0.0240   -0.0262    0.0354   -0.0160
            Z     0.0024    0.0758    0.0392    0.0210   -0.0417    0.0254

 FREQ(CM**-1)    725.16    725.16    727.63    727.63    900.67    910.08

 AT.   1 CA X     0.0015   -0.0015   -0.0010    0.0010    0.0000    0.0000
            Y    -0.0003    0.0003    0.0004   -0.0004    0.0000    0.0000
            Z     0.0000    0.0000    0.0000    0.0000    0.0043    0.0043
 AT.   2 MG X    -0.0006    0.0006   -0.0054    0.0054    0.0000    0.0000
            Y    -0.0003    0.0003   -0.0019    0.0019    0.0000    0.0000
            Z     0.0000    0.0000    0.0000    0.0000    0.0041   -0.0129
 AT.   3 C  X     0.0200    0.0251   -0.0373   -0.0235    0.0000    0.0000
            Y     0.0308   -0.0324   -0.0098    0.0355    0.0000    0.0000
            Z     0.0000    0.0000    0.0000    0.0000    0.1770    0.0127
 AT.   4 C  X    -0.0251   -0.0200    0.0235    0.0373    0.0000    0.0000
            Y     0.0324   -0.0308   -0.0355    0.0098    0.0000    0.0000
            Z     0.0000    0.0000    0.0000    0.0000   -0.0122    0.1752
 AT.   5 O  X    -0.0464    0.0606    0.0107   -0.0603   -0.0034   -0.0002
            Y    -0.0590   -0.0170    0.0683    0.0169   -0.0038   -0.0004
            Z    -0.0063    0.0025    0.0099   -0.0005   -0.0504   -0.0035
 AT.   6 O  X    -0.0286   -0.0607    0.0642    0.0603    0.0050    0.0005
            Y     0.0545   -0.0378   -0.0322    0.0369   -0.0011    0.0001
            Z     0.0038    0.0033   -0.0085   -0.0083   -0.0504   -0.0035
 AT.   7 O  X     0.0608   -0.0180   -0.0496    0.0173   -0.0016   -0.0003
            Y    -0.0176    0.0777   -0.0283   -0.0775    0.0049    0.0004
            Z     0.0025   -0.0058   -0.0014    0.0088   -0.0504   -0.0035
 AT.   8 O  X    -0.0606    0.0464    0.0603   -0.0107    0.0004   -0.0049
            Y     0.0170    0.0590   -0.0169   -0.0683    0.0001   -0.0044
            Z    -0.0025    0.0063    0.0005   -0.0099    0.0037   -0.0511
 AT.   9 O  X     0.0607    0.0286   -0.0603   -0.0642   -0.0003    0.0062
            Y     0.0378   -0.0545   -0.0369    0.0322    0.0003   -0.0021
            Z    -0.0033   -0.0038    0.0083    0.0085    0.0037   -0.0511
 AT.  10 O  X     0.0180   -0.0608   -0.0173    0.0496   -0.0001   -0.0013
            Y    -0.0777    0.0176    0.0775    0.0283   -0.0004    0.0064
            Z     0.0058   -0.0025   -0.0088    0.0014    0.0037   -0.0511

 FREQ(CM**-1)   1113.83   1114.38   1449.18   1449.18   1469.49   1469.49

 AT.   1 CA X     0.0000    0.0000   -0.0015    0.0015   -0.0000    0.0000
            Y     0.0000    0.0000   -0.0012    0.0012    0.0001   -0.0001
            Z    -0.0014   -0.0021    0.0000    0.0000    0.0000    0.0000
 AT.   2 MG X     0.0000    0.0000    0.0024   -0.0024    0.0027   -0.0027
            Y     0.0000    0.0000   -0.0015    0.0015    0.0044   -0.0044
            Z     0.0022   -0.0067    0.0000    0.0000    0.0000    0.0000
 AT.   3 C  X     0.0000    0.0000    0.1244   -0.1240    0.1244    0.1239
            Y     0.0000    0.0000   -0.0005    0.0004   -0.0021   -0.0012
            Z    -0.0002    0.0008    0.0000    0.0000    0.0000    0.0000
 AT.   4 C  X     0.0000    0.0000    0.1240   -0.1244   -0.1239   -0.1244
            Y     0.0000    0.0000   -0.0004    0.0005    0.0012    0.0021
            Z    -0.0002   -0.0001    0.0000    0.0000    0.0000    0.0000
 AT.   5 O  X    -0.0199    0.0812   -0.0354    0.0367   -0.0342   -0.0354
            Y     0.0149   -0.0617    0.0208   -0.0216    0.0214    0.0222
            Z     0.0002   -0.0011    0.0008   -0.0006   -0.0004   -0.0005
 AT.   6 O  X    -0.0029    0.0129   -0.0087    0.0072   -0.0086   -0.0071
            Y    -0.0247    0.1012   -0.0046    0.0042   -0.0057   -0.0056
            Z     0.0002   -0.0011    0.0007   -0.0005    0.0004    0.0003
 AT.   7 O  X     0.0228   -0.0940   -0.0440    0.0444   -0.0449   -0.0453
            Y     0.0098   -0.0394   -0.0150    0.0169   -0.0143   -0.0163
            Z     0.0002   -0.0011   -0.0015    0.0011   -0.0001    0.0003
 AT.   8 O  X     0.0810    0.0196   -0.0367    0.0354    0.0354    0.0342
            Y    -0.0621   -0.0153    0.0216   -0.0208   -0.0222   -0.0214
            Z    -0.0011   -0.0003    0.0006   -0.0008    0.0005    0.0004
 AT.   9 O  X     0.0133    0.0035   -0.0072    0.0087    0.0071    0.0086
            Y     0.1012    0.0246   -0.0042    0.0046    0.0056    0.0057
            Z    -0.0011   -0.0003    0.0005   -0.0007   -0.0003   -0.0004
 AT.  10 O  X    -0.0943   -0.0230   -0.0444    0.0440    0.0453    0.0449
            Y    -0.0391   -0.0093   -0.0169    0.0150    0.0163    0.0143
            Z    -0.0011   -0.0003   -0.0011    0.0015   -0.0003    0.0001

 MODES IN ANTI-PHASE

 FREQ(CM**-1)     75.17     75.17    120.58    138.53    138.53    172.41

 AT.   1 CA X     0.0420    0.0420    0.0000    0.0553    0.0553    0.0202
            Y    -0.0207   -0.0207    0.0000   -0.0254   -0.0254   -0.0529
            Z     0.0000    0.0000   -0.0368    0.0000    0.0000    0.0000
 AT.   2 MG X    -0.0457   -0.0457    0.0000    0.0199    0.0199   -0.0014
            Y     0.0242    0.0242    0.0000   -0.0184   -0.0184    0.0023
            Z     0.0000    0.0000    0.0392    0.0000    0.0000    0.0000
 AT.   3 C  X     0.0487    0.0201    0.0000   -0.0118    0.0379   -0.0047
            Y     0.0135   -0.0517    0.0000   -0.0527    0.0137    0.0387
            Z     0.0000    0.0000    0.0106    0.0000    0.0000    0.0000
 AT.   4 C  X     0.0201    0.0487    0.0000    0.0379   -0.0118    0.0205
            Y    -0.0517    0.0135    0.0000    0.0137   -0.0527    0.0170
            Z     0.0000    0.0000   -0.0702    0.0000    0.0000    0.0000
 AT.   5 O  X     0.0502    0.0194   -0.0062   -0.0139    0.0403   -0.0026
            Y     0.0139   -0.0520   -0.0059   -0.0559    0.0147    0.0461
            Z    -0.0009    0.0081    0.0100    0.0401    0.0104   -0.0436
 AT.   6 O  X     0.0505    0.0194    0.0082   -0.0139    0.0394   -0.0064
            Y     0.0133   -0.0519   -0.0024   -0.0535    0.0141    0.0419
            Z    -0.0028    0.0024    0.0100   -0.0205   -0.0095   -0.0288
 AT.   7 O  X     0.0498    0.0196   -0.0020   -0.0118    0.0393   -0.0082
            Y     0.0133   -0.0519    0.0083   -0.0547    0.0152    0.0473
            Z     0.0037   -0.0105    0.0100   -0.0196   -0.0009    0.0724
 AT.   8 O  X     0.0194    0.0502    0.0065    0.0403   -0.0139    0.0231
            Y    -0.0520    0.0139    0.0075    0.0147   -0.0559    0.0211
            Z     0.0081   -0.0009   -0.0704    0.0104    0.0401   -0.0366
 AT.   9 O  X     0.0194    0.0505   -0.0097    0.0394   -0.0139    0.0178
            Y    -0.0519    0.0133    0.0018    0.0141   -0.0535    0.0190
            Z     0.0024   -0.0028   -0.0704   -0.0095   -0.0205   -0.0187
 AT.  10 O  X     0.0196    0.0498    0.0033    0.0393   -0.0118    0.0187
            Y    -0.0519    0.0133   -0.0093    0.0152   -0.0547    0.0246
            Z    -0.0105    0.0037   -0.0704   -0.0009   -0.0196    0.0553

 FREQ(CM**-1)    172.41    203.53    211.15    251.39    251.39    260.71

 AT.   1 CA X     0.0202    0.0000    0.0000   -0.0233   -0.0233    0.0000
            Y    -0.0529    0.0000    0.0000   -0.0292   -0.0292    0.0000
            Z     0.0000   -0.0074   -0.0193    0.0000    0.0000   -0.0536
 AT.   2 MG X    -0.0014    0.0000    0.0000   -0.0151   -0.0151    0.0000
            Y     0.0023    0.0000    0.0000   -0.0618   -0.0618    0.0000
            Z     0.0000   -0.0011   -0.0190    0.0000    0.0000   -0.0782
 AT.   3 C  X     0.0205    0.0000    0.0000    0.0025    0.0090    0.0000
            Y     0.0170    0.0000    0.0000    0.0039    0.0119    0.0000
            Z     0.0000   -0.0256   -0.0612    0.0000    0.0000   -0.0053
 AT.   4 C  X    -0.0047    0.0000    0.0000    0.0090    0.0025    0.0000
            Y     0.0387    0.0000    0.0000    0.0119    0.0039    0.0000
            Z     0.0000    0.0254   -0.0051    0.0000    0.0000   -0.0132
 AT.   5 O  X     0.0231    0.0148    0.0419   -0.0005    0.0110    0.0083
            Y     0.0211    0.0202    0.0560   -0.0029    0.0087    0.0144
            Z    -0.0366   -0.0277   -0.0627    0.0470    0.0231   -0.0075
 AT.   6 O  X     0.0178   -0.0249   -0.0695   -0.0067    0.0212   -0.0166
            Y     0.0190    0.0027    0.0083    0.0035    0.0115   -0.0000
            Z    -0.0187   -0.0277   -0.0627   -0.0749    0.0623   -0.0075
 AT.   7 O  X     0.0187    0.0101    0.0276    0.0019    0.0185    0.0083
            Y     0.0246   -0.0229   -0.0643    0.0057    0.0012   -0.0144
            Z     0.0553   -0.0277   -0.0627    0.0279   -0.0854   -0.0075
 AT.   8 O  X    -0.0026   -0.0230    0.0089    0.0110   -0.0005   -0.0025
            Y     0.0461   -0.0306    0.0127    0.0087   -0.0029   -0.0003
            Z    -0.0436    0.0281   -0.0059    0.0231    0.0470   -0.0139
 AT.   9 O  X    -0.0064    0.0380   -0.0154    0.0212   -0.0067    0.0016
            Y     0.0419   -0.0047    0.0013    0.0115    0.0035   -0.0020
            Z    -0.0288    0.0281   -0.0059    0.0623   -0.0749   -0.0139
 AT.  10 O  X    -0.0082   -0.0149    0.0066    0.0185    0.0019    0.0010
            Y     0.0473    0.0352   -0.0140    0.0012    0.0057    0.0024
            Z     0.0724    0.0281   -0.0059   -0.0854    0.0279   -0.0139

 FREQ(CM**-1)    279.61    279.61    332.20    332.20    366.45    427.38

 AT.   1 CA X    -0.0206   -0.0206    0.0020    0.0020    0.0000    0.0000
            Y    -0.0393   -0.0393    0.0058    0.0058    0.0000    0.0000
            Z     0.0000    0.0000    0.0000    0.0000    0.0106   -0.0005
 AT.   2 MG X    -0.0011   -0.0011   -0.0008   -0.0008    0.0000    0.0000
            Y     0.0128    0.0128   -0.1147   -0.1147    0.0000    0.0000
            Z     0.0000    0.0000    0.0000    0.0000    0.0052    0.0025
 AT.   3 C  X     0.0145   -0.0049    0.0175   -0.0220    0.0000    0.0000
            Y     0.0217    0.0298   -0.0164   -0.0052    0.0000    0.0000
            Z     0.0000    0.0000    0.0000    0.0000    0.0309    0.0546
 AT.   4 C  X    -0.0049    0.0145   -0.0220    0.0175    0.0000    0.0000
            Y     0.0298    0.0217   -0.0052   -0.0164    0.0000    0.0000
            Z     0.0000    0.0000    0.0000    0.0000   -0.0448   -0.0533
 AT.   5 O  X     0.0141   -0.0042    0.0271   -0.0273    0.0104    0.0139
            Y     0.0192    0.0300   -0.0133   -0.0102    0.0113    0.0127
            Z     0.0726    0.0414   -0.0026   -0.0257    0.0223    0.0314
 AT.   6 O  X     0.0140    0.0025    0.0229   -0.0213   -0.0150   -0.0179
            Y     0.0236    0.0313   -0.0175   -0.0112    0.0033    0.0057
            Z    -0.0587    0.0455   -0.0390    0.0423    0.0223    0.0314
 AT.   7 O  X     0.0179    0.0003    0.0214   -0.0251    0.0046    0.0040
            Y     0.0215    0.0249   -0.0118   -0.0159   -0.0146   -0.0184
            Z    -0.0140   -0.0870    0.0416   -0.0166    0.0223    0.0314
 AT.   8 O  X    -0.0042    0.0141   -0.0273    0.0271   -0.0158   -0.0136
            Y     0.0300    0.0192   -0.0102   -0.0133   -0.0189   -0.0123
            Z     0.0414    0.0726   -0.0257   -0.0026   -0.0325   -0.0306
 AT.   9 O  X     0.0025    0.0140   -0.0213    0.0229    0.0243    0.0174
            Y     0.0313    0.0236   -0.0112   -0.0175   -0.0043   -0.0056
            Z     0.0455   -0.0587    0.0423   -0.0390   -0.0325   -0.0306
 AT.  10 O  X     0.0003    0.0179   -0.0251    0.0214   -0.0084   -0.0039
            Y     0.0249    0.0215   -0.0159   -0.0118    0.0232    0.0179
            Z    -0.0870   -0.0140   -0.0166    0.0416   -0.0325   -0.0306

 FREQ(CM**-1)    725.16    725.16    727.63    727.63    900.67    910.08

 AT.   1 CA X    -0.0003   -0.0003   -0.0004   -0.0004    0.0000    0.0000
            Y    -0.0015   -0.0015   -0.0010   -0.0010    0.0000    0.0000
            Z     0.0000    0.0000    0.0000    0.0000    0.0047    0.0040
 AT.   2 MG X    -0.0003   -0.0003    0.0019    0.0019    0.0000    0.0000
            Y     0.0006    0.0006   -0.0054   -0.0054    0.0000    0.0000
            Z     0.0000    0.0000    0.0000    0.0000    0.0044   -0.0120
 AT.   3 C  X     0.0308    0.0324    0.0098    0.0355    0.0000    0.0000
            Y    -0.0200    0.0251   -0.0373    0.0235    0.0000    0.0000
            Z     0.0000    0.0000    0.0000    0.0000    0.0004    0.1748
 AT.   4 C  X     0.0324    0.0308    0.0355    0.0098    0.0000    0.0000
            Y     0.0251   -0.0200    0.0235   -0.0373    0.0000    0.0000
            Z     0.0000    0.0000    0.0000    0.0000    0.1765    0.0002
 AT.   5 O  X     0.0442   -0.0322    0.0631   -0.0327    0.0002   -0.0049
            Y    -0.0369   -0.0727    0.0062   -0.0718   -0.0002   -0.0043
            Z     0.0008   -0.0052    0.0041   -0.0098    0.0001   -0.0509
 AT.   6 O  X    -0.0692   -0.0530   -0.0374   -0.0527    0.0001    0.0062
            Y    -0.0192    0.0486   -0.0473    0.0487    0.0003   -0.0021
            Z     0.0050    0.0048    0.0066    0.0054    0.0001   -0.0509
 AT.   7 O  X     0.0029    0.0625   -0.0335    0.0617   -0.0003   -0.0013
            Y     0.0702    0.0060    0.0665    0.0058   -0.0001    0.0064
            Z    -0.0058    0.0004   -0.0106    0.0045    0.0001   -0.0509
 AT.   8 O  X    -0.0322    0.0442   -0.0327    0.0631   -0.0034    0.0002
            Y    -0.0727   -0.0369   -0.0718    0.0062   -0.0038   -0.0001
            Z    -0.0052    0.0008   -0.0098    0.0041   -0.0502    0.0002
 AT.   9 O  X    -0.0530   -0.0692   -0.0527   -0.0374    0.0050    0.0000
            Y     0.0486   -0.0192    0.0487   -0.0473   -0.0010    0.0002
            Z     0.0048    0.0050    0.0054    0.0066   -0.0502    0.0002
 AT.  10 O  X     0.0625    0.0029    0.0617   -0.0335   -0.0016   -0.0002
            Y     0.0060    0.0702    0.0058    0.0665    0.0048   -0.0001
            Z     0.0004   -0.0058    0.0045   -0.0106   -0.0502    0.0002

 FREQ(CM**-1)   1113.83   1114.38   1449.18   1449.18   1469.49   1469.49

 AT.   1 CA X     0.0000    0.0000   -0.0012   -0.0012   -0.0001   -0.0001
            Y     0.0000    0.0000    0.0015    0.0015   -0.0000   -0.0000
            Z     0.0017    0.0016    0.0000    0.0000    0.0000    0.0000
 AT.   2 MG X     0.0000    0.0000   -0.0015   -0.0015   -0.0044   -0.0044
            Y     0.0000    0.0000   -0.0024   -0.0024    0.0027    0.0027
            Z    -0.0028    0.0053    0.0000    0.0000    0.0000    0.0000
 AT.   3 C  X     0.0000    0.0000   -0.0005   -0.0004    0.0021   -0.0012
            Y     0.0000    0.0000   -0.1244   -0.1240    0.1244   -0.1239
            Z     0.0003    0.0003    0.0000    0.0000    0.0000    0.0000
 AT.   4 C  X     0.0000    0.0000   -0.0004   -0.0005   -0.0012    0.0021
            Y     0.0000    0.0000   -0.1240   -0.1244   -0.1239    0.1244
            Z     0.0003   -0.0009    0.0000    0.0000    0.0000    0.0000
 AT.   5 O  X    -0.0785    0.0002   -0.0200   -0.0213    0.0205   -0.0220
            Y     0.0603    0.0003    0.0234    0.0221   -0.0242    0.0231
            Z     0.0010    0.0000    0.0013    0.0010   -0.0003   -0.0000
 AT.   6 O  X    -0.0130   -0.0003    0.0054    0.0046   -0.0066    0.0058
            Y    -0.0981   -0.0000    0.0500    0.0517   -0.0499    0.0515
            Z     0.0010    0.0000   -0.0013   -0.0010   -0.0002    0.0005
 AT.   7 O  X     0.0915    0.0002    0.0158    0.0172   -0.0153    0.0165
            Y     0.0378   -0.0003    0.0147    0.0145   -0.0135    0.0132
            Z     0.0010    0.0000    0.0000    0.0000    0.0005   -0.0005
 AT.   8 O  X     0.0002   -0.0788   -0.0213   -0.0200   -0.0220    0.0205
            Y     0.0003    0.0598    0.0221    0.0234    0.0231   -0.0242
            Z     0.0000    0.0011    0.0010    0.0013   -0.0000   -0.0003
 AT.   9 O  X    -0.0003   -0.0124    0.0046    0.0054    0.0058   -0.0066
            Y     0.0000   -0.0981    0.0517    0.0500    0.0515   -0.0499
            Z     0.0000    0.0011   -0.0010   -0.0013    0.0005   -0.0002
 AT.  10 O  X     0.0001    0.0912    0.0172    0.0158    0.0165   -0.0153
            Y    -0.0003    0.0383    0.0145    0.0147    0.0132   -0.0135
            Z     0.0000    0.0011    0.0000    0.0000   -0.0005    0.0005

 TTTTTTTTTTTTTTTTTTTTTTTTTTTTTTTTTTTTTTTTTTTTTTTTTTTTTTTTTTTTTTTTTTTTTTTTTTTTTTT

  THERMODYNAMICAL PROPERTIES ARE CALCULATED AS A SUM OVER   807 MODES



 *******************************************************************************

 HARMONIC VIBRATIONAL CONTRIBUTIONS TO THERMODYNAMIC FUNCTIONS AT GIVEN
 TEMPERATURE AND PRESSURE:

 (EL = ELECTRONIC ENERGY
  E0 = ZERO-POINT ENERGY
  ET = THERMAL CONTRIBUTION TO THE VIBRATIONAL ENERGY
  PV = PRESSURE * VOLUME
  TS = TEMPERATURE * ENTROPY)

                          AU/CELL             EV/CELL                 KJ/MOL
 EL            :   -1405.090601504977  -38234.459069288532    -3689064.85436779
 E0            :       0.038938912816       1.059581685809         102.23410119


 *******************************************************************************

 THERMODYNAMIC FUNCTIONS WITH VIBRATIONAL CONTRIBUTIONS

 AT (T =  298.15 K, P =   0.10132500E+00 MPA):

                          AU/CELL             EV/CELL                 KJ/MOL
 ET            :       0.009897806808       0.269333015870          25.98668811
 PV            :       0.000002574846       0.000070065134           0.00676026
 TS            :       0.017691778615       0.481417770928          46.44975821
 ET+PV-TS      :      -0.007791396961      -0.212014689925         -20.45630984
 EL+E0+ET+PV-TS:   -1405.059453989122  -38233.611502292653    -3688983.07657644

 OTHER THERMODYNAMIC FUNCTIONS:

                      mHARTREE/(CELL*K)     mEV/(CELL*K)              J/(MOL*K)
 ENTROPY       :       0.059338516234       1.614683115640         155.79325242
 HEAT CAPACITY :       0.058519459471       1.592395448017         153.64281919

 *******************************************************************************
 TTTTTTTTTTTTTTTTTTTTTTTTTTTTTT END         TELAPSE   997869.43 TCPU   995657.18
 EEEEEEEEEE TERMINATION  DATE 29 12 2024 TIME 22:27:22.5
NODE    0 CPU TIME =    995657.181
NODE    1 CPU TIME =    997348.432
NODE    2 CPU TIME =    997356.104
NODE    3 CPU TIME =    997257.029
NODE    4 CPU TIME =    997366.957
NODE    5 CPU TIME =    997357.645
NODE    6 CPU TIME =    997378.595
NODE    7 CPU TIME =    997242.746
NODE    8 CPU TIME =    997379.973
NODE    9 CPU TIME =    997332.888
NODE   10 CPU TIME =    997388.159
NODE   11 CPU TIME =    997346.729
NODE   12 CPU TIME =    997345.048
NODE   13 CPU TIME =    997294.476
NODE   14 CPU TIME =    997339.680
NODE   15 CPU TIME =    997390.156
NODE   16 CPU TIME =    997291.235
NODE   17 CPU TIME =    997284.477
NODE   18 CPU TIME =    996838.999
NODE   19 CPU TIME =    996862.940
NODE   20 CPU TIME =    996836.751
NODE   21 CPU TIME =    996825.812
NODE   22 CPU TIME =    996840.788
NODE   23 CPU TIME =    996834.872
NODE   24 CPU TIME =    996872.201
NODE   25 CPU TIME =    996853.823
NODE   26 CPU TIME =    996843.387
NODE   27 CPU TIME =    996850.590
NODE   28 CPU TIME =    996861.762
NODE   29 CPU TIME =    996857.838
NODE   30 CPU TIME =    996810.256
NODE   31 CPU TIME =    996994.813
    TOTAL CPU TIME =  31906342.341
dom 29 dic 2024, 22:27:27, CET

